suite,config_id,env_label,seed,strategy,display,episode,width,height,fault_count,active_fault_count,offroute_fault_count,fault_probability,switch_episode,success,steps,mismatches,replans,shield_blocks,repeated_loop,patch_count,initial_prediction_error,final_prediction_error,initial_control_weighted_error,final_control_weighted_error,blocked_key_count,guard_true_positive,guard_false_positive,guard_precision,guard_recall,false_block_rate
guard_scope,faults1,faults1,0,ccra_exact_guard,CCRA exact,0,31,13,1,1,0,1.0,,1,33,1,33,0,0,1,,0.0,,0.0,1.0,1.0,0.0,1.0,1.0,0.0
guard_scope,faults1,faults1,0,ccra_exact_guard,CCRA exact,1,31,13,1,1,0,1.0,,1,32,0,32,0,0,1,,0.0,,0.0,1.0,1.0,0.0,1.0,1.0,0.0
guard_scope,faults1,faults1,0,ccra_exact_guard,CCRA exact,2,31,13,1,1,0,1.0,,1,32,0,32,0,0,1,,0.0,,0.0,1.0,1.0,0.0,1.0,1.0,0.0
guard_scope,faults1,faults1,0,ccra_exact_guard,CCRA exact,3,31,13,1,1,0,1.0,,1,32,0,32,0,0,1,,0.0,,0.0,1.0,1.0,0.0,1.0,1.0,0.0
guard_scope,faults1,faults1,0,ccra_exact_guard,CCRA exact,4,31,13,1,1,0,1.0,,1,32,0,32,0,0,1,,0.0,,0.0,1.0,1.0,0.0,1.0,1.0,0.0
guard_scope,faults1,faults1,0,ccra_row_guard,CCRA row,0,31,13,1,1,0,1.0,,1,33,1,33,0,0,1,,0.017990074441687345,,0.2805727554179567,30.0,1.0,29.0,0.03333333333333333,1.0,0.9666666666666667
guard_scope,faults1,faults1,0,ccra_row_guard,CCRA row,1,31,13,1,1,0,1.0,,1,32,0,32,0,0,1,,0.017990074441687345,,0.2805727554179567,30.0,1.0,29.0,0.03333333333333333,1.0,0.9666666666666667
guard_scope,faults1,faults1,0,ccra_row_guard,CCRA row,2,31,13,1,1,0,1.0,,1,32,0,32,0,0,1,,0.017990074441687345,,0.2805727554179567,30.0,1.0,29.0,0.03333333333333333,1.0,0.9666666666666667
guard_scope,faults1,faults1,0,ccra_row_guard,CCRA row,3,31,13,1,1,0,1.0,,1,32,0,32,0,0,1,,0.017990074441687345,,0.2805727554179567,30.0,1.0,29.0,0.03333333333333333,1.0,0.9666666666666667
guard_scope,faults1,faults1,0,ccra_row_guard,CCRA row,4,31,13,1,1,0,1.0,,1,32,0,32,0,0,1,,0.017990074441687345,,0.2805727554179567,30.0,1.0,29.0,0.03333333333333333,1.0,0.9666666666666667
guard_scope,faults1,faults1,0,ccra_column_guard,CCRA column,0,31,13,1,1,0,1.0,,0,5,1,6,0,0,1,,0.007444168734491315,,0.007739938080495356,13.0,1.0,12.0,0.07692307692307693,1.0,0.9230769230769231
guard_scope,faults1,faults1,0,ccra_column_guard,CCRA column,1,31,13,1,1,0,1.0,,0,0,0,1,0,0,1,,0.007444168734491315,,0.007739938080495356,13.0,1.0,12.0,0.07692307692307693,1.0,0.9230769230769231
guard_scope,faults1,faults1,0,ccra_column_guard,CCRA column,2,31,13,1,1,0,1.0,,0,0,0,1,0,0,1,,0.007444168734491315,,0.007739938080495356,13.0,1.0,12.0,0.07692307692307693,1.0,0.9230769230769231
guard_scope,faults1,faults1,0,ccra_column_guard,CCRA column,3,31,13,1,1,0,1.0,,0,0,0,1,0,0,1,,0.007444168734491315,,0.007739938080495356,13.0,1.0,12.0,0.07692307692307693,1.0,0.9230769230769231
guard_scope,faults1,faults1,0,ccra_column_guard,CCRA column,4,31,13,1,1,0,1.0,,0,0,0,1,0,0,1,,0.007444168734491315,,0.007739938080495356,13.0,1.0,12.0,0.07692307692307693,1.0,0.9230769230769231
guard_scope,faults1,faults1,0,ccra_region1_guard,CCRA radius 1,0,31,13,1,1,0,1.0,,1,35,1,35,0,0,1,,0.004962779156327543,,0.030959752321981424,9.0,1.0,8.0,0.1111111111111111,1.0,0.8888888888888888
guard_scope,faults1,faults1,0,ccra_region1_guard,CCRA radius 1,1,31,13,1,1,0,1.0,,1,34,0,34,0,0,1,,0.004962779156327543,,0.030959752321981424,9.0,1.0,8.0,0.1111111111111111,1.0,0.8888888888888888
guard_scope,faults1,faults1,0,ccra_region1_guard,CCRA radius 1,2,31,13,1,1,0,1.0,,1,34,0,34,0,0,1,,0.004962779156327543,,0.030959752321981424,9.0,1.0,8.0,0.1111111111111111,1.0,0.8888888888888888
guard_scope,faults1,faults1,0,ccra_region1_guard,CCRA radius 1,3,31,13,1,1,0,1.0,,1,34,0,34,0,0,1,,0.004962779156327543,,0.030959752321981424,9.0,1.0,8.0,0.1111111111111111,1.0,0.8888888888888888
guard_scope,faults1,faults1,0,ccra_region1_guard,CCRA radius 1,4,31,13,1,1,0,1.0,,1,34,0,34,0,0,1,,0.004962779156327543,,0.030959752321981424,9.0,1.0,8.0,0.1111111111111111,1.0,0.8888888888888888
guard_scope,faults1,faults1,0,ccra_region2_guard,CCRA radius 2,0,31,13,1,1,0,1.0,,1,37,1,37,0,0,1,,0.01488833746898263,,0.06191950464396285,25.0,1.0,24.0,0.04,1.0,0.96
guard_scope,faults1,faults1,0,ccra_region2_guard,CCRA radius 2,1,31,13,1,1,0,1.0,,1,36,0,36,0,0,1,,0.01488833746898263,,0.06191950464396285,25.0,1.0,24.0,0.04,1.0,0.96
guard_scope,faults1,faults1,0,ccra_region2_guard,CCRA radius 2,2,31,13,1,1,0,1.0,,1,36,0,36,0,0,1,,0.01488833746898263,,0.06191950464396285,25.0,1.0,24.0,0.04,1.0,0.96
guard_scope,faults1,faults1,0,ccra_region2_guard,CCRA radius 2,3,31,13,1,1,0,1.0,,1,36,0,36,0,0,1,,0.01488833746898263,,0.06191950464396285,25.0,1.0,24.0,0.04,1.0,0.96
guard_scope,faults1,faults1,0,ccra_region2_guard,CCRA radius 2,4,31,13,1,1,0,1.0,,1,36,0,36,0,0,1,,0.01488833746898263,,0.06191950464396285,25.0,1.0,24.0,0.04,1.0,0.96
guard_scope,faults1,faults1,0,ccra_action_guard,CCRA action,0,31,13,1,1,0,1.0,,0,5,1,6,0,0,1,,0.2413151364764268,,0.5127708978328174,390.0,1.0,389.0,0.002564102564102564,1.0,0.9974358974358974
guard_scope,faults1,faults1,0,ccra_action_guard,CCRA action,1,31,13,1,1,0,1.0,,0,0,0,1,0,0,1,,0.2413151364764268,,0.5127708978328174,390.0,1.0,389.0,0.002564102564102564,1.0,0.9974358974358974
guard_scope,faults1,faults1,0,ccra_action_guard,CCRA action,2,31,13,1,1,0,1.0,,0,0,0,1,0,0,1,,0.2413151364764268,,0.5127708978328174,390.0,1.0,389.0,0.002564102564102564,1.0,0.9974358974358974
guard_scope,faults1,faults1,0,ccra_action_guard,CCRA action,3,31,13,1,1,0,1.0,,0,0,0,1,0,0,1,,0.2413151364764268,,0.5127708978328174,390.0,1.0,389.0,0.002564102564102564,1.0,0.9974358974358974
guard_scope,faults1,faults1,0,ccra_action_guard,CCRA action,4,31,13,1,1,0,1.0,,0,0,0,1,0,0,1,,0.2413151364764268,,0.5127708978328174,390.0,1.0,389.0,0.002564102564102564,1.0,0.9974358974358974
guard_scope,faults1,faults1,0,global_action_repair,Global action,0,31,13,1,1,0,1.0,,0,7,3,8,0,0,1,,0.2413151364764268,,0.5127708978328174,390.0,1.0,389.0,0.002564102564102564,1.0,0.9974358974358974
guard_scope,faults1,faults1,0,global_action_repair,Global action,1,31,13,1,1,0,1.0,,0,0,0,1,0,0,1,,0.2413151364764268,,0.5127708978328174,390.0,1.0,389.0,0.002564102564102564,1.0,0.9974358974358974
guard_scope,faults1,faults1,0,global_action_repair,Global action,2,31,13,1,1,0,1.0,,0,0,0,1,0,0,1,,0.2413151364764268,,0.5127708978328174,390.0,1.0,389.0,0.002564102564102564,1.0,0.9974358974358974
guard_scope,faults1,faults1,0,global_action_repair,Global action,3,31,13,1,1,0,1.0,,0,0,0,1,0,0,1,,0.2413151364764268,,0.5127708978328174,390.0,1.0,389.0,0.002564102564102564,1.0,0.9974358974358974
guard_scope,faults1,faults1,0,global_action_repair,Global action,4,31,13,1,1,0,1.0,,0,0,0,1,0,0,1,,0.2413151364764268,,0.5127708978328174,390.0,1.0,389.0,0.002564102564102564,1.0,0.9974358974358974
guard_scope,faults1,faults1,1,ccra_exact_guard,CCRA exact,0,31,13,1,1,0,1.0,,1,33,1,33,0,0,1,,0.0,,0.0,1.0,1.0,0.0,1.0,1.0,0.0
guard_scope,faults1,faults1,1,ccra_exact_guard,CCRA exact,1,31,13,1,1,0,1.0,,1,32,0,32,0,0,1,,0.0,,0.0,1.0,1.0,0.0,1.0,1.0,0.0
guard_scope,faults1,faults1,1,ccra_exact_guard,CCRA exact,2,31,13,1,1,0,1.0,,1,32,0,32,0,0,1,,0.0,,0.0,1.0,1.0,0.0,1.0,1.0,0.0
guard_scope,faults1,faults1,1,ccra_exact_guard,CCRA exact,3,31,13,1,1,0,1.0,,1,32,0,32,0,0,1,,0.0,,0.0,1.0,1.0,0.0,1.0,1.0,0.0
guard_scope,faults1,faults1,1,ccra_exact_guard,CCRA exact,4,31,13,1,1,0,1.0,,1,32,0,32,0,0,1,,0.0,,0.0,1.0,1.0,0.0,1.0,1.0,0.0
guard_scope,faults1,faults1,1,ccra_row_guard,CCRA row,0,31,13,1,1,0,1.0,,1,33,1,33,0,0,1,,0.017990074441687345,,0.2805727554179567,30.0,1.0,29.0,0.03333333333333333,1.0,0.9666666666666667
guard_scope,faults1,faults1,1,ccra_row_guard,CCRA row,1,31,13,1,1,0,1.0,,1,32,0,32,0,0,1,,0.017990074441687345,,0.2805727554179567,30.0,1.0,29.0,0.03333333333333333,1.0,0.9666666666666667
guard_scope,faults1,faults1,1,ccra_row_guard,CCRA row,2,31,13,1,1,0,1.0,,1,32,0,32,0,0,1,,0.017990074441687345,,0.2805727554179567,30.0,1.0,29.0,0.03333333333333333,1.0,0.9666666666666667
guard_scope,faults1,faults1,1,ccra_row_guard,CCRA row,3,31,13,1,1,0,1.0,,1,32,0,32,0,0,1,,0.017990074441687345,,0.2805727554179567,30.0,1.0,29.0,0.03333333333333333,1.0,0.9666666666666667
guard_scope,faults1,faults1,1,ccra_row_guard,CCRA row,4,31,13,1,1,0,1.0,,1,32,0,32,0,0,1,,0.017990074441687345,,0.2805727554179567,30.0,1.0,29.0,0.03333333333333333,1.0,0.9666666666666667
guard_scope,faults1,faults1,1,ccra_column_guard,CCRA column,0,31,13,1,1,0,1.0,,0,19,1,20,0,0,1,,0.007444168734491315,,0.007739938080495356,13.0,1.0,12.0,0.07692307692307693,1.0,0.9230769230769231
guard_scope,faults1,faults1,1,ccra_column_guard,CCRA column,1,31,13,1,1,0,1.0,,0,0,0,1,0,0,1,,0.007444168734491315,,0.007739938080495356,13.0,1.0,12.0,0.07692307692307693,1.0,0.9230769230769231
guard_scope,faults1,faults1,1,ccra_column_guard,CCRA column,2,31,13,1,1,0,1.0,,0,0,0,1,0,0,1,,0.007444168734491315,,0.007739938080495356,13.0,1.0,12.0,0.07692307692307693,1.0,0.9230769230769231
guard_scope,faults1,faults1,1,ccra_column_guard,CCRA column,3,31,13,1,1,0,1.0,,0,0,0,1,0,0,1,,0.007444168734491315,,0.007739938080495356,13.0,1.0,12.0,0.07692307692307693,1.0,0.9230769230769231
guard_scope,faults1,faults1,1,ccra_column_guard,CCRA column,4,31,13,1,1,0,1.0,,0,0,0,1,0,0,1,,0.007444168734491315,,0.007739938080495356,13.0,1.0,12.0,0.07692307692307693,1.0,0.9230769230769231
guard_scope,faults1,faults1,1,ccra_region1_guard,CCRA radius 1,0,31,13,1,1,0,1.0,,1,35,1,35,0,0,1,,0.004962779156327543,,0.030959752321981424,9.0,1.0,8.0,0.1111111111111111,1.0,0.8888888888888888
guard_scope,faults1,faults1,1,ccra_region1_guard,CCRA radius 1,1,31,13,1,1,0,1.0,,1,34,0,34,0,0,1,,0.004962779156327543,,0.030959752321981424,9.0,1.0,8.0,0.1111111111111111,1.0,0.8888888888888888
guard_scope,faults1,faults1,1,ccra_region1_guard,CCRA radius 1,2,31,13,1,1,0,1.0,,1,34,0,34,0,0,1,,0.004962779156327543,,0.030959752321981424,9.0,1.0,8.0,0.1111111111111111,1.0,0.8888888888888888
guard_scope,faults1,faults1,1,ccra_region1_guard,CCRA radius 1,3,31,13,1,1,0,1.0,,1,34,0,34,0,0,1,,0.004962779156327543,,0.030959752321981424,9.0,1.0,8.0,0.1111111111111111,1.0,0.8888888888888888
guard_scope,faults1,faults1,1,ccra_region1_guard,CCRA radius 1,4,31,13,1,1,0,1.0,,1,34,0,34,0,0,1,,0.004962779156327543,,0.030959752321981424,9.0,1.0,8.0,0.1111111111111111,1.0,0.8888888888888888
guard_scope,faults1,faults1,1,ccra_region2_guard,CCRA radius 2,0,31,13,1,1,0,1.0,,1,37,1,37,0,0,1,,0.01488833746898263,,0.06191950464396285,25.0,1.0,24.0,0.04,1.0,0.96
guard_scope,faults1,faults1,1,ccra_region2_guard,CCRA radius 2,1,31,13,1,1,0,1.0,,1,36,0,36,0,0,1,,0.01488833746898263,,0.06191950464396285,25.0,1.0,24.0,0.04,1.0,0.96
guard_scope,faults1,faults1,1,ccra_region2_guard,CCRA radius 2,2,31,13,1,1,0,1.0,,1,36,0,36,0,0,1,,0.01488833746898263,,0.06191950464396285,25.0,1.0,24.0,0.04,1.0,0.96
guard_scope,faults1,faults1,1,ccra_region2_guard,CCRA radius 2,3,31,13,1,1,0,1.0,,1,36,0,36,0,0,1,,0.01488833746898263,,0.06191950464396285,25.0,1.0,24.0,0.04,1.0,0.96
guard_scope,faults1,faults1,1,ccra_region2_guard,CCRA radius 2,4,31,13,1,1,0,1.0,,1,36,0,36,0,0,1,,0.01488833746898263,,0.06191950464396285,25.0,1.0,24.0,0.04,1.0,0.96
guard_scope,faults1,faults1,1,ccra_action_guard,CCRA action,0,31,13,1,1,0,1.0,,0,19,1,20,0,0,1,,0.2413151364764268,,0.5127708978328174,390.0,1.0,389.0,0.002564102564102564,1.0,0.9974358974358974
guard_scope,faults1,faults1,1,ccra_action_guard,CCRA action,1,31,13,1,1,0,1.0,,0,0,0,1,0,0,1,,0.2413151364764268,,0.5127708978328174,390.0,1.0,389.0,0.002564102564102564,1.0,0.9974358974358974
guard_scope,faults1,faults1,1,ccra_action_guard,CCRA action,2,31,13,1,1,0,1.0,,0,0,0,1,0,0,1,,0.2413151364764268,,0.5127708978328174,390.0,1.0,389.0,0.002564102564102564,1.0,0.9974358974358974
guard_scope,faults1,faults1,1,ccra_action_guard,CCRA action,3,31,13,1,1,0,1.0,,0,0,0,1,0,0,1,,0.2413151364764268,,0.5127708978328174,390.0,1.0,389.0,0.002564102564102564,1.0,0.9974358974358974
guard_scope,faults1,faults1,1,ccra_action_guard,CCRA action,4,31,13,1,1,0,1.0,,0,0,0,1,0,0,1,,0.2413151364764268,,0.5127708978328174,390.0,1.0,389.0,0.002564102564102564,1.0,0.9974358974358974
guard_scope,faults1,faults1,1,global_action_repair,Global action,0,31,13,1,1,0,1.0,,0,21,3,22,0,0,1,,0.2413151364764268,,0.5127708978328174,390.0,1.0,389.0,0.002564102564102564,1.0,0.9974358974358974
guard_scope,faults1,faults1,1,global_action_repair,Global action,1,31,13,1,1,0,1.0,,0,0,0,1,0,0,1,,0.2413151364764268,,0.5127708978328174,390.0,1.0,389.0,0.002564102564102564,1.0,0.9974358974358974
guard_scope,faults1,faults1,1,global_action_repair,Global action,2,31,13,1,1,0,1.0,,0,0,0,1,0,0,1,,0.2413151364764268,,0.5127708978328174,390.0,1.0,389.0,0.002564102564102564,1.0,0.9974358974358974
guard_scope,faults1,faults1,1,global_action_repair,Global action,3,31,13,1,1,0,1.0,,0,0,0,1,0,0,1,,0.2413151364764268,,0.5127708978328174,390.0,1.0,389.0,0.002564102564102564,1.0,0.9974358974358974
guard_scope,faults1,faults1,1,global_action_repair,Global action,4,31,13,1,1,0,1.0,,0,0,0,1,0,0,1,,0.2413151364764268,,0.5127708978328174,390.0,1.0,389.0,0.002564102564102564,1.0,0.9974358974358974
guard_scope,faults1,faults1,2,ccra_exact_guard,CCRA exact,0,31,13,1,1,0,1.0,,1,33,1,33,0,0,1,,0.0,,0.0,1.0,1.0,0.0,1.0,1.0,0.0
guard_scope,faults1,faults1,2,ccra_exact_guard,CCRA exact,1,31,13,1,1,0,1.0,,1,32,0,32,0,0,1,,0.0,,0.0,1.0,1.0,0.0,1.0,1.0,0.0
guard_scope,faults1,faults1,2,ccra_exact_guard,CCRA exact,2,31,13,1,1,0,1.0,,1,32,0,32,0,0,1,,0.0,,0.0,1.0,1.0,0.0,1.0,1.0,0.0
guard_scope,faults1,faults1,2,ccra_exact_guard,CCRA exact,3,31,13,1,1,0,1.0,,1,32,0,32,0,0,1,,0.0,,0.0,1.0,1.0,0.0,1.0,1.0,0.0
guard_scope,faults1,faults1,2,ccra_exact_guard,CCRA exact,4,31,13,1,1,0,1.0,,1,32,0,32,0,0,1,,0.0,,0.0,1.0,1.0,0.0,1.0,1.0,0.0
guard_scope,faults1,faults1,2,ccra_row_guard,CCRA row,0,31,13,1,1,0,1.0,,1,33,1,33,0,0,1,,0.017990074441687345,,0.2805727554179567,30.0,1.0,29.0,0.03333333333333333,1.0,0.9666666666666667
guard_scope,faults1,faults1,2,ccra_row_guard,CCRA row,1,31,13,1,1,0,1.0,,1,32,0,32,0,0,1,,0.017990074441687345,,0.2805727554179567,30.0,1.0,29.0,0.03333333333333333,1.0,0.9666666666666667
guard_scope,faults1,faults1,2,ccra_row_guard,CCRA row,2,31,13,1,1,0,1.0,,1,32,0,32,0,0,1,,0.017990074441687345,,0.2805727554179567,30.0,1.0,29.0,0.03333333333333333,1.0,0.9666666666666667
guard_scope,faults1,faults1,2,ccra_row_guard,CCRA row,3,31,13,1,1,0,1.0,,1,32,0,32,0,0,1,,0.017990074441687345,,0.2805727554179567,30.0,1.0,29.0,0.03333333333333333,1.0,0.9666666666666667
guard_scope,faults1,faults1,2,ccra_row_guard,CCRA row,4,31,13,1,1,0,1.0,,1,32,0,32,0,0,1,,0.017990074441687345,,0.2805727554179567,30.0,1.0,29.0,0.03333333333333333,1.0,0.9666666666666667
guard_scope,faults1,faults1,2,ccra_column_guard,CCRA column,0,31,13,1,1,0,1.0,,0,8,1,9,0,0,1,,0.007444168734491315,,0.007739938080495356,13.0,1.0,12.0,0.07692307692307693,1.0,0.9230769230769231
guard_scope,faults1,faults1,2,ccra_column_guard,CCRA column,1,31,13,1,1,0,1.0,,0,0,0,1,0,0,1,,0.007444168734491315,,0.007739938080495356,13.0,1.0,12.0,0.07692307692307693,1.0,0.9230769230769231
guard_scope,faults1,faults1,2,ccra_column_guard,CCRA column,2,31,13,1,1,0,1.0,,0,0,0,1,0,0,1,,0.007444168734491315,,0.007739938080495356,13.0,1.0,12.0,0.07692307692307693,1.0,0.9230769230769231
guard_scope,faults1,faults1,2,ccra_column_guard,CCRA column,3,31,13,1,1,0,1.0,,0,0,0,1,0,0,1,,0.007444168734491315,,0.007739938080495356,13.0,1.0,12.0,0.07692307692307693,1.0,0.9230769230769231
guard_scope,faults1,faults1,2,ccra_column_guard,CCRA column,4,31,13,1,1,0,1.0,,0,0,0,1,0,0,1,,0.007444168734491315,,0.007739938080495356,13.0,1.0,12.0,0.07692307692307693,1.0,0.9230769230769231
guard_scope,faults1,faults1,2,ccra_region1_guard,CCRA radius 1,0,31,13,1,1,0,1.0,,1,35,1,35,0,0,1,,0.004962779156327543,,0.030959752321981424,9.0,1.0,8.0,0.1111111111111111,1.0,0.8888888888888888
guard_scope,faults1,faults1,2,ccra_region1_guard,CCRA radius 1,1,31,13,1,1,0,1.0,,1,34,0,34,0,0,1,,0.004962779156327543,,0.030959752321981424,9.0,1.0,8.0,0.1111111111111111,1.0,0.8888888888888888
guard_scope,faults1,faults1,2,ccra_region1_guard,CCRA radius 1,2,31,13,1,1,0,1.0,,1,34,0,34,0,0,1,,0.004962779156327543,,0.030959752321981424,9.0,1.0,8.0,0.1111111111111111,1.0,0.8888888888888888
guard_scope,faults1,faults1,2,ccra_region1_guard,CCRA radius 1,3,31,13,1,1,0,1.0,,1,34,0,34,0,0,1,,0.004962779156327543,,0.030959752321981424,9.0,1.0,8.0,0.1111111111111111,1.0,0.8888888888888888
guard_scope,faults1,faults1,2,ccra_region1_guard,CCRA radius 1,4,31,13,1,1,0,1.0,,1,34,0,34,0,0,1,,0.004962779156327543,,0.030959752321981424,9.0,1.0,8.0,0.1111111111111111,1.0,0.8888888888888888
guard_scope,faults1,faults1,2,ccra_region2_guard,CCRA radius 2,0,31,13,1,1,0,1.0,,1,37,1,37,0,0,1,,0.01488833746898263,,0.06191950464396285,25.0,1.0,24.0,0.04,1.0,0.96
guard_scope,faults1,faults1,2,ccra_region2_guard,CCRA radius 2,1,31,13,1,1,0,1.0,,1,36,0,36,0,0,1,,0.01488833746898263,,0.06191950464396285,25.0,1.0,24.0,0.04,1.0,0.96
guard_scope,faults1,faults1,2,ccra_region2_guard,CCRA radius 2,2,31,13,1,1,0,1.0,,1,36,0,36,0,0,1,,0.01488833746898263,,0.06191950464396285,25.0,1.0,24.0,0.04,1.0,0.96
guard_scope,faults1,faults1,2,ccra_region2_guard,CCRA radius 2,3,31,13,1,1,0,1.0,,1,36,0,36,0,0,1,,0.01488833746898263,,0.06191950464396285,25.0,1.0,24.0,0.04,1.0,0.96
guard_scope,faults1,faults1,2,ccra_region2_guard,CCRA radius 2,4,31,13,1,1,0,1.0,,1,36,0,36,0,0,1,,0.01488833746898263,,0.06191950464396285,25.0,1.0,24.0,0.04,1.0,0.96
guard_scope,faults1,faults1,2,ccra_action_guard,CCRA action,0,31,13,1,1,0,1.0,,0,8,1,9,0,0,1,,0.2413151364764268,,0.5127708978328174,390.0,1.0,389.0,0.002564102564102564,1.0,0.9974358974358974
guard_scope,faults1,faults1,2,ccra_action_guard,CCRA action,1,31,13,1,1,0,1.0,,0,0,0,1,0,0,1,,0.2413151364764268,,0.5127708978328174,390.0,1.0,389.0,0.002564102564102564,1.0,0.9974358974358974
guard_scope,faults1,faults1,2,ccra_action_guard,CCRA action,2,31,13,1,1,0,1.0,,0,0,0,1,0,0,1,,0.2413151364764268,,0.5127708978328174,390.0,1.0,389.0,0.002564102564102564,1.0,0.9974358974358974
guard_scope,faults1,faults1,2,ccra_action_guard,CCRA action,3,31,13,1,1,0,1.0,,0,0,0,1,0,0,1,,0.2413151364764268,,0.5127708978328174,390.0,1.0,389.0,0.002564102564102564,1.0,0.9974358974358974
guard_scope,faults1,faults1,2,ccra_action_guard,CCRA action,4,31,13,1,1,0,1.0,,0,0,0,1,0,0,1,,0.2413151364764268,,0.5127708978328174,390.0,1.0,389.0,0.002564102564102564,1.0,0.9974358974358974
guard_scope,faults1,faults1,2,global_action_repair,Global action,0,31,13,1,1,0,1.0,,0,10,3,11,0,0,1,,0.2413151364764268,,0.5127708978328174,390.0,1.0,389.0,0.002564102564102564,1.0,0.9974358974358974
guard_scope,faults1,faults1,2,global_action_repair,Global action,1,31,13,1,1,0,1.0,,0,0,0,1,0,0,1,,0.2413151364764268,,0.5127708978328174,390.0,1.0,389.0,0.002564102564102564,1.0,0.9974358974358974
guard_scope,faults1,faults1,2,global_action_repair,Global action,2,31,13,1,1,0,1.0,,0,0,0,1,0,0,1,,0.2413151364764268,,0.5127708978328174,390.0,1.0,389.0,0.002564102564102564,1.0,0.9974358974358974
guard_scope,faults1,faults1,2,global_action_repair,Global action,3,31,13,1,1,0,1.0,,0,0,0,1,0,0,1,,0.2413151364764268,,0.5127708978328174,390.0,1.0,389.0,0.002564102564102564,1.0,0.9974358974358974
guard_scope,faults1,faults1,2,global_action_repair,Global action,4,31,13,1,1,0,1.0,,0,0,0,1,0,0,1,,0.2413151364764268,,0.5127708978328174,390.0,1.0,389.0,0.002564102564102564,1.0,0.9974358974358974
guard_scope,faults1,faults1,3,ccra_exact_guard,CCRA exact,0,31,13,1,1,0,1.0,,1,33,1,33,0,0,1,,0.0,,0.0,1.0,1.0,0.0,1.0,1.0,0.0
guard_scope,faults1,faults1,3,ccra_exact_guard,CCRA exact,1,31,13,1,1,0,1.0,,1,32,0,32,0,0,1,,0.0,,0.0,1.0,1.0,0.0,1.0,1.0,0.0
guard_scope,faults1,faults1,3,ccra_exact_guard,CCRA exact,2,31,13,1,1,0,1.0,,1,32,0,32,0,0,1,,0.0,,0.0,1.0,1.0,0.0,1.0,1.0,0.0
guard_scope,faults1,faults1,3,ccra_exact_guard,CCRA exact,3,31,13,1,1,0,1.0,,1,32,0,32,0,0,1,,0.0,,0.0,1.0,1.0,0.0,1.0,1.0,0.0
guard_scope,faults1,faults1,3,ccra_exact_guard,CCRA exact,4,31,13,1,1,0,1.0,,1,32,0,32,0,0,1,,0.0,,0.0,1.0,1.0,0.0,1.0,1.0,0.0
guard_scope,faults1,faults1,3,ccra_row_guard,CCRA row,0,31,13,1,1,0,1.0,,1,33,1,33,0,0,1,,0.017990074441687345,,0.2805727554179567,30.0,1.0,29.0,0.03333333333333333,1.0,0.9666666666666667
guard_scope,faults1,faults1,3,ccra_row_guard,CCRA row,1,31,13,1,1,0,1.0,,1,32,0,32,0,0,1,,0.017990074441687345,,0.2805727554179567,30.0,1.0,29.0,0.03333333333333333,1.0,0.9666666666666667
guard_scope,faults1,faults1,3,ccra_row_guard,CCRA row,2,31,13,1,1,0,1.0,,1,32,0,32,0,0,1,,0.017990074441687345,,0.2805727554179567,30.0,1.0,29.0,0.03333333333333333,1.0,0.9666666666666667
guard_scope,faults1,faults1,3,ccra_row_guard,CCRA row,3,31,13,1,1,0,1.0,,1,32,0,32,0,0,1,,0.017990074441687345,,0.2805727554179567,30.0,1.0,29.0,0.03333333333333333,1.0,0.9666666666666667
guard_scope,faults1,faults1,3,ccra_row_guard,CCRA row,4,31,13,1,1,0,1.0,,1,32,0,32,0,0,1,,0.017990074441687345,,0.2805727554179567,30.0,1.0,29.0,0.03333333333333333,1.0,0.9666666666666667
guard_scope,faults1,faults1,3,ccra_column_guard,CCRA column,0,31,13,1,1,0,1.0,,0,8,1,9,0,0,1,,0.007444168734491315,,0.007739938080495356,13.0,1.0,12.0,0.07692307692307693,1.0,0.9230769230769231
guard_scope,faults1,faults1,3,ccra_column_guard,CCRA column,1,31,13,1,1,0,1.0,,0,0,0,1,0,0,1,,0.007444168734491315,,0.007739938080495356,13.0,1.0,12.0,0.07692307692307693,1.0,0.9230769230769231
guard_scope,faults1,faults1,3,ccra_column_guard,CCRA column,2,31,13,1,1,0,1.0,,0,0,0,1,0,0,1,,0.007444168734491315,,0.007739938080495356,13.0,1.0,12.0,0.07692307692307693,1.0,0.9230769230769231
guard_scope,faults1,faults1,3,ccra_column_guard,CCRA column,3,31,13,1,1,0,1.0,,0,0,0,1,0,0,1,,0.007444168734491315,,0.007739938080495356,13.0,1.0,12.0,0.07692307692307693,1.0,0.9230769230769231
guard_scope,faults1,faults1,3,ccra_column_guard,CCRA column,4,31,13,1,1,0,1.0,,0,0,0,1,0,0,1,,0.007444168734491315,,0.007739938080495356,13.0,1.0,12.0,0.07692307692307693,1.0,0.9230769230769231
guard_scope,faults1,faults1,3,ccra_region1_guard,CCRA radius 1,0,31,13,1,1,0,1.0,,1,35,1,35,0,0,1,,0.004962779156327543,,0.030959752321981424,9.0,1.0,8.0,0.1111111111111111,1.0,0.8888888888888888
guard_scope,faults1,faults1,3,ccra_region1_guard,CCRA radius 1,1,31,13,1,1,0,1.0,,1,34,0,34,0,0,1,,0.004962779156327543,,0.030959752321981424,9.0,1.0,8.0,0.1111111111111111,1.0,0.8888888888888888
guard_scope,faults1,faults1,3,ccra_region1_guard,CCRA radius 1,2,31,13,1,1,0,1.0,,1,34,0,34,0,0,1,,0.004962779156327543,,0.030959752321981424,9.0,1.0,8.0,0.1111111111111111,1.0,0.8888888888888888
guard_scope,faults1,faults1,3,ccra_region1_guard,CCRA radius 1,3,31,13,1,1,0,1.0,,1,34,0,34,0,0,1,,0.004962779156327543,,0.030959752321981424,9.0,1.0,8.0,0.1111111111111111,1.0,0.8888888888888888
guard_scope,faults1,faults1,3,ccra_region1_guard,CCRA radius 1,4,31,13,1,1,0,1.0,,1,34,0,34,0,0,1,,0.004962779156327543,,0.030959752321981424,9.0,1.0,8.0,0.1111111111111111,1.0,0.8888888888888888
guard_scope,faults1,faults1,3,ccra_region2_guard,CCRA radius 2,0,31,13,1,1,0,1.0,,1,37,1,37,0,0,1,,0.01488833746898263,,0.06191950464396285,25.0,1.0,24.0,0.04,1.0,0.96
guard_scope,faults1,faults1,3,ccra_region2_guard,CCRA radius 2,1,31,13,1,1,0,1.0,,1,36,0,36,0,0,1,,0.01488833746898263,,0.06191950464396285,25.0,1.0,24.0,0.04,1.0,0.96
guard_scope,faults1,faults1,3,ccra_region2_guard,CCRA radius 2,2,31,13,1,1,0,1.0,,1,36,0,36,0,0,1,,0.01488833746898263,,0.06191950464396285,25.0,1.0,24.0,0.04,1.0,0.96
guard_scope,faults1,faults1,3,ccra_region2_guard,CCRA radius 2,3,31,13,1,1,0,1.0,,1,36,0,36,0,0,1,,0.01488833746898263,,0.06191950464396285,25.0,1.0,24.0,0.04,1.0,0.96
guard_scope,faults1,faults1,3,ccra_region2_guard,CCRA radius 2,4,31,13,1,1,0,1.0,,1,36,0,36,0,0,1,,0.01488833746898263,,0.06191950464396285,25.0,1.0,24.0,0.04,1.0,0.96
guard_scope,faults1,faults1,3,ccra_action_guard,CCRA action,0,31,13,1,1,0,1.0,,0,8,1,9,0,0,1,,0.2413151364764268,,0.5127708978328174,390.0,1.0,389.0,0.002564102564102564,1.0,0.9974358974358974
guard_scope,faults1,faults1,3,ccra_action_guard,CCRA action,1,31,13,1,1,0,1.0,,0,0,0,1,0,0,1,,0.2413151364764268,,0.5127708978328174,390.0,1.0,389.0,0.002564102564102564,1.0,0.9974358974358974
guard_scope,faults1,faults1,3,ccra_action_guard,CCRA action,2,31,13,1,1,0,1.0,,0,0,0,1,0,0,1,,0.2413151364764268,,0.5127708978328174,390.0,1.0,389.0,0.002564102564102564,1.0,0.9974358974358974
guard_scope,faults1,faults1,3,ccra_action_guard,CCRA action,3,31,13,1,1,0,1.0,,0,0,0,1,0,0,1,,0.2413151364764268,,0.5127708978328174,390.0,1.0,389.0,0.002564102564102564,1.0,0.9974358974358974
guard_scope,faults1,faults1,3,ccra_action_guard,CCRA action,4,31,13,1,1,0,1.0,,0,0,0,1,0,0,1,,0.2413151364764268,,0.5127708978328174,390.0,1.0,389.0,0.002564102564102564,1.0,0.9974358974358974
guard_scope,faults1,faults1,3,global_action_repair,Global action,0,31,13,1,1,0,1.0,,0,10,3,11,0,0,1,,0.2413151364764268,,0.5127708978328174,390.0,1.0,389.0,0.002564102564102564,1.0,0.9974358974358974
guard_scope,faults1,faults1,3,global_action_repair,Global action,1,31,13,1,1,0,1.0,,0,0,0,1,0,0,1,,0.2413151364764268,,0.5127708978328174,390.0,1.0,389.0,0.002564102564102564,1.0,0.9974358974358974
guard_scope,faults1,faults1,3,global_action_repair,Global action,2,31,13,1,1,0,1.0,,0,0,0,1,0,0,1,,0.2413151364764268,,0.5127708978328174,390.0,1.0,389.0,0.002564102564102564,1.0,0.9974358974358974
guard_scope,faults1,faults1,3,global_action_repair,Global action,3,31,13,1,1,0,1.0,,0,0,0,1,0,0,1,,0.2413151364764268,,0.5127708978328174,390.0,1.0,389.0,0.002564102564102564,1.0,0.9974358974358974
guard_scope,faults1,faults1,3,global_action_repair,Global action,4,31,13,1,1,0,1.0,,0,0,0,1,0,0,1,,0.2413151364764268,,0.5127708978328174,390.0,1.0,389.0,0.002564102564102564,1.0,0.9974358974358974
guard_scope,faults1,faults1,4,ccra_exact_guard,CCRA exact,0,31,13,1,1,0,1.0,,1,33,1,33,0,0,1,,0.0,,0.0,1.0,1.0,0.0,1.0,1.0,0.0
guard_scope,faults1,faults1,4,ccra_exact_guard,CCRA exact,1,31,13,1,1,0,1.0,,1,32,0,32,0,0,1,,0.0,,0.0,1.0,1.0,0.0,1.0,1.0,0.0
guard_scope,faults1,faults1,4,ccra_exact_guard,CCRA exact,2,31,13,1,1,0,1.0,,1,32,0,32,0,0,1,,0.0,,0.0,1.0,1.0,0.0,1.0,1.0,0.0
guard_scope,faults1,faults1,4,ccra_exact_guard,CCRA exact,3,31,13,1,1,0,1.0,,1,32,0,32,0,0,1,,0.0,,0.0,1.0,1.0,0.0,1.0,1.0,0.0
guard_scope,faults1,faults1,4,ccra_exact_guard,CCRA exact,4,31,13,1,1,0,1.0,,1,32,0,32,0,0,1,,0.0,,0.0,1.0,1.0,0.0,1.0,1.0,0.0
guard_scope,faults1,faults1,4,ccra_row_guard,CCRA row,0,31,13,1,1,0,1.0,,1,33,1,33,0,0,1,,0.017990074441687345,,0.2805727554179567,30.0,1.0,29.0,0.03333333333333333,1.0,0.9666666666666667
guard_scope,faults1,faults1,4,ccra_row_guard,CCRA row,1,31,13,1,1,0,1.0,,1,32,0,32,0,0,1,,0.017990074441687345,,0.2805727554179567,30.0,1.0,29.0,0.03333333333333333,1.0,0.9666666666666667
guard_scope,faults1,faults1,4,ccra_row_guard,CCRA row,2,31,13,1,1,0,1.0,,1,32,0,32,0,0,1,,0.017990074441687345,,0.2805727554179567,30.0,1.0,29.0,0.03333333333333333,1.0,0.9666666666666667
guard_scope,faults1,faults1,4,ccra_row_guard,CCRA row,3,31,13,1,1,0,1.0,,1,32,0,32,0,0,1,,0.017990074441687345,,0.2805727554179567,30.0,1.0,29.0,0.03333333333333333,1.0,0.9666666666666667
guard_scope,faults1,faults1,4,ccra_row_guard,CCRA row,4,31,13,1,1,0,1.0,,1,32,0,32,0,0,1,,0.017990074441687345,,0.2805727554179567,30.0,1.0,29.0,0.03333333333333333,1.0,0.9666666666666667
guard_scope,faults1,faults1,4,ccra_column_guard,CCRA column,0,31,13,1,1,0,1.0,,0,3,1,4,0,0,1,,0.007444168734491315,,0.007739938080495356,13.0,1.0,12.0,0.07692307692307693,1.0,0.9230769230769231
guard_scope,faults1,faults1,4,ccra_column_guard,CCRA column,1,31,13,1,1,0,1.0,,0,0,0,1,0,0,1,,0.007444168734491315,,0.007739938080495356,13.0,1.0,12.0,0.07692307692307693,1.0,0.9230769230769231
guard_scope,faults1,faults1,4,ccra_column_guard,CCRA column,2,31,13,1,1,0,1.0,,0,0,0,1,0,0,1,,0.007444168734491315,,0.007739938080495356,13.0,1.0,12.0,0.07692307692307693,1.0,0.9230769230769231
guard_scope,faults1,faults1,4,ccra_column_guard,CCRA column,3,31,13,1,1,0,1.0,,0,0,0,1,0,0,1,,0.007444168734491315,,0.007739938080495356,13.0,1.0,12.0,0.07692307692307693,1.0,0.9230769230769231
guard_scope,faults1,faults1,4,ccra_column_guard,CCRA column,4,31,13,1,1,0,1.0,,0,0,0,1,0,0,1,,0.007444168734491315,,0.007739938080495356,13.0,1.0,12.0,0.07692307692307693,1.0,0.9230769230769231
guard_scope,faults1,faults1,4,ccra_region1_guard,CCRA radius 1,0,31,13,1,1,0,1.0,,1,35,1,35,0,0,1,,0.004962779156327543,,0.030959752321981424,9.0,1.0,8.0,0.1111111111111111,1.0,0.8888888888888888
guard_scope,faults1,faults1,4,ccra_region1_guard,CCRA radius 1,1,31,13,1,1,0,1.0,,1,34,0,34,0,0,1,,0.004962779156327543,,0.030959752321981424,9.0,1.0,8.0,0.1111111111111111,1.0,0.8888888888888888
guard_scope,faults1,faults1,4,ccra_region1_guard,CCRA radius 1,2,31,13,1,1,0,1.0,,1,34,0,34,0,0,1,,0.004962779156327543,,0.030959752321981424,9.0,1.0,8.0,0.1111111111111111,1.0,0.8888888888888888
guard_scope,faults1,faults1,4,ccra_region1_guard,CCRA radius 1,3,31,13,1,1,0,1.0,,1,34,0,34,0,0,1,,0.004962779156327543,,0.030959752321981424,9.0,1.0,8.0,0.1111111111111111,1.0,0.8888888888888888
guard_scope,faults1,faults1,4,ccra_region1_guard,CCRA radius 1,4,31,13,1,1,0,1.0,,1,34,0,34,0,0,1,,0.004962779156327543,,0.030959752321981424,9.0,1.0,8.0,0.1111111111111111,1.0,0.8888888888888888
guard_scope,faults1,faults1,4,ccra_region2_guard,CCRA radius 2,0,31,13,1,1,0,1.0,,1,37,1,37,0,0,1,,0.01488833746898263,,0.06191950464396285,25.0,1.0,24.0,0.04,1.0,0.96
guard_scope,faults1,faults1,4,ccra_region2_guard,CCRA radius 2,1,31,13,1,1,0,1.0,,1,36,0,36,0,0,1,,0.01488833746898263,,0.06191950464396285,25.0,1.0,24.0,0.04,1.0,0.96
guard_scope,faults1,faults1,4,ccra_region2_guard,CCRA radius 2,2,31,13,1,1,0,1.0,,1,36,0,36,0,0,1,,0.01488833746898263,,0.06191950464396285,25.0,1.0,24.0,0.04,1.0,0.96
guard_scope,faults1,faults1,4,ccra_region2_guard,CCRA radius 2,3,31,13,1,1,0,1.0,,1,36,0,36,0,0,1,,0.01488833746898263,,0.06191950464396285,25.0,1.0,24.0,0.04,1.0,0.96
guard_scope,faults1,faults1,4,ccra_region2_guard,CCRA radius 2,4,31,13,1,1,0,1.0,,1,36,0,36,0,0,1,,0.01488833746898263,,0.06191950464396285,25.0,1.0,24.0,0.04,1.0,0.96
guard_scope,faults1,faults1,4,ccra_action_guard,CCRA action,0,31,13,1,1,0,1.0,,0,3,1,4,0,0,1,,0.2413151364764268,,0.5127708978328174,390.0,1.0,389.0,0.002564102564102564,1.0,0.9974358974358974
guard_scope,faults1,faults1,4,ccra_action_guard,CCRA action,1,31,13,1,1,0,1.0,,0,0,0,1,0,0,1,,0.2413151364764268,,0.5127708978328174,390.0,1.0,389.0,0.002564102564102564,1.0,0.9974358974358974
guard_scope,faults1,faults1,4,ccra_action_guard,CCRA action,2,31,13,1,1,0,1.0,,0,0,0,1,0,0,1,,0.2413151364764268,,0.5127708978328174,390.0,1.0,389.0,0.002564102564102564,1.0,0.9974358974358974
guard_scope,faults1,faults1,4,ccra_action_guard,CCRA action,3,31,13,1,1,0,1.0,,0,0,0,1,0,0,1,,0.2413151364764268,,0.5127708978328174,390.0,1.0,389.0,0.002564102564102564,1.0,0.9974358974358974
guard_scope,faults1,faults1,4,ccra_action_guard,CCRA action,4,31,13,1,1,0,1.0,,0,0,0,1,0,0,1,,0.2413151364764268,,0.5127708978328174,390.0,1.0,389.0,0.002564102564102564,1.0,0.9974358974358974
guard_scope,faults1,faults1,4,global_action_repair,Global action,0,31,13,1,1,0,1.0,,0,5,3,6,0,0,1,,0.2413151364764268,,0.5127708978328174,390.0,1.0,389.0,0.002564102564102564,1.0,0.9974358974358974
guard_scope,faults1,faults1,4,global_action_repair,Global action,1,31,13,1,1,0,1.0,,0,0,0,1,0,0,1,,0.2413151364764268,,0.5127708978328174,390.0,1.0,389.0,0.002564102564102564,1.0,0.9974358974358974
guard_scope,faults1,faults1,4,global_action_repair,Global action,2,31,13,1,1,0,1.0,,0,0,0,1,0,0,1,,0.2413151364764268,,0.5127708978328174,390.0,1.0,389.0,0.002564102564102564,1.0,0.9974358974358974
guard_scope,faults1,faults1,4,global_action_repair,Global action,3,31,13,1,1,0,1.0,,0,0,0,1,0,0,1,,0.2413151364764268,,0.5127708978328174,390.0,1.0,389.0,0.002564102564102564,1.0,0.9974358974358974
guard_scope,faults1,faults1,4,global_action_repair,Global action,4,31,13,1,1,0,1.0,,0,0,0,1,0,0,1,,0.2413151364764268,,0.5127708978328174,390.0,1.0,389.0,0.002564102564102564,1.0,0.9974358974358974
guard_scope,faults1,faults1,5,ccra_exact_guard,CCRA exact,0,31,13,1,1,0,1.0,,1,33,1,33,0,0,1,,0.0,,0.0,1.0,1.0,0.0,1.0,1.0,0.0
guard_scope,faults1,faults1,5,ccra_exact_guard,CCRA exact,1,31,13,1,1,0,1.0,,1,32,0,32,0,0,1,,0.0,,0.0,1.0,1.0,0.0,1.0,1.0,0.0
guard_scope,faults1,faults1,5,ccra_exact_guard,CCRA exact,2,31,13,1,1,0,1.0,,1,32,0,32,0,0,1,,0.0,,0.0,1.0,1.0,0.0,1.0,1.0,0.0
guard_scope,faults1,faults1,5,ccra_exact_guard,CCRA exact,3,31,13,1,1,0,1.0,,1,32,0,32,0,0,1,,0.0,,0.0,1.0,1.0,0.0,1.0,1.0,0.0
guard_scope,faults1,faults1,5,ccra_exact_guard,CCRA exact,4,31,13,1,1,0,1.0,,1,32,0,32,0,0,1,,0.0,,0.0,1.0,1.0,0.0,1.0,1.0,0.0
guard_scope,faults1,faults1,5,ccra_row_guard,CCRA row,0,31,13,1,1,0,1.0,,1,33,1,33,0,0,1,,0.017990074441687345,,0.2805727554179567,30.0,1.0,29.0,0.03333333333333333,1.0,0.9666666666666667
guard_scope,faults1,faults1,5,ccra_row_guard,CCRA row,1,31,13,1,1,0,1.0,,1,32,0,32,0,0,1,,0.017990074441687345,,0.2805727554179567,30.0,1.0,29.0,0.03333333333333333,1.0,0.9666666666666667
guard_scope,faults1,faults1,5,ccra_row_guard,CCRA row,2,31,13,1,1,0,1.0,,1,32,0,32,0,0,1,,0.017990074441687345,,0.2805727554179567,30.0,1.0,29.0,0.03333333333333333,1.0,0.9666666666666667
guard_scope,faults1,faults1,5,ccra_row_guard,CCRA row,3,31,13,1,1,0,1.0,,1,32,0,32,0,0,1,,0.017990074441687345,,0.2805727554179567,30.0,1.0,29.0,0.03333333333333333,1.0,0.9666666666666667
guard_scope,faults1,faults1,5,ccra_row_guard,CCRA row,4,31,13,1,1,0,1.0,,1,32,0,32,0,0,1,,0.017990074441687345,,0.2805727554179567,30.0,1.0,29.0,0.03333333333333333,1.0,0.9666666666666667
guard_scope,faults1,faults1,5,ccra_column_guard,CCRA column,0,31,13,1,1,0,1.0,,0,15,1,16,0,0,1,,0.007444168734491315,,0.007739938080495356,13.0,1.0,12.0,0.07692307692307693,1.0,0.9230769230769231
guard_scope,faults1,faults1,5,ccra_column_guard,CCRA column,1,31,13,1,1,0,1.0,,0,0,0,1,0,0,1,,0.007444168734491315,,0.007739938080495356,13.0,1.0,12.0,0.07692307692307693,1.0,0.9230769230769231
guard_scope,faults1,faults1,5,ccra_column_guard,CCRA column,2,31,13,1,1,0,1.0,,0,0,0,1,0,0,1,,0.007444168734491315,,0.007739938080495356,13.0,1.0,12.0,0.07692307692307693,1.0,0.9230769230769231
guard_scope,faults1,faults1,5,ccra_column_guard,CCRA column,3,31,13,1,1,0,1.0,,0,0,0,1,0,0,1,,0.007444168734491315,,0.007739938080495356,13.0,1.0,12.0,0.07692307692307693,1.0,0.9230769230769231
guard_scope,faults1,faults1,5,ccra_column_guard,CCRA column,4,31,13,1,1,0,1.0,,0,0,0,1,0,0,1,,0.007444168734491315,,0.007739938080495356,13.0,1.0,12.0,0.07692307692307693,1.0,0.9230769230769231
guard_scope,faults1,faults1,5,ccra_region1_guard,CCRA radius 1,0,31,13,1,1,0,1.0,,1,35,1,35,0,0,1,,0.004962779156327543,,0.030959752321981424,9.0,1.0,8.0,0.1111111111111111,1.0,0.8888888888888888
guard_scope,faults1,faults1,5,ccra_region1_guard,CCRA radius 1,1,31,13,1,1,0,1.0,,1,34,0,34,0,0,1,,0.004962779156327543,,0.030959752321981424,9.0,1.0,8.0,0.1111111111111111,1.0,0.8888888888888888
guard_scope,faults1,faults1,5,ccra_region1_guard,CCRA radius 1,2,31,13,1,1,0,1.0,,1,34,0,34,0,0,1,,0.004962779156327543,,0.030959752321981424,9.0,1.0,8.0,0.1111111111111111,1.0,0.8888888888888888
guard_scope,faults1,faults1,5,ccra_region1_guard,CCRA radius 1,3,31,13,1,1,0,1.0,,1,34,0,34,0,0,1,,0.004962779156327543,,0.030959752321981424,9.0,1.0,8.0,0.1111111111111111,1.0,0.8888888888888888
guard_scope,faults1,faults1,5,ccra_region1_guard,CCRA radius 1,4,31,13,1,1,0,1.0,,1,34,0,34,0,0,1,,0.004962779156327543,,0.030959752321981424,9.0,1.0,8.0,0.1111111111111111,1.0,0.8888888888888888
guard_scope,faults1,faults1,5,ccra_region2_guard,CCRA radius 2,0,31,13,1,1,0,1.0,,1,37,1,37,0,0,1,,0.01488833746898263,,0.06191950464396285,25.0,1.0,24.0,0.04,1.0,0.96
guard_scope,faults1,faults1,5,ccra_region2_guard,CCRA radius 2,1,31,13,1,1,0,1.0,,1,36,0,36,0,0,1,,0.01488833746898263,,0.06191950464396285,25.0,1.0,24.0,0.04,1.0,0.96
guard_scope,faults1,faults1,5,ccra_region2_guard,CCRA radius 2,2,31,13,1,1,0,1.0,,1,36,0,36,0,0,1,,0.01488833746898263,,0.06191950464396285,25.0,1.0,24.0,0.04,1.0,0.96
guard_scope,faults1,faults1,5,ccra_region2_guard,CCRA radius 2,3,31,13,1,1,0,1.0,,1,36,0,36,0,0,1,,0.01488833746898263,,0.06191950464396285,25.0,1.0,24.0,0.04,1.0,0.96
guard_scope,faults1,faults1,5,ccra_region2_guard,CCRA radius 2,4,31,13,1,1,0,1.0,,1,36,0,36,0,0,1,,0.01488833746898263,,0.06191950464396285,25.0,1.0,24.0,0.04,1.0,0.96
guard_scope,faults1,faults1,5,ccra_action_guard,CCRA action,0,31,13,1,1,0,1.0,,0,15,1,16,0,0,1,,0.2413151364764268,,0.5127708978328174,390.0,1.0,389.0,0.002564102564102564,1.0,0.9974358974358974
guard_scope,faults1,faults1,5,ccra_action_guard,CCRA action,1,31,13,1,1,0,1.0,,0,0,0,1,0,0,1,,0.2413151364764268,,0.5127708978328174,390.0,1.0,389.0,0.002564102564102564,1.0,0.9974358974358974
guard_scope,faults1,faults1,5,ccra_action_guard,CCRA action,2,31,13,1,1,0,1.0,,0,0,0,1,0,0,1,,0.2413151364764268,,0.5127708978328174,390.0,1.0,389.0,0.002564102564102564,1.0,0.9974358974358974
guard_scope,faults1,faults1,5,ccra_action_guard,CCRA action,3,31,13,1,1,0,1.0,,0,0,0,1,0,0,1,,0.2413151364764268,,0.5127708978328174,390.0,1.0,389.0,0.002564102564102564,1.0,0.9974358974358974
guard_scope,faults1,faults1,5,ccra_action_guard,CCRA action,4,31,13,1,1,0,1.0,,0,0,0,1,0,0,1,,0.2413151364764268,,0.5127708978328174,390.0,1.0,389.0,0.002564102564102564,1.0,0.9974358974358974
guard_scope,faults1,faults1,5,global_action_repair,Global action,0,31,13,1,1,0,1.0,,0,17,3,18,0,0,1,,0.2413151364764268,,0.5127708978328174,390.0,1.0,389.0,0.002564102564102564,1.0,0.9974358974358974
guard_scope,faults1,faults1,5,global_action_repair,Global action,1,31,13,1,1,0,1.0,,0,0,0,1,0,0,1,,0.2413151364764268,,0.5127708978328174,390.0,1.0,389.0,0.002564102564102564,1.0,0.9974358974358974
guard_scope,faults1,faults1,5,global_action_repair,Global action,2,31,13,1,1,0,1.0,,0,0,0,1,0,0,1,,0.2413151364764268,,0.5127708978328174,390.0,1.0,389.0,0.002564102564102564,1.0,0.9974358974358974
guard_scope,faults1,faults1,5,global_action_repair,Global action,3,31,13,1,1,0,1.0,,0,0,0,1,0,0,1,,0.2413151364764268,,0.5127708978328174,390.0,1.0,389.0,0.002564102564102564,1.0,0.9974358974358974
guard_scope,faults1,faults1,5,global_action_repair,Global action,4,31,13,1,1,0,1.0,,0,0,0,1,0,0,1,,0.2413151364764268,,0.5127708978328174,390.0,1.0,389.0,0.002564102564102564,1.0,0.9974358974358974
guard_scope,faults1,faults1,6,ccra_exact_guard,CCRA exact,0,31,13,1,1,0,1.0,,1,33,1,33,0,0,1,,0.0,,0.0,1.0,1.0,0.0,1.0,1.0,0.0
guard_scope,faults1,faults1,6,ccra_exact_guard,CCRA exact,1,31,13,1,1,0,1.0,,1,32,0,32,0,0,1,,0.0,,0.0,1.0,1.0,0.0,1.0,1.0,0.0
guard_scope,faults1,faults1,6,ccra_exact_guard,CCRA exact,2,31,13,1,1,0,1.0,,1,32,0,32,0,0,1,,0.0,,0.0,1.0,1.0,0.0,1.0,1.0,0.0
guard_scope,faults1,faults1,6,ccra_exact_guard,CCRA exact,3,31,13,1,1,0,1.0,,1,32,0,32,0,0,1,,0.0,,0.0,1.0,1.0,0.0,1.0,1.0,0.0
guard_scope,faults1,faults1,6,ccra_exact_guard,CCRA exact,4,31,13,1,1,0,1.0,,1,32,0,32,0,0,1,,0.0,,0.0,1.0,1.0,0.0,1.0,1.0,0.0
guard_scope,faults1,faults1,6,ccra_row_guard,CCRA row,0,31,13,1,1,0,1.0,,1,33,1,33,0,0,1,,0.017990074441687345,,0.2805727554179567,30.0,1.0,29.0,0.03333333333333333,1.0,0.9666666666666667
guard_scope,faults1,faults1,6,ccra_row_guard,CCRA row,1,31,13,1,1,0,1.0,,1,32,0,32,0,0,1,,0.017990074441687345,,0.2805727554179567,30.0,1.0,29.0,0.03333333333333333,1.0,0.9666666666666667
guard_scope,faults1,faults1,6,ccra_row_guard,CCRA row,2,31,13,1,1,0,1.0,,1,32,0,32,0,0,1,,0.017990074441687345,,0.2805727554179567,30.0,1.0,29.0,0.03333333333333333,1.0,0.9666666666666667
guard_scope,faults1,faults1,6,ccra_row_guard,CCRA row,3,31,13,1,1,0,1.0,,1,32,0,32,0,0,1,,0.017990074441687345,,0.2805727554179567,30.0,1.0,29.0,0.03333333333333333,1.0,0.9666666666666667
guard_scope,faults1,faults1,6,ccra_row_guard,CCRA row,4,31,13,1,1,0,1.0,,1,32,0,32,0,0,1,,0.017990074441687345,,0.2805727554179567,30.0,1.0,29.0,0.03333333333333333,1.0,0.9666666666666667
guard_scope,faults1,faults1,6,ccra_column_guard,CCRA column,0,31,13,1,1,0,1.0,,0,13,1,14,0,0,1,,0.007444168734491315,,0.007739938080495356,13.0,1.0,12.0,0.07692307692307693,1.0,0.9230769230769231
guard_scope,faults1,faults1,6,ccra_column_guard,CCRA column,1,31,13,1,1,0,1.0,,0,0,0,1,0,0,1,,0.007444168734491315,,0.007739938080495356,13.0,1.0,12.0,0.07692307692307693,1.0,0.9230769230769231
guard_scope,faults1,faults1,6,ccra_column_guard,CCRA column,2,31,13,1,1,0,1.0,,0,0,0,1,0,0,1,,0.007444168734491315,,0.007739938080495356,13.0,1.0,12.0,0.07692307692307693,1.0,0.9230769230769231
guard_scope,faults1,faults1,6,ccra_column_guard,CCRA column,3,31,13,1,1,0,1.0,,0,0,0,1,0,0,1,,0.007444168734491315,,0.007739938080495356,13.0,1.0,12.0,0.07692307692307693,1.0,0.9230769230769231
guard_scope,faults1,faults1,6,ccra_column_guard,CCRA column,4,31,13,1,1,0,1.0,,0,0,0,1,0,0,1,,0.007444168734491315,,0.007739938080495356,13.0,1.0,12.0,0.07692307692307693,1.0,0.9230769230769231
guard_scope,faults1,faults1,6,ccra_region1_guard,CCRA radius 1,0,31,13,1,1,0,1.0,,1,35,1,35,0,0,1,,0.004962779156327543,,0.030959752321981424,9.0,1.0,8.0,0.1111111111111111,1.0,0.8888888888888888
guard_scope,faults1,faults1,6,ccra_region1_guard,CCRA radius 1,1,31,13,1,1,0,1.0,,1,34,0,34,0,0,1,,0.004962779156327543,,0.030959752321981424,9.0,1.0,8.0,0.1111111111111111,1.0,0.8888888888888888
guard_scope,faults1,faults1,6,ccra_region1_guard,CCRA radius 1,2,31,13,1,1,0,1.0,,1,34,0,34,0,0,1,,0.004962779156327543,,0.030959752321981424,9.0,1.0,8.0,0.1111111111111111,1.0,0.8888888888888888
guard_scope,faults1,faults1,6,ccra_region1_guard,CCRA radius 1,3,31,13,1,1,0,1.0,,1,34,0,34,0,0,1,,0.004962779156327543,,0.030959752321981424,9.0,1.0,8.0,0.1111111111111111,1.0,0.8888888888888888
guard_scope,faults1,faults1,6,ccra_region1_guard,CCRA radius 1,4,31,13,1,1,0,1.0,,1,34,0,34,0,0,1,,0.004962779156327543,,0.030959752321981424,9.0,1.0,8.0,0.1111111111111111,1.0,0.8888888888888888
guard_scope,faults1,faults1,6,ccra_region2_guard,CCRA radius 2,0,31,13,1,1,0,1.0,,1,37,1,37,0,0,1,,0.01488833746898263,,0.06191950464396285,25.0,1.0,24.0,0.04,1.0,0.96
guard_scope,faults1,faults1,6,ccra_region2_guard,CCRA radius 2,1,31,13,1,1,0,1.0,,1,36,0,36,0,0,1,,0.01488833746898263,,0.06191950464396285,25.0,1.0,24.0,0.04,1.0,0.96
guard_scope,faults1,faults1,6,ccra_region2_guard,CCRA radius 2,2,31,13,1,1,0,1.0,,1,36,0,36,0,0,1,,0.01488833746898263,,0.06191950464396285,25.0,1.0,24.0,0.04,1.0,0.96
guard_scope,faults1,faults1,6,ccra_region2_guard,CCRA radius 2,3,31,13,1,1,0,1.0,,1,36,0,36,0,0,1,,0.01488833746898263,,0.06191950464396285,25.0,1.0,24.0,0.04,1.0,0.96
guard_scope,faults1,faults1,6,ccra_region2_guard,CCRA radius 2,4,31,13,1,1,0,1.0,,1,36,0,36,0,0,1,,0.01488833746898263,,0.06191950464396285,25.0,1.0,24.0,0.04,1.0,0.96
guard_scope,faults1,faults1,6,ccra_action_guard,CCRA action,0,31,13,1,1,0,1.0,,0,13,1,14,0,0,1,,0.2413151364764268,,0.5127708978328174,390.0,1.0,389.0,0.002564102564102564,1.0,0.9974358974358974
guard_scope,faults1,faults1,6,ccra_action_guard,CCRA action,1,31,13,1,1,0,1.0,,0,0,0,1,0,0,1,,0.2413151364764268,,0.5127708978328174,390.0,1.0,389.0,0.002564102564102564,1.0,0.9974358974358974
guard_scope,faults1,faults1,6,ccra_action_guard,CCRA action,2,31,13,1,1,0,1.0,,0,0,0,1,0,0,1,,0.2413151364764268,,0.5127708978328174,390.0,1.0,389.0,0.002564102564102564,1.0,0.9974358974358974
guard_scope,faults1,faults1,6,ccra_action_guard,CCRA action,3,31,13,1,1,0,1.0,,0,0,0,1,0,0,1,,0.2413151364764268,,0.5127708978328174,390.0,1.0,389.0,0.002564102564102564,1.0,0.9974358974358974
guard_scope,faults1,faults1,6,ccra_action_guard,CCRA action,4,31,13,1,1,0,1.0,,0,0,0,1,0,0,1,,0.2413151364764268,,0.5127708978328174,390.0,1.0,389.0,0.002564102564102564,1.0,0.9974358974358974
guard_scope,faults1,faults1,6,global_action_repair,Global action,0,31,13,1,1,0,1.0,,0,15,3,16,0,0,1,,0.2413151364764268,,0.5127708978328174,390.0,1.0,389.0,0.002564102564102564,1.0,0.9974358974358974
guard_scope,faults1,faults1,6,global_action_repair,Global action,1,31,13,1,1,0,1.0,,0,0,0,1,0,0,1,,0.2413151364764268,,0.5127708978328174,390.0,1.0,389.0,0.002564102564102564,1.0,0.9974358974358974
guard_scope,faults1,faults1,6,global_action_repair,Global action,2,31,13,1,1,0,1.0,,0,0,0,1,0,0,1,,0.2413151364764268,,0.5127708978328174,390.0,1.0,389.0,0.002564102564102564,1.0,0.9974358974358974
guard_scope,faults1,faults1,6,global_action_repair,Global action,3,31,13,1,1,0,1.0,,0,0,0,1,0,0,1,,0.2413151364764268,,0.5127708978328174,390.0,1.0,389.0,0.002564102564102564,1.0,0.9974358974358974
guard_scope,faults1,faults1,6,global_action_repair,Global action,4,31,13,1,1,0,1.0,,0,0,0,1,0,0,1,,0.2413151364764268,,0.5127708978328174,390.0,1.0,389.0,0.002564102564102564,1.0,0.9974358974358974
guard_scope,faults1,faults1,7,ccra_exact_guard,CCRA exact,0,31,13,1,1,0,1.0,,1,33,1,33,0,0,1,,0.0,,0.0,1.0,1.0,0.0,1.0,1.0,0.0
guard_scope,faults1,faults1,7,ccra_exact_guard,CCRA exact,1,31,13,1,1,0,1.0,,1,32,0,32,0,0,1,,0.0,,0.0,1.0,1.0,0.0,1.0,1.0,0.0
guard_scope,faults1,faults1,7,ccra_exact_guard,CCRA exact,2,31,13,1,1,0,1.0,,1,32,0,32,0,0,1,,0.0,,0.0,1.0,1.0,0.0,1.0,1.0,0.0
guard_scope,faults1,faults1,7,ccra_exact_guard,CCRA exact,3,31,13,1,1,0,1.0,,1,32,0,32,0,0,1,,0.0,,0.0,1.0,1.0,0.0,1.0,1.0,0.0
guard_scope,faults1,faults1,7,ccra_exact_guard,CCRA exact,4,31,13,1,1,0,1.0,,1,32,0,32,0,0,1,,0.0,,0.0,1.0,1.0,0.0,1.0,1.0,0.0
guard_scope,faults1,faults1,7,ccra_row_guard,CCRA row,0,31,13,1,1,0,1.0,,1,33,1,33,0,0,1,,0.017990074441687345,,0.2805727554179567,30.0,1.0,29.0,0.03333333333333333,1.0,0.9666666666666667
guard_scope,faults1,faults1,7,ccra_row_guard,CCRA row,1,31,13,1,1,0,1.0,,1,32,0,32,0,0,1,,0.017990074441687345,,0.2805727554179567,30.0,1.0,29.0,0.03333333333333333,1.0,0.9666666666666667
guard_scope,faults1,faults1,7,ccra_row_guard,CCRA row,2,31,13,1,1,0,1.0,,1,32,0,32,0,0,1,,0.017990074441687345,,0.2805727554179567,30.0,1.0,29.0,0.03333333333333333,1.0,0.9666666666666667
guard_scope,faults1,faults1,7,ccra_row_guard,CCRA row,3,31,13,1,1,0,1.0,,1,32,0,32,0,0,1,,0.017990074441687345,,0.2805727554179567,30.0,1.0,29.0,0.03333333333333333,1.0,0.9666666666666667
guard_scope,faults1,faults1,7,ccra_row_guard,CCRA row,4,31,13,1,1,0,1.0,,1,32,0,32,0,0,1,,0.017990074441687345,,0.2805727554179567,30.0,1.0,29.0,0.03333333333333333,1.0,0.9666666666666667
guard_scope,faults1,faults1,7,ccra_column_guard,CCRA column,0,31,13,1,1,0,1.0,,0,15,1,16,0,0,1,,0.007444168734491315,,0.007739938080495356,13.0,1.0,12.0,0.07692307692307693,1.0,0.9230769230769231
guard_scope,faults1,faults1,7,ccra_column_guard,CCRA column,1,31,13,1,1,0,1.0,,0,0,0,1,0,0,1,,0.007444168734491315,,0.007739938080495356,13.0,1.0,12.0,0.07692307692307693,1.0,0.9230769230769231
guard_scope,faults1,faults1,7,ccra_column_guard,CCRA column,2,31,13,1,1,0,1.0,,0,0,0,1,0,0,1,,0.007444168734491315,,0.007739938080495356,13.0,1.0,12.0,0.07692307692307693,1.0,0.9230769230769231
guard_scope,faults1,faults1,7,ccra_column_guard,CCRA column,3,31,13,1,1,0,1.0,,0,0,0,1,0,0,1,,0.007444168734491315,,0.007739938080495356,13.0,1.0,12.0,0.07692307692307693,1.0,0.9230769230769231
guard_scope,faults1,faults1,7,ccra_column_guard,CCRA column,4,31,13,1,1,0,1.0,,0,0,0,1,0,0,1,,0.007444168734491315,,0.007739938080495356,13.0,1.0,12.0,0.07692307692307693,1.0,0.9230769230769231
guard_scope,faults1,faults1,7,ccra_region1_guard,CCRA radius 1,0,31,13,1,1,0,1.0,,1,35,1,35,0,0,1,,0.004962779156327543,,0.030959752321981424,9.0,1.0,8.0,0.1111111111111111,1.0,0.8888888888888888
guard_scope,faults1,faults1,7,ccra_region1_guard,CCRA radius 1,1,31,13,1,1,0,1.0,,1,34,0,34,0,0,1,,0.004962779156327543,,0.030959752321981424,9.0,1.0,8.0,0.1111111111111111,1.0,0.8888888888888888
guard_scope,faults1,faults1,7,ccra_region1_guard,CCRA radius 1,2,31,13,1,1,0,1.0,,1,34,0,34,0,0,1,,0.004962779156327543,,0.030959752321981424,9.0,1.0,8.0,0.1111111111111111,1.0,0.8888888888888888
guard_scope,faults1,faults1,7,ccra_region1_guard,CCRA radius 1,3,31,13,1,1,0,1.0,,1,34,0,34,0,0,1,,0.004962779156327543,,0.030959752321981424,9.0,1.0,8.0,0.1111111111111111,1.0,0.8888888888888888
guard_scope,faults1,faults1,7,ccra_region1_guard,CCRA radius 1,4,31,13,1,1,0,1.0,,1,34,0,34,0,0,1,,0.004962779156327543,,0.030959752321981424,9.0,1.0,8.0,0.1111111111111111,1.0,0.8888888888888888
guard_scope,faults1,faults1,7,ccra_region2_guard,CCRA radius 2,0,31,13,1,1,0,1.0,,1,37,1,37,0,0,1,,0.01488833746898263,,0.06191950464396285,25.0,1.0,24.0,0.04,1.0,0.96
guard_scope,faults1,faults1,7,ccra_region2_guard,CCRA radius 2,1,31,13,1,1,0,1.0,,1,36,0,36,0,0,1,,0.01488833746898263,,0.06191950464396285,25.0,1.0,24.0,0.04,1.0,0.96
guard_scope,faults1,faults1,7,ccra_region2_guard,CCRA radius 2,2,31,13,1,1,0,1.0,,1,36,0,36,0,0,1,,0.01488833746898263,,0.06191950464396285,25.0,1.0,24.0,0.04,1.0,0.96
guard_scope,faults1,faults1,7,ccra_region2_guard,CCRA radius 2,3,31,13,1,1,0,1.0,,1,36,0,36,0,0,1,,0.01488833746898263,,0.06191950464396285,25.0,1.0,24.0,0.04,1.0,0.96
guard_scope,faults1,faults1,7,ccra_region2_guard,CCRA radius 2,4,31,13,1,1,0,1.0,,1,36,0,36,0,0,1,,0.01488833746898263,,0.06191950464396285,25.0,1.0,24.0,0.04,1.0,0.96
guard_scope,faults1,faults1,7,ccra_action_guard,CCRA action,0,31,13,1,1,0,1.0,,0,15,1,16,0,0,1,,0.2413151364764268,,0.5127708978328174,390.0,1.0,389.0,0.002564102564102564,1.0,0.9974358974358974
guard_scope,faults1,faults1,7,ccra_action_guard,CCRA action,1,31,13,1,1,0,1.0,,0,0,0,1,0,0,1,,0.2413151364764268,,0.5127708978328174,390.0,1.0,389.0,0.002564102564102564,1.0,0.9974358974358974
guard_scope,faults1,faults1,7,ccra_action_guard,CCRA action,2,31,13,1,1,0,1.0,,0,0,0,1,0,0,1,,0.2413151364764268,,0.5127708978328174,390.0,1.0,389.0,0.002564102564102564,1.0,0.9974358974358974
guard_scope,faults1,faults1,7,ccra_action_guard,CCRA action,3,31,13,1,1,0,1.0,,0,0,0,1,0,0,1,,0.2413151364764268,,0.5127708978328174,390.0,1.0,389.0,0.002564102564102564,1.0,0.9974358974358974
guard_scope,faults1,faults1,7,ccra_action_guard,CCRA action,4,31,13,1,1,0,1.0,,0,0,0,1,0,0,1,,0.2413151364764268,,0.5127708978328174,390.0,1.0,389.0,0.002564102564102564,1.0,0.9974358974358974
guard_scope,faults1,faults1,7,global_action_repair,Global action,0,31,13,1,1,0,1.0,,0,17,3,18,0,0,1,,0.2413151364764268,,0.5127708978328174,390.0,1.0,389.0,0.002564102564102564,1.0,0.9974358974358974
guard_scope,faults1,faults1,7,global_action_repair,Global action,1,31,13,1,1,0,1.0,,0,0,0,1,0,0,1,,0.2413151364764268,,0.5127708978328174,390.0,1.0,389.0,0.002564102564102564,1.0,0.9974358974358974
guard_scope,faults1,faults1,7,global_action_repair,Global action,2,31,13,1,1,0,1.0,,0,0,0,1,0,0,1,,0.2413151364764268,,0.5127708978328174,390.0,1.0,389.0,0.002564102564102564,1.0,0.9974358974358974
guard_scope,faults1,faults1,7,global_action_repair,Global action,3,31,13,1,1,0,1.0,,0,0,0,1,0,0,1,,0.2413151364764268,,0.5127708978328174,390.0,1.0,389.0,0.002564102564102564,1.0,0.9974358974358974
guard_scope,faults1,faults1,7,global_action_repair,Global action,4,31,13,1,1,0,1.0,,0,0,0,1,0,0,1,,0.2413151364764268,,0.5127708978328174,390.0,1.0,389.0,0.002564102564102564,1.0,0.9974358974358974
guard_scope,faults1,faults1,8,ccra_exact_guard,CCRA exact,0,31,13,1,1,0,1.0,,1,33,1,33,0,0,1,,0.0,,0.0,1.0,1.0,0.0,1.0,1.0,0.0
guard_scope,faults1,faults1,8,ccra_exact_guard,CCRA exact,1,31,13,1,1,0,1.0,,1,32,0,32,0,0,1,,0.0,,0.0,1.0,1.0,0.0,1.0,1.0,0.0
guard_scope,faults1,faults1,8,ccra_exact_guard,CCRA exact,2,31,13,1,1,0,1.0,,1,32,0,32,0,0,1,,0.0,,0.0,1.0,1.0,0.0,1.0,1.0,0.0
guard_scope,faults1,faults1,8,ccra_exact_guard,CCRA exact,3,31,13,1,1,0,1.0,,1,32,0,32,0,0,1,,0.0,,0.0,1.0,1.0,0.0,1.0,1.0,0.0
guard_scope,faults1,faults1,8,ccra_exact_guard,CCRA exact,4,31,13,1,1,0,1.0,,1,32,0,32,0,0,1,,0.0,,0.0,1.0,1.0,0.0,1.0,1.0,0.0
guard_scope,faults1,faults1,8,ccra_row_guard,CCRA row,0,31,13,1,1,0,1.0,,1,33,1,33,0,0,1,,0.017990074441687345,,0.2805727554179567,30.0,1.0,29.0,0.03333333333333333,1.0,0.9666666666666667
guard_scope,faults1,faults1,8,ccra_row_guard,CCRA row,1,31,13,1,1,0,1.0,,1,32,0,32,0,0,1,,0.017990074441687345,,0.2805727554179567,30.0,1.0,29.0,0.03333333333333333,1.0,0.9666666666666667
guard_scope,faults1,faults1,8,ccra_row_guard,CCRA row,2,31,13,1,1,0,1.0,,1,32,0,32,0,0,1,,0.017990074441687345,,0.2805727554179567,30.0,1.0,29.0,0.03333333333333333,1.0,0.9666666666666667
guard_scope,faults1,faults1,8,ccra_row_guard,CCRA row,3,31,13,1,1,0,1.0,,1,32,0,32,0,0,1,,0.017990074441687345,,0.2805727554179567,30.0,1.0,29.0,0.03333333333333333,1.0,0.9666666666666667
guard_scope,faults1,faults1,8,ccra_row_guard,CCRA row,4,31,13,1,1,0,1.0,,1,32,0,32,0,0,1,,0.017990074441687345,,0.2805727554179567,30.0,1.0,29.0,0.03333333333333333,1.0,0.9666666666666667
guard_scope,faults1,faults1,8,ccra_column_guard,CCRA column,0,31,13,1,1,0,1.0,,0,16,1,17,0,0,1,,0.007444168734491315,,0.007739938080495356,13.0,1.0,12.0,0.07692307692307693,1.0,0.9230769230769231
guard_scope,faults1,faults1,8,ccra_column_guard,CCRA column,1,31,13,1,1,0,1.0,,0,0,0,1,0,0,1,,0.007444168734491315,,0.007739938080495356,13.0,1.0,12.0,0.07692307692307693,1.0,0.9230769230769231
guard_scope,faults1,faults1,8,ccra_column_guard,CCRA column,2,31,13,1,1,0,1.0,,0,0,0,1,0,0,1,,0.007444168734491315,,0.007739938080495356,13.0,1.0,12.0,0.07692307692307693,1.0,0.9230769230769231
guard_scope,faults1,faults1,8,ccra_column_guard,CCRA column,3,31,13,1,1,0,1.0,,0,0,0,1,0,0,1,,0.007444168734491315,,0.007739938080495356,13.0,1.0,12.0,0.07692307692307693,1.0,0.9230769230769231
guard_scope,faults1,faults1,8,ccra_column_guard,CCRA column,4,31,13,1,1,0,1.0,,0,0,0,1,0,0,1,,0.007444168734491315,,0.007739938080495356,13.0,1.0,12.0,0.07692307692307693,1.0,0.9230769230769231
guard_scope,faults1,faults1,8,ccra_region1_guard,CCRA radius 1,0,31,13,1,1,0,1.0,,1,35,1,35,0,0,1,,0.004962779156327543,,0.030959752321981424,9.0,1.0,8.0,0.1111111111111111,1.0,0.8888888888888888
guard_scope,faults1,faults1,8,ccra_region1_guard,CCRA radius 1,1,31,13,1,1,0,1.0,,1,34,0,34,0,0,1,,0.004962779156327543,,0.030959752321981424,9.0,1.0,8.0,0.1111111111111111,1.0,0.8888888888888888
guard_scope,faults1,faults1,8,ccra_region1_guard,CCRA radius 1,2,31,13,1,1,0,1.0,,1,34,0,34,0,0,1,,0.004962779156327543,,0.030959752321981424,9.0,1.0,8.0,0.1111111111111111,1.0,0.8888888888888888
guard_scope,faults1,faults1,8,ccra_region1_guard,CCRA radius 1,3,31,13,1,1,0,1.0,,1,34,0,34,0,0,1,,0.004962779156327543,,0.030959752321981424,9.0,1.0,8.0,0.1111111111111111,1.0,0.8888888888888888
guard_scope,faults1,faults1,8,ccra_region1_guard,CCRA radius 1,4,31,13,1,1,0,1.0,,1,34,0,34,0,0,1,,0.004962779156327543,,0.030959752321981424,9.0,1.0,8.0,0.1111111111111111,1.0,0.8888888888888888
guard_scope,faults1,faults1,8,ccra_region2_guard,CCRA radius 2,0,31,13,1,1,0,1.0,,1,37,1,37,0,0,1,,0.01488833746898263,,0.06191950464396285,25.0,1.0,24.0,0.04,1.0,0.96
guard_scope,faults1,faults1,8,ccra_region2_guard,CCRA radius 2,1,31,13,1,1,0,1.0,,1,36,0,36,0,0,1,,0.01488833746898263,,0.06191950464396285,25.0,1.0,24.0,0.04,1.0,0.96
guard_scope,faults1,faults1,8,ccra_region2_guard,CCRA radius 2,2,31,13,1,1,0,1.0,,1,36,0,36,0,0,1,,0.01488833746898263,,0.06191950464396285,25.0,1.0,24.0,0.04,1.0,0.96
guard_scope,faults1,faults1,8,ccra_region2_guard,CCRA radius 2,3,31,13,1,1,0,1.0,,1,36,0,36,0,0,1,,0.01488833746898263,,0.06191950464396285,25.0,1.0,24.0,0.04,1.0,0.96
guard_scope,faults1,faults1,8,ccra_region2_guard,CCRA radius 2,4,31,13,1,1,0,1.0,,1,36,0,36,0,0,1,,0.01488833746898263,,0.06191950464396285,25.0,1.0,24.0,0.04,1.0,0.96
guard_scope,faults1,faults1,8,ccra_action_guard,CCRA action,0,31,13,1,1,0,1.0,,0,16,1,17,0,0,1,,0.2413151364764268,,0.5127708978328174,390.0,1.0,389.0,0.002564102564102564,1.0,0.9974358974358974
guard_scope,faults1,faults1,8,ccra_action_guard,CCRA action,1,31,13,1,1,0,1.0,,0,0,0,1,0,0,1,,0.2413151364764268,,0.5127708978328174,390.0,1.0,389.0,0.002564102564102564,1.0,0.9974358974358974
guard_scope,faults1,faults1,8,ccra_action_guard,CCRA action,2,31,13,1,1,0,1.0,,0,0,0,1,0,0,1,,0.2413151364764268,,0.5127708978328174,390.0,1.0,389.0,0.002564102564102564,1.0,0.9974358974358974
guard_scope,faults1,faults1,8,ccra_action_guard,CCRA action,3,31,13,1,1,0,1.0,,0,0,0,1,0,0,1,,0.2413151364764268,,0.5127708978328174,390.0,1.0,389.0,0.002564102564102564,1.0,0.9974358974358974
guard_scope,faults1,faults1,8,ccra_action_guard,CCRA action,4,31,13,1,1,0,1.0,,0,0,0,1,0,0,1,,0.2413151364764268,,0.5127708978328174,390.0,1.0,389.0,0.002564102564102564,1.0,0.9974358974358974
guard_scope,faults1,faults1,8,global_action_repair,Global action,0,31,13,1,1,0,1.0,,0,18,3,19,0,0,1,,0.2413151364764268,,0.5127708978328174,390.0,1.0,389.0,0.002564102564102564,1.0,0.9974358974358974
guard_scope,faults1,faults1,8,global_action_repair,Global action,1,31,13,1,1,0,1.0,,0,0,0,1,0,0,1,,0.2413151364764268,,0.5127708978328174,390.0,1.0,389.0,0.002564102564102564,1.0,0.9974358974358974
guard_scope,faults1,faults1,8,global_action_repair,Global action,2,31,13,1,1,0,1.0,,0,0,0,1,0,0,1,,0.2413151364764268,,0.5127708978328174,390.0,1.0,389.0,0.002564102564102564,1.0,0.9974358974358974
guard_scope,faults1,faults1,8,global_action_repair,Global action,3,31,13,1,1,0,1.0,,0,0,0,1,0,0,1,,0.2413151364764268,,0.5127708978328174,390.0,1.0,389.0,0.002564102564102564,1.0,0.9974358974358974
guard_scope,faults1,faults1,8,global_action_repair,Global action,4,31,13,1,1,0,1.0,,0,0,0,1,0,0,1,,0.2413151364764268,,0.5127708978328174,390.0,1.0,389.0,0.002564102564102564,1.0,0.9974358974358974
guard_scope,faults1,faults1,9,ccra_exact_guard,CCRA exact,0,31,13,1,1,0,1.0,,1,33,1,33,0,0,1,,0.0,,0.0,1.0,1.0,0.0,1.0,1.0,0.0
guard_scope,faults1,faults1,9,ccra_exact_guard,CCRA exact,1,31,13,1,1,0,1.0,,1,32,0,32,0,0,1,,0.0,,0.0,1.0,1.0,0.0,1.0,1.0,0.0
guard_scope,faults1,faults1,9,ccra_exact_guard,CCRA exact,2,31,13,1,1,0,1.0,,1,32,0,32,0,0,1,,0.0,,0.0,1.0,1.0,0.0,1.0,1.0,0.0
guard_scope,faults1,faults1,9,ccra_exact_guard,CCRA exact,3,31,13,1,1,0,1.0,,1,32,0,32,0,0,1,,0.0,,0.0,1.0,1.0,0.0,1.0,1.0,0.0
guard_scope,faults1,faults1,9,ccra_exact_guard,CCRA exact,4,31,13,1,1,0,1.0,,1,32,0,32,0,0,1,,0.0,,0.0,1.0,1.0,0.0,1.0,1.0,0.0
guard_scope,faults1,faults1,9,ccra_row_guard,CCRA row,0,31,13,1,1,0,1.0,,1,33,1,33,0,0,1,,0.017990074441687345,,0.2805727554179567,30.0,1.0,29.0,0.03333333333333333,1.0,0.9666666666666667
guard_scope,faults1,faults1,9,ccra_row_guard,CCRA row,1,31,13,1,1,0,1.0,,1,32,0,32,0,0,1,,0.017990074441687345,,0.2805727554179567,30.0,1.0,29.0,0.03333333333333333,1.0,0.9666666666666667
guard_scope,faults1,faults1,9,ccra_row_guard,CCRA row,2,31,13,1,1,0,1.0,,1,32,0,32,0,0,1,,0.017990074441687345,,0.2805727554179567,30.0,1.0,29.0,0.03333333333333333,1.0,0.9666666666666667
guard_scope,faults1,faults1,9,ccra_row_guard,CCRA row,3,31,13,1,1,0,1.0,,1,32,0,32,0,0,1,,0.017990074441687345,,0.2805727554179567,30.0,1.0,29.0,0.03333333333333333,1.0,0.9666666666666667
guard_scope,faults1,faults1,9,ccra_row_guard,CCRA row,4,31,13,1,1,0,1.0,,1,32,0,32,0,0,1,,0.017990074441687345,,0.2805727554179567,30.0,1.0,29.0,0.03333333333333333,1.0,0.9666666666666667
guard_scope,faults1,faults1,9,ccra_column_guard,CCRA column,0,31,13,1,1,0,1.0,,0,27,1,28,0,0,1,,0.007444168734491315,,0.007739938080495356,13.0,1.0,12.0,0.07692307692307693,1.0,0.9230769230769231
guard_scope,faults1,faults1,9,ccra_column_guard,CCRA column,1,31,13,1,1,0,1.0,,0,0,0,1,0,0,1,,0.007444168734491315,,0.007739938080495356,13.0,1.0,12.0,0.07692307692307693,1.0,0.9230769230769231
guard_scope,faults1,faults1,9,ccra_column_guard,CCRA column,2,31,13,1,1,0,1.0,,0,0,0,1,0,0,1,,0.007444168734491315,,0.007739938080495356,13.0,1.0,12.0,0.07692307692307693,1.0,0.9230769230769231
guard_scope,faults1,faults1,9,ccra_column_guard,CCRA column,3,31,13,1,1,0,1.0,,0,0,0,1,0,0,1,,0.007444168734491315,,0.007739938080495356,13.0,1.0,12.0,0.07692307692307693,1.0,0.9230769230769231
guard_scope,faults1,faults1,9,ccra_column_guard,CCRA column,4,31,13,1,1,0,1.0,,0,0,0,1,0,0,1,,0.007444168734491315,,0.007739938080495356,13.0,1.0,12.0,0.07692307692307693,1.0,0.9230769230769231
guard_scope,faults1,faults1,9,ccra_region1_guard,CCRA radius 1,0,31,13,1,1,0,1.0,,1,35,1,35,0,0,1,,0.004962779156327543,,0.030959752321981424,9.0,1.0,8.0,0.1111111111111111,1.0,0.8888888888888888
guard_scope,faults1,faults1,9,ccra_region1_guard,CCRA radius 1,1,31,13,1,1,0,1.0,,1,34,0,34,0,0,1,,0.004962779156327543,,0.030959752321981424,9.0,1.0,8.0,0.1111111111111111,1.0,0.8888888888888888
guard_scope,faults1,faults1,9,ccra_region1_guard,CCRA radius 1,2,31,13,1,1,0,1.0,,1,34,0,34,0,0,1,,0.004962779156327543,,0.030959752321981424,9.0,1.0,8.0,0.1111111111111111,1.0,0.8888888888888888
guard_scope,faults1,faults1,9,ccra_region1_guard,CCRA radius 1,3,31,13,1,1,0,1.0,,1,34,0,34,0,0,1,,0.004962779156327543,,0.030959752321981424,9.0,1.0,8.0,0.1111111111111111,1.0,0.8888888888888888
guard_scope,faults1,faults1,9,ccra_region1_guard,CCRA radius 1,4,31,13,1,1,0,1.0,,1,34,0,34,0,0,1,,0.004962779156327543,,0.030959752321981424,9.0,1.0,8.0,0.1111111111111111,1.0,0.8888888888888888
guard_scope,faults1,faults1,9,ccra_region2_guard,CCRA radius 2,0,31,13,1,1,0,1.0,,1,37,1,37,0,0,1,,0.01488833746898263,,0.06191950464396285,25.0,1.0,24.0,0.04,1.0,0.96
guard_scope,faults1,faults1,9,ccra_region2_guard,CCRA radius 2,1,31,13,1,1,0,1.0,,1,36,0,36,0,0,1,,0.01488833746898263,,0.06191950464396285,25.0,1.0,24.0,0.04,1.0,0.96
guard_scope,faults1,faults1,9,ccra_region2_guard,CCRA radius 2,2,31,13,1,1,0,1.0,,1,36,0,36,0,0,1,,0.01488833746898263,,0.06191950464396285,25.0,1.0,24.0,0.04,1.0,0.96
guard_scope,faults1,faults1,9,ccra_region2_guard,CCRA radius 2,3,31,13,1,1,0,1.0,,1,36,0,36,0,0,1,,0.01488833746898263,,0.06191950464396285,25.0,1.0,24.0,0.04,1.0,0.96
guard_scope,faults1,faults1,9,ccra_region2_guard,CCRA radius 2,4,31,13,1,1,0,1.0,,1,36,0,36,0,0,1,,0.01488833746898263,,0.06191950464396285,25.0,1.0,24.0,0.04,1.0,0.96
guard_scope,faults1,faults1,9,ccra_action_guard,CCRA action,0,31,13,1,1,0,1.0,,0,27,1,28,0,0,1,,0.2413151364764268,,0.5127708978328174,390.0,1.0,389.0,0.002564102564102564,1.0,0.9974358974358974
guard_scope,faults1,faults1,9,ccra_action_guard,CCRA action,1,31,13,1,1,0,1.0,,0,0,0,1,0,0,1,,0.2413151364764268,,0.5127708978328174,390.0,1.0,389.0,0.002564102564102564,1.0,0.9974358974358974
guard_scope,faults1,faults1,9,ccra_action_guard,CCRA action,2,31,13,1,1,0,1.0,,0,0,0,1,0,0,1,,0.2413151364764268,,0.5127708978328174,390.0,1.0,389.0,0.002564102564102564,1.0,0.9974358974358974
guard_scope,faults1,faults1,9,ccra_action_guard,CCRA action,3,31,13,1,1,0,1.0,,0,0,0,1,0,0,1,,0.2413151364764268,,0.5127708978328174,390.0,1.0,389.0,0.002564102564102564,1.0,0.9974358974358974
guard_scope,faults1,faults1,9,ccra_action_guard,CCRA action,4,31,13,1,1,0,1.0,,0,0,0,1,0,0,1,,0.2413151364764268,,0.5127708978328174,390.0,1.0,389.0,0.002564102564102564,1.0,0.9974358974358974
guard_scope,faults1,faults1,9,global_action_repair,Global action,0,31,13,1,1,0,1.0,,0,29,3,30,0,0,1,,0.2413151364764268,,0.5127708978328174,390.0,1.0,389.0,0.002564102564102564,1.0,0.9974358974358974
guard_scope,faults1,faults1,9,global_action_repair,Global action,1,31,13,1,1,0,1.0,,0,0,0,1,0,0,1,,0.2413151364764268,,0.5127708978328174,390.0,1.0,389.0,0.002564102564102564,1.0,0.9974358974358974
guard_scope,faults1,faults1,9,global_action_repair,Global action,2,31,13,1,1,0,1.0,,0,0,0,1,0,0,1,,0.2413151364764268,,0.5127708978328174,390.0,1.0,389.0,0.002564102564102564,1.0,0.9974358974358974
guard_scope,faults1,faults1,9,global_action_repair,Global action,3,31,13,1,1,0,1.0,,0,0,0,1,0,0,1,,0.2413151364764268,,0.5127708978328174,390.0,1.0,389.0,0.002564102564102564,1.0,0.9974358974358974
guard_scope,faults1,faults1,9,global_action_repair,Global action,4,31,13,1,1,0,1.0,,0,0,0,1,0,0,1,,0.2413151364764268,,0.5127708978328174,390.0,1.0,389.0,0.002564102564102564,1.0,0.9974358974358974
guard_scope,faults1,faults1,10,ccra_exact_guard,CCRA exact,0,31,13,1,1,0,1.0,,1,33,1,33,0,0,1,,0.0,,0.0,1.0,1.0,0.0,1.0,1.0,0.0
guard_scope,faults1,faults1,10,ccra_exact_guard,CCRA exact,1,31,13,1,1,0,1.0,,1,32,0,32,0,0,1,,0.0,,0.0,1.0,1.0,0.0,1.0,1.0,0.0
guard_scope,faults1,faults1,10,ccra_exact_guard,CCRA exact,2,31,13,1,1,0,1.0,,1,32,0,32,0,0,1,,0.0,,0.0,1.0,1.0,0.0,1.0,1.0,0.0
guard_scope,faults1,faults1,10,ccra_exact_guard,CCRA exact,3,31,13,1,1,0,1.0,,1,32,0,32,0,0,1,,0.0,,0.0,1.0,1.0,0.0,1.0,1.0,0.0
guard_scope,faults1,faults1,10,ccra_exact_guard,CCRA exact,4,31,13,1,1,0,1.0,,1,32,0,32,0,0,1,,0.0,,0.0,1.0,1.0,0.0,1.0,1.0,0.0
guard_scope,faults1,faults1,10,ccra_row_guard,CCRA row,0,31,13,1,1,0,1.0,,1,33,1,33,0,0,1,,0.017990074441687345,,0.2805727554179567,30.0,1.0,29.0,0.03333333333333333,1.0,0.9666666666666667
guard_scope,faults1,faults1,10,ccra_row_guard,CCRA row,1,31,13,1,1,0,1.0,,1,32,0,32,0,0,1,,0.017990074441687345,,0.2805727554179567,30.0,1.0,29.0,0.03333333333333333,1.0,0.9666666666666667
guard_scope,faults1,faults1,10,ccra_row_guard,CCRA row,2,31,13,1,1,0,1.0,,1,32,0,32,0,0,1,,0.017990074441687345,,0.2805727554179567,30.0,1.0,29.0,0.03333333333333333,1.0,0.9666666666666667
guard_scope,faults1,faults1,10,ccra_row_guard,CCRA row,3,31,13,1,1,0,1.0,,1,32,0,32,0,0,1,,0.017990074441687345,,0.2805727554179567,30.0,1.0,29.0,0.03333333333333333,1.0,0.9666666666666667
guard_scope,faults1,faults1,10,ccra_row_guard,CCRA row,4,31,13,1,1,0,1.0,,1,32,0,32,0,0,1,,0.017990074441687345,,0.2805727554179567,30.0,1.0,29.0,0.03333333333333333,1.0,0.9666666666666667
guard_scope,faults1,faults1,10,ccra_column_guard,CCRA column,0,31,13,1,1,0,1.0,,0,7,1,8,0,0,1,,0.007444168734491315,,0.007739938080495356,13.0,1.0,12.0,0.07692307692307693,1.0,0.9230769230769231
guard_scope,faults1,faults1,10,ccra_column_guard,CCRA column,1,31,13,1,1,0,1.0,,0,0,0,1,0,0,1,,0.007444168734491315,,0.007739938080495356,13.0,1.0,12.0,0.07692307692307693,1.0,0.9230769230769231
guard_scope,faults1,faults1,10,ccra_column_guard,CCRA column,2,31,13,1,1,0,1.0,,0,0,0,1,0,0,1,,0.007444168734491315,,0.007739938080495356,13.0,1.0,12.0,0.07692307692307693,1.0,0.9230769230769231
guard_scope,faults1,faults1,10,ccra_column_guard,CCRA column,3,31,13,1,1,0,1.0,,0,0,0,1,0,0,1,,0.007444168734491315,,0.007739938080495356,13.0,1.0,12.0,0.07692307692307693,1.0,0.9230769230769231
guard_scope,faults1,faults1,10,ccra_column_guard,CCRA column,4,31,13,1,1,0,1.0,,0,0,0,1,0,0,1,,0.007444168734491315,,0.007739938080495356,13.0,1.0,12.0,0.07692307692307693,1.0,0.9230769230769231
guard_scope,faults1,faults1,10,ccra_region1_guard,CCRA radius 1,0,31,13,1,1,0,1.0,,1,35,1,35,0,0,1,,0.004962779156327543,,0.030959752321981424,9.0,1.0,8.0,0.1111111111111111,1.0,0.8888888888888888
guard_scope,faults1,faults1,10,ccra_region1_guard,CCRA radius 1,1,31,13,1,1,0,1.0,,1,34,0,34,0,0,1,,0.004962779156327543,,0.030959752321981424,9.0,1.0,8.0,0.1111111111111111,1.0,0.8888888888888888
guard_scope,faults1,faults1,10,ccra_region1_guard,CCRA radius 1,2,31,13,1,1,0,1.0,,1,34,0,34,0,0,1,,0.004962779156327543,,0.030959752321981424,9.0,1.0,8.0,0.1111111111111111,1.0,0.8888888888888888
guard_scope,faults1,faults1,10,ccra_region1_guard,CCRA radius 1,3,31,13,1,1,0,1.0,,1,34,0,34,0,0,1,,0.004962779156327543,,0.030959752321981424,9.0,1.0,8.0,0.1111111111111111,1.0,0.8888888888888888
guard_scope,faults1,faults1,10,ccra_region1_guard,CCRA radius 1,4,31,13,1,1,0,1.0,,1,34,0,34,0,0,1,,0.004962779156327543,,0.030959752321981424,9.0,1.0,8.0,0.1111111111111111,1.0,0.8888888888888888
guard_scope,faults1,faults1,10,ccra_region2_guard,CCRA radius 2,0,31,13,1,1,0,1.0,,1,37,1,37,0,0,1,,0.01488833746898263,,0.06191950464396285,25.0,1.0,24.0,0.04,1.0,0.96
guard_scope,faults1,faults1,10,ccra_region2_guard,CCRA radius 2,1,31,13,1,1,0,1.0,,1,36,0,36,0,0,1,,0.01488833746898263,,0.06191950464396285,25.0,1.0,24.0,0.04,1.0,0.96
guard_scope,faults1,faults1,10,ccra_region2_guard,CCRA radius 2,2,31,13,1,1,0,1.0,,1,36,0,36,0,0,1,,0.01488833746898263,,0.06191950464396285,25.0,1.0,24.0,0.04,1.0,0.96
guard_scope,faults1,faults1,10,ccra_region2_guard,CCRA radius 2,3,31,13,1,1,0,1.0,,1,36,0,36,0,0,1,,0.01488833746898263,,0.06191950464396285,25.0,1.0,24.0,0.04,1.0,0.96
guard_scope,faults1,faults1,10,ccra_region2_guard,CCRA radius 2,4,31,13,1,1,0,1.0,,1,36,0,36,0,0,1,,0.01488833746898263,,0.06191950464396285,25.0,1.0,24.0,0.04,1.0,0.96
guard_scope,faults1,faults1,10,ccra_action_guard,CCRA action,0,31,13,1,1,0,1.0,,0,7,1,8,0,0,1,,0.2413151364764268,,0.5127708978328174,390.0,1.0,389.0,0.002564102564102564,1.0,0.9974358974358974
guard_scope,faults1,faults1,10,ccra_action_guard,CCRA action,1,31,13,1,1,0,1.0,,0,0,0,1,0,0,1,,0.2413151364764268,,0.5127708978328174,390.0,1.0,389.0,0.002564102564102564,1.0,0.9974358974358974
guard_scope,faults1,faults1,10,ccra_action_guard,CCRA action,2,31,13,1,1,0,1.0,,0,0,0,1,0,0,1,,0.2413151364764268,,0.5127708978328174,390.0,1.0,389.0,0.002564102564102564,1.0,0.9974358974358974
guard_scope,faults1,faults1,10,ccra_action_guard,CCRA action,3,31,13,1,1,0,1.0,,0,0,0,1,0,0,1,,0.2413151364764268,,0.5127708978328174,390.0,1.0,389.0,0.002564102564102564,1.0,0.9974358974358974
guard_scope,faults1,faults1,10,ccra_action_guard,CCRA action,4,31,13,1,1,0,1.0,,0,0,0,1,0,0,1,,0.2413151364764268,,0.5127708978328174,390.0,1.0,389.0,0.002564102564102564,1.0,0.9974358974358974
guard_scope,faults1,faults1,10,global_action_repair,Global action,0,31,13,1,1,0,1.0,,0,9,3,10,0,0,1,,0.2413151364764268,,0.5127708978328174,390.0,1.0,389.0,0.002564102564102564,1.0,0.9974358974358974
guard_scope,faults1,faults1,10,global_action_repair,Global action,1,31,13,1,1,0,1.0,,0,0,0,1,0,0,1,,0.2413151364764268,,0.5127708978328174,390.0,1.0,389.0,0.002564102564102564,1.0,0.9974358974358974
guard_scope,faults1,faults1,10,global_action_repair,Global action,2,31,13,1,1,0,1.0,,0,0,0,1,0,0,1,,0.2413151364764268,,0.5127708978328174,390.0,1.0,389.0,0.002564102564102564,1.0,0.9974358974358974
guard_scope,faults1,faults1,10,global_action_repair,Global action,3,31,13,1,1,0,1.0,,0,0,0,1,0,0,1,,0.2413151364764268,,0.5127708978328174,390.0,1.0,389.0,0.002564102564102564,1.0,0.9974358974358974
guard_scope,faults1,faults1,10,global_action_repair,Global action,4,31,13,1,1,0,1.0,,0,0,0,1,0,0,1,,0.2413151364764268,,0.5127708978328174,390.0,1.0,389.0,0.002564102564102564,1.0,0.9974358974358974
guard_scope,faults1,faults1,11,ccra_exact_guard,CCRA exact,0,31,13,1,1,0,1.0,,1,33,1,33,0,0,1,,0.0,,0.0,1.0,1.0,0.0,1.0,1.0,0.0
guard_scope,faults1,faults1,11,ccra_exact_guard,CCRA exact,1,31,13,1,1,0,1.0,,1,32,0,32,0,0,1,,0.0,,0.0,1.0,1.0,0.0,1.0,1.0,0.0
guard_scope,faults1,faults1,11,ccra_exact_guard,CCRA exact,2,31,13,1,1,0,1.0,,1,32,0,32,0,0,1,,0.0,,0.0,1.0,1.0,0.0,1.0,1.0,0.0
guard_scope,faults1,faults1,11,ccra_exact_guard,CCRA exact,3,31,13,1,1,0,1.0,,1,32,0,32,0,0,1,,0.0,,0.0,1.0,1.0,0.0,1.0,1.0,0.0
guard_scope,faults1,faults1,11,ccra_exact_guard,CCRA exact,4,31,13,1,1,0,1.0,,1,32,0,32,0,0,1,,0.0,,0.0,1.0,1.0,0.0,1.0,1.0,0.0
guard_scope,faults1,faults1,11,ccra_row_guard,CCRA row,0,31,13,1,1,0,1.0,,1,33,1,33,0,0,1,,0.017990074441687345,,0.2805727554179567,30.0,1.0,29.0,0.03333333333333333,1.0,0.9666666666666667
guard_scope,faults1,faults1,11,ccra_row_guard,CCRA row,1,31,13,1,1,0,1.0,,1,32,0,32,0,0,1,,0.017990074441687345,,0.2805727554179567,30.0,1.0,29.0,0.03333333333333333,1.0,0.9666666666666667
guard_scope,faults1,faults1,11,ccra_row_guard,CCRA row,2,31,13,1,1,0,1.0,,1,32,0,32,0,0,1,,0.017990074441687345,,0.2805727554179567,30.0,1.0,29.0,0.03333333333333333,1.0,0.9666666666666667
guard_scope,faults1,faults1,11,ccra_row_guard,CCRA row,3,31,13,1,1,0,1.0,,1,32,0,32,0,0,1,,0.017990074441687345,,0.2805727554179567,30.0,1.0,29.0,0.03333333333333333,1.0,0.9666666666666667
guard_scope,faults1,faults1,11,ccra_row_guard,CCRA row,4,31,13,1,1,0,1.0,,1,32,0,32,0,0,1,,0.017990074441687345,,0.2805727554179567,30.0,1.0,29.0,0.03333333333333333,1.0,0.9666666666666667
guard_scope,faults1,faults1,11,ccra_column_guard,CCRA column,0,31,13,1,1,0,1.0,,0,14,1,15,0,0,1,,0.007444168734491315,,0.007739938080495356,13.0,1.0,12.0,0.07692307692307693,1.0,0.9230769230769231
guard_scope,faults1,faults1,11,ccra_column_guard,CCRA column,1,31,13,1,1,0,1.0,,0,0,0,1,0,0,1,,0.007444168734491315,,0.007739938080495356,13.0,1.0,12.0,0.07692307692307693,1.0,0.9230769230769231
guard_scope,faults1,faults1,11,ccra_column_guard,CCRA column,2,31,13,1,1,0,1.0,,0,0,0,1,0,0,1,,0.007444168734491315,,0.007739938080495356,13.0,1.0,12.0,0.07692307692307693,1.0,0.9230769230769231
guard_scope,faults1,faults1,11,ccra_column_guard,CCRA column,3,31,13,1,1,0,1.0,,0,0,0,1,0,0,1,,0.007444168734491315,,0.007739938080495356,13.0,1.0,12.0,0.07692307692307693,1.0,0.9230769230769231
guard_scope,faults1,faults1,11,ccra_column_guard,CCRA column,4,31,13,1,1,0,1.0,,0,0,0,1,0,0,1,,0.007444168734491315,,0.007739938080495356,13.0,1.0,12.0,0.07692307692307693,1.0,0.9230769230769231
guard_scope,faults1,faults1,11,ccra_region1_guard,CCRA radius 1,0,31,13,1,1,0,1.0,,1,35,1,35,0,0,1,,0.004962779156327543,,0.030959752321981424,9.0,1.0,8.0,0.1111111111111111,1.0,0.8888888888888888
guard_scope,faults1,faults1,11,ccra_region1_guard,CCRA radius 1,1,31,13,1,1,0,1.0,,1,34,0,34,0,0,1,,0.004962779156327543,,0.030959752321981424,9.0,1.0,8.0,0.1111111111111111,1.0,0.8888888888888888
guard_scope,faults1,faults1,11,ccra_region1_guard,CCRA radius 1,2,31,13,1,1,0,1.0,,1,34,0,34,0,0,1,,0.004962779156327543,,0.030959752321981424,9.0,1.0,8.0,0.1111111111111111,1.0,0.8888888888888888
guard_scope,faults1,faults1,11,ccra_region1_guard,CCRA radius 1,3,31,13,1,1,0,1.0,,1,34,0,34,0,0,1,,0.004962779156327543,,0.030959752321981424,9.0,1.0,8.0,0.1111111111111111,1.0,0.8888888888888888
guard_scope,faults1,faults1,11,ccra_region1_guard,CCRA radius 1,4,31,13,1,1,0,1.0,,1,34,0,34,0,0,1,,0.004962779156327543,,0.030959752321981424,9.0,1.0,8.0,0.1111111111111111,1.0,0.8888888888888888
guard_scope,faults1,faults1,11,ccra_region2_guard,CCRA radius 2,0,31,13,1,1,0,1.0,,1,37,1,37,0,0,1,,0.01488833746898263,,0.06191950464396285,25.0,1.0,24.0,0.04,1.0,0.96
guard_scope,faults1,faults1,11,ccra_region2_guard,CCRA radius 2,1,31,13,1,1,0,1.0,,1,36,0,36,0,0,1,,0.01488833746898263,,0.06191950464396285,25.0,1.0,24.0,0.04,1.0,0.96
guard_scope,faults1,faults1,11,ccra_region2_guard,CCRA radius 2,2,31,13,1,1,0,1.0,,1,36,0,36,0,0,1,,0.01488833746898263,,0.06191950464396285,25.0,1.0,24.0,0.04,1.0,0.96
guard_scope,faults1,faults1,11,ccra_region2_guard,CCRA radius 2,3,31,13,1,1,0,1.0,,1,36,0,36,0,0,1,,0.01488833746898263,,0.06191950464396285,25.0,1.0,24.0,0.04,1.0,0.96
guard_scope,faults1,faults1,11,ccra_region2_guard,CCRA radius 2,4,31,13,1,1,0,1.0,,1,36,0,36,0,0,1,,0.01488833746898263,,0.06191950464396285,25.0,1.0,24.0,0.04,1.0,0.96
guard_scope,faults1,faults1,11,ccra_action_guard,CCRA action,0,31,13,1,1,0,1.0,,0,14,1,15,0,0,1,,0.2413151364764268,,0.5127708978328174,390.0,1.0,389.0,0.002564102564102564,1.0,0.9974358974358974
guard_scope,faults1,faults1,11,ccra_action_guard,CCRA action,1,31,13,1,1,0,1.0,,0,0,0,1,0,0,1,,0.2413151364764268,,0.5127708978328174,390.0,1.0,389.0,0.002564102564102564,1.0,0.9974358974358974
guard_scope,faults1,faults1,11,ccra_action_guard,CCRA action,2,31,13,1,1,0,1.0,,0,0,0,1,0,0,1,,0.2413151364764268,,0.5127708978328174,390.0,1.0,389.0,0.002564102564102564,1.0,0.9974358974358974
guard_scope,faults1,faults1,11,ccra_action_guard,CCRA action,3,31,13,1,1,0,1.0,,0,0,0,1,0,0,1,,0.2413151364764268,,0.5127708978328174,390.0,1.0,389.0,0.002564102564102564,1.0,0.9974358974358974
guard_scope,faults1,faults1,11,ccra_action_guard,CCRA action,4,31,13,1,1,0,1.0,,0,0,0,1,0,0,1,,0.2413151364764268,,0.5127708978328174,390.0,1.0,389.0,0.002564102564102564,1.0,0.9974358974358974
guard_scope,faults1,faults1,11,global_action_repair,Global action,0,31,13,1,1,0,1.0,,0,16,3,17,0,0,1,,0.2413151364764268,,0.5127708978328174,390.0,1.0,389.0,0.002564102564102564,1.0,0.9974358974358974
guard_scope,faults1,faults1,11,global_action_repair,Global action,1,31,13,1,1,0,1.0,,0,0,0,1,0,0,1,,0.2413151364764268,,0.5127708978328174,390.0,1.0,389.0,0.002564102564102564,1.0,0.9974358974358974
guard_scope,faults1,faults1,11,global_action_repair,Global action,2,31,13,1,1,0,1.0,,0,0,0,1,0,0,1,,0.2413151364764268,,0.5127708978328174,390.0,1.0,389.0,0.002564102564102564,1.0,0.9974358974358974
guard_scope,faults1,faults1,11,global_action_repair,Global action,3,31,13,1,1,0,1.0,,0,0,0,1,0,0,1,,0.2413151364764268,,0.5127708978328174,390.0,1.0,389.0,0.002564102564102564,1.0,0.9974358974358974
guard_scope,faults1,faults1,11,global_action_repair,Global action,4,31,13,1,1,0,1.0,,0,0,0,1,0,0,1,,0.2413151364764268,,0.5127708978328174,390.0,1.0,389.0,0.002564102564102564,1.0,0.9974358974358974
guard_scope,faults1,faults1,12,ccra_exact_guard,CCRA exact,0,31,13,1,1,0,1.0,,1,33,1,33,0,0,1,,0.0,,0.0,1.0,1.0,0.0,1.0,1.0,0.0
guard_scope,faults1,faults1,12,ccra_exact_guard,CCRA exact,1,31,13,1,1,0,1.0,,1,32,0,32,0,0,1,,0.0,,0.0,1.0,1.0,0.0,1.0,1.0,0.0
guard_scope,faults1,faults1,12,ccra_exact_guard,CCRA exact,2,31,13,1,1,0,1.0,,1,32,0,32,0,0,1,,0.0,,0.0,1.0,1.0,0.0,1.0,1.0,0.0
guard_scope,faults1,faults1,12,ccra_exact_guard,CCRA exact,3,31,13,1,1,0,1.0,,1,32,0,32,0,0,1,,0.0,,0.0,1.0,1.0,0.0,1.0,1.0,0.0
guard_scope,faults1,faults1,12,ccra_exact_guard,CCRA exact,4,31,13,1,1,0,1.0,,1,32,0,32,0,0,1,,0.0,,0.0,1.0,1.0,0.0,1.0,1.0,0.0
guard_scope,faults1,faults1,12,ccra_row_guard,CCRA row,0,31,13,1,1,0,1.0,,1,33,1,33,0,0,1,,0.017990074441687345,,0.2805727554179567,30.0,1.0,29.0,0.03333333333333333,1.0,0.9666666666666667
guard_scope,faults1,faults1,12,ccra_row_guard,CCRA row,1,31,13,1,1,0,1.0,,1,32,0,32,0,0,1,,0.017990074441687345,,0.2805727554179567,30.0,1.0,29.0,0.03333333333333333,1.0,0.9666666666666667
guard_scope,faults1,faults1,12,ccra_row_guard,CCRA row,2,31,13,1,1,0,1.0,,1,32,0,32,0,0,1,,0.017990074441687345,,0.2805727554179567,30.0,1.0,29.0,0.03333333333333333,1.0,0.9666666666666667
guard_scope,faults1,faults1,12,ccra_row_guard,CCRA row,3,31,13,1,1,0,1.0,,1,32,0,32,0,0,1,,0.017990074441687345,,0.2805727554179567,30.0,1.0,29.0,0.03333333333333333,1.0,0.9666666666666667
guard_scope,faults1,faults1,12,ccra_row_guard,CCRA row,4,31,13,1,1,0,1.0,,1,32,0,32,0,0,1,,0.017990074441687345,,0.2805727554179567,30.0,1.0,29.0,0.03333333333333333,1.0,0.9666666666666667
guard_scope,faults1,faults1,12,ccra_column_guard,CCRA column,0,31,13,1,1,0,1.0,,0,8,1,9,0,0,1,,0.007444168734491315,,0.007739938080495356,13.0,1.0,12.0,0.07692307692307693,1.0,0.9230769230769231
guard_scope,faults1,faults1,12,ccra_column_guard,CCRA column,1,31,13,1,1,0,1.0,,0,0,0,1,0,0,1,,0.007444168734491315,,0.007739938080495356,13.0,1.0,12.0,0.07692307692307693,1.0,0.9230769230769231
guard_scope,faults1,faults1,12,ccra_column_guard,CCRA column,2,31,13,1,1,0,1.0,,0,0,0,1,0,0,1,,0.007444168734491315,,0.007739938080495356,13.0,1.0,12.0,0.07692307692307693,1.0,0.9230769230769231
guard_scope,faults1,faults1,12,ccra_column_guard,CCRA column,3,31,13,1,1,0,1.0,,0,0,0,1,0,0,1,,0.007444168734491315,,0.007739938080495356,13.0,1.0,12.0,0.07692307692307693,1.0,0.9230769230769231
guard_scope,faults1,faults1,12,ccra_column_guard,CCRA column,4,31,13,1,1,0,1.0,,0,0,0,1,0,0,1,,0.007444168734491315,,0.007739938080495356,13.0,1.0,12.0,0.07692307692307693,1.0,0.9230769230769231
guard_scope,faults1,faults1,12,ccra_region1_guard,CCRA radius 1,0,31,13,1,1,0,1.0,,1,35,1,35,0,0,1,,0.004962779156327543,,0.030959752321981424,9.0,1.0,8.0,0.1111111111111111,1.0,0.8888888888888888
guard_scope,faults1,faults1,12,ccra_region1_guard,CCRA radius 1,1,31,13,1,1,0,1.0,,1,34,0,34,0,0,1,,0.004962779156327543,,0.030959752321981424,9.0,1.0,8.0,0.1111111111111111,1.0,0.8888888888888888
guard_scope,faults1,faults1,12,ccra_region1_guard,CCRA radius 1,2,31,13,1,1,0,1.0,,1,34,0,34,0,0,1,,0.004962779156327543,,0.030959752321981424,9.0,1.0,8.0,0.1111111111111111,1.0,0.8888888888888888
guard_scope,faults1,faults1,12,ccra_region1_guard,CCRA radius 1,3,31,13,1,1,0,1.0,,1,34,0,34,0,0,1,,0.004962779156327543,,0.030959752321981424,9.0,1.0,8.0,0.1111111111111111,1.0,0.8888888888888888
guard_scope,faults1,faults1,12,ccra_region1_guard,CCRA radius 1,4,31,13,1,1,0,1.0,,1,34,0,34,0,0,1,,0.004962779156327543,,0.030959752321981424,9.0,1.0,8.0,0.1111111111111111,1.0,0.8888888888888888
guard_scope,faults1,faults1,12,ccra_region2_guard,CCRA radius 2,0,31,13,1,1,0,1.0,,1,37,1,37,0,0,1,,0.01488833746898263,,0.06191950464396285,25.0,1.0,24.0,0.04,1.0,0.96
guard_scope,faults1,faults1,12,ccra_region2_guard,CCRA radius 2,1,31,13,1,1,0,1.0,,1,36,0,36,0,0,1,,0.01488833746898263,,0.06191950464396285,25.0,1.0,24.0,0.04,1.0,0.96
guard_scope,faults1,faults1,12,ccra_region2_guard,CCRA radius 2,2,31,13,1,1,0,1.0,,1,36,0,36,0,0,1,,0.01488833746898263,,0.06191950464396285,25.0,1.0,24.0,0.04,1.0,0.96
guard_scope,faults1,faults1,12,ccra_region2_guard,CCRA radius 2,3,31,13,1,1,0,1.0,,1,36,0,36,0,0,1,,0.01488833746898263,,0.06191950464396285,25.0,1.0,24.0,0.04,1.0,0.96
guard_scope,faults1,faults1,12,ccra_region2_guard,CCRA radius 2,4,31,13,1,1,0,1.0,,1,36,0,36,0,0,1,,0.01488833746898263,,0.06191950464396285,25.0,1.0,24.0,0.04,1.0,0.96
guard_scope,faults1,faults1,12,ccra_action_guard,CCRA action,0,31,13,1,1,0,1.0,,0,8,1,9,0,0,1,,0.2413151364764268,,0.5127708978328174,390.0,1.0,389.0,0.002564102564102564,1.0,0.9974358974358974
guard_scope,faults1,faults1,12,ccra_action_guard,CCRA action,1,31,13,1,1,0,1.0,,0,0,0,1,0,0,1,,0.2413151364764268,,0.5127708978328174,390.0,1.0,389.0,0.002564102564102564,1.0,0.9974358974358974
guard_scope,faults1,faults1,12,ccra_action_guard,CCRA action,2,31,13,1,1,0,1.0,,0,0,0,1,0,0,1,,0.2413151364764268,,0.5127708978328174,390.0,1.0,389.0,0.002564102564102564,1.0,0.9974358974358974
guard_scope,faults1,faults1,12,ccra_action_guard,CCRA action,3,31,13,1,1,0,1.0,,0,0,0,1,0,0,1,,0.2413151364764268,,0.5127708978328174,390.0,1.0,389.0,0.002564102564102564,1.0,0.9974358974358974
guard_scope,faults1,faults1,12,ccra_action_guard,CCRA action,4,31,13,1,1,0,1.0,,0,0,0,1,0,0,1,,0.2413151364764268,,0.5127708978328174,390.0,1.0,389.0,0.002564102564102564,1.0,0.9974358974358974
guard_scope,faults1,faults1,12,global_action_repair,Global action,0,31,13,1,1,0,1.0,,0,10,3,11,0,0,1,,0.2413151364764268,,0.5127708978328174,390.0,1.0,389.0,0.002564102564102564,1.0,0.9974358974358974
guard_scope,faults1,faults1,12,global_action_repair,Global action,1,31,13,1,1,0,1.0,,0,0,0,1,0,0,1,,0.2413151364764268,,0.5127708978328174,390.0,1.0,389.0,0.002564102564102564,1.0,0.9974358974358974
guard_scope,faults1,faults1,12,global_action_repair,Global action,2,31,13,1,1,0,1.0,,0,0,0,1,0,0,1,,0.2413151364764268,,0.5127708978328174,390.0,1.0,389.0,0.002564102564102564,1.0,0.9974358974358974
guard_scope,faults1,faults1,12,global_action_repair,Global action,3,31,13,1,1,0,1.0,,0,0,0,1,0,0,1,,0.2413151364764268,,0.5127708978328174,390.0,1.0,389.0,0.002564102564102564,1.0,0.9974358974358974
guard_scope,faults1,faults1,12,global_action_repair,Global action,4,31,13,1,1,0,1.0,,0,0,0,1,0,0,1,,0.2413151364764268,,0.5127708978328174,390.0,1.0,389.0,0.002564102564102564,1.0,0.9974358974358974
guard_scope,faults1,faults1,13,ccra_exact_guard,CCRA exact,0,31,13,1,1,0,1.0,,1,33,1,33,0,0,1,,0.0,,0.0,1.0,1.0,0.0,1.0,1.0,0.0
guard_scope,faults1,faults1,13,ccra_exact_guard,CCRA exact,1,31,13,1,1,0,1.0,,1,32,0,32,0,0,1,,0.0,,0.0,1.0,1.0,0.0,1.0,1.0,0.0
guard_scope,faults1,faults1,13,ccra_exact_guard,CCRA exact,2,31,13,1,1,0,1.0,,1,32,0,32,0,0,1,,0.0,,0.0,1.0,1.0,0.0,1.0,1.0,0.0
guard_scope,faults1,faults1,13,ccra_exact_guard,CCRA exact,3,31,13,1,1,0,1.0,,1,32,0,32,0,0,1,,0.0,,0.0,1.0,1.0,0.0,1.0,1.0,0.0
guard_scope,faults1,faults1,13,ccra_exact_guard,CCRA exact,4,31,13,1,1,0,1.0,,1,32,0,32,0,0,1,,0.0,,0.0,1.0,1.0,0.0,1.0,1.0,0.0
guard_scope,faults1,faults1,13,ccra_row_guard,CCRA row,0,31,13,1,1,0,1.0,,1,33,1,33,0,0,1,,0.017990074441687345,,0.2805727554179567,30.0,1.0,29.0,0.03333333333333333,1.0,0.9666666666666667
guard_scope,faults1,faults1,13,ccra_row_guard,CCRA row,1,31,13,1,1,0,1.0,,1,32,0,32,0,0,1,,0.017990074441687345,,0.2805727554179567,30.0,1.0,29.0,0.03333333333333333,1.0,0.9666666666666667
guard_scope,faults1,faults1,13,ccra_row_guard,CCRA row,2,31,13,1,1,0,1.0,,1,32,0,32,0,0,1,,0.017990074441687345,,0.2805727554179567,30.0,1.0,29.0,0.03333333333333333,1.0,0.9666666666666667
guard_scope,faults1,faults1,13,ccra_row_guard,CCRA row,3,31,13,1,1,0,1.0,,1,32,0,32,0,0,1,,0.017990074441687345,,0.2805727554179567,30.0,1.0,29.0,0.03333333333333333,1.0,0.9666666666666667
guard_scope,faults1,faults1,13,ccra_row_guard,CCRA row,4,31,13,1,1,0,1.0,,1,32,0,32,0,0,1,,0.017990074441687345,,0.2805727554179567,30.0,1.0,29.0,0.03333333333333333,1.0,0.9666666666666667
guard_scope,faults1,faults1,13,ccra_column_guard,CCRA column,0,31,13,1,1,0,1.0,,0,14,1,15,0,0,1,,0.007444168734491315,,0.007739938080495356,13.0,1.0,12.0,0.07692307692307693,1.0,0.9230769230769231
guard_scope,faults1,faults1,13,ccra_column_guard,CCRA column,1,31,13,1,1,0,1.0,,0,0,0,1,0,0,1,,0.007444168734491315,,0.007739938080495356,13.0,1.0,12.0,0.07692307692307693,1.0,0.9230769230769231
guard_scope,faults1,faults1,13,ccra_column_guard,CCRA column,2,31,13,1,1,0,1.0,,0,0,0,1,0,0,1,,0.007444168734491315,,0.007739938080495356,13.0,1.0,12.0,0.07692307692307693,1.0,0.9230769230769231
guard_scope,faults1,faults1,13,ccra_column_guard,CCRA column,3,31,13,1,1,0,1.0,,0,0,0,1,0,0,1,,0.007444168734491315,,0.007739938080495356,13.0,1.0,12.0,0.07692307692307693,1.0,0.9230769230769231
guard_scope,faults1,faults1,13,ccra_column_guard,CCRA column,4,31,13,1,1,0,1.0,,0,0,0,1,0,0,1,,0.007444168734491315,,0.007739938080495356,13.0,1.0,12.0,0.07692307692307693,1.0,0.9230769230769231
guard_scope,faults1,faults1,13,ccra_region1_guard,CCRA radius 1,0,31,13,1,1,0,1.0,,1,35,1,35,0,0,1,,0.004962779156327543,,0.030959752321981424,9.0,1.0,8.0,0.1111111111111111,1.0,0.8888888888888888
guard_scope,faults1,faults1,13,ccra_region1_guard,CCRA radius 1,1,31,13,1,1,0,1.0,,1,34,0,34,0,0,1,,0.004962779156327543,,0.030959752321981424,9.0,1.0,8.0,0.1111111111111111,1.0,0.8888888888888888
guard_scope,faults1,faults1,13,ccra_region1_guard,CCRA radius 1,2,31,13,1,1,0,1.0,,1,34,0,34,0,0,1,,0.004962779156327543,,0.030959752321981424,9.0,1.0,8.0,0.1111111111111111,1.0,0.8888888888888888
guard_scope,faults1,faults1,13,ccra_region1_guard,CCRA radius 1,3,31,13,1,1,0,1.0,,1,34,0,34,0,0,1,,0.004962779156327543,,0.030959752321981424,9.0,1.0,8.0,0.1111111111111111,1.0,0.8888888888888888
guard_scope,faults1,faults1,13,ccra_region1_guard,CCRA radius 1,4,31,13,1,1,0,1.0,,1,34,0,34,0,0,1,,0.004962779156327543,,0.030959752321981424,9.0,1.0,8.0,0.1111111111111111,1.0,0.8888888888888888
guard_scope,faults1,faults1,13,ccra_region2_guard,CCRA radius 2,0,31,13,1,1,0,1.0,,1,37,1,37,0,0,1,,0.01488833746898263,,0.06191950464396285,25.0,1.0,24.0,0.04,1.0,0.96
guard_scope,faults1,faults1,13,ccra_region2_guard,CCRA radius 2,1,31,13,1,1,0,1.0,,1,36,0,36,0,0,1,,0.01488833746898263,,0.06191950464396285,25.0,1.0,24.0,0.04,1.0,0.96
guard_scope,faults1,faults1,13,ccra_region2_guard,CCRA radius 2,2,31,13,1,1,0,1.0,,1,36,0,36,0,0,1,,0.01488833746898263,,0.06191950464396285,25.0,1.0,24.0,0.04,1.0,0.96
guard_scope,faults1,faults1,13,ccra_region2_guard,CCRA radius 2,3,31,13,1,1,0,1.0,,1,36,0,36,0,0,1,,0.01488833746898263,,0.06191950464396285,25.0,1.0,24.0,0.04,1.0,0.96
guard_scope,faults1,faults1,13,ccra_region2_guard,CCRA radius 2,4,31,13,1,1,0,1.0,,1,36,0,36,0,0,1,,0.01488833746898263,,0.06191950464396285,25.0,1.0,24.0,0.04,1.0,0.96
guard_scope,faults1,faults1,13,ccra_action_guard,CCRA action,0,31,13,1,1,0,1.0,,0,14,1,15,0,0,1,,0.2413151364764268,,0.5127708978328174,390.0,1.0,389.0,0.002564102564102564,1.0,0.9974358974358974
guard_scope,faults1,faults1,13,ccra_action_guard,CCRA action,1,31,13,1,1,0,1.0,,0,0,0,1,0,0,1,,0.2413151364764268,,0.5127708978328174,390.0,1.0,389.0,0.002564102564102564,1.0,0.9974358974358974
guard_scope,faults1,faults1,13,ccra_action_guard,CCRA action,2,31,13,1,1,0,1.0,,0,0,0,1,0,0,1,,0.2413151364764268,,0.5127708978328174,390.0,1.0,389.0,0.002564102564102564,1.0,0.9974358974358974
guard_scope,faults1,faults1,13,ccra_action_guard,CCRA action,3,31,13,1,1,0,1.0,,0,0,0,1,0,0,1,,0.2413151364764268,,0.5127708978328174,390.0,1.0,389.0,0.002564102564102564,1.0,0.9974358974358974
guard_scope,faults1,faults1,13,ccra_action_guard,CCRA action,4,31,13,1,1,0,1.0,,0,0,0,1,0,0,1,,0.2413151364764268,,0.5127708978328174,390.0,1.0,389.0,0.002564102564102564,1.0,0.9974358974358974
guard_scope,faults1,faults1,13,global_action_repair,Global action,0,31,13,1,1,0,1.0,,0,16,3,17,0,0,1,,0.2413151364764268,,0.5127708978328174,390.0,1.0,389.0,0.002564102564102564,1.0,0.9974358974358974
guard_scope,faults1,faults1,13,global_action_repair,Global action,1,31,13,1,1,0,1.0,,0,0,0,1,0,0,1,,0.2413151364764268,,0.5127708978328174,390.0,1.0,389.0,0.002564102564102564,1.0,0.9974358974358974
guard_scope,faults1,faults1,13,global_action_repair,Global action,2,31,13,1,1,0,1.0,,0,0,0,1,0,0,1,,0.2413151364764268,,0.5127708978328174,390.0,1.0,389.0,0.002564102564102564,1.0,0.9974358974358974
guard_scope,faults1,faults1,13,global_action_repair,Global action,3,31,13,1,1,0,1.0,,0,0,0,1,0,0,1,,0.2413151364764268,,0.5127708978328174,390.0,1.0,389.0,0.002564102564102564,1.0,0.9974358974358974
guard_scope,faults1,faults1,13,global_action_repair,Global action,4,31,13,1,1,0,1.0,,0,0,0,1,0,0,1,,0.2413151364764268,,0.5127708978328174,390.0,1.0,389.0,0.002564102564102564,1.0,0.9974358974358974
guard_scope,faults1,faults1,14,ccra_exact_guard,CCRA exact,0,31,13,1,1,0,1.0,,1,33,1,33,0,0,1,,0.0,,0.0,1.0,1.0,0.0,1.0,1.0,0.0
guard_scope,faults1,faults1,14,ccra_exact_guard,CCRA exact,1,31,13,1,1,0,1.0,,1,32,0,32,0,0,1,,0.0,,0.0,1.0,1.0,0.0,1.0,1.0,0.0
guard_scope,faults1,faults1,14,ccra_exact_guard,CCRA exact,2,31,13,1,1,0,1.0,,1,32,0,32,0,0,1,,0.0,,0.0,1.0,1.0,0.0,1.0,1.0,0.0
guard_scope,faults1,faults1,14,ccra_exact_guard,CCRA exact,3,31,13,1,1,0,1.0,,1,32,0,32,0,0,1,,0.0,,0.0,1.0,1.0,0.0,1.0,1.0,0.0
guard_scope,faults1,faults1,14,ccra_exact_guard,CCRA exact,4,31,13,1,1,0,1.0,,1,32,0,32,0,0,1,,0.0,,0.0,1.0,1.0,0.0,1.0,1.0,0.0
guard_scope,faults1,faults1,14,ccra_row_guard,CCRA row,0,31,13,1,1,0,1.0,,1,33,1,33,0,0,1,,0.017990074441687345,,0.2805727554179567,30.0,1.0,29.0,0.03333333333333333,1.0,0.9666666666666667
guard_scope,faults1,faults1,14,ccra_row_guard,CCRA row,1,31,13,1,1,0,1.0,,1,32,0,32,0,0,1,,0.017990074441687345,,0.2805727554179567,30.0,1.0,29.0,0.03333333333333333,1.0,0.9666666666666667
guard_scope,faults1,faults1,14,ccra_row_guard,CCRA row,2,31,13,1,1,0,1.0,,1,32,0,32,0,0,1,,0.017990074441687345,,0.2805727554179567,30.0,1.0,29.0,0.03333333333333333,1.0,0.9666666666666667
guard_scope,faults1,faults1,14,ccra_row_guard,CCRA row,3,31,13,1,1,0,1.0,,1,32,0,32,0,0,1,,0.017990074441687345,,0.2805727554179567,30.0,1.0,29.0,0.03333333333333333,1.0,0.9666666666666667
guard_scope,faults1,faults1,14,ccra_row_guard,CCRA row,4,31,13,1,1,0,1.0,,1,32,0,32,0,0,1,,0.017990074441687345,,0.2805727554179567,30.0,1.0,29.0,0.03333333333333333,1.0,0.9666666666666667
guard_scope,faults1,faults1,14,ccra_column_guard,CCRA column,0,31,13,1,1,0,1.0,,0,4,1,5,0,0,1,,0.007444168734491315,,0.007739938080495356,13.0,1.0,12.0,0.07692307692307693,1.0,0.9230769230769231
guard_scope,faults1,faults1,14,ccra_column_guard,CCRA column,1,31,13,1,1,0,1.0,,0,0,0,1,0,0,1,,0.007444168734491315,,0.007739938080495356,13.0,1.0,12.0,0.07692307692307693,1.0,0.9230769230769231
guard_scope,faults1,faults1,14,ccra_column_guard,CCRA column,2,31,13,1,1,0,1.0,,0,0,0,1,0,0,1,,0.007444168734491315,,0.007739938080495356,13.0,1.0,12.0,0.07692307692307693,1.0,0.9230769230769231
guard_scope,faults1,faults1,14,ccra_column_guard,CCRA column,3,31,13,1,1,0,1.0,,0,0,0,1,0,0,1,,0.007444168734491315,,0.007739938080495356,13.0,1.0,12.0,0.07692307692307693,1.0,0.9230769230769231
guard_scope,faults1,faults1,14,ccra_column_guard,CCRA column,4,31,13,1,1,0,1.0,,0,0,0,1,0,0,1,,0.007444168734491315,,0.007739938080495356,13.0,1.0,12.0,0.07692307692307693,1.0,0.9230769230769231
guard_scope,faults1,faults1,14,ccra_region1_guard,CCRA radius 1,0,31,13,1,1,0,1.0,,1,35,1,35,0,0,1,,0.004962779156327543,,0.030959752321981424,9.0,1.0,8.0,0.1111111111111111,1.0,0.8888888888888888
guard_scope,faults1,faults1,14,ccra_region1_guard,CCRA radius 1,1,31,13,1,1,0,1.0,,1,34,0,34,0,0,1,,0.004962779156327543,,0.030959752321981424,9.0,1.0,8.0,0.1111111111111111,1.0,0.8888888888888888
guard_scope,faults1,faults1,14,ccra_region1_guard,CCRA radius 1,2,31,13,1,1,0,1.0,,1,34,0,34,0,0,1,,0.004962779156327543,,0.030959752321981424,9.0,1.0,8.0,0.1111111111111111,1.0,0.8888888888888888
guard_scope,faults1,faults1,14,ccra_region1_guard,CCRA radius 1,3,31,13,1,1,0,1.0,,1,34,0,34,0,0,1,,0.004962779156327543,,0.030959752321981424,9.0,1.0,8.0,0.1111111111111111,1.0,0.8888888888888888
guard_scope,faults1,faults1,14,ccra_region1_guard,CCRA radius 1,4,31,13,1,1,0,1.0,,1,34,0,34,0,0,1,,0.004962779156327543,,0.030959752321981424,9.0,1.0,8.0,0.1111111111111111,1.0,0.8888888888888888
guard_scope,faults1,faults1,14,ccra_region2_guard,CCRA radius 2,0,31,13,1,1,0,1.0,,1,37,1,37,0,0,1,,0.01488833746898263,,0.06191950464396285,25.0,1.0,24.0,0.04,1.0,0.96
guard_scope,faults1,faults1,14,ccra_region2_guard,CCRA radius 2,1,31,13,1,1,0,1.0,,1,36,0,36,0,0,1,,0.01488833746898263,,0.06191950464396285,25.0,1.0,24.0,0.04,1.0,0.96
guard_scope,faults1,faults1,14,ccra_region2_guard,CCRA radius 2,2,31,13,1,1,0,1.0,,1,36,0,36,0,0,1,,0.01488833746898263,,0.06191950464396285,25.0,1.0,24.0,0.04,1.0,0.96
guard_scope,faults1,faults1,14,ccra_region2_guard,CCRA radius 2,3,31,13,1,1,0,1.0,,1,36,0,36,0,0,1,,0.01488833746898263,,0.06191950464396285,25.0,1.0,24.0,0.04,1.0,0.96
guard_scope,faults1,faults1,14,ccra_region2_guard,CCRA radius 2,4,31,13,1,1,0,1.0,,1,36,0,36,0,0,1,,0.01488833746898263,,0.06191950464396285,25.0,1.0,24.0,0.04,1.0,0.96
guard_scope,faults1,faults1,14,ccra_action_guard,CCRA action,0,31,13,1,1,0,1.0,,0,4,1,5,0,0,1,,0.2413151364764268,,0.5127708978328174,390.0,1.0,389.0,0.002564102564102564,1.0,0.9974358974358974
guard_scope,faults1,faults1,14,ccra_action_guard,CCRA action,1,31,13,1,1,0,1.0,,0,0,0,1,0,0,1,,0.2413151364764268,,0.5127708978328174,390.0,1.0,389.0,0.002564102564102564,1.0,0.9974358974358974
guard_scope,faults1,faults1,14,ccra_action_guard,CCRA action,2,31,13,1,1,0,1.0,,0,0,0,1,0,0,1,,0.2413151364764268,,0.5127708978328174,390.0,1.0,389.0,0.002564102564102564,1.0,0.9974358974358974
guard_scope,faults1,faults1,14,ccra_action_guard,CCRA action,3,31,13,1,1,0,1.0,,0,0,0,1,0,0,1,,0.2413151364764268,,0.5127708978328174,390.0,1.0,389.0,0.002564102564102564,1.0,0.9974358974358974
guard_scope,faults1,faults1,14,ccra_action_guard,CCRA action,4,31,13,1,1,0,1.0,,0,0,0,1,0,0,1,,0.2413151364764268,,0.5127708978328174,390.0,1.0,389.0,0.002564102564102564,1.0,0.9974358974358974
guard_scope,faults1,faults1,14,global_action_repair,Global action,0,31,13,1,1,0,1.0,,0,6,3,7,0,0,1,,0.2413151364764268,,0.5127708978328174,390.0,1.0,389.0,0.002564102564102564,1.0,0.9974358974358974
guard_scope,faults1,faults1,14,global_action_repair,Global action,1,31,13,1,1,0,1.0,,0,0,0,1,0,0,1,,0.2413151364764268,,0.5127708978328174,390.0,1.0,389.0,0.002564102564102564,1.0,0.9974358974358974
guard_scope,faults1,faults1,14,global_action_repair,Global action,2,31,13,1,1,0,1.0,,0,0,0,1,0,0,1,,0.2413151364764268,,0.5127708978328174,390.0,1.0,389.0,0.002564102564102564,1.0,0.9974358974358974
guard_scope,faults1,faults1,14,global_action_repair,Global action,3,31,13,1,1,0,1.0,,0,0,0,1,0,0,1,,0.2413151364764268,,0.5127708978328174,390.0,1.0,389.0,0.002564102564102564,1.0,0.9974358974358974
guard_scope,faults1,faults1,14,global_action_repair,Global action,4,31,13,1,1,0,1.0,,0,0,0,1,0,0,1,,0.2413151364764268,,0.5127708978328174,390.0,1.0,389.0,0.002564102564102564,1.0,0.9974358974358974
guard_scope,faults1,faults1,15,ccra_exact_guard,CCRA exact,0,31,13,1,1,0,1.0,,1,33,1,33,0,0,1,,0.0,,0.0,1.0,1.0,0.0,1.0,1.0,0.0
guard_scope,faults1,faults1,15,ccra_exact_guard,CCRA exact,1,31,13,1,1,0,1.0,,1,32,0,32,0,0,1,,0.0,,0.0,1.0,1.0,0.0,1.0,1.0,0.0
guard_scope,faults1,faults1,15,ccra_exact_guard,CCRA exact,2,31,13,1,1,0,1.0,,1,32,0,32,0,0,1,,0.0,,0.0,1.0,1.0,0.0,1.0,1.0,0.0
guard_scope,faults1,faults1,15,ccra_exact_guard,CCRA exact,3,31,13,1,1,0,1.0,,1,32,0,32,0,0,1,,0.0,,0.0,1.0,1.0,0.0,1.0,1.0,0.0
guard_scope,faults1,faults1,15,ccra_exact_guard,CCRA exact,4,31,13,1,1,0,1.0,,1,32,0,32,0,0,1,,0.0,,0.0,1.0,1.0,0.0,1.0,1.0,0.0
guard_scope,faults1,faults1,15,ccra_row_guard,CCRA row,0,31,13,1,1,0,1.0,,1,33,1,33,0,0,1,,0.017990074441687345,,0.2805727554179567,30.0,1.0,29.0,0.03333333333333333,1.0,0.9666666666666667
guard_scope,faults1,faults1,15,ccra_row_guard,CCRA row,1,31,13,1,1,0,1.0,,1,32,0,32,0,0,1,,0.017990074441687345,,0.2805727554179567,30.0,1.0,29.0,0.03333333333333333,1.0,0.9666666666666667
guard_scope,faults1,faults1,15,ccra_row_guard,CCRA row,2,31,13,1,1,0,1.0,,1,32,0,32,0,0,1,,0.017990074441687345,,0.2805727554179567,30.0,1.0,29.0,0.03333333333333333,1.0,0.9666666666666667
guard_scope,faults1,faults1,15,ccra_row_guard,CCRA row,3,31,13,1,1,0,1.0,,1,32,0,32,0,0,1,,0.017990074441687345,,0.2805727554179567,30.0,1.0,29.0,0.03333333333333333,1.0,0.9666666666666667
guard_scope,faults1,faults1,15,ccra_row_guard,CCRA row,4,31,13,1,1,0,1.0,,1,32,0,32,0,0,1,,0.017990074441687345,,0.2805727554179567,30.0,1.0,29.0,0.03333333333333333,1.0,0.9666666666666667
guard_scope,faults1,faults1,15,ccra_column_guard,CCRA column,0,31,13,1,1,0,1.0,,0,6,1,7,0,0,1,,0.007444168734491315,,0.007739938080495356,13.0,1.0,12.0,0.07692307692307693,1.0,0.9230769230769231
guard_scope,faults1,faults1,15,ccra_column_guard,CCRA column,1,31,13,1,1,0,1.0,,0,0,0,1,0,0,1,,0.007444168734491315,,0.007739938080495356,13.0,1.0,12.0,0.07692307692307693,1.0,0.9230769230769231
guard_scope,faults1,faults1,15,ccra_column_guard,CCRA column,2,31,13,1,1,0,1.0,,0,0,0,1,0,0,1,,0.007444168734491315,,0.007739938080495356,13.0,1.0,12.0,0.07692307692307693,1.0,0.9230769230769231
guard_scope,faults1,faults1,15,ccra_column_guard,CCRA column,3,31,13,1,1,0,1.0,,0,0,0,1,0,0,1,,0.007444168734491315,,0.007739938080495356,13.0,1.0,12.0,0.07692307692307693,1.0,0.9230769230769231
guard_scope,faults1,faults1,15,ccra_column_guard,CCRA column,4,31,13,1,1,0,1.0,,0,0,0,1,0,0,1,,0.007444168734491315,,0.007739938080495356,13.0,1.0,12.0,0.07692307692307693,1.0,0.9230769230769231
guard_scope,faults1,faults1,15,ccra_region1_guard,CCRA radius 1,0,31,13,1,1,0,1.0,,1,35,1,35,0,0,1,,0.004962779156327543,,0.030959752321981424,9.0,1.0,8.0,0.1111111111111111,1.0,0.8888888888888888
guard_scope,faults1,faults1,15,ccra_region1_guard,CCRA radius 1,1,31,13,1,1,0,1.0,,1,34,0,34,0,0,1,,0.004962779156327543,,0.030959752321981424,9.0,1.0,8.0,0.1111111111111111,1.0,0.8888888888888888
guard_scope,faults1,faults1,15,ccra_region1_guard,CCRA radius 1,2,31,13,1,1,0,1.0,,1,34,0,34,0,0,1,,0.004962779156327543,,0.030959752321981424,9.0,1.0,8.0,0.1111111111111111,1.0,0.8888888888888888
guard_scope,faults1,faults1,15,ccra_region1_guard,CCRA radius 1,3,31,13,1,1,0,1.0,,1,34,0,34,0,0,1,,0.004962779156327543,,0.030959752321981424,9.0,1.0,8.0,0.1111111111111111,1.0,0.8888888888888888
guard_scope,faults1,faults1,15,ccra_region1_guard,CCRA radius 1,4,31,13,1,1,0,1.0,,1,34,0,34,0,0,1,,0.004962779156327543,,0.030959752321981424,9.0,1.0,8.0,0.1111111111111111,1.0,0.8888888888888888
guard_scope,faults1,faults1,15,ccra_region2_guard,CCRA radius 2,0,31,13,1,1,0,1.0,,1,37,1,37,0,0,1,,0.01488833746898263,,0.06191950464396285,25.0,1.0,24.0,0.04,1.0,0.96
guard_scope,faults1,faults1,15,ccra_region2_guard,CCRA radius 2,1,31,13,1,1,0,1.0,,1,36,0,36,0,0,1,,0.01488833746898263,,0.06191950464396285,25.0,1.0,24.0,0.04,1.0,0.96
guard_scope,faults1,faults1,15,ccra_region2_guard,CCRA radius 2,2,31,13,1,1,0,1.0,,1,36,0,36,0,0,1,,0.01488833746898263,,0.06191950464396285,25.0,1.0,24.0,0.04,1.0,0.96
guard_scope,faults1,faults1,15,ccra_region2_guard,CCRA radius 2,3,31,13,1,1,0,1.0,,1,36,0,36,0,0,1,,0.01488833746898263,,0.06191950464396285,25.0,1.0,24.0,0.04,1.0,0.96
guard_scope,faults1,faults1,15,ccra_region2_guard,CCRA radius 2,4,31,13,1,1,0,1.0,,1,36,0,36,0,0,1,,0.01488833746898263,,0.06191950464396285,25.0,1.0,24.0,0.04,1.0,0.96
guard_scope,faults1,faults1,15,ccra_action_guard,CCRA action,0,31,13,1,1,0,1.0,,0,6,1,7,0,0,1,,0.2413151364764268,,0.5127708978328174,390.0,1.0,389.0,0.002564102564102564,1.0,0.9974358974358974
guard_scope,faults1,faults1,15,ccra_action_guard,CCRA action,1,31,13,1,1,0,1.0,,0,0,0,1,0,0,1,,0.2413151364764268,,0.5127708978328174,390.0,1.0,389.0,0.002564102564102564,1.0,0.9974358974358974
guard_scope,faults1,faults1,15,ccra_action_guard,CCRA action,2,31,13,1,1,0,1.0,,0,0,0,1,0,0,1,,0.2413151364764268,,0.5127708978328174,390.0,1.0,389.0,0.002564102564102564,1.0,0.9974358974358974
guard_scope,faults1,faults1,15,ccra_action_guard,CCRA action,3,31,13,1,1,0,1.0,,0,0,0,1,0,0,1,,0.2413151364764268,,0.5127708978328174,390.0,1.0,389.0,0.002564102564102564,1.0,0.9974358974358974
guard_scope,faults1,faults1,15,ccra_action_guard,CCRA action,4,31,13,1,1,0,1.0,,0,0,0,1,0,0,1,,0.2413151364764268,,0.5127708978328174,390.0,1.0,389.0,0.002564102564102564,1.0,0.9974358974358974
guard_scope,faults1,faults1,15,global_action_repair,Global action,0,31,13,1,1,0,1.0,,0,8,3,9,0,0,1,,0.2413151364764268,,0.5127708978328174,390.0,1.0,389.0,0.002564102564102564,1.0,0.9974358974358974
guard_scope,faults1,faults1,15,global_action_repair,Global action,1,31,13,1,1,0,1.0,,0,0,0,1,0,0,1,,0.2413151364764268,,0.5127708978328174,390.0,1.0,389.0,0.002564102564102564,1.0,0.9974358974358974
guard_scope,faults1,faults1,15,global_action_repair,Global action,2,31,13,1,1,0,1.0,,0,0,0,1,0,0,1,,0.2413151364764268,,0.5127708978328174,390.0,1.0,389.0,0.002564102564102564,1.0,0.9974358974358974
guard_scope,faults1,faults1,15,global_action_repair,Global action,3,31,13,1,1,0,1.0,,0,0,0,1,0,0,1,,0.2413151364764268,,0.5127708978328174,390.0,1.0,389.0,0.002564102564102564,1.0,0.9974358974358974
guard_scope,faults1,faults1,15,global_action_repair,Global action,4,31,13,1,1,0,1.0,,0,0,0,1,0,0,1,,0.2413151364764268,,0.5127708978328174,390.0,1.0,389.0,0.002564102564102564,1.0,0.9974358974358974
guard_scope,faults1,faults1,16,ccra_exact_guard,CCRA exact,0,31,13,1,1,0,1.0,,1,33,1,33,0,0,1,,0.0,,0.0,1.0,1.0,0.0,1.0,1.0,0.0
guard_scope,faults1,faults1,16,ccra_exact_guard,CCRA exact,1,31,13,1,1,0,1.0,,1,32,0,32,0,0,1,,0.0,,0.0,1.0,1.0,0.0,1.0,1.0,0.0
guard_scope,faults1,faults1,16,ccra_exact_guard,CCRA exact,2,31,13,1,1,0,1.0,,1,32,0,32,0,0,1,,0.0,,0.0,1.0,1.0,0.0,1.0,1.0,0.0
guard_scope,faults1,faults1,16,ccra_exact_guard,CCRA exact,3,31,13,1,1,0,1.0,,1,32,0,32,0,0,1,,0.0,,0.0,1.0,1.0,0.0,1.0,1.0,0.0
guard_scope,faults1,faults1,16,ccra_exact_guard,CCRA exact,4,31,13,1,1,0,1.0,,1,32,0,32,0,0,1,,0.0,,0.0,1.0,1.0,0.0,1.0,1.0,0.0
guard_scope,faults1,faults1,16,ccra_row_guard,CCRA row,0,31,13,1,1,0,1.0,,1,33,1,33,0,0,1,,0.017990074441687345,,0.2805727554179567,30.0,1.0,29.0,0.03333333333333333,1.0,0.9666666666666667
guard_scope,faults1,faults1,16,ccra_row_guard,CCRA row,1,31,13,1,1,0,1.0,,1,32,0,32,0,0,1,,0.017990074441687345,,0.2805727554179567,30.0,1.0,29.0,0.03333333333333333,1.0,0.9666666666666667
guard_scope,faults1,faults1,16,ccra_row_guard,CCRA row,2,31,13,1,1,0,1.0,,1,32,0,32,0,0,1,,0.017990074441687345,,0.2805727554179567,30.0,1.0,29.0,0.03333333333333333,1.0,0.9666666666666667
guard_scope,faults1,faults1,16,ccra_row_guard,CCRA row,3,31,13,1,1,0,1.0,,1,32,0,32,0,0,1,,0.017990074441687345,,0.2805727554179567,30.0,1.0,29.0,0.03333333333333333,1.0,0.9666666666666667
guard_scope,faults1,faults1,16,ccra_row_guard,CCRA row,4,31,13,1,1,0,1.0,,1,32,0,32,0,0,1,,0.017990074441687345,,0.2805727554179567,30.0,1.0,29.0,0.03333333333333333,1.0,0.9666666666666667
guard_scope,faults1,faults1,16,ccra_column_guard,CCRA column,0,31,13,1,1,0,1.0,,0,17,1,18,0,0,1,,0.007444168734491315,,0.007739938080495356,13.0,1.0,12.0,0.07692307692307693,1.0,0.9230769230769231
guard_scope,faults1,faults1,16,ccra_column_guard,CCRA column,1,31,13,1,1,0,1.0,,0,0,0,1,0,0,1,,0.007444168734491315,,0.007739938080495356,13.0,1.0,12.0,0.07692307692307693,1.0,0.9230769230769231
guard_scope,faults1,faults1,16,ccra_column_guard,CCRA column,2,31,13,1,1,0,1.0,,0,0,0,1,0,0,1,,0.007444168734491315,,0.007739938080495356,13.0,1.0,12.0,0.07692307692307693,1.0,0.9230769230769231
guard_scope,faults1,faults1,16,ccra_column_guard,CCRA column,3,31,13,1,1,0,1.0,,0,0,0,1,0,0,1,,0.007444168734491315,,0.007739938080495356,13.0,1.0,12.0,0.07692307692307693,1.0,0.9230769230769231
guard_scope,faults1,faults1,16,ccra_column_guard,CCRA column,4,31,13,1,1,0,1.0,,0,0,0,1,0,0,1,,0.007444168734491315,,0.007739938080495356,13.0,1.0,12.0,0.07692307692307693,1.0,0.9230769230769231
guard_scope,faults1,faults1,16,ccra_region1_guard,CCRA radius 1,0,31,13,1,1,0,1.0,,1,35,1,35,0,0,1,,0.004962779156327543,,0.030959752321981424,9.0,1.0,8.0,0.1111111111111111,1.0,0.8888888888888888
guard_scope,faults1,faults1,16,ccra_region1_guard,CCRA radius 1,1,31,13,1,1,0,1.0,,1,34,0,34,0,0,1,,0.004962779156327543,,0.030959752321981424,9.0,1.0,8.0,0.1111111111111111,1.0,0.8888888888888888
guard_scope,faults1,faults1,16,ccra_region1_guard,CCRA radius 1,2,31,13,1,1,0,1.0,,1,34,0,34,0,0,1,,0.004962779156327543,,0.030959752321981424,9.0,1.0,8.0,0.1111111111111111,1.0,0.8888888888888888
guard_scope,faults1,faults1,16,ccra_region1_guard,CCRA radius 1,3,31,13,1,1,0,1.0,,1,34,0,34,0,0,1,,0.004962779156327543,,0.030959752321981424,9.0,1.0,8.0,0.1111111111111111,1.0,0.8888888888888888
guard_scope,faults1,faults1,16,ccra_region1_guard,CCRA radius 1,4,31,13,1,1,0,1.0,,1,34,0,34,0,0,1,,0.004962779156327543,,0.030959752321981424,9.0,1.0,8.0,0.1111111111111111,1.0,0.8888888888888888
guard_scope,faults1,faults1,16,ccra_region2_guard,CCRA radius 2,0,31,13,1,1,0,1.0,,1,37,1,37,0,0,1,,0.01488833746898263,,0.06191950464396285,25.0,1.0,24.0,0.04,1.0,0.96
guard_scope,faults1,faults1,16,ccra_region2_guard,CCRA radius 2,1,31,13,1,1,0,1.0,,1,36,0,36,0,0,1,,0.01488833746898263,,0.06191950464396285,25.0,1.0,24.0,0.04,1.0,0.96
guard_scope,faults1,faults1,16,ccra_region2_guard,CCRA radius 2,2,31,13,1,1,0,1.0,,1,36,0,36,0,0,1,,0.01488833746898263,,0.06191950464396285,25.0,1.0,24.0,0.04,1.0,0.96
guard_scope,faults1,faults1,16,ccra_region2_guard,CCRA radius 2,3,31,13,1,1,0,1.0,,1,36,0,36,0,0,1,,0.01488833746898263,,0.06191950464396285,25.0,1.0,24.0,0.04,1.0,0.96
guard_scope,faults1,faults1,16,ccra_region2_guard,CCRA radius 2,4,31,13,1,1,0,1.0,,1,36,0,36,0,0,1,,0.01488833746898263,,0.06191950464396285,25.0,1.0,24.0,0.04,1.0,0.96
guard_scope,faults1,faults1,16,ccra_action_guard,CCRA action,0,31,13,1,1,0,1.0,,0,17,1,18,0,0,1,,0.2413151364764268,,0.5127708978328174,390.0,1.0,389.0,0.002564102564102564,1.0,0.9974358974358974
guard_scope,faults1,faults1,16,ccra_action_guard,CCRA action,1,31,13,1,1,0,1.0,,0,0,0,1,0,0,1,,0.2413151364764268,,0.5127708978328174,390.0,1.0,389.0,0.002564102564102564,1.0,0.9974358974358974
guard_scope,faults1,faults1,16,ccra_action_guard,CCRA action,2,31,13,1,1,0,1.0,,0,0,0,1,0,0,1,,0.2413151364764268,,0.5127708978328174,390.0,1.0,389.0,0.002564102564102564,1.0,0.9974358974358974
guard_scope,faults1,faults1,16,ccra_action_guard,CCRA action,3,31,13,1,1,0,1.0,,0,0,0,1,0,0,1,,0.2413151364764268,,0.5127708978328174,390.0,1.0,389.0,0.002564102564102564,1.0,0.9974358974358974
guard_scope,faults1,faults1,16,ccra_action_guard,CCRA action,4,31,13,1,1,0,1.0,,0,0,0,1,0,0,1,,0.2413151364764268,,0.5127708978328174,390.0,1.0,389.0,0.002564102564102564,1.0,0.9974358974358974
guard_scope,faults1,faults1,16,global_action_repair,Global action,0,31,13,1,1,0,1.0,,0,19,3,20,0,0,1,,0.2413151364764268,,0.5127708978328174,390.0,1.0,389.0,0.002564102564102564,1.0,0.9974358974358974
guard_scope,faults1,faults1,16,global_action_repair,Global action,1,31,13,1,1,0,1.0,,0,0,0,1,0,0,1,,0.2413151364764268,,0.5127708978328174,390.0,1.0,389.0,0.002564102564102564,1.0,0.9974358974358974
guard_scope,faults1,faults1,16,global_action_repair,Global action,2,31,13,1,1,0,1.0,,0,0,0,1,0,0,1,,0.2413151364764268,,0.5127708978328174,390.0,1.0,389.0,0.002564102564102564,1.0,0.9974358974358974
guard_scope,faults1,faults1,16,global_action_repair,Global action,3,31,13,1,1,0,1.0,,0,0,0,1,0,0,1,,0.2413151364764268,,0.5127708978328174,390.0,1.0,389.0,0.002564102564102564,1.0,0.9974358974358974
guard_scope,faults1,faults1,16,global_action_repair,Global action,4,31,13,1,1,0,1.0,,0,0,0,1,0,0,1,,0.2413151364764268,,0.5127708978328174,390.0,1.0,389.0,0.002564102564102564,1.0,0.9974358974358974
guard_scope,faults1,faults1,17,ccra_exact_guard,CCRA exact,0,31,13,1,1,0,1.0,,1,33,1,33,0,0,1,,0.0,,0.0,1.0,1.0,0.0,1.0,1.0,0.0
guard_scope,faults1,faults1,17,ccra_exact_guard,CCRA exact,1,31,13,1,1,0,1.0,,1,32,0,32,0,0,1,,0.0,,0.0,1.0,1.0,0.0,1.0,1.0,0.0
guard_scope,faults1,faults1,17,ccra_exact_guard,CCRA exact,2,31,13,1,1,0,1.0,,1,32,0,32,0,0,1,,0.0,,0.0,1.0,1.0,0.0,1.0,1.0,0.0
guard_scope,faults1,faults1,17,ccra_exact_guard,CCRA exact,3,31,13,1,1,0,1.0,,1,32,0,32,0,0,1,,0.0,,0.0,1.0,1.0,0.0,1.0,1.0,0.0
guard_scope,faults1,faults1,17,ccra_exact_guard,CCRA exact,4,31,13,1,1,0,1.0,,1,32,0,32,0,0,1,,0.0,,0.0,1.0,1.0,0.0,1.0,1.0,0.0
guard_scope,faults1,faults1,17,ccra_row_guard,CCRA row,0,31,13,1,1,0,1.0,,1,33,1,33,0,0,1,,0.017990074441687345,,0.2805727554179567,30.0,1.0,29.0,0.03333333333333333,1.0,0.9666666666666667
guard_scope,faults1,faults1,17,ccra_row_guard,CCRA row,1,31,13,1,1,0,1.0,,1,32,0,32,0,0,1,,0.017990074441687345,,0.2805727554179567,30.0,1.0,29.0,0.03333333333333333,1.0,0.9666666666666667
guard_scope,faults1,faults1,17,ccra_row_guard,CCRA row,2,31,13,1,1,0,1.0,,1,32,0,32,0,0,1,,0.017990074441687345,,0.2805727554179567,30.0,1.0,29.0,0.03333333333333333,1.0,0.9666666666666667
guard_scope,faults1,faults1,17,ccra_row_guard,CCRA row,3,31,13,1,1,0,1.0,,1,32,0,32,0,0,1,,0.017990074441687345,,0.2805727554179567,30.0,1.0,29.0,0.03333333333333333,1.0,0.9666666666666667
guard_scope,faults1,faults1,17,ccra_row_guard,CCRA row,4,31,13,1,1,0,1.0,,1,32,0,32,0,0,1,,0.017990074441687345,,0.2805727554179567,30.0,1.0,29.0,0.03333333333333333,1.0,0.9666666666666667
guard_scope,faults1,faults1,17,ccra_column_guard,CCRA column,0,31,13,1,1,0,1.0,,0,15,1,16,0,0,1,,0.007444168734491315,,0.007739938080495356,13.0,1.0,12.0,0.07692307692307693,1.0,0.9230769230769231
guard_scope,faults1,faults1,17,ccra_column_guard,CCRA column,1,31,13,1,1,0,1.0,,0,0,0,1,0,0,1,,0.007444168734491315,,0.007739938080495356,13.0,1.0,12.0,0.07692307692307693,1.0,0.9230769230769231
guard_scope,faults1,faults1,17,ccra_column_guard,CCRA column,2,31,13,1,1,0,1.0,,0,0,0,1,0,0,1,,0.007444168734491315,,0.007739938080495356,13.0,1.0,12.0,0.07692307692307693,1.0,0.9230769230769231
guard_scope,faults1,faults1,17,ccra_column_guard,CCRA column,3,31,13,1,1,0,1.0,,0,0,0,1,0,0,1,,0.007444168734491315,,0.007739938080495356,13.0,1.0,12.0,0.07692307692307693,1.0,0.9230769230769231
guard_scope,faults1,faults1,17,ccra_column_guard,CCRA column,4,31,13,1,1,0,1.0,,0,0,0,1,0,0,1,,0.007444168734491315,,0.007739938080495356,13.0,1.0,12.0,0.07692307692307693,1.0,0.9230769230769231
guard_scope,faults1,faults1,17,ccra_region1_guard,CCRA radius 1,0,31,13,1,1,0,1.0,,1,35,1,35,0,0,1,,0.004962779156327543,,0.030959752321981424,9.0,1.0,8.0,0.1111111111111111,1.0,0.8888888888888888
guard_scope,faults1,faults1,17,ccra_region1_guard,CCRA radius 1,1,31,13,1,1,0,1.0,,1,34,0,34,0,0,1,,0.004962779156327543,,0.030959752321981424,9.0,1.0,8.0,0.1111111111111111,1.0,0.8888888888888888
guard_scope,faults1,faults1,17,ccra_region1_guard,CCRA radius 1,2,31,13,1,1,0,1.0,,1,34,0,34,0,0,1,,0.004962779156327543,,0.030959752321981424,9.0,1.0,8.0,0.1111111111111111,1.0,0.8888888888888888
guard_scope,faults1,faults1,17,ccra_region1_guard,CCRA radius 1,3,31,13,1,1,0,1.0,,1,34,0,34,0,0,1,,0.004962779156327543,,0.030959752321981424,9.0,1.0,8.0,0.1111111111111111,1.0,0.8888888888888888
guard_scope,faults1,faults1,17,ccra_region1_guard,CCRA radius 1,4,31,13,1,1,0,1.0,,1,34,0,34,0,0,1,,0.004962779156327543,,0.030959752321981424,9.0,1.0,8.0,0.1111111111111111,1.0,0.8888888888888888
guard_scope,faults1,faults1,17,ccra_region2_guard,CCRA radius 2,0,31,13,1,1,0,1.0,,1,37,1,37,0,0,1,,0.01488833746898263,,0.06191950464396285,25.0,1.0,24.0,0.04,1.0,0.96
guard_scope,faults1,faults1,17,ccra_region2_guard,CCRA radius 2,1,31,13,1,1,0,1.0,,1,36,0,36,0,0,1,,0.01488833746898263,,0.06191950464396285,25.0,1.0,24.0,0.04,1.0,0.96
guard_scope,faults1,faults1,17,ccra_region2_guard,CCRA radius 2,2,31,13,1,1,0,1.0,,1,36,0,36,0,0,1,,0.01488833746898263,,0.06191950464396285,25.0,1.0,24.0,0.04,1.0,0.96
guard_scope,faults1,faults1,17,ccra_region2_guard,CCRA radius 2,3,31,13,1,1,0,1.0,,1,36,0,36,0,0,1,,0.01488833746898263,,0.06191950464396285,25.0,1.0,24.0,0.04,1.0,0.96
guard_scope,faults1,faults1,17,ccra_region2_guard,CCRA radius 2,4,31,13,1,1,0,1.0,,1,36,0,36,0,0,1,,0.01488833746898263,,0.06191950464396285,25.0,1.0,24.0,0.04,1.0,0.96
guard_scope,faults1,faults1,17,ccra_action_guard,CCRA action,0,31,13,1,1,0,1.0,,0,15,1,16,0,0,1,,0.2413151364764268,,0.5127708978328174,390.0,1.0,389.0,0.002564102564102564,1.0,0.9974358974358974
guard_scope,faults1,faults1,17,ccra_action_guard,CCRA action,1,31,13,1,1,0,1.0,,0,0,0,1,0,0,1,,0.2413151364764268,,0.5127708978328174,390.0,1.0,389.0,0.002564102564102564,1.0,0.9974358974358974
guard_scope,faults1,faults1,17,ccra_action_guard,CCRA action,2,31,13,1,1,0,1.0,,0,0,0,1,0,0,1,,0.2413151364764268,,0.5127708978328174,390.0,1.0,389.0,0.002564102564102564,1.0,0.9974358974358974
guard_scope,faults1,faults1,17,ccra_action_guard,CCRA action,3,31,13,1,1,0,1.0,,0,0,0,1,0,0,1,,0.2413151364764268,,0.5127708978328174,390.0,1.0,389.0,0.002564102564102564,1.0,0.9974358974358974
guard_scope,faults1,faults1,17,ccra_action_guard,CCRA action,4,31,13,1,1,0,1.0,,0,0,0,1,0,0,1,,0.2413151364764268,,0.5127708978328174,390.0,1.0,389.0,0.002564102564102564,1.0,0.9974358974358974
guard_scope,faults1,faults1,17,global_action_repair,Global action,0,31,13,1,1,0,1.0,,0,17,3,18,0,0,1,,0.2413151364764268,,0.5127708978328174,390.0,1.0,389.0,0.002564102564102564,1.0,0.9974358974358974
guard_scope,faults1,faults1,17,global_action_repair,Global action,1,31,13,1,1,0,1.0,,0,0,0,1,0,0,1,,0.2413151364764268,,0.5127708978328174,390.0,1.0,389.0,0.002564102564102564,1.0,0.9974358974358974
guard_scope,faults1,faults1,17,global_action_repair,Global action,2,31,13,1,1,0,1.0,,0,0,0,1,0,0,1,,0.2413151364764268,,0.5127708978328174,390.0,1.0,389.0,0.002564102564102564,1.0,0.9974358974358974
guard_scope,faults1,faults1,17,global_action_repair,Global action,3,31,13,1,1,0,1.0,,0,0,0,1,0,0,1,,0.2413151364764268,,0.5127708978328174,390.0,1.0,389.0,0.002564102564102564,1.0,0.9974358974358974
guard_scope,faults1,faults1,17,global_action_repair,Global action,4,31,13,1,1,0,1.0,,0,0,0,1,0,0,1,,0.2413151364764268,,0.5127708978328174,390.0,1.0,389.0,0.002564102564102564,1.0,0.9974358974358974
guard_scope,faults1,faults1,18,ccra_exact_guard,CCRA exact,0,31,13,1,1,0,1.0,,1,33,1,33,0,0,1,,0.0,,0.0,1.0,1.0,0.0,1.0,1.0,0.0
guard_scope,faults1,faults1,18,ccra_exact_guard,CCRA exact,1,31,13,1,1,0,1.0,,1,32,0,32,0,0,1,,0.0,,0.0,1.0,1.0,0.0,1.0,1.0,0.0
guard_scope,faults1,faults1,18,ccra_exact_guard,CCRA exact,2,31,13,1,1,0,1.0,,1,32,0,32,0,0,1,,0.0,,0.0,1.0,1.0,0.0,1.0,1.0,0.0
guard_scope,faults1,faults1,18,ccra_exact_guard,CCRA exact,3,31,13,1,1,0,1.0,,1,32,0,32,0,0,1,,0.0,,0.0,1.0,1.0,0.0,1.0,1.0,0.0
guard_scope,faults1,faults1,18,ccra_exact_guard,CCRA exact,4,31,13,1,1,0,1.0,,1,32,0,32,0,0,1,,0.0,,0.0,1.0,1.0,0.0,1.0,1.0,0.0
guard_scope,faults1,faults1,18,ccra_row_guard,CCRA row,0,31,13,1,1,0,1.0,,1,33,1,33,0,0,1,,0.017990074441687345,,0.2805727554179567,30.0,1.0,29.0,0.03333333333333333,1.0,0.9666666666666667
guard_scope,faults1,faults1,18,ccra_row_guard,CCRA row,1,31,13,1,1,0,1.0,,1,32,0,32,0,0,1,,0.017990074441687345,,0.2805727554179567,30.0,1.0,29.0,0.03333333333333333,1.0,0.9666666666666667
guard_scope,faults1,faults1,18,ccra_row_guard,CCRA row,2,31,13,1,1,0,1.0,,1,32,0,32,0,0,1,,0.017990074441687345,,0.2805727554179567,30.0,1.0,29.0,0.03333333333333333,1.0,0.9666666666666667
guard_scope,faults1,faults1,18,ccra_row_guard,CCRA row,3,31,13,1,1,0,1.0,,1,32,0,32,0,0,1,,0.017990074441687345,,0.2805727554179567,30.0,1.0,29.0,0.03333333333333333,1.0,0.9666666666666667
guard_scope,faults1,faults1,18,ccra_row_guard,CCRA row,4,31,13,1,1,0,1.0,,1,32,0,32,0,0,1,,0.017990074441687345,,0.2805727554179567,30.0,1.0,29.0,0.03333333333333333,1.0,0.9666666666666667
guard_scope,faults1,faults1,18,ccra_column_guard,CCRA column,0,31,13,1,1,0,1.0,,0,21,1,22,0,0,1,,0.007444168734491315,,0.007739938080495356,13.0,1.0,12.0,0.07692307692307693,1.0,0.9230769230769231
guard_scope,faults1,faults1,18,ccra_column_guard,CCRA column,1,31,13,1,1,0,1.0,,0,0,0,1,0,0,1,,0.007444168734491315,,0.007739938080495356,13.0,1.0,12.0,0.07692307692307693,1.0,0.9230769230769231
guard_scope,faults1,faults1,18,ccra_column_guard,CCRA column,2,31,13,1,1,0,1.0,,0,0,0,1,0,0,1,,0.007444168734491315,,0.007739938080495356,13.0,1.0,12.0,0.07692307692307693,1.0,0.9230769230769231
guard_scope,faults1,faults1,18,ccra_column_guard,CCRA column,3,31,13,1,1,0,1.0,,0,0,0,1,0,0,1,,0.007444168734491315,,0.007739938080495356,13.0,1.0,12.0,0.07692307692307693,1.0,0.9230769230769231
guard_scope,faults1,faults1,18,ccra_column_guard,CCRA column,4,31,13,1,1,0,1.0,,0,0,0,1,0,0,1,,0.007444168734491315,,0.007739938080495356,13.0,1.0,12.0,0.07692307692307693,1.0,0.9230769230769231
guard_scope,faults1,faults1,18,ccra_region1_guard,CCRA radius 1,0,31,13,1,1,0,1.0,,1,35,1,35,0,0,1,,0.004962779156327543,,0.030959752321981424,9.0,1.0,8.0,0.1111111111111111,1.0,0.8888888888888888
guard_scope,faults1,faults1,18,ccra_region1_guard,CCRA radius 1,1,31,13,1,1,0,1.0,,1,34,0,34,0,0,1,,0.004962779156327543,,0.030959752321981424,9.0,1.0,8.0,0.1111111111111111,1.0,0.8888888888888888
guard_scope,faults1,faults1,18,ccra_region1_guard,CCRA radius 1,2,31,13,1,1,0,1.0,,1,34,0,34,0,0,1,,0.004962779156327543,,0.030959752321981424,9.0,1.0,8.0,0.1111111111111111,1.0,0.8888888888888888
guard_scope,faults1,faults1,18,ccra_region1_guard,CCRA radius 1,3,31,13,1,1,0,1.0,,1,34,0,34,0,0,1,,0.004962779156327543,,0.030959752321981424,9.0,1.0,8.0,0.1111111111111111,1.0,0.8888888888888888
guard_scope,faults1,faults1,18,ccra_region1_guard,CCRA radius 1,4,31,13,1,1,0,1.0,,1,34,0,34,0,0,1,,0.004962779156327543,,0.030959752321981424,9.0,1.0,8.0,0.1111111111111111,1.0,0.8888888888888888
guard_scope,faults1,faults1,18,ccra_region2_guard,CCRA radius 2,0,31,13,1,1,0,1.0,,1,37,1,37,0,0,1,,0.01488833746898263,,0.06191950464396285,25.0,1.0,24.0,0.04,1.0,0.96
guard_scope,faults1,faults1,18,ccra_region2_guard,CCRA radius 2,1,31,13,1,1,0,1.0,,1,36,0,36,0,0,1,,0.01488833746898263,,0.06191950464396285,25.0,1.0,24.0,0.04,1.0,0.96
guard_scope,faults1,faults1,18,ccra_region2_guard,CCRA radius 2,2,31,13,1,1,0,1.0,,1,36,0,36,0,0,1,,0.01488833746898263,,0.06191950464396285,25.0,1.0,24.0,0.04,1.0,0.96
guard_scope,faults1,faults1,18,ccra_region2_guard,CCRA radius 2,3,31,13,1,1,0,1.0,,1,36,0,36,0,0,1,,0.01488833746898263,,0.06191950464396285,25.0,1.0,24.0,0.04,1.0,0.96
guard_scope,faults1,faults1,18,ccra_region2_guard,CCRA radius 2,4,31,13,1,1,0,1.0,,1,36,0,36,0,0,1,,0.01488833746898263,,0.06191950464396285,25.0,1.0,24.0,0.04,1.0,0.96
guard_scope,faults1,faults1,18,ccra_action_guard,CCRA action,0,31,13,1,1,0,1.0,,0,21,1,22,0,0,1,,0.2413151364764268,,0.5127708978328174,390.0,1.0,389.0,0.002564102564102564,1.0,0.9974358974358974
guard_scope,faults1,faults1,18,ccra_action_guard,CCRA action,1,31,13,1,1,0,1.0,,0,0,0,1,0,0,1,,0.2413151364764268,,0.5127708978328174,390.0,1.0,389.0,0.002564102564102564,1.0,0.9974358974358974
guard_scope,faults1,faults1,18,ccra_action_guard,CCRA action,2,31,13,1,1,0,1.0,,0,0,0,1,0,0,1,,0.2413151364764268,,0.5127708978328174,390.0,1.0,389.0,0.002564102564102564,1.0,0.9974358974358974
guard_scope,faults1,faults1,18,ccra_action_guard,CCRA action,3,31,13,1,1,0,1.0,,0,0,0,1,0,0,1,,0.2413151364764268,,0.5127708978328174,390.0,1.0,389.0,0.002564102564102564,1.0,0.9974358974358974
guard_scope,faults1,faults1,18,ccra_action_guard,CCRA action,4,31,13,1,1,0,1.0,,0,0,0,1,0,0,1,,0.2413151364764268,,0.5127708978328174,390.0,1.0,389.0,0.002564102564102564,1.0,0.9974358974358974
guard_scope,faults1,faults1,18,global_action_repair,Global action,0,31,13,1,1,0,1.0,,0,23,3,24,0,0,1,,0.2413151364764268,,0.5127708978328174,390.0,1.0,389.0,0.002564102564102564,1.0,0.9974358974358974
guard_scope,faults1,faults1,18,global_action_repair,Global action,1,31,13,1,1,0,1.0,,0,0,0,1,0,0,1,,0.2413151364764268,,0.5127708978328174,390.0,1.0,389.0,0.002564102564102564,1.0,0.9974358974358974
guard_scope,faults1,faults1,18,global_action_repair,Global action,2,31,13,1,1,0,1.0,,0,0,0,1,0,0,1,,0.2413151364764268,,0.5127708978328174,390.0,1.0,389.0,0.002564102564102564,1.0,0.9974358974358974
guard_scope,faults1,faults1,18,global_action_repair,Global action,3,31,13,1,1,0,1.0,,0,0,0,1,0,0,1,,0.2413151364764268,,0.5127708978328174,390.0,1.0,389.0,0.002564102564102564,1.0,0.9974358974358974
guard_scope,faults1,faults1,18,global_action_repair,Global action,4,31,13,1,1,0,1.0,,0,0,0,1,0,0,1,,0.2413151364764268,,0.5127708978328174,390.0,1.0,389.0,0.002564102564102564,1.0,0.9974358974358974
guard_scope,faults1,faults1,19,ccra_exact_guard,CCRA exact,0,31,13,1,1,0,1.0,,1,33,1,33,0,0,1,,0.0,,0.0,1.0,1.0,0.0,1.0,1.0,0.0
guard_scope,faults1,faults1,19,ccra_exact_guard,CCRA exact,1,31,13,1,1,0,1.0,,1,32,0,32,0,0,1,,0.0,,0.0,1.0,1.0,0.0,1.0,1.0,0.0
guard_scope,faults1,faults1,19,ccra_exact_guard,CCRA exact,2,31,13,1,1,0,1.0,,1,32,0,32,0,0,1,,0.0,,0.0,1.0,1.0,0.0,1.0,1.0,0.0
guard_scope,faults1,faults1,19,ccra_exact_guard,CCRA exact,3,31,13,1,1,0,1.0,,1,32,0,32,0,0,1,,0.0,,0.0,1.0,1.0,0.0,1.0,1.0,0.0
guard_scope,faults1,faults1,19,ccra_exact_guard,CCRA exact,4,31,13,1,1,0,1.0,,1,32,0,32,0,0,1,,0.0,,0.0,1.0,1.0,0.0,1.0,1.0,0.0
guard_scope,faults1,faults1,19,ccra_row_guard,CCRA row,0,31,13,1,1,0,1.0,,1,33,1,33,0,0,1,,0.017990074441687345,,0.2805727554179567,30.0,1.0,29.0,0.03333333333333333,1.0,0.9666666666666667
guard_scope,faults1,faults1,19,ccra_row_guard,CCRA row,1,31,13,1,1,0,1.0,,1,32,0,32,0,0,1,,0.017990074441687345,,0.2805727554179567,30.0,1.0,29.0,0.03333333333333333,1.0,0.9666666666666667
guard_scope,faults1,faults1,19,ccra_row_guard,CCRA row,2,31,13,1,1,0,1.0,,1,32,0,32,0,0,1,,0.017990074441687345,,0.2805727554179567,30.0,1.0,29.0,0.03333333333333333,1.0,0.9666666666666667
guard_scope,faults1,faults1,19,ccra_row_guard,CCRA row,3,31,13,1,1,0,1.0,,1,32,0,32,0,0,1,,0.017990074441687345,,0.2805727554179567,30.0,1.0,29.0,0.03333333333333333,1.0,0.9666666666666667
guard_scope,faults1,faults1,19,ccra_row_guard,CCRA row,4,31,13,1,1,0,1.0,,1,32,0,32,0,0,1,,0.017990074441687345,,0.2805727554179567,30.0,1.0,29.0,0.03333333333333333,1.0,0.9666666666666667
guard_scope,faults1,faults1,19,ccra_column_guard,CCRA column,0,31,13,1,1,0,1.0,,0,22,1,23,0,0,1,,0.007444168734491315,,0.007739938080495356,13.0,1.0,12.0,0.07692307692307693,1.0,0.9230769230769231
guard_scope,faults1,faults1,19,ccra_column_guard,CCRA column,1,31,13,1,1,0,1.0,,0,0,0,1,0,0,1,,0.007444168734491315,,0.007739938080495356,13.0,1.0,12.0,0.07692307692307693,1.0,0.9230769230769231
guard_scope,faults1,faults1,19,ccra_column_guard,CCRA column,2,31,13,1,1,0,1.0,,0,0,0,1,0,0,1,,0.007444168734491315,,0.007739938080495356,13.0,1.0,12.0,0.07692307692307693,1.0,0.9230769230769231
guard_scope,faults1,faults1,19,ccra_column_guard,CCRA column,3,31,13,1,1,0,1.0,,0,0,0,1,0,0,1,,0.007444168734491315,,0.007739938080495356,13.0,1.0,12.0,0.07692307692307693,1.0,0.9230769230769231
guard_scope,faults1,faults1,19,ccra_column_guard,CCRA column,4,31,13,1,1,0,1.0,,0,0,0,1,0,0,1,,0.007444168734491315,,0.007739938080495356,13.0,1.0,12.0,0.07692307692307693,1.0,0.9230769230769231
guard_scope,faults1,faults1,19,ccra_region1_guard,CCRA radius 1,0,31,13,1,1,0,1.0,,1,35,1,35,0,0,1,,0.004962779156327543,,0.030959752321981424,9.0,1.0,8.0,0.1111111111111111,1.0,0.8888888888888888
guard_scope,faults1,faults1,19,ccra_region1_guard,CCRA radius 1,1,31,13,1,1,0,1.0,,1,34,0,34,0,0,1,,0.004962779156327543,,0.030959752321981424,9.0,1.0,8.0,0.1111111111111111,1.0,0.8888888888888888
guard_scope,faults1,faults1,19,ccra_region1_guard,CCRA radius 1,2,31,13,1,1,0,1.0,,1,34,0,34,0,0,1,,0.004962779156327543,,0.030959752321981424,9.0,1.0,8.0,0.1111111111111111,1.0,0.8888888888888888
guard_scope,faults1,faults1,19,ccra_region1_guard,CCRA radius 1,3,31,13,1,1,0,1.0,,1,34,0,34,0,0,1,,0.004962779156327543,,0.030959752321981424,9.0,1.0,8.0,0.1111111111111111,1.0,0.8888888888888888
guard_scope,faults1,faults1,19,ccra_region1_guard,CCRA radius 1,4,31,13,1,1,0,1.0,,1,34,0,34,0,0,1,,0.004962779156327543,,0.030959752321981424,9.0,1.0,8.0,0.1111111111111111,1.0,0.8888888888888888
guard_scope,faults1,faults1,19,ccra_region2_guard,CCRA radius 2,0,31,13,1,1,0,1.0,,1,37,1,37,0,0,1,,0.01488833746898263,,0.06191950464396285,25.0,1.0,24.0,0.04,1.0,0.96
guard_scope,faults1,faults1,19,ccra_region2_guard,CCRA radius 2,1,31,13,1,1,0,1.0,,1,36,0,36,0,0,1,,0.01488833746898263,,0.06191950464396285,25.0,1.0,24.0,0.04,1.0,0.96
guard_scope,faults1,faults1,19,ccra_region2_guard,CCRA radius 2,2,31,13,1,1,0,1.0,,1,36,0,36,0,0,1,,0.01488833746898263,,0.06191950464396285,25.0,1.0,24.0,0.04,1.0,0.96
guard_scope,faults1,faults1,19,ccra_region2_guard,CCRA radius 2,3,31,13,1,1,0,1.0,,1,36,0,36,0,0,1,,0.01488833746898263,,0.06191950464396285,25.0,1.0,24.0,0.04,1.0,0.96
guard_scope,faults1,faults1,19,ccra_region2_guard,CCRA radius 2,4,31,13,1,1,0,1.0,,1,36,0,36,0,0,1,,0.01488833746898263,,0.06191950464396285,25.0,1.0,24.0,0.04,1.0,0.96
guard_scope,faults1,faults1,19,ccra_action_guard,CCRA action,0,31,13,1,1,0,1.0,,0,22,1,23,0,0,1,,0.2413151364764268,,0.5127708978328174,390.0,1.0,389.0,0.002564102564102564,1.0,0.9974358974358974
guard_scope,faults1,faults1,19,ccra_action_guard,CCRA action,1,31,13,1,1,0,1.0,,0,0,0,1,0,0,1,,0.2413151364764268,,0.5127708978328174,390.0,1.0,389.0,0.002564102564102564,1.0,0.9974358974358974
guard_scope,faults1,faults1,19,ccra_action_guard,CCRA action,2,31,13,1,1,0,1.0,,0,0,0,1,0,0,1,,0.2413151364764268,,0.5127708978328174,390.0,1.0,389.0,0.002564102564102564,1.0,0.9974358974358974
guard_scope,faults1,faults1,19,ccra_action_guard,CCRA action,3,31,13,1,1,0,1.0,,0,0,0,1,0,0,1,,0.2413151364764268,,0.5127708978328174,390.0,1.0,389.0,0.002564102564102564,1.0,0.9974358974358974
guard_scope,faults1,faults1,19,ccra_action_guard,CCRA action,4,31,13,1,1,0,1.0,,0,0,0,1,0,0,1,,0.2413151364764268,,0.5127708978328174,390.0,1.0,389.0,0.002564102564102564,1.0,0.9974358974358974
guard_scope,faults1,faults1,19,global_action_repair,Global action,0,31,13,1,1,0,1.0,,0,24,3,25,0,0,1,,0.2413151364764268,,0.5127708978328174,390.0,1.0,389.0,0.002564102564102564,1.0,0.9974358974358974
guard_scope,faults1,faults1,19,global_action_repair,Global action,1,31,13,1,1,0,1.0,,0,0,0,1,0,0,1,,0.2413151364764268,,0.5127708978328174,390.0,1.0,389.0,0.002564102564102564,1.0,0.9974358974358974
guard_scope,faults1,faults1,19,global_action_repair,Global action,2,31,13,1,1,0,1.0,,0,0,0,1,0,0,1,,0.2413151364764268,,0.5127708978328174,390.0,1.0,389.0,0.002564102564102564,1.0,0.9974358974358974
guard_scope,faults1,faults1,19,global_action_repair,Global action,3,31,13,1,1,0,1.0,,0,0,0,1,0,0,1,,0.2413151364764268,,0.5127708978328174,390.0,1.0,389.0,0.002564102564102564,1.0,0.9974358974358974
guard_scope,faults1,faults1,19,global_action_repair,Global action,4,31,13,1,1,0,1.0,,0,0,0,1,0,0,1,,0.2413151364764268,,0.5127708978328174,390.0,1.0,389.0,0.002564102564102564,1.0,0.9974358974358974
guard_scope,faults3,faults3,0,ccra_exact_guard,CCRA exact,0,31,13,3,3,0,1.0,,1,33,1,33,0,0,1,,0.0012406947890818859,,0.01934984520123839,1.0,1.0,0.0,1.0,0.3333333333333333,0.0
guard_scope,faults3,faults3,0,ccra_exact_guard,CCRA exact,1,31,13,3,3,0,1.0,,1,32,0,32,0,0,1,,0.0012406947890818859,,0.01934984520123839,1.0,1.0,0.0,1.0,0.3333333333333333,0.0
guard_scope,faults3,faults3,0,ccra_exact_guard,CCRA exact,2,31,13,3,3,0,1.0,,1,32,0,32,0,0,1,,0.0012406947890818859,,0.01934984520123839,1.0,1.0,0.0,1.0,0.3333333333333333,0.0
guard_scope,faults3,faults3,0,ccra_exact_guard,CCRA exact,3,31,13,3,3,0,1.0,,1,32,0,32,0,0,1,,0.0012406947890818859,,0.01934984520123839,1.0,1.0,0.0,1.0,0.3333333333333333,0.0
guard_scope,faults3,faults3,0,ccra_exact_guard,CCRA exact,4,31,13,3,3,0,1.0,,1,32,0,32,0,0,1,,0.0012406947890818859,,0.01934984520123839,1.0,1.0,0.0,1.0,0.3333333333333333,0.0
guard_scope,faults3,faults3,0,ccra_row_guard,CCRA row,0,31,13,3,3,0,1.0,,1,33,1,33,0,0,1,,0.016749379652605458,,0.2612229102167183,30.0,3.0,27.0,0.1,1.0,0.9
guard_scope,faults3,faults3,0,ccra_row_guard,CCRA row,1,31,13,3,3,0,1.0,,1,32,0,32,0,0,1,,0.016749379652605458,,0.2612229102167183,30.0,3.0,27.0,0.1,1.0,0.9
guard_scope,faults3,faults3,0,ccra_row_guard,CCRA row,2,31,13,3,3,0,1.0,,1,32,0,32,0,0,1,,0.016749379652605458,,0.2612229102167183,30.0,3.0,27.0,0.1,1.0,0.9
guard_scope,faults3,faults3,0,ccra_row_guard,CCRA row,3,31,13,3,3,0,1.0,,1,32,0,32,0,0,1,,0.016749379652605458,,0.2612229102167183,30.0,3.0,27.0,0.1,1.0,0.9
guard_scope,faults3,faults3,0,ccra_row_guard,CCRA row,4,31,13,3,3,0,1.0,,1,32,0,32,0,0,1,,0.016749379652605458,,0.2612229102167183,30.0,3.0,27.0,0.1,1.0,0.9
guard_scope,faults3,faults3,0,ccra_column_guard,CCRA column,0,31,13,3,3,0,1.0,,0,3,1,4,0,0,1,,0.008684863523573201,,0.027089783281733747,13.0,1.0,12.0,0.07692307692307693,0.3333333333333333,0.9230769230769231
guard_scope,faults3,faults3,0,ccra_column_guard,CCRA column,1,31,13,3,3,0,1.0,,0,0,0,1,0,0,1,,0.008684863523573201,,0.027089783281733747,13.0,1.0,12.0,0.07692307692307693,0.3333333333333333,0.9230769230769231
guard_scope,faults3,faults3,0,ccra_column_guard,CCRA column,2,31,13,3,3,0,1.0,,0,0,0,1,0,0,1,,0.008684863523573201,,0.027089783281733747,13.0,1.0,12.0,0.07692307692307693,0.3333333333333333,0.9230769230769231
guard_scope,faults3,faults3,0,ccra_column_guard,CCRA column,3,31,13,3,3,0,1.0,,0,0,0,1,0,0,1,,0.008684863523573201,,0.027089783281733747,13.0,1.0,12.0,0.07692307692307693,0.3333333333333333,0.9230769230769231
guard_scope,faults3,faults3,0,ccra_column_guard,CCRA column,4,31,13,3,3,0,1.0,,0,0,0,1,0,0,1,,0.008684863523573201,,0.027089783281733747,13.0,1.0,12.0,0.07692307692307693,0.3333333333333333,0.9230769230769231
guard_scope,faults3,faults3,0,ccra_region1_guard,CCRA radius 1,0,31,13,3,3,0,1.0,,1,35,1,35,0,0,1,,0.00620347394540943,,0.05030959752321981,9.0,1.0,8.0,0.1111111111111111,0.3333333333333333,0.8888888888888888
guard_scope,faults3,faults3,0,ccra_region1_guard,CCRA radius 1,1,31,13,3,3,0,1.0,,1,34,0,34,0,0,1,,0.00620347394540943,,0.05030959752321981,9.0,1.0,8.0,0.1111111111111111,0.3333333333333333,0.8888888888888888
guard_scope,faults3,faults3,0,ccra_region1_guard,CCRA radius 1,2,31,13,3,3,0,1.0,,1,34,0,34,0,0,1,,0.00620347394540943,,0.05030959752321981,9.0,1.0,8.0,0.1111111111111111,0.3333333333333333,0.8888888888888888
guard_scope,faults3,faults3,0,ccra_region1_guard,CCRA radius 1,3,31,13,3,3,0,1.0,,1,34,0,34,0,0,1,,0.00620347394540943,,0.05030959752321981,9.0,1.0,8.0,0.1111111111111111,0.3333333333333333,0.8888888888888888
guard_scope,faults3,faults3,0,ccra_region1_guard,CCRA radius 1,4,31,13,3,3,0,1.0,,1,34,0,34,0,0,1,,0.00620347394540943,,0.05030959752321981,9.0,1.0,8.0,0.1111111111111111,0.3333333333333333,0.8888888888888888
guard_scope,faults3,faults3,0,ccra_region2_guard,CCRA radius 2,0,31,13,3,3,0,1.0,,1,37,1,37,0,0,1,,0.016129032258064516,,0.08126934984520123,25.0,1.0,24.0,0.04,0.3333333333333333,0.96
guard_scope,faults3,faults3,0,ccra_region2_guard,CCRA radius 2,1,31,13,3,3,0,1.0,,1,36,0,36,0,0,1,,0.016129032258064516,,0.08126934984520123,25.0,1.0,24.0,0.04,0.3333333333333333,0.96
guard_scope,faults3,faults3,0,ccra_region2_guard,CCRA radius 2,2,31,13,3,3,0,1.0,,1,36,0,36,0,0,1,,0.016129032258064516,,0.08126934984520123,25.0,1.0,24.0,0.04,0.3333333333333333,0.96
guard_scope,faults3,faults3,0,ccra_region2_guard,CCRA radius 2,3,31,13,3,3,0,1.0,,1,36,0,36,0,0,1,,0.016129032258064516,,0.08126934984520123,25.0,1.0,24.0,0.04,0.3333333333333333,0.96
guard_scope,faults3,faults3,0,ccra_region2_guard,CCRA radius 2,4,31,13,3,3,0,1.0,,1,36,0,36,0,0,1,,0.016129032258064516,,0.08126934984520123,25.0,1.0,24.0,0.04,0.3333333333333333,0.96
guard_scope,faults3,faults3,0,ccra_action_guard,CCRA action,0,31,13,3,3,0,1.0,,0,3,1,4,0,0,1,,0.2400744416873449,,0.4934210526315789,390.0,3.0,387.0,0.007692307692307693,1.0,0.9923076923076923
guard_scope,faults3,faults3,0,ccra_action_guard,CCRA action,1,31,13,3,3,0,1.0,,0,0,0,1,0,0,1,,0.2400744416873449,,0.4934210526315789,390.0,3.0,387.0,0.007692307692307693,1.0,0.9923076923076923
guard_scope,faults3,faults3,0,ccra_action_guard,CCRA action,2,31,13,3,3,0,1.0,,0,0,0,1,0,0,1,,0.2400744416873449,,0.4934210526315789,390.0,3.0,387.0,0.007692307692307693,1.0,0.9923076923076923
guard_scope,faults3,faults3,0,ccra_action_guard,CCRA action,3,31,13,3,3,0,1.0,,0,0,0,1,0,0,1,,0.2400744416873449,,0.4934210526315789,390.0,3.0,387.0,0.007692307692307693,1.0,0.9923076923076923
guard_scope,faults3,faults3,0,ccra_action_guard,CCRA action,4,31,13,3,3,0,1.0,,0,0,0,1,0,0,1,,0.2400744416873449,,0.4934210526315789,390.0,3.0,387.0,0.007692307692307693,1.0,0.9923076923076923
guard_scope,faults3,faults3,0,global_action_repair,Global action,0,31,13,3,3,0,1.0,,0,5,3,6,0,0,1,,0.2400744416873449,,0.4934210526315789,390.0,3.0,387.0,0.007692307692307693,1.0,0.9923076923076923
guard_scope,faults3,faults3,0,global_action_repair,Global action,1,31,13,3,3,0,1.0,,0,0,0,1,0,0,1,,0.2400744416873449,,0.4934210526315789,390.0,3.0,387.0,0.007692307692307693,1.0,0.9923076923076923
guard_scope,faults3,faults3,0,global_action_repair,Global action,2,31,13,3,3,0,1.0,,0,0,0,1,0,0,1,,0.2400744416873449,,0.4934210526315789,390.0,3.0,387.0,0.007692307692307693,1.0,0.9923076923076923
guard_scope,faults3,faults3,0,global_action_repair,Global action,3,31,13,3,3,0,1.0,,0,0,0,1,0,0,1,,0.2400744416873449,,0.4934210526315789,390.0,3.0,387.0,0.007692307692307693,1.0,0.9923076923076923
guard_scope,faults3,faults3,0,global_action_repair,Global action,4,31,13,3,3,0,1.0,,0,0,0,1,0,0,1,,0.2400744416873449,,0.4934210526315789,390.0,3.0,387.0,0.007692307692307693,1.0,0.9923076923076923
guard_scope,faults3,faults3,1,ccra_exact_guard,CCRA exact,0,31,13,3,3,0,1.0,,1,33,1,33,0,0,1,,0.0012406947890818859,,0.01934984520123839,1.0,1.0,0.0,1.0,0.3333333333333333,0.0
guard_scope,faults3,faults3,1,ccra_exact_guard,CCRA exact,1,31,13,3,3,0,1.0,,1,32,0,32,0,0,1,,0.0012406947890818859,,0.01934984520123839,1.0,1.0,0.0,1.0,0.3333333333333333,0.0
guard_scope,faults3,faults3,1,ccra_exact_guard,CCRA exact,2,31,13,3,3,0,1.0,,1,32,0,32,0,0,1,,0.0012406947890818859,,0.01934984520123839,1.0,1.0,0.0,1.0,0.3333333333333333,0.0
guard_scope,faults3,faults3,1,ccra_exact_guard,CCRA exact,3,31,13,3,3,0,1.0,,1,32,0,32,0,0,1,,0.0012406947890818859,,0.01934984520123839,1.0,1.0,0.0,1.0,0.3333333333333333,0.0
guard_scope,faults3,faults3,1,ccra_exact_guard,CCRA exact,4,31,13,3,3,0,1.0,,1,32,0,32,0,0,1,,0.0012406947890818859,,0.01934984520123839,1.0,1.0,0.0,1.0,0.3333333333333333,0.0
guard_scope,faults3,faults3,1,ccra_row_guard,CCRA row,0,31,13,3,3,0,1.0,,1,33,1,33,0,0,1,,0.016749379652605458,,0.2612229102167183,30.0,3.0,27.0,0.1,1.0,0.9
guard_scope,faults3,faults3,1,ccra_row_guard,CCRA row,1,31,13,3,3,0,1.0,,1,32,0,32,0,0,1,,0.016749379652605458,,0.2612229102167183,30.0,3.0,27.0,0.1,1.0,0.9
guard_scope,faults3,faults3,1,ccra_row_guard,CCRA row,2,31,13,3,3,0,1.0,,1,32,0,32,0,0,1,,0.016749379652605458,,0.2612229102167183,30.0,3.0,27.0,0.1,1.0,0.9
guard_scope,faults3,faults3,1,ccra_row_guard,CCRA row,3,31,13,3,3,0,1.0,,1,32,0,32,0,0,1,,0.016749379652605458,,0.2612229102167183,30.0,3.0,27.0,0.1,1.0,0.9
guard_scope,faults3,faults3,1,ccra_row_guard,CCRA row,4,31,13,3,3,0,1.0,,1,32,0,32,0,0,1,,0.016749379652605458,,0.2612229102167183,30.0,3.0,27.0,0.1,1.0,0.9
guard_scope,faults3,faults3,1,ccra_column_guard,CCRA column,0,31,13,3,3,0,1.0,,0,15,1,16,0,0,1,,0.008684863523573201,,0.027089783281733747,13.0,1.0,12.0,0.07692307692307693,0.3333333333333333,0.9230769230769231
guard_scope,faults3,faults3,1,ccra_column_guard,CCRA column,1,31,13,3,3,0,1.0,,0,0,0,1,0,0,1,,0.008684863523573201,,0.027089783281733747,13.0,1.0,12.0,0.07692307692307693,0.3333333333333333,0.9230769230769231
guard_scope,faults3,faults3,1,ccra_column_guard,CCRA column,2,31,13,3,3,0,1.0,,0,0,0,1,0,0,1,,0.008684863523573201,,0.027089783281733747,13.0,1.0,12.0,0.07692307692307693,0.3333333333333333,0.9230769230769231
guard_scope,faults3,faults3,1,ccra_column_guard,CCRA column,3,31,13,3,3,0,1.0,,0,0,0,1,0,0,1,,0.008684863523573201,,0.027089783281733747,13.0,1.0,12.0,0.07692307692307693,0.3333333333333333,0.9230769230769231
guard_scope,faults3,faults3,1,ccra_column_guard,CCRA column,4,31,13,3,3,0,1.0,,0,0,0,1,0,0,1,,0.008684863523573201,,0.027089783281733747,13.0,1.0,12.0,0.07692307692307693,0.3333333333333333,0.9230769230769231
guard_scope,faults3,faults3,1,ccra_region1_guard,CCRA radius 1,0,31,13,3,3,0,1.0,,1,35,1,35,0,0,1,,0.00620347394540943,,0.05030959752321981,9.0,1.0,8.0,0.1111111111111111,0.3333333333333333,0.8888888888888888
guard_scope,faults3,faults3,1,ccra_region1_guard,CCRA radius 1,1,31,13,3,3,0,1.0,,1,34,0,34,0,0,1,,0.00620347394540943,,0.05030959752321981,9.0,1.0,8.0,0.1111111111111111,0.3333333333333333,0.8888888888888888
guard_scope,faults3,faults3,1,ccra_region1_guard,CCRA radius 1,2,31,13,3,3,0,1.0,,1,34,0,34,0,0,1,,0.00620347394540943,,0.05030959752321981,9.0,1.0,8.0,0.1111111111111111,0.3333333333333333,0.8888888888888888
guard_scope,faults3,faults3,1,ccra_region1_guard,CCRA radius 1,3,31,13,3,3,0,1.0,,1,34,0,34,0,0,1,,0.00620347394540943,,0.05030959752321981,9.0,1.0,8.0,0.1111111111111111,0.3333333333333333,0.8888888888888888
guard_scope,faults3,faults3,1,ccra_region1_guard,CCRA radius 1,4,31,13,3,3,0,1.0,,1,34,0,34,0,0,1,,0.00620347394540943,,0.05030959752321981,9.0,1.0,8.0,0.1111111111111111,0.3333333333333333,0.8888888888888888
guard_scope,faults3,faults3,1,ccra_region2_guard,CCRA radius 2,0,31,13,3,3,0,1.0,,1,37,1,37,0,0,1,,0.016129032258064516,,0.08126934984520123,25.0,1.0,24.0,0.04,0.3333333333333333,0.96
guard_scope,faults3,faults3,1,ccra_region2_guard,CCRA radius 2,1,31,13,3,3,0,1.0,,1,36,0,36,0,0,1,,0.016129032258064516,,0.08126934984520123,25.0,1.0,24.0,0.04,0.3333333333333333,0.96
guard_scope,faults3,faults3,1,ccra_region2_guard,CCRA radius 2,2,31,13,3,3,0,1.0,,1,36,0,36,0,0,1,,0.016129032258064516,,0.08126934984520123,25.0,1.0,24.0,0.04,0.3333333333333333,0.96
guard_scope,faults3,faults3,1,ccra_region2_guard,CCRA radius 2,3,31,13,3,3,0,1.0,,1,36,0,36,0,0,1,,0.016129032258064516,,0.08126934984520123,25.0,1.0,24.0,0.04,0.3333333333333333,0.96
guard_scope,faults3,faults3,1,ccra_region2_guard,CCRA radius 2,4,31,13,3,3,0,1.0,,1,36,0,36,0,0,1,,0.016129032258064516,,0.08126934984520123,25.0,1.0,24.0,0.04,0.3333333333333333,0.96
guard_scope,faults3,faults3,1,ccra_action_guard,CCRA action,0,31,13,3,3,0,1.0,,0,15,1,16,0,0,1,,0.2400744416873449,,0.4934210526315789,390.0,3.0,387.0,0.007692307692307693,1.0,0.9923076923076923
guard_scope,faults3,faults3,1,ccra_action_guard,CCRA action,1,31,13,3,3,0,1.0,,0,0,0,1,0,0,1,,0.2400744416873449,,0.4934210526315789,390.0,3.0,387.0,0.007692307692307693,1.0,0.9923076923076923
guard_scope,faults3,faults3,1,ccra_action_guard,CCRA action,2,31,13,3,3,0,1.0,,0,0,0,1,0,0,1,,0.2400744416873449,,0.4934210526315789,390.0,3.0,387.0,0.007692307692307693,1.0,0.9923076923076923
guard_scope,faults3,faults3,1,ccra_action_guard,CCRA action,3,31,13,3,3,0,1.0,,0,0,0,1,0,0,1,,0.2400744416873449,,0.4934210526315789,390.0,3.0,387.0,0.007692307692307693,1.0,0.9923076923076923
guard_scope,faults3,faults3,1,ccra_action_guard,CCRA action,4,31,13,3,3,0,1.0,,0,0,0,1,0,0,1,,0.2400744416873449,,0.4934210526315789,390.0,3.0,387.0,0.007692307692307693,1.0,0.9923076923076923
guard_scope,faults3,faults3,1,global_action_repair,Global action,0,31,13,3,3,0,1.0,,0,17,3,18,0,0,1,,0.2400744416873449,,0.4934210526315789,390.0,3.0,387.0,0.007692307692307693,1.0,0.9923076923076923
guard_scope,faults3,faults3,1,global_action_repair,Global action,1,31,13,3,3,0,1.0,,0,0,0,1,0,0,1,,0.2400744416873449,,0.4934210526315789,390.0,3.0,387.0,0.007692307692307693,1.0,0.9923076923076923
guard_scope,faults3,faults3,1,global_action_repair,Global action,2,31,13,3,3,0,1.0,,0,0,0,1,0,0,1,,0.2400744416873449,,0.4934210526315789,390.0,3.0,387.0,0.007692307692307693,1.0,0.9923076923076923
guard_scope,faults3,faults3,1,global_action_repair,Global action,3,31,13,3,3,0,1.0,,0,0,0,1,0,0,1,,0.2400744416873449,,0.4934210526315789,390.0,3.0,387.0,0.007692307692307693,1.0,0.9923076923076923
guard_scope,faults3,faults3,1,global_action_repair,Global action,4,31,13,3,3,0,1.0,,0,0,0,1,0,0,1,,0.2400744416873449,,0.4934210526315789,390.0,3.0,387.0,0.007692307692307693,1.0,0.9923076923076923
guard_scope,faults3,faults3,2,ccra_exact_guard,CCRA exact,0,31,13,3,3,0,1.0,,1,33,1,33,0,0,1,,0.0012406947890818859,,0.01934984520123839,1.0,1.0,0.0,1.0,0.3333333333333333,0.0
guard_scope,faults3,faults3,2,ccra_exact_guard,CCRA exact,1,31,13,3,3,0,1.0,,1,32,0,32,0,0,1,,0.0012406947890818859,,0.01934984520123839,1.0,1.0,0.0,1.0,0.3333333333333333,0.0
guard_scope,faults3,faults3,2,ccra_exact_guard,CCRA exact,2,31,13,3,3,0,1.0,,1,32,0,32,0,0,1,,0.0012406947890818859,,0.01934984520123839,1.0,1.0,0.0,1.0,0.3333333333333333,0.0
guard_scope,faults3,faults3,2,ccra_exact_guard,CCRA exact,3,31,13,3,3,0,1.0,,1,32,0,32,0,0,1,,0.0012406947890818859,,0.01934984520123839,1.0,1.0,0.0,1.0,0.3333333333333333,0.0
guard_scope,faults3,faults3,2,ccra_exact_guard,CCRA exact,4,31,13,3,3,0,1.0,,1,32,0,32,0,0,1,,0.0012406947890818859,,0.01934984520123839,1.0,1.0,0.0,1.0,0.3333333333333333,0.0
guard_scope,faults3,faults3,2,ccra_row_guard,CCRA row,0,31,13,3,3,0,1.0,,1,33,1,33,0,0,1,,0.016749379652605458,,0.2612229102167183,30.0,3.0,27.0,0.1,1.0,0.9
guard_scope,faults3,faults3,2,ccra_row_guard,CCRA row,1,31,13,3,3,0,1.0,,1,32,0,32,0,0,1,,0.016749379652605458,,0.2612229102167183,30.0,3.0,27.0,0.1,1.0,0.9
guard_scope,faults3,faults3,2,ccra_row_guard,CCRA row,2,31,13,3,3,0,1.0,,1,32,0,32,0,0,1,,0.016749379652605458,,0.2612229102167183,30.0,3.0,27.0,0.1,1.0,0.9
guard_scope,faults3,faults3,2,ccra_row_guard,CCRA row,3,31,13,3,3,0,1.0,,1,32,0,32,0,0,1,,0.016749379652605458,,0.2612229102167183,30.0,3.0,27.0,0.1,1.0,0.9
guard_scope,faults3,faults3,2,ccra_row_guard,CCRA row,4,31,13,3,3,0,1.0,,1,32,0,32,0,0,1,,0.016749379652605458,,0.2612229102167183,30.0,3.0,27.0,0.1,1.0,0.9
guard_scope,faults3,faults3,2,ccra_column_guard,CCRA column,0,31,13,3,3,0,1.0,,0,21,1,22,0,0,1,,0.008684863523573201,,0.027089783281733747,13.0,1.0,12.0,0.07692307692307693,0.3333333333333333,0.9230769230769231
guard_scope,faults3,faults3,2,ccra_column_guard,CCRA column,1,31,13,3,3,0,1.0,,0,0,0,1,0,0,1,,0.008684863523573201,,0.027089783281733747,13.0,1.0,12.0,0.07692307692307693,0.3333333333333333,0.9230769230769231
guard_scope,faults3,faults3,2,ccra_column_guard,CCRA column,2,31,13,3,3,0,1.0,,0,0,0,1,0,0,1,,0.008684863523573201,,0.027089783281733747,13.0,1.0,12.0,0.07692307692307693,0.3333333333333333,0.9230769230769231
guard_scope,faults3,faults3,2,ccra_column_guard,CCRA column,3,31,13,3,3,0,1.0,,0,0,0,1,0,0,1,,0.008684863523573201,,0.027089783281733747,13.0,1.0,12.0,0.07692307692307693,0.3333333333333333,0.9230769230769231
guard_scope,faults3,faults3,2,ccra_column_guard,CCRA column,4,31,13,3,3,0,1.0,,0,0,0,1,0,0,1,,0.008684863523573201,,0.027089783281733747,13.0,1.0,12.0,0.07692307692307693,0.3333333333333333,0.9230769230769231
guard_scope,faults3,faults3,2,ccra_region1_guard,CCRA radius 1,0,31,13,3,3,0,1.0,,1,35,1,35,0,0,1,,0.004962779156327543,,0.030959752321981424,9.0,2.0,7.0,0.2222222222222222,0.6666666666666666,0.7777777777777778
guard_scope,faults3,faults3,2,ccra_region1_guard,CCRA radius 1,1,31,13,3,3,0,1.0,,1,34,0,34,0,0,1,,0.004962779156327543,,0.030959752321981424,9.0,2.0,7.0,0.2222222222222222,0.6666666666666666,0.7777777777777778
guard_scope,faults3,faults3,2,ccra_region1_guard,CCRA radius 1,2,31,13,3,3,0,1.0,,1,34,0,34,0,0,1,,0.004962779156327543,,0.030959752321981424,9.0,2.0,7.0,0.2222222222222222,0.6666666666666666,0.7777777777777778
guard_scope,faults3,faults3,2,ccra_region1_guard,CCRA radius 1,3,31,13,3,3,0,1.0,,1,34,0,34,0,0,1,,0.004962779156327543,,0.030959752321981424,9.0,2.0,7.0,0.2222222222222222,0.6666666666666666,0.7777777777777778
guard_scope,faults3,faults3,2,ccra_region1_guard,CCRA radius 1,4,31,13,3,3,0,1.0,,1,34,0,34,0,0,1,,0.004962779156327543,,0.030959752321981424,9.0,2.0,7.0,0.2222222222222222,0.6666666666666666,0.7777777777777778
guard_scope,faults3,faults3,2,ccra_region2_guard,CCRA radius 2,0,31,13,3,3,0,1.0,,1,37,1,37,0,0,1,,0.01488833746898263,,0.06191950464396285,25.0,2.0,23.0,0.08,0.6666666666666666,0.92
guard_scope,faults3,faults3,2,ccra_region2_guard,CCRA radius 2,1,31,13,3,3,0,1.0,,1,36,0,36,0,0,1,,0.01488833746898263,,0.06191950464396285,25.0,2.0,23.0,0.08,0.6666666666666666,0.92
guard_scope,faults3,faults3,2,ccra_region2_guard,CCRA radius 2,2,31,13,3,3,0,1.0,,1,36,0,36,0,0,1,,0.01488833746898263,,0.06191950464396285,25.0,2.0,23.0,0.08,0.6666666666666666,0.92
guard_scope,faults3,faults3,2,ccra_region2_guard,CCRA radius 2,3,31,13,3,3,0,1.0,,1,36,0,36,0,0,1,,0.01488833746898263,,0.06191950464396285,25.0,2.0,23.0,0.08,0.6666666666666666,0.92
guard_scope,faults3,faults3,2,ccra_region2_guard,CCRA radius 2,4,31,13,3,3,0,1.0,,1,36,0,36,0,0,1,,0.01488833746898263,,0.06191950464396285,25.0,2.0,23.0,0.08,0.6666666666666666,0.92
guard_scope,faults3,faults3,2,ccra_action_guard,CCRA action,0,31,13,3,3,0,1.0,,0,21,1,22,0,0,1,,0.2400744416873449,,0.4934210526315789,390.0,3.0,387.0,0.007692307692307693,1.0,0.9923076923076923
guard_scope,faults3,faults3,2,ccra_action_guard,CCRA action,1,31,13,3,3,0,1.0,,0,0,0,1,0,0,1,,0.2400744416873449,,0.4934210526315789,390.0,3.0,387.0,0.007692307692307693,1.0,0.9923076923076923
guard_scope,faults3,faults3,2,ccra_action_guard,CCRA action,2,31,13,3,3,0,1.0,,0,0,0,1,0,0,1,,0.2400744416873449,,0.4934210526315789,390.0,3.0,387.0,0.007692307692307693,1.0,0.9923076923076923
guard_scope,faults3,faults3,2,ccra_action_guard,CCRA action,3,31,13,3,3,0,1.0,,0,0,0,1,0,0,1,,0.2400744416873449,,0.4934210526315789,390.0,3.0,387.0,0.007692307692307693,1.0,0.9923076923076923
guard_scope,faults3,faults3,2,ccra_action_guard,CCRA action,4,31,13,3,3,0,1.0,,0,0,0,1,0,0,1,,0.2400744416873449,,0.4934210526315789,390.0,3.0,387.0,0.007692307692307693,1.0,0.9923076923076923
guard_scope,faults3,faults3,2,global_action_repair,Global action,0,31,13,3,3,0,1.0,,0,23,3,24,0,0,1,,0.2400744416873449,,0.4934210526315789,390.0,3.0,387.0,0.007692307692307693,1.0,0.9923076923076923
guard_scope,faults3,faults3,2,global_action_repair,Global action,1,31,13,3,3,0,1.0,,0,0,0,1,0,0,1,,0.2400744416873449,,0.4934210526315789,390.0,3.0,387.0,0.007692307692307693,1.0,0.9923076923076923
guard_scope,faults3,faults3,2,global_action_repair,Global action,2,31,13,3,3,0,1.0,,0,0,0,1,0,0,1,,0.2400744416873449,,0.4934210526315789,390.0,3.0,387.0,0.007692307692307693,1.0,0.9923076923076923
guard_scope,faults3,faults3,2,global_action_repair,Global action,3,31,13,3,3,0,1.0,,0,0,0,1,0,0,1,,0.2400744416873449,,0.4934210526315789,390.0,3.0,387.0,0.007692307692307693,1.0,0.9923076923076923
guard_scope,faults3,faults3,2,global_action_repair,Global action,4,31,13,3,3,0,1.0,,0,0,0,1,0,0,1,,0.2400744416873449,,0.4934210526315789,390.0,3.0,387.0,0.007692307692307693,1.0,0.9923076923076923
guard_scope,faults3,faults3,3,ccra_exact_guard,CCRA exact,0,31,13,3,3,0,1.0,,1,33,1,33,0,0,1,,0.0012406947890818859,,0.01934984520123839,1.0,1.0,0.0,1.0,0.3333333333333333,0.0
guard_scope,faults3,faults3,3,ccra_exact_guard,CCRA exact,1,31,13,3,3,0,1.0,,1,32,0,32,0,0,1,,0.0012406947890818859,,0.01934984520123839,1.0,1.0,0.0,1.0,0.3333333333333333,0.0
guard_scope,faults3,faults3,3,ccra_exact_guard,CCRA exact,2,31,13,3,3,0,1.0,,1,32,0,32,0,0,1,,0.0012406947890818859,,0.01934984520123839,1.0,1.0,0.0,1.0,0.3333333333333333,0.0
guard_scope,faults3,faults3,3,ccra_exact_guard,CCRA exact,3,31,13,3,3,0,1.0,,1,32,0,32,0,0,1,,0.0012406947890818859,,0.01934984520123839,1.0,1.0,0.0,1.0,0.3333333333333333,0.0
guard_scope,faults3,faults3,3,ccra_exact_guard,CCRA exact,4,31,13,3,3,0,1.0,,1,32,0,32,0,0,1,,0.0012406947890818859,,0.01934984520123839,1.0,1.0,0.0,1.0,0.3333333333333333,0.0
guard_scope,faults3,faults3,3,ccra_row_guard,CCRA row,0,31,13,3,3,0,1.0,,1,33,1,33,0,0,1,,0.016749379652605458,,0.2612229102167183,30.0,3.0,27.0,0.1,1.0,0.9
guard_scope,faults3,faults3,3,ccra_row_guard,CCRA row,1,31,13,3,3,0,1.0,,1,32,0,32,0,0,1,,0.016749379652605458,,0.2612229102167183,30.0,3.0,27.0,0.1,1.0,0.9
guard_scope,faults3,faults3,3,ccra_row_guard,CCRA row,2,31,13,3,3,0,1.0,,1,32,0,32,0,0,1,,0.016749379652605458,,0.2612229102167183,30.0,3.0,27.0,0.1,1.0,0.9
guard_scope,faults3,faults3,3,ccra_row_guard,CCRA row,3,31,13,3,3,0,1.0,,1,32,0,32,0,0,1,,0.016749379652605458,,0.2612229102167183,30.0,3.0,27.0,0.1,1.0,0.9
guard_scope,faults3,faults3,3,ccra_row_guard,CCRA row,4,31,13,3,3,0,1.0,,1,32,0,32,0,0,1,,0.016749379652605458,,0.2612229102167183,30.0,3.0,27.0,0.1,1.0,0.9
guard_scope,faults3,faults3,3,ccra_column_guard,CCRA column,0,31,13,3,3,0,1.0,,0,5,1,6,0,0,1,,0.008684863523573201,,0.027089783281733747,13.0,1.0,12.0,0.07692307692307693,0.3333333333333333,0.9230769230769231
guard_scope,faults3,faults3,3,ccra_column_guard,CCRA column,1,31,13,3,3,0,1.0,,0,0,0,1,0,0,1,,0.008684863523573201,,0.027089783281733747,13.0,1.0,12.0,0.07692307692307693,0.3333333333333333,0.9230769230769231
guard_scope,faults3,faults3,3,ccra_column_guard,CCRA column,2,31,13,3,3,0,1.0,,0,0,0,1,0,0,1,,0.008684863523573201,,0.027089783281733747,13.0,1.0,12.0,0.07692307692307693,0.3333333333333333,0.9230769230769231
guard_scope,faults3,faults3,3,ccra_column_guard,CCRA column,3,31,13,3,3,0,1.0,,0,0,0,1,0,0,1,,0.008684863523573201,,0.027089783281733747,13.0,1.0,12.0,0.07692307692307693,0.3333333333333333,0.9230769230769231
guard_scope,faults3,faults3,3,ccra_column_guard,CCRA column,4,31,13,3,3,0,1.0,,0,0,0,1,0,0,1,,0.008684863523573201,,0.027089783281733747,13.0,1.0,12.0,0.07692307692307693,0.3333333333333333,0.9230769230769231
guard_scope,faults3,faults3,3,ccra_region1_guard,CCRA radius 1,0,31,13,3,3,0,1.0,,1,35,1,35,0,0,1,,0.004962779156327543,,0.030959752321981424,9.0,2.0,7.0,0.2222222222222222,0.6666666666666666,0.7777777777777778
guard_scope,faults3,faults3,3,ccra_region1_guard,CCRA radius 1,1,31,13,3,3,0,1.0,,1,34,0,34,0,0,1,,0.004962779156327543,,0.030959752321981424,9.0,2.0,7.0,0.2222222222222222,0.6666666666666666,0.7777777777777778
guard_scope,faults3,faults3,3,ccra_region1_guard,CCRA radius 1,2,31,13,3,3,0,1.0,,1,34,0,34,0,0,1,,0.004962779156327543,,0.030959752321981424,9.0,2.0,7.0,0.2222222222222222,0.6666666666666666,0.7777777777777778
guard_scope,faults3,faults3,3,ccra_region1_guard,CCRA radius 1,3,31,13,3,3,0,1.0,,1,34,0,34,0,0,1,,0.004962779156327543,,0.030959752321981424,9.0,2.0,7.0,0.2222222222222222,0.6666666666666666,0.7777777777777778
guard_scope,faults3,faults3,3,ccra_region1_guard,CCRA radius 1,4,31,13,3,3,0,1.0,,1,34,0,34,0,0,1,,0.004962779156327543,,0.030959752321981424,9.0,2.0,7.0,0.2222222222222222,0.6666666666666666,0.7777777777777778
guard_scope,faults3,faults3,3,ccra_region2_guard,CCRA radius 2,0,31,13,3,3,0,1.0,,1,37,1,37,0,0,1,,0.01488833746898263,,0.06191950464396285,25.0,2.0,23.0,0.08,0.6666666666666666,0.92
guard_scope,faults3,faults3,3,ccra_region2_guard,CCRA radius 2,1,31,13,3,3,0,1.0,,1,36,0,36,0,0,1,,0.01488833746898263,,0.06191950464396285,25.0,2.0,23.0,0.08,0.6666666666666666,0.92
guard_scope,faults3,faults3,3,ccra_region2_guard,CCRA radius 2,2,31,13,3,3,0,1.0,,1,36,0,36,0,0,1,,0.01488833746898263,,0.06191950464396285,25.0,2.0,23.0,0.08,0.6666666666666666,0.92
guard_scope,faults3,faults3,3,ccra_region2_guard,CCRA radius 2,3,31,13,3,3,0,1.0,,1,36,0,36,0,0,1,,0.01488833746898263,,0.06191950464396285,25.0,2.0,23.0,0.08,0.6666666666666666,0.92
guard_scope,faults3,faults3,3,ccra_region2_guard,CCRA radius 2,4,31,13,3,3,0,1.0,,1,36,0,36,0,0,1,,0.01488833746898263,,0.06191950464396285,25.0,2.0,23.0,0.08,0.6666666666666666,0.92
guard_scope,faults3,faults3,3,ccra_action_guard,CCRA action,0,31,13,3,3,0,1.0,,0,5,1,6,0,0,1,,0.2400744416873449,,0.4934210526315789,390.0,3.0,387.0,0.007692307692307693,1.0,0.9923076923076923
guard_scope,faults3,faults3,3,ccra_action_guard,CCRA action,1,31,13,3,3,0,1.0,,0,0,0,1,0,0,1,,0.2400744416873449,,0.4934210526315789,390.0,3.0,387.0,0.007692307692307693,1.0,0.9923076923076923
guard_scope,faults3,faults3,3,ccra_action_guard,CCRA action,2,31,13,3,3,0,1.0,,0,0,0,1,0,0,1,,0.2400744416873449,,0.4934210526315789,390.0,3.0,387.0,0.007692307692307693,1.0,0.9923076923076923
guard_scope,faults3,faults3,3,ccra_action_guard,CCRA action,3,31,13,3,3,0,1.0,,0,0,0,1,0,0,1,,0.2400744416873449,,0.4934210526315789,390.0,3.0,387.0,0.007692307692307693,1.0,0.9923076923076923
guard_scope,faults3,faults3,3,ccra_action_guard,CCRA action,4,31,13,3,3,0,1.0,,0,0,0,1,0,0,1,,0.2400744416873449,,0.4934210526315789,390.0,3.0,387.0,0.007692307692307693,1.0,0.9923076923076923
guard_scope,faults3,faults3,3,global_action_repair,Global action,0,31,13,3,3,0,1.0,,0,7,3,8,0,0,1,,0.2400744416873449,,0.4934210526315789,390.0,3.0,387.0,0.007692307692307693,1.0,0.9923076923076923
guard_scope,faults3,faults3,3,global_action_repair,Global action,1,31,13,3,3,0,1.0,,0,0,0,1,0,0,1,,0.2400744416873449,,0.4934210526315789,390.0,3.0,387.0,0.007692307692307693,1.0,0.9923076923076923
guard_scope,faults3,faults3,3,global_action_repair,Global action,2,31,13,3,3,0,1.0,,0,0,0,1,0,0,1,,0.2400744416873449,,0.4934210526315789,390.0,3.0,387.0,0.007692307692307693,1.0,0.9923076923076923
guard_scope,faults3,faults3,3,global_action_repair,Global action,3,31,13,3,3,0,1.0,,0,0,0,1,0,0,1,,0.2400744416873449,,0.4934210526315789,390.0,3.0,387.0,0.007692307692307693,1.0,0.9923076923076923
guard_scope,faults3,faults3,3,global_action_repair,Global action,4,31,13,3,3,0,1.0,,0,0,0,1,0,0,1,,0.2400744416873449,,0.4934210526315789,390.0,3.0,387.0,0.007692307692307693,1.0,0.9923076923076923
guard_scope,faults3,faults3,4,ccra_exact_guard,CCRA exact,0,31,13,3,3,0,1.0,,1,33,1,33,0,0,1,,0.0012406947890818859,,0.01934984520123839,1.0,1.0,0.0,1.0,0.3333333333333333,0.0
guard_scope,faults3,faults3,4,ccra_exact_guard,CCRA exact,1,31,13,3,3,0,1.0,,1,32,0,32,0,0,1,,0.0012406947890818859,,0.01934984520123839,1.0,1.0,0.0,1.0,0.3333333333333333,0.0
guard_scope,faults3,faults3,4,ccra_exact_guard,CCRA exact,2,31,13,3,3,0,1.0,,1,32,0,32,0,0,1,,0.0012406947890818859,,0.01934984520123839,1.0,1.0,0.0,1.0,0.3333333333333333,0.0
guard_scope,faults3,faults3,4,ccra_exact_guard,CCRA exact,3,31,13,3,3,0,1.0,,1,32,0,32,0,0,1,,0.0012406947890818859,,0.01934984520123839,1.0,1.0,0.0,1.0,0.3333333333333333,0.0
guard_scope,faults3,faults3,4,ccra_exact_guard,CCRA exact,4,31,13,3,3,0,1.0,,1,32,0,32,0,0,1,,0.0012406947890818859,,0.01934984520123839,1.0,1.0,0.0,1.0,0.3333333333333333,0.0
guard_scope,faults3,faults3,4,ccra_row_guard,CCRA row,0,31,13,3,3,0,1.0,,1,33,1,33,0,0,1,,0.016749379652605458,,0.2612229102167183,30.0,3.0,27.0,0.1,1.0,0.9
guard_scope,faults3,faults3,4,ccra_row_guard,CCRA row,1,31,13,3,3,0,1.0,,1,32,0,32,0,0,1,,0.016749379652605458,,0.2612229102167183,30.0,3.0,27.0,0.1,1.0,0.9
guard_scope,faults3,faults3,4,ccra_row_guard,CCRA row,2,31,13,3,3,0,1.0,,1,32,0,32,0,0,1,,0.016749379652605458,,0.2612229102167183,30.0,3.0,27.0,0.1,1.0,0.9
guard_scope,faults3,faults3,4,ccra_row_guard,CCRA row,3,31,13,3,3,0,1.0,,1,32,0,32,0,0,1,,0.016749379652605458,,0.2612229102167183,30.0,3.0,27.0,0.1,1.0,0.9
guard_scope,faults3,faults3,4,ccra_row_guard,CCRA row,4,31,13,3,3,0,1.0,,1,32,0,32,0,0,1,,0.016749379652605458,,0.2612229102167183,30.0,3.0,27.0,0.1,1.0,0.9
guard_scope,faults3,faults3,4,ccra_column_guard,CCRA column,0,31,13,3,3,0,1.0,,0,5,1,6,0,0,1,,0.008684863523573201,,0.027089783281733747,13.0,1.0,12.0,0.07692307692307693,0.3333333333333333,0.9230769230769231
guard_scope,faults3,faults3,4,ccra_column_guard,CCRA column,1,31,13,3,3,0,1.0,,0,0,0,1,0,0,1,,0.008684863523573201,,0.027089783281733747,13.0,1.0,12.0,0.07692307692307693,0.3333333333333333,0.9230769230769231
guard_scope,faults3,faults3,4,ccra_column_guard,CCRA column,2,31,13,3,3,0,1.0,,0,0,0,1,0,0,1,,0.008684863523573201,,0.027089783281733747,13.0,1.0,12.0,0.07692307692307693,0.3333333333333333,0.9230769230769231
guard_scope,faults3,faults3,4,ccra_column_guard,CCRA column,3,31,13,3,3,0,1.0,,0,0,0,1,0,0,1,,0.008684863523573201,,0.027089783281733747,13.0,1.0,12.0,0.07692307692307693,0.3333333333333333,0.9230769230769231
guard_scope,faults3,faults3,4,ccra_column_guard,CCRA column,4,31,13,3,3,0,1.0,,0,0,0,1,0,0,1,,0.008684863523573201,,0.027089783281733747,13.0,1.0,12.0,0.07692307692307693,0.3333333333333333,0.9230769230769231
guard_scope,faults3,faults3,4,ccra_region1_guard,CCRA radius 1,0,31,13,3,3,0,1.0,,1,35,1,35,0,0,1,,0.00620347394540943,,0.05030959752321981,9.0,1.0,8.0,0.1111111111111111,0.3333333333333333,0.8888888888888888
guard_scope,faults3,faults3,4,ccra_region1_guard,CCRA radius 1,1,31,13,3,3,0,1.0,,1,34,0,34,0,0,1,,0.00620347394540943,,0.05030959752321981,9.0,1.0,8.0,0.1111111111111111,0.3333333333333333,0.8888888888888888
guard_scope,faults3,faults3,4,ccra_region1_guard,CCRA radius 1,2,31,13,3,3,0,1.0,,1,34,0,34,0,0,1,,0.00620347394540943,,0.05030959752321981,9.0,1.0,8.0,0.1111111111111111,0.3333333333333333,0.8888888888888888
guard_scope,faults3,faults3,4,ccra_region1_guard,CCRA radius 1,3,31,13,3,3,0,1.0,,1,34,0,34,0,0,1,,0.00620347394540943,,0.05030959752321981,9.0,1.0,8.0,0.1111111111111111,0.3333333333333333,0.8888888888888888
guard_scope,faults3,faults3,4,ccra_region1_guard,CCRA radius 1,4,31,13,3,3,0,1.0,,1,34,0,34,0,0,1,,0.00620347394540943,,0.05030959752321981,9.0,1.0,8.0,0.1111111111111111,0.3333333333333333,0.8888888888888888
guard_scope,faults3,faults3,4,ccra_region2_guard,CCRA radius 2,0,31,13,3,3,0,1.0,,1,37,1,37,0,0,1,,0.016129032258064516,,0.08126934984520123,25.0,1.0,24.0,0.04,0.3333333333333333,0.96
guard_scope,faults3,faults3,4,ccra_region2_guard,CCRA radius 2,1,31,13,3,3,0,1.0,,1,36,0,36,0,0,1,,0.016129032258064516,,0.08126934984520123,25.0,1.0,24.0,0.04,0.3333333333333333,0.96
guard_scope,faults3,faults3,4,ccra_region2_guard,CCRA radius 2,2,31,13,3,3,0,1.0,,1,36,0,36,0,0,1,,0.016129032258064516,,0.08126934984520123,25.0,1.0,24.0,0.04,0.3333333333333333,0.96
guard_scope,faults3,faults3,4,ccra_region2_guard,CCRA radius 2,3,31,13,3,3,0,1.0,,1,36,0,36,0,0,1,,0.016129032258064516,,0.08126934984520123,25.0,1.0,24.0,0.04,0.3333333333333333,0.96
guard_scope,faults3,faults3,4,ccra_region2_guard,CCRA radius 2,4,31,13,3,3,0,1.0,,1,36,0,36,0,0,1,,0.016129032258064516,,0.08126934984520123,25.0,1.0,24.0,0.04,0.3333333333333333,0.96
guard_scope,faults3,faults3,4,ccra_action_guard,CCRA action,0,31,13,3,3,0,1.0,,0,5,1,6,0,0,1,,0.2400744416873449,,0.4934210526315789,390.0,3.0,387.0,0.007692307692307693,1.0,0.9923076923076923
guard_scope,faults3,faults3,4,ccra_action_guard,CCRA action,1,31,13,3,3,0,1.0,,0,0,0,1,0,0,1,,0.2400744416873449,,0.4934210526315789,390.0,3.0,387.0,0.007692307692307693,1.0,0.9923076923076923
guard_scope,faults3,faults3,4,ccra_action_guard,CCRA action,2,31,13,3,3,0,1.0,,0,0,0,1,0,0,1,,0.2400744416873449,,0.4934210526315789,390.0,3.0,387.0,0.007692307692307693,1.0,0.9923076923076923
guard_scope,faults3,faults3,4,ccra_action_guard,CCRA action,3,31,13,3,3,0,1.0,,0,0,0,1,0,0,1,,0.2400744416873449,,0.4934210526315789,390.0,3.0,387.0,0.007692307692307693,1.0,0.9923076923076923
guard_scope,faults3,faults3,4,ccra_action_guard,CCRA action,4,31,13,3,3,0,1.0,,0,0,0,1,0,0,1,,0.2400744416873449,,0.4934210526315789,390.0,3.0,387.0,0.007692307692307693,1.0,0.9923076923076923
guard_scope,faults3,faults3,4,global_action_repair,Global action,0,31,13,3,3,0,1.0,,0,7,3,8,0,0,1,,0.2400744416873449,,0.4934210526315789,390.0,3.0,387.0,0.007692307692307693,1.0,0.9923076923076923
guard_scope,faults3,faults3,4,global_action_repair,Global action,1,31,13,3,3,0,1.0,,0,0,0,1,0,0,1,,0.2400744416873449,,0.4934210526315789,390.0,3.0,387.0,0.007692307692307693,1.0,0.9923076923076923
guard_scope,faults3,faults3,4,global_action_repair,Global action,2,31,13,3,3,0,1.0,,0,0,0,1,0,0,1,,0.2400744416873449,,0.4934210526315789,390.0,3.0,387.0,0.007692307692307693,1.0,0.9923076923076923
guard_scope,faults3,faults3,4,global_action_repair,Global action,3,31,13,3,3,0,1.0,,0,0,0,1,0,0,1,,0.2400744416873449,,0.4934210526315789,390.0,3.0,387.0,0.007692307692307693,1.0,0.9923076923076923
guard_scope,faults3,faults3,4,global_action_repair,Global action,4,31,13,3,3,0,1.0,,0,0,0,1,0,0,1,,0.2400744416873449,,0.4934210526315789,390.0,3.0,387.0,0.007692307692307693,1.0,0.9923076923076923
guard_scope,faults3,faults3,5,ccra_exact_guard,CCRA exact,0,31,13,3,3,0,1.0,,1,33,1,33,0,0,1,,0.0012406947890818859,,0.01934984520123839,1.0,1.0,0.0,1.0,0.3333333333333333,0.0
guard_scope,faults3,faults3,5,ccra_exact_guard,CCRA exact,1,31,13,3,3,0,1.0,,1,32,0,32,0,0,1,,0.0012406947890818859,,0.01934984520123839,1.0,1.0,0.0,1.0,0.3333333333333333,0.0
guard_scope,faults3,faults3,5,ccra_exact_guard,CCRA exact,2,31,13,3,3,0,1.0,,1,32,0,32,0,0,1,,0.0012406947890818859,,0.01934984520123839,1.0,1.0,0.0,1.0,0.3333333333333333,0.0
guard_scope,faults3,faults3,5,ccra_exact_guard,CCRA exact,3,31,13,3,3,0,1.0,,1,32,0,32,0,0,1,,0.0012406947890818859,,0.01934984520123839,1.0,1.0,0.0,1.0,0.3333333333333333,0.0
guard_scope,faults3,faults3,5,ccra_exact_guard,CCRA exact,4,31,13,3,3,0,1.0,,1,32,0,32,0,0,1,,0.0012406947890818859,,0.01934984520123839,1.0,1.0,0.0,1.0,0.3333333333333333,0.0
guard_scope,faults3,faults3,5,ccra_row_guard,CCRA row,0,31,13,3,3,0,1.0,,1,33,1,33,0,0,1,,0.016749379652605458,,0.2612229102167183,30.0,3.0,27.0,0.1,1.0,0.9
guard_scope,faults3,faults3,5,ccra_row_guard,CCRA row,1,31,13,3,3,0,1.0,,1,32,0,32,0,0,1,,0.016749379652605458,,0.2612229102167183,30.0,3.0,27.0,0.1,1.0,0.9
guard_scope,faults3,faults3,5,ccra_row_guard,CCRA row,2,31,13,3,3,0,1.0,,1,32,0,32,0,0,1,,0.016749379652605458,,0.2612229102167183,30.0,3.0,27.0,0.1,1.0,0.9
guard_scope,faults3,faults3,5,ccra_row_guard,CCRA row,3,31,13,3,3,0,1.0,,1,32,0,32,0,0,1,,0.016749379652605458,,0.2612229102167183,30.0,3.0,27.0,0.1,1.0,0.9
guard_scope,faults3,faults3,5,ccra_row_guard,CCRA row,4,31,13,3,3,0,1.0,,1,32,0,32,0,0,1,,0.016749379652605458,,0.2612229102167183,30.0,3.0,27.0,0.1,1.0,0.9
guard_scope,faults3,faults3,5,ccra_column_guard,CCRA column,0,31,13,3,3,0,1.0,,0,5,1,6,0,0,1,,0.008684863523573201,,0.027089783281733747,13.0,1.0,12.0,0.07692307692307693,0.3333333333333333,0.9230769230769231
guard_scope,faults3,faults3,5,ccra_column_guard,CCRA column,1,31,13,3,3,0,1.0,,0,0,0,1,0,0,1,,0.008684863523573201,,0.027089783281733747,13.0,1.0,12.0,0.07692307692307693,0.3333333333333333,0.9230769230769231
guard_scope,faults3,faults3,5,ccra_column_guard,CCRA column,2,31,13,3,3,0,1.0,,0,0,0,1,0,0,1,,0.008684863523573201,,0.027089783281733747,13.0,1.0,12.0,0.07692307692307693,0.3333333333333333,0.9230769230769231
guard_scope,faults3,faults3,5,ccra_column_guard,CCRA column,3,31,13,3,3,0,1.0,,0,0,0,1,0,0,1,,0.008684863523573201,,0.027089783281733747,13.0,1.0,12.0,0.07692307692307693,0.3333333333333333,0.9230769230769231
guard_scope,faults3,faults3,5,ccra_column_guard,CCRA column,4,31,13,3,3,0,1.0,,0,0,0,1,0,0,1,,0.008684863523573201,,0.027089783281733747,13.0,1.0,12.0,0.07692307692307693,0.3333333333333333,0.9230769230769231
guard_scope,faults3,faults3,5,ccra_region1_guard,CCRA radius 1,0,31,13,3,3,0,1.0,,1,35,1,35,0,0,1,,0.00620347394540943,,0.05030959752321981,9.0,1.0,8.0,0.1111111111111111,0.3333333333333333,0.8888888888888888
guard_scope,faults3,faults3,5,ccra_region1_guard,CCRA radius 1,1,31,13,3,3,0,1.0,,1,34,0,34,0,0,1,,0.00620347394540943,,0.05030959752321981,9.0,1.0,8.0,0.1111111111111111,0.3333333333333333,0.8888888888888888
guard_scope,faults3,faults3,5,ccra_region1_guard,CCRA radius 1,2,31,13,3,3,0,1.0,,1,34,0,34,0,0,1,,0.00620347394540943,,0.05030959752321981,9.0,1.0,8.0,0.1111111111111111,0.3333333333333333,0.8888888888888888
guard_scope,faults3,faults3,5,ccra_region1_guard,CCRA radius 1,3,31,13,3,3,0,1.0,,1,34,0,34,0,0,1,,0.00620347394540943,,0.05030959752321981,9.0,1.0,8.0,0.1111111111111111,0.3333333333333333,0.8888888888888888
guard_scope,faults3,faults3,5,ccra_region1_guard,CCRA radius 1,4,31,13,3,3,0,1.0,,1,34,0,34,0,0,1,,0.00620347394540943,,0.05030959752321981,9.0,1.0,8.0,0.1111111111111111,0.3333333333333333,0.8888888888888888
guard_scope,faults3,faults3,5,ccra_region2_guard,CCRA radius 2,0,31,13,3,3,0,1.0,,1,37,1,37,0,0,1,,0.016129032258064516,,0.08126934984520123,25.0,1.0,24.0,0.04,0.3333333333333333,0.96
guard_scope,faults3,faults3,5,ccra_region2_guard,CCRA radius 2,1,31,13,3,3,0,1.0,,1,36,0,36,0,0,1,,0.016129032258064516,,0.08126934984520123,25.0,1.0,24.0,0.04,0.3333333333333333,0.96
guard_scope,faults3,faults3,5,ccra_region2_guard,CCRA radius 2,2,31,13,3,3,0,1.0,,1,36,0,36,0,0,1,,0.016129032258064516,,0.08126934984520123,25.0,1.0,24.0,0.04,0.3333333333333333,0.96
guard_scope,faults3,faults3,5,ccra_region2_guard,CCRA radius 2,3,31,13,3,3,0,1.0,,1,36,0,36,0,0,1,,0.016129032258064516,,0.08126934984520123,25.0,1.0,24.0,0.04,0.3333333333333333,0.96
guard_scope,faults3,faults3,5,ccra_region2_guard,CCRA radius 2,4,31,13,3,3,0,1.0,,1,36,0,36,0,0,1,,0.016129032258064516,,0.08126934984520123,25.0,1.0,24.0,0.04,0.3333333333333333,0.96
guard_scope,faults3,faults3,5,ccra_action_guard,CCRA action,0,31,13,3,3,0,1.0,,0,5,1,6,0,0,1,,0.2400744416873449,,0.4934210526315789,390.0,3.0,387.0,0.007692307692307693,1.0,0.9923076923076923
guard_scope,faults3,faults3,5,ccra_action_guard,CCRA action,1,31,13,3,3,0,1.0,,0,0,0,1,0,0,1,,0.2400744416873449,,0.4934210526315789,390.0,3.0,387.0,0.007692307692307693,1.0,0.9923076923076923
guard_scope,faults3,faults3,5,ccra_action_guard,CCRA action,2,31,13,3,3,0,1.0,,0,0,0,1,0,0,1,,0.2400744416873449,,0.4934210526315789,390.0,3.0,387.0,0.007692307692307693,1.0,0.9923076923076923
guard_scope,faults3,faults3,5,ccra_action_guard,CCRA action,3,31,13,3,3,0,1.0,,0,0,0,1,0,0,1,,0.2400744416873449,,0.4934210526315789,390.0,3.0,387.0,0.007692307692307693,1.0,0.9923076923076923
guard_scope,faults3,faults3,5,ccra_action_guard,CCRA action,4,31,13,3,3,0,1.0,,0,0,0,1,0,0,1,,0.2400744416873449,,0.4934210526315789,390.0,3.0,387.0,0.007692307692307693,1.0,0.9923076923076923
guard_scope,faults3,faults3,5,global_action_repair,Global action,0,31,13,3,3,0,1.0,,0,7,3,8,0,0,1,,0.2400744416873449,,0.4934210526315789,390.0,3.0,387.0,0.007692307692307693,1.0,0.9923076923076923
guard_scope,faults3,faults3,5,global_action_repair,Global action,1,31,13,3,3,0,1.0,,0,0,0,1,0,0,1,,0.2400744416873449,,0.4934210526315789,390.0,3.0,387.0,0.007692307692307693,1.0,0.9923076923076923
guard_scope,faults3,faults3,5,global_action_repair,Global action,2,31,13,3,3,0,1.0,,0,0,0,1,0,0,1,,0.2400744416873449,,0.4934210526315789,390.0,3.0,387.0,0.007692307692307693,1.0,0.9923076923076923
guard_scope,faults3,faults3,5,global_action_repair,Global action,3,31,13,3,3,0,1.0,,0,0,0,1,0,0,1,,0.2400744416873449,,0.4934210526315789,390.0,3.0,387.0,0.007692307692307693,1.0,0.9923076923076923
guard_scope,faults3,faults3,5,global_action_repair,Global action,4,31,13,3,3,0,1.0,,0,0,0,1,0,0,1,,0.2400744416873449,,0.4934210526315789,390.0,3.0,387.0,0.007692307692307693,1.0,0.9923076923076923
guard_scope,faults3,faults3,6,ccra_exact_guard,CCRA exact,0,31,13,3,3,0,1.0,,1,33,1,33,0,0,1,,0.0012406947890818859,,0.01934984520123839,1.0,1.0,0.0,1.0,0.3333333333333333,0.0
guard_scope,faults3,faults3,6,ccra_exact_guard,CCRA exact,1,31,13,3,3,0,1.0,,1,32,0,32,0,0,1,,0.0012406947890818859,,0.01934984520123839,1.0,1.0,0.0,1.0,0.3333333333333333,0.0
guard_scope,faults3,faults3,6,ccra_exact_guard,CCRA exact,2,31,13,3,3,0,1.0,,1,32,0,32,0,0,1,,0.0012406947890818859,,0.01934984520123839,1.0,1.0,0.0,1.0,0.3333333333333333,0.0
guard_scope,faults3,faults3,6,ccra_exact_guard,CCRA exact,3,31,13,3,3,0,1.0,,1,32,0,32,0,0,1,,0.0012406947890818859,,0.01934984520123839,1.0,1.0,0.0,1.0,0.3333333333333333,0.0
guard_scope,faults3,faults3,6,ccra_exact_guard,CCRA exact,4,31,13,3,3,0,1.0,,1,32,0,32,0,0,1,,0.0012406947890818859,,0.01934984520123839,1.0,1.0,0.0,1.0,0.3333333333333333,0.0
guard_scope,faults3,faults3,6,ccra_row_guard,CCRA row,0,31,13,3,3,0,1.0,,1,33,1,33,0,0,1,,0.016749379652605458,,0.2612229102167183,30.0,3.0,27.0,0.1,1.0,0.9
guard_scope,faults3,faults3,6,ccra_row_guard,CCRA row,1,31,13,3,3,0,1.0,,1,32,0,32,0,0,1,,0.016749379652605458,,0.2612229102167183,30.0,3.0,27.0,0.1,1.0,0.9
guard_scope,faults3,faults3,6,ccra_row_guard,CCRA row,2,31,13,3,3,0,1.0,,1,32,0,32,0,0,1,,0.016749379652605458,,0.2612229102167183,30.0,3.0,27.0,0.1,1.0,0.9
guard_scope,faults3,faults3,6,ccra_row_guard,CCRA row,3,31,13,3,3,0,1.0,,1,32,0,32,0,0,1,,0.016749379652605458,,0.2612229102167183,30.0,3.0,27.0,0.1,1.0,0.9
guard_scope,faults3,faults3,6,ccra_row_guard,CCRA row,4,31,13,3,3,0,1.0,,1,32,0,32,0,0,1,,0.016749379652605458,,0.2612229102167183,30.0,3.0,27.0,0.1,1.0,0.9
guard_scope,faults3,faults3,6,ccra_column_guard,CCRA column,0,31,13,3,3,0,1.0,,0,5,1,6,0,0,1,,0.008684863523573201,,0.027089783281733747,13.0,1.0,12.0,0.07692307692307693,0.3333333333333333,0.9230769230769231
guard_scope,faults3,faults3,6,ccra_column_guard,CCRA column,1,31,13,3,3,0,1.0,,0,0,0,1,0,0,1,,0.008684863523573201,,0.027089783281733747,13.0,1.0,12.0,0.07692307692307693,0.3333333333333333,0.9230769230769231
guard_scope,faults3,faults3,6,ccra_column_guard,CCRA column,2,31,13,3,3,0,1.0,,0,0,0,1,0,0,1,,0.008684863523573201,,0.027089783281733747,13.0,1.0,12.0,0.07692307692307693,0.3333333333333333,0.9230769230769231
guard_scope,faults3,faults3,6,ccra_column_guard,CCRA column,3,31,13,3,3,0,1.0,,0,0,0,1,0,0,1,,0.008684863523573201,,0.027089783281733747,13.0,1.0,12.0,0.07692307692307693,0.3333333333333333,0.9230769230769231
guard_scope,faults3,faults3,6,ccra_column_guard,CCRA column,4,31,13,3,3,0,1.0,,0,0,0,1,0,0,1,,0.008684863523573201,,0.027089783281733747,13.0,1.0,12.0,0.07692307692307693,0.3333333333333333,0.9230769230769231
guard_scope,faults3,faults3,6,ccra_region1_guard,CCRA radius 1,0,31,13,3,3,0,1.0,,1,35,1,35,0,0,1,,0.00620347394540943,,0.05030959752321981,9.0,1.0,8.0,0.1111111111111111,0.3333333333333333,0.8888888888888888
guard_scope,faults3,faults3,6,ccra_region1_guard,CCRA radius 1,1,31,13,3,3,0,1.0,,1,34,0,34,0,0,1,,0.00620347394540943,,0.05030959752321981,9.0,1.0,8.0,0.1111111111111111,0.3333333333333333,0.8888888888888888
guard_scope,faults3,faults3,6,ccra_region1_guard,CCRA radius 1,2,31,13,3,3,0,1.0,,1,34,0,34,0,0,1,,0.00620347394540943,,0.05030959752321981,9.0,1.0,8.0,0.1111111111111111,0.3333333333333333,0.8888888888888888
guard_scope,faults3,faults3,6,ccra_region1_guard,CCRA radius 1,3,31,13,3,3,0,1.0,,1,34,0,34,0,0,1,,0.00620347394540943,,0.05030959752321981,9.0,1.0,8.0,0.1111111111111111,0.3333333333333333,0.8888888888888888
guard_scope,faults3,faults3,6,ccra_region1_guard,CCRA radius 1,4,31,13,3,3,0,1.0,,1,34,0,34,0,0,1,,0.00620347394540943,,0.05030959752321981,9.0,1.0,8.0,0.1111111111111111,0.3333333333333333,0.8888888888888888
guard_scope,faults3,faults3,6,ccra_region2_guard,CCRA radius 2,0,31,13,3,3,0,1.0,,1,37,1,37,0,0,1,,0.016129032258064516,,0.08126934984520123,25.0,1.0,24.0,0.04,0.3333333333333333,0.96
guard_scope,faults3,faults3,6,ccra_region2_guard,CCRA radius 2,1,31,13,3,3,0,1.0,,1,36,0,36,0,0,1,,0.016129032258064516,,0.08126934984520123,25.0,1.0,24.0,0.04,0.3333333333333333,0.96
guard_scope,faults3,faults3,6,ccra_region2_guard,CCRA radius 2,2,31,13,3,3,0,1.0,,1,36,0,36,0,0,1,,0.016129032258064516,,0.08126934984520123,25.0,1.0,24.0,0.04,0.3333333333333333,0.96
guard_scope,faults3,faults3,6,ccra_region2_guard,CCRA radius 2,3,31,13,3,3,0,1.0,,1,36,0,36,0,0,1,,0.016129032258064516,,0.08126934984520123,25.0,1.0,24.0,0.04,0.3333333333333333,0.96
guard_scope,faults3,faults3,6,ccra_region2_guard,CCRA radius 2,4,31,13,3,3,0,1.0,,1,36,0,36,0,0,1,,0.016129032258064516,,0.08126934984520123,25.0,1.0,24.0,0.04,0.3333333333333333,0.96
guard_scope,faults3,faults3,6,ccra_action_guard,CCRA action,0,31,13,3,3,0,1.0,,0,5,1,6,0,0,1,,0.2400744416873449,,0.4934210526315789,390.0,3.0,387.0,0.007692307692307693,1.0,0.9923076923076923
guard_scope,faults3,faults3,6,ccra_action_guard,CCRA action,1,31,13,3,3,0,1.0,,0,0,0,1,0,0,1,,0.2400744416873449,,0.4934210526315789,390.0,3.0,387.0,0.007692307692307693,1.0,0.9923076923076923
guard_scope,faults3,faults3,6,ccra_action_guard,CCRA action,2,31,13,3,3,0,1.0,,0,0,0,1,0,0,1,,0.2400744416873449,,0.4934210526315789,390.0,3.0,387.0,0.007692307692307693,1.0,0.9923076923076923
guard_scope,faults3,faults3,6,ccra_action_guard,CCRA action,3,31,13,3,3,0,1.0,,0,0,0,1,0,0,1,,0.2400744416873449,,0.4934210526315789,390.0,3.0,387.0,0.007692307692307693,1.0,0.9923076923076923
guard_scope,faults3,faults3,6,ccra_action_guard,CCRA action,4,31,13,3,3,0,1.0,,0,0,0,1,0,0,1,,0.2400744416873449,,0.4934210526315789,390.0,3.0,387.0,0.007692307692307693,1.0,0.9923076923076923
guard_scope,faults3,faults3,6,global_action_repair,Global action,0,31,13,3,3,0,1.0,,0,7,3,8,0,0,1,,0.2400744416873449,,0.4934210526315789,390.0,3.0,387.0,0.007692307692307693,1.0,0.9923076923076923
guard_scope,faults3,faults3,6,global_action_repair,Global action,1,31,13,3,3,0,1.0,,0,0,0,1,0,0,1,,0.2400744416873449,,0.4934210526315789,390.0,3.0,387.0,0.007692307692307693,1.0,0.9923076923076923
guard_scope,faults3,faults3,6,global_action_repair,Global action,2,31,13,3,3,0,1.0,,0,0,0,1,0,0,1,,0.2400744416873449,,0.4934210526315789,390.0,3.0,387.0,0.007692307692307693,1.0,0.9923076923076923
guard_scope,faults3,faults3,6,global_action_repair,Global action,3,31,13,3,3,0,1.0,,0,0,0,1,0,0,1,,0.2400744416873449,,0.4934210526315789,390.0,3.0,387.0,0.007692307692307693,1.0,0.9923076923076923
guard_scope,faults3,faults3,6,global_action_repair,Global action,4,31,13,3,3,0,1.0,,0,0,0,1,0,0,1,,0.2400744416873449,,0.4934210526315789,390.0,3.0,387.0,0.007692307692307693,1.0,0.9923076923076923
guard_scope,faults3,faults3,7,ccra_exact_guard,CCRA exact,0,31,13,3,3,0,1.0,,1,33,1,33,0,0,1,,0.0012406947890818859,,0.01934984520123839,1.0,1.0,0.0,1.0,0.3333333333333333,0.0
guard_scope,faults3,faults3,7,ccra_exact_guard,CCRA exact,1,31,13,3,3,0,1.0,,1,32,0,32,0,0,1,,0.0012406947890818859,,0.01934984520123839,1.0,1.0,0.0,1.0,0.3333333333333333,0.0
guard_scope,faults3,faults3,7,ccra_exact_guard,CCRA exact,2,31,13,3,3,0,1.0,,1,32,0,32,0,0,1,,0.0012406947890818859,,0.01934984520123839,1.0,1.0,0.0,1.0,0.3333333333333333,0.0
guard_scope,faults3,faults3,7,ccra_exact_guard,CCRA exact,3,31,13,3,3,0,1.0,,1,32,0,32,0,0,1,,0.0012406947890818859,,0.01934984520123839,1.0,1.0,0.0,1.0,0.3333333333333333,0.0
guard_scope,faults3,faults3,7,ccra_exact_guard,CCRA exact,4,31,13,3,3,0,1.0,,1,32,0,32,0,0,1,,0.0012406947890818859,,0.01934984520123839,1.0,1.0,0.0,1.0,0.3333333333333333,0.0
guard_scope,faults3,faults3,7,ccra_row_guard,CCRA row,0,31,13,3,3,0,1.0,,1,33,1,33,0,0,1,,0.016749379652605458,,0.2612229102167183,30.0,3.0,27.0,0.1,1.0,0.9
guard_scope,faults3,faults3,7,ccra_row_guard,CCRA row,1,31,13,3,3,0,1.0,,1,32,0,32,0,0,1,,0.016749379652605458,,0.2612229102167183,30.0,3.0,27.0,0.1,1.0,0.9
guard_scope,faults3,faults3,7,ccra_row_guard,CCRA row,2,31,13,3,3,0,1.0,,1,32,0,32,0,0,1,,0.016749379652605458,,0.2612229102167183,30.0,3.0,27.0,0.1,1.0,0.9
guard_scope,faults3,faults3,7,ccra_row_guard,CCRA row,3,31,13,3,3,0,1.0,,1,32,0,32,0,0,1,,0.016749379652605458,,0.2612229102167183,30.0,3.0,27.0,0.1,1.0,0.9
guard_scope,faults3,faults3,7,ccra_row_guard,CCRA row,4,31,13,3,3,0,1.0,,1,32,0,32,0,0,1,,0.016749379652605458,,0.2612229102167183,30.0,3.0,27.0,0.1,1.0,0.9
guard_scope,faults3,faults3,7,ccra_column_guard,CCRA column,0,31,13,3,3,0,1.0,,0,10,1,11,0,0,1,,0.008684863523573201,,0.027089783281733747,13.0,1.0,12.0,0.07692307692307693,0.3333333333333333,0.9230769230769231
guard_scope,faults3,faults3,7,ccra_column_guard,CCRA column,1,31,13,3,3,0,1.0,,0,0,0,1,0,0,1,,0.008684863523573201,,0.027089783281733747,13.0,1.0,12.0,0.07692307692307693,0.3333333333333333,0.9230769230769231
guard_scope,faults3,faults3,7,ccra_column_guard,CCRA column,2,31,13,3,3,0,1.0,,0,0,0,1,0,0,1,,0.008684863523573201,,0.027089783281733747,13.0,1.0,12.0,0.07692307692307693,0.3333333333333333,0.9230769230769231
guard_scope,faults3,faults3,7,ccra_column_guard,CCRA column,3,31,13,3,3,0,1.0,,0,0,0,1,0,0,1,,0.008684863523573201,,0.027089783281733747,13.0,1.0,12.0,0.07692307692307693,0.3333333333333333,0.9230769230769231
guard_scope,faults3,faults3,7,ccra_column_guard,CCRA column,4,31,13,3,3,0,1.0,,0,0,0,1,0,0,1,,0.008684863523573201,,0.027089783281733747,13.0,1.0,12.0,0.07692307692307693,0.3333333333333333,0.9230769230769231
guard_scope,faults3,faults3,7,ccra_region1_guard,CCRA radius 1,0,31,13,3,3,0,1.0,,1,35,1,35,0,0,1,,0.00620347394540943,,0.05030959752321981,9.0,1.0,8.0,0.1111111111111111,0.3333333333333333,0.8888888888888888
guard_scope,faults3,faults3,7,ccra_region1_guard,CCRA radius 1,1,31,13,3,3,0,1.0,,1,34,0,34,0,0,1,,0.00620347394540943,,0.05030959752321981,9.0,1.0,8.0,0.1111111111111111,0.3333333333333333,0.8888888888888888
guard_scope,faults3,faults3,7,ccra_region1_guard,CCRA radius 1,2,31,13,3,3,0,1.0,,1,34,0,34,0,0,1,,0.00620347394540943,,0.05030959752321981,9.0,1.0,8.0,0.1111111111111111,0.3333333333333333,0.8888888888888888
guard_scope,faults3,faults3,7,ccra_region1_guard,CCRA radius 1,3,31,13,3,3,0,1.0,,1,34,0,34,0,0,1,,0.00620347394540943,,0.05030959752321981,9.0,1.0,8.0,0.1111111111111111,0.3333333333333333,0.8888888888888888
guard_scope,faults3,faults3,7,ccra_region1_guard,CCRA radius 1,4,31,13,3,3,0,1.0,,1,34,0,34,0,0,1,,0.00620347394540943,,0.05030959752321981,9.0,1.0,8.0,0.1111111111111111,0.3333333333333333,0.8888888888888888
guard_scope,faults3,faults3,7,ccra_region2_guard,CCRA radius 2,0,31,13,3,3,0,1.0,,1,37,1,37,0,0,1,,0.016129032258064516,,0.08126934984520123,25.0,1.0,24.0,0.04,0.3333333333333333,0.96
guard_scope,faults3,faults3,7,ccra_region2_guard,CCRA radius 2,1,31,13,3,3,0,1.0,,1,36,0,36,0,0,1,,0.016129032258064516,,0.08126934984520123,25.0,1.0,24.0,0.04,0.3333333333333333,0.96
guard_scope,faults3,faults3,7,ccra_region2_guard,CCRA radius 2,2,31,13,3,3,0,1.0,,1,36,0,36,0,0,1,,0.016129032258064516,,0.08126934984520123,25.0,1.0,24.0,0.04,0.3333333333333333,0.96
guard_scope,faults3,faults3,7,ccra_region2_guard,CCRA radius 2,3,31,13,3,3,0,1.0,,1,36,0,36,0,0,1,,0.016129032258064516,,0.08126934984520123,25.0,1.0,24.0,0.04,0.3333333333333333,0.96
guard_scope,faults3,faults3,7,ccra_region2_guard,CCRA radius 2,4,31,13,3,3,0,1.0,,1,36,0,36,0,0,1,,0.016129032258064516,,0.08126934984520123,25.0,1.0,24.0,0.04,0.3333333333333333,0.96
guard_scope,faults3,faults3,7,ccra_action_guard,CCRA action,0,31,13,3,3,0,1.0,,0,10,1,11,0,0,1,,0.2400744416873449,,0.4934210526315789,390.0,3.0,387.0,0.007692307692307693,1.0,0.9923076923076923
guard_scope,faults3,faults3,7,ccra_action_guard,CCRA action,1,31,13,3,3,0,1.0,,0,0,0,1,0,0,1,,0.2400744416873449,,0.4934210526315789,390.0,3.0,387.0,0.007692307692307693,1.0,0.9923076923076923
guard_scope,faults3,faults3,7,ccra_action_guard,CCRA action,2,31,13,3,3,0,1.0,,0,0,0,1,0,0,1,,0.2400744416873449,,0.4934210526315789,390.0,3.0,387.0,0.007692307692307693,1.0,0.9923076923076923
guard_scope,faults3,faults3,7,ccra_action_guard,CCRA action,3,31,13,3,3,0,1.0,,0,0,0,1,0,0,1,,0.2400744416873449,,0.4934210526315789,390.0,3.0,387.0,0.007692307692307693,1.0,0.9923076923076923
guard_scope,faults3,faults3,7,ccra_action_guard,CCRA action,4,31,13,3,3,0,1.0,,0,0,0,1,0,0,1,,0.2400744416873449,,0.4934210526315789,390.0,3.0,387.0,0.007692307692307693,1.0,0.9923076923076923
guard_scope,faults3,faults3,7,global_action_repair,Global action,0,31,13,3,3,0,1.0,,0,12,3,13,0,0,1,,0.2400744416873449,,0.4934210526315789,390.0,3.0,387.0,0.007692307692307693,1.0,0.9923076923076923
guard_scope,faults3,faults3,7,global_action_repair,Global action,1,31,13,3,3,0,1.0,,0,0,0,1,0,0,1,,0.2400744416873449,,0.4934210526315789,390.0,3.0,387.0,0.007692307692307693,1.0,0.9923076923076923
guard_scope,faults3,faults3,7,global_action_repair,Global action,2,31,13,3,3,0,1.0,,0,0,0,1,0,0,1,,0.2400744416873449,,0.4934210526315789,390.0,3.0,387.0,0.007692307692307693,1.0,0.9923076923076923
guard_scope,faults3,faults3,7,global_action_repair,Global action,3,31,13,3,3,0,1.0,,0,0,0,1,0,0,1,,0.2400744416873449,,0.4934210526315789,390.0,3.0,387.0,0.007692307692307693,1.0,0.9923076923076923
guard_scope,faults3,faults3,7,global_action_repair,Global action,4,31,13,3,3,0,1.0,,0,0,0,1,0,0,1,,0.2400744416873449,,0.4934210526315789,390.0,3.0,387.0,0.007692307692307693,1.0,0.9923076923076923
guard_scope,faults3,faults3,8,ccra_exact_guard,CCRA exact,0,31,13,3,3,0,1.0,,1,33,1,33,0,0,1,,0.0012406947890818859,,0.01934984520123839,1.0,1.0,0.0,1.0,0.3333333333333333,0.0
guard_scope,faults3,faults3,8,ccra_exact_guard,CCRA exact,1,31,13,3,3,0,1.0,,1,32,0,32,0,0,1,,0.0012406947890818859,,0.01934984520123839,1.0,1.0,0.0,1.0,0.3333333333333333,0.0
guard_scope,faults3,faults3,8,ccra_exact_guard,CCRA exact,2,31,13,3,3,0,1.0,,1,32,0,32,0,0,1,,0.0012406947890818859,,0.01934984520123839,1.0,1.0,0.0,1.0,0.3333333333333333,0.0
guard_scope,faults3,faults3,8,ccra_exact_guard,CCRA exact,3,31,13,3,3,0,1.0,,1,32,0,32,0,0,1,,0.0012406947890818859,,0.01934984520123839,1.0,1.0,0.0,1.0,0.3333333333333333,0.0
guard_scope,faults3,faults3,8,ccra_exact_guard,CCRA exact,4,31,13,3,3,0,1.0,,1,32,0,32,0,0,1,,0.0012406947890818859,,0.01934984520123839,1.0,1.0,0.0,1.0,0.3333333333333333,0.0
guard_scope,faults3,faults3,8,ccra_row_guard,CCRA row,0,31,13,3,3,0,1.0,,1,33,1,33,0,0,1,,0.016749379652605458,,0.2612229102167183,30.0,3.0,27.0,0.1,1.0,0.9
guard_scope,faults3,faults3,8,ccra_row_guard,CCRA row,1,31,13,3,3,0,1.0,,1,32,0,32,0,0,1,,0.016749379652605458,,0.2612229102167183,30.0,3.0,27.0,0.1,1.0,0.9
guard_scope,faults3,faults3,8,ccra_row_guard,CCRA row,2,31,13,3,3,0,1.0,,1,32,0,32,0,0,1,,0.016749379652605458,,0.2612229102167183,30.0,3.0,27.0,0.1,1.0,0.9
guard_scope,faults3,faults3,8,ccra_row_guard,CCRA row,3,31,13,3,3,0,1.0,,1,32,0,32,0,0,1,,0.016749379652605458,,0.2612229102167183,30.0,3.0,27.0,0.1,1.0,0.9
guard_scope,faults3,faults3,8,ccra_row_guard,CCRA row,4,31,13,3,3,0,1.0,,1,32,0,32,0,0,1,,0.016749379652605458,,0.2612229102167183,30.0,3.0,27.0,0.1,1.0,0.9
guard_scope,faults3,faults3,8,ccra_column_guard,CCRA column,0,31,13,3,3,0,1.0,,0,7,1,8,0,0,1,,0.008684863523573201,,0.027089783281733747,13.0,1.0,12.0,0.07692307692307693,0.3333333333333333,0.9230769230769231
guard_scope,faults3,faults3,8,ccra_column_guard,CCRA column,1,31,13,3,3,0,1.0,,0,0,0,1,0,0,1,,0.008684863523573201,,0.027089783281733747,13.0,1.0,12.0,0.07692307692307693,0.3333333333333333,0.9230769230769231
guard_scope,faults3,faults3,8,ccra_column_guard,CCRA column,2,31,13,3,3,0,1.0,,0,0,0,1,0,0,1,,0.008684863523573201,,0.027089783281733747,13.0,1.0,12.0,0.07692307692307693,0.3333333333333333,0.9230769230769231
guard_scope,faults3,faults3,8,ccra_column_guard,CCRA column,3,31,13,3,3,0,1.0,,0,0,0,1,0,0,1,,0.008684863523573201,,0.027089783281733747,13.0,1.0,12.0,0.07692307692307693,0.3333333333333333,0.9230769230769231
guard_scope,faults3,faults3,8,ccra_column_guard,CCRA column,4,31,13,3,3,0,1.0,,0,0,0,1,0,0,1,,0.008684863523573201,,0.027089783281733747,13.0,1.0,12.0,0.07692307692307693,0.3333333333333333,0.9230769230769231
guard_scope,faults3,faults3,8,ccra_region1_guard,CCRA radius 1,0,31,13,3,3,0,1.0,,1,35,1,35,0,0,1,,0.00620347394540943,,0.05030959752321981,9.0,1.0,8.0,0.1111111111111111,0.3333333333333333,0.8888888888888888
guard_scope,faults3,faults3,8,ccra_region1_guard,CCRA radius 1,1,31,13,3,3,0,1.0,,1,34,0,34,0,0,1,,0.00620347394540943,,0.05030959752321981,9.0,1.0,8.0,0.1111111111111111,0.3333333333333333,0.8888888888888888
guard_scope,faults3,faults3,8,ccra_region1_guard,CCRA radius 1,2,31,13,3,3,0,1.0,,1,34,0,34,0,0,1,,0.00620347394540943,,0.05030959752321981,9.0,1.0,8.0,0.1111111111111111,0.3333333333333333,0.8888888888888888
guard_scope,faults3,faults3,8,ccra_region1_guard,CCRA radius 1,3,31,13,3,3,0,1.0,,1,34,0,34,0,0,1,,0.00620347394540943,,0.05030959752321981,9.0,1.0,8.0,0.1111111111111111,0.3333333333333333,0.8888888888888888
guard_scope,faults3,faults3,8,ccra_region1_guard,CCRA radius 1,4,31,13,3,3,0,1.0,,1,34,0,34,0,0,1,,0.00620347394540943,,0.05030959752321981,9.0,1.0,8.0,0.1111111111111111,0.3333333333333333,0.8888888888888888
guard_scope,faults3,faults3,8,ccra_region2_guard,CCRA radius 2,0,31,13,3,3,0,1.0,,1,37,1,37,0,0,1,,0.016129032258064516,,0.08126934984520123,25.0,1.0,24.0,0.04,0.3333333333333333,0.96
guard_scope,faults3,faults3,8,ccra_region2_guard,CCRA radius 2,1,31,13,3,3,0,1.0,,1,36,0,36,0,0,1,,0.016129032258064516,,0.08126934984520123,25.0,1.0,24.0,0.04,0.3333333333333333,0.96
guard_scope,faults3,faults3,8,ccra_region2_guard,CCRA radius 2,2,31,13,3,3,0,1.0,,1,36,0,36,0,0,1,,0.016129032258064516,,0.08126934984520123,25.0,1.0,24.0,0.04,0.3333333333333333,0.96
guard_scope,faults3,faults3,8,ccra_region2_guard,CCRA radius 2,3,31,13,3,3,0,1.0,,1,36,0,36,0,0,1,,0.016129032258064516,,0.08126934984520123,25.0,1.0,24.0,0.04,0.3333333333333333,0.96
guard_scope,faults3,faults3,8,ccra_region2_guard,CCRA radius 2,4,31,13,3,3,0,1.0,,1,36,0,36,0,0,1,,0.016129032258064516,,0.08126934984520123,25.0,1.0,24.0,0.04,0.3333333333333333,0.96
guard_scope,faults3,faults3,8,ccra_action_guard,CCRA action,0,31,13,3,3,0,1.0,,0,7,1,8,0,0,1,,0.2400744416873449,,0.4934210526315789,390.0,3.0,387.0,0.007692307692307693,1.0,0.9923076923076923
guard_scope,faults3,faults3,8,ccra_action_guard,CCRA action,1,31,13,3,3,0,1.0,,0,0,0,1,0,0,1,,0.2400744416873449,,0.4934210526315789,390.0,3.0,387.0,0.007692307692307693,1.0,0.9923076923076923
guard_scope,faults3,faults3,8,ccra_action_guard,CCRA action,2,31,13,3,3,0,1.0,,0,0,0,1,0,0,1,,0.2400744416873449,,0.4934210526315789,390.0,3.0,387.0,0.007692307692307693,1.0,0.9923076923076923
guard_scope,faults3,faults3,8,ccra_action_guard,CCRA action,3,31,13,3,3,0,1.0,,0,0,0,1,0,0,1,,0.2400744416873449,,0.4934210526315789,390.0,3.0,387.0,0.007692307692307693,1.0,0.9923076923076923
guard_scope,faults3,faults3,8,ccra_action_guard,CCRA action,4,31,13,3,3,0,1.0,,0,0,0,1,0,0,1,,0.2400744416873449,,0.4934210526315789,390.0,3.0,387.0,0.007692307692307693,1.0,0.9923076923076923
guard_scope,faults3,faults3,8,global_action_repair,Global action,0,31,13,3,3,0,1.0,,0,9,3,10,0,0,1,,0.2400744416873449,,0.4934210526315789,390.0,3.0,387.0,0.007692307692307693,1.0,0.9923076923076923
guard_scope,faults3,faults3,8,global_action_repair,Global action,1,31,13,3,3,0,1.0,,0,0,0,1,0,0,1,,0.2400744416873449,,0.4934210526315789,390.0,3.0,387.0,0.007692307692307693,1.0,0.9923076923076923
guard_scope,faults3,faults3,8,global_action_repair,Global action,2,31,13,3,3,0,1.0,,0,0,0,1,0,0,1,,0.2400744416873449,,0.4934210526315789,390.0,3.0,387.0,0.007692307692307693,1.0,0.9923076923076923
guard_scope,faults3,faults3,8,global_action_repair,Global action,3,31,13,3,3,0,1.0,,0,0,0,1,0,0,1,,0.2400744416873449,,0.4934210526315789,390.0,3.0,387.0,0.007692307692307693,1.0,0.9923076923076923
guard_scope,faults3,faults3,8,global_action_repair,Global action,4,31,13,3,3,0,1.0,,0,0,0,1,0,0,1,,0.2400744416873449,,0.4934210526315789,390.0,3.0,387.0,0.007692307692307693,1.0,0.9923076923076923
guard_scope,faults3,faults3,9,ccra_exact_guard,CCRA exact,0,31,13,3,3,0,1.0,,1,33,1,33,0,0,1,,0.0012406947890818859,,0.01934984520123839,1.0,1.0,0.0,1.0,0.3333333333333333,0.0
guard_scope,faults3,faults3,9,ccra_exact_guard,CCRA exact,1,31,13,3,3,0,1.0,,1,32,0,32,0,0,1,,0.0012406947890818859,,0.01934984520123839,1.0,1.0,0.0,1.0,0.3333333333333333,0.0
guard_scope,faults3,faults3,9,ccra_exact_guard,CCRA exact,2,31,13,3,3,0,1.0,,1,32,0,32,0,0,1,,0.0012406947890818859,,0.01934984520123839,1.0,1.0,0.0,1.0,0.3333333333333333,0.0
guard_scope,faults3,faults3,9,ccra_exact_guard,CCRA exact,3,31,13,3,3,0,1.0,,1,32,0,32,0,0,1,,0.0012406947890818859,,0.01934984520123839,1.0,1.0,0.0,1.0,0.3333333333333333,0.0
guard_scope,faults3,faults3,9,ccra_exact_guard,CCRA exact,4,31,13,3,3,0,1.0,,1,32,0,32,0,0,1,,0.0012406947890818859,,0.01934984520123839,1.0,1.0,0.0,1.0,0.3333333333333333,0.0
guard_scope,faults3,faults3,9,ccra_row_guard,CCRA row,0,31,13,3,3,0,1.0,,1,33,1,33,0,0,1,,0.016749379652605458,,0.2612229102167183,30.0,3.0,27.0,0.1,1.0,0.9
guard_scope,faults3,faults3,9,ccra_row_guard,CCRA row,1,31,13,3,3,0,1.0,,1,32,0,32,0,0,1,,0.016749379652605458,,0.2612229102167183,30.0,3.0,27.0,0.1,1.0,0.9
guard_scope,faults3,faults3,9,ccra_row_guard,CCRA row,2,31,13,3,3,0,1.0,,1,32,0,32,0,0,1,,0.016749379652605458,,0.2612229102167183,30.0,3.0,27.0,0.1,1.0,0.9
guard_scope,faults3,faults3,9,ccra_row_guard,CCRA row,3,31,13,3,3,0,1.0,,1,32,0,32,0,0,1,,0.016749379652605458,,0.2612229102167183,30.0,3.0,27.0,0.1,1.0,0.9
guard_scope,faults3,faults3,9,ccra_row_guard,CCRA row,4,31,13,3,3,0,1.0,,1,32,0,32,0,0,1,,0.016749379652605458,,0.2612229102167183,30.0,3.0,27.0,0.1,1.0,0.9
guard_scope,faults3,faults3,9,ccra_column_guard,CCRA column,0,31,13,3,3,0,1.0,,0,17,1,18,0,0,1,,0.008684863523573201,,0.027089783281733747,13.0,1.0,12.0,0.07692307692307693,0.3333333333333333,0.9230769230769231
guard_scope,faults3,faults3,9,ccra_column_guard,CCRA column,1,31,13,3,3,0,1.0,,0,0,0,1,0,0,1,,0.008684863523573201,,0.027089783281733747,13.0,1.0,12.0,0.07692307692307693,0.3333333333333333,0.9230769230769231
guard_scope,faults3,faults3,9,ccra_column_guard,CCRA column,2,31,13,3,3,0,1.0,,0,0,0,1,0,0,1,,0.008684863523573201,,0.027089783281733747,13.0,1.0,12.0,0.07692307692307693,0.3333333333333333,0.9230769230769231
guard_scope,faults3,faults3,9,ccra_column_guard,CCRA column,3,31,13,3,3,0,1.0,,0,0,0,1,0,0,1,,0.008684863523573201,,0.027089783281733747,13.0,1.0,12.0,0.07692307692307693,0.3333333333333333,0.9230769230769231
guard_scope,faults3,faults3,9,ccra_column_guard,CCRA column,4,31,13,3,3,0,1.0,,0,0,0,1,0,0,1,,0.008684863523573201,,0.027089783281733747,13.0,1.0,12.0,0.07692307692307693,0.3333333333333333,0.9230769230769231
guard_scope,faults3,faults3,9,ccra_region1_guard,CCRA radius 1,0,31,13,3,3,0,1.0,,1,35,1,35,0,0,1,,0.00620347394540943,,0.05030959752321981,9.0,1.0,8.0,0.1111111111111111,0.3333333333333333,0.8888888888888888
guard_scope,faults3,faults3,9,ccra_region1_guard,CCRA radius 1,1,31,13,3,3,0,1.0,,1,34,0,34,0,0,1,,0.00620347394540943,,0.05030959752321981,9.0,1.0,8.0,0.1111111111111111,0.3333333333333333,0.8888888888888888
guard_scope,faults3,faults3,9,ccra_region1_guard,CCRA radius 1,2,31,13,3,3,0,1.0,,1,34,0,34,0,0,1,,0.00620347394540943,,0.05030959752321981,9.0,1.0,8.0,0.1111111111111111,0.3333333333333333,0.8888888888888888
guard_scope,faults3,faults3,9,ccra_region1_guard,CCRA radius 1,3,31,13,3,3,0,1.0,,1,34,0,34,0,0,1,,0.00620347394540943,,0.05030959752321981,9.0,1.0,8.0,0.1111111111111111,0.3333333333333333,0.8888888888888888
guard_scope,faults3,faults3,9,ccra_region1_guard,CCRA radius 1,4,31,13,3,3,0,1.0,,1,34,0,34,0,0,1,,0.00620347394540943,,0.05030959752321981,9.0,1.0,8.0,0.1111111111111111,0.3333333333333333,0.8888888888888888
guard_scope,faults3,faults3,9,ccra_region2_guard,CCRA radius 2,0,31,13,3,3,0,1.0,,1,37,1,37,0,0,1,,0.01488833746898263,,0.06191950464396285,25.0,2.0,23.0,0.08,0.6666666666666666,0.92
guard_scope,faults3,faults3,9,ccra_region2_guard,CCRA radius 2,1,31,13,3,3,0,1.0,,1,36,0,36,0,0,1,,0.01488833746898263,,0.06191950464396285,25.0,2.0,23.0,0.08,0.6666666666666666,0.92
guard_scope,faults3,faults3,9,ccra_region2_guard,CCRA radius 2,2,31,13,3,3,0,1.0,,1,36,0,36,0,0,1,,0.01488833746898263,,0.06191950464396285,25.0,2.0,23.0,0.08,0.6666666666666666,0.92
guard_scope,faults3,faults3,9,ccra_region2_guard,CCRA radius 2,3,31,13,3,3,0,1.0,,1,36,0,36,0,0,1,,0.01488833746898263,,0.06191950464396285,25.0,2.0,23.0,0.08,0.6666666666666666,0.92
guard_scope,faults3,faults3,9,ccra_region2_guard,CCRA radius 2,4,31,13,3,3,0,1.0,,1,36,0,36,0,0,1,,0.01488833746898263,,0.06191950464396285,25.0,2.0,23.0,0.08,0.6666666666666666,0.92
guard_scope,faults3,faults3,9,ccra_action_guard,CCRA action,0,31,13,3,3,0,1.0,,0,17,1,18,0,0,1,,0.2400744416873449,,0.4934210526315789,390.0,3.0,387.0,0.007692307692307693,1.0,0.9923076923076923
guard_scope,faults3,faults3,9,ccra_action_guard,CCRA action,1,31,13,3,3,0,1.0,,0,0,0,1,0,0,1,,0.2400744416873449,,0.4934210526315789,390.0,3.0,387.0,0.007692307692307693,1.0,0.9923076923076923
guard_scope,faults3,faults3,9,ccra_action_guard,CCRA action,2,31,13,3,3,0,1.0,,0,0,0,1,0,0,1,,0.2400744416873449,,0.4934210526315789,390.0,3.0,387.0,0.007692307692307693,1.0,0.9923076923076923
guard_scope,faults3,faults3,9,ccra_action_guard,CCRA action,3,31,13,3,3,0,1.0,,0,0,0,1,0,0,1,,0.2400744416873449,,0.4934210526315789,390.0,3.0,387.0,0.007692307692307693,1.0,0.9923076923076923
guard_scope,faults3,faults3,9,ccra_action_guard,CCRA action,4,31,13,3,3,0,1.0,,0,0,0,1,0,0,1,,0.2400744416873449,,0.4934210526315789,390.0,3.0,387.0,0.007692307692307693,1.0,0.9923076923076923
guard_scope,faults3,faults3,9,global_action_repair,Global action,0,31,13,3,3,0,1.0,,0,19,3,20,0,0,1,,0.2400744416873449,,0.4934210526315789,390.0,3.0,387.0,0.007692307692307693,1.0,0.9923076923076923
guard_scope,faults3,faults3,9,global_action_repair,Global action,1,31,13,3,3,0,1.0,,0,0,0,1,0,0,1,,0.2400744416873449,,0.4934210526315789,390.0,3.0,387.0,0.007692307692307693,1.0,0.9923076923076923
guard_scope,faults3,faults3,9,global_action_repair,Global action,2,31,13,3,3,0,1.0,,0,0,0,1,0,0,1,,0.2400744416873449,,0.4934210526315789,390.0,3.0,387.0,0.007692307692307693,1.0,0.9923076923076923
guard_scope,faults3,faults3,9,global_action_repair,Global action,3,31,13,3,3,0,1.0,,0,0,0,1,0,0,1,,0.2400744416873449,,0.4934210526315789,390.0,3.0,387.0,0.007692307692307693,1.0,0.9923076923076923
guard_scope,faults3,faults3,9,global_action_repair,Global action,4,31,13,3,3,0,1.0,,0,0,0,1,0,0,1,,0.2400744416873449,,0.4934210526315789,390.0,3.0,387.0,0.007692307692307693,1.0,0.9923076923076923
guard_scope,faults3,faults3,10,ccra_exact_guard,CCRA exact,0,31,13,3,3,0,1.0,,1,33,1,33,0,0,1,,0.0012406947890818859,,0.01934984520123839,1.0,1.0,0.0,1.0,0.3333333333333333,0.0
guard_scope,faults3,faults3,10,ccra_exact_guard,CCRA exact,1,31,13,3,3,0,1.0,,1,32,0,32,0,0,1,,0.0012406947890818859,,0.01934984520123839,1.0,1.0,0.0,1.0,0.3333333333333333,0.0
guard_scope,faults3,faults3,10,ccra_exact_guard,CCRA exact,2,31,13,3,3,0,1.0,,1,32,0,32,0,0,1,,0.0012406947890818859,,0.01934984520123839,1.0,1.0,0.0,1.0,0.3333333333333333,0.0
guard_scope,faults3,faults3,10,ccra_exact_guard,CCRA exact,3,31,13,3,3,0,1.0,,1,32,0,32,0,0,1,,0.0012406947890818859,,0.01934984520123839,1.0,1.0,0.0,1.0,0.3333333333333333,0.0
guard_scope,faults3,faults3,10,ccra_exact_guard,CCRA exact,4,31,13,3,3,0,1.0,,1,32,0,32,0,0,1,,0.0012406947890818859,,0.01934984520123839,1.0,1.0,0.0,1.0,0.3333333333333333,0.0
guard_scope,faults3,faults3,10,ccra_row_guard,CCRA row,0,31,13,3,3,0,1.0,,1,33,1,33,0,0,1,,0.016749379652605458,,0.2612229102167183,30.0,3.0,27.0,0.1,1.0,0.9
guard_scope,faults3,faults3,10,ccra_row_guard,CCRA row,1,31,13,3,3,0,1.0,,1,32,0,32,0,0,1,,0.016749379652605458,,0.2612229102167183,30.0,3.0,27.0,0.1,1.0,0.9
guard_scope,faults3,faults3,10,ccra_row_guard,CCRA row,2,31,13,3,3,0,1.0,,1,32,0,32,0,0,1,,0.016749379652605458,,0.2612229102167183,30.0,3.0,27.0,0.1,1.0,0.9
guard_scope,faults3,faults3,10,ccra_row_guard,CCRA row,3,31,13,3,3,0,1.0,,1,32,0,32,0,0,1,,0.016749379652605458,,0.2612229102167183,30.0,3.0,27.0,0.1,1.0,0.9
guard_scope,faults3,faults3,10,ccra_row_guard,CCRA row,4,31,13,3,3,0,1.0,,1,32,0,32,0,0,1,,0.016749379652605458,,0.2612229102167183,30.0,3.0,27.0,0.1,1.0,0.9
guard_scope,faults3,faults3,10,ccra_column_guard,CCRA column,0,31,13,3,3,0,1.0,,0,5,1,6,0,0,1,,0.008684863523573201,,0.027089783281733747,13.0,1.0,12.0,0.07692307692307693,0.3333333333333333,0.9230769230769231
guard_scope,faults3,faults3,10,ccra_column_guard,CCRA column,1,31,13,3,3,0,1.0,,0,0,0,1,0,0,1,,0.008684863523573201,,0.027089783281733747,13.0,1.0,12.0,0.07692307692307693,0.3333333333333333,0.9230769230769231
guard_scope,faults3,faults3,10,ccra_column_guard,CCRA column,2,31,13,3,3,0,1.0,,0,0,0,1,0,0,1,,0.008684863523573201,,0.027089783281733747,13.0,1.0,12.0,0.07692307692307693,0.3333333333333333,0.9230769230769231
guard_scope,faults3,faults3,10,ccra_column_guard,CCRA column,3,31,13,3,3,0,1.0,,0,0,0,1,0,0,1,,0.008684863523573201,,0.027089783281733747,13.0,1.0,12.0,0.07692307692307693,0.3333333333333333,0.9230769230769231
guard_scope,faults3,faults3,10,ccra_column_guard,CCRA column,4,31,13,3,3,0,1.0,,0,0,0,1,0,0,1,,0.008684863523573201,,0.027089783281733747,13.0,1.0,12.0,0.07692307692307693,0.3333333333333333,0.9230769230769231
guard_scope,faults3,faults3,10,ccra_region1_guard,CCRA radius 1,0,31,13,3,3,0,1.0,,1,35,1,35,0,0,1,,0.004962779156327543,,0.030959752321981424,9.0,2.0,7.0,0.2222222222222222,0.6666666666666666,0.7777777777777778
guard_scope,faults3,faults3,10,ccra_region1_guard,CCRA radius 1,1,31,13,3,3,0,1.0,,1,34,0,34,0,0,1,,0.004962779156327543,,0.030959752321981424,9.0,2.0,7.0,0.2222222222222222,0.6666666666666666,0.7777777777777778
guard_scope,faults3,faults3,10,ccra_region1_guard,CCRA radius 1,2,31,13,3,3,0,1.0,,1,34,0,34,0,0,1,,0.004962779156327543,,0.030959752321981424,9.0,2.0,7.0,0.2222222222222222,0.6666666666666666,0.7777777777777778
guard_scope,faults3,faults3,10,ccra_region1_guard,CCRA radius 1,3,31,13,3,3,0,1.0,,1,34,0,34,0,0,1,,0.004962779156327543,,0.030959752321981424,9.0,2.0,7.0,0.2222222222222222,0.6666666666666666,0.7777777777777778
guard_scope,faults3,faults3,10,ccra_region1_guard,CCRA radius 1,4,31,13,3,3,0,1.0,,1,34,0,34,0,0,1,,0.004962779156327543,,0.030959752321981424,9.0,2.0,7.0,0.2222222222222222,0.6666666666666666,0.7777777777777778
guard_scope,faults3,faults3,10,ccra_region2_guard,CCRA radius 2,0,31,13,3,3,0,1.0,,1,37,1,37,0,0,1,,0.01488833746898263,,0.06191950464396285,25.0,2.0,23.0,0.08,0.6666666666666666,0.92
guard_scope,faults3,faults3,10,ccra_region2_guard,CCRA radius 2,1,31,13,3,3,0,1.0,,1,36,0,36,0,0,1,,0.01488833746898263,,0.06191950464396285,25.0,2.0,23.0,0.08,0.6666666666666666,0.92
guard_scope,faults3,faults3,10,ccra_region2_guard,CCRA radius 2,2,31,13,3,3,0,1.0,,1,36,0,36,0,0,1,,0.01488833746898263,,0.06191950464396285,25.0,2.0,23.0,0.08,0.6666666666666666,0.92
guard_scope,faults3,faults3,10,ccra_region2_guard,CCRA radius 2,3,31,13,3,3,0,1.0,,1,36,0,36,0,0,1,,0.01488833746898263,,0.06191950464396285,25.0,2.0,23.0,0.08,0.6666666666666666,0.92
guard_scope,faults3,faults3,10,ccra_region2_guard,CCRA radius 2,4,31,13,3,3,0,1.0,,1,36,0,36,0,0,1,,0.01488833746898263,,0.06191950464396285,25.0,2.0,23.0,0.08,0.6666666666666666,0.92
guard_scope,faults3,faults3,10,ccra_action_guard,CCRA action,0,31,13,3,3,0,1.0,,0,5,1,6,0,0,1,,0.2400744416873449,,0.4934210526315789,390.0,3.0,387.0,0.007692307692307693,1.0,0.9923076923076923
guard_scope,faults3,faults3,10,ccra_action_guard,CCRA action,1,31,13,3,3,0,1.0,,0,0,0,1,0,0,1,,0.2400744416873449,,0.4934210526315789,390.0,3.0,387.0,0.007692307692307693,1.0,0.9923076923076923
guard_scope,faults3,faults3,10,ccra_action_guard,CCRA action,2,31,13,3,3,0,1.0,,0,0,0,1,0,0,1,,0.2400744416873449,,0.4934210526315789,390.0,3.0,387.0,0.007692307692307693,1.0,0.9923076923076923
guard_scope,faults3,faults3,10,ccra_action_guard,CCRA action,3,31,13,3,3,0,1.0,,0,0,0,1,0,0,1,,0.2400744416873449,,0.4934210526315789,390.0,3.0,387.0,0.007692307692307693,1.0,0.9923076923076923
guard_scope,faults3,faults3,10,ccra_action_guard,CCRA action,4,31,13,3,3,0,1.0,,0,0,0,1,0,0,1,,0.2400744416873449,,0.4934210526315789,390.0,3.0,387.0,0.007692307692307693,1.0,0.9923076923076923
guard_scope,faults3,faults3,10,global_action_repair,Global action,0,31,13,3,3,0,1.0,,0,7,3,8,0,0,1,,0.2400744416873449,,0.4934210526315789,390.0,3.0,387.0,0.007692307692307693,1.0,0.9923076923076923
guard_scope,faults3,faults3,10,global_action_repair,Global action,1,31,13,3,3,0,1.0,,0,0,0,1,0,0,1,,0.2400744416873449,,0.4934210526315789,390.0,3.0,387.0,0.007692307692307693,1.0,0.9923076923076923
guard_scope,faults3,faults3,10,global_action_repair,Global action,2,31,13,3,3,0,1.0,,0,0,0,1,0,0,1,,0.2400744416873449,,0.4934210526315789,390.0,3.0,387.0,0.007692307692307693,1.0,0.9923076923076923
guard_scope,faults3,faults3,10,global_action_repair,Global action,3,31,13,3,3,0,1.0,,0,0,0,1,0,0,1,,0.2400744416873449,,0.4934210526315789,390.0,3.0,387.0,0.007692307692307693,1.0,0.9923076923076923
guard_scope,faults3,faults3,10,global_action_repair,Global action,4,31,13,3,3,0,1.0,,0,0,0,1,0,0,1,,0.2400744416873449,,0.4934210526315789,390.0,3.0,387.0,0.007692307692307693,1.0,0.9923076923076923
guard_scope,faults3,faults3,11,ccra_exact_guard,CCRA exact,0,31,13,3,3,0,1.0,,1,33,1,33,0,0,1,,0.0012406947890818859,,0.01934984520123839,1.0,1.0,0.0,1.0,0.3333333333333333,0.0
guard_scope,faults3,faults3,11,ccra_exact_guard,CCRA exact,1,31,13,3,3,0,1.0,,1,32,0,32,0,0,1,,0.0012406947890818859,,0.01934984520123839,1.0,1.0,0.0,1.0,0.3333333333333333,0.0
guard_scope,faults3,faults3,11,ccra_exact_guard,CCRA exact,2,31,13,3,3,0,1.0,,1,32,0,32,0,0,1,,0.0012406947890818859,,0.01934984520123839,1.0,1.0,0.0,1.0,0.3333333333333333,0.0
guard_scope,faults3,faults3,11,ccra_exact_guard,CCRA exact,3,31,13,3,3,0,1.0,,1,32,0,32,0,0,1,,0.0012406947890818859,,0.01934984520123839,1.0,1.0,0.0,1.0,0.3333333333333333,0.0
guard_scope,faults3,faults3,11,ccra_exact_guard,CCRA exact,4,31,13,3,3,0,1.0,,1,32,0,32,0,0,1,,0.0012406947890818859,,0.01934984520123839,1.0,1.0,0.0,1.0,0.3333333333333333,0.0
guard_scope,faults3,faults3,11,ccra_row_guard,CCRA row,0,31,13,3,3,0,1.0,,1,33,1,33,0,0,1,,0.016749379652605458,,0.2612229102167183,30.0,3.0,27.0,0.1,1.0,0.9
guard_scope,faults3,faults3,11,ccra_row_guard,CCRA row,1,31,13,3,3,0,1.0,,1,32,0,32,0,0,1,,0.016749379652605458,,0.2612229102167183,30.0,3.0,27.0,0.1,1.0,0.9
guard_scope,faults3,faults3,11,ccra_row_guard,CCRA row,2,31,13,3,3,0,1.0,,1,32,0,32,0,0,1,,0.016749379652605458,,0.2612229102167183,30.0,3.0,27.0,0.1,1.0,0.9
guard_scope,faults3,faults3,11,ccra_row_guard,CCRA row,3,31,13,3,3,0,1.0,,1,32,0,32,0,0,1,,0.016749379652605458,,0.2612229102167183,30.0,3.0,27.0,0.1,1.0,0.9
guard_scope,faults3,faults3,11,ccra_row_guard,CCRA row,4,31,13,3,3,0,1.0,,1,32,0,32,0,0,1,,0.016749379652605458,,0.2612229102167183,30.0,3.0,27.0,0.1,1.0,0.9
guard_scope,faults3,faults3,11,ccra_column_guard,CCRA column,0,31,13,3,3,0,1.0,,0,8,1,9,0,0,1,,0.008684863523573201,,0.027089783281733747,13.0,1.0,12.0,0.07692307692307693,0.3333333333333333,0.9230769230769231
guard_scope,faults3,faults3,11,ccra_column_guard,CCRA column,1,31,13,3,3,0,1.0,,0,0,0,1,0,0,1,,0.008684863523573201,,0.027089783281733747,13.0,1.0,12.0,0.07692307692307693,0.3333333333333333,0.9230769230769231
guard_scope,faults3,faults3,11,ccra_column_guard,CCRA column,2,31,13,3,3,0,1.0,,0,0,0,1,0,0,1,,0.008684863523573201,,0.027089783281733747,13.0,1.0,12.0,0.07692307692307693,0.3333333333333333,0.9230769230769231
guard_scope,faults3,faults3,11,ccra_column_guard,CCRA column,3,31,13,3,3,0,1.0,,0,0,0,1,0,0,1,,0.008684863523573201,,0.027089783281733747,13.0,1.0,12.0,0.07692307692307693,0.3333333333333333,0.9230769230769231
guard_scope,faults3,faults3,11,ccra_column_guard,CCRA column,4,31,13,3,3,0,1.0,,0,0,0,1,0,0,1,,0.008684863523573201,,0.027089783281733747,13.0,1.0,12.0,0.07692307692307693,0.3333333333333333,0.9230769230769231
guard_scope,faults3,faults3,11,ccra_region1_guard,CCRA radius 1,0,31,13,3,3,0,1.0,,1,35,1,35,0,0,1,,0.00620347394540943,,0.05030959752321981,9.0,1.0,8.0,0.1111111111111111,0.3333333333333333,0.8888888888888888
guard_scope,faults3,faults3,11,ccra_region1_guard,CCRA radius 1,1,31,13,3,3,0,1.0,,1,34,0,34,0,0,1,,0.00620347394540943,,0.05030959752321981,9.0,1.0,8.0,0.1111111111111111,0.3333333333333333,0.8888888888888888
guard_scope,faults3,faults3,11,ccra_region1_guard,CCRA radius 1,2,31,13,3,3,0,1.0,,1,34,0,34,0,0,1,,0.00620347394540943,,0.05030959752321981,9.0,1.0,8.0,0.1111111111111111,0.3333333333333333,0.8888888888888888
guard_scope,faults3,faults3,11,ccra_region1_guard,CCRA radius 1,3,31,13,3,3,0,1.0,,1,34,0,34,0,0,1,,0.00620347394540943,,0.05030959752321981,9.0,1.0,8.0,0.1111111111111111,0.3333333333333333,0.8888888888888888
guard_scope,faults3,faults3,11,ccra_region1_guard,CCRA radius 1,4,31,13,3,3,0,1.0,,1,34,0,34,0,0,1,,0.00620347394540943,,0.05030959752321981,9.0,1.0,8.0,0.1111111111111111,0.3333333333333333,0.8888888888888888
guard_scope,faults3,faults3,11,ccra_region2_guard,CCRA radius 2,0,31,13,3,3,0,1.0,,1,37,1,37,0,0,1,,0.016129032258064516,,0.08126934984520123,25.0,1.0,24.0,0.04,0.3333333333333333,0.96
guard_scope,faults3,faults3,11,ccra_region2_guard,CCRA radius 2,1,31,13,3,3,0,1.0,,1,36,0,36,0,0,1,,0.016129032258064516,,0.08126934984520123,25.0,1.0,24.0,0.04,0.3333333333333333,0.96
guard_scope,faults3,faults3,11,ccra_region2_guard,CCRA radius 2,2,31,13,3,3,0,1.0,,1,36,0,36,0,0,1,,0.016129032258064516,,0.08126934984520123,25.0,1.0,24.0,0.04,0.3333333333333333,0.96
guard_scope,faults3,faults3,11,ccra_region2_guard,CCRA radius 2,3,31,13,3,3,0,1.0,,1,36,0,36,0,0,1,,0.016129032258064516,,0.08126934984520123,25.0,1.0,24.0,0.04,0.3333333333333333,0.96
guard_scope,faults3,faults3,11,ccra_region2_guard,CCRA radius 2,4,31,13,3,3,0,1.0,,1,36,0,36,0,0,1,,0.016129032258064516,,0.08126934984520123,25.0,1.0,24.0,0.04,0.3333333333333333,0.96
guard_scope,faults3,faults3,11,ccra_action_guard,CCRA action,0,31,13,3,3,0,1.0,,0,8,1,9,0,0,1,,0.2400744416873449,,0.4934210526315789,390.0,3.0,387.0,0.007692307692307693,1.0,0.9923076923076923
guard_scope,faults3,faults3,11,ccra_action_guard,CCRA action,1,31,13,3,3,0,1.0,,0,0,0,1,0,0,1,,0.2400744416873449,,0.4934210526315789,390.0,3.0,387.0,0.007692307692307693,1.0,0.9923076923076923
guard_scope,faults3,faults3,11,ccra_action_guard,CCRA action,2,31,13,3,3,0,1.0,,0,0,0,1,0,0,1,,0.2400744416873449,,0.4934210526315789,390.0,3.0,387.0,0.007692307692307693,1.0,0.9923076923076923
guard_scope,faults3,faults3,11,ccra_action_guard,CCRA action,3,31,13,3,3,0,1.0,,0,0,0,1,0,0,1,,0.2400744416873449,,0.4934210526315789,390.0,3.0,387.0,0.007692307692307693,1.0,0.9923076923076923
guard_scope,faults3,faults3,11,ccra_action_guard,CCRA action,4,31,13,3,3,0,1.0,,0,0,0,1,0,0,1,,0.2400744416873449,,0.4934210526315789,390.0,3.0,387.0,0.007692307692307693,1.0,0.9923076923076923
guard_scope,faults3,faults3,11,global_action_repair,Global action,0,31,13,3,3,0,1.0,,0,10,3,11,0,0,1,,0.2400744416873449,,0.4934210526315789,390.0,3.0,387.0,0.007692307692307693,1.0,0.9923076923076923
guard_scope,faults3,faults3,11,global_action_repair,Global action,1,31,13,3,3,0,1.0,,0,0,0,1,0,0,1,,0.2400744416873449,,0.4934210526315789,390.0,3.0,387.0,0.007692307692307693,1.0,0.9923076923076923
guard_scope,faults3,faults3,11,global_action_repair,Global action,2,31,13,3,3,0,1.0,,0,0,0,1,0,0,1,,0.2400744416873449,,0.4934210526315789,390.0,3.0,387.0,0.007692307692307693,1.0,0.9923076923076923
guard_scope,faults3,faults3,11,global_action_repair,Global action,3,31,13,3,3,0,1.0,,0,0,0,1,0,0,1,,0.2400744416873449,,0.4934210526315789,390.0,3.0,387.0,0.007692307692307693,1.0,0.9923076923076923
guard_scope,faults3,faults3,11,global_action_repair,Global action,4,31,13,3,3,0,1.0,,0,0,0,1,0,0,1,,0.2400744416873449,,0.4934210526315789,390.0,3.0,387.0,0.007692307692307693,1.0,0.9923076923076923
guard_scope,faults3,faults3,12,ccra_exact_guard,CCRA exact,0,31,13,3,3,0,1.0,,1,33,1,33,0,0,1,,0.0012406947890818859,,0.01934984520123839,1.0,1.0,0.0,1.0,0.3333333333333333,0.0
guard_scope,faults3,faults3,12,ccra_exact_guard,CCRA exact,1,31,13,3,3,0,1.0,,1,32,0,32,0,0,1,,0.0012406947890818859,,0.01934984520123839,1.0,1.0,0.0,1.0,0.3333333333333333,0.0
guard_scope,faults3,faults3,12,ccra_exact_guard,CCRA exact,2,31,13,3,3,0,1.0,,1,32,0,32,0,0,1,,0.0012406947890818859,,0.01934984520123839,1.0,1.0,0.0,1.0,0.3333333333333333,0.0
guard_scope,faults3,faults3,12,ccra_exact_guard,CCRA exact,3,31,13,3,3,0,1.0,,1,32,0,32,0,0,1,,0.0012406947890818859,,0.01934984520123839,1.0,1.0,0.0,1.0,0.3333333333333333,0.0
guard_scope,faults3,faults3,12,ccra_exact_guard,CCRA exact,4,31,13,3,3,0,1.0,,1,32,0,32,0,0,1,,0.0012406947890818859,,0.01934984520123839,1.0,1.0,0.0,1.0,0.3333333333333333,0.0
guard_scope,faults3,faults3,12,ccra_row_guard,CCRA row,0,31,13,3,3,0,1.0,,1,33,1,33,0,0,1,,0.016749379652605458,,0.2612229102167183,30.0,3.0,27.0,0.1,1.0,0.9
guard_scope,faults3,faults3,12,ccra_row_guard,CCRA row,1,31,13,3,3,0,1.0,,1,32,0,32,0,0,1,,0.016749379652605458,,0.2612229102167183,30.0,3.0,27.0,0.1,1.0,0.9
guard_scope,faults3,faults3,12,ccra_row_guard,CCRA row,2,31,13,3,3,0,1.0,,1,32,0,32,0,0,1,,0.016749379652605458,,0.2612229102167183,30.0,3.0,27.0,0.1,1.0,0.9
guard_scope,faults3,faults3,12,ccra_row_guard,CCRA row,3,31,13,3,3,0,1.0,,1,32,0,32,0,0,1,,0.016749379652605458,,0.2612229102167183,30.0,3.0,27.0,0.1,1.0,0.9
guard_scope,faults3,faults3,12,ccra_row_guard,CCRA row,4,31,13,3,3,0,1.0,,1,32,0,32,0,0,1,,0.016749379652605458,,0.2612229102167183,30.0,3.0,27.0,0.1,1.0,0.9
guard_scope,faults3,faults3,12,ccra_column_guard,CCRA column,0,31,13,3,3,0,1.0,,0,6,1,7,0,0,1,,0.008684863523573201,,0.027089783281733747,13.0,1.0,12.0,0.07692307692307693,0.3333333333333333,0.9230769230769231
guard_scope,faults3,faults3,12,ccra_column_guard,CCRA column,1,31,13,3,3,0,1.0,,0,0,0,1,0,0,1,,0.008684863523573201,,0.027089783281733747,13.0,1.0,12.0,0.07692307692307693,0.3333333333333333,0.9230769230769231
guard_scope,faults3,faults3,12,ccra_column_guard,CCRA column,2,31,13,3,3,0,1.0,,0,0,0,1,0,0,1,,0.008684863523573201,,0.027089783281733747,13.0,1.0,12.0,0.07692307692307693,0.3333333333333333,0.9230769230769231
guard_scope,faults3,faults3,12,ccra_column_guard,CCRA column,3,31,13,3,3,0,1.0,,0,0,0,1,0,0,1,,0.008684863523573201,,0.027089783281733747,13.0,1.0,12.0,0.07692307692307693,0.3333333333333333,0.9230769230769231
guard_scope,faults3,faults3,12,ccra_column_guard,CCRA column,4,31,13,3,3,0,1.0,,0,0,0,1,0,0,1,,0.008684863523573201,,0.027089783281733747,13.0,1.0,12.0,0.07692307692307693,0.3333333333333333,0.9230769230769231
guard_scope,faults3,faults3,12,ccra_region1_guard,CCRA radius 1,0,31,13,3,3,0,1.0,,1,35,1,35,0,0,1,,0.004962779156327543,,0.030959752321981424,9.0,2.0,7.0,0.2222222222222222,0.6666666666666666,0.7777777777777778
guard_scope,faults3,faults3,12,ccra_region1_guard,CCRA radius 1,1,31,13,3,3,0,1.0,,1,34,0,34,0,0,1,,0.004962779156327543,,0.030959752321981424,9.0,2.0,7.0,0.2222222222222222,0.6666666666666666,0.7777777777777778
guard_scope,faults3,faults3,12,ccra_region1_guard,CCRA radius 1,2,31,13,3,3,0,1.0,,1,34,0,34,0,0,1,,0.004962779156327543,,0.030959752321981424,9.0,2.0,7.0,0.2222222222222222,0.6666666666666666,0.7777777777777778
guard_scope,faults3,faults3,12,ccra_region1_guard,CCRA radius 1,3,31,13,3,3,0,1.0,,1,34,0,34,0,0,1,,0.004962779156327543,,0.030959752321981424,9.0,2.0,7.0,0.2222222222222222,0.6666666666666666,0.7777777777777778
guard_scope,faults3,faults3,12,ccra_region1_guard,CCRA radius 1,4,31,13,3,3,0,1.0,,1,34,0,34,0,0,1,,0.004962779156327543,,0.030959752321981424,9.0,2.0,7.0,0.2222222222222222,0.6666666666666666,0.7777777777777778
guard_scope,faults3,faults3,12,ccra_region2_guard,CCRA radius 2,0,31,13,3,3,0,1.0,,1,37,1,37,0,0,1,,0.01488833746898263,,0.06191950464396285,25.0,2.0,23.0,0.08,0.6666666666666666,0.92
guard_scope,faults3,faults3,12,ccra_region2_guard,CCRA radius 2,1,31,13,3,3,0,1.0,,1,36,0,36,0,0,1,,0.01488833746898263,,0.06191950464396285,25.0,2.0,23.0,0.08,0.6666666666666666,0.92
guard_scope,faults3,faults3,12,ccra_region2_guard,CCRA radius 2,2,31,13,3,3,0,1.0,,1,36,0,36,0,0,1,,0.01488833746898263,,0.06191950464396285,25.0,2.0,23.0,0.08,0.6666666666666666,0.92
guard_scope,faults3,faults3,12,ccra_region2_guard,CCRA radius 2,3,31,13,3,3,0,1.0,,1,36,0,36,0,0,1,,0.01488833746898263,,0.06191950464396285,25.0,2.0,23.0,0.08,0.6666666666666666,0.92
guard_scope,faults3,faults3,12,ccra_region2_guard,CCRA radius 2,4,31,13,3,3,0,1.0,,1,36,0,36,0,0,1,,0.01488833746898263,,0.06191950464396285,25.0,2.0,23.0,0.08,0.6666666666666666,0.92
guard_scope,faults3,faults3,12,ccra_action_guard,CCRA action,0,31,13,3,3,0,1.0,,0,6,1,7,0,0,1,,0.2400744416873449,,0.4934210526315789,390.0,3.0,387.0,0.007692307692307693,1.0,0.9923076923076923
guard_scope,faults3,faults3,12,ccra_action_guard,CCRA action,1,31,13,3,3,0,1.0,,0,0,0,1,0,0,1,,0.2400744416873449,,0.4934210526315789,390.0,3.0,387.0,0.007692307692307693,1.0,0.9923076923076923
guard_scope,faults3,faults3,12,ccra_action_guard,CCRA action,2,31,13,3,3,0,1.0,,0,0,0,1,0,0,1,,0.2400744416873449,,0.4934210526315789,390.0,3.0,387.0,0.007692307692307693,1.0,0.9923076923076923
guard_scope,faults3,faults3,12,ccra_action_guard,CCRA action,3,31,13,3,3,0,1.0,,0,0,0,1,0,0,1,,0.2400744416873449,,0.4934210526315789,390.0,3.0,387.0,0.007692307692307693,1.0,0.9923076923076923
guard_scope,faults3,faults3,12,ccra_action_guard,CCRA action,4,31,13,3,3,0,1.0,,0,0,0,1,0,0,1,,0.2400744416873449,,0.4934210526315789,390.0,3.0,387.0,0.007692307692307693,1.0,0.9923076923076923
guard_scope,faults3,faults3,12,global_action_repair,Global action,0,31,13,3,3,0,1.0,,0,8,3,9,0,0,1,,0.2400744416873449,,0.4934210526315789,390.0,3.0,387.0,0.007692307692307693,1.0,0.9923076923076923
guard_scope,faults3,faults3,12,global_action_repair,Global action,1,31,13,3,3,0,1.0,,0,0,0,1,0,0,1,,0.2400744416873449,,0.4934210526315789,390.0,3.0,387.0,0.007692307692307693,1.0,0.9923076923076923
guard_scope,faults3,faults3,12,global_action_repair,Global action,2,31,13,3,3,0,1.0,,0,0,0,1,0,0,1,,0.2400744416873449,,0.4934210526315789,390.0,3.0,387.0,0.007692307692307693,1.0,0.9923076923076923
guard_scope,faults3,faults3,12,global_action_repair,Global action,3,31,13,3,3,0,1.0,,0,0,0,1,0,0,1,,0.2400744416873449,,0.4934210526315789,390.0,3.0,387.0,0.007692307692307693,1.0,0.9923076923076923
guard_scope,faults3,faults3,12,global_action_repair,Global action,4,31,13,3,3,0,1.0,,0,0,0,1,0,0,1,,0.2400744416873449,,0.4934210526315789,390.0,3.0,387.0,0.007692307692307693,1.0,0.9923076923076923
guard_scope,faults3,faults3,13,ccra_exact_guard,CCRA exact,0,31,13,3,3,0,1.0,,1,33,1,33,0,0,1,,0.0012406947890818859,,0.01934984520123839,1.0,1.0,0.0,1.0,0.3333333333333333,0.0
guard_scope,faults3,faults3,13,ccra_exact_guard,CCRA exact,1,31,13,3,3,0,1.0,,1,32,0,32,0,0,1,,0.0012406947890818859,,0.01934984520123839,1.0,1.0,0.0,1.0,0.3333333333333333,0.0
guard_scope,faults3,faults3,13,ccra_exact_guard,CCRA exact,2,31,13,3,3,0,1.0,,1,32,0,32,0,0,1,,0.0012406947890818859,,0.01934984520123839,1.0,1.0,0.0,1.0,0.3333333333333333,0.0
guard_scope,faults3,faults3,13,ccra_exact_guard,CCRA exact,3,31,13,3,3,0,1.0,,1,32,0,32,0,0,1,,0.0012406947890818859,,0.01934984520123839,1.0,1.0,0.0,1.0,0.3333333333333333,0.0
guard_scope,faults3,faults3,13,ccra_exact_guard,CCRA exact,4,31,13,3,3,0,1.0,,1,32,0,32,0,0,1,,0.0012406947890818859,,0.01934984520123839,1.0,1.0,0.0,1.0,0.3333333333333333,0.0
guard_scope,faults3,faults3,13,ccra_row_guard,CCRA row,0,31,13,3,3,0,1.0,,1,33,1,33,0,0,1,,0.016749379652605458,,0.2612229102167183,30.0,3.0,27.0,0.1,1.0,0.9
guard_scope,faults3,faults3,13,ccra_row_guard,CCRA row,1,31,13,3,3,0,1.0,,1,32,0,32,0,0,1,,0.016749379652605458,,0.2612229102167183,30.0,3.0,27.0,0.1,1.0,0.9
guard_scope,faults3,faults3,13,ccra_row_guard,CCRA row,2,31,13,3,3,0,1.0,,1,32,0,32,0,0,1,,0.016749379652605458,,0.2612229102167183,30.0,3.0,27.0,0.1,1.0,0.9
guard_scope,faults3,faults3,13,ccra_row_guard,CCRA row,3,31,13,3,3,0,1.0,,1,32,0,32,0,0,1,,0.016749379652605458,,0.2612229102167183,30.0,3.0,27.0,0.1,1.0,0.9
guard_scope,faults3,faults3,13,ccra_row_guard,CCRA row,4,31,13,3,3,0,1.0,,1,32,0,32,0,0,1,,0.016749379652605458,,0.2612229102167183,30.0,3.0,27.0,0.1,1.0,0.9
guard_scope,faults3,faults3,13,ccra_column_guard,CCRA column,0,31,13,3,3,0,1.0,,0,22,1,23,0,0,1,,0.008684863523573201,,0.027089783281733747,13.0,1.0,12.0,0.07692307692307693,0.3333333333333333,0.9230769230769231
guard_scope,faults3,faults3,13,ccra_column_guard,CCRA column,1,31,13,3,3,0,1.0,,0,0,0,1,0,0,1,,0.008684863523573201,,0.027089783281733747,13.0,1.0,12.0,0.07692307692307693,0.3333333333333333,0.9230769230769231
guard_scope,faults3,faults3,13,ccra_column_guard,CCRA column,2,31,13,3,3,0,1.0,,0,0,0,1,0,0,1,,0.008684863523573201,,0.027089783281733747,13.0,1.0,12.0,0.07692307692307693,0.3333333333333333,0.9230769230769231
guard_scope,faults3,faults3,13,ccra_column_guard,CCRA column,3,31,13,3,3,0,1.0,,0,0,0,1,0,0,1,,0.008684863523573201,,0.027089783281733747,13.0,1.0,12.0,0.07692307692307693,0.3333333333333333,0.9230769230769231
guard_scope,faults3,faults3,13,ccra_column_guard,CCRA column,4,31,13,3,3,0,1.0,,0,0,0,1,0,0,1,,0.008684863523573201,,0.027089783281733747,13.0,1.0,12.0,0.07692307692307693,0.3333333333333333,0.9230769230769231
guard_scope,faults3,faults3,13,ccra_region1_guard,CCRA radius 1,0,31,13,3,3,0,1.0,,1,35,1,35,0,0,1,,0.00620347394540943,,0.05030959752321981,9.0,1.0,8.0,0.1111111111111111,0.3333333333333333,0.8888888888888888
guard_scope,faults3,faults3,13,ccra_region1_guard,CCRA radius 1,1,31,13,3,3,0,1.0,,1,34,0,34,0,0,1,,0.00620347394540943,,0.05030959752321981,9.0,1.0,8.0,0.1111111111111111,0.3333333333333333,0.8888888888888888
guard_scope,faults3,faults3,13,ccra_region1_guard,CCRA radius 1,2,31,13,3,3,0,1.0,,1,34,0,34,0,0,1,,0.00620347394540943,,0.05030959752321981,9.0,1.0,8.0,0.1111111111111111,0.3333333333333333,0.8888888888888888
guard_scope,faults3,faults3,13,ccra_region1_guard,CCRA radius 1,3,31,13,3,3,0,1.0,,1,34,0,34,0,0,1,,0.00620347394540943,,0.05030959752321981,9.0,1.0,8.0,0.1111111111111111,0.3333333333333333,0.8888888888888888
guard_scope,faults3,faults3,13,ccra_region1_guard,CCRA radius 1,4,31,13,3,3,0,1.0,,1,34,0,34,0,0,1,,0.00620347394540943,,0.05030959752321981,9.0,1.0,8.0,0.1111111111111111,0.3333333333333333,0.8888888888888888
guard_scope,faults3,faults3,13,ccra_region2_guard,CCRA radius 2,0,31,13,3,3,0,1.0,,1,37,1,37,0,0,1,,0.01488833746898263,,0.06191950464396285,25.0,2.0,23.0,0.08,0.6666666666666666,0.92
guard_scope,faults3,faults3,13,ccra_region2_guard,CCRA radius 2,1,31,13,3,3,0,1.0,,1,36,0,36,0,0,1,,0.01488833746898263,,0.06191950464396285,25.0,2.0,23.0,0.08,0.6666666666666666,0.92
guard_scope,faults3,faults3,13,ccra_region2_guard,CCRA radius 2,2,31,13,3,3,0,1.0,,1,36,0,36,0,0,1,,0.01488833746898263,,0.06191950464396285,25.0,2.0,23.0,0.08,0.6666666666666666,0.92
guard_scope,faults3,faults3,13,ccra_region2_guard,CCRA radius 2,3,31,13,3,3,0,1.0,,1,36,0,36,0,0,1,,0.01488833746898263,,0.06191950464396285,25.0,2.0,23.0,0.08,0.6666666666666666,0.92
guard_scope,faults3,faults3,13,ccra_region2_guard,CCRA radius 2,4,31,13,3,3,0,1.0,,1,36,0,36,0,0,1,,0.01488833746898263,,0.06191950464396285,25.0,2.0,23.0,0.08,0.6666666666666666,0.92
guard_scope,faults3,faults3,13,ccra_action_guard,CCRA action,0,31,13,3,3,0,1.0,,0,22,1,23,0,0,1,,0.2400744416873449,,0.4934210526315789,390.0,3.0,387.0,0.007692307692307693,1.0,0.9923076923076923
guard_scope,faults3,faults3,13,ccra_action_guard,CCRA action,1,31,13,3,3,0,1.0,,0,0,0,1,0,0,1,,0.2400744416873449,,0.4934210526315789,390.0,3.0,387.0,0.007692307692307693,1.0,0.9923076923076923
guard_scope,faults3,faults3,13,ccra_action_guard,CCRA action,2,31,13,3,3,0,1.0,,0,0,0,1,0,0,1,,0.2400744416873449,,0.4934210526315789,390.0,3.0,387.0,0.007692307692307693,1.0,0.9923076923076923
guard_scope,faults3,faults3,13,ccra_action_guard,CCRA action,3,31,13,3,3,0,1.0,,0,0,0,1,0,0,1,,0.2400744416873449,,0.4934210526315789,390.0,3.0,387.0,0.007692307692307693,1.0,0.9923076923076923
guard_scope,faults3,faults3,13,ccra_action_guard,CCRA action,4,31,13,3,3,0,1.0,,0,0,0,1,0,0,1,,0.2400744416873449,,0.4934210526315789,390.0,3.0,387.0,0.007692307692307693,1.0,0.9923076923076923
guard_scope,faults3,faults3,13,global_action_repair,Global action,0,31,13,3,3,0,1.0,,0,24,3,25,0,0,1,,0.2400744416873449,,0.4934210526315789,390.0,3.0,387.0,0.007692307692307693,1.0,0.9923076923076923
guard_scope,faults3,faults3,13,global_action_repair,Global action,1,31,13,3,3,0,1.0,,0,0,0,1,0,0,1,,0.2400744416873449,,0.4934210526315789,390.0,3.0,387.0,0.007692307692307693,1.0,0.9923076923076923
guard_scope,faults3,faults3,13,global_action_repair,Global action,2,31,13,3,3,0,1.0,,0,0,0,1,0,0,1,,0.2400744416873449,,0.4934210526315789,390.0,3.0,387.0,0.007692307692307693,1.0,0.9923076923076923
guard_scope,faults3,faults3,13,global_action_repair,Global action,3,31,13,3,3,0,1.0,,0,0,0,1,0,0,1,,0.2400744416873449,,0.4934210526315789,390.0,3.0,387.0,0.007692307692307693,1.0,0.9923076923076923
guard_scope,faults3,faults3,13,global_action_repair,Global action,4,31,13,3,3,0,1.0,,0,0,0,1,0,0,1,,0.2400744416873449,,0.4934210526315789,390.0,3.0,387.0,0.007692307692307693,1.0,0.9923076923076923
guard_scope,faults3,faults3,14,ccra_exact_guard,CCRA exact,0,31,13,3,3,0,1.0,,1,33,1,33,0,0,1,,0.0012406947890818859,,0.01934984520123839,1.0,1.0,0.0,1.0,0.3333333333333333,0.0
guard_scope,faults3,faults3,14,ccra_exact_guard,CCRA exact,1,31,13,3,3,0,1.0,,1,32,0,32,0,0,1,,0.0012406947890818859,,0.01934984520123839,1.0,1.0,0.0,1.0,0.3333333333333333,0.0
guard_scope,faults3,faults3,14,ccra_exact_guard,CCRA exact,2,31,13,3,3,0,1.0,,1,32,0,32,0,0,1,,0.0012406947890818859,,0.01934984520123839,1.0,1.0,0.0,1.0,0.3333333333333333,0.0
guard_scope,faults3,faults3,14,ccra_exact_guard,CCRA exact,3,31,13,3,3,0,1.0,,1,32,0,32,0,0,1,,0.0012406947890818859,,0.01934984520123839,1.0,1.0,0.0,1.0,0.3333333333333333,0.0
guard_scope,faults3,faults3,14,ccra_exact_guard,CCRA exact,4,31,13,3,3,0,1.0,,1,32,0,32,0,0,1,,0.0012406947890818859,,0.01934984520123839,1.0,1.0,0.0,1.0,0.3333333333333333,0.0
guard_scope,faults3,faults3,14,ccra_row_guard,CCRA row,0,31,13,3,3,0,1.0,,1,33,1,33,0,0,1,,0.016749379652605458,,0.2612229102167183,30.0,3.0,27.0,0.1,1.0,0.9
guard_scope,faults3,faults3,14,ccra_row_guard,CCRA row,1,31,13,3,3,0,1.0,,1,32,0,32,0,0,1,,0.016749379652605458,,0.2612229102167183,30.0,3.0,27.0,0.1,1.0,0.9
guard_scope,faults3,faults3,14,ccra_row_guard,CCRA row,2,31,13,3,3,0,1.0,,1,32,0,32,0,0,1,,0.016749379652605458,,0.2612229102167183,30.0,3.0,27.0,0.1,1.0,0.9
guard_scope,faults3,faults3,14,ccra_row_guard,CCRA row,3,31,13,3,3,0,1.0,,1,32,0,32,0,0,1,,0.016749379652605458,,0.2612229102167183,30.0,3.0,27.0,0.1,1.0,0.9
guard_scope,faults3,faults3,14,ccra_row_guard,CCRA row,4,31,13,3,3,0,1.0,,1,32,0,32,0,0,1,,0.016749379652605458,,0.2612229102167183,30.0,3.0,27.0,0.1,1.0,0.9
guard_scope,faults3,faults3,14,ccra_column_guard,CCRA column,0,31,13,3,3,0,1.0,,0,8,1,9,0,0,1,,0.008684863523573201,,0.027089783281733747,13.0,1.0,12.0,0.07692307692307693,0.3333333333333333,0.9230769230769231
guard_scope,faults3,faults3,14,ccra_column_guard,CCRA column,1,31,13,3,3,0,1.0,,0,0,0,1,0,0,1,,0.008684863523573201,,0.027089783281733747,13.0,1.0,12.0,0.07692307692307693,0.3333333333333333,0.9230769230769231
guard_scope,faults3,faults3,14,ccra_column_guard,CCRA column,2,31,13,3,3,0,1.0,,0,0,0,1,0,0,1,,0.008684863523573201,,0.027089783281733747,13.0,1.0,12.0,0.07692307692307693,0.3333333333333333,0.9230769230769231
guard_scope,faults3,faults3,14,ccra_column_guard,CCRA column,3,31,13,3,3,0,1.0,,0,0,0,1,0,0,1,,0.008684863523573201,,0.027089783281733747,13.0,1.0,12.0,0.07692307692307693,0.3333333333333333,0.9230769230769231
guard_scope,faults3,faults3,14,ccra_column_guard,CCRA column,4,31,13,3,3,0,1.0,,0,0,0,1,0,0,1,,0.008684863523573201,,0.027089783281733747,13.0,1.0,12.0,0.07692307692307693,0.3333333333333333,0.9230769230769231
guard_scope,faults3,faults3,14,ccra_region1_guard,CCRA radius 1,0,31,13,3,3,0,1.0,,1,35,1,35,0,0,1,,0.00620347394540943,,0.05030959752321981,9.0,1.0,8.0,0.1111111111111111,0.3333333333333333,0.8888888888888888
guard_scope,faults3,faults3,14,ccra_region1_guard,CCRA radius 1,1,31,13,3,3,0,1.0,,1,34,0,34,0,0,1,,0.00620347394540943,,0.05030959752321981,9.0,1.0,8.0,0.1111111111111111,0.3333333333333333,0.8888888888888888
guard_scope,faults3,faults3,14,ccra_region1_guard,CCRA radius 1,2,31,13,3,3,0,1.0,,1,34,0,34,0,0,1,,0.00620347394540943,,0.05030959752321981,9.0,1.0,8.0,0.1111111111111111,0.3333333333333333,0.8888888888888888
guard_scope,faults3,faults3,14,ccra_region1_guard,CCRA radius 1,3,31,13,3,3,0,1.0,,1,34,0,34,0,0,1,,0.00620347394540943,,0.05030959752321981,9.0,1.0,8.0,0.1111111111111111,0.3333333333333333,0.8888888888888888
guard_scope,faults3,faults3,14,ccra_region1_guard,CCRA radius 1,4,31,13,3,3,0,1.0,,1,34,0,34,0,0,1,,0.00620347394540943,,0.05030959752321981,9.0,1.0,8.0,0.1111111111111111,0.3333333333333333,0.8888888888888888
guard_scope,faults3,faults3,14,ccra_region2_guard,CCRA radius 2,0,31,13,3,3,0,1.0,,1,37,1,37,0,0,1,,0.016129032258064516,,0.08126934984520123,25.0,1.0,24.0,0.04,0.3333333333333333,0.96
guard_scope,faults3,faults3,14,ccra_region2_guard,CCRA radius 2,1,31,13,3,3,0,1.0,,1,36,0,36,0,0,1,,0.016129032258064516,,0.08126934984520123,25.0,1.0,24.0,0.04,0.3333333333333333,0.96
guard_scope,faults3,faults3,14,ccra_region2_guard,CCRA radius 2,2,31,13,3,3,0,1.0,,1,36,0,36,0,0,1,,0.016129032258064516,,0.08126934984520123,25.0,1.0,24.0,0.04,0.3333333333333333,0.96
guard_scope,faults3,faults3,14,ccra_region2_guard,CCRA radius 2,3,31,13,3,3,0,1.0,,1,36,0,36,0,0,1,,0.016129032258064516,,0.08126934984520123,25.0,1.0,24.0,0.04,0.3333333333333333,0.96
guard_scope,faults3,faults3,14,ccra_region2_guard,CCRA radius 2,4,31,13,3,3,0,1.0,,1,36,0,36,0,0,1,,0.016129032258064516,,0.08126934984520123,25.0,1.0,24.0,0.04,0.3333333333333333,0.96
guard_scope,faults3,faults3,14,ccra_action_guard,CCRA action,0,31,13,3,3,0,1.0,,0,8,1,9,0,0,1,,0.2400744416873449,,0.4934210526315789,390.0,3.0,387.0,0.007692307692307693,1.0,0.9923076923076923
guard_scope,faults3,faults3,14,ccra_action_guard,CCRA action,1,31,13,3,3,0,1.0,,0,0,0,1,0,0,1,,0.2400744416873449,,0.4934210526315789,390.0,3.0,387.0,0.007692307692307693,1.0,0.9923076923076923
guard_scope,faults3,faults3,14,ccra_action_guard,CCRA action,2,31,13,3,3,0,1.0,,0,0,0,1,0,0,1,,0.2400744416873449,,0.4934210526315789,390.0,3.0,387.0,0.007692307692307693,1.0,0.9923076923076923
guard_scope,faults3,faults3,14,ccra_action_guard,CCRA action,3,31,13,3,3,0,1.0,,0,0,0,1,0,0,1,,0.2400744416873449,,0.4934210526315789,390.0,3.0,387.0,0.007692307692307693,1.0,0.9923076923076923
guard_scope,faults3,faults3,14,ccra_action_guard,CCRA action,4,31,13,3,3,0,1.0,,0,0,0,1,0,0,1,,0.2400744416873449,,0.4934210526315789,390.0,3.0,387.0,0.007692307692307693,1.0,0.9923076923076923
guard_scope,faults3,faults3,14,global_action_repair,Global action,0,31,13,3,3,0,1.0,,0,10,3,11,0,0,1,,0.2400744416873449,,0.4934210526315789,390.0,3.0,387.0,0.007692307692307693,1.0,0.9923076923076923
guard_scope,faults3,faults3,14,global_action_repair,Global action,1,31,13,3,3,0,1.0,,0,0,0,1,0,0,1,,0.2400744416873449,,0.4934210526315789,390.0,3.0,387.0,0.007692307692307693,1.0,0.9923076923076923
guard_scope,faults3,faults3,14,global_action_repair,Global action,2,31,13,3,3,0,1.0,,0,0,0,1,0,0,1,,0.2400744416873449,,0.4934210526315789,390.0,3.0,387.0,0.007692307692307693,1.0,0.9923076923076923
guard_scope,faults3,faults3,14,global_action_repair,Global action,3,31,13,3,3,0,1.0,,0,0,0,1,0,0,1,,0.2400744416873449,,0.4934210526315789,390.0,3.0,387.0,0.007692307692307693,1.0,0.9923076923076923
guard_scope,faults3,faults3,14,global_action_repair,Global action,4,31,13,3,3,0,1.0,,0,0,0,1,0,0,1,,0.2400744416873449,,0.4934210526315789,390.0,3.0,387.0,0.007692307692307693,1.0,0.9923076923076923
guard_scope,faults3,faults3,15,ccra_exact_guard,CCRA exact,0,31,13,3,3,0,1.0,,1,33,1,33,0,0,1,,0.0012406947890818859,,0.01934984520123839,1.0,1.0,0.0,1.0,0.3333333333333333,0.0
guard_scope,faults3,faults3,15,ccra_exact_guard,CCRA exact,1,31,13,3,3,0,1.0,,1,32,0,32,0,0,1,,0.0012406947890818859,,0.01934984520123839,1.0,1.0,0.0,1.0,0.3333333333333333,0.0
guard_scope,faults3,faults3,15,ccra_exact_guard,CCRA exact,2,31,13,3,3,0,1.0,,1,32,0,32,0,0,1,,0.0012406947890818859,,0.01934984520123839,1.0,1.0,0.0,1.0,0.3333333333333333,0.0
guard_scope,faults3,faults3,15,ccra_exact_guard,CCRA exact,3,31,13,3,3,0,1.0,,1,32,0,32,0,0,1,,0.0012406947890818859,,0.01934984520123839,1.0,1.0,0.0,1.0,0.3333333333333333,0.0
guard_scope,faults3,faults3,15,ccra_exact_guard,CCRA exact,4,31,13,3,3,0,1.0,,1,32,0,32,0,0,1,,0.0012406947890818859,,0.01934984520123839,1.0,1.0,0.0,1.0,0.3333333333333333,0.0
guard_scope,faults3,faults3,15,ccra_row_guard,CCRA row,0,31,13,3,3,0,1.0,,1,33,1,33,0,0,1,,0.016749379652605458,,0.2612229102167183,30.0,3.0,27.0,0.1,1.0,0.9
guard_scope,faults3,faults3,15,ccra_row_guard,CCRA row,1,31,13,3,3,0,1.0,,1,32,0,32,0,0,1,,0.016749379652605458,,0.2612229102167183,30.0,3.0,27.0,0.1,1.0,0.9
guard_scope,faults3,faults3,15,ccra_row_guard,CCRA row,2,31,13,3,3,0,1.0,,1,32,0,32,0,0,1,,0.016749379652605458,,0.2612229102167183,30.0,3.0,27.0,0.1,1.0,0.9
guard_scope,faults3,faults3,15,ccra_row_guard,CCRA row,3,31,13,3,3,0,1.0,,1,32,0,32,0,0,1,,0.016749379652605458,,0.2612229102167183,30.0,3.0,27.0,0.1,1.0,0.9
guard_scope,faults3,faults3,15,ccra_row_guard,CCRA row,4,31,13,3,3,0,1.0,,1,32,0,32,0,0,1,,0.016749379652605458,,0.2612229102167183,30.0,3.0,27.0,0.1,1.0,0.9
guard_scope,faults3,faults3,15,ccra_column_guard,CCRA column,0,31,13,3,3,0,1.0,,0,6,1,7,0,0,1,,0.008684863523573201,,0.027089783281733747,13.0,1.0,12.0,0.07692307692307693,0.3333333333333333,0.9230769230769231
guard_scope,faults3,faults3,15,ccra_column_guard,CCRA column,1,31,13,3,3,0,1.0,,0,0,0,1,0,0,1,,0.008684863523573201,,0.027089783281733747,13.0,1.0,12.0,0.07692307692307693,0.3333333333333333,0.9230769230769231
guard_scope,faults3,faults3,15,ccra_column_guard,CCRA column,2,31,13,3,3,0,1.0,,0,0,0,1,0,0,1,,0.008684863523573201,,0.027089783281733747,13.0,1.0,12.0,0.07692307692307693,0.3333333333333333,0.9230769230769231
guard_scope,faults3,faults3,15,ccra_column_guard,CCRA column,3,31,13,3,3,0,1.0,,0,0,0,1,0,0,1,,0.008684863523573201,,0.027089783281733747,13.0,1.0,12.0,0.07692307692307693,0.3333333333333333,0.9230769230769231
guard_scope,faults3,faults3,15,ccra_column_guard,CCRA column,4,31,13,3,3,0,1.0,,0,0,0,1,0,0,1,,0.008684863523573201,,0.027089783281733747,13.0,1.0,12.0,0.07692307692307693,0.3333333333333333,0.9230769230769231
guard_scope,faults3,faults3,15,ccra_region1_guard,CCRA radius 1,0,31,13,3,3,0,1.0,,1,35,1,35,0,0,1,,0.00620347394540943,,0.05030959752321981,9.0,1.0,8.0,0.1111111111111111,0.3333333333333333,0.8888888888888888
guard_scope,faults3,faults3,15,ccra_region1_guard,CCRA radius 1,1,31,13,3,3,0,1.0,,1,34,0,34,0,0,1,,0.00620347394540943,,0.05030959752321981,9.0,1.0,8.0,0.1111111111111111,0.3333333333333333,0.8888888888888888
guard_scope,faults3,faults3,15,ccra_region1_guard,CCRA radius 1,2,31,13,3,3,0,1.0,,1,34,0,34,0,0,1,,0.00620347394540943,,0.05030959752321981,9.0,1.0,8.0,0.1111111111111111,0.3333333333333333,0.8888888888888888
guard_scope,faults3,faults3,15,ccra_region1_guard,CCRA radius 1,3,31,13,3,3,0,1.0,,1,34,0,34,0,0,1,,0.00620347394540943,,0.05030959752321981,9.0,1.0,8.0,0.1111111111111111,0.3333333333333333,0.8888888888888888
guard_scope,faults3,faults3,15,ccra_region1_guard,CCRA radius 1,4,31,13,3,3,0,1.0,,1,34,0,34,0,0,1,,0.00620347394540943,,0.05030959752321981,9.0,1.0,8.0,0.1111111111111111,0.3333333333333333,0.8888888888888888
guard_scope,faults3,faults3,15,ccra_region2_guard,CCRA radius 2,0,31,13,3,3,0,1.0,,1,37,1,37,0,0,1,,0.016129032258064516,,0.08126934984520123,25.0,1.0,24.0,0.04,0.3333333333333333,0.96
guard_scope,faults3,faults3,15,ccra_region2_guard,CCRA radius 2,1,31,13,3,3,0,1.0,,1,36,0,36,0,0,1,,0.016129032258064516,,0.08126934984520123,25.0,1.0,24.0,0.04,0.3333333333333333,0.96
guard_scope,faults3,faults3,15,ccra_region2_guard,CCRA radius 2,2,31,13,3,3,0,1.0,,1,36,0,36,0,0,1,,0.016129032258064516,,0.08126934984520123,25.0,1.0,24.0,0.04,0.3333333333333333,0.96
guard_scope,faults3,faults3,15,ccra_region2_guard,CCRA radius 2,3,31,13,3,3,0,1.0,,1,36,0,36,0,0,1,,0.016129032258064516,,0.08126934984520123,25.0,1.0,24.0,0.04,0.3333333333333333,0.96
guard_scope,faults3,faults3,15,ccra_region2_guard,CCRA radius 2,4,31,13,3,3,0,1.0,,1,36,0,36,0,0,1,,0.016129032258064516,,0.08126934984520123,25.0,1.0,24.0,0.04,0.3333333333333333,0.96
guard_scope,faults3,faults3,15,ccra_action_guard,CCRA action,0,31,13,3,3,0,1.0,,0,6,1,7,0,0,1,,0.2400744416873449,,0.4934210526315789,390.0,3.0,387.0,0.007692307692307693,1.0,0.9923076923076923
guard_scope,faults3,faults3,15,ccra_action_guard,CCRA action,1,31,13,3,3,0,1.0,,0,0,0,1,0,0,1,,0.2400744416873449,,0.4934210526315789,390.0,3.0,387.0,0.007692307692307693,1.0,0.9923076923076923
guard_scope,faults3,faults3,15,ccra_action_guard,CCRA action,2,31,13,3,3,0,1.0,,0,0,0,1,0,0,1,,0.2400744416873449,,0.4934210526315789,390.0,3.0,387.0,0.007692307692307693,1.0,0.9923076923076923
guard_scope,faults3,faults3,15,ccra_action_guard,CCRA action,3,31,13,3,3,0,1.0,,0,0,0,1,0,0,1,,0.2400744416873449,,0.4934210526315789,390.0,3.0,387.0,0.007692307692307693,1.0,0.9923076923076923
guard_scope,faults3,faults3,15,ccra_action_guard,CCRA action,4,31,13,3,3,0,1.0,,0,0,0,1,0,0,1,,0.2400744416873449,,0.4934210526315789,390.0,3.0,387.0,0.007692307692307693,1.0,0.9923076923076923
guard_scope,faults3,faults3,15,global_action_repair,Global action,0,31,13,3,3,0,1.0,,0,8,3,9,0,0,1,,0.2400744416873449,,0.4934210526315789,390.0,3.0,387.0,0.007692307692307693,1.0,0.9923076923076923
guard_scope,faults3,faults3,15,global_action_repair,Global action,1,31,13,3,3,0,1.0,,0,0,0,1,0,0,1,,0.2400744416873449,,0.4934210526315789,390.0,3.0,387.0,0.007692307692307693,1.0,0.9923076923076923
guard_scope,faults3,faults3,15,global_action_repair,Global action,2,31,13,3,3,0,1.0,,0,0,0,1,0,0,1,,0.2400744416873449,,0.4934210526315789,390.0,3.0,387.0,0.007692307692307693,1.0,0.9923076923076923
guard_scope,faults3,faults3,15,global_action_repair,Global action,3,31,13,3,3,0,1.0,,0,0,0,1,0,0,1,,0.2400744416873449,,0.4934210526315789,390.0,3.0,387.0,0.007692307692307693,1.0,0.9923076923076923
guard_scope,faults3,faults3,15,global_action_repair,Global action,4,31,13,3,3,0,1.0,,0,0,0,1,0,0,1,,0.2400744416873449,,0.4934210526315789,390.0,3.0,387.0,0.007692307692307693,1.0,0.9923076923076923
guard_scope,faults3,faults3,16,ccra_exact_guard,CCRA exact,0,31,13,3,3,0,1.0,,1,33,1,33,0,0,1,,0.0012406947890818859,,0.01934984520123839,1.0,1.0,0.0,1.0,0.3333333333333333,0.0
guard_scope,faults3,faults3,16,ccra_exact_guard,CCRA exact,1,31,13,3,3,0,1.0,,1,32,0,32,0,0,1,,0.0012406947890818859,,0.01934984520123839,1.0,1.0,0.0,1.0,0.3333333333333333,0.0
guard_scope,faults3,faults3,16,ccra_exact_guard,CCRA exact,2,31,13,3,3,0,1.0,,1,32,0,32,0,0,1,,0.0012406947890818859,,0.01934984520123839,1.0,1.0,0.0,1.0,0.3333333333333333,0.0
guard_scope,faults3,faults3,16,ccra_exact_guard,CCRA exact,3,31,13,3,3,0,1.0,,1,32,0,32,0,0,1,,0.0012406947890818859,,0.01934984520123839,1.0,1.0,0.0,1.0,0.3333333333333333,0.0
guard_scope,faults3,faults3,16,ccra_exact_guard,CCRA exact,4,31,13,3,3,0,1.0,,1,32,0,32,0,0,1,,0.0012406947890818859,,0.01934984520123839,1.0,1.0,0.0,1.0,0.3333333333333333,0.0
guard_scope,faults3,faults3,16,ccra_row_guard,CCRA row,0,31,13,3,3,0,1.0,,1,33,1,33,0,0,1,,0.016749379652605458,,0.2612229102167183,30.0,3.0,27.0,0.1,1.0,0.9
guard_scope,faults3,faults3,16,ccra_row_guard,CCRA row,1,31,13,3,3,0,1.0,,1,32,0,32,0,0,1,,0.016749379652605458,,0.2612229102167183,30.0,3.0,27.0,0.1,1.0,0.9
guard_scope,faults3,faults3,16,ccra_row_guard,CCRA row,2,31,13,3,3,0,1.0,,1,32,0,32,0,0,1,,0.016749379652605458,,0.2612229102167183,30.0,3.0,27.0,0.1,1.0,0.9
guard_scope,faults3,faults3,16,ccra_row_guard,CCRA row,3,31,13,3,3,0,1.0,,1,32,0,32,0,0,1,,0.016749379652605458,,0.2612229102167183,30.0,3.0,27.0,0.1,1.0,0.9
guard_scope,faults3,faults3,16,ccra_row_guard,CCRA row,4,31,13,3,3,0,1.0,,1,32,0,32,0,0,1,,0.016749379652605458,,0.2612229102167183,30.0,3.0,27.0,0.1,1.0,0.9
guard_scope,faults3,faults3,16,ccra_column_guard,CCRA column,0,31,13,3,3,0,1.0,,0,3,1,4,0,0,1,,0.008684863523573201,,0.027089783281733747,13.0,1.0,12.0,0.07692307692307693,0.3333333333333333,0.9230769230769231
guard_scope,faults3,faults3,16,ccra_column_guard,CCRA column,1,31,13,3,3,0,1.0,,0,0,0,1,0,0,1,,0.008684863523573201,,0.027089783281733747,13.0,1.0,12.0,0.07692307692307693,0.3333333333333333,0.9230769230769231
guard_scope,faults3,faults3,16,ccra_column_guard,CCRA column,2,31,13,3,3,0,1.0,,0,0,0,1,0,0,1,,0.008684863523573201,,0.027089783281733747,13.0,1.0,12.0,0.07692307692307693,0.3333333333333333,0.9230769230769231
guard_scope,faults3,faults3,16,ccra_column_guard,CCRA column,3,31,13,3,3,0,1.0,,0,0,0,1,0,0,1,,0.008684863523573201,,0.027089783281733747,13.0,1.0,12.0,0.07692307692307693,0.3333333333333333,0.9230769230769231
guard_scope,faults3,faults3,16,ccra_column_guard,CCRA column,4,31,13,3,3,0,1.0,,0,0,0,1,0,0,1,,0.008684863523573201,,0.027089783281733747,13.0,1.0,12.0,0.07692307692307693,0.3333333333333333,0.9230769230769231
guard_scope,faults3,faults3,16,ccra_region1_guard,CCRA radius 1,0,31,13,3,3,0,1.0,,1,35,1,35,0,0,1,,0.00620347394540943,,0.05030959752321981,9.0,1.0,8.0,0.1111111111111111,0.3333333333333333,0.8888888888888888
guard_scope,faults3,faults3,16,ccra_region1_guard,CCRA radius 1,1,31,13,3,3,0,1.0,,1,34,0,34,0,0,1,,0.00620347394540943,,0.05030959752321981,9.0,1.0,8.0,0.1111111111111111,0.3333333333333333,0.8888888888888888
guard_scope,faults3,faults3,16,ccra_region1_guard,CCRA radius 1,2,31,13,3,3,0,1.0,,1,34,0,34,0,0,1,,0.00620347394540943,,0.05030959752321981,9.0,1.0,8.0,0.1111111111111111,0.3333333333333333,0.8888888888888888
guard_scope,faults3,faults3,16,ccra_region1_guard,CCRA radius 1,3,31,13,3,3,0,1.0,,1,34,0,34,0,0,1,,0.00620347394540943,,0.05030959752321981,9.0,1.0,8.0,0.1111111111111111,0.3333333333333333,0.8888888888888888
guard_scope,faults3,faults3,16,ccra_region1_guard,CCRA radius 1,4,31,13,3,3,0,1.0,,1,34,0,34,0,0,1,,0.00620347394540943,,0.05030959752321981,9.0,1.0,8.0,0.1111111111111111,0.3333333333333333,0.8888888888888888
guard_scope,faults3,faults3,16,ccra_region2_guard,CCRA radius 2,0,31,13,3,3,0,1.0,,1,37,1,37,0,0,1,,0.016129032258064516,,0.08126934984520123,25.0,1.0,24.0,0.04,0.3333333333333333,0.96
guard_scope,faults3,faults3,16,ccra_region2_guard,CCRA radius 2,1,31,13,3,3,0,1.0,,1,36,0,36,0,0,1,,0.016129032258064516,,0.08126934984520123,25.0,1.0,24.0,0.04,0.3333333333333333,0.96
guard_scope,faults3,faults3,16,ccra_region2_guard,CCRA radius 2,2,31,13,3,3,0,1.0,,1,36,0,36,0,0,1,,0.016129032258064516,,0.08126934984520123,25.0,1.0,24.0,0.04,0.3333333333333333,0.96
guard_scope,faults3,faults3,16,ccra_region2_guard,CCRA radius 2,3,31,13,3,3,0,1.0,,1,36,0,36,0,0,1,,0.016129032258064516,,0.08126934984520123,25.0,1.0,24.0,0.04,0.3333333333333333,0.96
guard_scope,faults3,faults3,16,ccra_region2_guard,CCRA radius 2,4,31,13,3,3,0,1.0,,1,36,0,36,0,0,1,,0.016129032258064516,,0.08126934984520123,25.0,1.0,24.0,0.04,0.3333333333333333,0.96
guard_scope,faults3,faults3,16,ccra_action_guard,CCRA action,0,31,13,3,3,0,1.0,,0,3,1,4,0,0,1,,0.2400744416873449,,0.4934210526315789,390.0,3.0,387.0,0.007692307692307693,1.0,0.9923076923076923
guard_scope,faults3,faults3,16,ccra_action_guard,CCRA action,1,31,13,3,3,0,1.0,,0,0,0,1,0,0,1,,0.2400744416873449,,0.4934210526315789,390.0,3.0,387.0,0.007692307692307693,1.0,0.9923076923076923
guard_scope,faults3,faults3,16,ccra_action_guard,CCRA action,2,31,13,3,3,0,1.0,,0,0,0,1,0,0,1,,0.2400744416873449,,0.4934210526315789,390.0,3.0,387.0,0.007692307692307693,1.0,0.9923076923076923
guard_scope,faults3,faults3,16,ccra_action_guard,CCRA action,3,31,13,3,3,0,1.0,,0,0,0,1,0,0,1,,0.2400744416873449,,0.4934210526315789,390.0,3.0,387.0,0.007692307692307693,1.0,0.9923076923076923
guard_scope,faults3,faults3,16,ccra_action_guard,CCRA action,4,31,13,3,3,0,1.0,,0,0,0,1,0,0,1,,0.2400744416873449,,0.4934210526315789,390.0,3.0,387.0,0.007692307692307693,1.0,0.9923076923076923
guard_scope,faults3,faults3,16,global_action_repair,Global action,0,31,13,3,3,0,1.0,,0,5,3,6,0,0,1,,0.2400744416873449,,0.4934210526315789,390.0,3.0,387.0,0.007692307692307693,1.0,0.9923076923076923
guard_scope,faults3,faults3,16,global_action_repair,Global action,1,31,13,3,3,0,1.0,,0,0,0,1,0,0,1,,0.2400744416873449,,0.4934210526315789,390.0,3.0,387.0,0.007692307692307693,1.0,0.9923076923076923
guard_scope,faults3,faults3,16,global_action_repair,Global action,2,31,13,3,3,0,1.0,,0,0,0,1,0,0,1,,0.2400744416873449,,0.4934210526315789,390.0,3.0,387.0,0.007692307692307693,1.0,0.9923076923076923
guard_scope,faults3,faults3,16,global_action_repair,Global action,3,31,13,3,3,0,1.0,,0,0,0,1,0,0,1,,0.2400744416873449,,0.4934210526315789,390.0,3.0,387.0,0.007692307692307693,1.0,0.9923076923076923
guard_scope,faults3,faults3,16,global_action_repair,Global action,4,31,13,3,3,0,1.0,,0,0,0,1,0,0,1,,0.2400744416873449,,0.4934210526315789,390.0,3.0,387.0,0.007692307692307693,1.0,0.9923076923076923
guard_scope,faults3,faults3,17,ccra_exact_guard,CCRA exact,0,31,13,3,3,0,1.0,,1,33,1,33,0,0,1,,0.0012406947890818859,,0.01934984520123839,1.0,1.0,0.0,1.0,0.3333333333333333,0.0
guard_scope,faults3,faults3,17,ccra_exact_guard,CCRA exact,1,31,13,3,3,0,1.0,,1,32,0,32,0,0,1,,0.0012406947890818859,,0.01934984520123839,1.0,1.0,0.0,1.0,0.3333333333333333,0.0
guard_scope,faults3,faults3,17,ccra_exact_guard,CCRA exact,2,31,13,3,3,0,1.0,,1,32,0,32,0,0,1,,0.0012406947890818859,,0.01934984520123839,1.0,1.0,0.0,1.0,0.3333333333333333,0.0
guard_scope,faults3,faults3,17,ccra_exact_guard,CCRA exact,3,31,13,3,3,0,1.0,,1,32,0,32,0,0,1,,0.0012406947890818859,,0.01934984520123839,1.0,1.0,0.0,1.0,0.3333333333333333,0.0
guard_scope,faults3,faults3,17,ccra_exact_guard,CCRA exact,4,31,13,3,3,0,1.0,,1,32,0,32,0,0,1,,0.0012406947890818859,,0.01934984520123839,1.0,1.0,0.0,1.0,0.3333333333333333,0.0
guard_scope,faults3,faults3,17,ccra_row_guard,CCRA row,0,31,13,3,3,0,1.0,,1,33,1,33,0,0,1,,0.016749379652605458,,0.2612229102167183,30.0,3.0,27.0,0.1,1.0,0.9
guard_scope,faults3,faults3,17,ccra_row_guard,CCRA row,1,31,13,3,3,0,1.0,,1,32,0,32,0,0,1,,0.016749379652605458,,0.2612229102167183,30.0,3.0,27.0,0.1,1.0,0.9
guard_scope,faults3,faults3,17,ccra_row_guard,CCRA row,2,31,13,3,3,0,1.0,,1,32,0,32,0,0,1,,0.016749379652605458,,0.2612229102167183,30.0,3.0,27.0,0.1,1.0,0.9
guard_scope,faults3,faults3,17,ccra_row_guard,CCRA row,3,31,13,3,3,0,1.0,,1,32,0,32,0,0,1,,0.016749379652605458,,0.2612229102167183,30.0,3.0,27.0,0.1,1.0,0.9
guard_scope,faults3,faults3,17,ccra_row_guard,CCRA row,4,31,13,3,3,0,1.0,,1,32,0,32,0,0,1,,0.016749379652605458,,0.2612229102167183,30.0,3.0,27.0,0.1,1.0,0.9
guard_scope,faults3,faults3,17,ccra_column_guard,CCRA column,0,31,13,3,3,0,1.0,,0,12,1,13,0,0,1,,0.008684863523573201,,0.027089783281733747,13.0,1.0,12.0,0.07692307692307693,0.3333333333333333,0.9230769230769231
guard_scope,faults3,faults3,17,ccra_column_guard,CCRA column,1,31,13,3,3,0,1.0,,0,0,0,1,0,0,1,,0.008684863523573201,,0.027089783281733747,13.0,1.0,12.0,0.07692307692307693,0.3333333333333333,0.9230769230769231
guard_scope,faults3,faults3,17,ccra_column_guard,CCRA column,2,31,13,3,3,0,1.0,,0,0,0,1,0,0,1,,0.008684863523573201,,0.027089783281733747,13.0,1.0,12.0,0.07692307692307693,0.3333333333333333,0.9230769230769231
guard_scope,faults3,faults3,17,ccra_column_guard,CCRA column,3,31,13,3,3,0,1.0,,0,0,0,1,0,0,1,,0.008684863523573201,,0.027089783281733747,13.0,1.0,12.0,0.07692307692307693,0.3333333333333333,0.9230769230769231
guard_scope,faults3,faults3,17,ccra_column_guard,CCRA column,4,31,13,3,3,0,1.0,,0,0,0,1,0,0,1,,0.008684863523573201,,0.027089783281733747,13.0,1.0,12.0,0.07692307692307693,0.3333333333333333,0.9230769230769231
guard_scope,faults3,faults3,17,ccra_region1_guard,CCRA radius 1,0,31,13,3,3,0,1.0,,1,35,1,35,0,0,1,,0.00620347394540943,,0.05030959752321981,9.0,1.0,8.0,0.1111111111111111,0.3333333333333333,0.8888888888888888
guard_scope,faults3,faults3,17,ccra_region1_guard,CCRA radius 1,1,31,13,3,3,0,1.0,,1,34,0,34,0,0,1,,0.00620347394540943,,0.05030959752321981,9.0,1.0,8.0,0.1111111111111111,0.3333333333333333,0.8888888888888888
guard_scope,faults3,faults3,17,ccra_region1_guard,CCRA radius 1,2,31,13,3,3,0,1.0,,1,34,0,34,0,0,1,,0.00620347394540943,,0.05030959752321981,9.0,1.0,8.0,0.1111111111111111,0.3333333333333333,0.8888888888888888
guard_scope,faults3,faults3,17,ccra_region1_guard,CCRA radius 1,3,31,13,3,3,0,1.0,,1,34,0,34,0,0,1,,0.00620347394540943,,0.05030959752321981,9.0,1.0,8.0,0.1111111111111111,0.3333333333333333,0.8888888888888888
guard_scope,faults3,faults3,17,ccra_region1_guard,CCRA radius 1,4,31,13,3,3,0,1.0,,1,34,0,34,0,0,1,,0.00620347394540943,,0.05030959752321981,9.0,1.0,8.0,0.1111111111111111,0.3333333333333333,0.8888888888888888
guard_scope,faults3,faults3,17,ccra_region2_guard,CCRA radius 2,0,31,13,3,3,0,1.0,,1,37,1,37,0,0,1,,0.016129032258064516,,0.08126934984520123,25.0,1.0,24.0,0.04,0.3333333333333333,0.96
guard_scope,faults3,faults3,17,ccra_region2_guard,CCRA radius 2,1,31,13,3,3,0,1.0,,1,36,0,36,0,0,1,,0.016129032258064516,,0.08126934984520123,25.0,1.0,24.0,0.04,0.3333333333333333,0.96
guard_scope,faults3,faults3,17,ccra_region2_guard,CCRA radius 2,2,31,13,3,3,0,1.0,,1,36,0,36,0,0,1,,0.016129032258064516,,0.08126934984520123,25.0,1.0,24.0,0.04,0.3333333333333333,0.96
guard_scope,faults3,faults3,17,ccra_region2_guard,CCRA radius 2,3,31,13,3,3,0,1.0,,1,36,0,36,0,0,1,,0.016129032258064516,,0.08126934984520123,25.0,1.0,24.0,0.04,0.3333333333333333,0.96
guard_scope,faults3,faults3,17,ccra_region2_guard,CCRA radius 2,4,31,13,3,3,0,1.0,,1,36,0,36,0,0,1,,0.016129032258064516,,0.08126934984520123,25.0,1.0,24.0,0.04,0.3333333333333333,0.96
guard_scope,faults3,faults3,17,ccra_action_guard,CCRA action,0,31,13,3,3,0,1.0,,0,12,1,13,0,0,1,,0.2400744416873449,,0.4934210526315789,390.0,3.0,387.0,0.007692307692307693,1.0,0.9923076923076923
guard_scope,faults3,faults3,17,ccra_action_guard,CCRA action,1,31,13,3,3,0,1.0,,0,0,0,1,0,0,1,,0.2400744416873449,,0.4934210526315789,390.0,3.0,387.0,0.007692307692307693,1.0,0.9923076923076923
guard_scope,faults3,faults3,17,ccra_action_guard,CCRA action,2,31,13,3,3,0,1.0,,0,0,0,1,0,0,1,,0.2400744416873449,,0.4934210526315789,390.0,3.0,387.0,0.007692307692307693,1.0,0.9923076923076923
guard_scope,faults3,faults3,17,ccra_action_guard,CCRA action,3,31,13,3,3,0,1.0,,0,0,0,1,0,0,1,,0.2400744416873449,,0.4934210526315789,390.0,3.0,387.0,0.007692307692307693,1.0,0.9923076923076923
guard_scope,faults3,faults3,17,ccra_action_guard,CCRA action,4,31,13,3,3,0,1.0,,0,0,0,1,0,0,1,,0.2400744416873449,,0.4934210526315789,390.0,3.0,387.0,0.007692307692307693,1.0,0.9923076923076923
guard_scope,faults3,faults3,17,global_action_repair,Global action,0,31,13,3,3,0,1.0,,0,14,3,15,0,0,1,,0.2400744416873449,,0.4934210526315789,390.0,3.0,387.0,0.007692307692307693,1.0,0.9923076923076923
guard_scope,faults3,faults3,17,global_action_repair,Global action,1,31,13,3,3,0,1.0,,0,0,0,1,0,0,1,,0.2400744416873449,,0.4934210526315789,390.0,3.0,387.0,0.007692307692307693,1.0,0.9923076923076923
guard_scope,faults3,faults3,17,global_action_repair,Global action,2,31,13,3,3,0,1.0,,0,0,0,1,0,0,1,,0.2400744416873449,,0.4934210526315789,390.0,3.0,387.0,0.007692307692307693,1.0,0.9923076923076923
guard_scope,faults3,faults3,17,global_action_repair,Global action,3,31,13,3,3,0,1.0,,0,0,0,1,0,0,1,,0.2400744416873449,,0.4934210526315789,390.0,3.0,387.0,0.007692307692307693,1.0,0.9923076923076923
guard_scope,faults3,faults3,17,global_action_repair,Global action,4,31,13,3,3,0,1.0,,0,0,0,1,0,0,1,,0.2400744416873449,,0.4934210526315789,390.0,3.0,387.0,0.007692307692307693,1.0,0.9923076923076923
guard_scope,faults3,faults3,18,ccra_exact_guard,CCRA exact,0,31,13,3,3,0,1.0,,1,33,1,33,0,0,1,,0.0012406947890818859,,0.01934984520123839,1.0,1.0,0.0,1.0,0.3333333333333333,0.0
guard_scope,faults3,faults3,18,ccra_exact_guard,CCRA exact,1,31,13,3,3,0,1.0,,1,32,0,32,0,0,1,,0.0012406947890818859,,0.01934984520123839,1.0,1.0,0.0,1.0,0.3333333333333333,0.0
guard_scope,faults3,faults3,18,ccra_exact_guard,CCRA exact,2,31,13,3,3,0,1.0,,1,32,0,32,0,0,1,,0.0012406947890818859,,0.01934984520123839,1.0,1.0,0.0,1.0,0.3333333333333333,0.0
guard_scope,faults3,faults3,18,ccra_exact_guard,CCRA exact,3,31,13,3,3,0,1.0,,1,32,0,32,0,0,1,,0.0012406947890818859,,0.01934984520123839,1.0,1.0,0.0,1.0,0.3333333333333333,0.0
guard_scope,faults3,faults3,18,ccra_exact_guard,CCRA exact,4,31,13,3,3,0,1.0,,1,32,0,32,0,0,1,,0.0012406947890818859,,0.01934984520123839,1.0,1.0,0.0,1.0,0.3333333333333333,0.0
guard_scope,faults3,faults3,18,ccra_row_guard,CCRA row,0,31,13,3,3,0,1.0,,1,33,1,33,0,0,1,,0.016749379652605458,,0.2612229102167183,30.0,3.0,27.0,0.1,1.0,0.9
guard_scope,faults3,faults3,18,ccra_row_guard,CCRA row,1,31,13,3,3,0,1.0,,1,32,0,32,0,0,1,,0.016749379652605458,,0.2612229102167183,30.0,3.0,27.0,0.1,1.0,0.9
guard_scope,faults3,faults3,18,ccra_row_guard,CCRA row,2,31,13,3,3,0,1.0,,1,32,0,32,0,0,1,,0.016749379652605458,,0.2612229102167183,30.0,3.0,27.0,0.1,1.0,0.9
guard_scope,faults3,faults3,18,ccra_row_guard,CCRA row,3,31,13,3,3,0,1.0,,1,32,0,32,0,0,1,,0.016749379652605458,,0.2612229102167183,30.0,3.0,27.0,0.1,1.0,0.9
guard_scope,faults3,faults3,18,ccra_row_guard,CCRA row,4,31,13,3,3,0,1.0,,1,32,0,32,0,0,1,,0.016749379652605458,,0.2612229102167183,30.0,3.0,27.0,0.1,1.0,0.9
guard_scope,faults3,faults3,18,ccra_column_guard,CCRA column,0,31,13,3,3,0,1.0,,0,10,1,11,0,0,1,,0.008684863523573201,,0.027089783281733747,13.0,1.0,12.0,0.07692307692307693,0.3333333333333333,0.9230769230769231
guard_scope,faults3,faults3,18,ccra_column_guard,CCRA column,1,31,13,3,3,0,1.0,,0,0,0,1,0,0,1,,0.008684863523573201,,0.027089783281733747,13.0,1.0,12.0,0.07692307692307693,0.3333333333333333,0.9230769230769231
guard_scope,faults3,faults3,18,ccra_column_guard,CCRA column,2,31,13,3,3,0,1.0,,0,0,0,1,0,0,1,,0.008684863523573201,,0.027089783281733747,13.0,1.0,12.0,0.07692307692307693,0.3333333333333333,0.9230769230769231
guard_scope,faults3,faults3,18,ccra_column_guard,CCRA column,3,31,13,3,3,0,1.0,,0,0,0,1,0,0,1,,0.008684863523573201,,0.027089783281733747,13.0,1.0,12.0,0.07692307692307693,0.3333333333333333,0.9230769230769231
guard_scope,faults3,faults3,18,ccra_column_guard,CCRA column,4,31,13,3,3,0,1.0,,0,0,0,1,0,0,1,,0.008684863523573201,,0.027089783281733747,13.0,1.0,12.0,0.07692307692307693,0.3333333333333333,0.9230769230769231
guard_scope,faults3,faults3,18,ccra_region1_guard,CCRA radius 1,0,31,13,3,3,0,1.0,,1,35,1,35,0,0,1,,0.00620347394540943,,0.05030959752321981,9.0,1.0,8.0,0.1111111111111111,0.3333333333333333,0.8888888888888888
guard_scope,faults3,faults3,18,ccra_region1_guard,CCRA radius 1,1,31,13,3,3,0,1.0,,1,34,0,34,0,0,1,,0.00620347394540943,,0.05030959752321981,9.0,1.0,8.0,0.1111111111111111,0.3333333333333333,0.8888888888888888
guard_scope,faults3,faults3,18,ccra_region1_guard,CCRA radius 1,2,31,13,3,3,0,1.0,,1,34,0,34,0,0,1,,0.00620347394540943,,0.05030959752321981,9.0,1.0,8.0,0.1111111111111111,0.3333333333333333,0.8888888888888888
guard_scope,faults3,faults3,18,ccra_region1_guard,CCRA radius 1,3,31,13,3,3,0,1.0,,1,34,0,34,0,0,1,,0.00620347394540943,,0.05030959752321981,9.0,1.0,8.0,0.1111111111111111,0.3333333333333333,0.8888888888888888
guard_scope,faults3,faults3,18,ccra_region1_guard,CCRA radius 1,4,31,13,3,3,0,1.0,,1,34,0,34,0,0,1,,0.00620347394540943,,0.05030959752321981,9.0,1.0,8.0,0.1111111111111111,0.3333333333333333,0.8888888888888888
guard_scope,faults3,faults3,18,ccra_region2_guard,CCRA radius 2,0,31,13,3,3,0,1.0,,1,37,1,37,0,0,1,,0.016129032258064516,,0.08126934984520123,25.0,1.0,24.0,0.04,0.3333333333333333,0.96
guard_scope,faults3,faults3,18,ccra_region2_guard,CCRA radius 2,1,31,13,3,3,0,1.0,,1,36,0,36,0,0,1,,0.016129032258064516,,0.08126934984520123,25.0,1.0,24.0,0.04,0.3333333333333333,0.96
guard_scope,faults3,faults3,18,ccra_region2_guard,CCRA radius 2,2,31,13,3,3,0,1.0,,1,36,0,36,0,0,1,,0.016129032258064516,,0.08126934984520123,25.0,1.0,24.0,0.04,0.3333333333333333,0.96
guard_scope,faults3,faults3,18,ccra_region2_guard,CCRA radius 2,3,31,13,3,3,0,1.0,,1,36,0,36,0,0,1,,0.016129032258064516,,0.08126934984520123,25.0,1.0,24.0,0.04,0.3333333333333333,0.96
guard_scope,faults3,faults3,18,ccra_region2_guard,CCRA radius 2,4,31,13,3,3,0,1.0,,1,36,0,36,0,0,1,,0.016129032258064516,,0.08126934984520123,25.0,1.0,24.0,0.04,0.3333333333333333,0.96
guard_scope,faults3,faults3,18,ccra_action_guard,CCRA action,0,31,13,3,3,0,1.0,,0,10,1,11,0,0,1,,0.2400744416873449,,0.4934210526315789,390.0,3.0,387.0,0.007692307692307693,1.0,0.9923076923076923
guard_scope,faults3,faults3,18,ccra_action_guard,CCRA action,1,31,13,3,3,0,1.0,,0,0,0,1,0,0,1,,0.2400744416873449,,0.4934210526315789,390.0,3.0,387.0,0.007692307692307693,1.0,0.9923076923076923
guard_scope,faults3,faults3,18,ccra_action_guard,CCRA action,2,31,13,3,3,0,1.0,,0,0,0,1,0,0,1,,0.2400744416873449,,0.4934210526315789,390.0,3.0,387.0,0.007692307692307693,1.0,0.9923076923076923
guard_scope,faults3,faults3,18,ccra_action_guard,CCRA action,3,31,13,3,3,0,1.0,,0,0,0,1,0,0,1,,0.2400744416873449,,0.4934210526315789,390.0,3.0,387.0,0.007692307692307693,1.0,0.9923076923076923
guard_scope,faults3,faults3,18,ccra_action_guard,CCRA action,4,31,13,3,3,0,1.0,,0,0,0,1,0,0,1,,0.2400744416873449,,0.4934210526315789,390.0,3.0,387.0,0.007692307692307693,1.0,0.9923076923076923
guard_scope,faults3,faults3,18,global_action_repair,Global action,0,31,13,3,3,0,1.0,,0,12,3,13,0,0,1,,0.2400744416873449,,0.4934210526315789,390.0,3.0,387.0,0.007692307692307693,1.0,0.9923076923076923
guard_scope,faults3,faults3,18,global_action_repair,Global action,1,31,13,3,3,0,1.0,,0,0,0,1,0,0,1,,0.2400744416873449,,0.4934210526315789,390.0,3.0,387.0,0.007692307692307693,1.0,0.9923076923076923
guard_scope,faults3,faults3,18,global_action_repair,Global action,2,31,13,3,3,0,1.0,,0,0,0,1,0,0,1,,0.2400744416873449,,0.4934210526315789,390.0,3.0,387.0,0.007692307692307693,1.0,0.9923076923076923
guard_scope,faults3,faults3,18,global_action_repair,Global action,3,31,13,3,3,0,1.0,,0,0,0,1,0,0,1,,0.2400744416873449,,0.4934210526315789,390.0,3.0,387.0,0.007692307692307693,1.0,0.9923076923076923
guard_scope,faults3,faults3,18,global_action_repair,Global action,4,31,13,3,3,0,1.0,,0,0,0,1,0,0,1,,0.2400744416873449,,0.4934210526315789,390.0,3.0,387.0,0.007692307692307693,1.0,0.9923076923076923
guard_scope,faults3,faults3,19,ccra_exact_guard,CCRA exact,0,31,13,3,3,0,1.0,,1,33,1,33,0,0,1,,0.0012406947890818859,,0.01934984520123839,1.0,1.0,0.0,1.0,0.3333333333333333,0.0
guard_scope,faults3,faults3,19,ccra_exact_guard,CCRA exact,1,31,13,3,3,0,1.0,,1,32,0,32,0,0,1,,0.0012406947890818859,,0.01934984520123839,1.0,1.0,0.0,1.0,0.3333333333333333,0.0
guard_scope,faults3,faults3,19,ccra_exact_guard,CCRA exact,2,31,13,3,3,0,1.0,,1,32,0,32,0,0,1,,0.0012406947890818859,,0.01934984520123839,1.0,1.0,0.0,1.0,0.3333333333333333,0.0
guard_scope,faults3,faults3,19,ccra_exact_guard,CCRA exact,3,31,13,3,3,0,1.0,,1,32,0,32,0,0,1,,0.0012406947890818859,,0.01934984520123839,1.0,1.0,0.0,1.0,0.3333333333333333,0.0
guard_scope,faults3,faults3,19,ccra_exact_guard,CCRA exact,4,31,13,3,3,0,1.0,,1,32,0,32,0,0,1,,0.0012406947890818859,,0.01934984520123839,1.0,1.0,0.0,1.0,0.3333333333333333,0.0
guard_scope,faults3,faults3,19,ccra_row_guard,CCRA row,0,31,13,3,3,0,1.0,,1,33,1,33,0,0,1,,0.016749379652605458,,0.2612229102167183,30.0,3.0,27.0,0.1,1.0,0.9
guard_scope,faults3,faults3,19,ccra_row_guard,CCRA row,1,31,13,3,3,0,1.0,,1,32,0,32,0,0,1,,0.016749379652605458,,0.2612229102167183,30.0,3.0,27.0,0.1,1.0,0.9
guard_scope,faults3,faults3,19,ccra_row_guard,CCRA row,2,31,13,3,3,0,1.0,,1,32,0,32,0,0,1,,0.016749379652605458,,0.2612229102167183,30.0,3.0,27.0,0.1,1.0,0.9
guard_scope,faults3,faults3,19,ccra_row_guard,CCRA row,3,31,13,3,3,0,1.0,,1,32,0,32,0,0,1,,0.016749379652605458,,0.2612229102167183,30.0,3.0,27.0,0.1,1.0,0.9
guard_scope,faults3,faults3,19,ccra_row_guard,CCRA row,4,31,13,3,3,0,1.0,,1,32,0,32,0,0,1,,0.016749379652605458,,0.2612229102167183,30.0,3.0,27.0,0.1,1.0,0.9
guard_scope,faults3,faults3,19,ccra_column_guard,CCRA column,0,31,13,3,3,0,1.0,,0,7,1,8,0,0,1,,0.008684863523573201,,0.027089783281733747,13.0,1.0,12.0,0.07692307692307693,0.3333333333333333,0.9230769230769231
guard_scope,faults3,faults3,19,ccra_column_guard,CCRA column,1,31,13,3,3,0,1.0,,0,0,0,1,0,0,1,,0.008684863523573201,,0.027089783281733747,13.0,1.0,12.0,0.07692307692307693,0.3333333333333333,0.9230769230769231
guard_scope,faults3,faults3,19,ccra_column_guard,CCRA column,2,31,13,3,3,0,1.0,,0,0,0,1,0,0,1,,0.008684863523573201,,0.027089783281733747,13.0,1.0,12.0,0.07692307692307693,0.3333333333333333,0.9230769230769231
guard_scope,faults3,faults3,19,ccra_column_guard,CCRA column,3,31,13,3,3,0,1.0,,0,0,0,1,0,0,1,,0.008684863523573201,,0.027089783281733747,13.0,1.0,12.0,0.07692307692307693,0.3333333333333333,0.9230769230769231
guard_scope,faults3,faults3,19,ccra_column_guard,CCRA column,4,31,13,3,3,0,1.0,,0,0,0,1,0,0,1,,0.008684863523573201,,0.027089783281733747,13.0,1.0,12.0,0.07692307692307693,0.3333333333333333,0.9230769230769231
guard_scope,faults3,faults3,19,ccra_region1_guard,CCRA radius 1,0,31,13,3,3,0,1.0,,1,35,1,35,0,0,1,,0.00620347394540943,,0.05030959752321981,9.0,1.0,8.0,0.1111111111111111,0.3333333333333333,0.8888888888888888
guard_scope,faults3,faults3,19,ccra_region1_guard,CCRA radius 1,1,31,13,3,3,0,1.0,,1,34,0,34,0,0,1,,0.00620347394540943,,0.05030959752321981,9.0,1.0,8.0,0.1111111111111111,0.3333333333333333,0.8888888888888888
guard_scope,faults3,faults3,19,ccra_region1_guard,CCRA radius 1,2,31,13,3,3,0,1.0,,1,34,0,34,0,0,1,,0.00620347394540943,,0.05030959752321981,9.0,1.0,8.0,0.1111111111111111,0.3333333333333333,0.8888888888888888
guard_scope,faults3,faults3,19,ccra_region1_guard,CCRA radius 1,3,31,13,3,3,0,1.0,,1,34,0,34,0,0,1,,0.00620347394540943,,0.05030959752321981,9.0,1.0,8.0,0.1111111111111111,0.3333333333333333,0.8888888888888888
guard_scope,faults3,faults3,19,ccra_region1_guard,CCRA radius 1,4,31,13,3,3,0,1.0,,1,34,0,34,0,0,1,,0.00620347394540943,,0.05030959752321981,9.0,1.0,8.0,0.1111111111111111,0.3333333333333333,0.8888888888888888
guard_scope,faults3,faults3,19,ccra_region2_guard,CCRA radius 2,0,31,13,3,3,0,1.0,,1,37,1,37,0,0,1,,0.016129032258064516,,0.08126934984520123,25.0,1.0,24.0,0.04,0.3333333333333333,0.96
guard_scope,faults3,faults3,19,ccra_region2_guard,CCRA radius 2,1,31,13,3,3,0,1.0,,1,36,0,36,0,0,1,,0.016129032258064516,,0.08126934984520123,25.0,1.0,24.0,0.04,0.3333333333333333,0.96
guard_scope,faults3,faults3,19,ccra_region2_guard,CCRA radius 2,2,31,13,3,3,0,1.0,,1,36,0,36,0,0,1,,0.016129032258064516,,0.08126934984520123,25.0,1.0,24.0,0.04,0.3333333333333333,0.96
guard_scope,faults3,faults3,19,ccra_region2_guard,CCRA radius 2,3,31,13,3,3,0,1.0,,1,36,0,36,0,0,1,,0.016129032258064516,,0.08126934984520123,25.0,1.0,24.0,0.04,0.3333333333333333,0.96
guard_scope,faults3,faults3,19,ccra_region2_guard,CCRA radius 2,4,31,13,3,3,0,1.0,,1,36,0,36,0,0,1,,0.016129032258064516,,0.08126934984520123,25.0,1.0,24.0,0.04,0.3333333333333333,0.96
guard_scope,faults3,faults3,19,ccra_action_guard,CCRA action,0,31,13,3,3,0,1.0,,0,7,1,8,0,0,1,,0.2400744416873449,,0.4934210526315789,390.0,3.0,387.0,0.007692307692307693,1.0,0.9923076923076923
guard_scope,faults3,faults3,19,ccra_action_guard,CCRA action,1,31,13,3,3,0,1.0,,0,0,0,1,0,0,1,,0.2400744416873449,,0.4934210526315789,390.0,3.0,387.0,0.007692307692307693,1.0,0.9923076923076923
guard_scope,faults3,faults3,19,ccra_action_guard,CCRA action,2,31,13,3,3,0,1.0,,0,0,0,1,0,0,1,,0.2400744416873449,,0.4934210526315789,390.0,3.0,387.0,0.007692307692307693,1.0,0.9923076923076923
guard_scope,faults3,faults3,19,ccra_action_guard,CCRA action,3,31,13,3,3,0,1.0,,0,0,0,1,0,0,1,,0.2400744416873449,,0.4934210526315789,390.0,3.0,387.0,0.007692307692307693,1.0,0.9923076923076923
guard_scope,faults3,faults3,19,ccra_action_guard,CCRA action,4,31,13,3,3,0,1.0,,0,0,0,1,0,0,1,,0.2400744416873449,,0.4934210526315789,390.0,3.0,387.0,0.007692307692307693,1.0,0.9923076923076923
guard_scope,faults3,faults3,19,global_action_repair,Global action,0,31,13,3,3,0,1.0,,0,9,3,10,0,0,1,,0.2400744416873449,,0.4934210526315789,390.0,3.0,387.0,0.007692307692307693,1.0,0.9923076923076923
guard_scope,faults3,faults3,19,global_action_repair,Global action,1,31,13,3,3,0,1.0,,0,0,0,1,0,0,1,,0.2400744416873449,,0.4934210526315789,390.0,3.0,387.0,0.007692307692307693,1.0,0.9923076923076923
guard_scope,faults3,faults3,19,global_action_repair,Global action,2,31,13,3,3,0,1.0,,0,0,0,1,0,0,1,,0.2400744416873449,,0.4934210526315789,390.0,3.0,387.0,0.007692307692307693,1.0,0.9923076923076923
guard_scope,faults3,faults3,19,global_action_repair,Global action,3,31,13,3,3,0,1.0,,0,0,0,1,0,0,1,,0.2400744416873449,,0.4934210526315789,390.0,3.0,387.0,0.007692307692307693,1.0,0.9923076923076923
guard_scope,faults3,faults3,19,global_action_repair,Global action,4,31,13,3,3,0,1.0,,0,0,0,1,0,0,1,,0.2400744416873449,,0.4934210526315789,390.0,3.0,387.0,0.007692307692307693,1.0,0.9923076923076923
guard_scope,faults5,faults5,0,ccra_exact_guard,CCRA exact,0,31,13,5,5,0,1.0,,1,33,1,33,0,0,1,,0.0024813895781637717,,0.03869969040247678,1.0,1.0,0.0,1.0,0.2,0.0
guard_scope,faults5,faults5,0,ccra_exact_guard,CCRA exact,1,31,13,5,5,0,1.0,,1,32,0,32,0,0,1,,0.0024813895781637717,,0.03869969040247678,1.0,1.0,0.0,1.0,0.2,0.0
guard_scope,faults5,faults5,0,ccra_exact_guard,CCRA exact,2,31,13,5,5,0,1.0,,1,32,0,32,0,0,1,,0.0024813895781637717,,0.03869969040247678,1.0,1.0,0.0,1.0,0.2,0.0
guard_scope,faults5,faults5,0,ccra_exact_guard,CCRA exact,3,31,13,5,5,0,1.0,,1,32,0,32,0,0,1,,0.0024813895781637717,,0.03869969040247678,1.0,1.0,0.0,1.0,0.2,0.0
guard_scope,faults5,faults5,0,ccra_exact_guard,CCRA exact,4,31,13,5,5,0,1.0,,1,32,0,32,0,0,1,,0.0024813895781637717,,0.03869969040247678,1.0,1.0,0.0,1.0,0.2,0.0
guard_scope,faults5,faults5,0,ccra_row_guard,CCRA row,0,31,13,5,5,0,1.0,,1,33,1,33,0,0,1,,0.015508684863523574,,0.24187306501547987,30.0,5.0,25.0,0.16666666666666666,1.0,0.8333333333333334
guard_scope,faults5,faults5,0,ccra_row_guard,CCRA row,1,31,13,5,5,0,1.0,,1,32,0,32,0,0,1,,0.015508684863523574,,0.24187306501547987,30.0,5.0,25.0,0.16666666666666666,1.0,0.8333333333333334
guard_scope,faults5,faults5,0,ccra_row_guard,CCRA row,2,31,13,5,5,0,1.0,,1,32,0,32,0,0,1,,0.015508684863523574,,0.24187306501547987,30.0,5.0,25.0,0.16666666666666666,1.0,0.8333333333333334
guard_scope,faults5,faults5,0,ccra_row_guard,CCRA row,3,31,13,5,5,0,1.0,,1,32,0,32,0,0,1,,0.015508684863523574,,0.24187306501547987,30.0,5.0,25.0,0.16666666666666666,1.0,0.8333333333333334
guard_scope,faults5,faults5,0,ccra_row_guard,CCRA row,4,31,13,5,5,0,1.0,,1,32,0,32,0,0,1,,0.015508684863523574,,0.24187306501547987,30.0,5.0,25.0,0.16666666666666666,1.0,0.8333333333333334
guard_scope,faults5,faults5,0,ccra_column_guard,CCRA column,0,31,13,5,5,0,1.0,,0,8,1,9,0,0,1,,0.009925558312655087,,0.04643962848297214,13.0,1.0,12.0,0.07692307692307693,0.2,0.9230769230769231
guard_scope,faults5,faults5,0,ccra_column_guard,CCRA column,1,31,13,5,5,0,1.0,,0,0,0,1,0,0,1,,0.009925558312655087,,0.04643962848297214,13.0,1.0,12.0,0.07692307692307693,0.2,0.9230769230769231
guard_scope,faults5,faults5,0,ccra_column_guard,CCRA column,2,31,13,5,5,0,1.0,,0,0,0,1,0,0,1,,0.009925558312655087,,0.04643962848297214,13.0,1.0,12.0,0.07692307692307693,0.2,0.9230769230769231
guard_scope,faults5,faults5,0,ccra_column_guard,CCRA column,3,31,13,5,5,0,1.0,,0,0,0,1,0,0,1,,0.009925558312655087,,0.04643962848297214,13.0,1.0,12.0,0.07692307692307693,0.2,0.9230769230769231
guard_scope,faults5,faults5,0,ccra_column_guard,CCRA column,4,31,13,5,5,0,1.0,,0,0,0,1,0,0,1,,0.009925558312655087,,0.04643962848297214,13.0,1.0,12.0,0.07692307692307693,0.2,0.9230769230769231
guard_scope,faults5,faults5,0,ccra_region1_guard,CCRA radius 1,0,31,13,5,5,0,1.0,,1,35,1,35,0,0,1,,0.007444168734491315,,0.0696594427244582,9.0,1.0,8.0,0.1111111111111111,0.2,0.8888888888888888
guard_scope,faults5,faults5,0,ccra_region1_guard,CCRA radius 1,1,31,13,5,5,0,1.0,,1,34,0,34,0,0,1,,0.007444168734491315,,0.0696594427244582,9.0,1.0,8.0,0.1111111111111111,0.2,0.8888888888888888
guard_scope,faults5,faults5,0,ccra_region1_guard,CCRA radius 1,2,31,13,5,5,0,1.0,,1,34,0,34,0,0,1,,0.007444168734491315,,0.0696594427244582,9.0,1.0,8.0,0.1111111111111111,0.2,0.8888888888888888
guard_scope,faults5,faults5,0,ccra_region1_guard,CCRA radius 1,3,31,13,5,5,0,1.0,,1,34,0,34,0,0,1,,0.007444168734491315,,0.0696594427244582,9.0,1.0,8.0,0.1111111111111111,0.2,0.8888888888888888
guard_scope,faults5,faults5,0,ccra_region1_guard,CCRA radius 1,4,31,13,5,5,0,1.0,,1,34,0,34,0,0,1,,0.007444168734491315,,0.0696594427244582,9.0,1.0,8.0,0.1111111111111111,0.2,0.8888888888888888
guard_scope,faults5,faults5,0,ccra_region2_guard,CCRA radius 2,0,31,13,5,5,0,1.0,,1,37,1,37,0,0,1,,0.017369727047146403,,0.10061919504643962,25.0,1.0,24.0,0.04,0.2,0.96
guard_scope,faults5,faults5,0,ccra_region2_guard,CCRA radius 2,1,31,13,5,5,0,1.0,,1,36,0,36,0,0,1,,0.017369727047146403,,0.10061919504643962,25.0,1.0,24.0,0.04,0.2,0.96
guard_scope,faults5,faults5,0,ccra_region2_guard,CCRA radius 2,2,31,13,5,5,0,1.0,,1,36,0,36,0,0,1,,0.017369727047146403,,0.10061919504643962,25.0,1.0,24.0,0.04,0.2,0.96
guard_scope,faults5,faults5,0,ccra_region2_guard,CCRA radius 2,3,31,13,5,5,0,1.0,,1,36,0,36,0,0,1,,0.017369727047146403,,0.10061919504643962,25.0,1.0,24.0,0.04,0.2,0.96
guard_scope,faults5,faults5,0,ccra_region2_guard,CCRA radius 2,4,31,13,5,5,0,1.0,,1,36,0,36,0,0,1,,0.017369727047146403,,0.10061919504643962,25.0,1.0,24.0,0.04,0.2,0.96
guard_scope,faults5,faults5,0,ccra_action_guard,CCRA action,0,31,13,5,5,0,1.0,,0,8,1,9,0,0,1,,0.23883374689826303,,0.47407120743034054,390.0,5.0,385.0,0.01282051282051282,1.0,0.9871794871794872
guard_scope,faults5,faults5,0,ccra_action_guard,CCRA action,1,31,13,5,5,0,1.0,,0,0,0,1,0,0,1,,0.23883374689826303,,0.47407120743034054,390.0,5.0,385.0,0.01282051282051282,1.0,0.9871794871794872
guard_scope,faults5,faults5,0,ccra_action_guard,CCRA action,2,31,13,5,5,0,1.0,,0,0,0,1,0,0,1,,0.23883374689826303,,0.47407120743034054,390.0,5.0,385.0,0.01282051282051282,1.0,0.9871794871794872
guard_scope,faults5,faults5,0,ccra_action_guard,CCRA action,3,31,13,5,5,0,1.0,,0,0,0,1,0,0,1,,0.23883374689826303,,0.47407120743034054,390.0,5.0,385.0,0.01282051282051282,1.0,0.9871794871794872
guard_scope,faults5,faults5,0,ccra_action_guard,CCRA action,4,31,13,5,5,0,1.0,,0,0,0,1,0,0,1,,0.23883374689826303,,0.47407120743034054,390.0,5.0,385.0,0.01282051282051282,1.0,0.9871794871794872
guard_scope,faults5,faults5,0,global_action_repair,Global action,0,31,13,5,5,0,1.0,,0,10,3,11,0,0,1,,0.23883374689826303,,0.47407120743034054,390.0,5.0,385.0,0.01282051282051282,1.0,0.9871794871794872
guard_scope,faults5,faults5,0,global_action_repair,Global action,1,31,13,5,5,0,1.0,,0,0,0,1,0,0,1,,0.23883374689826303,,0.47407120743034054,390.0,5.0,385.0,0.01282051282051282,1.0,0.9871794871794872
guard_scope,faults5,faults5,0,global_action_repair,Global action,2,31,13,5,5,0,1.0,,0,0,0,1,0,0,1,,0.23883374689826303,,0.47407120743034054,390.0,5.0,385.0,0.01282051282051282,1.0,0.9871794871794872
guard_scope,faults5,faults5,0,global_action_repair,Global action,3,31,13,5,5,0,1.0,,0,0,0,1,0,0,1,,0.23883374689826303,,0.47407120743034054,390.0,5.0,385.0,0.01282051282051282,1.0,0.9871794871794872
guard_scope,faults5,faults5,0,global_action_repair,Global action,4,31,13,5,5,0,1.0,,0,0,0,1,0,0,1,,0.23883374689826303,,0.47407120743034054,390.0,5.0,385.0,0.01282051282051282,1.0,0.9871794871794872
guard_scope,faults5,faults5,1,ccra_exact_guard,CCRA exact,0,31,13,5,5,0,1.0,,1,33,1,33,0,0,1,,0.0024813895781637717,,0.03869969040247678,1.0,1.0,0.0,1.0,0.2,0.0
guard_scope,faults5,faults5,1,ccra_exact_guard,CCRA exact,1,31,13,5,5,0,1.0,,1,32,0,32,0,0,1,,0.0024813895781637717,,0.03869969040247678,1.0,1.0,0.0,1.0,0.2,0.0
guard_scope,faults5,faults5,1,ccra_exact_guard,CCRA exact,2,31,13,5,5,0,1.0,,1,32,0,32,0,0,1,,0.0024813895781637717,,0.03869969040247678,1.0,1.0,0.0,1.0,0.2,0.0
guard_scope,faults5,faults5,1,ccra_exact_guard,CCRA exact,3,31,13,5,5,0,1.0,,1,32,0,32,0,0,1,,0.0024813895781637717,,0.03869969040247678,1.0,1.0,0.0,1.0,0.2,0.0
guard_scope,faults5,faults5,1,ccra_exact_guard,CCRA exact,4,31,13,5,5,0,1.0,,1,32,0,32,0,0,1,,0.0024813895781637717,,0.03869969040247678,1.0,1.0,0.0,1.0,0.2,0.0
guard_scope,faults5,faults5,1,ccra_row_guard,CCRA row,0,31,13,5,5,0,1.0,,1,33,1,33,0,0,1,,0.015508684863523574,,0.24187306501547987,30.0,5.0,25.0,0.16666666666666666,1.0,0.8333333333333334
guard_scope,faults5,faults5,1,ccra_row_guard,CCRA row,1,31,13,5,5,0,1.0,,1,32,0,32,0,0,1,,0.015508684863523574,,0.24187306501547987,30.0,5.0,25.0,0.16666666666666666,1.0,0.8333333333333334
guard_scope,faults5,faults5,1,ccra_row_guard,CCRA row,2,31,13,5,5,0,1.0,,1,32,0,32,0,0,1,,0.015508684863523574,,0.24187306501547987,30.0,5.0,25.0,0.16666666666666666,1.0,0.8333333333333334
guard_scope,faults5,faults5,1,ccra_row_guard,CCRA row,3,31,13,5,5,0,1.0,,1,32,0,32,0,0,1,,0.015508684863523574,,0.24187306501547987,30.0,5.0,25.0,0.16666666666666666,1.0,0.8333333333333334
guard_scope,faults5,faults5,1,ccra_row_guard,CCRA row,4,31,13,5,5,0,1.0,,1,32,0,32,0,0,1,,0.015508684863523574,,0.24187306501547987,30.0,5.0,25.0,0.16666666666666666,1.0,0.8333333333333334
guard_scope,faults5,faults5,1,ccra_column_guard,CCRA column,0,31,13,5,5,0,1.0,,0,3,1,4,0,0,1,,0.009925558312655087,,0.04643962848297214,13.0,1.0,12.0,0.07692307692307693,0.2,0.9230769230769231
guard_scope,faults5,faults5,1,ccra_column_guard,CCRA column,1,31,13,5,5,0,1.0,,0,0,0,1,0,0,1,,0.009925558312655087,,0.04643962848297214,13.0,1.0,12.0,0.07692307692307693,0.2,0.9230769230769231
guard_scope,faults5,faults5,1,ccra_column_guard,CCRA column,2,31,13,5,5,0,1.0,,0,0,0,1,0,0,1,,0.009925558312655087,,0.04643962848297214,13.0,1.0,12.0,0.07692307692307693,0.2,0.9230769230769231
guard_scope,faults5,faults5,1,ccra_column_guard,CCRA column,3,31,13,5,5,0,1.0,,0,0,0,1,0,0,1,,0.009925558312655087,,0.04643962848297214,13.0,1.0,12.0,0.07692307692307693,0.2,0.9230769230769231
guard_scope,faults5,faults5,1,ccra_column_guard,CCRA column,4,31,13,5,5,0,1.0,,0,0,0,1,0,0,1,,0.009925558312655087,,0.04643962848297214,13.0,1.0,12.0,0.07692307692307693,0.2,0.9230769230769231
guard_scope,faults5,faults5,1,ccra_region1_guard,CCRA radius 1,0,31,13,5,5,0,1.0,,1,35,1,35,0,0,1,,0.00620347394540943,,0.05030959752321981,9.0,2.0,7.0,0.2222222222222222,0.4,0.7777777777777778
guard_scope,faults5,faults5,1,ccra_region1_guard,CCRA radius 1,1,31,13,5,5,0,1.0,,1,34,0,34,0,0,1,,0.00620347394540943,,0.05030959752321981,9.0,2.0,7.0,0.2222222222222222,0.4,0.7777777777777778
guard_scope,faults5,faults5,1,ccra_region1_guard,CCRA radius 1,2,31,13,5,5,0,1.0,,1,34,0,34,0,0,1,,0.00620347394540943,,0.05030959752321981,9.0,2.0,7.0,0.2222222222222222,0.4,0.7777777777777778
guard_scope,faults5,faults5,1,ccra_region1_guard,CCRA radius 1,3,31,13,5,5,0,1.0,,1,34,0,34,0,0,1,,0.00620347394540943,,0.05030959752321981,9.0,2.0,7.0,0.2222222222222222,0.4,0.7777777777777778
guard_scope,faults5,faults5,1,ccra_region1_guard,CCRA radius 1,4,31,13,5,5,0,1.0,,1,34,0,34,0,0,1,,0.00620347394540943,,0.05030959752321981,9.0,2.0,7.0,0.2222222222222222,0.4,0.7777777777777778
guard_scope,faults5,faults5,1,ccra_region2_guard,CCRA radius 2,0,31,13,5,5,0,1.0,,1,37,1,37,0,0,1,,0.016129032258064516,,0.08126934984520123,25.0,2.0,23.0,0.08,0.4,0.92
guard_scope,faults5,faults5,1,ccra_region2_guard,CCRA radius 2,1,31,13,5,5,0,1.0,,1,36,0,36,0,0,1,,0.016129032258064516,,0.08126934984520123,25.0,2.0,23.0,0.08,0.4,0.92
guard_scope,faults5,faults5,1,ccra_region2_guard,CCRA radius 2,2,31,13,5,5,0,1.0,,1,36,0,36,0,0,1,,0.016129032258064516,,0.08126934984520123,25.0,2.0,23.0,0.08,0.4,0.92
guard_scope,faults5,faults5,1,ccra_region2_guard,CCRA radius 2,3,31,13,5,5,0,1.0,,1,36,0,36,0,0,1,,0.016129032258064516,,0.08126934984520123,25.0,2.0,23.0,0.08,0.4,0.92
guard_scope,faults5,faults5,1,ccra_region2_guard,CCRA radius 2,4,31,13,5,5,0,1.0,,1,36,0,36,0,0,1,,0.016129032258064516,,0.08126934984520123,25.0,2.0,23.0,0.08,0.4,0.92
guard_scope,faults5,faults5,1,ccra_action_guard,CCRA action,0,31,13,5,5,0,1.0,,0,3,1,4,0,0,1,,0.23883374689826303,,0.47407120743034054,390.0,5.0,385.0,0.01282051282051282,1.0,0.9871794871794872
guard_scope,faults5,faults5,1,ccra_action_guard,CCRA action,1,31,13,5,5,0,1.0,,0,0,0,1,0,0,1,,0.23883374689826303,,0.47407120743034054,390.0,5.0,385.0,0.01282051282051282,1.0,0.9871794871794872
guard_scope,faults5,faults5,1,ccra_action_guard,CCRA action,2,31,13,5,5,0,1.0,,0,0,0,1,0,0,1,,0.23883374689826303,,0.47407120743034054,390.0,5.0,385.0,0.01282051282051282,1.0,0.9871794871794872
guard_scope,faults5,faults5,1,ccra_action_guard,CCRA action,3,31,13,5,5,0,1.0,,0,0,0,1,0,0,1,,0.23883374689826303,,0.47407120743034054,390.0,5.0,385.0,0.01282051282051282,1.0,0.9871794871794872
guard_scope,faults5,faults5,1,ccra_action_guard,CCRA action,4,31,13,5,5,0,1.0,,0,0,0,1,0,0,1,,0.23883374689826303,,0.47407120743034054,390.0,5.0,385.0,0.01282051282051282,1.0,0.9871794871794872
guard_scope,faults5,faults5,1,global_action_repair,Global action,0,31,13,5,5,0,1.0,,0,5,3,6,0,0,1,,0.23883374689826303,,0.47407120743034054,390.0,5.0,385.0,0.01282051282051282,1.0,0.9871794871794872
guard_scope,faults5,faults5,1,global_action_repair,Global action,1,31,13,5,5,0,1.0,,0,0,0,1,0,0,1,,0.23883374689826303,,0.47407120743034054,390.0,5.0,385.0,0.01282051282051282,1.0,0.9871794871794872
guard_scope,faults5,faults5,1,global_action_repair,Global action,2,31,13,5,5,0,1.0,,0,0,0,1,0,0,1,,0.23883374689826303,,0.47407120743034054,390.0,5.0,385.0,0.01282051282051282,1.0,0.9871794871794872
guard_scope,faults5,faults5,1,global_action_repair,Global action,3,31,13,5,5,0,1.0,,0,0,0,1,0,0,1,,0.23883374689826303,,0.47407120743034054,390.0,5.0,385.0,0.01282051282051282,1.0,0.9871794871794872
guard_scope,faults5,faults5,1,global_action_repair,Global action,4,31,13,5,5,0,1.0,,0,0,0,1,0,0,1,,0.23883374689826303,,0.47407120743034054,390.0,5.0,385.0,0.01282051282051282,1.0,0.9871794871794872
guard_scope,faults5,faults5,2,ccra_exact_guard,CCRA exact,0,31,13,5,5,0,1.0,,1,33,1,33,0,0,1,,0.0024813895781637717,,0.03869969040247678,1.0,1.0,0.0,1.0,0.2,0.0
guard_scope,faults5,faults5,2,ccra_exact_guard,CCRA exact,1,31,13,5,5,0,1.0,,1,32,0,32,0,0,1,,0.0024813895781637717,,0.03869969040247678,1.0,1.0,0.0,1.0,0.2,0.0
guard_scope,faults5,faults5,2,ccra_exact_guard,CCRA exact,2,31,13,5,5,0,1.0,,1,32,0,32,0,0,1,,0.0024813895781637717,,0.03869969040247678,1.0,1.0,0.0,1.0,0.2,0.0
guard_scope,faults5,faults5,2,ccra_exact_guard,CCRA exact,3,31,13,5,5,0,1.0,,1,32,0,32,0,0,1,,0.0024813895781637717,,0.03869969040247678,1.0,1.0,0.0,1.0,0.2,0.0
guard_scope,faults5,faults5,2,ccra_exact_guard,CCRA exact,4,31,13,5,5,0,1.0,,1,32,0,32,0,0,1,,0.0024813895781637717,,0.03869969040247678,1.0,1.0,0.0,1.0,0.2,0.0
guard_scope,faults5,faults5,2,ccra_row_guard,CCRA row,0,31,13,5,5,0,1.0,,1,33,1,33,0,0,1,,0.015508684863523574,,0.24187306501547987,30.0,5.0,25.0,0.16666666666666666,1.0,0.8333333333333334
guard_scope,faults5,faults5,2,ccra_row_guard,CCRA row,1,31,13,5,5,0,1.0,,1,32,0,32,0,0,1,,0.015508684863523574,,0.24187306501547987,30.0,5.0,25.0,0.16666666666666666,1.0,0.8333333333333334
guard_scope,faults5,faults5,2,ccra_row_guard,CCRA row,2,31,13,5,5,0,1.0,,1,32,0,32,0,0,1,,0.015508684863523574,,0.24187306501547987,30.0,5.0,25.0,0.16666666666666666,1.0,0.8333333333333334
guard_scope,faults5,faults5,2,ccra_row_guard,CCRA row,3,31,13,5,5,0,1.0,,1,32,0,32,0,0,1,,0.015508684863523574,,0.24187306501547987,30.0,5.0,25.0,0.16666666666666666,1.0,0.8333333333333334
guard_scope,faults5,faults5,2,ccra_row_guard,CCRA row,4,31,13,5,5,0,1.0,,1,32,0,32,0,0,1,,0.015508684863523574,,0.24187306501547987,30.0,5.0,25.0,0.16666666666666666,1.0,0.8333333333333334
guard_scope,faults5,faults5,2,ccra_column_guard,CCRA column,0,31,13,5,5,0,1.0,,0,14,1,15,0,0,1,,0.009925558312655087,,0.04643962848297214,13.0,1.0,12.0,0.07692307692307693,0.2,0.9230769230769231
guard_scope,faults5,faults5,2,ccra_column_guard,CCRA column,1,31,13,5,5,0,1.0,,0,0,0,1,0,0,1,,0.009925558312655087,,0.04643962848297214,13.0,1.0,12.0,0.07692307692307693,0.2,0.9230769230769231
guard_scope,faults5,faults5,2,ccra_column_guard,CCRA column,2,31,13,5,5,0,1.0,,0,0,0,1,0,0,1,,0.009925558312655087,,0.04643962848297214,13.0,1.0,12.0,0.07692307692307693,0.2,0.9230769230769231
guard_scope,faults5,faults5,2,ccra_column_guard,CCRA column,3,31,13,5,5,0,1.0,,0,0,0,1,0,0,1,,0.009925558312655087,,0.04643962848297214,13.0,1.0,12.0,0.07692307692307693,0.2,0.9230769230769231
guard_scope,faults5,faults5,2,ccra_column_guard,CCRA column,4,31,13,5,5,0,1.0,,0,0,0,1,0,0,1,,0.009925558312655087,,0.04643962848297214,13.0,1.0,12.0,0.07692307692307693,0.2,0.9230769230769231
guard_scope,faults5,faults5,2,ccra_region1_guard,CCRA radius 1,0,31,13,5,5,0,1.0,,1,35,1,35,0,0,1,,0.00620347394540943,,0.05030959752321981,9.0,2.0,7.0,0.2222222222222222,0.4,0.7777777777777778
guard_scope,faults5,faults5,2,ccra_region1_guard,CCRA radius 1,1,31,13,5,5,0,1.0,,1,34,0,34,0,0,1,,0.00620347394540943,,0.05030959752321981,9.0,2.0,7.0,0.2222222222222222,0.4,0.7777777777777778
guard_scope,faults5,faults5,2,ccra_region1_guard,CCRA radius 1,2,31,13,5,5,0,1.0,,1,34,0,34,0,0,1,,0.00620347394540943,,0.05030959752321981,9.0,2.0,7.0,0.2222222222222222,0.4,0.7777777777777778
guard_scope,faults5,faults5,2,ccra_region1_guard,CCRA radius 1,3,31,13,5,5,0,1.0,,1,34,0,34,0,0,1,,0.00620347394540943,,0.05030959752321981,9.0,2.0,7.0,0.2222222222222222,0.4,0.7777777777777778
guard_scope,faults5,faults5,2,ccra_region1_guard,CCRA radius 1,4,31,13,5,5,0,1.0,,1,34,0,34,0,0,1,,0.00620347394540943,,0.05030959752321981,9.0,2.0,7.0,0.2222222222222222,0.4,0.7777777777777778
guard_scope,faults5,faults5,2,ccra_region2_guard,CCRA radius 2,0,31,13,5,5,0,1.0,,1,37,1,37,0,0,1,,0.016129032258064516,,0.08126934984520123,25.0,2.0,23.0,0.08,0.4,0.92
guard_scope,faults5,faults5,2,ccra_region2_guard,CCRA radius 2,1,31,13,5,5,0,1.0,,1,36,0,36,0,0,1,,0.016129032258064516,,0.08126934984520123,25.0,2.0,23.0,0.08,0.4,0.92
guard_scope,faults5,faults5,2,ccra_region2_guard,CCRA radius 2,2,31,13,5,5,0,1.0,,1,36,0,36,0,0,1,,0.016129032258064516,,0.08126934984520123,25.0,2.0,23.0,0.08,0.4,0.92
guard_scope,faults5,faults5,2,ccra_region2_guard,CCRA radius 2,3,31,13,5,5,0,1.0,,1,36,0,36,0,0,1,,0.016129032258064516,,0.08126934984520123,25.0,2.0,23.0,0.08,0.4,0.92
guard_scope,faults5,faults5,2,ccra_region2_guard,CCRA radius 2,4,31,13,5,5,0,1.0,,1,36,0,36,0,0,1,,0.016129032258064516,,0.08126934984520123,25.0,2.0,23.0,0.08,0.4,0.92
guard_scope,faults5,faults5,2,ccra_action_guard,CCRA action,0,31,13,5,5,0,1.0,,0,14,1,15,0,0,1,,0.23883374689826303,,0.47407120743034054,390.0,5.0,385.0,0.01282051282051282,1.0,0.9871794871794872
guard_scope,faults5,faults5,2,ccra_action_guard,CCRA action,1,31,13,5,5,0,1.0,,0,0,0,1,0,0,1,,0.23883374689826303,,0.47407120743034054,390.0,5.0,385.0,0.01282051282051282,1.0,0.9871794871794872
guard_scope,faults5,faults5,2,ccra_action_guard,CCRA action,2,31,13,5,5,0,1.0,,0,0,0,1,0,0,1,,0.23883374689826303,,0.47407120743034054,390.0,5.0,385.0,0.01282051282051282,1.0,0.9871794871794872
guard_scope,faults5,faults5,2,ccra_action_guard,CCRA action,3,31,13,5,5,0,1.0,,0,0,0,1,0,0,1,,0.23883374689826303,,0.47407120743034054,390.0,5.0,385.0,0.01282051282051282,1.0,0.9871794871794872
guard_scope,faults5,faults5,2,ccra_action_guard,CCRA action,4,31,13,5,5,0,1.0,,0,0,0,1,0,0,1,,0.23883374689826303,,0.47407120743034054,390.0,5.0,385.0,0.01282051282051282,1.0,0.9871794871794872
guard_scope,faults5,faults5,2,global_action_repair,Global action,0,31,13,5,5,0,1.0,,0,16,3,17,0,0,1,,0.23883374689826303,,0.47407120743034054,390.0,5.0,385.0,0.01282051282051282,1.0,0.9871794871794872
guard_scope,faults5,faults5,2,global_action_repair,Global action,1,31,13,5,5,0,1.0,,0,0,0,1,0,0,1,,0.23883374689826303,,0.47407120743034054,390.0,5.0,385.0,0.01282051282051282,1.0,0.9871794871794872
guard_scope,faults5,faults5,2,global_action_repair,Global action,2,31,13,5,5,0,1.0,,0,0,0,1,0,0,1,,0.23883374689826303,,0.47407120743034054,390.0,5.0,385.0,0.01282051282051282,1.0,0.9871794871794872
guard_scope,faults5,faults5,2,global_action_repair,Global action,3,31,13,5,5,0,1.0,,0,0,0,1,0,0,1,,0.23883374689826303,,0.47407120743034054,390.0,5.0,385.0,0.01282051282051282,1.0,0.9871794871794872
guard_scope,faults5,faults5,2,global_action_repair,Global action,4,31,13,5,5,0,1.0,,0,0,0,1,0,0,1,,0.23883374689826303,,0.47407120743034054,390.0,5.0,385.0,0.01282051282051282,1.0,0.9871794871794872
guard_scope,faults5,faults5,3,ccra_exact_guard,CCRA exact,0,31,13,5,5,0,1.0,,1,33,1,33,0,0,1,,0.0024813895781637717,,0.03869969040247678,1.0,1.0,0.0,1.0,0.2,0.0
guard_scope,faults5,faults5,3,ccra_exact_guard,CCRA exact,1,31,13,5,5,0,1.0,,1,32,0,32,0,0,1,,0.0024813895781637717,,0.03869969040247678,1.0,1.0,0.0,1.0,0.2,0.0
guard_scope,faults5,faults5,3,ccra_exact_guard,CCRA exact,2,31,13,5,5,0,1.0,,1,32,0,32,0,0,1,,0.0024813895781637717,,0.03869969040247678,1.0,1.0,0.0,1.0,0.2,0.0
guard_scope,faults5,faults5,3,ccra_exact_guard,CCRA exact,3,31,13,5,5,0,1.0,,1,32,0,32,0,0,1,,0.0024813895781637717,,0.03869969040247678,1.0,1.0,0.0,1.0,0.2,0.0
guard_scope,faults5,faults5,3,ccra_exact_guard,CCRA exact,4,31,13,5,5,0,1.0,,1,32,0,32,0,0,1,,0.0024813895781637717,,0.03869969040247678,1.0,1.0,0.0,1.0,0.2,0.0
guard_scope,faults5,faults5,3,ccra_row_guard,CCRA row,0,31,13,5,5,0,1.0,,1,33,1,33,0,0,1,,0.015508684863523574,,0.24187306501547987,30.0,5.0,25.0,0.16666666666666666,1.0,0.8333333333333334
guard_scope,faults5,faults5,3,ccra_row_guard,CCRA row,1,31,13,5,5,0,1.0,,1,32,0,32,0,0,1,,0.015508684863523574,,0.24187306501547987,30.0,5.0,25.0,0.16666666666666666,1.0,0.8333333333333334
guard_scope,faults5,faults5,3,ccra_row_guard,CCRA row,2,31,13,5,5,0,1.0,,1,32,0,32,0,0,1,,0.015508684863523574,,0.24187306501547987,30.0,5.0,25.0,0.16666666666666666,1.0,0.8333333333333334
guard_scope,faults5,faults5,3,ccra_row_guard,CCRA row,3,31,13,5,5,0,1.0,,1,32,0,32,0,0,1,,0.015508684863523574,,0.24187306501547987,30.0,5.0,25.0,0.16666666666666666,1.0,0.8333333333333334
guard_scope,faults5,faults5,3,ccra_row_guard,CCRA row,4,31,13,5,5,0,1.0,,1,32,0,32,0,0,1,,0.015508684863523574,,0.24187306501547987,30.0,5.0,25.0,0.16666666666666666,1.0,0.8333333333333334
guard_scope,faults5,faults5,3,ccra_column_guard,CCRA column,0,31,13,5,5,0,1.0,,0,10,1,11,0,0,1,,0.009925558312655087,,0.04643962848297214,13.0,1.0,12.0,0.07692307692307693,0.2,0.9230769230769231
guard_scope,faults5,faults5,3,ccra_column_guard,CCRA column,1,31,13,5,5,0,1.0,,0,0,0,1,0,0,1,,0.009925558312655087,,0.04643962848297214,13.0,1.0,12.0,0.07692307692307693,0.2,0.9230769230769231
guard_scope,faults5,faults5,3,ccra_column_guard,CCRA column,2,31,13,5,5,0,1.0,,0,0,0,1,0,0,1,,0.009925558312655087,,0.04643962848297214,13.0,1.0,12.0,0.07692307692307693,0.2,0.9230769230769231
guard_scope,faults5,faults5,3,ccra_column_guard,CCRA column,3,31,13,5,5,0,1.0,,0,0,0,1,0,0,1,,0.009925558312655087,,0.04643962848297214,13.0,1.0,12.0,0.07692307692307693,0.2,0.9230769230769231
guard_scope,faults5,faults5,3,ccra_column_guard,CCRA column,4,31,13,5,5,0,1.0,,0,0,0,1,0,0,1,,0.009925558312655087,,0.04643962848297214,13.0,1.0,12.0,0.07692307692307693,0.2,0.9230769230769231
guard_scope,faults5,faults5,3,ccra_region1_guard,CCRA radius 1,0,31,13,5,5,0,1.0,,1,35,1,35,0,0,1,,0.007444168734491315,,0.0696594427244582,9.0,1.0,8.0,0.1111111111111111,0.2,0.8888888888888888
guard_scope,faults5,faults5,3,ccra_region1_guard,CCRA radius 1,1,31,13,5,5,0,1.0,,1,34,0,34,0,0,1,,0.007444168734491315,,0.0696594427244582,9.0,1.0,8.0,0.1111111111111111,0.2,0.8888888888888888
guard_scope,faults5,faults5,3,ccra_region1_guard,CCRA radius 1,2,31,13,5,5,0,1.0,,1,34,0,34,0,0,1,,0.007444168734491315,,0.0696594427244582,9.0,1.0,8.0,0.1111111111111111,0.2,0.8888888888888888
guard_scope,faults5,faults5,3,ccra_region1_guard,CCRA radius 1,3,31,13,5,5,0,1.0,,1,34,0,34,0,0,1,,0.007444168734491315,,0.0696594427244582,9.0,1.0,8.0,0.1111111111111111,0.2,0.8888888888888888
guard_scope,faults5,faults5,3,ccra_region1_guard,CCRA radius 1,4,31,13,5,5,0,1.0,,1,34,0,34,0,0,1,,0.007444168734491315,,0.0696594427244582,9.0,1.0,8.0,0.1111111111111111,0.2,0.8888888888888888
guard_scope,faults5,faults5,3,ccra_region2_guard,CCRA radius 2,0,31,13,5,5,0,1.0,,1,37,1,37,0,0,1,,0.016129032258064516,,0.08126934984520123,25.0,2.0,23.0,0.08,0.4,0.92
guard_scope,faults5,faults5,3,ccra_region2_guard,CCRA radius 2,1,31,13,5,5,0,1.0,,1,36,0,36,0,0,1,,0.016129032258064516,,0.08126934984520123,25.0,2.0,23.0,0.08,0.4,0.92
guard_scope,faults5,faults5,3,ccra_region2_guard,CCRA radius 2,2,31,13,5,5,0,1.0,,1,36,0,36,0,0,1,,0.016129032258064516,,0.08126934984520123,25.0,2.0,23.0,0.08,0.4,0.92
guard_scope,faults5,faults5,3,ccra_region2_guard,CCRA radius 2,3,31,13,5,5,0,1.0,,1,36,0,36,0,0,1,,0.016129032258064516,,0.08126934984520123,25.0,2.0,23.0,0.08,0.4,0.92
guard_scope,faults5,faults5,3,ccra_region2_guard,CCRA radius 2,4,31,13,5,5,0,1.0,,1,36,0,36,0,0,1,,0.016129032258064516,,0.08126934984520123,25.0,2.0,23.0,0.08,0.4,0.92
guard_scope,faults5,faults5,3,ccra_action_guard,CCRA action,0,31,13,5,5,0,1.0,,0,10,1,11,0,0,1,,0.23883374689826303,,0.47407120743034054,390.0,5.0,385.0,0.01282051282051282,1.0,0.9871794871794872
guard_scope,faults5,faults5,3,ccra_action_guard,CCRA action,1,31,13,5,5,0,1.0,,0,0,0,1,0,0,1,,0.23883374689826303,,0.47407120743034054,390.0,5.0,385.0,0.01282051282051282,1.0,0.9871794871794872
guard_scope,faults5,faults5,3,ccra_action_guard,CCRA action,2,31,13,5,5,0,1.0,,0,0,0,1,0,0,1,,0.23883374689826303,,0.47407120743034054,390.0,5.0,385.0,0.01282051282051282,1.0,0.9871794871794872
guard_scope,faults5,faults5,3,ccra_action_guard,CCRA action,3,31,13,5,5,0,1.0,,0,0,0,1,0,0,1,,0.23883374689826303,,0.47407120743034054,390.0,5.0,385.0,0.01282051282051282,1.0,0.9871794871794872
guard_scope,faults5,faults5,3,ccra_action_guard,CCRA action,4,31,13,5,5,0,1.0,,0,0,0,1,0,0,1,,0.23883374689826303,,0.47407120743034054,390.0,5.0,385.0,0.01282051282051282,1.0,0.9871794871794872
guard_scope,faults5,faults5,3,global_action_repair,Global action,0,31,13,5,5,0,1.0,,0,12,3,13,0,0,1,,0.23883374689826303,,0.47407120743034054,390.0,5.0,385.0,0.01282051282051282,1.0,0.9871794871794872
guard_scope,faults5,faults5,3,global_action_repair,Global action,1,31,13,5,5,0,1.0,,0,0,0,1,0,0,1,,0.23883374689826303,,0.47407120743034054,390.0,5.0,385.0,0.01282051282051282,1.0,0.9871794871794872
guard_scope,faults5,faults5,3,global_action_repair,Global action,2,31,13,5,5,0,1.0,,0,0,0,1,0,0,1,,0.23883374689826303,,0.47407120743034054,390.0,5.0,385.0,0.01282051282051282,1.0,0.9871794871794872
guard_scope,faults5,faults5,3,global_action_repair,Global action,3,31,13,5,5,0,1.0,,0,0,0,1,0,0,1,,0.23883374689826303,,0.47407120743034054,390.0,5.0,385.0,0.01282051282051282,1.0,0.9871794871794872
guard_scope,faults5,faults5,3,global_action_repair,Global action,4,31,13,5,5,0,1.0,,0,0,0,1,0,0,1,,0.23883374689826303,,0.47407120743034054,390.0,5.0,385.0,0.01282051282051282,1.0,0.9871794871794872
guard_scope,faults5,faults5,4,ccra_exact_guard,CCRA exact,0,31,13,5,5,0,1.0,,1,33,1,33,0,0,1,,0.0024813895781637717,,0.03869969040247678,1.0,1.0,0.0,1.0,0.2,0.0
guard_scope,faults5,faults5,4,ccra_exact_guard,CCRA exact,1,31,13,5,5,0,1.0,,1,32,0,32,0,0,1,,0.0024813895781637717,,0.03869969040247678,1.0,1.0,0.0,1.0,0.2,0.0
guard_scope,faults5,faults5,4,ccra_exact_guard,CCRA exact,2,31,13,5,5,0,1.0,,1,32,0,32,0,0,1,,0.0024813895781637717,,0.03869969040247678,1.0,1.0,0.0,1.0,0.2,0.0
guard_scope,faults5,faults5,4,ccra_exact_guard,CCRA exact,3,31,13,5,5,0,1.0,,1,32,0,32,0,0,1,,0.0024813895781637717,,0.03869969040247678,1.0,1.0,0.0,1.0,0.2,0.0
guard_scope,faults5,faults5,4,ccra_exact_guard,CCRA exact,4,31,13,5,5,0,1.0,,1,32,0,32,0,0,1,,0.0024813895781637717,,0.03869969040247678,1.0,1.0,0.0,1.0,0.2,0.0
guard_scope,faults5,faults5,4,ccra_row_guard,CCRA row,0,31,13,5,5,0,1.0,,1,33,1,33,0,0,1,,0.015508684863523574,,0.24187306501547987,30.0,5.0,25.0,0.16666666666666666,1.0,0.8333333333333334
guard_scope,faults5,faults5,4,ccra_row_guard,CCRA row,1,31,13,5,5,0,1.0,,1,32,0,32,0,0,1,,0.015508684863523574,,0.24187306501547987,30.0,5.0,25.0,0.16666666666666666,1.0,0.8333333333333334
guard_scope,faults5,faults5,4,ccra_row_guard,CCRA row,2,31,13,5,5,0,1.0,,1,32,0,32,0,0,1,,0.015508684863523574,,0.24187306501547987,30.0,5.0,25.0,0.16666666666666666,1.0,0.8333333333333334
guard_scope,faults5,faults5,4,ccra_row_guard,CCRA row,3,31,13,5,5,0,1.0,,1,32,0,32,0,0,1,,0.015508684863523574,,0.24187306501547987,30.0,5.0,25.0,0.16666666666666666,1.0,0.8333333333333334
guard_scope,faults5,faults5,4,ccra_row_guard,CCRA row,4,31,13,5,5,0,1.0,,1,32,0,32,0,0,1,,0.015508684863523574,,0.24187306501547987,30.0,5.0,25.0,0.16666666666666666,1.0,0.8333333333333334
guard_scope,faults5,faults5,4,ccra_column_guard,CCRA column,0,31,13,5,5,0,1.0,,0,8,1,9,0,0,1,,0.009925558312655087,,0.04643962848297214,13.0,1.0,12.0,0.07692307692307693,0.2,0.9230769230769231
guard_scope,faults5,faults5,4,ccra_column_guard,CCRA column,1,31,13,5,5,0,1.0,,0,0,0,1,0,0,1,,0.009925558312655087,,0.04643962848297214,13.0,1.0,12.0,0.07692307692307693,0.2,0.9230769230769231
guard_scope,faults5,faults5,4,ccra_column_guard,CCRA column,2,31,13,5,5,0,1.0,,0,0,0,1,0,0,1,,0.009925558312655087,,0.04643962848297214,13.0,1.0,12.0,0.07692307692307693,0.2,0.9230769230769231
guard_scope,faults5,faults5,4,ccra_column_guard,CCRA column,3,31,13,5,5,0,1.0,,0,0,0,1,0,0,1,,0.009925558312655087,,0.04643962848297214,13.0,1.0,12.0,0.07692307692307693,0.2,0.9230769230769231
guard_scope,faults5,faults5,4,ccra_column_guard,CCRA column,4,31,13,5,5,0,1.0,,0,0,0,1,0,0,1,,0.009925558312655087,,0.04643962848297214,13.0,1.0,12.0,0.07692307692307693,0.2,0.9230769230769231
guard_scope,faults5,faults5,4,ccra_region1_guard,CCRA radius 1,0,31,13,5,5,0,1.0,,1,35,1,35,0,0,1,,0.00620347394540943,,0.05030959752321981,9.0,2.0,7.0,0.2222222222222222,0.4,0.7777777777777778
guard_scope,faults5,faults5,4,ccra_region1_guard,CCRA radius 1,1,31,13,5,5,0,1.0,,1,34,0,34,0,0,1,,0.00620347394540943,,0.05030959752321981,9.0,2.0,7.0,0.2222222222222222,0.4,0.7777777777777778
guard_scope,faults5,faults5,4,ccra_region1_guard,CCRA radius 1,2,31,13,5,5,0,1.0,,1,34,0,34,0,0,1,,0.00620347394540943,,0.05030959752321981,9.0,2.0,7.0,0.2222222222222222,0.4,0.7777777777777778
guard_scope,faults5,faults5,4,ccra_region1_guard,CCRA radius 1,3,31,13,5,5,0,1.0,,1,34,0,34,0,0,1,,0.00620347394540943,,0.05030959752321981,9.0,2.0,7.0,0.2222222222222222,0.4,0.7777777777777778
guard_scope,faults5,faults5,4,ccra_region1_guard,CCRA radius 1,4,31,13,5,5,0,1.0,,1,34,0,34,0,0,1,,0.00620347394540943,,0.05030959752321981,9.0,2.0,7.0,0.2222222222222222,0.4,0.7777777777777778
guard_scope,faults5,faults5,4,ccra_region2_guard,CCRA radius 2,0,31,13,5,5,0,1.0,,1,37,1,37,0,0,1,,0.016129032258064516,,0.08126934984520123,25.0,2.0,23.0,0.08,0.4,0.92
guard_scope,faults5,faults5,4,ccra_region2_guard,CCRA radius 2,1,31,13,5,5,0,1.0,,1,36,0,36,0,0,1,,0.016129032258064516,,0.08126934984520123,25.0,2.0,23.0,0.08,0.4,0.92
guard_scope,faults5,faults5,4,ccra_region2_guard,CCRA radius 2,2,31,13,5,5,0,1.0,,1,36,0,36,0,0,1,,0.016129032258064516,,0.08126934984520123,25.0,2.0,23.0,0.08,0.4,0.92
guard_scope,faults5,faults5,4,ccra_region2_guard,CCRA radius 2,3,31,13,5,5,0,1.0,,1,36,0,36,0,0,1,,0.016129032258064516,,0.08126934984520123,25.0,2.0,23.0,0.08,0.4,0.92
guard_scope,faults5,faults5,4,ccra_region2_guard,CCRA radius 2,4,31,13,5,5,0,1.0,,1,36,0,36,0,0,1,,0.016129032258064516,,0.08126934984520123,25.0,2.0,23.0,0.08,0.4,0.92
guard_scope,faults5,faults5,4,ccra_action_guard,CCRA action,0,31,13,5,5,0,1.0,,0,8,1,9,0,0,1,,0.23883374689826303,,0.47407120743034054,390.0,5.0,385.0,0.01282051282051282,1.0,0.9871794871794872
guard_scope,faults5,faults5,4,ccra_action_guard,CCRA action,1,31,13,5,5,0,1.0,,0,0,0,1,0,0,1,,0.23883374689826303,,0.47407120743034054,390.0,5.0,385.0,0.01282051282051282,1.0,0.9871794871794872
guard_scope,faults5,faults5,4,ccra_action_guard,CCRA action,2,31,13,5,5,0,1.0,,0,0,0,1,0,0,1,,0.23883374689826303,,0.47407120743034054,390.0,5.0,385.0,0.01282051282051282,1.0,0.9871794871794872
guard_scope,faults5,faults5,4,ccra_action_guard,CCRA action,3,31,13,5,5,0,1.0,,0,0,0,1,0,0,1,,0.23883374689826303,,0.47407120743034054,390.0,5.0,385.0,0.01282051282051282,1.0,0.9871794871794872
guard_scope,faults5,faults5,4,ccra_action_guard,CCRA action,4,31,13,5,5,0,1.0,,0,0,0,1,0,0,1,,0.23883374689826303,,0.47407120743034054,390.0,5.0,385.0,0.01282051282051282,1.0,0.9871794871794872
guard_scope,faults5,faults5,4,global_action_repair,Global action,0,31,13,5,5,0,1.0,,0,10,3,11,0,0,1,,0.23883374689826303,,0.47407120743034054,390.0,5.0,385.0,0.01282051282051282,1.0,0.9871794871794872
guard_scope,faults5,faults5,4,global_action_repair,Global action,1,31,13,5,5,0,1.0,,0,0,0,1,0,0,1,,0.23883374689826303,,0.47407120743034054,390.0,5.0,385.0,0.01282051282051282,1.0,0.9871794871794872
guard_scope,faults5,faults5,4,global_action_repair,Global action,2,31,13,5,5,0,1.0,,0,0,0,1,0,0,1,,0.23883374689826303,,0.47407120743034054,390.0,5.0,385.0,0.01282051282051282,1.0,0.9871794871794872
guard_scope,faults5,faults5,4,global_action_repair,Global action,3,31,13,5,5,0,1.0,,0,0,0,1,0,0,1,,0.23883374689826303,,0.47407120743034054,390.0,5.0,385.0,0.01282051282051282,1.0,0.9871794871794872
guard_scope,faults5,faults5,4,global_action_repair,Global action,4,31,13,5,5,0,1.0,,0,0,0,1,0,0,1,,0.23883374689826303,,0.47407120743034054,390.0,5.0,385.0,0.01282051282051282,1.0,0.9871794871794872
guard_scope,faults5,faults5,5,ccra_exact_guard,CCRA exact,0,31,13,5,5,0,1.0,,1,33,1,33,0,0,1,,0.0024813895781637717,,0.03869969040247678,1.0,1.0,0.0,1.0,0.2,0.0
guard_scope,faults5,faults5,5,ccra_exact_guard,CCRA exact,1,31,13,5,5,0,1.0,,1,32,0,32,0,0,1,,0.0024813895781637717,,0.03869969040247678,1.0,1.0,0.0,1.0,0.2,0.0
guard_scope,faults5,faults5,5,ccra_exact_guard,CCRA exact,2,31,13,5,5,0,1.0,,1,32,0,32,0,0,1,,0.0024813895781637717,,0.03869969040247678,1.0,1.0,0.0,1.0,0.2,0.0
guard_scope,faults5,faults5,5,ccra_exact_guard,CCRA exact,3,31,13,5,5,0,1.0,,1,32,0,32,0,0,1,,0.0024813895781637717,,0.03869969040247678,1.0,1.0,0.0,1.0,0.2,0.0
guard_scope,faults5,faults5,5,ccra_exact_guard,CCRA exact,4,31,13,5,5,0,1.0,,1,32,0,32,0,0,1,,0.0024813895781637717,,0.03869969040247678,1.0,1.0,0.0,1.0,0.2,0.0
guard_scope,faults5,faults5,5,ccra_row_guard,CCRA row,0,31,13,5,5,0,1.0,,1,33,1,33,0,0,1,,0.015508684863523574,,0.24187306501547987,30.0,5.0,25.0,0.16666666666666666,1.0,0.8333333333333334
guard_scope,faults5,faults5,5,ccra_row_guard,CCRA row,1,31,13,5,5,0,1.0,,1,32,0,32,0,0,1,,0.015508684863523574,,0.24187306501547987,30.0,5.0,25.0,0.16666666666666666,1.0,0.8333333333333334
guard_scope,faults5,faults5,5,ccra_row_guard,CCRA row,2,31,13,5,5,0,1.0,,1,32,0,32,0,0,1,,0.015508684863523574,,0.24187306501547987,30.0,5.0,25.0,0.16666666666666666,1.0,0.8333333333333334
guard_scope,faults5,faults5,5,ccra_row_guard,CCRA row,3,31,13,5,5,0,1.0,,1,32,0,32,0,0,1,,0.015508684863523574,,0.24187306501547987,30.0,5.0,25.0,0.16666666666666666,1.0,0.8333333333333334
guard_scope,faults5,faults5,5,ccra_row_guard,CCRA row,4,31,13,5,5,0,1.0,,1,32,0,32,0,0,1,,0.015508684863523574,,0.24187306501547987,30.0,5.0,25.0,0.16666666666666666,1.0,0.8333333333333334
guard_scope,faults5,faults5,5,ccra_column_guard,CCRA column,0,31,13,5,5,0,1.0,,0,7,1,8,0,0,1,,0.009925558312655087,,0.04643962848297214,13.0,1.0,12.0,0.07692307692307693,0.2,0.9230769230769231
guard_scope,faults5,faults5,5,ccra_column_guard,CCRA column,1,31,13,5,5,0,1.0,,0,0,0,1,0,0,1,,0.009925558312655087,,0.04643962848297214,13.0,1.0,12.0,0.07692307692307693,0.2,0.9230769230769231
guard_scope,faults5,faults5,5,ccra_column_guard,CCRA column,2,31,13,5,5,0,1.0,,0,0,0,1,0,0,1,,0.009925558312655087,,0.04643962848297214,13.0,1.0,12.0,0.07692307692307693,0.2,0.9230769230769231
guard_scope,faults5,faults5,5,ccra_column_guard,CCRA column,3,31,13,5,5,0,1.0,,0,0,0,1,0,0,1,,0.009925558312655087,,0.04643962848297214,13.0,1.0,12.0,0.07692307692307693,0.2,0.9230769230769231
guard_scope,faults5,faults5,5,ccra_column_guard,CCRA column,4,31,13,5,5,0,1.0,,0,0,0,1,0,0,1,,0.009925558312655087,,0.04643962848297214,13.0,1.0,12.0,0.07692307692307693,0.2,0.9230769230769231
guard_scope,faults5,faults5,5,ccra_region1_guard,CCRA radius 1,0,31,13,5,5,0,1.0,,1,35,1,35,0,0,1,,0.007444168734491315,,0.0696594427244582,9.0,1.0,8.0,0.1111111111111111,0.2,0.8888888888888888
guard_scope,faults5,faults5,5,ccra_region1_guard,CCRA radius 1,1,31,13,5,5,0,1.0,,1,34,0,34,0,0,1,,0.007444168734491315,,0.0696594427244582,9.0,1.0,8.0,0.1111111111111111,0.2,0.8888888888888888
guard_scope,faults5,faults5,5,ccra_region1_guard,CCRA radius 1,2,31,13,5,5,0,1.0,,1,34,0,34,0,0,1,,0.007444168734491315,,0.0696594427244582,9.0,1.0,8.0,0.1111111111111111,0.2,0.8888888888888888
guard_scope,faults5,faults5,5,ccra_region1_guard,CCRA radius 1,3,31,13,5,5,0,1.0,,1,34,0,34,0,0,1,,0.007444168734491315,,0.0696594427244582,9.0,1.0,8.0,0.1111111111111111,0.2,0.8888888888888888
guard_scope,faults5,faults5,5,ccra_region1_guard,CCRA radius 1,4,31,13,5,5,0,1.0,,1,34,0,34,0,0,1,,0.007444168734491315,,0.0696594427244582,9.0,1.0,8.0,0.1111111111111111,0.2,0.8888888888888888
guard_scope,faults5,faults5,5,ccra_region2_guard,CCRA radius 2,0,31,13,5,5,0,1.0,,1,37,1,37,0,0,1,,0.017369727047146403,,0.10061919504643962,25.0,1.0,24.0,0.04,0.2,0.96
guard_scope,faults5,faults5,5,ccra_region2_guard,CCRA radius 2,1,31,13,5,5,0,1.0,,1,36,0,36,0,0,1,,0.017369727047146403,,0.10061919504643962,25.0,1.0,24.0,0.04,0.2,0.96
guard_scope,faults5,faults5,5,ccra_region2_guard,CCRA radius 2,2,31,13,5,5,0,1.0,,1,36,0,36,0,0,1,,0.017369727047146403,,0.10061919504643962,25.0,1.0,24.0,0.04,0.2,0.96
guard_scope,faults5,faults5,5,ccra_region2_guard,CCRA radius 2,3,31,13,5,5,0,1.0,,1,36,0,36,0,0,1,,0.017369727047146403,,0.10061919504643962,25.0,1.0,24.0,0.04,0.2,0.96
guard_scope,faults5,faults5,5,ccra_region2_guard,CCRA radius 2,4,31,13,5,5,0,1.0,,1,36,0,36,0,0,1,,0.017369727047146403,,0.10061919504643962,25.0,1.0,24.0,0.04,0.2,0.96
guard_scope,faults5,faults5,5,ccra_action_guard,CCRA action,0,31,13,5,5,0,1.0,,0,7,1,8,0,0,1,,0.23883374689826303,,0.47407120743034054,390.0,5.0,385.0,0.01282051282051282,1.0,0.9871794871794872
guard_scope,faults5,faults5,5,ccra_action_guard,CCRA action,1,31,13,5,5,0,1.0,,0,0,0,1,0,0,1,,0.23883374689826303,,0.47407120743034054,390.0,5.0,385.0,0.01282051282051282,1.0,0.9871794871794872
guard_scope,faults5,faults5,5,ccra_action_guard,CCRA action,2,31,13,5,5,0,1.0,,0,0,0,1,0,0,1,,0.23883374689826303,,0.47407120743034054,390.0,5.0,385.0,0.01282051282051282,1.0,0.9871794871794872
guard_scope,faults5,faults5,5,ccra_action_guard,CCRA action,3,31,13,5,5,0,1.0,,0,0,0,1,0,0,1,,0.23883374689826303,,0.47407120743034054,390.0,5.0,385.0,0.01282051282051282,1.0,0.9871794871794872
guard_scope,faults5,faults5,5,ccra_action_guard,CCRA action,4,31,13,5,5,0,1.0,,0,0,0,1,0,0,1,,0.23883374689826303,,0.47407120743034054,390.0,5.0,385.0,0.01282051282051282,1.0,0.9871794871794872
guard_scope,faults5,faults5,5,global_action_repair,Global action,0,31,13,5,5,0,1.0,,0,9,3,10,0,0,1,,0.23883374689826303,,0.47407120743034054,390.0,5.0,385.0,0.01282051282051282,1.0,0.9871794871794872
guard_scope,faults5,faults5,5,global_action_repair,Global action,1,31,13,5,5,0,1.0,,0,0,0,1,0,0,1,,0.23883374689826303,,0.47407120743034054,390.0,5.0,385.0,0.01282051282051282,1.0,0.9871794871794872
guard_scope,faults5,faults5,5,global_action_repair,Global action,2,31,13,5,5,0,1.0,,0,0,0,1,0,0,1,,0.23883374689826303,,0.47407120743034054,390.0,5.0,385.0,0.01282051282051282,1.0,0.9871794871794872
guard_scope,faults5,faults5,5,global_action_repair,Global action,3,31,13,5,5,0,1.0,,0,0,0,1,0,0,1,,0.23883374689826303,,0.47407120743034054,390.0,5.0,385.0,0.01282051282051282,1.0,0.9871794871794872
guard_scope,faults5,faults5,5,global_action_repair,Global action,4,31,13,5,5,0,1.0,,0,0,0,1,0,0,1,,0.23883374689826303,,0.47407120743034054,390.0,5.0,385.0,0.01282051282051282,1.0,0.9871794871794872
guard_scope,faults5,faults5,6,ccra_exact_guard,CCRA exact,0,31,13,5,5,0,1.0,,1,33,1,33,0,0,1,,0.0024813895781637717,,0.03869969040247678,1.0,1.0,0.0,1.0,0.2,0.0
guard_scope,faults5,faults5,6,ccra_exact_guard,CCRA exact,1,31,13,5,5,0,1.0,,1,32,0,32,0,0,1,,0.0024813895781637717,,0.03869969040247678,1.0,1.0,0.0,1.0,0.2,0.0
guard_scope,faults5,faults5,6,ccra_exact_guard,CCRA exact,2,31,13,5,5,0,1.0,,1,32,0,32,0,0,1,,0.0024813895781637717,,0.03869969040247678,1.0,1.0,0.0,1.0,0.2,0.0
guard_scope,faults5,faults5,6,ccra_exact_guard,CCRA exact,3,31,13,5,5,0,1.0,,1,32,0,32,0,0,1,,0.0024813895781637717,,0.03869969040247678,1.0,1.0,0.0,1.0,0.2,0.0
guard_scope,faults5,faults5,6,ccra_exact_guard,CCRA exact,4,31,13,5,5,0,1.0,,1,32,0,32,0,0,1,,0.0024813895781637717,,0.03869969040247678,1.0,1.0,0.0,1.0,0.2,0.0
guard_scope,faults5,faults5,6,ccra_row_guard,CCRA row,0,31,13,5,5,0,1.0,,1,33,1,33,0,0,1,,0.015508684863523574,,0.24187306501547987,30.0,5.0,25.0,0.16666666666666666,1.0,0.8333333333333334
guard_scope,faults5,faults5,6,ccra_row_guard,CCRA row,1,31,13,5,5,0,1.0,,1,32,0,32,0,0,1,,0.015508684863523574,,0.24187306501547987,30.0,5.0,25.0,0.16666666666666666,1.0,0.8333333333333334
guard_scope,faults5,faults5,6,ccra_row_guard,CCRA row,2,31,13,5,5,0,1.0,,1,32,0,32,0,0,1,,0.015508684863523574,,0.24187306501547987,30.0,5.0,25.0,0.16666666666666666,1.0,0.8333333333333334
guard_scope,faults5,faults5,6,ccra_row_guard,CCRA row,3,31,13,5,5,0,1.0,,1,32,0,32,0,0,1,,0.015508684863523574,,0.24187306501547987,30.0,5.0,25.0,0.16666666666666666,1.0,0.8333333333333334
guard_scope,faults5,faults5,6,ccra_row_guard,CCRA row,4,31,13,5,5,0,1.0,,1,32,0,32,0,0,1,,0.015508684863523574,,0.24187306501547987,30.0,5.0,25.0,0.16666666666666666,1.0,0.8333333333333334
guard_scope,faults5,faults5,6,ccra_column_guard,CCRA column,0,31,13,5,5,0,1.0,,0,8,1,9,0,0,1,,0.009925558312655087,,0.04643962848297214,13.0,1.0,12.0,0.07692307692307693,0.2,0.9230769230769231
guard_scope,faults5,faults5,6,ccra_column_guard,CCRA column,1,31,13,5,5,0,1.0,,0,0,0,1,0,0,1,,0.009925558312655087,,0.04643962848297214,13.0,1.0,12.0,0.07692307692307693,0.2,0.9230769230769231
guard_scope,faults5,faults5,6,ccra_column_guard,CCRA column,2,31,13,5,5,0,1.0,,0,0,0,1,0,0,1,,0.009925558312655087,,0.04643962848297214,13.0,1.0,12.0,0.07692307692307693,0.2,0.9230769230769231
guard_scope,faults5,faults5,6,ccra_column_guard,CCRA column,3,31,13,5,5,0,1.0,,0,0,0,1,0,0,1,,0.009925558312655087,,0.04643962848297214,13.0,1.0,12.0,0.07692307692307693,0.2,0.9230769230769231
guard_scope,faults5,faults5,6,ccra_column_guard,CCRA column,4,31,13,5,5,0,1.0,,0,0,0,1,0,0,1,,0.009925558312655087,,0.04643962848297214,13.0,1.0,12.0,0.07692307692307693,0.2,0.9230769230769231
guard_scope,faults5,faults5,6,ccra_region1_guard,CCRA radius 1,0,31,13,5,5,0,1.0,,1,35,1,35,0,0,1,,0.007444168734491315,,0.0696594427244582,9.0,1.0,8.0,0.1111111111111111,0.2,0.8888888888888888
guard_scope,faults5,faults5,6,ccra_region1_guard,CCRA radius 1,1,31,13,5,5,0,1.0,,1,34,0,34,0,0,1,,0.007444168734491315,,0.0696594427244582,9.0,1.0,8.0,0.1111111111111111,0.2,0.8888888888888888
guard_scope,faults5,faults5,6,ccra_region1_guard,CCRA radius 1,2,31,13,5,5,0,1.0,,1,34,0,34,0,0,1,,0.007444168734491315,,0.0696594427244582,9.0,1.0,8.0,0.1111111111111111,0.2,0.8888888888888888
guard_scope,faults5,faults5,6,ccra_region1_guard,CCRA radius 1,3,31,13,5,5,0,1.0,,1,34,0,34,0,0,1,,0.007444168734491315,,0.0696594427244582,9.0,1.0,8.0,0.1111111111111111,0.2,0.8888888888888888
guard_scope,faults5,faults5,6,ccra_region1_guard,CCRA radius 1,4,31,13,5,5,0,1.0,,1,34,0,34,0,0,1,,0.007444168734491315,,0.0696594427244582,9.0,1.0,8.0,0.1111111111111111,0.2,0.8888888888888888
guard_scope,faults5,faults5,6,ccra_region2_guard,CCRA radius 2,0,31,13,5,5,0,1.0,,1,37,1,37,0,0,1,,0.017369727047146403,,0.10061919504643962,25.0,1.0,24.0,0.04,0.2,0.96
guard_scope,faults5,faults5,6,ccra_region2_guard,CCRA radius 2,1,31,13,5,5,0,1.0,,1,36,0,36,0,0,1,,0.017369727047146403,,0.10061919504643962,25.0,1.0,24.0,0.04,0.2,0.96
guard_scope,faults5,faults5,6,ccra_region2_guard,CCRA radius 2,2,31,13,5,5,0,1.0,,1,36,0,36,0,0,1,,0.017369727047146403,,0.10061919504643962,25.0,1.0,24.0,0.04,0.2,0.96
guard_scope,faults5,faults5,6,ccra_region2_guard,CCRA radius 2,3,31,13,5,5,0,1.0,,1,36,0,36,0,0,1,,0.017369727047146403,,0.10061919504643962,25.0,1.0,24.0,0.04,0.2,0.96
guard_scope,faults5,faults5,6,ccra_region2_guard,CCRA radius 2,4,31,13,5,5,0,1.0,,1,36,0,36,0,0,1,,0.017369727047146403,,0.10061919504643962,25.0,1.0,24.0,0.04,0.2,0.96
guard_scope,faults5,faults5,6,ccra_action_guard,CCRA action,0,31,13,5,5,0,1.0,,0,8,1,9,0,0,1,,0.23883374689826303,,0.47407120743034054,390.0,5.0,385.0,0.01282051282051282,1.0,0.9871794871794872
guard_scope,faults5,faults5,6,ccra_action_guard,CCRA action,1,31,13,5,5,0,1.0,,0,0,0,1,0,0,1,,0.23883374689826303,,0.47407120743034054,390.0,5.0,385.0,0.01282051282051282,1.0,0.9871794871794872
guard_scope,faults5,faults5,6,ccra_action_guard,CCRA action,2,31,13,5,5,0,1.0,,0,0,0,1,0,0,1,,0.23883374689826303,,0.47407120743034054,390.0,5.0,385.0,0.01282051282051282,1.0,0.9871794871794872
guard_scope,faults5,faults5,6,ccra_action_guard,CCRA action,3,31,13,5,5,0,1.0,,0,0,0,1,0,0,1,,0.23883374689826303,,0.47407120743034054,390.0,5.0,385.0,0.01282051282051282,1.0,0.9871794871794872
guard_scope,faults5,faults5,6,ccra_action_guard,CCRA action,4,31,13,5,5,0,1.0,,0,0,0,1,0,0,1,,0.23883374689826303,,0.47407120743034054,390.0,5.0,385.0,0.01282051282051282,1.0,0.9871794871794872
guard_scope,faults5,faults5,6,global_action_repair,Global action,0,31,13,5,5,0,1.0,,0,10,3,11,0,0,1,,0.23883374689826303,,0.47407120743034054,390.0,5.0,385.0,0.01282051282051282,1.0,0.9871794871794872
guard_scope,faults5,faults5,6,global_action_repair,Global action,1,31,13,5,5,0,1.0,,0,0,0,1,0,0,1,,0.23883374689826303,,0.47407120743034054,390.0,5.0,385.0,0.01282051282051282,1.0,0.9871794871794872
guard_scope,faults5,faults5,6,global_action_repair,Global action,2,31,13,5,5,0,1.0,,0,0,0,1,0,0,1,,0.23883374689826303,,0.47407120743034054,390.0,5.0,385.0,0.01282051282051282,1.0,0.9871794871794872
guard_scope,faults5,faults5,6,global_action_repair,Global action,3,31,13,5,5,0,1.0,,0,0,0,1,0,0,1,,0.23883374689826303,,0.47407120743034054,390.0,5.0,385.0,0.01282051282051282,1.0,0.9871794871794872
guard_scope,faults5,faults5,6,global_action_repair,Global action,4,31,13,5,5,0,1.0,,0,0,0,1,0,0,1,,0.23883374689826303,,0.47407120743034054,390.0,5.0,385.0,0.01282051282051282,1.0,0.9871794871794872
guard_scope,faults5,faults5,7,ccra_exact_guard,CCRA exact,0,31,13,5,5,0,1.0,,1,33,1,33,0,0,1,,0.0024813895781637717,,0.03869969040247678,1.0,1.0,0.0,1.0,0.2,0.0
guard_scope,faults5,faults5,7,ccra_exact_guard,CCRA exact,1,31,13,5,5,0,1.0,,1,32,0,32,0,0,1,,0.0024813895781637717,,0.03869969040247678,1.0,1.0,0.0,1.0,0.2,0.0
guard_scope,faults5,faults5,7,ccra_exact_guard,CCRA exact,2,31,13,5,5,0,1.0,,1,32,0,32,0,0,1,,0.0024813895781637717,,0.03869969040247678,1.0,1.0,0.0,1.0,0.2,0.0
guard_scope,faults5,faults5,7,ccra_exact_guard,CCRA exact,3,31,13,5,5,0,1.0,,1,32,0,32,0,0,1,,0.0024813895781637717,,0.03869969040247678,1.0,1.0,0.0,1.0,0.2,0.0
guard_scope,faults5,faults5,7,ccra_exact_guard,CCRA exact,4,31,13,5,5,0,1.0,,1,32,0,32,0,0,1,,0.0024813895781637717,,0.03869969040247678,1.0,1.0,0.0,1.0,0.2,0.0
guard_scope,faults5,faults5,7,ccra_row_guard,CCRA row,0,31,13,5,5,0,1.0,,1,33,1,33,0,0,1,,0.015508684863523574,,0.24187306501547987,30.0,5.0,25.0,0.16666666666666666,1.0,0.8333333333333334
guard_scope,faults5,faults5,7,ccra_row_guard,CCRA row,1,31,13,5,5,0,1.0,,1,32,0,32,0,0,1,,0.015508684863523574,,0.24187306501547987,30.0,5.0,25.0,0.16666666666666666,1.0,0.8333333333333334
guard_scope,faults5,faults5,7,ccra_row_guard,CCRA row,2,31,13,5,5,0,1.0,,1,32,0,32,0,0,1,,0.015508684863523574,,0.24187306501547987,30.0,5.0,25.0,0.16666666666666666,1.0,0.8333333333333334
guard_scope,faults5,faults5,7,ccra_row_guard,CCRA row,3,31,13,5,5,0,1.0,,1,32,0,32,0,0,1,,0.015508684863523574,,0.24187306501547987,30.0,5.0,25.0,0.16666666666666666,1.0,0.8333333333333334
guard_scope,faults5,faults5,7,ccra_row_guard,CCRA row,4,31,13,5,5,0,1.0,,1,32,0,32,0,0,1,,0.015508684863523574,,0.24187306501547987,30.0,5.0,25.0,0.16666666666666666,1.0,0.8333333333333334
guard_scope,faults5,faults5,7,ccra_column_guard,CCRA column,0,31,13,5,5,0,1.0,,0,4,1,5,0,0,1,,0.009925558312655087,,0.04643962848297214,13.0,1.0,12.0,0.07692307692307693,0.2,0.9230769230769231
guard_scope,faults5,faults5,7,ccra_column_guard,CCRA column,1,31,13,5,5,0,1.0,,0,0,0,1,0,0,1,,0.009925558312655087,,0.04643962848297214,13.0,1.0,12.0,0.07692307692307693,0.2,0.9230769230769231
guard_scope,faults5,faults5,7,ccra_column_guard,CCRA column,2,31,13,5,5,0,1.0,,0,0,0,1,0,0,1,,0.009925558312655087,,0.04643962848297214,13.0,1.0,12.0,0.07692307692307693,0.2,0.9230769230769231
guard_scope,faults5,faults5,7,ccra_column_guard,CCRA column,3,31,13,5,5,0,1.0,,0,0,0,1,0,0,1,,0.009925558312655087,,0.04643962848297214,13.0,1.0,12.0,0.07692307692307693,0.2,0.9230769230769231
guard_scope,faults5,faults5,7,ccra_column_guard,CCRA column,4,31,13,5,5,0,1.0,,0,0,0,1,0,0,1,,0.009925558312655087,,0.04643962848297214,13.0,1.0,12.0,0.07692307692307693,0.2,0.9230769230769231
guard_scope,faults5,faults5,7,ccra_region1_guard,CCRA radius 1,0,31,13,5,5,0,1.0,,1,35,1,35,0,0,1,,0.007444168734491315,,0.0696594427244582,9.0,1.0,8.0,0.1111111111111111,0.2,0.8888888888888888
guard_scope,faults5,faults5,7,ccra_region1_guard,CCRA radius 1,1,31,13,5,5,0,1.0,,1,34,0,34,0,0,1,,0.007444168734491315,,0.0696594427244582,9.0,1.0,8.0,0.1111111111111111,0.2,0.8888888888888888
guard_scope,faults5,faults5,7,ccra_region1_guard,CCRA radius 1,2,31,13,5,5,0,1.0,,1,34,0,34,0,0,1,,0.007444168734491315,,0.0696594427244582,9.0,1.0,8.0,0.1111111111111111,0.2,0.8888888888888888
guard_scope,faults5,faults5,7,ccra_region1_guard,CCRA radius 1,3,31,13,5,5,0,1.0,,1,34,0,34,0,0,1,,0.007444168734491315,,0.0696594427244582,9.0,1.0,8.0,0.1111111111111111,0.2,0.8888888888888888
guard_scope,faults5,faults5,7,ccra_region1_guard,CCRA radius 1,4,31,13,5,5,0,1.0,,1,34,0,34,0,0,1,,0.007444168734491315,,0.0696594427244582,9.0,1.0,8.0,0.1111111111111111,0.2,0.8888888888888888
guard_scope,faults5,faults5,7,ccra_region2_guard,CCRA radius 2,0,31,13,5,5,0,1.0,,1,37,1,37,0,0,1,,0.017369727047146403,,0.10061919504643962,25.0,1.0,24.0,0.04,0.2,0.96
guard_scope,faults5,faults5,7,ccra_region2_guard,CCRA radius 2,1,31,13,5,5,0,1.0,,1,36,0,36,0,0,1,,0.017369727047146403,,0.10061919504643962,25.0,1.0,24.0,0.04,0.2,0.96
guard_scope,faults5,faults5,7,ccra_region2_guard,CCRA radius 2,2,31,13,5,5,0,1.0,,1,36,0,36,0,0,1,,0.017369727047146403,,0.10061919504643962,25.0,1.0,24.0,0.04,0.2,0.96
guard_scope,faults5,faults5,7,ccra_region2_guard,CCRA radius 2,3,31,13,5,5,0,1.0,,1,36,0,36,0,0,1,,0.017369727047146403,,0.10061919504643962,25.0,1.0,24.0,0.04,0.2,0.96
guard_scope,faults5,faults5,7,ccra_region2_guard,CCRA radius 2,4,31,13,5,5,0,1.0,,1,36,0,36,0,0,1,,0.017369727047146403,,0.10061919504643962,25.0,1.0,24.0,0.04,0.2,0.96
guard_scope,faults5,faults5,7,ccra_action_guard,CCRA action,0,31,13,5,5,0,1.0,,0,4,1,5,0,0,1,,0.23883374689826303,,0.47407120743034054,390.0,5.0,385.0,0.01282051282051282,1.0,0.9871794871794872
guard_scope,faults5,faults5,7,ccra_action_guard,CCRA action,1,31,13,5,5,0,1.0,,0,0,0,1,0,0,1,,0.23883374689826303,,0.47407120743034054,390.0,5.0,385.0,0.01282051282051282,1.0,0.9871794871794872
guard_scope,faults5,faults5,7,ccra_action_guard,CCRA action,2,31,13,5,5,0,1.0,,0,0,0,1,0,0,1,,0.23883374689826303,,0.47407120743034054,390.0,5.0,385.0,0.01282051282051282,1.0,0.9871794871794872
guard_scope,faults5,faults5,7,ccra_action_guard,CCRA action,3,31,13,5,5,0,1.0,,0,0,0,1,0,0,1,,0.23883374689826303,,0.47407120743034054,390.0,5.0,385.0,0.01282051282051282,1.0,0.9871794871794872
guard_scope,faults5,faults5,7,ccra_action_guard,CCRA action,4,31,13,5,5,0,1.0,,0,0,0,1,0,0,1,,0.23883374689826303,,0.47407120743034054,390.0,5.0,385.0,0.01282051282051282,1.0,0.9871794871794872
guard_scope,faults5,faults5,7,global_action_repair,Global action,0,31,13,5,5,0,1.0,,0,6,3,7,0,0,1,,0.23883374689826303,,0.47407120743034054,390.0,5.0,385.0,0.01282051282051282,1.0,0.9871794871794872
guard_scope,faults5,faults5,7,global_action_repair,Global action,1,31,13,5,5,0,1.0,,0,0,0,1,0,0,1,,0.23883374689826303,,0.47407120743034054,390.0,5.0,385.0,0.01282051282051282,1.0,0.9871794871794872
guard_scope,faults5,faults5,7,global_action_repair,Global action,2,31,13,5,5,0,1.0,,0,0,0,1,0,0,1,,0.23883374689826303,,0.47407120743034054,390.0,5.0,385.0,0.01282051282051282,1.0,0.9871794871794872
guard_scope,faults5,faults5,7,global_action_repair,Global action,3,31,13,5,5,0,1.0,,0,0,0,1,0,0,1,,0.23883374689826303,,0.47407120743034054,390.0,5.0,385.0,0.01282051282051282,1.0,0.9871794871794872
guard_scope,faults5,faults5,7,global_action_repair,Global action,4,31,13,5,5,0,1.0,,0,0,0,1,0,0,1,,0.23883374689826303,,0.47407120743034054,390.0,5.0,385.0,0.01282051282051282,1.0,0.9871794871794872
guard_scope,faults5,faults5,8,ccra_exact_guard,CCRA exact,0,31,13,5,5,0,1.0,,1,33,1,33,0,0,1,,0.0024813895781637717,,0.03869969040247678,1.0,1.0,0.0,1.0,0.2,0.0
guard_scope,faults5,faults5,8,ccra_exact_guard,CCRA exact,1,31,13,5,5,0,1.0,,1,32,0,32,0,0,1,,0.0024813895781637717,,0.03869969040247678,1.0,1.0,0.0,1.0,0.2,0.0
guard_scope,faults5,faults5,8,ccra_exact_guard,CCRA exact,2,31,13,5,5,0,1.0,,1,32,0,32,0,0,1,,0.0024813895781637717,,0.03869969040247678,1.0,1.0,0.0,1.0,0.2,0.0
guard_scope,faults5,faults5,8,ccra_exact_guard,CCRA exact,3,31,13,5,5,0,1.0,,1,32,0,32,0,0,1,,0.0024813895781637717,,0.03869969040247678,1.0,1.0,0.0,1.0,0.2,0.0
guard_scope,faults5,faults5,8,ccra_exact_guard,CCRA exact,4,31,13,5,5,0,1.0,,1,32,0,32,0,0,1,,0.0024813895781637717,,0.03869969040247678,1.0,1.0,0.0,1.0,0.2,0.0
guard_scope,faults5,faults5,8,ccra_row_guard,CCRA row,0,31,13,5,5,0,1.0,,1,33,1,33,0,0,1,,0.015508684863523574,,0.24187306501547987,30.0,5.0,25.0,0.16666666666666666,1.0,0.8333333333333334
guard_scope,faults5,faults5,8,ccra_row_guard,CCRA row,1,31,13,5,5,0,1.0,,1,32,0,32,0,0,1,,0.015508684863523574,,0.24187306501547987,30.0,5.0,25.0,0.16666666666666666,1.0,0.8333333333333334
guard_scope,faults5,faults5,8,ccra_row_guard,CCRA row,2,31,13,5,5,0,1.0,,1,32,0,32,0,0,1,,0.015508684863523574,,0.24187306501547987,30.0,5.0,25.0,0.16666666666666666,1.0,0.8333333333333334
guard_scope,faults5,faults5,8,ccra_row_guard,CCRA row,3,31,13,5,5,0,1.0,,1,32,0,32,0,0,1,,0.015508684863523574,,0.24187306501547987,30.0,5.0,25.0,0.16666666666666666,1.0,0.8333333333333334
guard_scope,faults5,faults5,8,ccra_row_guard,CCRA row,4,31,13,5,5,0,1.0,,1,32,0,32,0,0,1,,0.015508684863523574,,0.24187306501547987,30.0,5.0,25.0,0.16666666666666666,1.0,0.8333333333333334
guard_scope,faults5,faults5,8,ccra_column_guard,CCRA column,0,31,13,5,5,0,1.0,,0,3,1,4,0,0,1,,0.009925558312655087,,0.04643962848297214,13.0,1.0,12.0,0.07692307692307693,0.2,0.9230769230769231
guard_scope,faults5,faults5,8,ccra_column_guard,CCRA column,1,31,13,5,5,0,1.0,,0,0,0,1,0,0,1,,0.009925558312655087,,0.04643962848297214,13.0,1.0,12.0,0.07692307692307693,0.2,0.9230769230769231
guard_scope,faults5,faults5,8,ccra_column_guard,CCRA column,2,31,13,5,5,0,1.0,,0,0,0,1,0,0,1,,0.009925558312655087,,0.04643962848297214,13.0,1.0,12.0,0.07692307692307693,0.2,0.9230769230769231
guard_scope,faults5,faults5,8,ccra_column_guard,CCRA column,3,31,13,5,5,0,1.0,,0,0,0,1,0,0,1,,0.009925558312655087,,0.04643962848297214,13.0,1.0,12.0,0.07692307692307693,0.2,0.9230769230769231
guard_scope,faults5,faults5,8,ccra_column_guard,CCRA column,4,31,13,5,5,0,1.0,,0,0,0,1,0,0,1,,0.009925558312655087,,0.04643962848297214,13.0,1.0,12.0,0.07692307692307693,0.2,0.9230769230769231
guard_scope,faults5,faults5,8,ccra_region1_guard,CCRA radius 1,0,31,13,5,5,0,1.0,,1,35,1,35,0,0,1,,0.007444168734491315,,0.0696594427244582,9.0,1.0,8.0,0.1111111111111111,0.2,0.8888888888888888
guard_scope,faults5,faults5,8,ccra_region1_guard,CCRA radius 1,1,31,13,5,5,0,1.0,,1,34,0,34,0,0,1,,0.007444168734491315,,0.0696594427244582,9.0,1.0,8.0,0.1111111111111111,0.2,0.8888888888888888
guard_scope,faults5,faults5,8,ccra_region1_guard,CCRA radius 1,2,31,13,5,5,0,1.0,,1,34,0,34,0,0,1,,0.007444168734491315,,0.0696594427244582,9.0,1.0,8.0,0.1111111111111111,0.2,0.8888888888888888
guard_scope,faults5,faults5,8,ccra_region1_guard,CCRA radius 1,3,31,13,5,5,0,1.0,,1,34,0,34,0,0,1,,0.007444168734491315,,0.0696594427244582,9.0,1.0,8.0,0.1111111111111111,0.2,0.8888888888888888
guard_scope,faults5,faults5,8,ccra_region1_guard,CCRA radius 1,4,31,13,5,5,0,1.0,,1,34,0,34,0,0,1,,0.007444168734491315,,0.0696594427244582,9.0,1.0,8.0,0.1111111111111111,0.2,0.8888888888888888
guard_scope,faults5,faults5,8,ccra_region2_guard,CCRA radius 2,0,31,13,5,5,0,1.0,,1,37,1,37,0,0,1,,0.017369727047146403,,0.10061919504643962,25.0,1.0,24.0,0.04,0.2,0.96
guard_scope,faults5,faults5,8,ccra_region2_guard,CCRA radius 2,1,31,13,5,5,0,1.0,,1,36,0,36,0,0,1,,0.017369727047146403,,0.10061919504643962,25.0,1.0,24.0,0.04,0.2,0.96
guard_scope,faults5,faults5,8,ccra_region2_guard,CCRA radius 2,2,31,13,5,5,0,1.0,,1,36,0,36,0,0,1,,0.017369727047146403,,0.10061919504643962,25.0,1.0,24.0,0.04,0.2,0.96
guard_scope,faults5,faults5,8,ccra_region2_guard,CCRA radius 2,3,31,13,5,5,0,1.0,,1,36,0,36,0,0,1,,0.017369727047146403,,0.10061919504643962,25.0,1.0,24.0,0.04,0.2,0.96
guard_scope,faults5,faults5,8,ccra_region2_guard,CCRA radius 2,4,31,13,5,5,0,1.0,,1,36,0,36,0,0,1,,0.017369727047146403,,0.10061919504643962,25.0,1.0,24.0,0.04,0.2,0.96
guard_scope,faults5,faults5,8,ccra_action_guard,CCRA action,0,31,13,5,5,0,1.0,,0,3,1,4,0,0,1,,0.23883374689826303,,0.47407120743034054,390.0,5.0,385.0,0.01282051282051282,1.0,0.9871794871794872
guard_scope,faults5,faults5,8,ccra_action_guard,CCRA action,1,31,13,5,5,0,1.0,,0,0,0,1,0,0,1,,0.23883374689826303,,0.47407120743034054,390.0,5.0,385.0,0.01282051282051282,1.0,0.9871794871794872
guard_scope,faults5,faults5,8,ccra_action_guard,CCRA action,2,31,13,5,5,0,1.0,,0,0,0,1,0,0,1,,0.23883374689826303,,0.47407120743034054,390.0,5.0,385.0,0.01282051282051282,1.0,0.9871794871794872
guard_scope,faults5,faults5,8,ccra_action_guard,CCRA action,3,31,13,5,5,0,1.0,,0,0,0,1,0,0,1,,0.23883374689826303,,0.47407120743034054,390.0,5.0,385.0,0.01282051282051282,1.0,0.9871794871794872
guard_scope,faults5,faults5,8,ccra_action_guard,CCRA action,4,31,13,5,5,0,1.0,,0,0,0,1,0,0,1,,0.23883374689826303,,0.47407120743034054,390.0,5.0,385.0,0.01282051282051282,1.0,0.9871794871794872
guard_scope,faults5,faults5,8,global_action_repair,Global action,0,31,13,5,5,0,1.0,,0,5,3,6,0,0,1,,0.23883374689826303,,0.47407120743034054,390.0,5.0,385.0,0.01282051282051282,1.0,0.9871794871794872
guard_scope,faults5,faults5,8,global_action_repair,Global action,1,31,13,5,5,0,1.0,,0,0,0,1,0,0,1,,0.23883374689826303,,0.47407120743034054,390.0,5.0,385.0,0.01282051282051282,1.0,0.9871794871794872
guard_scope,faults5,faults5,8,global_action_repair,Global action,2,31,13,5,5,0,1.0,,0,0,0,1,0,0,1,,0.23883374689826303,,0.47407120743034054,390.0,5.0,385.0,0.01282051282051282,1.0,0.9871794871794872
guard_scope,faults5,faults5,8,global_action_repair,Global action,3,31,13,5,5,0,1.0,,0,0,0,1,0,0,1,,0.23883374689826303,,0.47407120743034054,390.0,5.0,385.0,0.01282051282051282,1.0,0.9871794871794872
guard_scope,faults5,faults5,8,global_action_repair,Global action,4,31,13,5,5,0,1.0,,0,0,0,1,0,0,1,,0.23883374689826303,,0.47407120743034054,390.0,5.0,385.0,0.01282051282051282,1.0,0.9871794871794872
guard_scope,faults5,faults5,9,ccra_exact_guard,CCRA exact,0,31,13,5,5,0,1.0,,1,33,1,33,0,0,1,,0.0024813895781637717,,0.03869969040247678,1.0,1.0,0.0,1.0,0.2,0.0
guard_scope,faults5,faults5,9,ccra_exact_guard,CCRA exact,1,31,13,5,5,0,1.0,,1,32,0,32,0,0,1,,0.0024813895781637717,,0.03869969040247678,1.0,1.0,0.0,1.0,0.2,0.0
guard_scope,faults5,faults5,9,ccra_exact_guard,CCRA exact,2,31,13,5,5,0,1.0,,1,32,0,32,0,0,1,,0.0024813895781637717,,0.03869969040247678,1.0,1.0,0.0,1.0,0.2,0.0
guard_scope,faults5,faults5,9,ccra_exact_guard,CCRA exact,3,31,13,5,5,0,1.0,,1,32,0,32,0,0,1,,0.0024813895781637717,,0.03869969040247678,1.0,1.0,0.0,1.0,0.2,0.0
guard_scope,faults5,faults5,9,ccra_exact_guard,CCRA exact,4,31,13,5,5,0,1.0,,1,32,0,32,0,0,1,,0.0024813895781637717,,0.03869969040247678,1.0,1.0,0.0,1.0,0.2,0.0
guard_scope,faults5,faults5,9,ccra_row_guard,CCRA row,0,31,13,5,5,0,1.0,,1,33,1,33,0,0,1,,0.015508684863523574,,0.24187306501547987,30.0,5.0,25.0,0.16666666666666666,1.0,0.8333333333333334
guard_scope,faults5,faults5,9,ccra_row_guard,CCRA row,1,31,13,5,5,0,1.0,,1,32,0,32,0,0,1,,0.015508684863523574,,0.24187306501547987,30.0,5.0,25.0,0.16666666666666666,1.0,0.8333333333333334
guard_scope,faults5,faults5,9,ccra_row_guard,CCRA row,2,31,13,5,5,0,1.0,,1,32,0,32,0,0,1,,0.015508684863523574,,0.24187306501547987,30.0,5.0,25.0,0.16666666666666666,1.0,0.8333333333333334
guard_scope,faults5,faults5,9,ccra_row_guard,CCRA row,3,31,13,5,5,0,1.0,,1,32,0,32,0,0,1,,0.015508684863523574,,0.24187306501547987,30.0,5.0,25.0,0.16666666666666666,1.0,0.8333333333333334
guard_scope,faults5,faults5,9,ccra_row_guard,CCRA row,4,31,13,5,5,0,1.0,,1,32,0,32,0,0,1,,0.015508684863523574,,0.24187306501547987,30.0,5.0,25.0,0.16666666666666666,1.0,0.8333333333333334
guard_scope,faults5,faults5,9,ccra_column_guard,CCRA column,0,31,13,5,5,0,1.0,,0,5,1,6,0,0,1,,0.009925558312655087,,0.04643962848297214,13.0,1.0,12.0,0.07692307692307693,0.2,0.9230769230769231
guard_scope,faults5,faults5,9,ccra_column_guard,CCRA column,1,31,13,5,5,0,1.0,,0,0,0,1,0,0,1,,0.009925558312655087,,0.04643962848297214,13.0,1.0,12.0,0.07692307692307693,0.2,0.9230769230769231
guard_scope,faults5,faults5,9,ccra_column_guard,CCRA column,2,31,13,5,5,0,1.0,,0,0,0,1,0,0,1,,0.009925558312655087,,0.04643962848297214,13.0,1.0,12.0,0.07692307692307693,0.2,0.9230769230769231
guard_scope,faults5,faults5,9,ccra_column_guard,CCRA column,3,31,13,5,5,0,1.0,,0,0,0,1,0,0,1,,0.009925558312655087,,0.04643962848297214,13.0,1.0,12.0,0.07692307692307693,0.2,0.9230769230769231
guard_scope,faults5,faults5,9,ccra_column_guard,CCRA column,4,31,13,5,5,0,1.0,,0,0,0,1,0,0,1,,0.009925558312655087,,0.04643962848297214,13.0,1.0,12.0,0.07692307692307693,0.2,0.9230769230769231
guard_scope,faults5,faults5,9,ccra_region1_guard,CCRA radius 1,0,31,13,5,5,0,1.0,,1,35,1,35,0,0,1,,0.007444168734491315,,0.0696594427244582,9.0,1.0,8.0,0.1111111111111111,0.2,0.8888888888888888
guard_scope,faults5,faults5,9,ccra_region1_guard,CCRA radius 1,1,31,13,5,5,0,1.0,,1,34,0,34,0,0,1,,0.007444168734491315,,0.0696594427244582,9.0,1.0,8.0,0.1111111111111111,0.2,0.8888888888888888
guard_scope,faults5,faults5,9,ccra_region1_guard,CCRA radius 1,2,31,13,5,5,0,1.0,,1,34,0,34,0,0,1,,0.007444168734491315,,0.0696594427244582,9.0,1.0,8.0,0.1111111111111111,0.2,0.8888888888888888
guard_scope,faults5,faults5,9,ccra_region1_guard,CCRA radius 1,3,31,13,5,5,0,1.0,,1,34,0,34,0,0,1,,0.007444168734491315,,0.0696594427244582,9.0,1.0,8.0,0.1111111111111111,0.2,0.8888888888888888
guard_scope,faults5,faults5,9,ccra_region1_guard,CCRA radius 1,4,31,13,5,5,0,1.0,,1,34,0,34,0,0,1,,0.007444168734491315,,0.0696594427244582,9.0,1.0,8.0,0.1111111111111111,0.2,0.8888888888888888
guard_scope,faults5,faults5,9,ccra_region2_guard,CCRA radius 2,0,31,13,5,5,0,1.0,,1,37,1,37,0,0,1,,0.017369727047146403,,0.10061919504643962,25.0,1.0,24.0,0.04,0.2,0.96
guard_scope,faults5,faults5,9,ccra_region2_guard,CCRA radius 2,1,31,13,5,5,0,1.0,,1,36,0,36,0,0,1,,0.017369727047146403,,0.10061919504643962,25.0,1.0,24.0,0.04,0.2,0.96
guard_scope,faults5,faults5,9,ccra_region2_guard,CCRA radius 2,2,31,13,5,5,0,1.0,,1,36,0,36,0,0,1,,0.017369727047146403,,0.10061919504643962,25.0,1.0,24.0,0.04,0.2,0.96
guard_scope,faults5,faults5,9,ccra_region2_guard,CCRA radius 2,3,31,13,5,5,0,1.0,,1,36,0,36,0,0,1,,0.017369727047146403,,0.10061919504643962,25.0,1.0,24.0,0.04,0.2,0.96
guard_scope,faults5,faults5,9,ccra_region2_guard,CCRA radius 2,4,31,13,5,5,0,1.0,,1,36,0,36,0,0,1,,0.017369727047146403,,0.10061919504643962,25.0,1.0,24.0,0.04,0.2,0.96
guard_scope,faults5,faults5,9,ccra_action_guard,CCRA action,0,31,13,5,5,0,1.0,,0,5,1,6,0,0,1,,0.23883374689826303,,0.47407120743034054,390.0,5.0,385.0,0.01282051282051282,1.0,0.9871794871794872
guard_scope,faults5,faults5,9,ccra_action_guard,CCRA action,1,31,13,5,5,0,1.0,,0,0,0,1,0,0,1,,0.23883374689826303,,0.47407120743034054,390.0,5.0,385.0,0.01282051282051282,1.0,0.9871794871794872
guard_scope,faults5,faults5,9,ccra_action_guard,CCRA action,2,31,13,5,5,0,1.0,,0,0,0,1,0,0,1,,0.23883374689826303,,0.47407120743034054,390.0,5.0,385.0,0.01282051282051282,1.0,0.9871794871794872
guard_scope,faults5,faults5,9,ccra_action_guard,CCRA action,3,31,13,5,5,0,1.0,,0,0,0,1,0,0,1,,0.23883374689826303,,0.47407120743034054,390.0,5.0,385.0,0.01282051282051282,1.0,0.9871794871794872
guard_scope,faults5,faults5,9,ccra_action_guard,CCRA action,4,31,13,5,5,0,1.0,,0,0,0,1,0,0,1,,0.23883374689826303,,0.47407120743034054,390.0,5.0,385.0,0.01282051282051282,1.0,0.9871794871794872
guard_scope,faults5,faults5,9,global_action_repair,Global action,0,31,13,5,5,0,1.0,,0,7,3,8,0,0,1,,0.23883374689826303,,0.47407120743034054,390.0,5.0,385.0,0.01282051282051282,1.0,0.9871794871794872
guard_scope,faults5,faults5,9,global_action_repair,Global action,1,31,13,5,5,0,1.0,,0,0,0,1,0,0,1,,0.23883374689826303,,0.47407120743034054,390.0,5.0,385.0,0.01282051282051282,1.0,0.9871794871794872
guard_scope,faults5,faults5,9,global_action_repair,Global action,2,31,13,5,5,0,1.0,,0,0,0,1,0,0,1,,0.23883374689826303,,0.47407120743034054,390.0,5.0,385.0,0.01282051282051282,1.0,0.9871794871794872
guard_scope,faults5,faults5,9,global_action_repair,Global action,3,31,13,5,5,0,1.0,,0,0,0,1,0,0,1,,0.23883374689826303,,0.47407120743034054,390.0,5.0,385.0,0.01282051282051282,1.0,0.9871794871794872
guard_scope,faults5,faults5,9,global_action_repair,Global action,4,31,13,5,5,0,1.0,,0,0,0,1,0,0,1,,0.23883374689826303,,0.47407120743034054,390.0,5.0,385.0,0.01282051282051282,1.0,0.9871794871794872
guard_scope,faults5,faults5,10,ccra_exact_guard,CCRA exact,0,31,13,5,5,0,1.0,,1,33,1,33,0,0,1,,0.0024813895781637717,,0.03869969040247678,1.0,1.0,0.0,1.0,0.2,0.0
guard_scope,faults5,faults5,10,ccra_exact_guard,CCRA exact,1,31,13,5,5,0,1.0,,1,32,0,32,0,0,1,,0.0024813895781637717,,0.03869969040247678,1.0,1.0,0.0,1.0,0.2,0.0
guard_scope,faults5,faults5,10,ccra_exact_guard,CCRA exact,2,31,13,5,5,0,1.0,,1,32,0,32,0,0,1,,0.0024813895781637717,,0.03869969040247678,1.0,1.0,0.0,1.0,0.2,0.0
guard_scope,faults5,faults5,10,ccra_exact_guard,CCRA exact,3,31,13,5,5,0,1.0,,1,32,0,32,0,0,1,,0.0024813895781637717,,0.03869969040247678,1.0,1.0,0.0,1.0,0.2,0.0
guard_scope,faults5,faults5,10,ccra_exact_guard,CCRA exact,4,31,13,5,5,0,1.0,,1,32,0,32,0,0,1,,0.0024813895781637717,,0.03869969040247678,1.0,1.0,0.0,1.0,0.2,0.0
guard_scope,faults5,faults5,10,ccra_row_guard,CCRA row,0,31,13,5,5,0,1.0,,1,33,1,33,0,0,1,,0.015508684863523574,,0.24187306501547987,30.0,5.0,25.0,0.16666666666666666,1.0,0.8333333333333334
guard_scope,faults5,faults5,10,ccra_row_guard,CCRA row,1,31,13,5,5,0,1.0,,1,32,0,32,0,0,1,,0.015508684863523574,,0.24187306501547987,30.0,5.0,25.0,0.16666666666666666,1.0,0.8333333333333334
guard_scope,faults5,faults5,10,ccra_row_guard,CCRA row,2,31,13,5,5,0,1.0,,1,32,0,32,0,0,1,,0.015508684863523574,,0.24187306501547987,30.0,5.0,25.0,0.16666666666666666,1.0,0.8333333333333334
guard_scope,faults5,faults5,10,ccra_row_guard,CCRA row,3,31,13,5,5,0,1.0,,1,32,0,32,0,0,1,,0.015508684863523574,,0.24187306501547987,30.0,5.0,25.0,0.16666666666666666,1.0,0.8333333333333334
guard_scope,faults5,faults5,10,ccra_row_guard,CCRA row,4,31,13,5,5,0,1.0,,1,32,0,32,0,0,1,,0.015508684863523574,,0.24187306501547987,30.0,5.0,25.0,0.16666666666666666,1.0,0.8333333333333334
guard_scope,faults5,faults5,10,ccra_column_guard,CCRA column,0,31,13,5,5,0,1.0,,0,7,1,8,0,0,1,,0.009925558312655087,,0.04643962848297214,13.0,1.0,12.0,0.07692307692307693,0.2,0.9230769230769231
guard_scope,faults5,faults5,10,ccra_column_guard,CCRA column,1,31,13,5,5,0,1.0,,0,0,0,1,0,0,1,,0.009925558312655087,,0.04643962848297214,13.0,1.0,12.0,0.07692307692307693,0.2,0.9230769230769231
guard_scope,faults5,faults5,10,ccra_column_guard,CCRA column,2,31,13,5,5,0,1.0,,0,0,0,1,0,0,1,,0.009925558312655087,,0.04643962848297214,13.0,1.0,12.0,0.07692307692307693,0.2,0.9230769230769231
guard_scope,faults5,faults5,10,ccra_column_guard,CCRA column,3,31,13,5,5,0,1.0,,0,0,0,1,0,0,1,,0.009925558312655087,,0.04643962848297214,13.0,1.0,12.0,0.07692307692307693,0.2,0.9230769230769231
guard_scope,faults5,faults5,10,ccra_column_guard,CCRA column,4,31,13,5,5,0,1.0,,0,0,0,1,0,0,1,,0.009925558312655087,,0.04643962848297214,13.0,1.0,12.0,0.07692307692307693,0.2,0.9230769230769231
guard_scope,faults5,faults5,10,ccra_region1_guard,CCRA radius 1,0,31,13,5,5,0,1.0,,1,35,1,35,0,0,1,,0.007444168734491315,,0.0696594427244582,9.0,1.0,8.0,0.1111111111111111,0.2,0.8888888888888888
guard_scope,faults5,faults5,10,ccra_region1_guard,CCRA radius 1,1,31,13,5,5,0,1.0,,1,34,0,34,0,0,1,,0.007444168734491315,,0.0696594427244582,9.0,1.0,8.0,0.1111111111111111,0.2,0.8888888888888888
guard_scope,faults5,faults5,10,ccra_region1_guard,CCRA radius 1,2,31,13,5,5,0,1.0,,1,34,0,34,0,0,1,,0.007444168734491315,,0.0696594427244582,9.0,1.0,8.0,0.1111111111111111,0.2,0.8888888888888888
guard_scope,faults5,faults5,10,ccra_region1_guard,CCRA radius 1,3,31,13,5,5,0,1.0,,1,34,0,34,0,0,1,,0.007444168734491315,,0.0696594427244582,9.0,1.0,8.0,0.1111111111111111,0.2,0.8888888888888888
guard_scope,faults5,faults5,10,ccra_region1_guard,CCRA radius 1,4,31,13,5,5,0,1.0,,1,34,0,34,0,0,1,,0.007444168734491315,,0.0696594427244582,9.0,1.0,8.0,0.1111111111111111,0.2,0.8888888888888888
guard_scope,faults5,faults5,10,ccra_region2_guard,CCRA radius 2,0,31,13,5,5,0,1.0,,1,37,1,37,0,0,1,,0.017369727047146403,,0.10061919504643962,25.0,1.0,24.0,0.04,0.2,0.96
guard_scope,faults5,faults5,10,ccra_region2_guard,CCRA radius 2,1,31,13,5,5,0,1.0,,1,36,0,36,0,0,1,,0.017369727047146403,,0.10061919504643962,25.0,1.0,24.0,0.04,0.2,0.96
guard_scope,faults5,faults5,10,ccra_region2_guard,CCRA radius 2,2,31,13,5,5,0,1.0,,1,36,0,36,0,0,1,,0.017369727047146403,,0.10061919504643962,25.0,1.0,24.0,0.04,0.2,0.96
guard_scope,faults5,faults5,10,ccra_region2_guard,CCRA radius 2,3,31,13,5,5,0,1.0,,1,36,0,36,0,0,1,,0.017369727047146403,,0.10061919504643962,25.0,1.0,24.0,0.04,0.2,0.96
guard_scope,faults5,faults5,10,ccra_region2_guard,CCRA radius 2,4,31,13,5,5,0,1.0,,1,36,0,36,0,0,1,,0.017369727047146403,,0.10061919504643962,25.0,1.0,24.0,0.04,0.2,0.96
guard_scope,faults5,faults5,10,ccra_action_guard,CCRA action,0,31,13,5,5,0,1.0,,0,7,1,8,0,0,1,,0.23883374689826303,,0.47407120743034054,390.0,5.0,385.0,0.01282051282051282,1.0,0.9871794871794872
guard_scope,faults5,faults5,10,ccra_action_guard,CCRA action,1,31,13,5,5,0,1.0,,0,0,0,1,0,0,1,,0.23883374689826303,,0.47407120743034054,390.0,5.0,385.0,0.01282051282051282,1.0,0.9871794871794872
guard_scope,faults5,faults5,10,ccra_action_guard,CCRA action,2,31,13,5,5,0,1.0,,0,0,0,1,0,0,1,,0.23883374689826303,,0.47407120743034054,390.0,5.0,385.0,0.01282051282051282,1.0,0.9871794871794872
guard_scope,faults5,faults5,10,ccra_action_guard,CCRA action,3,31,13,5,5,0,1.0,,0,0,0,1,0,0,1,,0.23883374689826303,,0.47407120743034054,390.0,5.0,385.0,0.01282051282051282,1.0,0.9871794871794872
guard_scope,faults5,faults5,10,ccra_action_guard,CCRA action,4,31,13,5,5,0,1.0,,0,0,0,1,0,0,1,,0.23883374689826303,,0.47407120743034054,390.0,5.0,385.0,0.01282051282051282,1.0,0.9871794871794872
guard_scope,faults5,faults5,10,global_action_repair,Global action,0,31,13,5,5,0,1.0,,0,9,3,10,0,0,1,,0.23883374689826303,,0.47407120743034054,390.0,5.0,385.0,0.01282051282051282,1.0,0.9871794871794872
guard_scope,faults5,faults5,10,global_action_repair,Global action,1,31,13,5,5,0,1.0,,0,0,0,1,0,0,1,,0.23883374689826303,,0.47407120743034054,390.0,5.0,385.0,0.01282051282051282,1.0,0.9871794871794872
guard_scope,faults5,faults5,10,global_action_repair,Global action,2,31,13,5,5,0,1.0,,0,0,0,1,0,0,1,,0.23883374689826303,,0.47407120743034054,390.0,5.0,385.0,0.01282051282051282,1.0,0.9871794871794872
guard_scope,faults5,faults5,10,global_action_repair,Global action,3,31,13,5,5,0,1.0,,0,0,0,1,0,0,1,,0.23883374689826303,,0.47407120743034054,390.0,5.0,385.0,0.01282051282051282,1.0,0.9871794871794872
guard_scope,faults5,faults5,10,global_action_repair,Global action,4,31,13,5,5,0,1.0,,0,0,0,1,0,0,1,,0.23883374689826303,,0.47407120743034054,390.0,5.0,385.0,0.01282051282051282,1.0,0.9871794871794872
guard_scope,faults5,faults5,11,ccra_exact_guard,CCRA exact,0,31,13,5,5,0,1.0,,1,33,1,33,0,0,1,,0.0024813895781637717,,0.03869969040247678,1.0,1.0,0.0,1.0,0.2,0.0
guard_scope,faults5,faults5,11,ccra_exact_guard,CCRA exact,1,31,13,5,5,0,1.0,,1,32,0,32,0,0,1,,0.0024813895781637717,,0.03869969040247678,1.0,1.0,0.0,1.0,0.2,0.0
guard_scope,faults5,faults5,11,ccra_exact_guard,CCRA exact,2,31,13,5,5,0,1.0,,1,32,0,32,0,0,1,,0.0024813895781637717,,0.03869969040247678,1.0,1.0,0.0,1.0,0.2,0.0
guard_scope,faults5,faults5,11,ccra_exact_guard,CCRA exact,3,31,13,5,5,0,1.0,,1,32,0,32,0,0,1,,0.0024813895781637717,,0.03869969040247678,1.0,1.0,0.0,1.0,0.2,0.0
guard_scope,faults5,faults5,11,ccra_exact_guard,CCRA exact,4,31,13,5,5,0,1.0,,1,32,0,32,0,0,1,,0.0024813895781637717,,0.03869969040247678,1.0,1.0,0.0,1.0,0.2,0.0
guard_scope,faults5,faults5,11,ccra_row_guard,CCRA row,0,31,13,5,5,0,1.0,,1,33,1,33,0,0,1,,0.015508684863523574,,0.24187306501547987,30.0,5.0,25.0,0.16666666666666666,1.0,0.8333333333333334
guard_scope,faults5,faults5,11,ccra_row_guard,CCRA row,1,31,13,5,5,0,1.0,,1,32,0,32,0,0,1,,0.015508684863523574,,0.24187306501547987,30.0,5.0,25.0,0.16666666666666666,1.0,0.8333333333333334
guard_scope,faults5,faults5,11,ccra_row_guard,CCRA row,2,31,13,5,5,0,1.0,,1,32,0,32,0,0,1,,0.015508684863523574,,0.24187306501547987,30.0,5.0,25.0,0.16666666666666666,1.0,0.8333333333333334
guard_scope,faults5,faults5,11,ccra_row_guard,CCRA row,3,31,13,5,5,0,1.0,,1,32,0,32,0,0,1,,0.015508684863523574,,0.24187306501547987,30.0,5.0,25.0,0.16666666666666666,1.0,0.8333333333333334
guard_scope,faults5,faults5,11,ccra_row_guard,CCRA row,4,31,13,5,5,0,1.0,,1,32,0,32,0,0,1,,0.015508684863523574,,0.24187306501547987,30.0,5.0,25.0,0.16666666666666666,1.0,0.8333333333333334
guard_scope,faults5,faults5,11,ccra_column_guard,CCRA column,0,31,13,5,5,0,1.0,,0,9,1,10,0,0,1,,0.009925558312655087,,0.04643962848297214,13.0,1.0,12.0,0.07692307692307693,0.2,0.9230769230769231
guard_scope,faults5,faults5,11,ccra_column_guard,CCRA column,1,31,13,5,5,0,1.0,,0,0,0,1,0,0,1,,0.009925558312655087,,0.04643962848297214,13.0,1.0,12.0,0.07692307692307693,0.2,0.9230769230769231
guard_scope,faults5,faults5,11,ccra_column_guard,CCRA column,2,31,13,5,5,0,1.0,,0,0,0,1,0,0,1,,0.009925558312655087,,0.04643962848297214,13.0,1.0,12.0,0.07692307692307693,0.2,0.9230769230769231
guard_scope,faults5,faults5,11,ccra_column_guard,CCRA column,3,31,13,5,5,0,1.0,,0,0,0,1,0,0,1,,0.009925558312655087,,0.04643962848297214,13.0,1.0,12.0,0.07692307692307693,0.2,0.9230769230769231
guard_scope,faults5,faults5,11,ccra_column_guard,CCRA column,4,31,13,5,5,0,1.0,,0,0,0,1,0,0,1,,0.009925558312655087,,0.04643962848297214,13.0,1.0,12.0,0.07692307692307693,0.2,0.9230769230769231
guard_scope,faults5,faults5,11,ccra_region1_guard,CCRA radius 1,0,31,13,5,5,0,1.0,,1,35,1,35,0,0,1,,0.007444168734491315,,0.0696594427244582,9.0,1.0,8.0,0.1111111111111111,0.2,0.8888888888888888
guard_scope,faults5,faults5,11,ccra_region1_guard,CCRA radius 1,1,31,13,5,5,0,1.0,,1,34,0,34,0,0,1,,0.007444168734491315,,0.0696594427244582,9.0,1.0,8.0,0.1111111111111111,0.2,0.8888888888888888
guard_scope,faults5,faults5,11,ccra_region1_guard,CCRA radius 1,2,31,13,5,5,0,1.0,,1,34,0,34,0,0,1,,0.007444168734491315,,0.0696594427244582,9.0,1.0,8.0,0.1111111111111111,0.2,0.8888888888888888
guard_scope,faults5,faults5,11,ccra_region1_guard,CCRA radius 1,3,31,13,5,5,0,1.0,,1,34,0,34,0,0,1,,0.007444168734491315,,0.0696594427244582,9.0,1.0,8.0,0.1111111111111111,0.2,0.8888888888888888
guard_scope,faults5,faults5,11,ccra_region1_guard,CCRA radius 1,4,31,13,5,5,0,1.0,,1,34,0,34,0,0,1,,0.007444168734491315,,0.0696594427244582,9.0,1.0,8.0,0.1111111111111111,0.2,0.8888888888888888
guard_scope,faults5,faults5,11,ccra_region2_guard,CCRA radius 2,0,31,13,5,5,0,1.0,,1,37,1,37,0,0,1,,0.017369727047146403,,0.10061919504643962,25.0,1.0,24.0,0.04,0.2,0.96
guard_scope,faults5,faults5,11,ccra_region2_guard,CCRA radius 2,1,31,13,5,5,0,1.0,,1,36,0,36,0,0,1,,0.017369727047146403,,0.10061919504643962,25.0,1.0,24.0,0.04,0.2,0.96
guard_scope,faults5,faults5,11,ccra_region2_guard,CCRA radius 2,2,31,13,5,5,0,1.0,,1,36,0,36,0,0,1,,0.017369727047146403,,0.10061919504643962,25.0,1.0,24.0,0.04,0.2,0.96
guard_scope,faults5,faults5,11,ccra_region2_guard,CCRA radius 2,3,31,13,5,5,0,1.0,,1,36,0,36,0,0,1,,0.017369727047146403,,0.10061919504643962,25.0,1.0,24.0,0.04,0.2,0.96
guard_scope,faults5,faults5,11,ccra_region2_guard,CCRA radius 2,4,31,13,5,5,0,1.0,,1,36,0,36,0,0,1,,0.017369727047146403,,0.10061919504643962,25.0,1.0,24.0,0.04,0.2,0.96
guard_scope,faults5,faults5,11,ccra_action_guard,CCRA action,0,31,13,5,5,0,1.0,,0,9,1,10,0,0,1,,0.23883374689826303,,0.47407120743034054,390.0,5.0,385.0,0.01282051282051282,1.0,0.9871794871794872
guard_scope,faults5,faults5,11,ccra_action_guard,CCRA action,1,31,13,5,5,0,1.0,,0,0,0,1,0,0,1,,0.23883374689826303,,0.47407120743034054,390.0,5.0,385.0,0.01282051282051282,1.0,0.9871794871794872
guard_scope,faults5,faults5,11,ccra_action_guard,CCRA action,2,31,13,5,5,0,1.0,,0,0,0,1,0,0,1,,0.23883374689826303,,0.47407120743034054,390.0,5.0,385.0,0.01282051282051282,1.0,0.9871794871794872
guard_scope,faults5,faults5,11,ccra_action_guard,CCRA action,3,31,13,5,5,0,1.0,,0,0,0,1,0,0,1,,0.23883374689826303,,0.47407120743034054,390.0,5.0,385.0,0.01282051282051282,1.0,0.9871794871794872
guard_scope,faults5,faults5,11,ccra_action_guard,CCRA action,4,31,13,5,5,0,1.0,,0,0,0,1,0,0,1,,0.23883374689826303,,0.47407120743034054,390.0,5.0,385.0,0.01282051282051282,1.0,0.9871794871794872
guard_scope,faults5,faults5,11,global_action_repair,Global action,0,31,13,5,5,0,1.0,,0,11,3,12,0,0,1,,0.23883374689826303,,0.47407120743034054,390.0,5.0,385.0,0.01282051282051282,1.0,0.9871794871794872
guard_scope,faults5,faults5,11,global_action_repair,Global action,1,31,13,5,5,0,1.0,,0,0,0,1,0,0,1,,0.23883374689826303,,0.47407120743034054,390.0,5.0,385.0,0.01282051282051282,1.0,0.9871794871794872
guard_scope,faults5,faults5,11,global_action_repair,Global action,2,31,13,5,5,0,1.0,,0,0,0,1,0,0,1,,0.23883374689826303,,0.47407120743034054,390.0,5.0,385.0,0.01282051282051282,1.0,0.9871794871794872
guard_scope,faults5,faults5,11,global_action_repair,Global action,3,31,13,5,5,0,1.0,,0,0,0,1,0,0,1,,0.23883374689826303,,0.47407120743034054,390.0,5.0,385.0,0.01282051282051282,1.0,0.9871794871794872
guard_scope,faults5,faults5,11,global_action_repair,Global action,4,31,13,5,5,0,1.0,,0,0,0,1,0,0,1,,0.23883374689826303,,0.47407120743034054,390.0,5.0,385.0,0.01282051282051282,1.0,0.9871794871794872
guard_scope,faults5,faults5,12,ccra_exact_guard,CCRA exact,0,31,13,5,5,0,1.0,,1,33,1,33,0,0,1,,0.0024813895781637717,,0.03869969040247678,1.0,1.0,0.0,1.0,0.2,0.0
guard_scope,faults5,faults5,12,ccra_exact_guard,CCRA exact,1,31,13,5,5,0,1.0,,1,32,0,32,0,0,1,,0.0024813895781637717,,0.03869969040247678,1.0,1.0,0.0,1.0,0.2,0.0
guard_scope,faults5,faults5,12,ccra_exact_guard,CCRA exact,2,31,13,5,5,0,1.0,,1,32,0,32,0,0,1,,0.0024813895781637717,,0.03869969040247678,1.0,1.0,0.0,1.0,0.2,0.0
guard_scope,faults5,faults5,12,ccra_exact_guard,CCRA exact,3,31,13,5,5,0,1.0,,1,32,0,32,0,0,1,,0.0024813895781637717,,0.03869969040247678,1.0,1.0,0.0,1.0,0.2,0.0
guard_scope,faults5,faults5,12,ccra_exact_guard,CCRA exact,4,31,13,5,5,0,1.0,,1,32,0,32,0,0,1,,0.0024813895781637717,,0.03869969040247678,1.0,1.0,0.0,1.0,0.2,0.0
guard_scope,faults5,faults5,12,ccra_row_guard,CCRA row,0,31,13,5,5,0,1.0,,1,33,1,33,0,0,1,,0.015508684863523574,,0.24187306501547987,30.0,5.0,25.0,0.16666666666666666,1.0,0.8333333333333334
guard_scope,faults5,faults5,12,ccra_row_guard,CCRA row,1,31,13,5,5,0,1.0,,1,32,0,32,0,0,1,,0.015508684863523574,,0.24187306501547987,30.0,5.0,25.0,0.16666666666666666,1.0,0.8333333333333334
guard_scope,faults5,faults5,12,ccra_row_guard,CCRA row,2,31,13,5,5,0,1.0,,1,32,0,32,0,0,1,,0.015508684863523574,,0.24187306501547987,30.0,5.0,25.0,0.16666666666666666,1.0,0.8333333333333334
guard_scope,faults5,faults5,12,ccra_row_guard,CCRA row,3,31,13,5,5,0,1.0,,1,32,0,32,0,0,1,,0.015508684863523574,,0.24187306501547987,30.0,5.0,25.0,0.16666666666666666,1.0,0.8333333333333334
guard_scope,faults5,faults5,12,ccra_row_guard,CCRA row,4,31,13,5,5,0,1.0,,1,32,0,32,0,0,1,,0.015508684863523574,,0.24187306501547987,30.0,5.0,25.0,0.16666666666666666,1.0,0.8333333333333334
guard_scope,faults5,faults5,12,ccra_column_guard,CCRA column,0,31,13,5,5,0,1.0,,0,5,1,6,0,0,1,,0.009925558312655087,,0.04643962848297214,13.0,1.0,12.0,0.07692307692307693,0.2,0.9230769230769231
guard_scope,faults5,faults5,12,ccra_column_guard,CCRA column,1,31,13,5,5,0,1.0,,0,0,0,1,0,0,1,,0.009925558312655087,,0.04643962848297214,13.0,1.0,12.0,0.07692307692307693,0.2,0.9230769230769231
guard_scope,faults5,faults5,12,ccra_column_guard,CCRA column,2,31,13,5,5,0,1.0,,0,0,0,1,0,0,1,,0.009925558312655087,,0.04643962848297214,13.0,1.0,12.0,0.07692307692307693,0.2,0.9230769230769231
guard_scope,faults5,faults5,12,ccra_column_guard,CCRA column,3,31,13,5,5,0,1.0,,0,0,0,1,0,0,1,,0.009925558312655087,,0.04643962848297214,13.0,1.0,12.0,0.07692307692307693,0.2,0.9230769230769231
guard_scope,faults5,faults5,12,ccra_column_guard,CCRA column,4,31,13,5,5,0,1.0,,0,0,0,1,0,0,1,,0.009925558312655087,,0.04643962848297214,13.0,1.0,12.0,0.07692307692307693,0.2,0.9230769230769231
guard_scope,faults5,faults5,12,ccra_region1_guard,CCRA radius 1,0,31,13,5,5,0,1.0,,1,35,1,35,0,0,1,,0.007444168734491315,,0.0696594427244582,9.0,1.0,8.0,0.1111111111111111,0.2,0.8888888888888888
guard_scope,faults5,faults5,12,ccra_region1_guard,CCRA radius 1,1,31,13,5,5,0,1.0,,1,34,0,34,0,0,1,,0.007444168734491315,,0.0696594427244582,9.0,1.0,8.0,0.1111111111111111,0.2,0.8888888888888888
guard_scope,faults5,faults5,12,ccra_region1_guard,CCRA radius 1,2,31,13,5,5,0,1.0,,1,34,0,34,0,0,1,,0.007444168734491315,,0.0696594427244582,9.0,1.0,8.0,0.1111111111111111,0.2,0.8888888888888888
guard_scope,faults5,faults5,12,ccra_region1_guard,CCRA radius 1,3,31,13,5,5,0,1.0,,1,34,0,34,0,0,1,,0.007444168734491315,,0.0696594427244582,9.0,1.0,8.0,0.1111111111111111,0.2,0.8888888888888888
guard_scope,faults5,faults5,12,ccra_region1_guard,CCRA radius 1,4,31,13,5,5,0,1.0,,1,34,0,34,0,0,1,,0.007444168734491315,,0.0696594427244582,9.0,1.0,8.0,0.1111111111111111,0.2,0.8888888888888888
guard_scope,faults5,faults5,12,ccra_region2_guard,CCRA radius 2,0,31,13,5,5,0,1.0,,1,37,1,37,0,0,1,,0.017369727047146403,,0.10061919504643962,25.0,1.0,24.0,0.04,0.2,0.96
guard_scope,faults5,faults5,12,ccra_region2_guard,CCRA radius 2,1,31,13,5,5,0,1.0,,1,36,0,36,0,0,1,,0.017369727047146403,,0.10061919504643962,25.0,1.0,24.0,0.04,0.2,0.96
guard_scope,faults5,faults5,12,ccra_region2_guard,CCRA radius 2,2,31,13,5,5,0,1.0,,1,36,0,36,0,0,1,,0.017369727047146403,,0.10061919504643962,25.0,1.0,24.0,0.04,0.2,0.96
guard_scope,faults5,faults5,12,ccra_region2_guard,CCRA radius 2,3,31,13,5,5,0,1.0,,1,36,0,36,0,0,1,,0.017369727047146403,,0.10061919504643962,25.0,1.0,24.0,0.04,0.2,0.96
guard_scope,faults5,faults5,12,ccra_region2_guard,CCRA radius 2,4,31,13,5,5,0,1.0,,1,36,0,36,0,0,1,,0.017369727047146403,,0.10061919504643962,25.0,1.0,24.0,0.04,0.2,0.96
guard_scope,faults5,faults5,12,ccra_action_guard,CCRA action,0,31,13,5,5,0,1.0,,0,5,1,6,0,0,1,,0.23883374689826303,,0.47407120743034054,390.0,5.0,385.0,0.01282051282051282,1.0,0.9871794871794872
guard_scope,faults5,faults5,12,ccra_action_guard,CCRA action,1,31,13,5,5,0,1.0,,0,0,0,1,0,0,1,,0.23883374689826303,,0.47407120743034054,390.0,5.0,385.0,0.01282051282051282,1.0,0.9871794871794872
guard_scope,faults5,faults5,12,ccra_action_guard,CCRA action,2,31,13,5,5,0,1.0,,0,0,0,1,0,0,1,,0.23883374689826303,,0.47407120743034054,390.0,5.0,385.0,0.01282051282051282,1.0,0.9871794871794872
guard_scope,faults5,faults5,12,ccra_action_guard,CCRA action,3,31,13,5,5,0,1.0,,0,0,0,1,0,0,1,,0.23883374689826303,,0.47407120743034054,390.0,5.0,385.0,0.01282051282051282,1.0,0.9871794871794872
guard_scope,faults5,faults5,12,ccra_action_guard,CCRA action,4,31,13,5,5,0,1.0,,0,0,0,1,0,0,1,,0.23883374689826303,,0.47407120743034054,390.0,5.0,385.0,0.01282051282051282,1.0,0.9871794871794872
guard_scope,faults5,faults5,12,global_action_repair,Global action,0,31,13,5,5,0,1.0,,0,7,3,8,0,0,1,,0.23883374689826303,,0.47407120743034054,390.0,5.0,385.0,0.01282051282051282,1.0,0.9871794871794872
guard_scope,faults5,faults5,12,global_action_repair,Global action,1,31,13,5,5,0,1.0,,0,0,0,1,0,0,1,,0.23883374689826303,,0.47407120743034054,390.0,5.0,385.0,0.01282051282051282,1.0,0.9871794871794872
guard_scope,faults5,faults5,12,global_action_repair,Global action,2,31,13,5,5,0,1.0,,0,0,0,1,0,0,1,,0.23883374689826303,,0.47407120743034054,390.0,5.0,385.0,0.01282051282051282,1.0,0.9871794871794872
guard_scope,faults5,faults5,12,global_action_repair,Global action,3,31,13,5,5,0,1.0,,0,0,0,1,0,0,1,,0.23883374689826303,,0.47407120743034054,390.0,5.0,385.0,0.01282051282051282,1.0,0.9871794871794872
guard_scope,faults5,faults5,12,global_action_repair,Global action,4,31,13,5,5,0,1.0,,0,0,0,1,0,0,1,,0.23883374689826303,,0.47407120743034054,390.0,5.0,385.0,0.01282051282051282,1.0,0.9871794871794872
guard_scope,faults5,faults5,13,ccra_exact_guard,CCRA exact,0,31,13,5,5,0,1.0,,1,33,1,33,0,0,1,,0.0024813895781637717,,0.03869969040247678,1.0,1.0,0.0,1.0,0.2,0.0
guard_scope,faults5,faults5,13,ccra_exact_guard,CCRA exact,1,31,13,5,5,0,1.0,,1,32,0,32,0,0,1,,0.0024813895781637717,,0.03869969040247678,1.0,1.0,0.0,1.0,0.2,0.0
guard_scope,faults5,faults5,13,ccra_exact_guard,CCRA exact,2,31,13,5,5,0,1.0,,1,32,0,32,0,0,1,,0.0024813895781637717,,0.03869969040247678,1.0,1.0,0.0,1.0,0.2,0.0
guard_scope,faults5,faults5,13,ccra_exact_guard,CCRA exact,3,31,13,5,5,0,1.0,,1,32,0,32,0,0,1,,0.0024813895781637717,,0.03869969040247678,1.0,1.0,0.0,1.0,0.2,0.0
guard_scope,faults5,faults5,13,ccra_exact_guard,CCRA exact,4,31,13,5,5,0,1.0,,1,32,0,32,0,0,1,,0.0024813895781637717,,0.03869969040247678,1.0,1.0,0.0,1.0,0.2,0.0
guard_scope,faults5,faults5,13,ccra_row_guard,CCRA row,0,31,13,5,5,0,1.0,,1,33,1,33,0,0,1,,0.015508684863523574,,0.24187306501547987,30.0,5.0,25.0,0.16666666666666666,1.0,0.8333333333333334
guard_scope,faults5,faults5,13,ccra_row_guard,CCRA row,1,31,13,5,5,0,1.0,,1,32,0,32,0,0,1,,0.015508684863523574,,0.24187306501547987,30.0,5.0,25.0,0.16666666666666666,1.0,0.8333333333333334
guard_scope,faults5,faults5,13,ccra_row_guard,CCRA row,2,31,13,5,5,0,1.0,,1,32,0,32,0,0,1,,0.015508684863523574,,0.24187306501547987,30.0,5.0,25.0,0.16666666666666666,1.0,0.8333333333333334
guard_scope,faults5,faults5,13,ccra_row_guard,CCRA row,3,31,13,5,5,0,1.0,,1,32,0,32,0,0,1,,0.015508684863523574,,0.24187306501547987,30.0,5.0,25.0,0.16666666666666666,1.0,0.8333333333333334
guard_scope,faults5,faults5,13,ccra_row_guard,CCRA row,4,31,13,5,5,0,1.0,,1,32,0,32,0,0,1,,0.015508684863523574,,0.24187306501547987,30.0,5.0,25.0,0.16666666666666666,1.0,0.8333333333333334
guard_scope,faults5,faults5,13,ccra_column_guard,CCRA column,0,31,13,5,5,0,1.0,,0,7,1,8,0,0,1,,0.009925558312655087,,0.04643962848297214,13.0,1.0,12.0,0.07692307692307693,0.2,0.9230769230769231
guard_scope,faults5,faults5,13,ccra_column_guard,CCRA column,1,31,13,5,5,0,1.0,,0,0,0,1,0,0,1,,0.009925558312655087,,0.04643962848297214,13.0,1.0,12.0,0.07692307692307693,0.2,0.9230769230769231
guard_scope,faults5,faults5,13,ccra_column_guard,CCRA column,2,31,13,5,5,0,1.0,,0,0,0,1,0,0,1,,0.009925558312655087,,0.04643962848297214,13.0,1.0,12.0,0.07692307692307693,0.2,0.9230769230769231
guard_scope,faults5,faults5,13,ccra_column_guard,CCRA column,3,31,13,5,5,0,1.0,,0,0,0,1,0,0,1,,0.009925558312655087,,0.04643962848297214,13.0,1.0,12.0,0.07692307692307693,0.2,0.9230769230769231
guard_scope,faults5,faults5,13,ccra_column_guard,CCRA column,4,31,13,5,5,0,1.0,,0,0,0,1,0,0,1,,0.009925558312655087,,0.04643962848297214,13.0,1.0,12.0,0.07692307692307693,0.2,0.9230769230769231
guard_scope,faults5,faults5,13,ccra_region1_guard,CCRA radius 1,0,31,13,5,5,0,1.0,,1,35,1,35,0,0,1,,0.007444168734491315,,0.0696594427244582,9.0,1.0,8.0,0.1111111111111111,0.2,0.8888888888888888
guard_scope,faults5,faults5,13,ccra_region1_guard,CCRA radius 1,1,31,13,5,5,0,1.0,,1,34,0,34,0,0,1,,0.007444168734491315,,0.0696594427244582,9.0,1.0,8.0,0.1111111111111111,0.2,0.8888888888888888
guard_scope,faults5,faults5,13,ccra_region1_guard,CCRA radius 1,2,31,13,5,5,0,1.0,,1,34,0,34,0,0,1,,0.007444168734491315,,0.0696594427244582,9.0,1.0,8.0,0.1111111111111111,0.2,0.8888888888888888
guard_scope,faults5,faults5,13,ccra_region1_guard,CCRA radius 1,3,31,13,5,5,0,1.0,,1,34,0,34,0,0,1,,0.007444168734491315,,0.0696594427244582,9.0,1.0,8.0,0.1111111111111111,0.2,0.8888888888888888
guard_scope,faults5,faults5,13,ccra_region1_guard,CCRA radius 1,4,31,13,5,5,0,1.0,,1,34,0,34,0,0,1,,0.007444168734491315,,0.0696594427244582,9.0,1.0,8.0,0.1111111111111111,0.2,0.8888888888888888
guard_scope,faults5,faults5,13,ccra_region2_guard,CCRA radius 2,0,31,13,5,5,0,1.0,,1,37,1,37,0,0,1,,0.016129032258064516,,0.08126934984520123,25.0,2.0,23.0,0.08,0.4,0.92
guard_scope,faults5,faults5,13,ccra_region2_guard,CCRA radius 2,1,31,13,5,5,0,1.0,,1,36,0,36,0,0,1,,0.016129032258064516,,0.08126934984520123,25.0,2.0,23.0,0.08,0.4,0.92
guard_scope,faults5,faults5,13,ccra_region2_guard,CCRA radius 2,2,31,13,5,5,0,1.0,,1,36,0,36,0,0,1,,0.016129032258064516,,0.08126934984520123,25.0,2.0,23.0,0.08,0.4,0.92
guard_scope,faults5,faults5,13,ccra_region2_guard,CCRA radius 2,3,31,13,5,5,0,1.0,,1,36,0,36,0,0,1,,0.016129032258064516,,0.08126934984520123,25.0,2.0,23.0,0.08,0.4,0.92
guard_scope,faults5,faults5,13,ccra_region2_guard,CCRA radius 2,4,31,13,5,5,0,1.0,,1,36,0,36,0,0,1,,0.016129032258064516,,0.08126934984520123,25.0,2.0,23.0,0.08,0.4,0.92
guard_scope,faults5,faults5,13,ccra_action_guard,CCRA action,0,31,13,5,5,0,1.0,,0,7,1,8,0,0,1,,0.23883374689826303,,0.47407120743034054,390.0,5.0,385.0,0.01282051282051282,1.0,0.9871794871794872
guard_scope,faults5,faults5,13,ccra_action_guard,CCRA action,1,31,13,5,5,0,1.0,,0,0,0,1,0,0,1,,0.23883374689826303,,0.47407120743034054,390.0,5.0,385.0,0.01282051282051282,1.0,0.9871794871794872
guard_scope,faults5,faults5,13,ccra_action_guard,CCRA action,2,31,13,5,5,0,1.0,,0,0,0,1,0,0,1,,0.23883374689826303,,0.47407120743034054,390.0,5.0,385.0,0.01282051282051282,1.0,0.9871794871794872
guard_scope,faults5,faults5,13,ccra_action_guard,CCRA action,3,31,13,5,5,0,1.0,,0,0,0,1,0,0,1,,0.23883374689826303,,0.47407120743034054,390.0,5.0,385.0,0.01282051282051282,1.0,0.9871794871794872
guard_scope,faults5,faults5,13,ccra_action_guard,CCRA action,4,31,13,5,5,0,1.0,,0,0,0,1,0,0,1,,0.23883374689826303,,0.47407120743034054,390.0,5.0,385.0,0.01282051282051282,1.0,0.9871794871794872
guard_scope,faults5,faults5,13,global_action_repair,Global action,0,31,13,5,5,0,1.0,,0,9,3,10,0,0,1,,0.23883374689826303,,0.47407120743034054,390.0,5.0,385.0,0.01282051282051282,1.0,0.9871794871794872
guard_scope,faults5,faults5,13,global_action_repair,Global action,1,31,13,5,5,0,1.0,,0,0,0,1,0,0,1,,0.23883374689826303,,0.47407120743034054,390.0,5.0,385.0,0.01282051282051282,1.0,0.9871794871794872
guard_scope,faults5,faults5,13,global_action_repair,Global action,2,31,13,5,5,0,1.0,,0,0,0,1,0,0,1,,0.23883374689826303,,0.47407120743034054,390.0,5.0,385.0,0.01282051282051282,1.0,0.9871794871794872
guard_scope,faults5,faults5,13,global_action_repair,Global action,3,31,13,5,5,0,1.0,,0,0,0,1,0,0,1,,0.23883374689826303,,0.47407120743034054,390.0,5.0,385.0,0.01282051282051282,1.0,0.9871794871794872
guard_scope,faults5,faults5,13,global_action_repair,Global action,4,31,13,5,5,0,1.0,,0,0,0,1,0,0,1,,0.23883374689826303,,0.47407120743034054,390.0,5.0,385.0,0.01282051282051282,1.0,0.9871794871794872
guard_scope,faults5,faults5,14,ccra_exact_guard,CCRA exact,0,31,13,5,5,0,1.0,,1,33,1,33,0,0,1,,0.0024813895781637717,,0.03869969040247678,1.0,1.0,0.0,1.0,0.2,0.0
guard_scope,faults5,faults5,14,ccra_exact_guard,CCRA exact,1,31,13,5,5,0,1.0,,1,32,0,32,0,0,1,,0.0024813895781637717,,0.03869969040247678,1.0,1.0,0.0,1.0,0.2,0.0
guard_scope,faults5,faults5,14,ccra_exact_guard,CCRA exact,2,31,13,5,5,0,1.0,,1,32,0,32,0,0,1,,0.0024813895781637717,,0.03869969040247678,1.0,1.0,0.0,1.0,0.2,0.0
guard_scope,faults5,faults5,14,ccra_exact_guard,CCRA exact,3,31,13,5,5,0,1.0,,1,32,0,32,0,0,1,,0.0024813895781637717,,0.03869969040247678,1.0,1.0,0.0,1.0,0.2,0.0
guard_scope,faults5,faults5,14,ccra_exact_guard,CCRA exact,4,31,13,5,5,0,1.0,,1,32,0,32,0,0,1,,0.0024813895781637717,,0.03869969040247678,1.0,1.0,0.0,1.0,0.2,0.0
guard_scope,faults5,faults5,14,ccra_row_guard,CCRA row,0,31,13,5,5,0,1.0,,1,33,1,33,0,0,1,,0.015508684863523574,,0.24187306501547987,30.0,5.0,25.0,0.16666666666666666,1.0,0.8333333333333334
guard_scope,faults5,faults5,14,ccra_row_guard,CCRA row,1,31,13,5,5,0,1.0,,1,32,0,32,0,0,1,,0.015508684863523574,,0.24187306501547987,30.0,5.0,25.0,0.16666666666666666,1.0,0.8333333333333334
guard_scope,faults5,faults5,14,ccra_row_guard,CCRA row,2,31,13,5,5,0,1.0,,1,32,0,32,0,0,1,,0.015508684863523574,,0.24187306501547987,30.0,5.0,25.0,0.16666666666666666,1.0,0.8333333333333334
guard_scope,faults5,faults5,14,ccra_row_guard,CCRA row,3,31,13,5,5,0,1.0,,1,32,0,32,0,0,1,,0.015508684863523574,,0.24187306501547987,30.0,5.0,25.0,0.16666666666666666,1.0,0.8333333333333334
guard_scope,faults5,faults5,14,ccra_row_guard,CCRA row,4,31,13,5,5,0,1.0,,1,32,0,32,0,0,1,,0.015508684863523574,,0.24187306501547987,30.0,5.0,25.0,0.16666666666666666,1.0,0.8333333333333334
guard_scope,faults5,faults5,14,ccra_column_guard,CCRA column,0,31,13,5,5,0,1.0,,0,5,1,6,0,0,1,,0.009925558312655087,,0.04643962848297214,13.0,1.0,12.0,0.07692307692307693,0.2,0.9230769230769231
guard_scope,faults5,faults5,14,ccra_column_guard,CCRA column,1,31,13,5,5,0,1.0,,0,0,0,1,0,0,1,,0.009925558312655087,,0.04643962848297214,13.0,1.0,12.0,0.07692307692307693,0.2,0.9230769230769231
guard_scope,faults5,faults5,14,ccra_column_guard,CCRA column,2,31,13,5,5,0,1.0,,0,0,0,1,0,0,1,,0.009925558312655087,,0.04643962848297214,13.0,1.0,12.0,0.07692307692307693,0.2,0.9230769230769231
guard_scope,faults5,faults5,14,ccra_column_guard,CCRA column,3,31,13,5,5,0,1.0,,0,0,0,1,0,0,1,,0.009925558312655087,,0.04643962848297214,13.0,1.0,12.0,0.07692307692307693,0.2,0.9230769230769231
guard_scope,faults5,faults5,14,ccra_column_guard,CCRA column,4,31,13,5,5,0,1.0,,0,0,0,1,0,0,1,,0.009925558312655087,,0.04643962848297214,13.0,1.0,12.0,0.07692307692307693,0.2,0.9230769230769231
guard_scope,faults5,faults5,14,ccra_region1_guard,CCRA radius 1,0,31,13,5,5,0,1.0,,1,35,1,35,0,0,1,,0.007444168734491315,,0.0696594427244582,9.0,1.0,8.0,0.1111111111111111,0.2,0.8888888888888888
guard_scope,faults5,faults5,14,ccra_region1_guard,CCRA radius 1,1,31,13,5,5,0,1.0,,1,34,0,34,0,0,1,,0.007444168734491315,,0.0696594427244582,9.0,1.0,8.0,0.1111111111111111,0.2,0.8888888888888888
guard_scope,faults5,faults5,14,ccra_region1_guard,CCRA radius 1,2,31,13,5,5,0,1.0,,1,34,0,34,0,0,1,,0.007444168734491315,,0.0696594427244582,9.0,1.0,8.0,0.1111111111111111,0.2,0.8888888888888888
guard_scope,faults5,faults5,14,ccra_region1_guard,CCRA radius 1,3,31,13,5,5,0,1.0,,1,34,0,34,0,0,1,,0.007444168734491315,,0.0696594427244582,9.0,1.0,8.0,0.1111111111111111,0.2,0.8888888888888888
guard_scope,faults5,faults5,14,ccra_region1_guard,CCRA radius 1,4,31,13,5,5,0,1.0,,1,34,0,34,0,0,1,,0.007444168734491315,,0.0696594427244582,9.0,1.0,8.0,0.1111111111111111,0.2,0.8888888888888888
guard_scope,faults5,faults5,14,ccra_region2_guard,CCRA radius 2,0,31,13,5,5,0,1.0,,1,37,1,37,0,0,1,,0.017369727047146403,,0.10061919504643962,25.0,1.0,24.0,0.04,0.2,0.96
guard_scope,faults5,faults5,14,ccra_region2_guard,CCRA radius 2,1,31,13,5,5,0,1.0,,1,36,0,36,0,0,1,,0.017369727047146403,,0.10061919504643962,25.0,1.0,24.0,0.04,0.2,0.96
guard_scope,faults5,faults5,14,ccra_region2_guard,CCRA radius 2,2,31,13,5,5,0,1.0,,1,36,0,36,0,0,1,,0.017369727047146403,,0.10061919504643962,25.0,1.0,24.0,0.04,0.2,0.96
guard_scope,faults5,faults5,14,ccra_region2_guard,CCRA radius 2,3,31,13,5,5,0,1.0,,1,36,0,36,0,0,1,,0.017369727047146403,,0.10061919504643962,25.0,1.0,24.0,0.04,0.2,0.96
guard_scope,faults5,faults5,14,ccra_region2_guard,CCRA radius 2,4,31,13,5,5,0,1.0,,1,36,0,36,0,0,1,,0.017369727047146403,,0.10061919504643962,25.0,1.0,24.0,0.04,0.2,0.96
guard_scope,faults5,faults5,14,ccra_action_guard,CCRA action,0,31,13,5,5,0,1.0,,0,5,1,6,0,0,1,,0.23883374689826303,,0.47407120743034054,390.0,5.0,385.0,0.01282051282051282,1.0,0.9871794871794872
guard_scope,faults5,faults5,14,ccra_action_guard,CCRA action,1,31,13,5,5,0,1.0,,0,0,0,1,0,0,1,,0.23883374689826303,,0.47407120743034054,390.0,5.0,385.0,0.01282051282051282,1.0,0.9871794871794872
guard_scope,faults5,faults5,14,ccra_action_guard,CCRA action,2,31,13,5,5,0,1.0,,0,0,0,1,0,0,1,,0.23883374689826303,,0.47407120743034054,390.0,5.0,385.0,0.01282051282051282,1.0,0.9871794871794872
guard_scope,faults5,faults5,14,ccra_action_guard,CCRA action,3,31,13,5,5,0,1.0,,0,0,0,1,0,0,1,,0.23883374689826303,,0.47407120743034054,390.0,5.0,385.0,0.01282051282051282,1.0,0.9871794871794872
guard_scope,faults5,faults5,14,ccra_action_guard,CCRA action,4,31,13,5,5,0,1.0,,0,0,0,1,0,0,1,,0.23883374689826303,,0.47407120743034054,390.0,5.0,385.0,0.01282051282051282,1.0,0.9871794871794872
guard_scope,faults5,faults5,14,global_action_repair,Global action,0,31,13,5,5,0,1.0,,0,7,3,8,0,0,1,,0.23883374689826303,,0.47407120743034054,390.0,5.0,385.0,0.01282051282051282,1.0,0.9871794871794872
guard_scope,faults5,faults5,14,global_action_repair,Global action,1,31,13,5,5,0,1.0,,0,0,0,1,0,0,1,,0.23883374689826303,,0.47407120743034054,390.0,5.0,385.0,0.01282051282051282,1.0,0.9871794871794872
guard_scope,faults5,faults5,14,global_action_repair,Global action,2,31,13,5,5,0,1.0,,0,0,0,1,0,0,1,,0.23883374689826303,,0.47407120743034054,390.0,5.0,385.0,0.01282051282051282,1.0,0.9871794871794872
guard_scope,faults5,faults5,14,global_action_repair,Global action,3,31,13,5,5,0,1.0,,0,0,0,1,0,0,1,,0.23883374689826303,,0.47407120743034054,390.0,5.0,385.0,0.01282051282051282,1.0,0.9871794871794872
guard_scope,faults5,faults5,14,global_action_repair,Global action,4,31,13,5,5,0,1.0,,0,0,0,1,0,0,1,,0.23883374689826303,,0.47407120743034054,390.0,5.0,385.0,0.01282051282051282,1.0,0.9871794871794872
guard_scope,faults5,faults5,15,ccra_exact_guard,CCRA exact,0,31,13,5,5,0,1.0,,1,33,1,33,0,0,1,,0.0024813895781637717,,0.03869969040247678,1.0,1.0,0.0,1.0,0.2,0.0
guard_scope,faults5,faults5,15,ccra_exact_guard,CCRA exact,1,31,13,5,5,0,1.0,,1,32,0,32,0,0,1,,0.0024813895781637717,,0.03869969040247678,1.0,1.0,0.0,1.0,0.2,0.0
guard_scope,faults5,faults5,15,ccra_exact_guard,CCRA exact,2,31,13,5,5,0,1.0,,1,32,0,32,0,0,1,,0.0024813895781637717,,0.03869969040247678,1.0,1.0,0.0,1.0,0.2,0.0
guard_scope,faults5,faults5,15,ccra_exact_guard,CCRA exact,3,31,13,5,5,0,1.0,,1,32,0,32,0,0,1,,0.0024813895781637717,,0.03869969040247678,1.0,1.0,0.0,1.0,0.2,0.0
guard_scope,faults5,faults5,15,ccra_exact_guard,CCRA exact,4,31,13,5,5,0,1.0,,1,32,0,32,0,0,1,,0.0024813895781637717,,0.03869969040247678,1.0,1.0,0.0,1.0,0.2,0.0
guard_scope,faults5,faults5,15,ccra_row_guard,CCRA row,0,31,13,5,5,0,1.0,,1,33,1,33,0,0,1,,0.015508684863523574,,0.24187306501547987,30.0,5.0,25.0,0.16666666666666666,1.0,0.8333333333333334
guard_scope,faults5,faults5,15,ccra_row_guard,CCRA row,1,31,13,5,5,0,1.0,,1,32,0,32,0,0,1,,0.015508684863523574,,0.24187306501547987,30.0,5.0,25.0,0.16666666666666666,1.0,0.8333333333333334
guard_scope,faults5,faults5,15,ccra_row_guard,CCRA row,2,31,13,5,5,0,1.0,,1,32,0,32,0,0,1,,0.015508684863523574,,0.24187306501547987,30.0,5.0,25.0,0.16666666666666666,1.0,0.8333333333333334
guard_scope,faults5,faults5,15,ccra_row_guard,CCRA row,3,31,13,5,5,0,1.0,,1,32,0,32,0,0,1,,0.015508684863523574,,0.24187306501547987,30.0,5.0,25.0,0.16666666666666666,1.0,0.8333333333333334
guard_scope,faults5,faults5,15,ccra_row_guard,CCRA row,4,31,13,5,5,0,1.0,,1,32,0,32,0,0,1,,0.015508684863523574,,0.24187306501547987,30.0,5.0,25.0,0.16666666666666666,1.0,0.8333333333333334
guard_scope,faults5,faults5,15,ccra_column_guard,CCRA column,0,31,13,5,5,0,1.0,,0,4,1,5,0,0,1,,0.009925558312655087,,0.04643962848297214,13.0,1.0,12.0,0.07692307692307693,0.2,0.9230769230769231
guard_scope,faults5,faults5,15,ccra_column_guard,CCRA column,1,31,13,5,5,0,1.0,,0,0,0,1,0,0,1,,0.009925558312655087,,0.04643962848297214,13.0,1.0,12.0,0.07692307692307693,0.2,0.9230769230769231
guard_scope,faults5,faults5,15,ccra_column_guard,CCRA column,2,31,13,5,5,0,1.0,,0,0,0,1,0,0,1,,0.009925558312655087,,0.04643962848297214,13.0,1.0,12.0,0.07692307692307693,0.2,0.9230769230769231
guard_scope,faults5,faults5,15,ccra_column_guard,CCRA column,3,31,13,5,5,0,1.0,,0,0,0,1,0,0,1,,0.009925558312655087,,0.04643962848297214,13.0,1.0,12.0,0.07692307692307693,0.2,0.9230769230769231
guard_scope,faults5,faults5,15,ccra_column_guard,CCRA column,4,31,13,5,5,0,1.0,,0,0,0,1,0,0,1,,0.009925558312655087,,0.04643962848297214,13.0,1.0,12.0,0.07692307692307693,0.2,0.9230769230769231
guard_scope,faults5,faults5,15,ccra_region1_guard,CCRA radius 1,0,31,13,5,5,0,1.0,,1,35,1,35,0,0,1,,0.007444168734491315,,0.0696594427244582,9.0,1.0,8.0,0.1111111111111111,0.2,0.8888888888888888
guard_scope,faults5,faults5,15,ccra_region1_guard,CCRA radius 1,1,31,13,5,5,0,1.0,,1,34,0,34,0,0,1,,0.007444168734491315,,0.0696594427244582,9.0,1.0,8.0,0.1111111111111111,0.2,0.8888888888888888
guard_scope,faults5,faults5,15,ccra_region1_guard,CCRA radius 1,2,31,13,5,5,0,1.0,,1,34,0,34,0,0,1,,0.007444168734491315,,0.0696594427244582,9.0,1.0,8.0,0.1111111111111111,0.2,0.8888888888888888
guard_scope,faults5,faults5,15,ccra_region1_guard,CCRA radius 1,3,31,13,5,5,0,1.0,,1,34,0,34,0,0,1,,0.007444168734491315,,0.0696594427244582,9.0,1.0,8.0,0.1111111111111111,0.2,0.8888888888888888
guard_scope,faults5,faults5,15,ccra_region1_guard,CCRA radius 1,4,31,13,5,5,0,1.0,,1,34,0,34,0,0,1,,0.007444168734491315,,0.0696594427244582,9.0,1.0,8.0,0.1111111111111111,0.2,0.8888888888888888
guard_scope,faults5,faults5,15,ccra_region2_guard,CCRA radius 2,0,31,13,5,5,0,1.0,,1,37,1,37,0,0,1,,0.016129032258064516,,0.08126934984520123,25.0,2.0,23.0,0.08,0.4,0.92
guard_scope,faults5,faults5,15,ccra_region2_guard,CCRA radius 2,1,31,13,5,5,0,1.0,,1,36,0,36,0,0,1,,0.016129032258064516,,0.08126934984520123,25.0,2.0,23.0,0.08,0.4,0.92
guard_scope,faults5,faults5,15,ccra_region2_guard,CCRA radius 2,2,31,13,5,5,0,1.0,,1,36,0,36,0,0,1,,0.016129032258064516,,0.08126934984520123,25.0,2.0,23.0,0.08,0.4,0.92
guard_scope,faults5,faults5,15,ccra_region2_guard,CCRA radius 2,3,31,13,5,5,0,1.0,,1,36,0,36,0,0,1,,0.016129032258064516,,0.08126934984520123,25.0,2.0,23.0,0.08,0.4,0.92
guard_scope,faults5,faults5,15,ccra_region2_guard,CCRA radius 2,4,31,13,5,5,0,1.0,,1,36,0,36,0,0,1,,0.016129032258064516,,0.08126934984520123,25.0,2.0,23.0,0.08,0.4,0.92
guard_scope,faults5,faults5,15,ccra_action_guard,CCRA action,0,31,13,5,5,0,1.0,,0,4,1,5,0,0,1,,0.23883374689826303,,0.47407120743034054,390.0,5.0,385.0,0.01282051282051282,1.0,0.9871794871794872
guard_scope,faults5,faults5,15,ccra_action_guard,CCRA action,1,31,13,5,5,0,1.0,,0,0,0,1,0,0,1,,0.23883374689826303,,0.47407120743034054,390.0,5.0,385.0,0.01282051282051282,1.0,0.9871794871794872
guard_scope,faults5,faults5,15,ccra_action_guard,CCRA action,2,31,13,5,5,0,1.0,,0,0,0,1,0,0,1,,0.23883374689826303,,0.47407120743034054,390.0,5.0,385.0,0.01282051282051282,1.0,0.9871794871794872
guard_scope,faults5,faults5,15,ccra_action_guard,CCRA action,3,31,13,5,5,0,1.0,,0,0,0,1,0,0,1,,0.23883374689826303,,0.47407120743034054,390.0,5.0,385.0,0.01282051282051282,1.0,0.9871794871794872
guard_scope,faults5,faults5,15,ccra_action_guard,CCRA action,4,31,13,5,5,0,1.0,,0,0,0,1,0,0,1,,0.23883374689826303,,0.47407120743034054,390.0,5.0,385.0,0.01282051282051282,1.0,0.9871794871794872
guard_scope,faults5,faults5,15,global_action_repair,Global action,0,31,13,5,5,0,1.0,,0,6,3,7,0,0,1,,0.23883374689826303,,0.47407120743034054,390.0,5.0,385.0,0.01282051282051282,1.0,0.9871794871794872
guard_scope,faults5,faults5,15,global_action_repair,Global action,1,31,13,5,5,0,1.0,,0,0,0,1,0,0,1,,0.23883374689826303,,0.47407120743034054,390.0,5.0,385.0,0.01282051282051282,1.0,0.9871794871794872
guard_scope,faults5,faults5,15,global_action_repair,Global action,2,31,13,5,5,0,1.0,,0,0,0,1,0,0,1,,0.23883374689826303,,0.47407120743034054,390.0,5.0,385.0,0.01282051282051282,1.0,0.9871794871794872
guard_scope,faults5,faults5,15,global_action_repair,Global action,3,31,13,5,5,0,1.0,,0,0,0,1,0,0,1,,0.23883374689826303,,0.47407120743034054,390.0,5.0,385.0,0.01282051282051282,1.0,0.9871794871794872
guard_scope,faults5,faults5,15,global_action_repair,Global action,4,31,13,5,5,0,1.0,,0,0,0,1,0,0,1,,0.23883374689826303,,0.47407120743034054,390.0,5.0,385.0,0.01282051282051282,1.0,0.9871794871794872
guard_scope,faults5,faults5,16,ccra_exact_guard,CCRA exact,0,31,13,5,5,0,1.0,,1,33,1,33,0,0,1,,0.0024813895781637717,,0.03869969040247678,1.0,1.0,0.0,1.0,0.2,0.0
guard_scope,faults5,faults5,16,ccra_exact_guard,CCRA exact,1,31,13,5,5,0,1.0,,1,32,0,32,0,0,1,,0.0024813895781637717,,0.03869969040247678,1.0,1.0,0.0,1.0,0.2,0.0
guard_scope,faults5,faults5,16,ccra_exact_guard,CCRA exact,2,31,13,5,5,0,1.0,,1,32,0,32,0,0,1,,0.0024813895781637717,,0.03869969040247678,1.0,1.0,0.0,1.0,0.2,0.0
guard_scope,faults5,faults5,16,ccra_exact_guard,CCRA exact,3,31,13,5,5,0,1.0,,1,32,0,32,0,0,1,,0.0024813895781637717,,0.03869969040247678,1.0,1.0,0.0,1.0,0.2,0.0
guard_scope,faults5,faults5,16,ccra_exact_guard,CCRA exact,4,31,13,5,5,0,1.0,,1,32,0,32,0,0,1,,0.0024813895781637717,,0.03869969040247678,1.0,1.0,0.0,1.0,0.2,0.0
guard_scope,faults5,faults5,16,ccra_row_guard,CCRA row,0,31,13,5,5,0,1.0,,1,33,1,33,0,0,1,,0.015508684863523574,,0.24187306501547987,30.0,5.0,25.0,0.16666666666666666,1.0,0.8333333333333334
guard_scope,faults5,faults5,16,ccra_row_guard,CCRA row,1,31,13,5,5,0,1.0,,1,32,0,32,0,0,1,,0.015508684863523574,,0.24187306501547987,30.0,5.0,25.0,0.16666666666666666,1.0,0.8333333333333334
guard_scope,faults5,faults5,16,ccra_row_guard,CCRA row,2,31,13,5,5,0,1.0,,1,32,0,32,0,0,1,,0.015508684863523574,,0.24187306501547987,30.0,5.0,25.0,0.16666666666666666,1.0,0.8333333333333334
guard_scope,faults5,faults5,16,ccra_row_guard,CCRA row,3,31,13,5,5,0,1.0,,1,32,0,32,0,0,1,,0.015508684863523574,,0.24187306501547987,30.0,5.0,25.0,0.16666666666666666,1.0,0.8333333333333334
guard_scope,faults5,faults5,16,ccra_row_guard,CCRA row,4,31,13,5,5,0,1.0,,1,32,0,32,0,0,1,,0.015508684863523574,,0.24187306501547987,30.0,5.0,25.0,0.16666666666666666,1.0,0.8333333333333334
guard_scope,faults5,faults5,16,ccra_column_guard,CCRA column,0,31,13,5,5,0,1.0,,0,4,1,5,0,0,1,,0.009925558312655087,,0.04643962848297214,13.0,1.0,12.0,0.07692307692307693,0.2,0.9230769230769231
guard_scope,faults5,faults5,16,ccra_column_guard,CCRA column,1,31,13,5,5,0,1.0,,0,0,0,1,0,0,1,,0.009925558312655087,,0.04643962848297214,13.0,1.0,12.0,0.07692307692307693,0.2,0.9230769230769231
guard_scope,faults5,faults5,16,ccra_column_guard,CCRA column,2,31,13,5,5,0,1.0,,0,0,0,1,0,0,1,,0.009925558312655087,,0.04643962848297214,13.0,1.0,12.0,0.07692307692307693,0.2,0.9230769230769231
guard_scope,faults5,faults5,16,ccra_column_guard,CCRA column,3,31,13,5,5,0,1.0,,0,0,0,1,0,0,1,,0.009925558312655087,,0.04643962848297214,13.0,1.0,12.0,0.07692307692307693,0.2,0.9230769230769231
guard_scope,faults5,faults5,16,ccra_column_guard,CCRA column,4,31,13,5,5,0,1.0,,0,0,0,1,0,0,1,,0.009925558312655087,,0.04643962848297214,13.0,1.0,12.0,0.07692307692307693,0.2,0.9230769230769231
guard_scope,faults5,faults5,16,ccra_region1_guard,CCRA radius 1,0,31,13,5,5,0,1.0,,1,35,1,35,0,0,1,,0.007444168734491315,,0.0696594427244582,9.0,1.0,8.0,0.1111111111111111,0.2,0.8888888888888888
guard_scope,faults5,faults5,16,ccra_region1_guard,CCRA radius 1,1,31,13,5,5,0,1.0,,1,34,0,34,0,0,1,,0.007444168734491315,,0.0696594427244582,9.0,1.0,8.0,0.1111111111111111,0.2,0.8888888888888888
guard_scope,faults5,faults5,16,ccra_region1_guard,CCRA radius 1,2,31,13,5,5,0,1.0,,1,34,0,34,0,0,1,,0.007444168734491315,,0.0696594427244582,9.0,1.0,8.0,0.1111111111111111,0.2,0.8888888888888888
guard_scope,faults5,faults5,16,ccra_region1_guard,CCRA radius 1,3,31,13,5,5,0,1.0,,1,34,0,34,0,0,1,,0.007444168734491315,,0.0696594427244582,9.0,1.0,8.0,0.1111111111111111,0.2,0.8888888888888888
guard_scope,faults5,faults5,16,ccra_region1_guard,CCRA radius 1,4,31,13,5,5,0,1.0,,1,34,0,34,0,0,1,,0.007444168734491315,,0.0696594427244582,9.0,1.0,8.0,0.1111111111111111,0.2,0.8888888888888888
guard_scope,faults5,faults5,16,ccra_region2_guard,CCRA radius 2,0,31,13,5,5,0,1.0,,1,37,1,37,0,0,1,,0.017369727047146403,,0.10061919504643962,25.0,1.0,24.0,0.04,0.2,0.96
guard_scope,faults5,faults5,16,ccra_region2_guard,CCRA radius 2,1,31,13,5,5,0,1.0,,1,36,0,36,0,0,1,,0.017369727047146403,,0.10061919504643962,25.0,1.0,24.0,0.04,0.2,0.96
guard_scope,faults5,faults5,16,ccra_region2_guard,CCRA radius 2,2,31,13,5,5,0,1.0,,1,36,0,36,0,0,1,,0.017369727047146403,,0.10061919504643962,25.0,1.0,24.0,0.04,0.2,0.96
guard_scope,faults5,faults5,16,ccra_region2_guard,CCRA radius 2,3,31,13,5,5,0,1.0,,1,36,0,36,0,0,1,,0.017369727047146403,,0.10061919504643962,25.0,1.0,24.0,0.04,0.2,0.96
guard_scope,faults5,faults5,16,ccra_region2_guard,CCRA radius 2,4,31,13,5,5,0,1.0,,1,36,0,36,0,0,1,,0.017369727047146403,,0.10061919504643962,25.0,1.0,24.0,0.04,0.2,0.96
guard_scope,faults5,faults5,16,ccra_action_guard,CCRA action,0,31,13,5,5,0,1.0,,0,4,1,5,0,0,1,,0.23883374689826303,,0.47407120743034054,390.0,5.0,385.0,0.01282051282051282,1.0,0.9871794871794872
guard_scope,faults5,faults5,16,ccra_action_guard,CCRA action,1,31,13,5,5,0,1.0,,0,0,0,1,0,0,1,,0.23883374689826303,,0.47407120743034054,390.0,5.0,385.0,0.01282051282051282,1.0,0.9871794871794872
guard_scope,faults5,faults5,16,ccra_action_guard,CCRA action,2,31,13,5,5,0,1.0,,0,0,0,1,0,0,1,,0.23883374689826303,,0.47407120743034054,390.0,5.0,385.0,0.01282051282051282,1.0,0.9871794871794872
guard_scope,faults5,faults5,16,ccra_action_guard,CCRA action,3,31,13,5,5,0,1.0,,0,0,0,1,0,0,1,,0.23883374689826303,,0.47407120743034054,390.0,5.0,385.0,0.01282051282051282,1.0,0.9871794871794872
guard_scope,faults5,faults5,16,ccra_action_guard,CCRA action,4,31,13,5,5,0,1.0,,0,0,0,1,0,0,1,,0.23883374689826303,,0.47407120743034054,390.0,5.0,385.0,0.01282051282051282,1.0,0.9871794871794872
guard_scope,faults5,faults5,16,global_action_repair,Global action,0,31,13,5,5,0,1.0,,0,6,3,7,0,0,1,,0.23883374689826303,,0.47407120743034054,390.0,5.0,385.0,0.01282051282051282,1.0,0.9871794871794872
guard_scope,faults5,faults5,16,global_action_repair,Global action,1,31,13,5,5,0,1.0,,0,0,0,1,0,0,1,,0.23883374689826303,,0.47407120743034054,390.0,5.0,385.0,0.01282051282051282,1.0,0.9871794871794872
guard_scope,faults5,faults5,16,global_action_repair,Global action,2,31,13,5,5,0,1.0,,0,0,0,1,0,0,1,,0.23883374689826303,,0.47407120743034054,390.0,5.0,385.0,0.01282051282051282,1.0,0.9871794871794872
guard_scope,faults5,faults5,16,global_action_repair,Global action,3,31,13,5,5,0,1.0,,0,0,0,1,0,0,1,,0.23883374689826303,,0.47407120743034054,390.0,5.0,385.0,0.01282051282051282,1.0,0.9871794871794872
guard_scope,faults5,faults5,16,global_action_repair,Global action,4,31,13,5,5,0,1.0,,0,0,0,1,0,0,1,,0.23883374689826303,,0.47407120743034054,390.0,5.0,385.0,0.01282051282051282,1.0,0.9871794871794872
guard_scope,faults5,faults5,17,ccra_exact_guard,CCRA exact,0,31,13,5,5,0,1.0,,1,33,1,33,0,0,1,,0.0024813895781637717,,0.03869969040247678,1.0,1.0,0.0,1.0,0.2,0.0
guard_scope,faults5,faults5,17,ccra_exact_guard,CCRA exact,1,31,13,5,5,0,1.0,,1,32,0,32,0,0,1,,0.0024813895781637717,,0.03869969040247678,1.0,1.0,0.0,1.0,0.2,0.0
guard_scope,faults5,faults5,17,ccra_exact_guard,CCRA exact,2,31,13,5,5,0,1.0,,1,32,0,32,0,0,1,,0.0024813895781637717,,0.03869969040247678,1.0,1.0,0.0,1.0,0.2,0.0
guard_scope,faults5,faults5,17,ccra_exact_guard,CCRA exact,3,31,13,5,5,0,1.0,,1,32,0,32,0,0,1,,0.0024813895781637717,,0.03869969040247678,1.0,1.0,0.0,1.0,0.2,0.0
guard_scope,faults5,faults5,17,ccra_exact_guard,CCRA exact,4,31,13,5,5,0,1.0,,1,32,0,32,0,0,1,,0.0024813895781637717,,0.03869969040247678,1.0,1.0,0.0,1.0,0.2,0.0
guard_scope,faults5,faults5,17,ccra_row_guard,CCRA row,0,31,13,5,5,0,1.0,,1,33,1,33,0,0,1,,0.015508684863523574,,0.24187306501547987,30.0,5.0,25.0,0.16666666666666666,1.0,0.8333333333333334
guard_scope,faults5,faults5,17,ccra_row_guard,CCRA row,1,31,13,5,5,0,1.0,,1,32,0,32,0,0,1,,0.015508684863523574,,0.24187306501547987,30.0,5.0,25.0,0.16666666666666666,1.0,0.8333333333333334
guard_scope,faults5,faults5,17,ccra_row_guard,CCRA row,2,31,13,5,5,0,1.0,,1,32,0,32,0,0,1,,0.015508684863523574,,0.24187306501547987,30.0,5.0,25.0,0.16666666666666666,1.0,0.8333333333333334
guard_scope,faults5,faults5,17,ccra_row_guard,CCRA row,3,31,13,5,5,0,1.0,,1,32,0,32,0,0,1,,0.015508684863523574,,0.24187306501547987,30.0,5.0,25.0,0.16666666666666666,1.0,0.8333333333333334
guard_scope,faults5,faults5,17,ccra_row_guard,CCRA row,4,31,13,5,5,0,1.0,,1,32,0,32,0,0,1,,0.015508684863523574,,0.24187306501547987,30.0,5.0,25.0,0.16666666666666666,1.0,0.8333333333333334
guard_scope,faults5,faults5,17,ccra_column_guard,CCRA column,0,31,13,5,5,0,1.0,,0,5,1,6,0,0,1,,0.009925558312655087,,0.04643962848297214,13.0,1.0,12.0,0.07692307692307693,0.2,0.9230769230769231
guard_scope,faults5,faults5,17,ccra_column_guard,CCRA column,1,31,13,5,5,0,1.0,,0,0,0,1,0,0,1,,0.009925558312655087,,0.04643962848297214,13.0,1.0,12.0,0.07692307692307693,0.2,0.9230769230769231
guard_scope,faults5,faults5,17,ccra_column_guard,CCRA column,2,31,13,5,5,0,1.0,,0,0,0,1,0,0,1,,0.009925558312655087,,0.04643962848297214,13.0,1.0,12.0,0.07692307692307693,0.2,0.9230769230769231
guard_scope,faults5,faults5,17,ccra_column_guard,CCRA column,3,31,13,5,5,0,1.0,,0,0,0,1,0,0,1,,0.009925558312655087,,0.04643962848297214,13.0,1.0,12.0,0.07692307692307693,0.2,0.9230769230769231
guard_scope,faults5,faults5,17,ccra_column_guard,CCRA column,4,31,13,5,5,0,1.0,,0,0,0,1,0,0,1,,0.009925558312655087,,0.04643962848297214,13.0,1.0,12.0,0.07692307692307693,0.2,0.9230769230769231
guard_scope,faults5,faults5,17,ccra_region1_guard,CCRA radius 1,0,31,13,5,5,0,1.0,,1,35,1,35,0,0,1,,0.007444168734491315,,0.0696594427244582,9.0,1.0,8.0,0.1111111111111111,0.2,0.8888888888888888
guard_scope,faults5,faults5,17,ccra_region1_guard,CCRA radius 1,1,31,13,5,5,0,1.0,,1,34,0,34,0,0,1,,0.007444168734491315,,0.0696594427244582,9.0,1.0,8.0,0.1111111111111111,0.2,0.8888888888888888
guard_scope,faults5,faults5,17,ccra_region1_guard,CCRA radius 1,2,31,13,5,5,0,1.0,,1,34,0,34,0,0,1,,0.007444168734491315,,0.0696594427244582,9.0,1.0,8.0,0.1111111111111111,0.2,0.8888888888888888
guard_scope,faults5,faults5,17,ccra_region1_guard,CCRA radius 1,3,31,13,5,5,0,1.0,,1,34,0,34,0,0,1,,0.007444168734491315,,0.0696594427244582,9.0,1.0,8.0,0.1111111111111111,0.2,0.8888888888888888
guard_scope,faults5,faults5,17,ccra_region1_guard,CCRA radius 1,4,31,13,5,5,0,1.0,,1,34,0,34,0,0,1,,0.007444168734491315,,0.0696594427244582,9.0,1.0,8.0,0.1111111111111111,0.2,0.8888888888888888
guard_scope,faults5,faults5,17,ccra_region2_guard,CCRA radius 2,0,31,13,5,5,0,1.0,,1,37,1,37,0,0,1,,0.017369727047146403,,0.10061919504643962,25.0,1.0,24.0,0.04,0.2,0.96
guard_scope,faults5,faults5,17,ccra_region2_guard,CCRA radius 2,1,31,13,5,5,0,1.0,,1,36,0,36,0,0,1,,0.017369727047146403,,0.10061919504643962,25.0,1.0,24.0,0.04,0.2,0.96
guard_scope,faults5,faults5,17,ccra_region2_guard,CCRA radius 2,2,31,13,5,5,0,1.0,,1,36,0,36,0,0,1,,0.017369727047146403,,0.10061919504643962,25.0,1.0,24.0,0.04,0.2,0.96
guard_scope,faults5,faults5,17,ccra_region2_guard,CCRA radius 2,3,31,13,5,5,0,1.0,,1,36,0,36,0,0,1,,0.017369727047146403,,0.10061919504643962,25.0,1.0,24.0,0.04,0.2,0.96
guard_scope,faults5,faults5,17,ccra_region2_guard,CCRA radius 2,4,31,13,5,5,0,1.0,,1,36,0,36,0,0,1,,0.017369727047146403,,0.10061919504643962,25.0,1.0,24.0,0.04,0.2,0.96
guard_scope,faults5,faults5,17,ccra_action_guard,CCRA action,0,31,13,5,5,0,1.0,,0,5,1,6,0,0,1,,0.23883374689826303,,0.47407120743034054,390.0,5.0,385.0,0.01282051282051282,1.0,0.9871794871794872
guard_scope,faults5,faults5,17,ccra_action_guard,CCRA action,1,31,13,5,5,0,1.0,,0,0,0,1,0,0,1,,0.23883374689826303,,0.47407120743034054,390.0,5.0,385.0,0.01282051282051282,1.0,0.9871794871794872
guard_scope,faults5,faults5,17,ccra_action_guard,CCRA action,2,31,13,5,5,0,1.0,,0,0,0,1,0,0,1,,0.23883374689826303,,0.47407120743034054,390.0,5.0,385.0,0.01282051282051282,1.0,0.9871794871794872
guard_scope,faults5,faults5,17,ccra_action_guard,CCRA action,3,31,13,5,5,0,1.0,,0,0,0,1,0,0,1,,0.23883374689826303,,0.47407120743034054,390.0,5.0,385.0,0.01282051282051282,1.0,0.9871794871794872
guard_scope,faults5,faults5,17,ccra_action_guard,CCRA action,4,31,13,5,5,0,1.0,,0,0,0,1,0,0,1,,0.23883374689826303,,0.47407120743034054,390.0,5.0,385.0,0.01282051282051282,1.0,0.9871794871794872
guard_scope,faults5,faults5,17,global_action_repair,Global action,0,31,13,5,5,0,1.0,,0,7,3,8,0,0,1,,0.23883374689826303,,0.47407120743034054,390.0,5.0,385.0,0.01282051282051282,1.0,0.9871794871794872
guard_scope,faults5,faults5,17,global_action_repair,Global action,1,31,13,5,5,0,1.0,,0,0,0,1,0,0,1,,0.23883374689826303,,0.47407120743034054,390.0,5.0,385.0,0.01282051282051282,1.0,0.9871794871794872
guard_scope,faults5,faults5,17,global_action_repair,Global action,2,31,13,5,5,0,1.0,,0,0,0,1,0,0,1,,0.23883374689826303,,0.47407120743034054,390.0,5.0,385.0,0.01282051282051282,1.0,0.9871794871794872
guard_scope,faults5,faults5,17,global_action_repair,Global action,3,31,13,5,5,0,1.0,,0,0,0,1,0,0,1,,0.23883374689826303,,0.47407120743034054,390.0,5.0,385.0,0.01282051282051282,1.0,0.9871794871794872
guard_scope,faults5,faults5,17,global_action_repair,Global action,4,31,13,5,5,0,1.0,,0,0,0,1,0,0,1,,0.23883374689826303,,0.47407120743034054,390.0,5.0,385.0,0.01282051282051282,1.0,0.9871794871794872
guard_scope,faults5,faults5,18,ccra_exact_guard,CCRA exact,0,31,13,5,5,0,1.0,,1,33,1,33,0,0,1,,0.0024813895781637717,,0.03869969040247678,1.0,1.0,0.0,1.0,0.2,0.0
guard_scope,faults5,faults5,18,ccra_exact_guard,CCRA exact,1,31,13,5,5,0,1.0,,1,32,0,32,0,0,1,,0.0024813895781637717,,0.03869969040247678,1.0,1.0,0.0,1.0,0.2,0.0
guard_scope,faults5,faults5,18,ccra_exact_guard,CCRA exact,2,31,13,5,5,0,1.0,,1,32,0,32,0,0,1,,0.0024813895781637717,,0.03869969040247678,1.0,1.0,0.0,1.0,0.2,0.0
guard_scope,faults5,faults5,18,ccra_exact_guard,CCRA exact,3,31,13,5,5,0,1.0,,1,32,0,32,0,0,1,,0.0024813895781637717,,0.03869969040247678,1.0,1.0,0.0,1.0,0.2,0.0
guard_scope,faults5,faults5,18,ccra_exact_guard,CCRA exact,4,31,13,5,5,0,1.0,,1,32,0,32,0,0,1,,0.0024813895781637717,,0.03869969040247678,1.0,1.0,0.0,1.0,0.2,0.0
guard_scope,faults5,faults5,18,ccra_row_guard,CCRA row,0,31,13,5,5,0,1.0,,1,33,1,33,0,0,1,,0.015508684863523574,,0.24187306501547987,30.0,5.0,25.0,0.16666666666666666,1.0,0.8333333333333334
guard_scope,faults5,faults5,18,ccra_row_guard,CCRA row,1,31,13,5,5,0,1.0,,1,32,0,32,0,0,1,,0.015508684863523574,,0.24187306501547987,30.0,5.0,25.0,0.16666666666666666,1.0,0.8333333333333334
guard_scope,faults5,faults5,18,ccra_row_guard,CCRA row,2,31,13,5,5,0,1.0,,1,32,0,32,0,0,1,,0.015508684863523574,,0.24187306501547987,30.0,5.0,25.0,0.16666666666666666,1.0,0.8333333333333334
guard_scope,faults5,faults5,18,ccra_row_guard,CCRA row,3,31,13,5,5,0,1.0,,1,32,0,32,0,0,1,,0.015508684863523574,,0.24187306501547987,30.0,5.0,25.0,0.16666666666666666,1.0,0.8333333333333334
guard_scope,faults5,faults5,18,ccra_row_guard,CCRA row,4,31,13,5,5,0,1.0,,1,32,0,32,0,0,1,,0.015508684863523574,,0.24187306501547987,30.0,5.0,25.0,0.16666666666666666,1.0,0.8333333333333334
guard_scope,faults5,faults5,18,ccra_column_guard,CCRA column,0,31,13,5,5,0,1.0,,0,6,1,7,0,0,1,,0.009925558312655087,,0.04643962848297214,13.0,1.0,12.0,0.07692307692307693,0.2,0.9230769230769231
guard_scope,faults5,faults5,18,ccra_column_guard,CCRA column,1,31,13,5,5,0,1.0,,0,0,0,1,0,0,1,,0.009925558312655087,,0.04643962848297214,13.0,1.0,12.0,0.07692307692307693,0.2,0.9230769230769231
guard_scope,faults5,faults5,18,ccra_column_guard,CCRA column,2,31,13,5,5,0,1.0,,0,0,0,1,0,0,1,,0.009925558312655087,,0.04643962848297214,13.0,1.0,12.0,0.07692307692307693,0.2,0.9230769230769231
guard_scope,faults5,faults5,18,ccra_column_guard,CCRA column,3,31,13,5,5,0,1.0,,0,0,0,1,0,0,1,,0.009925558312655087,,0.04643962848297214,13.0,1.0,12.0,0.07692307692307693,0.2,0.9230769230769231
guard_scope,faults5,faults5,18,ccra_column_guard,CCRA column,4,31,13,5,5,0,1.0,,0,0,0,1,0,0,1,,0.009925558312655087,,0.04643962848297214,13.0,1.0,12.0,0.07692307692307693,0.2,0.9230769230769231
guard_scope,faults5,faults5,18,ccra_region1_guard,CCRA radius 1,0,31,13,5,5,0,1.0,,1,35,1,35,0,0,1,,0.007444168734491315,,0.0696594427244582,9.0,1.0,8.0,0.1111111111111111,0.2,0.8888888888888888
guard_scope,faults5,faults5,18,ccra_region1_guard,CCRA radius 1,1,31,13,5,5,0,1.0,,1,34,0,34,0,0,1,,0.007444168734491315,,0.0696594427244582,9.0,1.0,8.0,0.1111111111111111,0.2,0.8888888888888888
guard_scope,faults5,faults5,18,ccra_region1_guard,CCRA radius 1,2,31,13,5,5,0,1.0,,1,34,0,34,0,0,1,,0.007444168734491315,,0.0696594427244582,9.0,1.0,8.0,0.1111111111111111,0.2,0.8888888888888888
guard_scope,faults5,faults5,18,ccra_region1_guard,CCRA radius 1,3,31,13,5,5,0,1.0,,1,34,0,34,0,0,1,,0.007444168734491315,,0.0696594427244582,9.0,1.0,8.0,0.1111111111111111,0.2,0.8888888888888888
guard_scope,faults5,faults5,18,ccra_region1_guard,CCRA radius 1,4,31,13,5,5,0,1.0,,1,34,0,34,0,0,1,,0.007444168734491315,,0.0696594427244582,9.0,1.0,8.0,0.1111111111111111,0.2,0.8888888888888888
guard_scope,faults5,faults5,18,ccra_region2_guard,CCRA radius 2,0,31,13,5,5,0,1.0,,1,37,1,37,0,0,1,,0.017369727047146403,,0.10061919504643962,25.0,1.0,24.0,0.04,0.2,0.96
guard_scope,faults5,faults5,18,ccra_region2_guard,CCRA radius 2,1,31,13,5,5,0,1.0,,1,36,0,36,0,0,1,,0.017369727047146403,,0.10061919504643962,25.0,1.0,24.0,0.04,0.2,0.96
guard_scope,faults5,faults5,18,ccra_region2_guard,CCRA radius 2,2,31,13,5,5,0,1.0,,1,36,0,36,0,0,1,,0.017369727047146403,,0.10061919504643962,25.0,1.0,24.0,0.04,0.2,0.96
guard_scope,faults5,faults5,18,ccra_region2_guard,CCRA radius 2,3,31,13,5,5,0,1.0,,1,36,0,36,0,0,1,,0.017369727047146403,,0.10061919504643962,25.0,1.0,24.0,0.04,0.2,0.96
guard_scope,faults5,faults5,18,ccra_region2_guard,CCRA radius 2,4,31,13,5,5,0,1.0,,1,36,0,36,0,0,1,,0.017369727047146403,,0.10061919504643962,25.0,1.0,24.0,0.04,0.2,0.96
guard_scope,faults5,faults5,18,ccra_action_guard,CCRA action,0,31,13,5,5,0,1.0,,0,6,1,7,0,0,1,,0.23883374689826303,,0.47407120743034054,390.0,5.0,385.0,0.01282051282051282,1.0,0.9871794871794872
guard_scope,faults5,faults5,18,ccra_action_guard,CCRA action,1,31,13,5,5,0,1.0,,0,0,0,1,0,0,1,,0.23883374689826303,,0.47407120743034054,390.0,5.0,385.0,0.01282051282051282,1.0,0.9871794871794872
guard_scope,faults5,faults5,18,ccra_action_guard,CCRA action,2,31,13,5,5,0,1.0,,0,0,0,1,0,0,1,,0.23883374689826303,,0.47407120743034054,390.0,5.0,385.0,0.01282051282051282,1.0,0.9871794871794872
guard_scope,faults5,faults5,18,ccra_action_guard,CCRA action,3,31,13,5,5,0,1.0,,0,0,0,1,0,0,1,,0.23883374689826303,,0.47407120743034054,390.0,5.0,385.0,0.01282051282051282,1.0,0.9871794871794872
guard_scope,faults5,faults5,18,ccra_action_guard,CCRA action,4,31,13,5,5,0,1.0,,0,0,0,1,0,0,1,,0.23883374689826303,,0.47407120743034054,390.0,5.0,385.0,0.01282051282051282,1.0,0.9871794871794872
guard_scope,faults5,faults5,18,global_action_repair,Global action,0,31,13,5,5,0,1.0,,0,8,3,9,0,0,1,,0.23883374689826303,,0.47407120743034054,390.0,5.0,385.0,0.01282051282051282,1.0,0.9871794871794872
guard_scope,faults5,faults5,18,global_action_repair,Global action,1,31,13,5,5,0,1.0,,0,0,0,1,0,0,1,,0.23883374689826303,,0.47407120743034054,390.0,5.0,385.0,0.01282051282051282,1.0,0.9871794871794872
guard_scope,faults5,faults5,18,global_action_repair,Global action,2,31,13,5,5,0,1.0,,0,0,0,1,0,0,1,,0.23883374689826303,,0.47407120743034054,390.0,5.0,385.0,0.01282051282051282,1.0,0.9871794871794872
guard_scope,faults5,faults5,18,global_action_repair,Global action,3,31,13,5,5,0,1.0,,0,0,0,1,0,0,1,,0.23883374689826303,,0.47407120743034054,390.0,5.0,385.0,0.01282051282051282,1.0,0.9871794871794872
guard_scope,faults5,faults5,18,global_action_repair,Global action,4,31,13,5,5,0,1.0,,0,0,0,1,0,0,1,,0.23883374689826303,,0.47407120743034054,390.0,5.0,385.0,0.01282051282051282,1.0,0.9871794871794872
guard_scope,faults5,faults5,19,ccra_exact_guard,CCRA exact,0,31,13,5,5,0,1.0,,1,33,1,33,0,0,1,,0.0024813895781637717,,0.03869969040247678,1.0,1.0,0.0,1.0,0.2,0.0
guard_scope,faults5,faults5,19,ccra_exact_guard,CCRA exact,1,31,13,5,5,0,1.0,,1,32,0,32,0,0,1,,0.0024813895781637717,,0.03869969040247678,1.0,1.0,0.0,1.0,0.2,0.0
guard_scope,faults5,faults5,19,ccra_exact_guard,CCRA exact,2,31,13,5,5,0,1.0,,1,32,0,32,0,0,1,,0.0024813895781637717,,0.03869969040247678,1.0,1.0,0.0,1.0,0.2,0.0
guard_scope,faults5,faults5,19,ccra_exact_guard,CCRA exact,3,31,13,5,5,0,1.0,,1,32,0,32,0,0,1,,0.0024813895781637717,,0.03869969040247678,1.0,1.0,0.0,1.0,0.2,0.0
guard_scope,faults5,faults5,19,ccra_exact_guard,CCRA exact,4,31,13,5,5,0,1.0,,1,32,0,32,0,0,1,,0.0024813895781637717,,0.03869969040247678,1.0,1.0,0.0,1.0,0.2,0.0
guard_scope,faults5,faults5,19,ccra_row_guard,CCRA row,0,31,13,5,5,0,1.0,,1,33,1,33,0,0,1,,0.015508684863523574,,0.24187306501547987,30.0,5.0,25.0,0.16666666666666666,1.0,0.8333333333333334
guard_scope,faults5,faults5,19,ccra_row_guard,CCRA row,1,31,13,5,5,0,1.0,,1,32,0,32,0,0,1,,0.015508684863523574,,0.24187306501547987,30.0,5.0,25.0,0.16666666666666666,1.0,0.8333333333333334
guard_scope,faults5,faults5,19,ccra_row_guard,CCRA row,2,31,13,5,5,0,1.0,,1,32,0,32,0,0,1,,0.015508684863523574,,0.24187306501547987,30.0,5.0,25.0,0.16666666666666666,1.0,0.8333333333333334
guard_scope,faults5,faults5,19,ccra_row_guard,CCRA row,3,31,13,5,5,0,1.0,,1,32,0,32,0,0,1,,0.015508684863523574,,0.24187306501547987,30.0,5.0,25.0,0.16666666666666666,1.0,0.8333333333333334
guard_scope,faults5,faults5,19,ccra_row_guard,CCRA row,4,31,13,5,5,0,1.0,,1,32,0,32,0,0,1,,0.015508684863523574,,0.24187306501547987,30.0,5.0,25.0,0.16666666666666666,1.0,0.8333333333333334
guard_scope,faults5,faults5,19,ccra_column_guard,CCRA column,0,31,13,5,5,0,1.0,,0,8,1,9,0,0,1,,0.009925558312655087,,0.04643962848297214,13.0,1.0,12.0,0.07692307692307693,0.2,0.9230769230769231
guard_scope,faults5,faults5,19,ccra_column_guard,CCRA column,1,31,13,5,5,0,1.0,,0,0,0,1,0,0,1,,0.009925558312655087,,0.04643962848297214,13.0,1.0,12.0,0.07692307692307693,0.2,0.9230769230769231
guard_scope,faults5,faults5,19,ccra_column_guard,CCRA column,2,31,13,5,5,0,1.0,,0,0,0,1,0,0,1,,0.009925558312655087,,0.04643962848297214,13.0,1.0,12.0,0.07692307692307693,0.2,0.9230769230769231
guard_scope,faults5,faults5,19,ccra_column_guard,CCRA column,3,31,13,5,5,0,1.0,,0,0,0,1,0,0,1,,0.009925558312655087,,0.04643962848297214,13.0,1.0,12.0,0.07692307692307693,0.2,0.9230769230769231
guard_scope,faults5,faults5,19,ccra_column_guard,CCRA column,4,31,13,5,5,0,1.0,,0,0,0,1,0,0,1,,0.009925558312655087,,0.04643962848297214,13.0,1.0,12.0,0.07692307692307693,0.2,0.9230769230769231
guard_scope,faults5,faults5,19,ccra_region1_guard,CCRA radius 1,0,31,13,5,5,0,1.0,,1,35,1,35,0,0,1,,0.00620347394540943,,0.05030959752321981,9.0,2.0,7.0,0.2222222222222222,0.4,0.7777777777777778
guard_scope,faults5,faults5,19,ccra_region1_guard,CCRA radius 1,1,31,13,5,5,0,1.0,,1,34,0,34,0,0,1,,0.00620347394540943,,0.05030959752321981,9.0,2.0,7.0,0.2222222222222222,0.4,0.7777777777777778
guard_scope,faults5,faults5,19,ccra_region1_guard,CCRA radius 1,2,31,13,5,5,0,1.0,,1,34,0,34,0,0,1,,0.00620347394540943,,0.05030959752321981,9.0,2.0,7.0,0.2222222222222222,0.4,0.7777777777777778
guard_scope,faults5,faults5,19,ccra_region1_guard,CCRA radius 1,3,31,13,5,5,0,1.0,,1,34,0,34,0,0,1,,0.00620347394540943,,0.05030959752321981,9.0,2.0,7.0,0.2222222222222222,0.4,0.7777777777777778
guard_scope,faults5,faults5,19,ccra_region1_guard,CCRA radius 1,4,31,13,5,5,0,1.0,,1,34,0,34,0,0,1,,0.00620347394540943,,0.05030959752321981,9.0,2.0,7.0,0.2222222222222222,0.4,0.7777777777777778
guard_scope,faults5,faults5,19,ccra_region2_guard,CCRA radius 2,0,31,13,5,5,0,1.0,,1,37,1,37,0,0,1,,0.016129032258064516,,0.08126934984520123,25.0,2.0,23.0,0.08,0.4,0.92
guard_scope,faults5,faults5,19,ccra_region2_guard,CCRA radius 2,1,31,13,5,5,0,1.0,,1,36,0,36,0,0,1,,0.016129032258064516,,0.08126934984520123,25.0,2.0,23.0,0.08,0.4,0.92
guard_scope,faults5,faults5,19,ccra_region2_guard,CCRA radius 2,2,31,13,5,5,0,1.0,,1,36,0,36,0,0,1,,0.016129032258064516,,0.08126934984520123,25.0,2.0,23.0,0.08,0.4,0.92
guard_scope,faults5,faults5,19,ccra_region2_guard,CCRA radius 2,3,31,13,5,5,0,1.0,,1,36,0,36,0,0,1,,0.016129032258064516,,0.08126934984520123,25.0,2.0,23.0,0.08,0.4,0.92
guard_scope,faults5,faults5,19,ccra_region2_guard,CCRA radius 2,4,31,13,5,5,0,1.0,,1,36,0,36,0,0,1,,0.016129032258064516,,0.08126934984520123,25.0,2.0,23.0,0.08,0.4,0.92
guard_scope,faults5,faults5,19,ccra_action_guard,CCRA action,0,31,13,5,5,0,1.0,,0,8,1,9,0,0,1,,0.23883374689826303,,0.47407120743034054,390.0,5.0,385.0,0.01282051282051282,1.0,0.9871794871794872
guard_scope,faults5,faults5,19,ccra_action_guard,CCRA action,1,31,13,5,5,0,1.0,,0,0,0,1,0,0,1,,0.23883374689826303,,0.47407120743034054,390.0,5.0,385.0,0.01282051282051282,1.0,0.9871794871794872
guard_scope,faults5,faults5,19,ccra_action_guard,CCRA action,2,31,13,5,5,0,1.0,,0,0,0,1,0,0,1,,0.23883374689826303,,0.47407120743034054,390.0,5.0,385.0,0.01282051282051282,1.0,0.9871794871794872
guard_scope,faults5,faults5,19,ccra_action_guard,CCRA action,3,31,13,5,5,0,1.0,,0,0,0,1,0,0,1,,0.23883374689826303,,0.47407120743034054,390.0,5.0,385.0,0.01282051282051282,1.0,0.9871794871794872
guard_scope,faults5,faults5,19,ccra_action_guard,CCRA action,4,31,13,5,5,0,1.0,,0,0,0,1,0,0,1,,0.23883374689826303,,0.47407120743034054,390.0,5.0,385.0,0.01282051282051282,1.0,0.9871794871794872
guard_scope,faults5,faults5,19,global_action_repair,Global action,0,31,13,5,5,0,1.0,,0,10,3,11,0,0,1,,0.23883374689826303,,0.47407120743034054,390.0,5.0,385.0,0.01282051282051282,1.0,0.9871794871794872
guard_scope,faults5,faults5,19,global_action_repair,Global action,1,31,13,5,5,0,1.0,,0,0,0,1,0,0,1,,0.23883374689826303,,0.47407120743034054,390.0,5.0,385.0,0.01282051282051282,1.0,0.9871794871794872
guard_scope,faults5,faults5,19,global_action_repair,Global action,2,31,13,5,5,0,1.0,,0,0,0,1,0,0,1,,0.23883374689826303,,0.47407120743034054,390.0,5.0,385.0,0.01282051282051282,1.0,0.9871794871794872
guard_scope,faults5,faults5,19,global_action_repair,Global action,3,31,13,5,5,0,1.0,,0,0,0,1,0,0,1,,0.23883374689826303,,0.47407120743034054,390.0,5.0,385.0,0.01282051282051282,1.0,0.9871794871794872
guard_scope,faults5,faults5,19,global_action_repair,Global action,4,31,13,5,5,0,1.0,,0,0,0,1,0,0,1,,0.23883374689826303,,0.47407120743034054,390.0,5.0,385.0,0.01282051282051282,1.0,0.9871794871794872
