suite,config_id,env_label,seed,strategy,display,episode,width,height,fault_count,active_fault_count,offroute_fault_count,fault_probability,switch_episode,success,steps,mismatches,replans,shield_blocks,repeated_loop,patch_count,initial_prediction_error,final_prediction_error,initial_control_weighted_error,final_control_weighted_error,blocked_key_count,guard_true_positive,guard_false_positive,guard_precision,guard_recall,false_block_rate
prediction_loss_decoupling,offroute0,offroute0,0,nominal_no_repair,Nominal,0,31,15,2,2,0,1.0,,0,180,171,10,0,1,0,,0.001075268817204301,,0.01765536723163842,0.0,0.0,0.0,1.0,0.0,0.0
prediction_loss_decoupling,offroute0,offroute0,0,nominal_no_repair,Nominal,1,31,15,2,2,0,1.0,,0,180,171,10,0,1,0,,0.001075268817204301,,0.01765536723163842,0.0,0.0,0.0,1.0,0.0,0.0
prediction_loss_decoupling,offroute0,offroute0,0,nominal_no_repair,Nominal,2,31,15,2,2,0,1.0,,0,180,171,10,0,1,0,,0.001075268817204301,,0.01765536723163842,0.0,0.0,0.0,1.0,0.0,0.0
prediction_loss_decoupling,offroute0,offroute0,0,nominal_no_repair,Nominal,3,31,15,2,2,0,1.0,,0,180,171,10,0,1,0,,0.001075268817204301,,0.01765536723163842,0.0,0.0,0.0,1.0,0.0,0.0
prediction_loss_decoupling,offroute0,offroute0,0,nominal_no_repair,Nominal,4,31,15,2,2,0,1.0,,0,180,171,10,0,1,0,,0.001075268817204301,,0.01765536723163842,0.0,0.0,0.0,1.0,0.0,0.0
prediction_loss_decoupling,offroute0,offroute0,0,shield_only,Shield only,0,31,15,2,2,0,1.0,,0,180,171,11,1,1,1,,0.001075268817204301,,0.01765536723163842,0.0,0.0,0.0,1.0,0.0,0.0
prediction_loss_decoupling,offroute0,offroute0,0,shield_only,Shield only,1,31,15,2,2,0,1.0,,0,180,171,10,1,1,1,,0.001075268817204301,,0.01765536723163842,0.0,0.0,0.0,1.0,0.0,0.0
prediction_loss_decoupling,offroute0,offroute0,0,shield_only,Shield only,2,31,15,2,2,0,1.0,,0,180,171,10,1,1,1,,0.001075268817204301,,0.01765536723163842,0.0,0.0,0.0,1.0,0.0,0.0
prediction_loss_decoupling,offroute0,offroute0,0,shield_only,Shield only,3,31,15,2,2,0,1.0,,0,180,171,10,1,1,1,,0.001075268817204301,,0.01765536723163842,0.0,0.0,0.0,1.0,0.0,0.0
prediction_loss_decoupling,offroute0,offroute0,0,shield_only,Shield only,4,31,15,2,2,0,1.0,,0,180,171,10,1,1,1,,0.001075268817204301,,0.01765536723163842,0.0,0.0,0.0,1.0,0.0,0.0
prediction_loss_decoupling,offroute0,offroute0,0,batch_episode_retrain,Batch episode,0,31,15,2,2,0,1.0,,0,180,171,10,0,1,0,,0.001075268817204301,,0.01765536723163842,0.0,0.0,0.0,1.0,0.0,0.0
prediction_loss_decoupling,offroute0,offroute0,0,batch_episode_retrain,Batch episode,1,31,15,2,2,0,1.0,,1,32,0,32,0,0,1,,0.0005376344086021505,,0.00882768361581921,1.0,1.0,0.0,1.0,0.5,0.0
prediction_loss_decoupling,offroute0,offroute0,0,batch_episode_retrain,Batch episode,2,31,15,2,2,0,1.0,,1,32,0,32,0,0,1,,0.0005376344086021505,,0.00882768361581921,1.0,1.0,0.0,1.0,0.5,0.0
prediction_loss_decoupling,offroute0,offroute0,0,batch_episode_retrain,Batch episode,3,31,15,2,2,0,1.0,,1,32,0,32,0,0,1,,0.0005376344086021505,,0.00882768361581921,1.0,1.0,0.0,1.0,0.5,0.0
prediction_loss_decoupling,offroute0,offroute0,0,batch_episode_retrain,Batch episode,4,31,15,2,2,0,1.0,,1,32,0,32,0,0,1,,0.0005376344086021505,,0.00882768361581921,1.0,1.0,0.0,1.0,0.5,0.0
prediction_loss_decoupling,offroute0,offroute0,0,threshold_8,Threshold 8,0,31,15,2,2,0,1.0,,1,40,8,40,0,0,1,,0.0005376344086021505,,0.00882768361581921,1.0,1.0,0.0,1.0,0.5,0.0
prediction_loss_decoupling,offroute0,offroute0,0,threshold_8,Threshold 8,1,31,15,2,2,0,1.0,,1,32,0,32,0,0,1,,0.0005376344086021505,,0.00882768361581921,1.0,1.0,0.0,1.0,0.5,0.0
prediction_loss_decoupling,offroute0,offroute0,0,threshold_8,Threshold 8,2,31,15,2,2,0,1.0,,1,32,0,32,0,0,1,,0.0005376344086021505,,0.00882768361581921,1.0,1.0,0.0,1.0,0.5,0.0
prediction_loss_decoupling,offroute0,offroute0,0,threshold_8,Threshold 8,3,31,15,2,2,0,1.0,,1,32,0,32,0,0,1,,0.0005376344086021505,,0.00882768361581921,1.0,1.0,0.0,1.0,0.5,0.0
prediction_loss_decoupling,offroute0,offroute0,0,threshold_8,Threshold 8,4,31,15,2,2,0,1.0,,1,32,0,32,0,0,1,,0.0005376344086021505,,0.00882768361581921,1.0,1.0,0.0,1.0,0.5,0.0
prediction_loss_decoupling,offroute0,offroute0,0,uncertainty_cost_avoidance,Cost avoidance,0,31,15,2,2,0,1.0,,1,33,1,33,0,0,1,,0.001075268817204301,,0.01765536723163842,0.0,0.0,0.0,1.0,0.0,0.0
prediction_loss_decoupling,offroute0,offroute0,0,uncertainty_cost_avoidance,Cost avoidance,1,31,15,2,2,0,1.0,,1,32,0,32,0,0,1,,0.001075268817204301,,0.01765536723163842,0.0,0.0,0.0,1.0,0.0,0.0
prediction_loss_decoupling,offroute0,offroute0,0,uncertainty_cost_avoidance,Cost avoidance,2,31,15,2,2,0,1.0,,1,32,0,32,0,0,1,,0.001075268817204301,,0.01765536723163842,0.0,0.0,0.0,1.0,0.0,0.0
prediction_loss_decoupling,offroute0,offroute0,0,uncertainty_cost_avoidance,Cost avoidance,3,31,15,2,2,0,1.0,,1,32,0,32,0,0,1,,0.001075268817204301,,0.01765536723163842,0.0,0.0,0.0,1.0,0.0,0.0
prediction_loss_decoupling,offroute0,offroute0,0,uncertainty_cost_avoidance,Cost avoidance,4,31,15,2,2,0,1.0,,1,32,0,32,0,0,1,,0.001075268817204301,,0.01765536723163842,0.0,0.0,0.0,1.0,0.0,0.0
prediction_loss_decoupling,offroute0,offroute0,0,ccra_exact_guard,CCRA exact,0,31,15,2,2,0,1.0,,1,33,1,33,0,0,1,,0.0005376344086021505,,0.00882768361581921,1.0,1.0,0.0,1.0,0.5,0.0
prediction_loss_decoupling,offroute0,offroute0,0,ccra_exact_guard,CCRA exact,1,31,15,2,2,0,1.0,,1,32,0,32,0,0,1,,0.0005376344086021505,,0.00882768361581921,1.0,1.0,0.0,1.0,0.5,0.0
prediction_loss_decoupling,offroute0,offroute0,0,ccra_exact_guard,CCRA exact,2,31,15,2,2,0,1.0,,1,32,0,32,0,0,1,,0.0005376344086021505,,0.00882768361581921,1.0,1.0,0.0,1.0,0.5,0.0
prediction_loss_decoupling,offroute0,offroute0,0,ccra_exact_guard,CCRA exact,3,31,15,2,2,0,1.0,,1,32,0,32,0,0,1,,0.0005376344086021505,,0.00882768361581921,1.0,1.0,0.0,1.0,0.5,0.0
prediction_loss_decoupling,offroute0,offroute0,0,ccra_exact_guard,CCRA exact,4,31,15,2,2,0,1.0,,1,32,0,32,0,0,1,,0.0005376344086021505,,0.00882768361581921,1.0,1.0,0.0,1.0,0.5,0.0
prediction_loss_decoupling,offroute0,offroute0,0,ccra_row_guard,CCRA row,0,31,15,2,2,0,1.0,,1,33,1,33,0,0,1,,0.015053763440860216,,0.24717514124293785,30.0,2.0,28.0,0.06666666666666667,1.0,0.9333333333333333
prediction_loss_decoupling,offroute0,offroute0,0,ccra_row_guard,CCRA row,1,31,15,2,2,0,1.0,,1,32,0,32,0,0,1,,0.015053763440860216,,0.24717514124293785,30.0,2.0,28.0,0.06666666666666667,1.0,0.9333333333333333
prediction_loss_decoupling,offroute0,offroute0,0,ccra_row_guard,CCRA row,2,31,15,2,2,0,1.0,,1,32,0,32,0,0,1,,0.015053763440860216,,0.24717514124293785,30.0,2.0,28.0,0.06666666666666667,1.0,0.9333333333333333
prediction_loss_decoupling,offroute0,offroute0,0,ccra_row_guard,CCRA row,3,31,15,2,2,0,1.0,,1,32,0,32,0,0,1,,0.015053763440860216,,0.24717514124293785,30.0,2.0,28.0,0.06666666666666667,1.0,0.9333333333333333
prediction_loss_decoupling,offroute0,offroute0,0,ccra_row_guard,CCRA row,4,31,15,2,2,0,1.0,,1,32,0,32,0,0,1,,0.015053763440860216,,0.24717514124293785,30.0,2.0,28.0,0.06666666666666667,1.0,0.9333333333333333
prediction_loss_decoupling,offroute0,offroute0,0,global_action_repair,Global action,0,31,15,2,2,0,1.0,,0,12,3,13,0,0,1,,0.24086021505376345,,0.480225988700565,450.0,2.0,448.0,0.0044444444444444444,1.0,0.9955555555555555
prediction_loss_decoupling,offroute0,offroute0,0,global_action_repair,Global action,1,31,15,2,2,0,1.0,,0,0,0,1,0,0,1,,0.24086021505376345,,0.480225988700565,450.0,2.0,448.0,0.0044444444444444444,1.0,0.9955555555555555
prediction_loss_decoupling,offroute0,offroute0,0,global_action_repair,Global action,2,31,15,2,2,0,1.0,,0,0,0,1,0,0,1,,0.24086021505376345,,0.480225988700565,450.0,2.0,448.0,0.0044444444444444444,1.0,0.9955555555555555
prediction_loss_decoupling,offroute0,offroute0,0,global_action_repair,Global action,3,31,15,2,2,0,1.0,,0,0,0,1,0,0,1,,0.24086021505376345,,0.480225988700565,450.0,2.0,448.0,0.0044444444444444444,1.0,0.9955555555555555
prediction_loss_decoupling,offroute0,offroute0,0,global_action_repair,Global action,4,31,15,2,2,0,1.0,,0,0,0,1,0,0,1,,0.24086021505376345,,0.480225988700565,450.0,2.0,448.0,0.0044444444444444444,1.0,0.9955555555555555
prediction_loss_decoupling,offroute0,offroute0,0,oracle_fault_model,Oracle,0,31,15,2,2,0,1.0,,1,32,0,32,0,0,0,,0.0,,0.0,2.0,2.0,0.0,1.0,1.0,0.0
prediction_loss_decoupling,offroute0,offroute0,0,oracle_fault_model,Oracle,1,31,15,2,2,0,1.0,,1,32,0,32,0,0,0,,0.0,,0.0,2.0,2.0,0.0,1.0,1.0,0.0
prediction_loss_decoupling,offroute0,offroute0,0,oracle_fault_model,Oracle,2,31,15,2,2,0,1.0,,1,32,0,32,0,0,0,,0.0,,0.0,2.0,2.0,0.0,1.0,1.0,0.0
prediction_loss_decoupling,offroute0,offroute0,0,oracle_fault_model,Oracle,3,31,15,2,2,0,1.0,,1,32,0,32,0,0,0,,0.0,,0.0,2.0,2.0,0.0,1.0,1.0,0.0
prediction_loss_decoupling,offroute0,offroute0,0,oracle_fault_model,Oracle,4,31,15,2,2,0,1.0,,1,32,0,32,0,0,0,,0.0,,0.0,2.0,2.0,0.0,1.0,1.0,0.0
prediction_loss_decoupling,offroute0,offroute0,1,nominal_no_repair,Nominal,0,31,15,2,2,0,1.0,,0,180,176,5,0,1,0,,0.001075268817204301,,0.01765536723163842,0.0,0.0,0.0,1.0,0.0,0.0
prediction_loss_decoupling,offroute0,offroute0,1,nominal_no_repair,Nominal,1,31,15,2,2,0,1.0,,0,180,176,5,0,1,0,,0.001075268817204301,,0.01765536723163842,0.0,0.0,0.0,1.0,0.0,0.0
prediction_loss_decoupling,offroute0,offroute0,1,nominal_no_repair,Nominal,2,31,15,2,2,0,1.0,,0,180,176,5,0,1,0,,0.001075268817204301,,0.01765536723163842,0.0,0.0,0.0,1.0,0.0,0.0
prediction_loss_decoupling,offroute0,offroute0,1,nominal_no_repair,Nominal,3,31,15,2,2,0,1.0,,0,180,176,5,0,1,0,,0.001075268817204301,,0.01765536723163842,0.0,0.0,0.0,1.0,0.0,0.0
prediction_loss_decoupling,offroute0,offroute0,1,nominal_no_repair,Nominal,4,31,15,2,2,0,1.0,,0,180,176,5,0,1,0,,0.001075268817204301,,0.01765536723163842,0.0,0.0,0.0,1.0,0.0,0.0
prediction_loss_decoupling,offroute0,offroute0,1,shield_only,Shield only,0,31,15,2,2,0,1.0,,0,180,176,6,1,1,1,,0.001075268817204301,,0.01765536723163842,0.0,0.0,0.0,1.0,0.0,0.0
prediction_loss_decoupling,offroute0,offroute0,1,shield_only,Shield only,1,31,15,2,2,0,1.0,,0,180,176,5,1,1,1,,0.001075268817204301,,0.01765536723163842,0.0,0.0,0.0,1.0,0.0,0.0
prediction_loss_decoupling,offroute0,offroute0,1,shield_only,Shield only,2,31,15,2,2,0,1.0,,0,180,176,5,1,1,1,,0.001075268817204301,,0.01765536723163842,0.0,0.0,0.0,1.0,0.0,0.0
prediction_loss_decoupling,offroute0,offroute0,1,shield_only,Shield only,3,31,15,2,2,0,1.0,,0,180,176,5,1,1,1,,0.001075268817204301,,0.01765536723163842,0.0,0.0,0.0,1.0,0.0,0.0
prediction_loss_decoupling,offroute0,offroute0,1,shield_only,Shield only,4,31,15,2,2,0,1.0,,0,180,176,5,1,1,1,,0.001075268817204301,,0.01765536723163842,0.0,0.0,0.0,1.0,0.0,0.0
prediction_loss_decoupling,offroute0,offroute0,1,batch_episode_retrain,Batch episode,0,31,15,2,2,0,1.0,,0,180,176,5,0,1,0,,0.001075268817204301,,0.01765536723163842,0.0,0.0,0.0,1.0,0.0,0.0
prediction_loss_decoupling,offroute0,offroute0,1,batch_episode_retrain,Batch episode,1,31,15,2,2,0,1.0,,1,32,0,32,0,0,1,,0.0005376344086021505,,0.00882768361581921,1.0,1.0,0.0,1.0,0.5,0.0
prediction_loss_decoupling,offroute0,offroute0,1,batch_episode_retrain,Batch episode,2,31,15,2,2,0,1.0,,1,32,0,32,0,0,1,,0.0005376344086021505,,0.00882768361581921,1.0,1.0,0.0,1.0,0.5,0.0
prediction_loss_decoupling,offroute0,offroute0,1,batch_episode_retrain,Batch episode,3,31,15,2,2,0,1.0,,1,32,0,32,0,0,1,,0.0005376344086021505,,0.00882768361581921,1.0,1.0,0.0,1.0,0.5,0.0
prediction_loss_decoupling,offroute0,offroute0,1,batch_episode_retrain,Batch episode,4,31,15,2,2,0,1.0,,1,32,0,32,0,0,1,,0.0005376344086021505,,0.00882768361581921,1.0,1.0,0.0,1.0,0.5,0.0
prediction_loss_decoupling,offroute0,offroute0,1,threshold_8,Threshold 8,0,31,15,2,2,0,1.0,,1,40,8,40,0,0,1,,0.0005376344086021505,,0.00882768361581921,1.0,1.0,0.0,1.0,0.5,0.0
prediction_loss_decoupling,offroute0,offroute0,1,threshold_8,Threshold 8,1,31,15,2,2,0,1.0,,1,32,0,32,0,0,1,,0.0005376344086021505,,0.00882768361581921,1.0,1.0,0.0,1.0,0.5,0.0
prediction_loss_decoupling,offroute0,offroute0,1,threshold_8,Threshold 8,2,31,15,2,2,0,1.0,,1,32,0,32,0,0,1,,0.0005376344086021505,,0.00882768361581921,1.0,1.0,0.0,1.0,0.5,0.0
prediction_loss_decoupling,offroute0,offroute0,1,threshold_8,Threshold 8,3,31,15,2,2,0,1.0,,1,32,0,32,0,0,1,,0.0005376344086021505,,0.00882768361581921,1.0,1.0,0.0,1.0,0.5,0.0
prediction_loss_decoupling,offroute0,offroute0,1,threshold_8,Threshold 8,4,31,15,2,2,0,1.0,,1,32,0,32,0,0,1,,0.0005376344086021505,,0.00882768361581921,1.0,1.0,0.0,1.0,0.5,0.0
prediction_loss_decoupling,offroute0,offroute0,1,uncertainty_cost_avoidance,Cost avoidance,0,31,15,2,2,0,1.0,,1,33,1,33,0,0,1,,0.001075268817204301,,0.01765536723163842,0.0,0.0,0.0,1.0,0.0,0.0
prediction_loss_decoupling,offroute0,offroute0,1,uncertainty_cost_avoidance,Cost avoidance,1,31,15,2,2,0,1.0,,1,32,0,32,0,0,1,,0.001075268817204301,,0.01765536723163842,0.0,0.0,0.0,1.0,0.0,0.0
prediction_loss_decoupling,offroute0,offroute0,1,uncertainty_cost_avoidance,Cost avoidance,2,31,15,2,2,0,1.0,,1,32,0,32,0,0,1,,0.001075268817204301,,0.01765536723163842,0.0,0.0,0.0,1.0,0.0,0.0
prediction_loss_decoupling,offroute0,offroute0,1,uncertainty_cost_avoidance,Cost avoidance,3,31,15,2,2,0,1.0,,1,32,0,32,0,0,1,,0.001075268817204301,,0.01765536723163842,0.0,0.0,0.0,1.0,0.0,0.0
prediction_loss_decoupling,offroute0,offroute0,1,uncertainty_cost_avoidance,Cost avoidance,4,31,15,2,2,0,1.0,,1,32,0,32,0,0,1,,0.001075268817204301,,0.01765536723163842,0.0,0.0,0.0,1.0,0.0,0.0
prediction_loss_decoupling,offroute0,offroute0,1,ccra_exact_guard,CCRA exact,0,31,15,2,2,0,1.0,,1,33,1,33,0,0,1,,0.0005376344086021505,,0.00882768361581921,1.0,1.0,0.0,1.0,0.5,0.0
prediction_loss_decoupling,offroute0,offroute0,1,ccra_exact_guard,CCRA exact,1,31,15,2,2,0,1.0,,1,32,0,32,0,0,1,,0.0005376344086021505,,0.00882768361581921,1.0,1.0,0.0,1.0,0.5,0.0
prediction_loss_decoupling,offroute0,offroute0,1,ccra_exact_guard,CCRA exact,2,31,15,2,2,0,1.0,,1,32,0,32,0,0,1,,0.0005376344086021505,,0.00882768361581921,1.0,1.0,0.0,1.0,0.5,0.0
prediction_loss_decoupling,offroute0,offroute0,1,ccra_exact_guard,CCRA exact,3,31,15,2,2,0,1.0,,1,32,0,32,0,0,1,,0.0005376344086021505,,0.00882768361581921,1.0,1.0,0.0,1.0,0.5,0.0
prediction_loss_decoupling,offroute0,offroute0,1,ccra_exact_guard,CCRA exact,4,31,15,2,2,0,1.0,,1,32,0,32,0,0,1,,0.0005376344086021505,,0.00882768361581921,1.0,1.0,0.0,1.0,0.5,0.0
prediction_loss_decoupling,offroute0,offroute0,1,ccra_row_guard,CCRA row,0,31,15,2,2,0,1.0,,1,33,1,33,0,0,1,,0.015053763440860216,,0.24717514124293785,30.0,2.0,28.0,0.06666666666666667,1.0,0.9333333333333333
prediction_loss_decoupling,offroute0,offroute0,1,ccra_row_guard,CCRA row,1,31,15,2,2,0,1.0,,1,32,0,32,0,0,1,,0.015053763440860216,,0.24717514124293785,30.0,2.0,28.0,0.06666666666666667,1.0,0.9333333333333333
prediction_loss_decoupling,offroute0,offroute0,1,ccra_row_guard,CCRA row,2,31,15,2,2,0,1.0,,1,32,0,32,0,0,1,,0.015053763440860216,,0.24717514124293785,30.0,2.0,28.0,0.06666666666666667,1.0,0.9333333333333333
prediction_loss_decoupling,offroute0,offroute0,1,ccra_row_guard,CCRA row,3,31,15,2,2,0,1.0,,1,32,0,32,0,0,1,,0.015053763440860216,,0.24717514124293785,30.0,2.0,28.0,0.06666666666666667,1.0,0.9333333333333333
prediction_loss_decoupling,offroute0,offroute0,1,ccra_row_guard,CCRA row,4,31,15,2,2,0,1.0,,1,32,0,32,0,0,1,,0.015053763440860216,,0.24717514124293785,30.0,2.0,28.0,0.06666666666666667,1.0,0.9333333333333333
prediction_loss_decoupling,offroute0,offroute0,1,global_action_repair,Global action,0,31,15,2,2,0,1.0,,0,7,3,8,0,0,1,,0.24086021505376345,,0.480225988700565,450.0,2.0,448.0,0.0044444444444444444,1.0,0.9955555555555555
prediction_loss_decoupling,offroute0,offroute0,1,global_action_repair,Global action,1,31,15,2,2,0,1.0,,0,0,0,1,0,0,1,,0.24086021505376345,,0.480225988700565,450.0,2.0,448.0,0.0044444444444444444,1.0,0.9955555555555555
prediction_loss_decoupling,offroute0,offroute0,1,global_action_repair,Global action,2,31,15,2,2,0,1.0,,0,0,0,1,0,0,1,,0.24086021505376345,,0.480225988700565,450.0,2.0,448.0,0.0044444444444444444,1.0,0.9955555555555555
prediction_loss_decoupling,offroute0,offroute0,1,global_action_repair,Global action,3,31,15,2,2,0,1.0,,0,0,0,1,0,0,1,,0.24086021505376345,,0.480225988700565,450.0,2.0,448.0,0.0044444444444444444,1.0,0.9955555555555555
prediction_loss_decoupling,offroute0,offroute0,1,global_action_repair,Global action,4,31,15,2,2,0,1.0,,0,0,0,1,0,0,1,,0.24086021505376345,,0.480225988700565,450.0,2.0,448.0,0.0044444444444444444,1.0,0.9955555555555555
prediction_loss_decoupling,offroute0,offroute0,1,oracle_fault_model,Oracle,0,31,15,2,2,0,1.0,,1,32,0,32,0,0,0,,0.0,,0.0,2.0,2.0,0.0,1.0,1.0,0.0
prediction_loss_decoupling,offroute0,offroute0,1,oracle_fault_model,Oracle,1,31,15,2,2,0,1.0,,1,32,0,32,0,0,0,,0.0,,0.0,2.0,2.0,0.0,1.0,1.0,0.0
prediction_loss_decoupling,offroute0,offroute0,1,oracle_fault_model,Oracle,2,31,15,2,2,0,1.0,,1,32,0,32,0,0,0,,0.0,,0.0,2.0,2.0,0.0,1.0,1.0,0.0
prediction_loss_decoupling,offroute0,offroute0,1,oracle_fault_model,Oracle,3,31,15,2,2,0,1.0,,1,32,0,32,0,0,0,,0.0,,0.0,2.0,2.0,0.0,1.0,1.0,0.0
prediction_loss_decoupling,offroute0,offroute0,1,oracle_fault_model,Oracle,4,31,15,2,2,0,1.0,,1,32,0,32,0,0,0,,0.0,,0.0,2.0,2.0,0.0,1.0,1.0,0.0
prediction_loss_decoupling,offroute0,offroute0,2,nominal_no_repair,Nominal,0,31,15,2,2,0,1.0,,0,180,166,15,0,1,0,,0.001075268817204301,,0.01765536723163842,0.0,0.0,0.0,1.0,0.0,0.0
prediction_loss_decoupling,offroute0,offroute0,2,nominal_no_repair,Nominal,1,31,15,2,2,0,1.0,,0,180,166,15,0,1,0,,0.001075268817204301,,0.01765536723163842,0.0,0.0,0.0,1.0,0.0,0.0
prediction_loss_decoupling,offroute0,offroute0,2,nominal_no_repair,Nominal,2,31,15,2,2,0,1.0,,0,180,166,15,0,1,0,,0.001075268817204301,,0.01765536723163842,0.0,0.0,0.0,1.0,0.0,0.0
prediction_loss_decoupling,offroute0,offroute0,2,nominal_no_repair,Nominal,3,31,15,2,2,0,1.0,,0,180,166,15,0,1,0,,0.001075268817204301,,0.01765536723163842,0.0,0.0,0.0,1.0,0.0,0.0
prediction_loss_decoupling,offroute0,offroute0,2,nominal_no_repair,Nominal,4,31,15,2,2,0,1.0,,0,180,166,15,0,1,0,,0.001075268817204301,,0.01765536723163842,0.0,0.0,0.0,1.0,0.0,0.0
prediction_loss_decoupling,offroute0,offroute0,2,shield_only,Shield only,0,31,15,2,2,0,1.0,,0,180,166,16,1,1,1,,0.001075268817204301,,0.01765536723163842,0.0,0.0,0.0,1.0,0.0,0.0
prediction_loss_decoupling,offroute0,offroute0,2,shield_only,Shield only,1,31,15,2,2,0,1.0,,0,180,166,15,1,1,1,,0.001075268817204301,,0.01765536723163842,0.0,0.0,0.0,1.0,0.0,0.0
prediction_loss_decoupling,offroute0,offroute0,2,shield_only,Shield only,2,31,15,2,2,0,1.0,,0,180,166,15,1,1,1,,0.001075268817204301,,0.01765536723163842,0.0,0.0,0.0,1.0,0.0,0.0
prediction_loss_decoupling,offroute0,offroute0,2,shield_only,Shield only,3,31,15,2,2,0,1.0,,0,180,166,15,1,1,1,,0.001075268817204301,,0.01765536723163842,0.0,0.0,0.0,1.0,0.0,0.0
prediction_loss_decoupling,offroute0,offroute0,2,shield_only,Shield only,4,31,15,2,2,0,1.0,,0,180,166,15,1,1,1,,0.001075268817204301,,0.01765536723163842,0.0,0.0,0.0,1.0,0.0,0.0
prediction_loss_decoupling,offroute0,offroute0,2,batch_episode_retrain,Batch episode,0,31,15,2,2,0,1.0,,0,180,166,15,0,1,0,,0.001075268817204301,,0.01765536723163842,0.0,0.0,0.0,1.0,0.0,0.0
prediction_loss_decoupling,offroute0,offroute0,2,batch_episode_retrain,Batch episode,1,31,15,2,2,0,1.0,,1,32,0,32,0,0,1,,0.0005376344086021505,,0.00882768361581921,1.0,1.0,0.0,1.0,0.5,0.0
prediction_loss_decoupling,offroute0,offroute0,2,batch_episode_retrain,Batch episode,2,31,15,2,2,0,1.0,,1,32,0,32,0,0,1,,0.0005376344086021505,,0.00882768361581921,1.0,1.0,0.0,1.0,0.5,0.0
prediction_loss_decoupling,offroute0,offroute0,2,batch_episode_retrain,Batch episode,3,31,15,2,2,0,1.0,,1,32,0,32,0,0,1,,0.0005376344086021505,,0.00882768361581921,1.0,1.0,0.0,1.0,0.5,0.0
prediction_loss_decoupling,offroute0,offroute0,2,batch_episode_retrain,Batch episode,4,31,15,2,2,0,1.0,,1,32,0,32,0,0,1,,0.0005376344086021505,,0.00882768361581921,1.0,1.0,0.0,1.0,0.5,0.0
prediction_loss_decoupling,offroute0,offroute0,2,threshold_8,Threshold 8,0,31,15,2,2,0,1.0,,1,40,8,40,0,0,1,,0.0005376344086021505,,0.00882768361581921,1.0,1.0,0.0,1.0,0.5,0.0
prediction_loss_decoupling,offroute0,offroute0,2,threshold_8,Threshold 8,1,31,15,2,2,0,1.0,,1,32,0,32,0,0,1,,0.0005376344086021505,,0.00882768361581921,1.0,1.0,0.0,1.0,0.5,0.0
prediction_loss_decoupling,offroute0,offroute0,2,threshold_8,Threshold 8,2,31,15,2,2,0,1.0,,1,32,0,32,0,0,1,,0.0005376344086021505,,0.00882768361581921,1.0,1.0,0.0,1.0,0.5,0.0
prediction_loss_decoupling,offroute0,offroute0,2,threshold_8,Threshold 8,3,31,15,2,2,0,1.0,,1,32,0,32,0,0,1,,0.0005376344086021505,,0.00882768361581921,1.0,1.0,0.0,1.0,0.5,0.0
prediction_loss_decoupling,offroute0,offroute0,2,threshold_8,Threshold 8,4,31,15,2,2,0,1.0,,1,32,0,32,0,0,1,,0.0005376344086021505,,0.00882768361581921,1.0,1.0,0.0,1.0,0.5,0.0
prediction_loss_decoupling,offroute0,offroute0,2,uncertainty_cost_avoidance,Cost avoidance,0,31,15,2,2,0,1.0,,1,33,1,33,0,0,1,,0.001075268817204301,,0.01765536723163842,0.0,0.0,0.0,1.0,0.0,0.0
prediction_loss_decoupling,offroute0,offroute0,2,uncertainty_cost_avoidance,Cost avoidance,1,31,15,2,2,0,1.0,,1,32,0,32,0,0,1,,0.001075268817204301,,0.01765536723163842,0.0,0.0,0.0,1.0,0.0,0.0
prediction_loss_decoupling,offroute0,offroute0,2,uncertainty_cost_avoidance,Cost avoidance,2,31,15,2,2,0,1.0,,1,32,0,32,0,0,1,,0.001075268817204301,,0.01765536723163842,0.0,0.0,0.0,1.0,0.0,0.0
prediction_loss_decoupling,offroute0,offroute0,2,uncertainty_cost_avoidance,Cost avoidance,3,31,15,2,2,0,1.0,,1,32,0,32,0,0,1,,0.001075268817204301,,0.01765536723163842,0.0,0.0,0.0,1.0,0.0,0.0
prediction_loss_decoupling,offroute0,offroute0,2,uncertainty_cost_avoidance,Cost avoidance,4,31,15,2,2,0,1.0,,1,32,0,32,0,0,1,,0.001075268817204301,,0.01765536723163842,0.0,0.0,0.0,1.0,0.0,0.0
prediction_loss_decoupling,offroute0,offroute0,2,ccra_exact_guard,CCRA exact,0,31,15,2,2,0,1.0,,1,33,1,33,0,0,1,,0.0005376344086021505,,0.00882768361581921,1.0,1.0,0.0,1.0,0.5,0.0
prediction_loss_decoupling,offroute0,offroute0,2,ccra_exact_guard,CCRA exact,1,31,15,2,2,0,1.0,,1,32,0,32,0,0,1,,0.0005376344086021505,,0.00882768361581921,1.0,1.0,0.0,1.0,0.5,0.0
prediction_loss_decoupling,offroute0,offroute0,2,ccra_exact_guard,CCRA exact,2,31,15,2,2,0,1.0,,1,32,0,32,0,0,1,,0.0005376344086021505,,0.00882768361581921,1.0,1.0,0.0,1.0,0.5,0.0
prediction_loss_decoupling,offroute0,offroute0,2,ccra_exact_guard,CCRA exact,3,31,15,2,2,0,1.0,,1,32,0,32,0,0,1,,0.0005376344086021505,,0.00882768361581921,1.0,1.0,0.0,1.0,0.5,0.0
prediction_loss_decoupling,offroute0,offroute0,2,ccra_exact_guard,CCRA exact,4,31,15,2,2,0,1.0,,1,32,0,32,0,0,1,,0.0005376344086021505,,0.00882768361581921,1.0,1.0,0.0,1.0,0.5,0.0
prediction_loss_decoupling,offroute0,offroute0,2,ccra_row_guard,CCRA row,0,31,15,2,2,0,1.0,,1,33,1,33,0,0,1,,0.015053763440860216,,0.24717514124293785,30.0,2.0,28.0,0.06666666666666667,1.0,0.9333333333333333
prediction_loss_decoupling,offroute0,offroute0,2,ccra_row_guard,CCRA row,1,31,15,2,2,0,1.0,,1,32,0,32,0,0,1,,0.015053763440860216,,0.24717514124293785,30.0,2.0,28.0,0.06666666666666667,1.0,0.9333333333333333
prediction_loss_decoupling,offroute0,offroute0,2,ccra_row_guard,CCRA row,2,31,15,2,2,0,1.0,,1,32,0,32,0,0,1,,0.015053763440860216,,0.24717514124293785,30.0,2.0,28.0,0.06666666666666667,1.0,0.9333333333333333
prediction_loss_decoupling,offroute0,offroute0,2,ccra_row_guard,CCRA row,3,31,15,2,2,0,1.0,,1,32,0,32,0,0,1,,0.015053763440860216,,0.24717514124293785,30.0,2.0,28.0,0.06666666666666667,1.0,0.9333333333333333
prediction_loss_decoupling,offroute0,offroute0,2,ccra_row_guard,CCRA row,4,31,15,2,2,0,1.0,,1,32,0,32,0,0,1,,0.015053763440860216,,0.24717514124293785,30.0,2.0,28.0,0.06666666666666667,1.0,0.9333333333333333
prediction_loss_decoupling,offroute0,offroute0,2,global_action_repair,Global action,0,31,15,2,2,0,1.0,,0,17,3,18,0,0,1,,0.24086021505376345,,0.480225988700565,450.0,2.0,448.0,0.0044444444444444444,1.0,0.9955555555555555
prediction_loss_decoupling,offroute0,offroute0,2,global_action_repair,Global action,1,31,15,2,2,0,1.0,,0,0,0,1,0,0,1,,0.24086021505376345,,0.480225988700565,450.0,2.0,448.0,0.0044444444444444444,1.0,0.9955555555555555
prediction_loss_decoupling,offroute0,offroute0,2,global_action_repair,Global action,2,31,15,2,2,0,1.0,,0,0,0,1,0,0,1,,0.24086021505376345,,0.480225988700565,450.0,2.0,448.0,0.0044444444444444444,1.0,0.9955555555555555
prediction_loss_decoupling,offroute0,offroute0,2,global_action_repair,Global action,3,31,15,2,2,0,1.0,,0,0,0,1,0,0,1,,0.24086021505376345,,0.480225988700565,450.0,2.0,448.0,0.0044444444444444444,1.0,0.9955555555555555
prediction_loss_decoupling,offroute0,offroute0,2,global_action_repair,Global action,4,31,15,2,2,0,1.0,,0,0,0,1,0,0,1,,0.24086021505376345,,0.480225988700565,450.0,2.0,448.0,0.0044444444444444444,1.0,0.9955555555555555
prediction_loss_decoupling,offroute0,offroute0,2,oracle_fault_model,Oracle,0,31,15,2,2,0,1.0,,1,32,0,32,0,0,0,,0.0,,0.0,2.0,2.0,0.0,1.0,1.0,0.0
prediction_loss_decoupling,offroute0,offroute0,2,oracle_fault_model,Oracle,1,31,15,2,2,0,1.0,,1,32,0,32,0,0,0,,0.0,,0.0,2.0,2.0,0.0,1.0,1.0,0.0
prediction_loss_decoupling,offroute0,offroute0,2,oracle_fault_model,Oracle,2,31,15,2,2,0,1.0,,1,32,0,32,0,0,0,,0.0,,0.0,2.0,2.0,0.0,1.0,1.0,0.0
prediction_loss_decoupling,offroute0,offroute0,2,oracle_fault_model,Oracle,3,31,15,2,2,0,1.0,,1,32,0,32,0,0,0,,0.0,,0.0,2.0,2.0,0.0,1.0,1.0,0.0
prediction_loss_decoupling,offroute0,offroute0,2,oracle_fault_model,Oracle,4,31,15,2,2,0,1.0,,1,32,0,32,0,0,0,,0.0,,0.0,2.0,2.0,0.0,1.0,1.0,0.0
prediction_loss_decoupling,offroute0,offroute0,3,nominal_no_repair,Nominal,0,31,15,2,2,0,1.0,,0,180,173,8,0,1,0,,0.001075268817204301,,0.01765536723163842,0.0,0.0,0.0,1.0,0.0,0.0
prediction_loss_decoupling,offroute0,offroute0,3,nominal_no_repair,Nominal,1,31,15,2,2,0,1.0,,0,180,173,8,0,1,0,,0.001075268817204301,,0.01765536723163842,0.0,0.0,0.0,1.0,0.0,0.0
prediction_loss_decoupling,offroute0,offroute0,3,nominal_no_repair,Nominal,2,31,15,2,2,0,1.0,,0,180,173,8,0,1,0,,0.001075268817204301,,0.01765536723163842,0.0,0.0,0.0,1.0,0.0,0.0
prediction_loss_decoupling,offroute0,offroute0,3,nominal_no_repair,Nominal,3,31,15,2,2,0,1.0,,0,180,173,8,0,1,0,,0.001075268817204301,,0.01765536723163842,0.0,0.0,0.0,1.0,0.0,0.0
prediction_loss_decoupling,offroute0,offroute0,3,nominal_no_repair,Nominal,4,31,15,2,2,0,1.0,,0,180,173,8,0,1,0,,0.001075268817204301,,0.01765536723163842,0.0,0.0,0.0,1.0,0.0,0.0
prediction_loss_decoupling,offroute0,offroute0,3,shield_only,Shield only,0,31,15,2,2,0,1.0,,0,180,173,9,1,1,1,,0.001075268817204301,,0.01765536723163842,0.0,0.0,0.0,1.0,0.0,0.0
prediction_loss_decoupling,offroute0,offroute0,3,shield_only,Shield only,1,31,15,2,2,0,1.0,,0,180,173,8,1,1,1,,0.001075268817204301,,0.01765536723163842,0.0,0.0,0.0,1.0,0.0,0.0
prediction_loss_decoupling,offroute0,offroute0,3,shield_only,Shield only,2,31,15,2,2,0,1.0,,0,180,173,8,1,1,1,,0.001075268817204301,,0.01765536723163842,0.0,0.0,0.0,1.0,0.0,0.0
prediction_loss_decoupling,offroute0,offroute0,3,shield_only,Shield only,3,31,15,2,2,0,1.0,,0,180,173,8,1,1,1,,0.001075268817204301,,0.01765536723163842,0.0,0.0,0.0,1.0,0.0,0.0
prediction_loss_decoupling,offroute0,offroute0,3,shield_only,Shield only,4,31,15,2,2,0,1.0,,0,180,173,8,1,1,1,,0.001075268817204301,,0.01765536723163842,0.0,0.0,0.0,1.0,0.0,0.0
prediction_loss_decoupling,offroute0,offroute0,3,batch_episode_retrain,Batch episode,0,31,15,2,2,0,1.0,,0,180,173,8,0,1,0,,0.001075268817204301,,0.01765536723163842,0.0,0.0,0.0,1.0,0.0,0.0
prediction_loss_decoupling,offroute0,offroute0,3,batch_episode_retrain,Batch episode,1,31,15,2,2,0,1.0,,1,32,0,32,0,0,1,,0.0005376344086021505,,0.00882768361581921,1.0,1.0,0.0,1.0,0.5,0.0
prediction_loss_decoupling,offroute0,offroute0,3,batch_episode_retrain,Batch episode,2,31,15,2,2,0,1.0,,1,32,0,32,0,0,1,,0.0005376344086021505,,0.00882768361581921,1.0,1.0,0.0,1.0,0.5,0.0
prediction_loss_decoupling,offroute0,offroute0,3,batch_episode_retrain,Batch episode,3,31,15,2,2,0,1.0,,1,32,0,32,0,0,1,,0.0005376344086021505,,0.00882768361581921,1.0,1.0,0.0,1.0,0.5,0.0
prediction_loss_decoupling,offroute0,offroute0,3,batch_episode_retrain,Batch episode,4,31,15,2,2,0,1.0,,1,32,0,32,0,0,1,,0.0005376344086021505,,0.00882768361581921,1.0,1.0,0.0,1.0,0.5,0.0
prediction_loss_decoupling,offroute0,offroute0,3,threshold_8,Threshold 8,0,31,15,2,2,0,1.0,,1,40,8,40,0,0,1,,0.0005376344086021505,,0.00882768361581921,1.0,1.0,0.0,1.0,0.5,0.0
prediction_loss_decoupling,offroute0,offroute0,3,threshold_8,Threshold 8,1,31,15,2,2,0,1.0,,1,32,0,32,0,0,1,,0.0005376344086021505,,0.00882768361581921,1.0,1.0,0.0,1.0,0.5,0.0
prediction_loss_decoupling,offroute0,offroute0,3,threshold_8,Threshold 8,2,31,15,2,2,0,1.0,,1,32,0,32,0,0,1,,0.0005376344086021505,,0.00882768361581921,1.0,1.0,0.0,1.0,0.5,0.0
prediction_loss_decoupling,offroute0,offroute0,3,threshold_8,Threshold 8,3,31,15,2,2,0,1.0,,1,32,0,32,0,0,1,,0.0005376344086021505,,0.00882768361581921,1.0,1.0,0.0,1.0,0.5,0.0
prediction_loss_decoupling,offroute0,offroute0,3,threshold_8,Threshold 8,4,31,15,2,2,0,1.0,,1,32,0,32,0,0,1,,0.0005376344086021505,,0.00882768361581921,1.0,1.0,0.0,1.0,0.5,0.0
prediction_loss_decoupling,offroute0,offroute0,3,uncertainty_cost_avoidance,Cost avoidance,0,31,15,2,2,0,1.0,,1,33,1,33,0,0,1,,0.001075268817204301,,0.01765536723163842,0.0,0.0,0.0,1.0,0.0,0.0
prediction_loss_decoupling,offroute0,offroute0,3,uncertainty_cost_avoidance,Cost avoidance,1,31,15,2,2,0,1.0,,1,32,0,32,0,0,1,,0.001075268817204301,,0.01765536723163842,0.0,0.0,0.0,1.0,0.0,0.0
prediction_loss_decoupling,offroute0,offroute0,3,uncertainty_cost_avoidance,Cost avoidance,2,31,15,2,2,0,1.0,,1,32,0,32,0,0,1,,0.001075268817204301,,0.01765536723163842,0.0,0.0,0.0,1.0,0.0,0.0
prediction_loss_decoupling,offroute0,offroute0,3,uncertainty_cost_avoidance,Cost avoidance,3,31,15,2,2,0,1.0,,1,32,0,32,0,0,1,,0.001075268817204301,,0.01765536723163842,0.0,0.0,0.0,1.0,0.0,0.0
prediction_loss_decoupling,offroute0,offroute0,3,uncertainty_cost_avoidance,Cost avoidance,4,31,15,2,2,0,1.0,,1,32,0,32,0,0,1,,0.001075268817204301,,0.01765536723163842,0.0,0.0,0.0,1.0,0.0,0.0
prediction_loss_decoupling,offroute0,offroute0,3,ccra_exact_guard,CCRA exact,0,31,15,2,2,0,1.0,,1,33,1,33,0,0,1,,0.0005376344086021505,,0.00882768361581921,1.0,1.0,0.0,1.0,0.5,0.0
prediction_loss_decoupling,offroute0,offroute0,3,ccra_exact_guard,CCRA exact,1,31,15,2,2,0,1.0,,1,32,0,32,0,0,1,,0.0005376344086021505,,0.00882768361581921,1.0,1.0,0.0,1.0,0.5,0.0
prediction_loss_decoupling,offroute0,offroute0,3,ccra_exact_guard,CCRA exact,2,31,15,2,2,0,1.0,,1,32,0,32,0,0,1,,0.0005376344086021505,,0.00882768361581921,1.0,1.0,0.0,1.0,0.5,0.0
prediction_loss_decoupling,offroute0,offroute0,3,ccra_exact_guard,CCRA exact,3,31,15,2,2,0,1.0,,1,32,0,32,0,0,1,,0.0005376344086021505,,0.00882768361581921,1.0,1.0,0.0,1.0,0.5,0.0
prediction_loss_decoupling,offroute0,offroute0,3,ccra_exact_guard,CCRA exact,4,31,15,2,2,0,1.0,,1,32,0,32,0,0,1,,0.0005376344086021505,,0.00882768361581921,1.0,1.0,0.0,1.0,0.5,0.0
prediction_loss_decoupling,offroute0,offroute0,3,ccra_row_guard,CCRA row,0,31,15,2,2,0,1.0,,1,33,1,33,0,0,1,,0.015053763440860216,,0.24717514124293785,30.0,2.0,28.0,0.06666666666666667,1.0,0.9333333333333333
prediction_loss_decoupling,offroute0,offroute0,3,ccra_row_guard,CCRA row,1,31,15,2,2,0,1.0,,1,32,0,32,0,0,1,,0.015053763440860216,,0.24717514124293785,30.0,2.0,28.0,0.06666666666666667,1.0,0.9333333333333333
prediction_loss_decoupling,offroute0,offroute0,3,ccra_row_guard,CCRA row,2,31,15,2,2,0,1.0,,1,32,0,32,0,0,1,,0.015053763440860216,,0.24717514124293785,30.0,2.0,28.0,0.06666666666666667,1.0,0.9333333333333333
prediction_loss_decoupling,offroute0,offroute0,3,ccra_row_guard,CCRA row,3,31,15,2,2,0,1.0,,1,32,0,32,0,0,1,,0.015053763440860216,,0.24717514124293785,30.0,2.0,28.0,0.06666666666666667,1.0,0.9333333333333333
prediction_loss_decoupling,offroute0,offroute0,3,ccra_row_guard,CCRA row,4,31,15,2,2,0,1.0,,1,32,0,32,0,0,1,,0.015053763440860216,,0.24717514124293785,30.0,2.0,28.0,0.06666666666666667,1.0,0.9333333333333333
prediction_loss_decoupling,offroute0,offroute0,3,global_action_repair,Global action,0,31,15,2,2,0,1.0,,0,10,3,11,0,0,1,,0.24086021505376345,,0.480225988700565,450.0,2.0,448.0,0.0044444444444444444,1.0,0.9955555555555555
prediction_loss_decoupling,offroute0,offroute0,3,global_action_repair,Global action,1,31,15,2,2,0,1.0,,0,0,0,1,0,0,1,,0.24086021505376345,,0.480225988700565,450.0,2.0,448.0,0.0044444444444444444,1.0,0.9955555555555555
prediction_loss_decoupling,offroute0,offroute0,3,global_action_repair,Global action,2,31,15,2,2,0,1.0,,0,0,0,1,0,0,1,,0.24086021505376345,,0.480225988700565,450.0,2.0,448.0,0.0044444444444444444,1.0,0.9955555555555555
prediction_loss_decoupling,offroute0,offroute0,3,global_action_repair,Global action,3,31,15,2,2,0,1.0,,0,0,0,1,0,0,1,,0.24086021505376345,,0.480225988700565,450.0,2.0,448.0,0.0044444444444444444,1.0,0.9955555555555555
prediction_loss_decoupling,offroute0,offroute0,3,global_action_repair,Global action,4,31,15,2,2,0,1.0,,0,0,0,1,0,0,1,,0.24086021505376345,,0.480225988700565,450.0,2.0,448.0,0.0044444444444444444,1.0,0.9955555555555555
prediction_loss_decoupling,offroute0,offroute0,3,oracle_fault_model,Oracle,0,31,15,2,2,0,1.0,,1,32,0,32,0,0,0,,0.0,,0.0,2.0,2.0,0.0,1.0,1.0,0.0
prediction_loss_decoupling,offroute0,offroute0,3,oracle_fault_model,Oracle,1,31,15,2,2,0,1.0,,1,32,0,32,0,0,0,,0.0,,0.0,2.0,2.0,0.0,1.0,1.0,0.0
prediction_loss_decoupling,offroute0,offroute0,3,oracle_fault_model,Oracle,2,31,15,2,2,0,1.0,,1,32,0,32,0,0,0,,0.0,,0.0,2.0,2.0,0.0,1.0,1.0,0.0
prediction_loss_decoupling,offroute0,offroute0,3,oracle_fault_model,Oracle,3,31,15,2,2,0,1.0,,1,32,0,32,0,0,0,,0.0,,0.0,2.0,2.0,0.0,1.0,1.0,0.0
prediction_loss_decoupling,offroute0,offroute0,3,oracle_fault_model,Oracle,4,31,15,2,2,0,1.0,,1,32,0,32,0,0,0,,0.0,,0.0,2.0,2.0,0.0,1.0,1.0,0.0
prediction_loss_decoupling,offroute0,offroute0,4,nominal_no_repair,Nominal,0,31,15,2,2,0,1.0,,0,180,177,4,0,1,0,,0.001075268817204301,,0.01765536723163842,0.0,0.0,0.0,1.0,0.0,0.0
prediction_loss_decoupling,offroute0,offroute0,4,nominal_no_repair,Nominal,1,31,15,2,2,0,1.0,,0,180,177,4,0,1,0,,0.001075268817204301,,0.01765536723163842,0.0,0.0,0.0,1.0,0.0,0.0
prediction_loss_decoupling,offroute0,offroute0,4,nominal_no_repair,Nominal,2,31,15,2,2,0,1.0,,0,180,177,4,0,1,0,,0.001075268817204301,,0.01765536723163842,0.0,0.0,0.0,1.0,0.0,0.0
prediction_loss_decoupling,offroute0,offroute0,4,nominal_no_repair,Nominal,3,31,15,2,2,0,1.0,,0,180,177,4,0,1,0,,0.001075268817204301,,0.01765536723163842,0.0,0.0,0.0,1.0,0.0,0.0
prediction_loss_decoupling,offroute0,offroute0,4,nominal_no_repair,Nominal,4,31,15,2,2,0,1.0,,0,180,177,4,0,1,0,,0.001075268817204301,,0.01765536723163842,0.0,0.0,0.0,1.0,0.0,0.0
prediction_loss_decoupling,offroute0,offroute0,4,shield_only,Shield only,0,31,15,2,2,0,1.0,,0,180,177,5,1,1,1,,0.001075268817204301,,0.01765536723163842,0.0,0.0,0.0,1.0,0.0,0.0
prediction_loss_decoupling,offroute0,offroute0,4,shield_only,Shield only,1,31,15,2,2,0,1.0,,0,180,177,4,1,1,1,,0.001075268817204301,,0.01765536723163842,0.0,0.0,0.0,1.0,0.0,0.0
prediction_loss_decoupling,offroute0,offroute0,4,shield_only,Shield only,2,31,15,2,2,0,1.0,,0,180,177,4,1,1,1,,0.001075268817204301,,0.01765536723163842,0.0,0.0,0.0,1.0,0.0,0.0
prediction_loss_decoupling,offroute0,offroute0,4,shield_only,Shield only,3,31,15,2,2,0,1.0,,0,180,177,4,1,1,1,,0.001075268817204301,,0.01765536723163842,0.0,0.0,0.0,1.0,0.0,0.0
prediction_loss_decoupling,offroute0,offroute0,4,shield_only,Shield only,4,31,15,2,2,0,1.0,,0,180,177,4,1,1,1,,0.001075268817204301,,0.01765536723163842,0.0,0.0,0.0,1.0,0.0,0.0
prediction_loss_decoupling,offroute0,offroute0,4,batch_episode_retrain,Batch episode,0,31,15,2,2,0,1.0,,0,180,177,4,0,1,0,,0.001075268817204301,,0.01765536723163842,0.0,0.0,0.0,1.0,0.0,0.0
prediction_loss_decoupling,offroute0,offroute0,4,batch_episode_retrain,Batch episode,1,31,15,2,2,0,1.0,,1,32,0,32,0,0,1,,0.0005376344086021505,,0.00882768361581921,1.0,1.0,0.0,1.0,0.5,0.0
prediction_loss_decoupling,offroute0,offroute0,4,batch_episode_retrain,Batch episode,2,31,15,2,2,0,1.0,,1,32,0,32,0,0,1,,0.0005376344086021505,,0.00882768361581921,1.0,1.0,0.0,1.0,0.5,0.0
prediction_loss_decoupling,offroute0,offroute0,4,batch_episode_retrain,Batch episode,3,31,15,2,2,0,1.0,,1,32,0,32,0,0,1,,0.0005376344086021505,,0.00882768361581921,1.0,1.0,0.0,1.0,0.5,0.0
prediction_loss_decoupling,offroute0,offroute0,4,batch_episode_retrain,Batch episode,4,31,15,2,2,0,1.0,,1,32,0,32,0,0,1,,0.0005376344086021505,,0.00882768361581921,1.0,1.0,0.0,1.0,0.5,0.0
prediction_loss_decoupling,offroute0,offroute0,4,threshold_8,Threshold 8,0,31,15,2,2,0,1.0,,1,40,8,40,0,0,1,,0.0005376344086021505,,0.00882768361581921,1.0,1.0,0.0,1.0,0.5,0.0
prediction_loss_decoupling,offroute0,offroute0,4,threshold_8,Threshold 8,1,31,15,2,2,0,1.0,,1,32,0,32,0,0,1,,0.0005376344086021505,,0.00882768361581921,1.0,1.0,0.0,1.0,0.5,0.0
prediction_loss_decoupling,offroute0,offroute0,4,threshold_8,Threshold 8,2,31,15,2,2,0,1.0,,1,32,0,32,0,0,1,,0.0005376344086021505,,0.00882768361581921,1.0,1.0,0.0,1.0,0.5,0.0
prediction_loss_decoupling,offroute0,offroute0,4,threshold_8,Threshold 8,3,31,15,2,2,0,1.0,,1,32,0,32,0,0,1,,0.0005376344086021505,,0.00882768361581921,1.0,1.0,0.0,1.0,0.5,0.0
prediction_loss_decoupling,offroute0,offroute0,4,threshold_8,Threshold 8,4,31,15,2,2,0,1.0,,1,32,0,32,0,0,1,,0.0005376344086021505,,0.00882768361581921,1.0,1.0,0.0,1.0,0.5,0.0
prediction_loss_decoupling,offroute0,offroute0,4,uncertainty_cost_avoidance,Cost avoidance,0,31,15,2,2,0,1.0,,1,33,1,33,0,0,1,,0.001075268817204301,,0.01765536723163842,0.0,0.0,0.0,1.0,0.0,0.0
prediction_loss_decoupling,offroute0,offroute0,4,uncertainty_cost_avoidance,Cost avoidance,1,31,15,2,2,0,1.0,,1,32,0,32,0,0,1,,0.001075268817204301,,0.01765536723163842,0.0,0.0,0.0,1.0,0.0,0.0
prediction_loss_decoupling,offroute0,offroute0,4,uncertainty_cost_avoidance,Cost avoidance,2,31,15,2,2,0,1.0,,1,32,0,32,0,0,1,,0.001075268817204301,,0.01765536723163842,0.0,0.0,0.0,1.0,0.0,0.0
prediction_loss_decoupling,offroute0,offroute0,4,uncertainty_cost_avoidance,Cost avoidance,3,31,15,2,2,0,1.0,,1,32,0,32,0,0,1,,0.001075268817204301,,0.01765536723163842,0.0,0.0,0.0,1.0,0.0,0.0
prediction_loss_decoupling,offroute0,offroute0,4,uncertainty_cost_avoidance,Cost avoidance,4,31,15,2,2,0,1.0,,1,32,0,32,0,0,1,,0.001075268817204301,,0.01765536723163842,0.0,0.0,0.0,1.0,0.0,0.0
prediction_loss_decoupling,offroute0,offroute0,4,ccra_exact_guard,CCRA exact,0,31,15,2,2,0,1.0,,1,33,1,33,0,0,1,,0.0005376344086021505,,0.00882768361581921,1.0,1.0,0.0,1.0,0.5,0.0
prediction_loss_decoupling,offroute0,offroute0,4,ccra_exact_guard,CCRA exact,1,31,15,2,2,0,1.0,,1,32,0,32,0,0,1,,0.0005376344086021505,,0.00882768361581921,1.0,1.0,0.0,1.0,0.5,0.0
prediction_loss_decoupling,offroute0,offroute0,4,ccra_exact_guard,CCRA exact,2,31,15,2,2,0,1.0,,1,32,0,32,0,0,1,,0.0005376344086021505,,0.00882768361581921,1.0,1.0,0.0,1.0,0.5,0.0
prediction_loss_decoupling,offroute0,offroute0,4,ccra_exact_guard,CCRA exact,3,31,15,2,2,0,1.0,,1,32,0,32,0,0,1,,0.0005376344086021505,,0.00882768361581921,1.0,1.0,0.0,1.0,0.5,0.0
prediction_loss_decoupling,offroute0,offroute0,4,ccra_exact_guard,CCRA exact,4,31,15,2,2,0,1.0,,1,32,0,32,0,0,1,,0.0005376344086021505,,0.00882768361581921,1.0,1.0,0.0,1.0,0.5,0.0
prediction_loss_decoupling,offroute0,offroute0,4,ccra_row_guard,CCRA row,0,31,15,2,2,0,1.0,,1,33,1,33,0,0,1,,0.015053763440860216,,0.24717514124293785,30.0,2.0,28.0,0.06666666666666667,1.0,0.9333333333333333
prediction_loss_decoupling,offroute0,offroute0,4,ccra_row_guard,CCRA row,1,31,15,2,2,0,1.0,,1,32,0,32,0,0,1,,0.015053763440860216,,0.24717514124293785,30.0,2.0,28.0,0.06666666666666667,1.0,0.9333333333333333
prediction_loss_decoupling,offroute0,offroute0,4,ccra_row_guard,CCRA row,2,31,15,2,2,0,1.0,,1,32,0,32,0,0,1,,0.015053763440860216,,0.24717514124293785,30.0,2.0,28.0,0.06666666666666667,1.0,0.9333333333333333
prediction_loss_decoupling,offroute0,offroute0,4,ccra_row_guard,CCRA row,3,31,15,2,2,0,1.0,,1,32,0,32,0,0,1,,0.015053763440860216,,0.24717514124293785,30.0,2.0,28.0,0.06666666666666667,1.0,0.9333333333333333
prediction_loss_decoupling,offroute0,offroute0,4,ccra_row_guard,CCRA row,4,31,15,2,2,0,1.0,,1,32,0,32,0,0,1,,0.015053763440860216,,0.24717514124293785,30.0,2.0,28.0,0.06666666666666667,1.0,0.9333333333333333
prediction_loss_decoupling,offroute0,offroute0,4,global_action_repair,Global action,0,31,15,2,2,0,1.0,,0,6,3,7,0,0,1,,0.24086021505376345,,0.480225988700565,450.0,2.0,448.0,0.0044444444444444444,1.0,0.9955555555555555
prediction_loss_decoupling,offroute0,offroute0,4,global_action_repair,Global action,1,31,15,2,2,0,1.0,,0,0,0,1,0,0,1,,0.24086021505376345,,0.480225988700565,450.0,2.0,448.0,0.0044444444444444444,1.0,0.9955555555555555
prediction_loss_decoupling,offroute0,offroute0,4,global_action_repair,Global action,2,31,15,2,2,0,1.0,,0,0,0,1,0,0,1,,0.24086021505376345,,0.480225988700565,450.0,2.0,448.0,0.0044444444444444444,1.0,0.9955555555555555
prediction_loss_decoupling,offroute0,offroute0,4,global_action_repair,Global action,3,31,15,2,2,0,1.0,,0,0,0,1,0,0,1,,0.24086021505376345,,0.480225988700565,450.0,2.0,448.0,0.0044444444444444444,1.0,0.9955555555555555
prediction_loss_decoupling,offroute0,offroute0,4,global_action_repair,Global action,4,31,15,2,2,0,1.0,,0,0,0,1,0,0,1,,0.24086021505376345,,0.480225988700565,450.0,2.0,448.0,0.0044444444444444444,1.0,0.9955555555555555
prediction_loss_decoupling,offroute0,offroute0,4,oracle_fault_model,Oracle,0,31,15,2,2,0,1.0,,1,32,0,32,0,0,0,,0.0,,0.0,2.0,2.0,0.0,1.0,1.0,0.0
prediction_loss_decoupling,offroute0,offroute0,4,oracle_fault_model,Oracle,1,31,15,2,2,0,1.0,,1,32,0,32,0,0,0,,0.0,,0.0,2.0,2.0,0.0,1.0,1.0,0.0
prediction_loss_decoupling,offroute0,offroute0,4,oracle_fault_model,Oracle,2,31,15,2,2,0,1.0,,1,32,0,32,0,0,0,,0.0,,0.0,2.0,2.0,0.0,1.0,1.0,0.0
prediction_loss_decoupling,offroute0,offroute0,4,oracle_fault_model,Oracle,3,31,15,2,2,0,1.0,,1,32,0,32,0,0,0,,0.0,,0.0,2.0,2.0,0.0,1.0,1.0,0.0
prediction_loss_decoupling,offroute0,offroute0,4,oracle_fault_model,Oracle,4,31,15,2,2,0,1.0,,1,32,0,32,0,0,0,,0.0,,0.0,2.0,2.0,0.0,1.0,1.0,0.0
prediction_loss_decoupling,offroute0,offroute0,5,nominal_no_repair,Nominal,0,31,15,2,2,0,1.0,,0,180,168,13,0,1,0,,0.001075268817204301,,0.01765536723163842,0.0,0.0,0.0,1.0,0.0,0.0
prediction_loss_decoupling,offroute0,offroute0,5,nominal_no_repair,Nominal,1,31,15,2,2,0,1.0,,0,180,168,13,0,1,0,,0.001075268817204301,,0.01765536723163842,0.0,0.0,0.0,1.0,0.0,0.0
prediction_loss_decoupling,offroute0,offroute0,5,nominal_no_repair,Nominal,2,31,15,2,2,0,1.0,,0,180,168,13,0,1,0,,0.001075268817204301,,0.01765536723163842,0.0,0.0,0.0,1.0,0.0,0.0
prediction_loss_decoupling,offroute0,offroute0,5,nominal_no_repair,Nominal,3,31,15,2,2,0,1.0,,0,180,168,13,0,1,0,,0.001075268817204301,,0.01765536723163842,0.0,0.0,0.0,1.0,0.0,0.0
prediction_loss_decoupling,offroute0,offroute0,5,nominal_no_repair,Nominal,4,31,15,2,2,0,1.0,,0,180,168,13,0,1,0,,0.001075268817204301,,0.01765536723163842,0.0,0.0,0.0,1.0,0.0,0.0
prediction_loss_decoupling,offroute0,offroute0,5,shield_only,Shield only,0,31,15,2,2,0,1.0,,0,180,168,14,1,1,1,,0.001075268817204301,,0.01765536723163842,0.0,0.0,0.0,1.0,0.0,0.0
prediction_loss_decoupling,offroute0,offroute0,5,shield_only,Shield only,1,31,15,2,2,0,1.0,,0,180,168,13,1,1,1,,0.001075268817204301,,0.01765536723163842,0.0,0.0,0.0,1.0,0.0,0.0
prediction_loss_decoupling,offroute0,offroute0,5,shield_only,Shield only,2,31,15,2,2,0,1.0,,0,180,168,13,1,1,1,,0.001075268817204301,,0.01765536723163842,0.0,0.0,0.0,1.0,0.0,0.0
prediction_loss_decoupling,offroute0,offroute0,5,shield_only,Shield only,3,31,15,2,2,0,1.0,,0,180,168,13,1,1,1,,0.001075268817204301,,0.01765536723163842,0.0,0.0,0.0,1.0,0.0,0.0
prediction_loss_decoupling,offroute0,offroute0,5,shield_only,Shield only,4,31,15,2,2,0,1.0,,0,180,168,13,1,1,1,,0.001075268817204301,,0.01765536723163842,0.0,0.0,0.0,1.0,0.0,0.0
prediction_loss_decoupling,offroute0,offroute0,5,batch_episode_retrain,Batch episode,0,31,15,2,2,0,1.0,,0,180,168,13,0,1,0,,0.001075268817204301,,0.01765536723163842,0.0,0.0,0.0,1.0,0.0,0.0
prediction_loss_decoupling,offroute0,offroute0,5,batch_episode_retrain,Batch episode,1,31,15,2,2,0,1.0,,1,32,0,32,0,0,1,,0.0005376344086021505,,0.00882768361581921,1.0,1.0,0.0,1.0,0.5,0.0
prediction_loss_decoupling,offroute0,offroute0,5,batch_episode_retrain,Batch episode,2,31,15,2,2,0,1.0,,1,32,0,32,0,0,1,,0.0005376344086021505,,0.00882768361581921,1.0,1.0,0.0,1.0,0.5,0.0
prediction_loss_decoupling,offroute0,offroute0,5,batch_episode_retrain,Batch episode,3,31,15,2,2,0,1.0,,1,32,0,32,0,0,1,,0.0005376344086021505,,0.00882768361581921,1.0,1.0,0.0,1.0,0.5,0.0
prediction_loss_decoupling,offroute0,offroute0,5,batch_episode_retrain,Batch episode,4,31,15,2,2,0,1.0,,1,32,0,32,0,0,1,,0.0005376344086021505,,0.00882768361581921,1.0,1.0,0.0,1.0,0.5,0.0
prediction_loss_decoupling,offroute0,offroute0,5,threshold_8,Threshold 8,0,31,15,2,2,0,1.0,,1,40,8,40,0,0,1,,0.0005376344086021505,,0.00882768361581921,1.0,1.0,0.0,1.0,0.5,0.0
prediction_loss_decoupling,offroute0,offroute0,5,threshold_8,Threshold 8,1,31,15,2,2,0,1.0,,1,32,0,32,0,0,1,,0.0005376344086021505,,0.00882768361581921,1.0,1.0,0.0,1.0,0.5,0.0
prediction_loss_decoupling,offroute0,offroute0,5,threshold_8,Threshold 8,2,31,15,2,2,0,1.0,,1,32,0,32,0,0,1,,0.0005376344086021505,,0.00882768361581921,1.0,1.0,0.0,1.0,0.5,0.0
prediction_loss_decoupling,offroute0,offroute0,5,threshold_8,Threshold 8,3,31,15,2,2,0,1.0,,1,32,0,32,0,0,1,,0.0005376344086021505,,0.00882768361581921,1.0,1.0,0.0,1.0,0.5,0.0
prediction_loss_decoupling,offroute0,offroute0,5,threshold_8,Threshold 8,4,31,15,2,2,0,1.0,,1,32,0,32,0,0,1,,0.0005376344086021505,,0.00882768361581921,1.0,1.0,0.0,1.0,0.5,0.0
prediction_loss_decoupling,offroute0,offroute0,5,uncertainty_cost_avoidance,Cost avoidance,0,31,15,2,2,0,1.0,,1,33,1,33,0,0,1,,0.001075268817204301,,0.01765536723163842,0.0,0.0,0.0,1.0,0.0,0.0
prediction_loss_decoupling,offroute0,offroute0,5,uncertainty_cost_avoidance,Cost avoidance,1,31,15,2,2,0,1.0,,1,32,0,32,0,0,1,,0.001075268817204301,,0.01765536723163842,0.0,0.0,0.0,1.0,0.0,0.0
prediction_loss_decoupling,offroute0,offroute0,5,uncertainty_cost_avoidance,Cost avoidance,2,31,15,2,2,0,1.0,,1,32,0,32,0,0,1,,0.001075268817204301,,0.01765536723163842,0.0,0.0,0.0,1.0,0.0,0.0
prediction_loss_decoupling,offroute0,offroute0,5,uncertainty_cost_avoidance,Cost avoidance,3,31,15,2,2,0,1.0,,1,32,0,32,0,0,1,,0.001075268817204301,,0.01765536723163842,0.0,0.0,0.0,1.0,0.0,0.0
prediction_loss_decoupling,offroute0,offroute0,5,uncertainty_cost_avoidance,Cost avoidance,4,31,15,2,2,0,1.0,,1,32,0,32,0,0,1,,0.001075268817204301,,0.01765536723163842,0.0,0.0,0.0,1.0,0.0,0.0
prediction_loss_decoupling,offroute0,offroute0,5,ccra_exact_guard,CCRA exact,0,31,15,2,2,0,1.0,,1,33,1,33,0,0,1,,0.0005376344086021505,,0.00882768361581921,1.0,1.0,0.0,1.0,0.5,0.0
prediction_loss_decoupling,offroute0,offroute0,5,ccra_exact_guard,CCRA exact,1,31,15,2,2,0,1.0,,1,32,0,32,0,0,1,,0.0005376344086021505,,0.00882768361581921,1.0,1.0,0.0,1.0,0.5,0.0
prediction_loss_decoupling,offroute0,offroute0,5,ccra_exact_guard,CCRA exact,2,31,15,2,2,0,1.0,,1,32,0,32,0,0,1,,0.0005376344086021505,,0.00882768361581921,1.0,1.0,0.0,1.0,0.5,0.0
prediction_loss_decoupling,offroute0,offroute0,5,ccra_exact_guard,CCRA exact,3,31,15,2,2,0,1.0,,1,32,0,32,0,0,1,,0.0005376344086021505,,0.00882768361581921,1.0,1.0,0.0,1.0,0.5,0.0
prediction_loss_decoupling,offroute0,offroute0,5,ccra_exact_guard,CCRA exact,4,31,15,2,2,0,1.0,,1,32,0,32,0,0,1,,0.0005376344086021505,,0.00882768361581921,1.0,1.0,0.0,1.0,0.5,0.0
prediction_loss_decoupling,offroute0,offroute0,5,ccra_row_guard,CCRA row,0,31,15,2,2,0,1.0,,1,33,1,33,0,0,1,,0.015053763440860216,,0.24717514124293785,30.0,2.0,28.0,0.06666666666666667,1.0,0.9333333333333333
prediction_loss_decoupling,offroute0,offroute0,5,ccra_row_guard,CCRA row,1,31,15,2,2,0,1.0,,1,32,0,32,0,0,1,,0.015053763440860216,,0.24717514124293785,30.0,2.0,28.0,0.06666666666666667,1.0,0.9333333333333333
prediction_loss_decoupling,offroute0,offroute0,5,ccra_row_guard,CCRA row,2,31,15,2,2,0,1.0,,1,32,0,32,0,0,1,,0.015053763440860216,,0.24717514124293785,30.0,2.0,28.0,0.06666666666666667,1.0,0.9333333333333333
prediction_loss_decoupling,offroute0,offroute0,5,ccra_row_guard,CCRA row,3,31,15,2,2,0,1.0,,1,32,0,32,0,0,1,,0.015053763440860216,,0.24717514124293785,30.0,2.0,28.0,0.06666666666666667,1.0,0.9333333333333333
prediction_loss_decoupling,offroute0,offroute0,5,ccra_row_guard,CCRA row,4,31,15,2,2,0,1.0,,1,32,0,32,0,0,1,,0.015053763440860216,,0.24717514124293785,30.0,2.0,28.0,0.06666666666666667,1.0,0.9333333333333333
prediction_loss_decoupling,offroute0,offroute0,5,global_action_repair,Global action,0,31,15,2,2,0,1.0,,0,15,3,16,0,0,1,,0.24086021505376345,,0.480225988700565,450.0,2.0,448.0,0.0044444444444444444,1.0,0.9955555555555555
prediction_loss_decoupling,offroute0,offroute0,5,global_action_repair,Global action,1,31,15,2,2,0,1.0,,0,0,0,1,0,0,1,,0.24086021505376345,,0.480225988700565,450.0,2.0,448.0,0.0044444444444444444,1.0,0.9955555555555555
prediction_loss_decoupling,offroute0,offroute0,5,global_action_repair,Global action,2,31,15,2,2,0,1.0,,0,0,0,1,0,0,1,,0.24086021505376345,,0.480225988700565,450.0,2.0,448.0,0.0044444444444444444,1.0,0.9955555555555555
prediction_loss_decoupling,offroute0,offroute0,5,global_action_repair,Global action,3,31,15,2,2,0,1.0,,0,0,0,1,0,0,1,,0.24086021505376345,,0.480225988700565,450.0,2.0,448.0,0.0044444444444444444,1.0,0.9955555555555555
prediction_loss_decoupling,offroute0,offroute0,5,global_action_repair,Global action,4,31,15,2,2,0,1.0,,0,0,0,1,0,0,1,,0.24086021505376345,,0.480225988700565,450.0,2.0,448.0,0.0044444444444444444,1.0,0.9955555555555555
prediction_loss_decoupling,offroute0,offroute0,5,oracle_fault_model,Oracle,0,31,15,2,2,0,1.0,,1,32,0,32,0,0,0,,0.0,,0.0,2.0,2.0,0.0,1.0,1.0,0.0
prediction_loss_decoupling,offroute0,offroute0,5,oracle_fault_model,Oracle,1,31,15,2,2,0,1.0,,1,32,0,32,0,0,0,,0.0,,0.0,2.0,2.0,0.0,1.0,1.0,0.0
prediction_loss_decoupling,offroute0,offroute0,5,oracle_fault_model,Oracle,2,31,15,2,2,0,1.0,,1,32,0,32,0,0,0,,0.0,,0.0,2.0,2.0,0.0,1.0,1.0,0.0
prediction_loss_decoupling,offroute0,offroute0,5,oracle_fault_model,Oracle,3,31,15,2,2,0,1.0,,1,32,0,32,0,0,0,,0.0,,0.0,2.0,2.0,0.0,1.0,1.0,0.0
prediction_loss_decoupling,offroute0,offroute0,5,oracle_fault_model,Oracle,4,31,15,2,2,0,1.0,,1,32,0,32,0,0,0,,0.0,,0.0,2.0,2.0,0.0,1.0,1.0,0.0
prediction_loss_decoupling,offroute0,offroute0,6,nominal_no_repair,Nominal,0,31,15,2,2,0,1.0,,0,180,158,23,0,1,0,,0.001075268817204301,,0.01765536723163842,0.0,0.0,0.0,1.0,0.0,0.0
prediction_loss_decoupling,offroute0,offroute0,6,nominal_no_repair,Nominal,1,31,15,2,2,0,1.0,,0,180,158,23,0,1,0,,0.001075268817204301,,0.01765536723163842,0.0,0.0,0.0,1.0,0.0,0.0
prediction_loss_decoupling,offroute0,offroute0,6,nominal_no_repair,Nominal,2,31,15,2,2,0,1.0,,0,180,158,23,0,1,0,,0.001075268817204301,,0.01765536723163842,0.0,0.0,0.0,1.0,0.0,0.0
prediction_loss_decoupling,offroute0,offroute0,6,nominal_no_repair,Nominal,3,31,15,2,2,0,1.0,,0,180,158,23,0,1,0,,0.001075268817204301,,0.01765536723163842,0.0,0.0,0.0,1.0,0.0,0.0
prediction_loss_decoupling,offroute0,offroute0,6,nominal_no_repair,Nominal,4,31,15,2,2,0,1.0,,0,180,158,23,0,1,0,,0.001075268817204301,,0.01765536723163842,0.0,0.0,0.0,1.0,0.0,0.0
prediction_loss_decoupling,offroute0,offroute0,6,shield_only,Shield only,0,31,15,2,2,0,1.0,,0,180,158,24,1,1,1,,0.001075268817204301,,0.01765536723163842,0.0,0.0,0.0,1.0,0.0,0.0
prediction_loss_decoupling,offroute0,offroute0,6,shield_only,Shield only,1,31,15,2,2,0,1.0,,0,180,158,23,1,1,1,,0.001075268817204301,,0.01765536723163842,0.0,0.0,0.0,1.0,0.0,0.0
prediction_loss_decoupling,offroute0,offroute0,6,shield_only,Shield only,2,31,15,2,2,0,1.0,,0,180,158,23,1,1,1,,0.001075268817204301,,0.01765536723163842,0.0,0.0,0.0,1.0,0.0,0.0
prediction_loss_decoupling,offroute0,offroute0,6,shield_only,Shield only,3,31,15,2,2,0,1.0,,0,180,158,23,1,1,1,,0.001075268817204301,,0.01765536723163842,0.0,0.0,0.0,1.0,0.0,0.0
prediction_loss_decoupling,offroute0,offroute0,6,shield_only,Shield only,4,31,15,2,2,0,1.0,,0,180,158,23,1,1,1,,0.001075268817204301,,0.01765536723163842,0.0,0.0,0.0,1.0,0.0,0.0
prediction_loss_decoupling,offroute0,offroute0,6,batch_episode_retrain,Batch episode,0,31,15,2,2,0,1.0,,0,180,158,23,0,1,0,,0.001075268817204301,,0.01765536723163842,0.0,0.0,0.0,1.0,0.0,0.0
prediction_loss_decoupling,offroute0,offroute0,6,batch_episode_retrain,Batch episode,1,31,15,2,2,0,1.0,,1,32,0,32,0,0,1,,0.0005376344086021505,,0.00882768361581921,1.0,1.0,0.0,1.0,0.5,0.0
prediction_loss_decoupling,offroute0,offroute0,6,batch_episode_retrain,Batch episode,2,31,15,2,2,0,1.0,,1,32,0,32,0,0,1,,0.0005376344086021505,,0.00882768361581921,1.0,1.0,0.0,1.0,0.5,0.0
prediction_loss_decoupling,offroute0,offroute0,6,batch_episode_retrain,Batch episode,3,31,15,2,2,0,1.0,,1,32,0,32,0,0,1,,0.0005376344086021505,,0.00882768361581921,1.0,1.0,0.0,1.0,0.5,0.0
prediction_loss_decoupling,offroute0,offroute0,6,batch_episode_retrain,Batch episode,4,31,15,2,2,0,1.0,,1,32,0,32,0,0,1,,0.0005376344086021505,,0.00882768361581921,1.0,1.0,0.0,1.0,0.5,0.0
prediction_loss_decoupling,offroute0,offroute0,6,threshold_8,Threshold 8,0,31,15,2,2,0,1.0,,1,40,8,40,0,0,1,,0.0005376344086021505,,0.00882768361581921,1.0,1.0,0.0,1.0,0.5,0.0
prediction_loss_decoupling,offroute0,offroute0,6,threshold_8,Threshold 8,1,31,15,2,2,0,1.0,,1,32,0,32,0,0,1,,0.0005376344086021505,,0.00882768361581921,1.0,1.0,0.0,1.0,0.5,0.0
prediction_loss_decoupling,offroute0,offroute0,6,threshold_8,Threshold 8,2,31,15,2,2,0,1.0,,1,32,0,32,0,0,1,,0.0005376344086021505,,0.00882768361581921,1.0,1.0,0.0,1.0,0.5,0.0
prediction_loss_decoupling,offroute0,offroute0,6,threshold_8,Threshold 8,3,31,15,2,2,0,1.0,,1,32,0,32,0,0,1,,0.0005376344086021505,,0.00882768361581921,1.0,1.0,0.0,1.0,0.5,0.0
prediction_loss_decoupling,offroute0,offroute0,6,threshold_8,Threshold 8,4,31,15,2,2,0,1.0,,1,32,0,32,0,0,1,,0.0005376344086021505,,0.00882768361581921,1.0,1.0,0.0,1.0,0.5,0.0
prediction_loss_decoupling,offroute0,offroute0,6,uncertainty_cost_avoidance,Cost avoidance,0,31,15,2,2,0,1.0,,1,33,1,33,0,0,1,,0.001075268817204301,,0.01765536723163842,0.0,0.0,0.0,1.0,0.0,0.0
prediction_loss_decoupling,offroute0,offroute0,6,uncertainty_cost_avoidance,Cost avoidance,1,31,15,2,2,0,1.0,,1,32,0,32,0,0,1,,0.001075268817204301,,0.01765536723163842,0.0,0.0,0.0,1.0,0.0,0.0
prediction_loss_decoupling,offroute0,offroute0,6,uncertainty_cost_avoidance,Cost avoidance,2,31,15,2,2,0,1.0,,1,32,0,32,0,0,1,,0.001075268817204301,,0.01765536723163842,0.0,0.0,0.0,1.0,0.0,0.0
prediction_loss_decoupling,offroute0,offroute0,6,uncertainty_cost_avoidance,Cost avoidance,3,31,15,2,2,0,1.0,,1,32,0,32,0,0,1,,0.001075268817204301,,0.01765536723163842,0.0,0.0,0.0,1.0,0.0,0.0
prediction_loss_decoupling,offroute0,offroute0,6,uncertainty_cost_avoidance,Cost avoidance,4,31,15,2,2,0,1.0,,1,32,0,32,0,0,1,,0.001075268817204301,,0.01765536723163842,0.0,0.0,0.0,1.0,0.0,0.0
prediction_loss_decoupling,offroute0,offroute0,6,ccra_exact_guard,CCRA exact,0,31,15,2,2,0,1.0,,1,33,1,33,0,0,1,,0.0005376344086021505,,0.00882768361581921,1.0,1.0,0.0,1.0,0.5,0.0
prediction_loss_decoupling,offroute0,offroute0,6,ccra_exact_guard,CCRA exact,1,31,15,2,2,0,1.0,,1,32,0,32,0,0,1,,0.0005376344086021505,,0.00882768361581921,1.0,1.0,0.0,1.0,0.5,0.0
prediction_loss_decoupling,offroute0,offroute0,6,ccra_exact_guard,CCRA exact,2,31,15,2,2,0,1.0,,1,32,0,32,0,0,1,,0.0005376344086021505,,0.00882768361581921,1.0,1.0,0.0,1.0,0.5,0.0
prediction_loss_decoupling,offroute0,offroute0,6,ccra_exact_guard,CCRA exact,3,31,15,2,2,0,1.0,,1,32,0,32,0,0,1,,0.0005376344086021505,,0.00882768361581921,1.0,1.0,0.0,1.0,0.5,0.0
prediction_loss_decoupling,offroute0,offroute0,6,ccra_exact_guard,CCRA exact,4,31,15,2,2,0,1.0,,1,32,0,32,0,0,1,,0.0005376344086021505,,0.00882768361581921,1.0,1.0,0.0,1.0,0.5,0.0
prediction_loss_decoupling,offroute0,offroute0,6,ccra_row_guard,CCRA row,0,31,15,2,2,0,1.0,,1,33,1,33,0,0,1,,0.015053763440860216,,0.24717514124293785,30.0,2.0,28.0,0.06666666666666667,1.0,0.9333333333333333
prediction_loss_decoupling,offroute0,offroute0,6,ccra_row_guard,CCRA row,1,31,15,2,2,0,1.0,,1,32,0,32,0,0,1,,0.015053763440860216,,0.24717514124293785,30.0,2.0,28.0,0.06666666666666667,1.0,0.9333333333333333
prediction_loss_decoupling,offroute0,offroute0,6,ccra_row_guard,CCRA row,2,31,15,2,2,0,1.0,,1,32,0,32,0,0,1,,0.015053763440860216,,0.24717514124293785,30.0,2.0,28.0,0.06666666666666667,1.0,0.9333333333333333
prediction_loss_decoupling,offroute0,offroute0,6,ccra_row_guard,CCRA row,3,31,15,2,2,0,1.0,,1,32,0,32,0,0,1,,0.015053763440860216,,0.24717514124293785,30.0,2.0,28.0,0.06666666666666667,1.0,0.9333333333333333
prediction_loss_decoupling,offroute0,offroute0,6,ccra_row_guard,CCRA row,4,31,15,2,2,0,1.0,,1,32,0,32,0,0,1,,0.015053763440860216,,0.24717514124293785,30.0,2.0,28.0,0.06666666666666667,1.0,0.9333333333333333
prediction_loss_decoupling,offroute0,offroute0,6,global_action_repair,Global action,0,31,15,2,2,0,1.0,,0,25,3,26,0,0,1,,0.24086021505376345,,0.480225988700565,450.0,2.0,448.0,0.0044444444444444444,1.0,0.9955555555555555
prediction_loss_decoupling,offroute0,offroute0,6,global_action_repair,Global action,1,31,15,2,2,0,1.0,,0,0,0,1,0,0,1,,0.24086021505376345,,0.480225988700565,450.0,2.0,448.0,0.0044444444444444444,1.0,0.9955555555555555
prediction_loss_decoupling,offroute0,offroute0,6,global_action_repair,Global action,2,31,15,2,2,0,1.0,,0,0,0,1,0,0,1,,0.24086021505376345,,0.480225988700565,450.0,2.0,448.0,0.0044444444444444444,1.0,0.9955555555555555
prediction_loss_decoupling,offroute0,offroute0,6,global_action_repair,Global action,3,31,15,2,2,0,1.0,,0,0,0,1,0,0,1,,0.24086021505376345,,0.480225988700565,450.0,2.0,448.0,0.0044444444444444444,1.0,0.9955555555555555
prediction_loss_decoupling,offroute0,offroute0,6,global_action_repair,Global action,4,31,15,2,2,0,1.0,,0,0,0,1,0,0,1,,0.24086021505376345,,0.480225988700565,450.0,2.0,448.0,0.0044444444444444444,1.0,0.9955555555555555
prediction_loss_decoupling,offroute0,offroute0,6,oracle_fault_model,Oracle,0,31,15,2,2,0,1.0,,1,32,0,32,0,0,0,,0.0,,0.0,2.0,2.0,0.0,1.0,1.0,0.0
prediction_loss_decoupling,offroute0,offroute0,6,oracle_fault_model,Oracle,1,31,15,2,2,0,1.0,,1,32,0,32,0,0,0,,0.0,,0.0,2.0,2.0,0.0,1.0,1.0,0.0
prediction_loss_decoupling,offroute0,offroute0,6,oracle_fault_model,Oracle,2,31,15,2,2,0,1.0,,1,32,0,32,0,0,0,,0.0,,0.0,2.0,2.0,0.0,1.0,1.0,0.0
prediction_loss_decoupling,offroute0,offroute0,6,oracle_fault_model,Oracle,3,31,15,2,2,0,1.0,,1,32,0,32,0,0,0,,0.0,,0.0,2.0,2.0,0.0,1.0,1.0,0.0
prediction_loss_decoupling,offroute0,offroute0,6,oracle_fault_model,Oracle,4,31,15,2,2,0,1.0,,1,32,0,32,0,0,0,,0.0,,0.0,2.0,2.0,0.0,1.0,1.0,0.0
prediction_loss_decoupling,offroute0,offroute0,7,nominal_no_repair,Nominal,0,31,15,2,2,0,1.0,,0,180,163,18,0,1,0,,0.001075268817204301,,0.01765536723163842,0.0,0.0,0.0,1.0,0.0,0.0
prediction_loss_decoupling,offroute0,offroute0,7,nominal_no_repair,Nominal,1,31,15,2,2,0,1.0,,0,180,163,18,0,1,0,,0.001075268817204301,,0.01765536723163842,0.0,0.0,0.0,1.0,0.0,0.0
prediction_loss_decoupling,offroute0,offroute0,7,nominal_no_repair,Nominal,2,31,15,2,2,0,1.0,,0,180,163,18,0,1,0,,0.001075268817204301,,0.01765536723163842,0.0,0.0,0.0,1.0,0.0,0.0
prediction_loss_decoupling,offroute0,offroute0,7,nominal_no_repair,Nominal,3,31,15,2,2,0,1.0,,0,180,163,18,0,1,0,,0.001075268817204301,,0.01765536723163842,0.0,0.0,0.0,1.0,0.0,0.0
prediction_loss_decoupling,offroute0,offroute0,7,nominal_no_repair,Nominal,4,31,15,2,2,0,1.0,,0,180,163,18,0,1,0,,0.001075268817204301,,0.01765536723163842,0.0,0.0,0.0,1.0,0.0,0.0
prediction_loss_decoupling,offroute0,offroute0,7,shield_only,Shield only,0,31,15,2,2,0,1.0,,0,180,163,19,1,1,1,,0.001075268817204301,,0.01765536723163842,0.0,0.0,0.0,1.0,0.0,0.0
prediction_loss_decoupling,offroute0,offroute0,7,shield_only,Shield only,1,31,15,2,2,0,1.0,,0,180,163,18,1,1,1,,0.001075268817204301,,0.01765536723163842,0.0,0.0,0.0,1.0,0.0,0.0
prediction_loss_decoupling,offroute0,offroute0,7,shield_only,Shield only,2,31,15,2,2,0,1.0,,0,180,163,18,1,1,1,,0.001075268817204301,,0.01765536723163842,0.0,0.0,0.0,1.0,0.0,0.0
prediction_loss_decoupling,offroute0,offroute0,7,shield_only,Shield only,3,31,15,2,2,0,1.0,,0,180,163,18,1,1,1,,0.001075268817204301,,0.01765536723163842,0.0,0.0,0.0,1.0,0.0,0.0
prediction_loss_decoupling,offroute0,offroute0,7,shield_only,Shield only,4,31,15,2,2,0,1.0,,0,180,163,18,1,1,1,,0.001075268817204301,,0.01765536723163842,0.0,0.0,0.0,1.0,0.0,0.0
prediction_loss_decoupling,offroute0,offroute0,7,batch_episode_retrain,Batch episode,0,31,15,2,2,0,1.0,,0,180,163,18,0,1,0,,0.001075268817204301,,0.01765536723163842,0.0,0.0,0.0,1.0,0.0,0.0
prediction_loss_decoupling,offroute0,offroute0,7,batch_episode_retrain,Batch episode,1,31,15,2,2,0,1.0,,1,32,0,32,0,0,1,,0.0005376344086021505,,0.00882768361581921,1.0,1.0,0.0,1.0,0.5,0.0
prediction_loss_decoupling,offroute0,offroute0,7,batch_episode_retrain,Batch episode,2,31,15,2,2,0,1.0,,1,32,0,32,0,0,1,,0.0005376344086021505,,0.00882768361581921,1.0,1.0,0.0,1.0,0.5,0.0
prediction_loss_decoupling,offroute0,offroute0,7,batch_episode_retrain,Batch episode,3,31,15,2,2,0,1.0,,1,32,0,32,0,0,1,,0.0005376344086021505,,0.00882768361581921,1.0,1.0,0.0,1.0,0.5,0.0
prediction_loss_decoupling,offroute0,offroute0,7,batch_episode_retrain,Batch episode,4,31,15,2,2,0,1.0,,1,32,0,32,0,0,1,,0.0005376344086021505,,0.00882768361581921,1.0,1.0,0.0,1.0,0.5,0.0
prediction_loss_decoupling,offroute0,offroute0,7,threshold_8,Threshold 8,0,31,15,2,2,0,1.0,,1,40,8,40,0,0,1,,0.0005376344086021505,,0.00882768361581921,1.0,1.0,0.0,1.0,0.5,0.0
prediction_loss_decoupling,offroute0,offroute0,7,threshold_8,Threshold 8,1,31,15,2,2,0,1.0,,1,32,0,32,0,0,1,,0.0005376344086021505,,0.00882768361581921,1.0,1.0,0.0,1.0,0.5,0.0
prediction_loss_decoupling,offroute0,offroute0,7,threshold_8,Threshold 8,2,31,15,2,2,0,1.0,,1,32,0,32,0,0,1,,0.0005376344086021505,,0.00882768361581921,1.0,1.0,0.0,1.0,0.5,0.0
prediction_loss_decoupling,offroute0,offroute0,7,threshold_8,Threshold 8,3,31,15,2,2,0,1.0,,1,32,0,32,0,0,1,,0.0005376344086021505,,0.00882768361581921,1.0,1.0,0.0,1.0,0.5,0.0
prediction_loss_decoupling,offroute0,offroute0,7,threshold_8,Threshold 8,4,31,15,2,2,0,1.0,,1,32,0,32,0,0,1,,0.0005376344086021505,,0.00882768361581921,1.0,1.0,0.0,1.0,0.5,0.0
prediction_loss_decoupling,offroute0,offroute0,7,uncertainty_cost_avoidance,Cost avoidance,0,31,15,2,2,0,1.0,,1,33,1,33,0,0,1,,0.001075268817204301,,0.01765536723163842,0.0,0.0,0.0,1.0,0.0,0.0
prediction_loss_decoupling,offroute0,offroute0,7,uncertainty_cost_avoidance,Cost avoidance,1,31,15,2,2,0,1.0,,1,32,0,32,0,0,1,,0.001075268817204301,,0.01765536723163842,0.0,0.0,0.0,1.0,0.0,0.0
prediction_loss_decoupling,offroute0,offroute0,7,uncertainty_cost_avoidance,Cost avoidance,2,31,15,2,2,0,1.0,,1,32,0,32,0,0,1,,0.001075268817204301,,0.01765536723163842,0.0,0.0,0.0,1.0,0.0,0.0
prediction_loss_decoupling,offroute0,offroute0,7,uncertainty_cost_avoidance,Cost avoidance,3,31,15,2,2,0,1.0,,1,32,0,32,0,0,1,,0.001075268817204301,,0.01765536723163842,0.0,0.0,0.0,1.0,0.0,0.0
prediction_loss_decoupling,offroute0,offroute0,7,uncertainty_cost_avoidance,Cost avoidance,4,31,15,2,2,0,1.0,,1,32,0,32,0,0,1,,0.001075268817204301,,0.01765536723163842,0.0,0.0,0.0,1.0,0.0,0.0
prediction_loss_decoupling,offroute0,offroute0,7,ccra_exact_guard,CCRA exact,0,31,15,2,2,0,1.0,,1,33,1,33,0,0,1,,0.0005376344086021505,,0.00882768361581921,1.0,1.0,0.0,1.0,0.5,0.0
prediction_loss_decoupling,offroute0,offroute0,7,ccra_exact_guard,CCRA exact,1,31,15,2,2,0,1.0,,1,32,0,32,0,0,1,,0.0005376344086021505,,0.00882768361581921,1.0,1.0,0.0,1.0,0.5,0.0
prediction_loss_decoupling,offroute0,offroute0,7,ccra_exact_guard,CCRA exact,2,31,15,2,2,0,1.0,,1,32,0,32,0,0,1,,0.0005376344086021505,,0.00882768361581921,1.0,1.0,0.0,1.0,0.5,0.0
prediction_loss_decoupling,offroute0,offroute0,7,ccra_exact_guard,CCRA exact,3,31,15,2,2,0,1.0,,1,32,0,32,0,0,1,,0.0005376344086021505,,0.00882768361581921,1.0,1.0,0.0,1.0,0.5,0.0
prediction_loss_decoupling,offroute0,offroute0,7,ccra_exact_guard,CCRA exact,4,31,15,2,2,0,1.0,,1,32,0,32,0,0,1,,0.0005376344086021505,,0.00882768361581921,1.0,1.0,0.0,1.0,0.5,0.0
prediction_loss_decoupling,offroute0,offroute0,7,ccra_row_guard,CCRA row,0,31,15,2,2,0,1.0,,1,33,1,33,0,0,1,,0.015053763440860216,,0.24717514124293785,30.0,2.0,28.0,0.06666666666666667,1.0,0.9333333333333333
prediction_loss_decoupling,offroute0,offroute0,7,ccra_row_guard,CCRA row,1,31,15,2,2,0,1.0,,1,32,0,32,0,0,1,,0.015053763440860216,,0.24717514124293785,30.0,2.0,28.0,0.06666666666666667,1.0,0.9333333333333333
prediction_loss_decoupling,offroute0,offroute0,7,ccra_row_guard,CCRA row,2,31,15,2,2,0,1.0,,1,32,0,32,0,0,1,,0.015053763440860216,,0.24717514124293785,30.0,2.0,28.0,0.06666666666666667,1.0,0.9333333333333333
prediction_loss_decoupling,offroute0,offroute0,7,ccra_row_guard,CCRA row,3,31,15,2,2,0,1.0,,1,32,0,32,0,0,1,,0.015053763440860216,,0.24717514124293785,30.0,2.0,28.0,0.06666666666666667,1.0,0.9333333333333333
prediction_loss_decoupling,offroute0,offroute0,7,ccra_row_guard,CCRA row,4,31,15,2,2,0,1.0,,1,32,0,32,0,0,1,,0.015053763440860216,,0.24717514124293785,30.0,2.0,28.0,0.06666666666666667,1.0,0.9333333333333333
prediction_loss_decoupling,offroute0,offroute0,7,global_action_repair,Global action,0,31,15,2,2,0,1.0,,0,20,3,21,0,0,1,,0.24086021505376345,,0.480225988700565,450.0,2.0,448.0,0.0044444444444444444,1.0,0.9955555555555555
prediction_loss_decoupling,offroute0,offroute0,7,global_action_repair,Global action,1,31,15,2,2,0,1.0,,0,0,0,1,0,0,1,,0.24086021505376345,,0.480225988700565,450.0,2.0,448.0,0.0044444444444444444,1.0,0.9955555555555555
prediction_loss_decoupling,offroute0,offroute0,7,global_action_repair,Global action,2,31,15,2,2,0,1.0,,0,0,0,1,0,0,1,,0.24086021505376345,,0.480225988700565,450.0,2.0,448.0,0.0044444444444444444,1.0,0.9955555555555555
prediction_loss_decoupling,offroute0,offroute0,7,global_action_repair,Global action,3,31,15,2,2,0,1.0,,0,0,0,1,0,0,1,,0.24086021505376345,,0.480225988700565,450.0,2.0,448.0,0.0044444444444444444,1.0,0.9955555555555555
prediction_loss_decoupling,offroute0,offroute0,7,global_action_repair,Global action,4,31,15,2,2,0,1.0,,0,0,0,1,0,0,1,,0.24086021505376345,,0.480225988700565,450.0,2.0,448.0,0.0044444444444444444,1.0,0.9955555555555555
prediction_loss_decoupling,offroute0,offroute0,7,oracle_fault_model,Oracle,0,31,15,2,2,0,1.0,,1,32,0,32,0,0,0,,0.0,,0.0,2.0,2.0,0.0,1.0,1.0,0.0
prediction_loss_decoupling,offroute0,offroute0,7,oracle_fault_model,Oracle,1,31,15,2,2,0,1.0,,1,32,0,32,0,0,0,,0.0,,0.0,2.0,2.0,0.0,1.0,1.0,0.0
prediction_loss_decoupling,offroute0,offroute0,7,oracle_fault_model,Oracle,2,31,15,2,2,0,1.0,,1,32,0,32,0,0,0,,0.0,,0.0,2.0,2.0,0.0,1.0,1.0,0.0
prediction_loss_decoupling,offroute0,offroute0,7,oracle_fault_model,Oracle,3,31,15,2,2,0,1.0,,1,32,0,32,0,0,0,,0.0,,0.0,2.0,2.0,0.0,1.0,1.0,0.0
prediction_loss_decoupling,offroute0,offroute0,7,oracle_fault_model,Oracle,4,31,15,2,2,0,1.0,,1,32,0,32,0,0,0,,0.0,,0.0,2.0,2.0,0.0,1.0,1.0,0.0
prediction_loss_decoupling,offroute0,offroute0,8,nominal_no_repair,Nominal,0,31,15,2,2,0,1.0,,0,180,176,5,0,1,0,,0.001075268817204301,,0.01765536723163842,0.0,0.0,0.0,1.0,0.0,0.0
prediction_loss_decoupling,offroute0,offroute0,8,nominal_no_repair,Nominal,1,31,15,2,2,0,1.0,,0,180,176,5,0,1,0,,0.001075268817204301,,0.01765536723163842,0.0,0.0,0.0,1.0,0.0,0.0
prediction_loss_decoupling,offroute0,offroute0,8,nominal_no_repair,Nominal,2,31,15,2,2,0,1.0,,0,180,176,5,0,1,0,,0.001075268817204301,,0.01765536723163842,0.0,0.0,0.0,1.0,0.0,0.0
prediction_loss_decoupling,offroute0,offroute0,8,nominal_no_repair,Nominal,3,31,15,2,2,0,1.0,,0,180,176,5,0,1,0,,0.001075268817204301,,0.01765536723163842,0.0,0.0,0.0,1.0,0.0,0.0
prediction_loss_decoupling,offroute0,offroute0,8,nominal_no_repair,Nominal,4,31,15,2,2,0,1.0,,0,180,176,5,0,1,0,,0.001075268817204301,,0.01765536723163842,0.0,0.0,0.0,1.0,0.0,0.0
prediction_loss_decoupling,offroute0,offroute0,8,shield_only,Shield only,0,31,15,2,2,0,1.0,,0,180,176,6,1,1,1,,0.001075268817204301,,0.01765536723163842,0.0,0.0,0.0,1.0,0.0,0.0
prediction_loss_decoupling,offroute0,offroute0,8,shield_only,Shield only,1,31,15,2,2,0,1.0,,0,180,176,5,1,1,1,,0.001075268817204301,,0.01765536723163842,0.0,0.0,0.0,1.0,0.0,0.0
prediction_loss_decoupling,offroute0,offroute0,8,shield_only,Shield only,2,31,15,2,2,0,1.0,,0,180,176,5,1,1,1,,0.001075268817204301,,0.01765536723163842,0.0,0.0,0.0,1.0,0.0,0.0
prediction_loss_decoupling,offroute0,offroute0,8,shield_only,Shield only,3,31,15,2,2,0,1.0,,0,180,176,5,1,1,1,,0.001075268817204301,,0.01765536723163842,0.0,0.0,0.0,1.0,0.0,0.0
prediction_loss_decoupling,offroute0,offroute0,8,shield_only,Shield only,4,31,15,2,2,0,1.0,,0,180,176,5,1,1,1,,0.001075268817204301,,0.01765536723163842,0.0,0.0,0.0,1.0,0.0,0.0
prediction_loss_decoupling,offroute0,offroute0,8,batch_episode_retrain,Batch episode,0,31,15,2,2,0,1.0,,0,180,176,5,0,1,0,,0.001075268817204301,,0.01765536723163842,0.0,0.0,0.0,1.0,0.0,0.0
prediction_loss_decoupling,offroute0,offroute0,8,batch_episode_retrain,Batch episode,1,31,15,2,2,0,1.0,,1,32,0,32,0,0,1,,0.0005376344086021505,,0.00882768361581921,1.0,1.0,0.0,1.0,0.5,0.0
prediction_loss_decoupling,offroute0,offroute0,8,batch_episode_retrain,Batch episode,2,31,15,2,2,0,1.0,,1,32,0,32,0,0,1,,0.0005376344086021505,,0.00882768361581921,1.0,1.0,0.0,1.0,0.5,0.0
prediction_loss_decoupling,offroute0,offroute0,8,batch_episode_retrain,Batch episode,3,31,15,2,2,0,1.0,,1,32,0,32,0,0,1,,0.0005376344086021505,,0.00882768361581921,1.0,1.0,0.0,1.0,0.5,0.0
prediction_loss_decoupling,offroute0,offroute0,8,batch_episode_retrain,Batch episode,4,31,15,2,2,0,1.0,,1,32,0,32,0,0,1,,0.0005376344086021505,,0.00882768361581921,1.0,1.0,0.0,1.0,0.5,0.0
prediction_loss_decoupling,offroute0,offroute0,8,threshold_8,Threshold 8,0,31,15,2,2,0,1.0,,1,40,8,40,0,0,1,,0.0005376344086021505,,0.00882768361581921,1.0,1.0,0.0,1.0,0.5,0.0
prediction_loss_decoupling,offroute0,offroute0,8,threshold_8,Threshold 8,1,31,15,2,2,0,1.0,,1,32,0,32,0,0,1,,0.0005376344086021505,,0.00882768361581921,1.0,1.0,0.0,1.0,0.5,0.0
prediction_loss_decoupling,offroute0,offroute0,8,threshold_8,Threshold 8,2,31,15,2,2,0,1.0,,1,32,0,32,0,0,1,,0.0005376344086021505,,0.00882768361581921,1.0,1.0,0.0,1.0,0.5,0.0
prediction_loss_decoupling,offroute0,offroute0,8,threshold_8,Threshold 8,3,31,15,2,2,0,1.0,,1,32,0,32,0,0,1,,0.0005376344086021505,,0.00882768361581921,1.0,1.0,0.0,1.0,0.5,0.0
prediction_loss_decoupling,offroute0,offroute0,8,threshold_8,Threshold 8,4,31,15,2,2,0,1.0,,1,32,0,32,0,0,1,,0.0005376344086021505,,0.00882768361581921,1.0,1.0,0.0,1.0,0.5,0.0
prediction_loss_decoupling,offroute0,offroute0,8,uncertainty_cost_avoidance,Cost avoidance,0,31,15,2,2,0,1.0,,1,33,1,33,0,0,1,,0.001075268817204301,,0.01765536723163842,0.0,0.0,0.0,1.0,0.0,0.0
prediction_loss_decoupling,offroute0,offroute0,8,uncertainty_cost_avoidance,Cost avoidance,1,31,15,2,2,0,1.0,,1,32,0,32,0,0,1,,0.001075268817204301,,0.01765536723163842,0.0,0.0,0.0,1.0,0.0,0.0
prediction_loss_decoupling,offroute0,offroute0,8,uncertainty_cost_avoidance,Cost avoidance,2,31,15,2,2,0,1.0,,1,32,0,32,0,0,1,,0.001075268817204301,,0.01765536723163842,0.0,0.0,0.0,1.0,0.0,0.0
prediction_loss_decoupling,offroute0,offroute0,8,uncertainty_cost_avoidance,Cost avoidance,3,31,15,2,2,0,1.0,,1,32,0,32,0,0,1,,0.001075268817204301,,0.01765536723163842,0.0,0.0,0.0,1.0,0.0,0.0
prediction_loss_decoupling,offroute0,offroute0,8,uncertainty_cost_avoidance,Cost avoidance,4,31,15,2,2,0,1.0,,1,32,0,32,0,0,1,,0.001075268817204301,,0.01765536723163842,0.0,0.0,0.0,1.0,0.0,0.0
prediction_loss_decoupling,offroute0,offroute0,8,ccra_exact_guard,CCRA exact,0,31,15,2,2,0,1.0,,1,33,1,33,0,0,1,,0.0005376344086021505,,0.00882768361581921,1.0,1.0,0.0,1.0,0.5,0.0
prediction_loss_decoupling,offroute0,offroute0,8,ccra_exact_guard,CCRA exact,1,31,15,2,2,0,1.0,,1,32,0,32,0,0,1,,0.0005376344086021505,,0.00882768361581921,1.0,1.0,0.0,1.0,0.5,0.0
prediction_loss_decoupling,offroute0,offroute0,8,ccra_exact_guard,CCRA exact,2,31,15,2,2,0,1.0,,1,32,0,32,0,0,1,,0.0005376344086021505,,0.00882768361581921,1.0,1.0,0.0,1.0,0.5,0.0
prediction_loss_decoupling,offroute0,offroute0,8,ccra_exact_guard,CCRA exact,3,31,15,2,2,0,1.0,,1,32,0,32,0,0,1,,0.0005376344086021505,,0.00882768361581921,1.0,1.0,0.0,1.0,0.5,0.0
prediction_loss_decoupling,offroute0,offroute0,8,ccra_exact_guard,CCRA exact,4,31,15,2,2,0,1.0,,1,32,0,32,0,0,1,,0.0005376344086021505,,0.00882768361581921,1.0,1.0,0.0,1.0,0.5,0.0
prediction_loss_decoupling,offroute0,offroute0,8,ccra_row_guard,CCRA row,0,31,15,2,2,0,1.0,,1,33,1,33,0,0,1,,0.015053763440860216,,0.24717514124293785,30.0,2.0,28.0,0.06666666666666667,1.0,0.9333333333333333
prediction_loss_decoupling,offroute0,offroute0,8,ccra_row_guard,CCRA row,1,31,15,2,2,0,1.0,,1,32,0,32,0,0,1,,0.015053763440860216,,0.24717514124293785,30.0,2.0,28.0,0.06666666666666667,1.0,0.9333333333333333
prediction_loss_decoupling,offroute0,offroute0,8,ccra_row_guard,CCRA row,2,31,15,2,2,0,1.0,,1,32,0,32,0,0,1,,0.015053763440860216,,0.24717514124293785,30.0,2.0,28.0,0.06666666666666667,1.0,0.9333333333333333
prediction_loss_decoupling,offroute0,offroute0,8,ccra_row_guard,CCRA row,3,31,15,2,2,0,1.0,,1,32,0,32,0,0,1,,0.015053763440860216,,0.24717514124293785,30.0,2.0,28.0,0.06666666666666667,1.0,0.9333333333333333
prediction_loss_decoupling,offroute0,offroute0,8,ccra_row_guard,CCRA row,4,31,15,2,2,0,1.0,,1,32,0,32,0,0,1,,0.015053763440860216,,0.24717514124293785,30.0,2.0,28.0,0.06666666666666667,1.0,0.9333333333333333
prediction_loss_decoupling,offroute0,offroute0,8,global_action_repair,Global action,0,31,15,2,2,0,1.0,,0,7,3,8,0,0,1,,0.24086021505376345,,0.480225988700565,450.0,2.0,448.0,0.0044444444444444444,1.0,0.9955555555555555
prediction_loss_decoupling,offroute0,offroute0,8,global_action_repair,Global action,1,31,15,2,2,0,1.0,,0,0,0,1,0,0,1,,0.24086021505376345,,0.480225988700565,450.0,2.0,448.0,0.0044444444444444444,1.0,0.9955555555555555
prediction_loss_decoupling,offroute0,offroute0,8,global_action_repair,Global action,2,31,15,2,2,0,1.0,,0,0,0,1,0,0,1,,0.24086021505376345,,0.480225988700565,450.0,2.0,448.0,0.0044444444444444444,1.0,0.9955555555555555
prediction_loss_decoupling,offroute0,offroute0,8,global_action_repair,Global action,3,31,15,2,2,0,1.0,,0,0,0,1,0,0,1,,0.24086021505376345,,0.480225988700565,450.0,2.0,448.0,0.0044444444444444444,1.0,0.9955555555555555
prediction_loss_decoupling,offroute0,offroute0,8,global_action_repair,Global action,4,31,15,2,2,0,1.0,,0,0,0,1,0,0,1,,0.24086021505376345,,0.480225988700565,450.0,2.0,448.0,0.0044444444444444444,1.0,0.9955555555555555
prediction_loss_decoupling,offroute0,offroute0,8,oracle_fault_model,Oracle,0,31,15,2,2,0,1.0,,1,32,0,32,0,0,0,,0.0,,0.0,2.0,2.0,0.0,1.0,1.0,0.0
prediction_loss_decoupling,offroute0,offroute0,8,oracle_fault_model,Oracle,1,31,15,2,2,0,1.0,,1,32,0,32,0,0,0,,0.0,,0.0,2.0,2.0,0.0,1.0,1.0,0.0
prediction_loss_decoupling,offroute0,offroute0,8,oracle_fault_model,Oracle,2,31,15,2,2,0,1.0,,1,32,0,32,0,0,0,,0.0,,0.0,2.0,2.0,0.0,1.0,1.0,0.0
prediction_loss_decoupling,offroute0,offroute0,8,oracle_fault_model,Oracle,3,31,15,2,2,0,1.0,,1,32,0,32,0,0,0,,0.0,,0.0,2.0,2.0,0.0,1.0,1.0,0.0
prediction_loss_decoupling,offroute0,offroute0,8,oracle_fault_model,Oracle,4,31,15,2,2,0,1.0,,1,32,0,32,0,0,0,,0.0,,0.0,2.0,2.0,0.0,1.0,1.0,0.0
prediction_loss_decoupling,offroute0,offroute0,9,nominal_no_repair,Nominal,0,31,15,2,2,0,1.0,,0,180,176,5,0,1,0,,0.001075268817204301,,0.01765536723163842,0.0,0.0,0.0,1.0,0.0,0.0
prediction_loss_decoupling,offroute0,offroute0,9,nominal_no_repair,Nominal,1,31,15,2,2,0,1.0,,0,180,176,5,0,1,0,,0.001075268817204301,,0.01765536723163842,0.0,0.0,0.0,1.0,0.0,0.0
prediction_loss_decoupling,offroute0,offroute0,9,nominal_no_repair,Nominal,2,31,15,2,2,0,1.0,,0,180,176,5,0,1,0,,0.001075268817204301,,0.01765536723163842,0.0,0.0,0.0,1.0,0.0,0.0
prediction_loss_decoupling,offroute0,offroute0,9,nominal_no_repair,Nominal,3,31,15,2,2,0,1.0,,0,180,176,5,0,1,0,,0.001075268817204301,,0.01765536723163842,0.0,0.0,0.0,1.0,0.0,0.0
prediction_loss_decoupling,offroute0,offroute0,9,nominal_no_repair,Nominal,4,31,15,2,2,0,1.0,,0,180,176,5,0,1,0,,0.001075268817204301,,0.01765536723163842,0.0,0.0,0.0,1.0,0.0,0.0
prediction_loss_decoupling,offroute0,offroute0,9,shield_only,Shield only,0,31,15,2,2,0,1.0,,0,180,176,6,1,1,1,,0.001075268817204301,,0.01765536723163842,0.0,0.0,0.0,1.0,0.0,0.0
prediction_loss_decoupling,offroute0,offroute0,9,shield_only,Shield only,1,31,15,2,2,0,1.0,,0,180,176,5,1,1,1,,0.001075268817204301,,0.01765536723163842,0.0,0.0,0.0,1.0,0.0,0.0
prediction_loss_decoupling,offroute0,offroute0,9,shield_only,Shield only,2,31,15,2,2,0,1.0,,0,180,176,5,1,1,1,,0.001075268817204301,,0.01765536723163842,0.0,0.0,0.0,1.0,0.0,0.0
prediction_loss_decoupling,offroute0,offroute0,9,shield_only,Shield only,3,31,15,2,2,0,1.0,,0,180,176,5,1,1,1,,0.001075268817204301,,0.01765536723163842,0.0,0.0,0.0,1.0,0.0,0.0
prediction_loss_decoupling,offroute0,offroute0,9,shield_only,Shield only,4,31,15,2,2,0,1.0,,0,180,176,5,1,1,1,,0.001075268817204301,,0.01765536723163842,0.0,0.0,0.0,1.0,0.0,0.0
prediction_loss_decoupling,offroute0,offroute0,9,batch_episode_retrain,Batch episode,0,31,15,2,2,0,1.0,,0,180,176,5,0,1,0,,0.001075268817204301,,0.01765536723163842,0.0,0.0,0.0,1.0,0.0,0.0
prediction_loss_decoupling,offroute0,offroute0,9,batch_episode_retrain,Batch episode,1,31,15,2,2,0,1.0,,1,32,0,32,0,0,1,,0.0005376344086021505,,0.00882768361581921,1.0,1.0,0.0,1.0,0.5,0.0
prediction_loss_decoupling,offroute0,offroute0,9,batch_episode_retrain,Batch episode,2,31,15,2,2,0,1.0,,1,32,0,32,0,0,1,,0.0005376344086021505,,0.00882768361581921,1.0,1.0,0.0,1.0,0.5,0.0
prediction_loss_decoupling,offroute0,offroute0,9,batch_episode_retrain,Batch episode,3,31,15,2,2,0,1.0,,1,32,0,32,0,0,1,,0.0005376344086021505,,0.00882768361581921,1.0,1.0,0.0,1.0,0.5,0.0
prediction_loss_decoupling,offroute0,offroute0,9,batch_episode_retrain,Batch episode,4,31,15,2,2,0,1.0,,1,32,0,32,0,0,1,,0.0005376344086021505,,0.00882768361581921,1.0,1.0,0.0,1.0,0.5,0.0
prediction_loss_decoupling,offroute0,offroute0,9,threshold_8,Threshold 8,0,31,15,2,2,0,1.0,,1,40,8,40,0,0,1,,0.0005376344086021505,,0.00882768361581921,1.0,1.0,0.0,1.0,0.5,0.0
prediction_loss_decoupling,offroute0,offroute0,9,threshold_8,Threshold 8,1,31,15,2,2,0,1.0,,1,32,0,32,0,0,1,,0.0005376344086021505,,0.00882768361581921,1.0,1.0,0.0,1.0,0.5,0.0
prediction_loss_decoupling,offroute0,offroute0,9,threshold_8,Threshold 8,2,31,15,2,2,0,1.0,,1,32,0,32,0,0,1,,0.0005376344086021505,,0.00882768361581921,1.0,1.0,0.0,1.0,0.5,0.0
prediction_loss_decoupling,offroute0,offroute0,9,threshold_8,Threshold 8,3,31,15,2,2,0,1.0,,1,32,0,32,0,0,1,,0.0005376344086021505,,0.00882768361581921,1.0,1.0,0.0,1.0,0.5,0.0
prediction_loss_decoupling,offroute0,offroute0,9,threshold_8,Threshold 8,4,31,15,2,2,0,1.0,,1,32,0,32,0,0,1,,0.0005376344086021505,,0.00882768361581921,1.0,1.0,0.0,1.0,0.5,0.0
prediction_loss_decoupling,offroute0,offroute0,9,uncertainty_cost_avoidance,Cost avoidance,0,31,15,2,2,0,1.0,,1,33,1,33,0,0,1,,0.001075268817204301,,0.01765536723163842,0.0,0.0,0.0,1.0,0.0,0.0
prediction_loss_decoupling,offroute0,offroute0,9,uncertainty_cost_avoidance,Cost avoidance,1,31,15,2,2,0,1.0,,1,32,0,32,0,0,1,,0.001075268817204301,,0.01765536723163842,0.0,0.0,0.0,1.0,0.0,0.0
prediction_loss_decoupling,offroute0,offroute0,9,uncertainty_cost_avoidance,Cost avoidance,2,31,15,2,2,0,1.0,,1,32,0,32,0,0,1,,0.001075268817204301,,0.01765536723163842,0.0,0.0,0.0,1.0,0.0,0.0
prediction_loss_decoupling,offroute0,offroute0,9,uncertainty_cost_avoidance,Cost avoidance,3,31,15,2,2,0,1.0,,1,32,0,32,0,0,1,,0.001075268817204301,,0.01765536723163842,0.0,0.0,0.0,1.0,0.0,0.0
prediction_loss_decoupling,offroute0,offroute0,9,uncertainty_cost_avoidance,Cost avoidance,4,31,15,2,2,0,1.0,,1,32,0,32,0,0,1,,0.001075268817204301,,0.01765536723163842,0.0,0.0,0.0,1.0,0.0,0.0
prediction_loss_decoupling,offroute0,offroute0,9,ccra_exact_guard,CCRA exact,0,31,15,2,2,0,1.0,,1,33,1,33,0,0,1,,0.0005376344086021505,,0.00882768361581921,1.0,1.0,0.0,1.0,0.5,0.0
prediction_loss_decoupling,offroute0,offroute0,9,ccra_exact_guard,CCRA exact,1,31,15,2,2,0,1.0,,1,32,0,32,0,0,1,,0.0005376344086021505,,0.00882768361581921,1.0,1.0,0.0,1.0,0.5,0.0
prediction_loss_decoupling,offroute0,offroute0,9,ccra_exact_guard,CCRA exact,2,31,15,2,2,0,1.0,,1,32,0,32,0,0,1,,0.0005376344086021505,,0.00882768361581921,1.0,1.0,0.0,1.0,0.5,0.0
prediction_loss_decoupling,offroute0,offroute0,9,ccra_exact_guard,CCRA exact,3,31,15,2,2,0,1.0,,1,32,0,32,0,0,1,,0.0005376344086021505,,0.00882768361581921,1.0,1.0,0.0,1.0,0.5,0.0
prediction_loss_decoupling,offroute0,offroute0,9,ccra_exact_guard,CCRA exact,4,31,15,2,2,0,1.0,,1,32,0,32,0,0,1,,0.0005376344086021505,,0.00882768361581921,1.0,1.0,0.0,1.0,0.5,0.0
prediction_loss_decoupling,offroute0,offroute0,9,ccra_row_guard,CCRA row,0,31,15,2,2,0,1.0,,1,33,1,33,0,0,1,,0.015053763440860216,,0.24717514124293785,30.0,2.0,28.0,0.06666666666666667,1.0,0.9333333333333333
prediction_loss_decoupling,offroute0,offroute0,9,ccra_row_guard,CCRA row,1,31,15,2,2,0,1.0,,1,32,0,32,0,0,1,,0.015053763440860216,,0.24717514124293785,30.0,2.0,28.0,0.06666666666666667,1.0,0.9333333333333333
prediction_loss_decoupling,offroute0,offroute0,9,ccra_row_guard,CCRA row,2,31,15,2,2,0,1.0,,1,32,0,32,0,0,1,,0.015053763440860216,,0.24717514124293785,30.0,2.0,28.0,0.06666666666666667,1.0,0.9333333333333333
prediction_loss_decoupling,offroute0,offroute0,9,ccra_row_guard,CCRA row,3,31,15,2,2,0,1.0,,1,32,0,32,0,0,1,,0.015053763440860216,,0.24717514124293785,30.0,2.0,28.0,0.06666666666666667,1.0,0.9333333333333333
prediction_loss_decoupling,offroute0,offroute0,9,ccra_row_guard,CCRA row,4,31,15,2,2,0,1.0,,1,32,0,32,0,0,1,,0.015053763440860216,,0.24717514124293785,30.0,2.0,28.0,0.06666666666666667,1.0,0.9333333333333333
prediction_loss_decoupling,offroute0,offroute0,9,global_action_repair,Global action,0,31,15,2,2,0,1.0,,0,7,3,8,0,0,1,,0.24086021505376345,,0.480225988700565,450.0,2.0,448.0,0.0044444444444444444,1.0,0.9955555555555555
prediction_loss_decoupling,offroute0,offroute0,9,global_action_repair,Global action,1,31,15,2,2,0,1.0,,0,0,0,1,0,0,1,,0.24086021505376345,,0.480225988700565,450.0,2.0,448.0,0.0044444444444444444,1.0,0.9955555555555555
prediction_loss_decoupling,offroute0,offroute0,9,global_action_repair,Global action,2,31,15,2,2,0,1.0,,0,0,0,1,0,0,1,,0.24086021505376345,,0.480225988700565,450.0,2.0,448.0,0.0044444444444444444,1.0,0.9955555555555555
prediction_loss_decoupling,offroute0,offroute0,9,global_action_repair,Global action,3,31,15,2,2,0,1.0,,0,0,0,1,0,0,1,,0.24086021505376345,,0.480225988700565,450.0,2.0,448.0,0.0044444444444444444,1.0,0.9955555555555555
prediction_loss_decoupling,offroute0,offroute0,9,global_action_repair,Global action,4,31,15,2,2,0,1.0,,0,0,0,1,0,0,1,,0.24086021505376345,,0.480225988700565,450.0,2.0,448.0,0.0044444444444444444,1.0,0.9955555555555555
prediction_loss_decoupling,offroute0,offroute0,9,oracle_fault_model,Oracle,0,31,15,2,2,0,1.0,,1,32,0,32,0,0,0,,0.0,,0.0,2.0,2.0,0.0,1.0,1.0,0.0
prediction_loss_decoupling,offroute0,offroute0,9,oracle_fault_model,Oracle,1,31,15,2,2,0,1.0,,1,32,0,32,0,0,0,,0.0,,0.0,2.0,2.0,0.0,1.0,1.0,0.0
prediction_loss_decoupling,offroute0,offroute0,9,oracle_fault_model,Oracle,2,31,15,2,2,0,1.0,,1,32,0,32,0,0,0,,0.0,,0.0,2.0,2.0,0.0,1.0,1.0,0.0
prediction_loss_decoupling,offroute0,offroute0,9,oracle_fault_model,Oracle,3,31,15,2,2,0,1.0,,1,32,0,32,0,0,0,,0.0,,0.0,2.0,2.0,0.0,1.0,1.0,0.0
prediction_loss_decoupling,offroute0,offroute0,9,oracle_fault_model,Oracle,4,31,15,2,2,0,1.0,,1,32,0,32,0,0,0,,0.0,,0.0,2.0,2.0,0.0,1.0,1.0,0.0
prediction_loss_decoupling,offroute0,offroute0,10,nominal_no_repair,Nominal,0,31,15,2,2,0,1.0,,0,180,159,22,0,1,0,,0.001075268817204301,,0.01765536723163842,0.0,0.0,0.0,1.0,0.0,0.0
prediction_loss_decoupling,offroute0,offroute0,10,nominal_no_repair,Nominal,1,31,15,2,2,0,1.0,,0,180,159,22,0,1,0,,0.001075268817204301,,0.01765536723163842,0.0,0.0,0.0,1.0,0.0,0.0
prediction_loss_decoupling,offroute0,offroute0,10,nominal_no_repair,Nominal,2,31,15,2,2,0,1.0,,0,180,159,22,0,1,0,,0.001075268817204301,,0.01765536723163842,0.0,0.0,0.0,1.0,0.0,0.0
prediction_loss_decoupling,offroute0,offroute0,10,nominal_no_repair,Nominal,3,31,15,2,2,0,1.0,,0,180,159,22,0,1,0,,0.001075268817204301,,0.01765536723163842,0.0,0.0,0.0,1.0,0.0,0.0
prediction_loss_decoupling,offroute0,offroute0,10,nominal_no_repair,Nominal,4,31,15,2,2,0,1.0,,0,180,159,22,0,1,0,,0.001075268817204301,,0.01765536723163842,0.0,0.0,0.0,1.0,0.0,0.0
prediction_loss_decoupling,offroute0,offroute0,10,shield_only,Shield only,0,31,15,2,2,0,1.0,,0,180,159,23,1,1,1,,0.001075268817204301,,0.01765536723163842,0.0,0.0,0.0,1.0,0.0,0.0
prediction_loss_decoupling,offroute0,offroute0,10,shield_only,Shield only,1,31,15,2,2,0,1.0,,0,180,159,22,1,1,1,,0.001075268817204301,,0.01765536723163842,0.0,0.0,0.0,1.0,0.0,0.0
prediction_loss_decoupling,offroute0,offroute0,10,shield_only,Shield only,2,31,15,2,2,0,1.0,,0,180,159,22,1,1,1,,0.001075268817204301,,0.01765536723163842,0.0,0.0,0.0,1.0,0.0,0.0
prediction_loss_decoupling,offroute0,offroute0,10,shield_only,Shield only,3,31,15,2,2,0,1.0,,0,180,159,22,1,1,1,,0.001075268817204301,,0.01765536723163842,0.0,0.0,0.0,1.0,0.0,0.0
prediction_loss_decoupling,offroute0,offroute0,10,shield_only,Shield only,4,31,15,2,2,0,1.0,,0,180,159,22,1,1,1,,0.001075268817204301,,0.01765536723163842,0.0,0.0,0.0,1.0,0.0,0.0
prediction_loss_decoupling,offroute0,offroute0,10,batch_episode_retrain,Batch episode,0,31,15,2,2,0,1.0,,0,180,159,22,0,1,0,,0.001075268817204301,,0.01765536723163842,0.0,0.0,0.0,1.0,0.0,0.0
prediction_loss_decoupling,offroute0,offroute0,10,batch_episode_retrain,Batch episode,1,31,15,2,2,0,1.0,,1,32,0,32,0,0,1,,0.0005376344086021505,,0.00882768361581921,1.0,1.0,0.0,1.0,0.5,0.0
prediction_loss_decoupling,offroute0,offroute0,10,batch_episode_retrain,Batch episode,2,31,15,2,2,0,1.0,,1,32,0,32,0,0,1,,0.0005376344086021505,,0.00882768361581921,1.0,1.0,0.0,1.0,0.5,0.0
prediction_loss_decoupling,offroute0,offroute0,10,batch_episode_retrain,Batch episode,3,31,15,2,2,0,1.0,,1,32,0,32,0,0,1,,0.0005376344086021505,,0.00882768361581921,1.0,1.0,0.0,1.0,0.5,0.0
prediction_loss_decoupling,offroute0,offroute0,10,batch_episode_retrain,Batch episode,4,31,15,2,2,0,1.0,,1,32,0,32,0,0,1,,0.0005376344086021505,,0.00882768361581921,1.0,1.0,0.0,1.0,0.5,0.0
prediction_loss_decoupling,offroute0,offroute0,10,threshold_8,Threshold 8,0,31,15,2,2,0,1.0,,1,40,8,40,0,0,1,,0.0005376344086021505,,0.00882768361581921,1.0,1.0,0.0,1.0,0.5,0.0
prediction_loss_decoupling,offroute0,offroute0,10,threshold_8,Threshold 8,1,31,15,2,2,0,1.0,,1,32,0,32,0,0,1,,0.0005376344086021505,,0.00882768361581921,1.0,1.0,0.0,1.0,0.5,0.0
prediction_loss_decoupling,offroute0,offroute0,10,threshold_8,Threshold 8,2,31,15,2,2,0,1.0,,1,32,0,32,0,0,1,,0.0005376344086021505,,0.00882768361581921,1.0,1.0,0.0,1.0,0.5,0.0
prediction_loss_decoupling,offroute0,offroute0,10,threshold_8,Threshold 8,3,31,15,2,2,0,1.0,,1,32,0,32,0,0,1,,0.0005376344086021505,,0.00882768361581921,1.0,1.0,0.0,1.0,0.5,0.0
prediction_loss_decoupling,offroute0,offroute0,10,threshold_8,Threshold 8,4,31,15,2,2,0,1.0,,1,32,0,32,0,0,1,,0.0005376344086021505,,0.00882768361581921,1.0,1.0,0.0,1.0,0.5,0.0
prediction_loss_decoupling,offroute0,offroute0,10,uncertainty_cost_avoidance,Cost avoidance,0,31,15,2,2,0,1.0,,1,33,1,33,0,0,1,,0.001075268817204301,,0.01765536723163842,0.0,0.0,0.0,1.0,0.0,0.0
prediction_loss_decoupling,offroute0,offroute0,10,uncertainty_cost_avoidance,Cost avoidance,1,31,15,2,2,0,1.0,,1,32,0,32,0,0,1,,0.001075268817204301,,0.01765536723163842,0.0,0.0,0.0,1.0,0.0,0.0
prediction_loss_decoupling,offroute0,offroute0,10,uncertainty_cost_avoidance,Cost avoidance,2,31,15,2,2,0,1.0,,1,32,0,32,0,0,1,,0.001075268817204301,,0.01765536723163842,0.0,0.0,0.0,1.0,0.0,0.0
prediction_loss_decoupling,offroute0,offroute0,10,uncertainty_cost_avoidance,Cost avoidance,3,31,15,2,2,0,1.0,,1,32,0,32,0,0,1,,0.001075268817204301,,0.01765536723163842,0.0,0.0,0.0,1.0,0.0,0.0
prediction_loss_decoupling,offroute0,offroute0,10,uncertainty_cost_avoidance,Cost avoidance,4,31,15,2,2,0,1.0,,1,32,0,32,0,0,1,,0.001075268817204301,,0.01765536723163842,0.0,0.0,0.0,1.0,0.0,0.0
prediction_loss_decoupling,offroute0,offroute0,10,ccra_exact_guard,CCRA exact,0,31,15,2,2,0,1.0,,1,33,1,33,0,0,1,,0.0005376344086021505,,0.00882768361581921,1.0,1.0,0.0,1.0,0.5,0.0
prediction_loss_decoupling,offroute0,offroute0,10,ccra_exact_guard,CCRA exact,1,31,15,2,2,0,1.0,,1,32,0,32,0,0,1,,0.0005376344086021505,,0.00882768361581921,1.0,1.0,0.0,1.0,0.5,0.0
prediction_loss_decoupling,offroute0,offroute0,10,ccra_exact_guard,CCRA exact,2,31,15,2,2,0,1.0,,1,32,0,32,0,0,1,,0.0005376344086021505,,0.00882768361581921,1.0,1.0,0.0,1.0,0.5,0.0
prediction_loss_decoupling,offroute0,offroute0,10,ccra_exact_guard,CCRA exact,3,31,15,2,2,0,1.0,,1,32,0,32,0,0,1,,0.0005376344086021505,,0.00882768361581921,1.0,1.0,0.0,1.0,0.5,0.0
prediction_loss_decoupling,offroute0,offroute0,10,ccra_exact_guard,CCRA exact,4,31,15,2,2,0,1.0,,1,32,0,32,0,0,1,,0.0005376344086021505,,0.00882768361581921,1.0,1.0,0.0,1.0,0.5,0.0
prediction_loss_decoupling,offroute0,offroute0,10,ccra_row_guard,CCRA row,0,31,15,2,2,0,1.0,,1,33,1,33,0,0,1,,0.015053763440860216,,0.24717514124293785,30.0,2.0,28.0,0.06666666666666667,1.0,0.9333333333333333
prediction_loss_decoupling,offroute0,offroute0,10,ccra_row_guard,CCRA row,1,31,15,2,2,0,1.0,,1,32,0,32,0,0,1,,0.015053763440860216,,0.24717514124293785,30.0,2.0,28.0,0.06666666666666667,1.0,0.9333333333333333
prediction_loss_decoupling,offroute0,offroute0,10,ccra_row_guard,CCRA row,2,31,15,2,2,0,1.0,,1,32,0,32,0,0,1,,0.015053763440860216,,0.24717514124293785,30.0,2.0,28.0,0.06666666666666667,1.0,0.9333333333333333
prediction_loss_decoupling,offroute0,offroute0,10,ccra_row_guard,CCRA row,3,31,15,2,2,0,1.0,,1,32,0,32,0,0,1,,0.015053763440860216,,0.24717514124293785,30.0,2.0,28.0,0.06666666666666667,1.0,0.9333333333333333
prediction_loss_decoupling,offroute0,offroute0,10,ccra_row_guard,CCRA row,4,31,15,2,2,0,1.0,,1,32,0,32,0,0,1,,0.015053763440860216,,0.24717514124293785,30.0,2.0,28.0,0.06666666666666667,1.0,0.9333333333333333
prediction_loss_decoupling,offroute0,offroute0,10,global_action_repair,Global action,0,31,15,2,2,0,1.0,,0,24,3,25,0,0,1,,0.24086021505376345,,0.480225988700565,450.0,2.0,448.0,0.0044444444444444444,1.0,0.9955555555555555
prediction_loss_decoupling,offroute0,offroute0,10,global_action_repair,Global action,1,31,15,2,2,0,1.0,,0,0,0,1,0,0,1,,0.24086021505376345,,0.480225988700565,450.0,2.0,448.0,0.0044444444444444444,1.0,0.9955555555555555
prediction_loss_decoupling,offroute0,offroute0,10,global_action_repair,Global action,2,31,15,2,2,0,1.0,,0,0,0,1,0,0,1,,0.24086021505376345,,0.480225988700565,450.0,2.0,448.0,0.0044444444444444444,1.0,0.9955555555555555
prediction_loss_decoupling,offroute0,offroute0,10,global_action_repair,Global action,3,31,15,2,2,0,1.0,,0,0,0,1,0,0,1,,0.24086021505376345,,0.480225988700565,450.0,2.0,448.0,0.0044444444444444444,1.0,0.9955555555555555
prediction_loss_decoupling,offroute0,offroute0,10,global_action_repair,Global action,4,31,15,2,2,0,1.0,,0,0,0,1,0,0,1,,0.24086021505376345,,0.480225988700565,450.0,2.0,448.0,0.0044444444444444444,1.0,0.9955555555555555
prediction_loss_decoupling,offroute0,offroute0,10,oracle_fault_model,Oracle,0,31,15,2,2,0,1.0,,1,32,0,32,0,0,0,,0.0,,0.0,2.0,2.0,0.0,1.0,1.0,0.0
prediction_loss_decoupling,offroute0,offroute0,10,oracle_fault_model,Oracle,1,31,15,2,2,0,1.0,,1,32,0,32,0,0,0,,0.0,,0.0,2.0,2.0,0.0,1.0,1.0,0.0
prediction_loss_decoupling,offroute0,offroute0,10,oracle_fault_model,Oracle,2,31,15,2,2,0,1.0,,1,32,0,32,0,0,0,,0.0,,0.0,2.0,2.0,0.0,1.0,1.0,0.0
prediction_loss_decoupling,offroute0,offroute0,10,oracle_fault_model,Oracle,3,31,15,2,2,0,1.0,,1,32,0,32,0,0,0,,0.0,,0.0,2.0,2.0,0.0,1.0,1.0,0.0
prediction_loss_decoupling,offroute0,offroute0,10,oracle_fault_model,Oracle,4,31,15,2,2,0,1.0,,1,32,0,32,0,0,0,,0.0,,0.0,2.0,2.0,0.0,1.0,1.0,0.0
prediction_loss_decoupling,offroute0,offroute0,11,nominal_no_repair,Nominal,0,31,15,2,2,0,1.0,,0,180,177,4,0,1,0,,0.001075268817204301,,0.01765536723163842,0.0,0.0,0.0,1.0,0.0,0.0
prediction_loss_decoupling,offroute0,offroute0,11,nominal_no_repair,Nominal,1,31,15,2,2,0,1.0,,0,180,177,4,0,1,0,,0.001075268817204301,,0.01765536723163842,0.0,0.0,0.0,1.0,0.0,0.0
prediction_loss_decoupling,offroute0,offroute0,11,nominal_no_repair,Nominal,2,31,15,2,2,0,1.0,,0,180,177,4,0,1,0,,0.001075268817204301,,0.01765536723163842,0.0,0.0,0.0,1.0,0.0,0.0
prediction_loss_decoupling,offroute0,offroute0,11,nominal_no_repair,Nominal,3,31,15,2,2,0,1.0,,0,180,177,4,0,1,0,,0.001075268817204301,,0.01765536723163842,0.0,0.0,0.0,1.0,0.0,0.0
prediction_loss_decoupling,offroute0,offroute0,11,nominal_no_repair,Nominal,4,31,15,2,2,0,1.0,,0,180,177,4,0,1,0,,0.001075268817204301,,0.01765536723163842,0.0,0.0,0.0,1.0,0.0,0.0
prediction_loss_decoupling,offroute0,offroute0,11,shield_only,Shield only,0,31,15,2,2,0,1.0,,0,180,177,5,1,1,1,,0.001075268817204301,,0.01765536723163842,0.0,0.0,0.0,1.0,0.0,0.0
prediction_loss_decoupling,offroute0,offroute0,11,shield_only,Shield only,1,31,15,2,2,0,1.0,,0,180,177,4,1,1,1,,0.001075268817204301,,0.01765536723163842,0.0,0.0,0.0,1.0,0.0,0.0
prediction_loss_decoupling,offroute0,offroute0,11,shield_only,Shield only,2,31,15,2,2,0,1.0,,0,180,177,4,1,1,1,,0.001075268817204301,,0.01765536723163842,0.0,0.0,0.0,1.0,0.0,0.0
prediction_loss_decoupling,offroute0,offroute0,11,shield_only,Shield only,3,31,15,2,2,0,1.0,,0,180,177,4,1,1,1,,0.001075268817204301,,0.01765536723163842,0.0,0.0,0.0,1.0,0.0,0.0
prediction_loss_decoupling,offroute0,offroute0,11,shield_only,Shield only,4,31,15,2,2,0,1.0,,0,180,177,4,1,1,1,,0.001075268817204301,,0.01765536723163842,0.0,0.0,0.0,1.0,0.0,0.0
prediction_loss_decoupling,offroute0,offroute0,11,batch_episode_retrain,Batch episode,0,31,15,2,2,0,1.0,,0,180,177,4,0,1,0,,0.001075268817204301,,0.01765536723163842,0.0,0.0,0.0,1.0,0.0,0.0
prediction_loss_decoupling,offroute0,offroute0,11,batch_episode_retrain,Batch episode,1,31,15,2,2,0,1.0,,1,32,0,32,0,0,1,,0.0005376344086021505,,0.00882768361581921,1.0,1.0,0.0,1.0,0.5,0.0
prediction_loss_decoupling,offroute0,offroute0,11,batch_episode_retrain,Batch episode,2,31,15,2,2,0,1.0,,1,32,0,32,0,0,1,,0.0005376344086021505,,0.00882768361581921,1.0,1.0,0.0,1.0,0.5,0.0
prediction_loss_decoupling,offroute0,offroute0,11,batch_episode_retrain,Batch episode,3,31,15,2,2,0,1.0,,1,32,0,32,0,0,1,,0.0005376344086021505,,0.00882768361581921,1.0,1.0,0.0,1.0,0.5,0.0
prediction_loss_decoupling,offroute0,offroute0,11,batch_episode_retrain,Batch episode,4,31,15,2,2,0,1.0,,1,32,0,32,0,0,1,,0.0005376344086021505,,0.00882768361581921,1.0,1.0,0.0,1.0,0.5,0.0
prediction_loss_decoupling,offroute0,offroute0,11,threshold_8,Threshold 8,0,31,15,2,2,0,1.0,,1,40,8,40,0,0,1,,0.0005376344086021505,,0.00882768361581921,1.0,1.0,0.0,1.0,0.5,0.0
prediction_loss_decoupling,offroute0,offroute0,11,threshold_8,Threshold 8,1,31,15,2,2,0,1.0,,1,32,0,32,0,0,1,,0.0005376344086021505,,0.00882768361581921,1.0,1.0,0.0,1.0,0.5,0.0
prediction_loss_decoupling,offroute0,offroute0,11,threshold_8,Threshold 8,2,31,15,2,2,0,1.0,,1,32,0,32,0,0,1,,0.0005376344086021505,,0.00882768361581921,1.0,1.0,0.0,1.0,0.5,0.0
prediction_loss_decoupling,offroute0,offroute0,11,threshold_8,Threshold 8,3,31,15,2,2,0,1.0,,1,32,0,32,0,0,1,,0.0005376344086021505,,0.00882768361581921,1.0,1.0,0.0,1.0,0.5,0.0
prediction_loss_decoupling,offroute0,offroute0,11,threshold_8,Threshold 8,4,31,15,2,2,0,1.0,,1,32,0,32,0,0,1,,0.0005376344086021505,,0.00882768361581921,1.0,1.0,0.0,1.0,0.5,0.0
prediction_loss_decoupling,offroute0,offroute0,11,uncertainty_cost_avoidance,Cost avoidance,0,31,15,2,2,0,1.0,,1,33,1,33,0,0,1,,0.001075268817204301,,0.01765536723163842,0.0,0.0,0.0,1.0,0.0,0.0
prediction_loss_decoupling,offroute0,offroute0,11,uncertainty_cost_avoidance,Cost avoidance,1,31,15,2,2,0,1.0,,1,32,0,32,0,0,1,,0.001075268817204301,,0.01765536723163842,0.0,0.0,0.0,1.0,0.0,0.0
prediction_loss_decoupling,offroute0,offroute0,11,uncertainty_cost_avoidance,Cost avoidance,2,31,15,2,2,0,1.0,,1,32,0,32,0,0,1,,0.001075268817204301,,0.01765536723163842,0.0,0.0,0.0,1.0,0.0,0.0
prediction_loss_decoupling,offroute0,offroute0,11,uncertainty_cost_avoidance,Cost avoidance,3,31,15,2,2,0,1.0,,1,32,0,32,0,0,1,,0.001075268817204301,,0.01765536723163842,0.0,0.0,0.0,1.0,0.0,0.0
prediction_loss_decoupling,offroute0,offroute0,11,uncertainty_cost_avoidance,Cost avoidance,4,31,15,2,2,0,1.0,,1,32,0,32,0,0,1,,0.001075268817204301,,0.01765536723163842,0.0,0.0,0.0,1.0,0.0,0.0
prediction_loss_decoupling,offroute0,offroute0,11,ccra_exact_guard,CCRA exact,0,31,15,2,2,0,1.0,,1,33,1,33,0,0,1,,0.0005376344086021505,,0.00882768361581921,1.0,1.0,0.0,1.0,0.5,0.0
prediction_loss_decoupling,offroute0,offroute0,11,ccra_exact_guard,CCRA exact,1,31,15,2,2,0,1.0,,1,32,0,32,0,0,1,,0.0005376344086021505,,0.00882768361581921,1.0,1.0,0.0,1.0,0.5,0.0
prediction_loss_decoupling,offroute0,offroute0,11,ccra_exact_guard,CCRA exact,2,31,15,2,2,0,1.0,,1,32,0,32,0,0,1,,0.0005376344086021505,,0.00882768361581921,1.0,1.0,0.0,1.0,0.5,0.0
prediction_loss_decoupling,offroute0,offroute0,11,ccra_exact_guard,CCRA exact,3,31,15,2,2,0,1.0,,1,32,0,32,0,0,1,,0.0005376344086021505,,0.00882768361581921,1.0,1.0,0.0,1.0,0.5,0.0
prediction_loss_decoupling,offroute0,offroute0,11,ccra_exact_guard,CCRA exact,4,31,15,2,2,0,1.0,,1,32,0,32,0,0,1,,0.0005376344086021505,,0.00882768361581921,1.0,1.0,0.0,1.0,0.5,0.0
prediction_loss_decoupling,offroute0,offroute0,11,ccra_row_guard,CCRA row,0,31,15,2,2,0,1.0,,1,33,1,33,0,0,1,,0.015053763440860216,,0.24717514124293785,30.0,2.0,28.0,0.06666666666666667,1.0,0.9333333333333333
prediction_loss_decoupling,offroute0,offroute0,11,ccra_row_guard,CCRA row,1,31,15,2,2,0,1.0,,1,32,0,32,0,0,1,,0.015053763440860216,,0.24717514124293785,30.0,2.0,28.0,0.06666666666666667,1.0,0.9333333333333333
prediction_loss_decoupling,offroute0,offroute0,11,ccra_row_guard,CCRA row,2,31,15,2,2,0,1.0,,1,32,0,32,0,0,1,,0.015053763440860216,,0.24717514124293785,30.0,2.0,28.0,0.06666666666666667,1.0,0.9333333333333333
prediction_loss_decoupling,offroute0,offroute0,11,ccra_row_guard,CCRA row,3,31,15,2,2,0,1.0,,1,32,0,32,0,0,1,,0.015053763440860216,,0.24717514124293785,30.0,2.0,28.0,0.06666666666666667,1.0,0.9333333333333333
prediction_loss_decoupling,offroute0,offroute0,11,ccra_row_guard,CCRA row,4,31,15,2,2,0,1.0,,1,32,0,32,0,0,1,,0.015053763440860216,,0.24717514124293785,30.0,2.0,28.0,0.06666666666666667,1.0,0.9333333333333333
prediction_loss_decoupling,offroute0,offroute0,11,global_action_repair,Global action,0,31,15,2,2,0,1.0,,0,6,3,7,0,0,1,,0.24086021505376345,,0.480225988700565,450.0,2.0,448.0,0.0044444444444444444,1.0,0.9955555555555555
prediction_loss_decoupling,offroute0,offroute0,11,global_action_repair,Global action,1,31,15,2,2,0,1.0,,0,0,0,1,0,0,1,,0.24086021505376345,,0.480225988700565,450.0,2.0,448.0,0.0044444444444444444,1.0,0.9955555555555555
prediction_loss_decoupling,offroute0,offroute0,11,global_action_repair,Global action,2,31,15,2,2,0,1.0,,0,0,0,1,0,0,1,,0.24086021505376345,,0.480225988700565,450.0,2.0,448.0,0.0044444444444444444,1.0,0.9955555555555555
prediction_loss_decoupling,offroute0,offroute0,11,global_action_repair,Global action,3,31,15,2,2,0,1.0,,0,0,0,1,0,0,1,,0.24086021505376345,,0.480225988700565,450.0,2.0,448.0,0.0044444444444444444,1.0,0.9955555555555555
prediction_loss_decoupling,offroute0,offroute0,11,global_action_repair,Global action,4,31,15,2,2,0,1.0,,0,0,0,1,0,0,1,,0.24086021505376345,,0.480225988700565,450.0,2.0,448.0,0.0044444444444444444,1.0,0.9955555555555555
prediction_loss_decoupling,offroute0,offroute0,11,oracle_fault_model,Oracle,0,31,15,2,2,0,1.0,,1,32,0,32,0,0,0,,0.0,,0.0,2.0,2.0,0.0,1.0,1.0,0.0
prediction_loss_decoupling,offroute0,offroute0,11,oracle_fault_model,Oracle,1,31,15,2,2,0,1.0,,1,32,0,32,0,0,0,,0.0,,0.0,2.0,2.0,0.0,1.0,1.0,0.0
prediction_loss_decoupling,offroute0,offroute0,11,oracle_fault_model,Oracle,2,31,15,2,2,0,1.0,,1,32,0,32,0,0,0,,0.0,,0.0,2.0,2.0,0.0,1.0,1.0,0.0
prediction_loss_decoupling,offroute0,offroute0,11,oracle_fault_model,Oracle,3,31,15,2,2,0,1.0,,1,32,0,32,0,0,0,,0.0,,0.0,2.0,2.0,0.0,1.0,1.0,0.0
prediction_loss_decoupling,offroute0,offroute0,11,oracle_fault_model,Oracle,4,31,15,2,2,0,1.0,,1,32,0,32,0,0,0,,0.0,,0.0,2.0,2.0,0.0,1.0,1.0,0.0
prediction_loss_decoupling,offroute0,offroute0,12,nominal_no_repair,Nominal,0,31,15,2,2,0,1.0,,0,180,178,3,0,1,0,,0.001075268817204301,,0.01765536723163842,0.0,0.0,0.0,1.0,0.0,0.0
prediction_loss_decoupling,offroute0,offroute0,12,nominal_no_repair,Nominal,1,31,15,2,2,0,1.0,,0,180,178,3,0,1,0,,0.001075268817204301,,0.01765536723163842,0.0,0.0,0.0,1.0,0.0,0.0
prediction_loss_decoupling,offroute0,offroute0,12,nominal_no_repair,Nominal,2,31,15,2,2,0,1.0,,0,180,178,3,0,1,0,,0.001075268817204301,,0.01765536723163842,0.0,0.0,0.0,1.0,0.0,0.0
prediction_loss_decoupling,offroute0,offroute0,12,nominal_no_repair,Nominal,3,31,15,2,2,0,1.0,,0,180,178,3,0,1,0,,0.001075268817204301,,0.01765536723163842,0.0,0.0,0.0,1.0,0.0,0.0
prediction_loss_decoupling,offroute0,offroute0,12,nominal_no_repair,Nominal,4,31,15,2,2,0,1.0,,0,180,178,3,0,1,0,,0.001075268817204301,,0.01765536723163842,0.0,0.0,0.0,1.0,0.0,0.0
prediction_loss_decoupling,offroute0,offroute0,12,shield_only,Shield only,0,31,15,2,2,0,1.0,,0,180,178,4,1,1,1,,0.001075268817204301,,0.01765536723163842,0.0,0.0,0.0,1.0,0.0,0.0
prediction_loss_decoupling,offroute0,offroute0,12,shield_only,Shield only,1,31,15,2,2,0,1.0,,0,180,178,3,1,1,1,,0.001075268817204301,,0.01765536723163842,0.0,0.0,0.0,1.0,0.0,0.0
prediction_loss_decoupling,offroute0,offroute0,12,shield_only,Shield only,2,31,15,2,2,0,1.0,,0,180,178,3,1,1,1,,0.001075268817204301,,0.01765536723163842,0.0,0.0,0.0,1.0,0.0,0.0
prediction_loss_decoupling,offroute0,offroute0,12,shield_only,Shield only,3,31,15,2,2,0,1.0,,0,180,178,3,1,1,1,,0.001075268817204301,,0.01765536723163842,0.0,0.0,0.0,1.0,0.0,0.0
prediction_loss_decoupling,offroute0,offroute0,12,shield_only,Shield only,4,31,15,2,2,0,1.0,,0,180,178,3,1,1,1,,0.001075268817204301,,0.01765536723163842,0.0,0.0,0.0,1.0,0.0,0.0
prediction_loss_decoupling,offroute0,offroute0,12,batch_episode_retrain,Batch episode,0,31,15,2,2,0,1.0,,0,180,178,3,0,1,0,,0.001075268817204301,,0.01765536723163842,0.0,0.0,0.0,1.0,0.0,0.0
prediction_loss_decoupling,offroute0,offroute0,12,batch_episode_retrain,Batch episode,1,31,15,2,2,0,1.0,,1,32,0,32,0,0,1,,0.0005376344086021505,,0.00882768361581921,1.0,1.0,0.0,1.0,0.5,0.0
prediction_loss_decoupling,offroute0,offroute0,12,batch_episode_retrain,Batch episode,2,31,15,2,2,0,1.0,,1,32,0,32,0,0,1,,0.0005376344086021505,,0.00882768361581921,1.0,1.0,0.0,1.0,0.5,0.0
prediction_loss_decoupling,offroute0,offroute0,12,batch_episode_retrain,Batch episode,3,31,15,2,2,0,1.0,,1,32,0,32,0,0,1,,0.0005376344086021505,,0.00882768361581921,1.0,1.0,0.0,1.0,0.5,0.0
prediction_loss_decoupling,offroute0,offroute0,12,batch_episode_retrain,Batch episode,4,31,15,2,2,0,1.0,,1,32,0,32,0,0,1,,0.0005376344086021505,,0.00882768361581921,1.0,1.0,0.0,1.0,0.5,0.0
prediction_loss_decoupling,offroute0,offroute0,12,threshold_8,Threshold 8,0,31,15,2,2,0,1.0,,1,40,8,40,0,0,1,,0.0005376344086021505,,0.00882768361581921,1.0,1.0,0.0,1.0,0.5,0.0
prediction_loss_decoupling,offroute0,offroute0,12,threshold_8,Threshold 8,1,31,15,2,2,0,1.0,,1,32,0,32,0,0,1,,0.0005376344086021505,,0.00882768361581921,1.0,1.0,0.0,1.0,0.5,0.0
prediction_loss_decoupling,offroute0,offroute0,12,threshold_8,Threshold 8,2,31,15,2,2,0,1.0,,1,32,0,32,0,0,1,,0.0005376344086021505,,0.00882768361581921,1.0,1.0,0.0,1.0,0.5,0.0
prediction_loss_decoupling,offroute0,offroute0,12,threshold_8,Threshold 8,3,31,15,2,2,0,1.0,,1,32,0,32,0,0,1,,0.0005376344086021505,,0.00882768361581921,1.0,1.0,0.0,1.0,0.5,0.0
prediction_loss_decoupling,offroute0,offroute0,12,threshold_8,Threshold 8,4,31,15,2,2,0,1.0,,1,32,0,32,0,0,1,,0.0005376344086021505,,0.00882768361581921,1.0,1.0,0.0,1.0,0.5,0.0
prediction_loss_decoupling,offroute0,offroute0,12,uncertainty_cost_avoidance,Cost avoidance,0,31,15,2,2,0,1.0,,1,33,1,33,0,0,1,,0.001075268817204301,,0.01765536723163842,0.0,0.0,0.0,1.0,0.0,0.0
prediction_loss_decoupling,offroute0,offroute0,12,uncertainty_cost_avoidance,Cost avoidance,1,31,15,2,2,0,1.0,,1,32,0,32,0,0,1,,0.001075268817204301,,0.01765536723163842,0.0,0.0,0.0,1.0,0.0,0.0
prediction_loss_decoupling,offroute0,offroute0,12,uncertainty_cost_avoidance,Cost avoidance,2,31,15,2,2,0,1.0,,1,32,0,32,0,0,1,,0.001075268817204301,,0.01765536723163842,0.0,0.0,0.0,1.0,0.0,0.0
prediction_loss_decoupling,offroute0,offroute0,12,uncertainty_cost_avoidance,Cost avoidance,3,31,15,2,2,0,1.0,,1,32,0,32,0,0,1,,0.001075268817204301,,0.01765536723163842,0.0,0.0,0.0,1.0,0.0,0.0
prediction_loss_decoupling,offroute0,offroute0,12,uncertainty_cost_avoidance,Cost avoidance,4,31,15,2,2,0,1.0,,1,32,0,32,0,0,1,,0.001075268817204301,,0.01765536723163842,0.0,0.0,0.0,1.0,0.0,0.0
prediction_loss_decoupling,offroute0,offroute0,12,ccra_exact_guard,CCRA exact,0,31,15,2,2,0,1.0,,1,33,1,33,0,0,1,,0.0005376344086021505,,0.00882768361581921,1.0,1.0,0.0,1.0,0.5,0.0
prediction_loss_decoupling,offroute0,offroute0,12,ccra_exact_guard,CCRA exact,1,31,15,2,2,0,1.0,,1,32,0,32,0,0,1,,0.0005376344086021505,,0.00882768361581921,1.0,1.0,0.0,1.0,0.5,0.0
prediction_loss_decoupling,offroute0,offroute0,12,ccra_exact_guard,CCRA exact,2,31,15,2,2,0,1.0,,1,32,0,32,0,0,1,,0.0005376344086021505,,0.00882768361581921,1.0,1.0,0.0,1.0,0.5,0.0
prediction_loss_decoupling,offroute0,offroute0,12,ccra_exact_guard,CCRA exact,3,31,15,2,2,0,1.0,,1,32,0,32,0,0,1,,0.0005376344086021505,,0.00882768361581921,1.0,1.0,0.0,1.0,0.5,0.0
prediction_loss_decoupling,offroute0,offroute0,12,ccra_exact_guard,CCRA exact,4,31,15,2,2,0,1.0,,1,32,0,32,0,0,1,,0.0005376344086021505,,0.00882768361581921,1.0,1.0,0.0,1.0,0.5,0.0
prediction_loss_decoupling,offroute0,offroute0,12,ccra_row_guard,CCRA row,0,31,15,2,2,0,1.0,,1,33,1,33,0,0,1,,0.015053763440860216,,0.24717514124293785,30.0,2.0,28.0,0.06666666666666667,1.0,0.9333333333333333
prediction_loss_decoupling,offroute0,offroute0,12,ccra_row_guard,CCRA row,1,31,15,2,2,0,1.0,,1,32,0,32,0,0,1,,0.015053763440860216,,0.24717514124293785,30.0,2.0,28.0,0.06666666666666667,1.0,0.9333333333333333
prediction_loss_decoupling,offroute0,offroute0,12,ccra_row_guard,CCRA row,2,31,15,2,2,0,1.0,,1,32,0,32,0,0,1,,0.015053763440860216,,0.24717514124293785,30.0,2.0,28.0,0.06666666666666667,1.0,0.9333333333333333
prediction_loss_decoupling,offroute0,offroute0,12,ccra_row_guard,CCRA row,3,31,15,2,2,0,1.0,,1,32,0,32,0,0,1,,0.015053763440860216,,0.24717514124293785,30.0,2.0,28.0,0.06666666666666667,1.0,0.9333333333333333
prediction_loss_decoupling,offroute0,offroute0,12,ccra_row_guard,CCRA row,4,31,15,2,2,0,1.0,,1,32,0,32,0,0,1,,0.015053763440860216,,0.24717514124293785,30.0,2.0,28.0,0.06666666666666667,1.0,0.9333333333333333
prediction_loss_decoupling,offroute0,offroute0,12,global_action_repair,Global action,0,31,15,2,2,0,1.0,,0,5,3,6,0,0,1,,0.24086021505376345,,0.480225988700565,450.0,2.0,448.0,0.0044444444444444444,1.0,0.9955555555555555
prediction_loss_decoupling,offroute0,offroute0,12,global_action_repair,Global action,1,31,15,2,2,0,1.0,,0,0,0,1,0,0,1,,0.24086021505376345,,0.480225988700565,450.0,2.0,448.0,0.0044444444444444444,1.0,0.9955555555555555
prediction_loss_decoupling,offroute0,offroute0,12,global_action_repair,Global action,2,31,15,2,2,0,1.0,,0,0,0,1,0,0,1,,0.24086021505376345,,0.480225988700565,450.0,2.0,448.0,0.0044444444444444444,1.0,0.9955555555555555
prediction_loss_decoupling,offroute0,offroute0,12,global_action_repair,Global action,3,31,15,2,2,0,1.0,,0,0,0,1,0,0,1,,0.24086021505376345,,0.480225988700565,450.0,2.0,448.0,0.0044444444444444444,1.0,0.9955555555555555
prediction_loss_decoupling,offroute0,offroute0,12,global_action_repair,Global action,4,31,15,2,2,0,1.0,,0,0,0,1,0,0,1,,0.24086021505376345,,0.480225988700565,450.0,2.0,448.0,0.0044444444444444444,1.0,0.9955555555555555
prediction_loss_decoupling,offroute0,offroute0,12,oracle_fault_model,Oracle,0,31,15,2,2,0,1.0,,1,32,0,32,0,0,0,,0.0,,0.0,2.0,2.0,0.0,1.0,1.0,0.0
prediction_loss_decoupling,offroute0,offroute0,12,oracle_fault_model,Oracle,1,31,15,2,2,0,1.0,,1,32,0,32,0,0,0,,0.0,,0.0,2.0,2.0,0.0,1.0,1.0,0.0
prediction_loss_decoupling,offroute0,offroute0,12,oracle_fault_model,Oracle,2,31,15,2,2,0,1.0,,1,32,0,32,0,0,0,,0.0,,0.0,2.0,2.0,0.0,1.0,1.0,0.0
prediction_loss_decoupling,offroute0,offroute0,12,oracle_fault_model,Oracle,3,31,15,2,2,0,1.0,,1,32,0,32,0,0,0,,0.0,,0.0,2.0,2.0,0.0,1.0,1.0,0.0
prediction_loss_decoupling,offroute0,offroute0,12,oracle_fault_model,Oracle,4,31,15,2,2,0,1.0,,1,32,0,32,0,0,0,,0.0,,0.0,2.0,2.0,0.0,1.0,1.0,0.0
prediction_loss_decoupling,offroute0,offroute0,13,nominal_no_repair,Nominal,0,31,15,2,2,0,1.0,,0,180,176,5,0,1,0,,0.001075268817204301,,0.01765536723163842,0.0,0.0,0.0,1.0,0.0,0.0
prediction_loss_decoupling,offroute0,offroute0,13,nominal_no_repair,Nominal,1,31,15,2,2,0,1.0,,0,180,176,5,0,1,0,,0.001075268817204301,,0.01765536723163842,0.0,0.0,0.0,1.0,0.0,0.0
prediction_loss_decoupling,offroute0,offroute0,13,nominal_no_repair,Nominal,2,31,15,2,2,0,1.0,,0,180,176,5,0,1,0,,0.001075268817204301,,0.01765536723163842,0.0,0.0,0.0,1.0,0.0,0.0
prediction_loss_decoupling,offroute0,offroute0,13,nominal_no_repair,Nominal,3,31,15,2,2,0,1.0,,0,180,176,5,0,1,0,,0.001075268817204301,,0.01765536723163842,0.0,0.0,0.0,1.0,0.0,0.0
prediction_loss_decoupling,offroute0,offroute0,13,nominal_no_repair,Nominal,4,31,15,2,2,0,1.0,,0,180,176,5,0,1,0,,0.001075268817204301,,0.01765536723163842,0.0,0.0,0.0,1.0,0.0,0.0
prediction_loss_decoupling,offroute0,offroute0,13,shield_only,Shield only,0,31,15,2,2,0,1.0,,0,180,176,6,1,1,1,,0.001075268817204301,,0.01765536723163842,0.0,0.0,0.0,1.0,0.0,0.0
prediction_loss_decoupling,offroute0,offroute0,13,shield_only,Shield only,1,31,15,2,2,0,1.0,,0,180,176,5,1,1,1,,0.001075268817204301,,0.01765536723163842,0.0,0.0,0.0,1.0,0.0,0.0
prediction_loss_decoupling,offroute0,offroute0,13,shield_only,Shield only,2,31,15,2,2,0,1.0,,0,180,176,5,1,1,1,,0.001075268817204301,,0.01765536723163842,0.0,0.0,0.0,1.0,0.0,0.0
prediction_loss_decoupling,offroute0,offroute0,13,shield_only,Shield only,3,31,15,2,2,0,1.0,,0,180,176,5,1,1,1,,0.001075268817204301,,0.01765536723163842,0.0,0.0,0.0,1.0,0.0,0.0
prediction_loss_decoupling,offroute0,offroute0,13,shield_only,Shield only,4,31,15,2,2,0,1.0,,0,180,176,5,1,1,1,,0.001075268817204301,,0.01765536723163842,0.0,0.0,0.0,1.0,0.0,0.0
prediction_loss_decoupling,offroute0,offroute0,13,batch_episode_retrain,Batch episode,0,31,15,2,2,0,1.0,,0,180,176,5,0,1,0,,0.001075268817204301,,0.01765536723163842,0.0,0.0,0.0,1.0,0.0,0.0
prediction_loss_decoupling,offroute0,offroute0,13,batch_episode_retrain,Batch episode,1,31,15,2,2,0,1.0,,1,32,0,32,0,0,1,,0.0005376344086021505,,0.00882768361581921,1.0,1.0,0.0,1.0,0.5,0.0
prediction_loss_decoupling,offroute0,offroute0,13,batch_episode_retrain,Batch episode,2,31,15,2,2,0,1.0,,1,32,0,32,0,0,1,,0.0005376344086021505,,0.00882768361581921,1.0,1.0,0.0,1.0,0.5,0.0
prediction_loss_decoupling,offroute0,offroute0,13,batch_episode_retrain,Batch episode,3,31,15,2,2,0,1.0,,1,32,0,32,0,0,1,,0.0005376344086021505,,0.00882768361581921,1.0,1.0,0.0,1.0,0.5,0.0
prediction_loss_decoupling,offroute0,offroute0,13,batch_episode_retrain,Batch episode,4,31,15,2,2,0,1.0,,1,32,0,32,0,0,1,,0.0005376344086021505,,0.00882768361581921,1.0,1.0,0.0,1.0,0.5,0.0
prediction_loss_decoupling,offroute0,offroute0,13,threshold_8,Threshold 8,0,31,15,2,2,0,1.0,,1,40,8,40,0,0,1,,0.0005376344086021505,,0.00882768361581921,1.0,1.0,0.0,1.0,0.5,0.0
prediction_loss_decoupling,offroute0,offroute0,13,threshold_8,Threshold 8,1,31,15,2,2,0,1.0,,1,32,0,32,0,0,1,,0.0005376344086021505,,0.00882768361581921,1.0,1.0,0.0,1.0,0.5,0.0
prediction_loss_decoupling,offroute0,offroute0,13,threshold_8,Threshold 8,2,31,15,2,2,0,1.0,,1,32,0,32,0,0,1,,0.0005376344086021505,,0.00882768361581921,1.0,1.0,0.0,1.0,0.5,0.0
prediction_loss_decoupling,offroute0,offroute0,13,threshold_8,Threshold 8,3,31,15,2,2,0,1.0,,1,32,0,32,0,0,1,,0.0005376344086021505,,0.00882768361581921,1.0,1.0,0.0,1.0,0.5,0.0
prediction_loss_decoupling,offroute0,offroute0,13,threshold_8,Threshold 8,4,31,15,2,2,0,1.0,,1,32,0,32,0,0,1,,0.0005376344086021505,,0.00882768361581921,1.0,1.0,0.0,1.0,0.5,0.0
prediction_loss_decoupling,offroute0,offroute0,13,uncertainty_cost_avoidance,Cost avoidance,0,31,15,2,2,0,1.0,,1,33,1,33,0,0,1,,0.001075268817204301,,0.01765536723163842,0.0,0.0,0.0,1.0,0.0,0.0
prediction_loss_decoupling,offroute0,offroute0,13,uncertainty_cost_avoidance,Cost avoidance,1,31,15,2,2,0,1.0,,1,32,0,32,0,0,1,,0.001075268817204301,,0.01765536723163842,0.0,0.0,0.0,1.0,0.0,0.0
prediction_loss_decoupling,offroute0,offroute0,13,uncertainty_cost_avoidance,Cost avoidance,2,31,15,2,2,0,1.0,,1,32,0,32,0,0,1,,0.001075268817204301,,0.01765536723163842,0.0,0.0,0.0,1.0,0.0,0.0
prediction_loss_decoupling,offroute0,offroute0,13,uncertainty_cost_avoidance,Cost avoidance,3,31,15,2,2,0,1.0,,1,32,0,32,0,0,1,,0.001075268817204301,,0.01765536723163842,0.0,0.0,0.0,1.0,0.0,0.0
prediction_loss_decoupling,offroute0,offroute0,13,uncertainty_cost_avoidance,Cost avoidance,4,31,15,2,2,0,1.0,,1,32,0,32,0,0,1,,0.001075268817204301,,0.01765536723163842,0.0,0.0,0.0,1.0,0.0,0.0
prediction_loss_decoupling,offroute0,offroute0,13,ccra_exact_guard,CCRA exact,0,31,15,2,2,0,1.0,,1,33,1,33,0,0,1,,0.0005376344086021505,,0.00882768361581921,1.0,1.0,0.0,1.0,0.5,0.0
prediction_loss_decoupling,offroute0,offroute0,13,ccra_exact_guard,CCRA exact,1,31,15,2,2,0,1.0,,1,32,0,32,0,0,1,,0.0005376344086021505,,0.00882768361581921,1.0,1.0,0.0,1.0,0.5,0.0
prediction_loss_decoupling,offroute0,offroute0,13,ccra_exact_guard,CCRA exact,2,31,15,2,2,0,1.0,,1,32,0,32,0,0,1,,0.0005376344086021505,,0.00882768361581921,1.0,1.0,0.0,1.0,0.5,0.0
prediction_loss_decoupling,offroute0,offroute0,13,ccra_exact_guard,CCRA exact,3,31,15,2,2,0,1.0,,1,32,0,32,0,0,1,,0.0005376344086021505,,0.00882768361581921,1.0,1.0,0.0,1.0,0.5,0.0
prediction_loss_decoupling,offroute0,offroute0,13,ccra_exact_guard,CCRA exact,4,31,15,2,2,0,1.0,,1,32,0,32,0,0,1,,0.0005376344086021505,,0.00882768361581921,1.0,1.0,0.0,1.0,0.5,0.0
prediction_loss_decoupling,offroute0,offroute0,13,ccra_row_guard,CCRA row,0,31,15,2,2,0,1.0,,1,33,1,33,0,0,1,,0.015053763440860216,,0.24717514124293785,30.0,2.0,28.0,0.06666666666666667,1.0,0.9333333333333333
prediction_loss_decoupling,offroute0,offroute0,13,ccra_row_guard,CCRA row,1,31,15,2,2,0,1.0,,1,32,0,32,0,0,1,,0.015053763440860216,,0.24717514124293785,30.0,2.0,28.0,0.06666666666666667,1.0,0.9333333333333333
prediction_loss_decoupling,offroute0,offroute0,13,ccra_row_guard,CCRA row,2,31,15,2,2,0,1.0,,1,32,0,32,0,0,1,,0.015053763440860216,,0.24717514124293785,30.0,2.0,28.0,0.06666666666666667,1.0,0.9333333333333333
prediction_loss_decoupling,offroute0,offroute0,13,ccra_row_guard,CCRA row,3,31,15,2,2,0,1.0,,1,32,0,32,0,0,1,,0.015053763440860216,,0.24717514124293785,30.0,2.0,28.0,0.06666666666666667,1.0,0.9333333333333333
prediction_loss_decoupling,offroute0,offroute0,13,ccra_row_guard,CCRA row,4,31,15,2,2,0,1.0,,1,32,0,32,0,0,1,,0.015053763440860216,,0.24717514124293785,30.0,2.0,28.0,0.06666666666666667,1.0,0.9333333333333333
prediction_loss_decoupling,offroute0,offroute0,13,global_action_repair,Global action,0,31,15,2,2,0,1.0,,0,7,3,8,0,0,1,,0.24086021505376345,,0.480225988700565,450.0,2.0,448.0,0.0044444444444444444,1.0,0.9955555555555555
prediction_loss_decoupling,offroute0,offroute0,13,global_action_repair,Global action,1,31,15,2,2,0,1.0,,0,0,0,1,0,0,1,,0.24086021505376345,,0.480225988700565,450.0,2.0,448.0,0.0044444444444444444,1.0,0.9955555555555555
prediction_loss_decoupling,offroute0,offroute0,13,global_action_repair,Global action,2,31,15,2,2,0,1.0,,0,0,0,1,0,0,1,,0.24086021505376345,,0.480225988700565,450.0,2.0,448.0,0.0044444444444444444,1.0,0.9955555555555555
prediction_loss_decoupling,offroute0,offroute0,13,global_action_repair,Global action,3,31,15,2,2,0,1.0,,0,0,0,1,0,0,1,,0.24086021505376345,,0.480225988700565,450.0,2.0,448.0,0.0044444444444444444,1.0,0.9955555555555555
prediction_loss_decoupling,offroute0,offroute0,13,global_action_repair,Global action,4,31,15,2,2,0,1.0,,0,0,0,1,0,0,1,,0.24086021505376345,,0.480225988700565,450.0,2.0,448.0,0.0044444444444444444,1.0,0.9955555555555555
prediction_loss_decoupling,offroute0,offroute0,13,oracle_fault_model,Oracle,0,31,15,2,2,0,1.0,,1,32,0,32,0,0,0,,0.0,,0.0,2.0,2.0,0.0,1.0,1.0,0.0
prediction_loss_decoupling,offroute0,offroute0,13,oracle_fault_model,Oracle,1,31,15,2,2,0,1.0,,1,32,0,32,0,0,0,,0.0,,0.0,2.0,2.0,0.0,1.0,1.0,0.0
prediction_loss_decoupling,offroute0,offroute0,13,oracle_fault_model,Oracle,2,31,15,2,2,0,1.0,,1,32,0,32,0,0,0,,0.0,,0.0,2.0,2.0,0.0,1.0,1.0,0.0
prediction_loss_decoupling,offroute0,offroute0,13,oracle_fault_model,Oracle,3,31,15,2,2,0,1.0,,1,32,0,32,0,0,0,,0.0,,0.0,2.0,2.0,0.0,1.0,1.0,0.0
prediction_loss_decoupling,offroute0,offroute0,13,oracle_fault_model,Oracle,4,31,15,2,2,0,1.0,,1,32,0,32,0,0,0,,0.0,,0.0,2.0,2.0,0.0,1.0,1.0,0.0
prediction_loss_decoupling,offroute0,offroute0,14,nominal_no_repair,Nominal,0,31,15,2,2,0,1.0,,0,180,176,5,0,1,0,,0.001075268817204301,,0.01765536723163842,0.0,0.0,0.0,1.0,0.0,0.0
prediction_loss_decoupling,offroute0,offroute0,14,nominal_no_repair,Nominal,1,31,15,2,2,0,1.0,,0,180,176,5,0,1,0,,0.001075268817204301,,0.01765536723163842,0.0,0.0,0.0,1.0,0.0,0.0
prediction_loss_decoupling,offroute0,offroute0,14,nominal_no_repair,Nominal,2,31,15,2,2,0,1.0,,0,180,176,5,0,1,0,,0.001075268817204301,,0.01765536723163842,0.0,0.0,0.0,1.0,0.0,0.0
prediction_loss_decoupling,offroute0,offroute0,14,nominal_no_repair,Nominal,3,31,15,2,2,0,1.0,,0,180,176,5,0,1,0,,0.001075268817204301,,0.01765536723163842,0.0,0.0,0.0,1.0,0.0,0.0
prediction_loss_decoupling,offroute0,offroute0,14,nominal_no_repair,Nominal,4,31,15,2,2,0,1.0,,0,180,176,5,0,1,0,,0.001075268817204301,,0.01765536723163842,0.0,0.0,0.0,1.0,0.0,0.0
prediction_loss_decoupling,offroute0,offroute0,14,shield_only,Shield only,0,31,15,2,2,0,1.0,,0,180,176,6,1,1,1,,0.001075268817204301,,0.01765536723163842,0.0,0.0,0.0,1.0,0.0,0.0
prediction_loss_decoupling,offroute0,offroute0,14,shield_only,Shield only,1,31,15,2,2,0,1.0,,0,180,176,5,1,1,1,,0.001075268817204301,,0.01765536723163842,0.0,0.0,0.0,1.0,0.0,0.0
prediction_loss_decoupling,offroute0,offroute0,14,shield_only,Shield only,2,31,15,2,2,0,1.0,,0,180,176,5,1,1,1,,0.001075268817204301,,0.01765536723163842,0.0,0.0,0.0,1.0,0.0,0.0
prediction_loss_decoupling,offroute0,offroute0,14,shield_only,Shield only,3,31,15,2,2,0,1.0,,0,180,176,5,1,1,1,,0.001075268817204301,,0.01765536723163842,0.0,0.0,0.0,1.0,0.0,0.0
prediction_loss_decoupling,offroute0,offroute0,14,shield_only,Shield only,4,31,15,2,2,0,1.0,,0,180,176,5,1,1,1,,0.001075268817204301,,0.01765536723163842,0.0,0.0,0.0,1.0,0.0,0.0
prediction_loss_decoupling,offroute0,offroute0,14,batch_episode_retrain,Batch episode,0,31,15,2,2,0,1.0,,0,180,176,5,0,1,0,,0.001075268817204301,,0.01765536723163842,0.0,0.0,0.0,1.0,0.0,0.0
prediction_loss_decoupling,offroute0,offroute0,14,batch_episode_retrain,Batch episode,1,31,15,2,2,0,1.0,,1,32,0,32,0,0,1,,0.0005376344086021505,,0.00882768361581921,1.0,1.0,0.0,1.0,0.5,0.0
prediction_loss_decoupling,offroute0,offroute0,14,batch_episode_retrain,Batch episode,2,31,15,2,2,0,1.0,,1,32,0,32,0,0,1,,0.0005376344086021505,,0.00882768361581921,1.0,1.0,0.0,1.0,0.5,0.0
prediction_loss_decoupling,offroute0,offroute0,14,batch_episode_retrain,Batch episode,3,31,15,2,2,0,1.0,,1,32,0,32,0,0,1,,0.0005376344086021505,,0.00882768361581921,1.0,1.0,0.0,1.0,0.5,0.0
prediction_loss_decoupling,offroute0,offroute0,14,batch_episode_retrain,Batch episode,4,31,15,2,2,0,1.0,,1,32,0,32,0,0,1,,0.0005376344086021505,,0.00882768361581921,1.0,1.0,0.0,1.0,0.5,0.0
prediction_loss_decoupling,offroute0,offroute0,14,threshold_8,Threshold 8,0,31,15,2,2,0,1.0,,1,40,8,40,0,0,1,,0.0005376344086021505,,0.00882768361581921,1.0,1.0,0.0,1.0,0.5,0.0
prediction_loss_decoupling,offroute0,offroute0,14,threshold_8,Threshold 8,1,31,15,2,2,0,1.0,,1,32,0,32,0,0,1,,0.0005376344086021505,,0.00882768361581921,1.0,1.0,0.0,1.0,0.5,0.0
prediction_loss_decoupling,offroute0,offroute0,14,threshold_8,Threshold 8,2,31,15,2,2,0,1.0,,1,32,0,32,0,0,1,,0.0005376344086021505,,0.00882768361581921,1.0,1.0,0.0,1.0,0.5,0.0
prediction_loss_decoupling,offroute0,offroute0,14,threshold_8,Threshold 8,3,31,15,2,2,0,1.0,,1,32,0,32,0,0,1,,0.0005376344086021505,,0.00882768361581921,1.0,1.0,0.0,1.0,0.5,0.0
prediction_loss_decoupling,offroute0,offroute0,14,threshold_8,Threshold 8,4,31,15,2,2,0,1.0,,1,32,0,32,0,0,1,,0.0005376344086021505,,0.00882768361581921,1.0,1.0,0.0,1.0,0.5,0.0
prediction_loss_decoupling,offroute0,offroute0,14,uncertainty_cost_avoidance,Cost avoidance,0,31,15,2,2,0,1.0,,1,33,1,33,0,0,1,,0.001075268817204301,,0.01765536723163842,0.0,0.0,0.0,1.0,0.0,0.0
prediction_loss_decoupling,offroute0,offroute0,14,uncertainty_cost_avoidance,Cost avoidance,1,31,15,2,2,0,1.0,,1,32,0,32,0,0,1,,0.001075268817204301,,0.01765536723163842,0.0,0.0,0.0,1.0,0.0,0.0
prediction_loss_decoupling,offroute0,offroute0,14,uncertainty_cost_avoidance,Cost avoidance,2,31,15,2,2,0,1.0,,1,32,0,32,0,0,1,,0.001075268817204301,,0.01765536723163842,0.0,0.0,0.0,1.0,0.0,0.0
prediction_loss_decoupling,offroute0,offroute0,14,uncertainty_cost_avoidance,Cost avoidance,3,31,15,2,2,0,1.0,,1,32,0,32,0,0,1,,0.001075268817204301,,0.01765536723163842,0.0,0.0,0.0,1.0,0.0,0.0
prediction_loss_decoupling,offroute0,offroute0,14,uncertainty_cost_avoidance,Cost avoidance,4,31,15,2,2,0,1.0,,1,32,0,32,0,0,1,,0.001075268817204301,,0.01765536723163842,0.0,0.0,0.0,1.0,0.0,0.0
prediction_loss_decoupling,offroute0,offroute0,14,ccra_exact_guard,CCRA exact,0,31,15,2,2,0,1.0,,1,33,1,33,0,0,1,,0.0005376344086021505,,0.00882768361581921,1.0,1.0,0.0,1.0,0.5,0.0
prediction_loss_decoupling,offroute0,offroute0,14,ccra_exact_guard,CCRA exact,1,31,15,2,2,0,1.0,,1,32,0,32,0,0,1,,0.0005376344086021505,,0.00882768361581921,1.0,1.0,0.0,1.0,0.5,0.0
prediction_loss_decoupling,offroute0,offroute0,14,ccra_exact_guard,CCRA exact,2,31,15,2,2,0,1.0,,1,32,0,32,0,0,1,,0.0005376344086021505,,0.00882768361581921,1.0,1.0,0.0,1.0,0.5,0.0
prediction_loss_decoupling,offroute0,offroute0,14,ccra_exact_guard,CCRA exact,3,31,15,2,2,0,1.0,,1,32,0,32,0,0,1,,0.0005376344086021505,,0.00882768361581921,1.0,1.0,0.0,1.0,0.5,0.0
prediction_loss_decoupling,offroute0,offroute0,14,ccra_exact_guard,CCRA exact,4,31,15,2,2,0,1.0,,1,32,0,32,0,0,1,,0.0005376344086021505,,0.00882768361581921,1.0,1.0,0.0,1.0,0.5,0.0
prediction_loss_decoupling,offroute0,offroute0,14,ccra_row_guard,CCRA row,0,31,15,2,2,0,1.0,,1,33,1,33,0,0,1,,0.015053763440860216,,0.24717514124293785,30.0,2.0,28.0,0.06666666666666667,1.0,0.9333333333333333
prediction_loss_decoupling,offroute0,offroute0,14,ccra_row_guard,CCRA row,1,31,15,2,2,0,1.0,,1,32,0,32,0,0,1,,0.015053763440860216,,0.24717514124293785,30.0,2.0,28.0,0.06666666666666667,1.0,0.9333333333333333
prediction_loss_decoupling,offroute0,offroute0,14,ccra_row_guard,CCRA row,2,31,15,2,2,0,1.0,,1,32,0,32,0,0,1,,0.015053763440860216,,0.24717514124293785,30.0,2.0,28.0,0.06666666666666667,1.0,0.9333333333333333
prediction_loss_decoupling,offroute0,offroute0,14,ccra_row_guard,CCRA row,3,31,15,2,2,0,1.0,,1,32,0,32,0,0,1,,0.015053763440860216,,0.24717514124293785,30.0,2.0,28.0,0.06666666666666667,1.0,0.9333333333333333
prediction_loss_decoupling,offroute0,offroute0,14,ccra_row_guard,CCRA row,4,31,15,2,2,0,1.0,,1,32,0,32,0,0,1,,0.015053763440860216,,0.24717514124293785,30.0,2.0,28.0,0.06666666666666667,1.0,0.9333333333333333
prediction_loss_decoupling,offroute0,offroute0,14,global_action_repair,Global action,0,31,15,2,2,0,1.0,,0,7,3,8,0,0,1,,0.24086021505376345,,0.480225988700565,450.0,2.0,448.0,0.0044444444444444444,1.0,0.9955555555555555
prediction_loss_decoupling,offroute0,offroute0,14,global_action_repair,Global action,1,31,15,2,2,0,1.0,,0,0,0,1,0,0,1,,0.24086021505376345,,0.480225988700565,450.0,2.0,448.0,0.0044444444444444444,1.0,0.9955555555555555
prediction_loss_decoupling,offroute0,offroute0,14,global_action_repair,Global action,2,31,15,2,2,0,1.0,,0,0,0,1,0,0,1,,0.24086021505376345,,0.480225988700565,450.0,2.0,448.0,0.0044444444444444444,1.0,0.9955555555555555
prediction_loss_decoupling,offroute0,offroute0,14,global_action_repair,Global action,3,31,15,2,2,0,1.0,,0,0,0,1,0,0,1,,0.24086021505376345,,0.480225988700565,450.0,2.0,448.0,0.0044444444444444444,1.0,0.9955555555555555
prediction_loss_decoupling,offroute0,offroute0,14,global_action_repair,Global action,4,31,15,2,2,0,1.0,,0,0,0,1,0,0,1,,0.24086021505376345,,0.480225988700565,450.0,2.0,448.0,0.0044444444444444444,1.0,0.9955555555555555
prediction_loss_decoupling,offroute0,offroute0,14,oracle_fault_model,Oracle,0,31,15,2,2,0,1.0,,1,32,0,32,0,0,0,,0.0,,0.0,2.0,2.0,0.0,1.0,1.0,0.0
prediction_loss_decoupling,offroute0,offroute0,14,oracle_fault_model,Oracle,1,31,15,2,2,0,1.0,,1,32,0,32,0,0,0,,0.0,,0.0,2.0,2.0,0.0,1.0,1.0,0.0
prediction_loss_decoupling,offroute0,offroute0,14,oracle_fault_model,Oracle,2,31,15,2,2,0,1.0,,1,32,0,32,0,0,0,,0.0,,0.0,2.0,2.0,0.0,1.0,1.0,0.0
prediction_loss_decoupling,offroute0,offroute0,14,oracle_fault_model,Oracle,3,31,15,2,2,0,1.0,,1,32,0,32,0,0,0,,0.0,,0.0,2.0,2.0,0.0,1.0,1.0,0.0
prediction_loss_decoupling,offroute0,offroute0,14,oracle_fault_model,Oracle,4,31,15,2,2,0,1.0,,1,32,0,32,0,0,0,,0.0,,0.0,2.0,2.0,0.0,1.0,1.0,0.0
prediction_loss_decoupling,offroute0,offroute0,15,nominal_no_repair,Nominal,0,31,15,2,2,0,1.0,,0,180,177,4,0,1,0,,0.001075268817204301,,0.01765536723163842,0.0,0.0,0.0,1.0,0.0,0.0
prediction_loss_decoupling,offroute0,offroute0,15,nominal_no_repair,Nominal,1,31,15,2,2,0,1.0,,0,180,177,4,0,1,0,,0.001075268817204301,,0.01765536723163842,0.0,0.0,0.0,1.0,0.0,0.0
prediction_loss_decoupling,offroute0,offroute0,15,nominal_no_repair,Nominal,2,31,15,2,2,0,1.0,,0,180,177,4,0,1,0,,0.001075268817204301,,0.01765536723163842,0.0,0.0,0.0,1.0,0.0,0.0
prediction_loss_decoupling,offroute0,offroute0,15,nominal_no_repair,Nominal,3,31,15,2,2,0,1.0,,0,180,177,4,0,1,0,,0.001075268817204301,,0.01765536723163842,0.0,0.0,0.0,1.0,0.0,0.0
prediction_loss_decoupling,offroute0,offroute0,15,nominal_no_repair,Nominal,4,31,15,2,2,0,1.0,,0,180,177,4,0,1,0,,0.001075268817204301,,0.01765536723163842,0.0,0.0,0.0,1.0,0.0,0.0
prediction_loss_decoupling,offroute0,offroute0,15,shield_only,Shield only,0,31,15,2,2,0,1.0,,0,180,177,5,1,1,1,,0.001075268817204301,,0.01765536723163842,0.0,0.0,0.0,1.0,0.0,0.0
prediction_loss_decoupling,offroute0,offroute0,15,shield_only,Shield only,1,31,15,2,2,0,1.0,,0,180,177,4,1,1,1,,0.001075268817204301,,0.01765536723163842,0.0,0.0,0.0,1.0,0.0,0.0
prediction_loss_decoupling,offroute0,offroute0,15,shield_only,Shield only,2,31,15,2,2,0,1.0,,0,180,177,4,1,1,1,,0.001075268817204301,,0.01765536723163842,0.0,0.0,0.0,1.0,0.0,0.0
prediction_loss_decoupling,offroute0,offroute0,15,shield_only,Shield only,3,31,15,2,2,0,1.0,,0,180,177,4,1,1,1,,0.001075268817204301,,0.01765536723163842,0.0,0.0,0.0,1.0,0.0,0.0
prediction_loss_decoupling,offroute0,offroute0,15,shield_only,Shield only,4,31,15,2,2,0,1.0,,0,180,177,4,1,1,1,,0.001075268817204301,,0.01765536723163842,0.0,0.0,0.0,1.0,0.0,0.0
prediction_loss_decoupling,offroute0,offroute0,15,batch_episode_retrain,Batch episode,0,31,15,2,2,0,1.0,,0,180,177,4,0,1,0,,0.001075268817204301,,0.01765536723163842,0.0,0.0,0.0,1.0,0.0,0.0
prediction_loss_decoupling,offroute0,offroute0,15,batch_episode_retrain,Batch episode,1,31,15,2,2,0,1.0,,1,32,0,32,0,0,1,,0.0005376344086021505,,0.00882768361581921,1.0,1.0,0.0,1.0,0.5,0.0
prediction_loss_decoupling,offroute0,offroute0,15,batch_episode_retrain,Batch episode,2,31,15,2,2,0,1.0,,1,32,0,32,0,0,1,,0.0005376344086021505,,0.00882768361581921,1.0,1.0,0.0,1.0,0.5,0.0
prediction_loss_decoupling,offroute0,offroute0,15,batch_episode_retrain,Batch episode,3,31,15,2,2,0,1.0,,1,32,0,32,0,0,1,,0.0005376344086021505,,0.00882768361581921,1.0,1.0,0.0,1.0,0.5,0.0
prediction_loss_decoupling,offroute0,offroute0,15,batch_episode_retrain,Batch episode,4,31,15,2,2,0,1.0,,1,32,0,32,0,0,1,,0.0005376344086021505,,0.00882768361581921,1.0,1.0,0.0,1.0,0.5,0.0
prediction_loss_decoupling,offroute0,offroute0,15,threshold_8,Threshold 8,0,31,15,2,2,0,1.0,,1,40,8,40,0,0,1,,0.0005376344086021505,,0.00882768361581921,1.0,1.0,0.0,1.0,0.5,0.0
prediction_loss_decoupling,offroute0,offroute0,15,threshold_8,Threshold 8,1,31,15,2,2,0,1.0,,1,32,0,32,0,0,1,,0.0005376344086021505,,0.00882768361581921,1.0,1.0,0.0,1.0,0.5,0.0
prediction_loss_decoupling,offroute0,offroute0,15,threshold_8,Threshold 8,2,31,15,2,2,0,1.0,,1,32,0,32,0,0,1,,0.0005376344086021505,,0.00882768361581921,1.0,1.0,0.0,1.0,0.5,0.0
prediction_loss_decoupling,offroute0,offroute0,15,threshold_8,Threshold 8,3,31,15,2,2,0,1.0,,1,32,0,32,0,0,1,,0.0005376344086021505,,0.00882768361581921,1.0,1.0,0.0,1.0,0.5,0.0
prediction_loss_decoupling,offroute0,offroute0,15,threshold_8,Threshold 8,4,31,15,2,2,0,1.0,,1,32,0,32,0,0,1,,0.0005376344086021505,,0.00882768361581921,1.0,1.0,0.0,1.0,0.5,0.0
prediction_loss_decoupling,offroute0,offroute0,15,uncertainty_cost_avoidance,Cost avoidance,0,31,15,2,2,0,1.0,,1,33,1,33,0,0,1,,0.001075268817204301,,0.01765536723163842,0.0,0.0,0.0,1.0,0.0,0.0
prediction_loss_decoupling,offroute0,offroute0,15,uncertainty_cost_avoidance,Cost avoidance,1,31,15,2,2,0,1.0,,1,32,0,32,0,0,1,,0.001075268817204301,,0.01765536723163842,0.0,0.0,0.0,1.0,0.0,0.0
prediction_loss_decoupling,offroute0,offroute0,15,uncertainty_cost_avoidance,Cost avoidance,2,31,15,2,2,0,1.0,,1,32,0,32,0,0,1,,0.001075268817204301,,0.01765536723163842,0.0,0.0,0.0,1.0,0.0,0.0
prediction_loss_decoupling,offroute0,offroute0,15,uncertainty_cost_avoidance,Cost avoidance,3,31,15,2,2,0,1.0,,1,32,0,32,0,0,1,,0.001075268817204301,,0.01765536723163842,0.0,0.0,0.0,1.0,0.0,0.0
prediction_loss_decoupling,offroute0,offroute0,15,uncertainty_cost_avoidance,Cost avoidance,4,31,15,2,2,0,1.0,,1,32,0,32,0,0,1,,0.001075268817204301,,0.01765536723163842,0.0,0.0,0.0,1.0,0.0,0.0
prediction_loss_decoupling,offroute0,offroute0,15,ccra_exact_guard,CCRA exact,0,31,15,2,2,0,1.0,,1,33,1,33,0,0,1,,0.0005376344086021505,,0.00882768361581921,1.0,1.0,0.0,1.0,0.5,0.0
prediction_loss_decoupling,offroute0,offroute0,15,ccra_exact_guard,CCRA exact,1,31,15,2,2,0,1.0,,1,32,0,32,0,0,1,,0.0005376344086021505,,0.00882768361581921,1.0,1.0,0.0,1.0,0.5,0.0
prediction_loss_decoupling,offroute0,offroute0,15,ccra_exact_guard,CCRA exact,2,31,15,2,2,0,1.0,,1,32,0,32,0,0,1,,0.0005376344086021505,,0.00882768361581921,1.0,1.0,0.0,1.0,0.5,0.0
prediction_loss_decoupling,offroute0,offroute0,15,ccra_exact_guard,CCRA exact,3,31,15,2,2,0,1.0,,1,32,0,32,0,0,1,,0.0005376344086021505,,0.00882768361581921,1.0,1.0,0.0,1.0,0.5,0.0
prediction_loss_decoupling,offroute0,offroute0,15,ccra_exact_guard,CCRA exact,4,31,15,2,2,0,1.0,,1,32,0,32,0,0,1,,0.0005376344086021505,,0.00882768361581921,1.0,1.0,0.0,1.0,0.5,0.0
prediction_loss_decoupling,offroute0,offroute0,15,ccra_row_guard,CCRA row,0,31,15,2,2,0,1.0,,1,33,1,33,0,0,1,,0.015053763440860216,,0.24717514124293785,30.0,2.0,28.0,0.06666666666666667,1.0,0.9333333333333333
prediction_loss_decoupling,offroute0,offroute0,15,ccra_row_guard,CCRA row,1,31,15,2,2,0,1.0,,1,32,0,32,0,0,1,,0.015053763440860216,,0.24717514124293785,30.0,2.0,28.0,0.06666666666666667,1.0,0.9333333333333333
prediction_loss_decoupling,offroute0,offroute0,15,ccra_row_guard,CCRA row,2,31,15,2,2,0,1.0,,1,32,0,32,0,0,1,,0.015053763440860216,,0.24717514124293785,30.0,2.0,28.0,0.06666666666666667,1.0,0.9333333333333333
prediction_loss_decoupling,offroute0,offroute0,15,ccra_row_guard,CCRA row,3,31,15,2,2,0,1.0,,1,32,0,32,0,0,1,,0.015053763440860216,,0.24717514124293785,30.0,2.0,28.0,0.06666666666666667,1.0,0.9333333333333333
prediction_loss_decoupling,offroute0,offroute0,15,ccra_row_guard,CCRA row,4,31,15,2,2,0,1.0,,1,32,0,32,0,0,1,,0.015053763440860216,,0.24717514124293785,30.0,2.0,28.0,0.06666666666666667,1.0,0.9333333333333333
prediction_loss_decoupling,offroute0,offroute0,15,global_action_repair,Global action,0,31,15,2,2,0,1.0,,0,6,3,7,0,0,1,,0.24086021505376345,,0.480225988700565,450.0,2.0,448.0,0.0044444444444444444,1.0,0.9955555555555555
prediction_loss_decoupling,offroute0,offroute0,15,global_action_repair,Global action,1,31,15,2,2,0,1.0,,0,0,0,1,0,0,1,,0.24086021505376345,,0.480225988700565,450.0,2.0,448.0,0.0044444444444444444,1.0,0.9955555555555555
prediction_loss_decoupling,offroute0,offroute0,15,global_action_repair,Global action,2,31,15,2,2,0,1.0,,0,0,0,1,0,0,1,,0.24086021505376345,,0.480225988700565,450.0,2.0,448.0,0.0044444444444444444,1.0,0.9955555555555555
prediction_loss_decoupling,offroute0,offroute0,15,global_action_repair,Global action,3,31,15,2,2,0,1.0,,0,0,0,1,0,0,1,,0.24086021505376345,,0.480225988700565,450.0,2.0,448.0,0.0044444444444444444,1.0,0.9955555555555555
prediction_loss_decoupling,offroute0,offroute0,15,global_action_repair,Global action,4,31,15,2,2,0,1.0,,0,0,0,1,0,0,1,,0.24086021505376345,,0.480225988700565,450.0,2.0,448.0,0.0044444444444444444,1.0,0.9955555555555555
prediction_loss_decoupling,offroute0,offroute0,15,oracle_fault_model,Oracle,0,31,15,2,2,0,1.0,,1,32,0,32,0,0,0,,0.0,,0.0,2.0,2.0,0.0,1.0,1.0,0.0
prediction_loss_decoupling,offroute0,offroute0,15,oracle_fault_model,Oracle,1,31,15,2,2,0,1.0,,1,32,0,32,0,0,0,,0.0,,0.0,2.0,2.0,0.0,1.0,1.0,0.0
prediction_loss_decoupling,offroute0,offroute0,15,oracle_fault_model,Oracle,2,31,15,2,2,0,1.0,,1,32,0,32,0,0,0,,0.0,,0.0,2.0,2.0,0.0,1.0,1.0,0.0
prediction_loss_decoupling,offroute0,offroute0,15,oracle_fault_model,Oracle,3,31,15,2,2,0,1.0,,1,32,0,32,0,0,0,,0.0,,0.0,2.0,2.0,0.0,1.0,1.0,0.0
prediction_loss_decoupling,offroute0,offroute0,15,oracle_fault_model,Oracle,4,31,15,2,2,0,1.0,,1,32,0,32,0,0,0,,0.0,,0.0,2.0,2.0,0.0,1.0,1.0,0.0
prediction_loss_decoupling,offroute0,offroute0,16,nominal_no_repair,Nominal,0,31,15,2,2,0,1.0,,0,180,169,12,0,1,0,,0.001075268817204301,,0.01765536723163842,0.0,0.0,0.0,1.0,0.0,0.0
prediction_loss_decoupling,offroute0,offroute0,16,nominal_no_repair,Nominal,1,31,15,2,2,0,1.0,,0,180,169,12,0,1,0,,0.001075268817204301,,0.01765536723163842,0.0,0.0,0.0,1.0,0.0,0.0
prediction_loss_decoupling,offroute0,offroute0,16,nominal_no_repair,Nominal,2,31,15,2,2,0,1.0,,0,180,169,12,0,1,0,,0.001075268817204301,,0.01765536723163842,0.0,0.0,0.0,1.0,0.0,0.0
prediction_loss_decoupling,offroute0,offroute0,16,nominal_no_repair,Nominal,3,31,15,2,2,0,1.0,,0,180,169,12,0,1,0,,0.001075268817204301,,0.01765536723163842,0.0,0.0,0.0,1.0,0.0,0.0
prediction_loss_decoupling,offroute0,offroute0,16,nominal_no_repair,Nominal,4,31,15,2,2,0,1.0,,0,180,169,12,0,1,0,,0.001075268817204301,,0.01765536723163842,0.0,0.0,0.0,1.0,0.0,0.0
prediction_loss_decoupling,offroute0,offroute0,16,shield_only,Shield only,0,31,15,2,2,0,1.0,,0,180,169,13,1,1,1,,0.001075268817204301,,0.01765536723163842,0.0,0.0,0.0,1.0,0.0,0.0
prediction_loss_decoupling,offroute0,offroute0,16,shield_only,Shield only,1,31,15,2,2,0,1.0,,0,180,169,12,1,1,1,,0.001075268817204301,,0.01765536723163842,0.0,0.0,0.0,1.0,0.0,0.0
prediction_loss_decoupling,offroute0,offroute0,16,shield_only,Shield only,2,31,15,2,2,0,1.0,,0,180,169,12,1,1,1,,0.001075268817204301,,0.01765536723163842,0.0,0.0,0.0,1.0,0.0,0.0
prediction_loss_decoupling,offroute0,offroute0,16,shield_only,Shield only,3,31,15,2,2,0,1.0,,0,180,169,12,1,1,1,,0.001075268817204301,,0.01765536723163842,0.0,0.0,0.0,1.0,0.0,0.0
prediction_loss_decoupling,offroute0,offroute0,16,shield_only,Shield only,4,31,15,2,2,0,1.0,,0,180,169,12,1,1,1,,0.001075268817204301,,0.01765536723163842,0.0,0.0,0.0,1.0,0.0,0.0
prediction_loss_decoupling,offroute0,offroute0,16,batch_episode_retrain,Batch episode,0,31,15,2,2,0,1.0,,0,180,169,12,0,1,0,,0.001075268817204301,,0.01765536723163842,0.0,0.0,0.0,1.0,0.0,0.0
prediction_loss_decoupling,offroute0,offroute0,16,batch_episode_retrain,Batch episode,1,31,15,2,2,0,1.0,,1,32,0,32,0,0,1,,0.0005376344086021505,,0.00882768361581921,1.0,1.0,0.0,1.0,0.5,0.0
prediction_loss_decoupling,offroute0,offroute0,16,batch_episode_retrain,Batch episode,2,31,15,2,2,0,1.0,,1,32,0,32,0,0,1,,0.0005376344086021505,,0.00882768361581921,1.0,1.0,0.0,1.0,0.5,0.0
prediction_loss_decoupling,offroute0,offroute0,16,batch_episode_retrain,Batch episode,3,31,15,2,2,0,1.0,,1,32,0,32,0,0,1,,0.0005376344086021505,,0.00882768361581921,1.0,1.0,0.0,1.0,0.5,0.0
prediction_loss_decoupling,offroute0,offroute0,16,batch_episode_retrain,Batch episode,4,31,15,2,2,0,1.0,,1,32,0,32,0,0,1,,0.0005376344086021505,,0.00882768361581921,1.0,1.0,0.0,1.0,0.5,0.0
prediction_loss_decoupling,offroute0,offroute0,16,threshold_8,Threshold 8,0,31,15,2,2,0,1.0,,1,40,8,40,0,0,1,,0.0005376344086021505,,0.00882768361581921,1.0,1.0,0.0,1.0,0.5,0.0
prediction_loss_decoupling,offroute0,offroute0,16,threshold_8,Threshold 8,1,31,15,2,2,0,1.0,,1,32,0,32,0,0,1,,0.0005376344086021505,,0.00882768361581921,1.0,1.0,0.0,1.0,0.5,0.0
prediction_loss_decoupling,offroute0,offroute0,16,threshold_8,Threshold 8,2,31,15,2,2,0,1.0,,1,32,0,32,0,0,1,,0.0005376344086021505,,0.00882768361581921,1.0,1.0,0.0,1.0,0.5,0.0
prediction_loss_decoupling,offroute0,offroute0,16,threshold_8,Threshold 8,3,31,15,2,2,0,1.0,,1,32,0,32,0,0,1,,0.0005376344086021505,,0.00882768361581921,1.0,1.0,0.0,1.0,0.5,0.0
prediction_loss_decoupling,offroute0,offroute0,16,threshold_8,Threshold 8,4,31,15,2,2,0,1.0,,1,32,0,32,0,0,1,,0.0005376344086021505,,0.00882768361581921,1.0,1.0,0.0,1.0,0.5,0.0
prediction_loss_decoupling,offroute0,offroute0,16,uncertainty_cost_avoidance,Cost avoidance,0,31,15,2,2,0,1.0,,1,33,1,33,0,0,1,,0.001075268817204301,,0.01765536723163842,0.0,0.0,0.0,1.0,0.0,0.0
prediction_loss_decoupling,offroute0,offroute0,16,uncertainty_cost_avoidance,Cost avoidance,1,31,15,2,2,0,1.0,,1,32,0,32,0,0,1,,0.001075268817204301,,0.01765536723163842,0.0,0.0,0.0,1.0,0.0,0.0
prediction_loss_decoupling,offroute0,offroute0,16,uncertainty_cost_avoidance,Cost avoidance,2,31,15,2,2,0,1.0,,1,32,0,32,0,0,1,,0.001075268817204301,,0.01765536723163842,0.0,0.0,0.0,1.0,0.0,0.0
prediction_loss_decoupling,offroute0,offroute0,16,uncertainty_cost_avoidance,Cost avoidance,3,31,15,2,2,0,1.0,,1,32,0,32,0,0,1,,0.001075268817204301,,0.01765536723163842,0.0,0.0,0.0,1.0,0.0,0.0
prediction_loss_decoupling,offroute0,offroute0,16,uncertainty_cost_avoidance,Cost avoidance,4,31,15,2,2,0,1.0,,1,32,0,32,0,0,1,,0.001075268817204301,,0.01765536723163842,0.0,0.0,0.0,1.0,0.0,0.0
prediction_loss_decoupling,offroute0,offroute0,16,ccra_exact_guard,CCRA exact,0,31,15,2,2,0,1.0,,1,33,1,33,0,0,1,,0.0005376344086021505,,0.00882768361581921,1.0,1.0,0.0,1.0,0.5,0.0
prediction_loss_decoupling,offroute0,offroute0,16,ccra_exact_guard,CCRA exact,1,31,15,2,2,0,1.0,,1,32,0,32,0,0,1,,0.0005376344086021505,,0.00882768361581921,1.0,1.0,0.0,1.0,0.5,0.0
prediction_loss_decoupling,offroute0,offroute0,16,ccra_exact_guard,CCRA exact,2,31,15,2,2,0,1.0,,1,32,0,32,0,0,1,,0.0005376344086021505,,0.00882768361581921,1.0,1.0,0.0,1.0,0.5,0.0
prediction_loss_decoupling,offroute0,offroute0,16,ccra_exact_guard,CCRA exact,3,31,15,2,2,0,1.0,,1,32,0,32,0,0,1,,0.0005376344086021505,,0.00882768361581921,1.0,1.0,0.0,1.0,0.5,0.0
prediction_loss_decoupling,offroute0,offroute0,16,ccra_exact_guard,CCRA exact,4,31,15,2,2,0,1.0,,1,32,0,32,0,0,1,,0.0005376344086021505,,0.00882768361581921,1.0,1.0,0.0,1.0,0.5,0.0
prediction_loss_decoupling,offroute0,offroute0,16,ccra_row_guard,CCRA row,0,31,15,2,2,0,1.0,,1,33,1,33,0,0,1,,0.015053763440860216,,0.24717514124293785,30.0,2.0,28.0,0.06666666666666667,1.0,0.9333333333333333
prediction_loss_decoupling,offroute0,offroute0,16,ccra_row_guard,CCRA row,1,31,15,2,2,0,1.0,,1,32,0,32,0,0,1,,0.015053763440860216,,0.24717514124293785,30.0,2.0,28.0,0.06666666666666667,1.0,0.9333333333333333
prediction_loss_decoupling,offroute0,offroute0,16,ccra_row_guard,CCRA row,2,31,15,2,2,0,1.0,,1,32,0,32,0,0,1,,0.015053763440860216,,0.24717514124293785,30.0,2.0,28.0,0.06666666666666667,1.0,0.9333333333333333
prediction_loss_decoupling,offroute0,offroute0,16,ccra_row_guard,CCRA row,3,31,15,2,2,0,1.0,,1,32,0,32,0,0,1,,0.015053763440860216,,0.24717514124293785,30.0,2.0,28.0,0.06666666666666667,1.0,0.9333333333333333
prediction_loss_decoupling,offroute0,offroute0,16,ccra_row_guard,CCRA row,4,31,15,2,2,0,1.0,,1,32,0,32,0,0,1,,0.015053763440860216,,0.24717514124293785,30.0,2.0,28.0,0.06666666666666667,1.0,0.9333333333333333
prediction_loss_decoupling,offroute0,offroute0,16,global_action_repair,Global action,0,31,15,2,2,0,1.0,,0,14,3,15,0,0,1,,0.24086021505376345,,0.480225988700565,450.0,2.0,448.0,0.0044444444444444444,1.0,0.9955555555555555
prediction_loss_decoupling,offroute0,offroute0,16,global_action_repair,Global action,1,31,15,2,2,0,1.0,,0,0,0,1,0,0,1,,0.24086021505376345,,0.480225988700565,450.0,2.0,448.0,0.0044444444444444444,1.0,0.9955555555555555
prediction_loss_decoupling,offroute0,offroute0,16,global_action_repair,Global action,2,31,15,2,2,0,1.0,,0,0,0,1,0,0,1,,0.24086021505376345,,0.480225988700565,450.0,2.0,448.0,0.0044444444444444444,1.0,0.9955555555555555
prediction_loss_decoupling,offroute0,offroute0,16,global_action_repair,Global action,3,31,15,2,2,0,1.0,,0,0,0,1,0,0,1,,0.24086021505376345,,0.480225988700565,450.0,2.0,448.0,0.0044444444444444444,1.0,0.9955555555555555
prediction_loss_decoupling,offroute0,offroute0,16,global_action_repair,Global action,4,31,15,2,2,0,1.0,,0,0,0,1,0,0,1,,0.24086021505376345,,0.480225988700565,450.0,2.0,448.0,0.0044444444444444444,1.0,0.9955555555555555
prediction_loss_decoupling,offroute0,offroute0,16,oracle_fault_model,Oracle,0,31,15,2,2,0,1.0,,1,32,0,32,0,0,0,,0.0,,0.0,2.0,2.0,0.0,1.0,1.0,0.0
prediction_loss_decoupling,offroute0,offroute0,16,oracle_fault_model,Oracle,1,31,15,2,2,0,1.0,,1,32,0,32,0,0,0,,0.0,,0.0,2.0,2.0,0.0,1.0,1.0,0.0
prediction_loss_decoupling,offroute0,offroute0,16,oracle_fault_model,Oracle,2,31,15,2,2,0,1.0,,1,32,0,32,0,0,0,,0.0,,0.0,2.0,2.0,0.0,1.0,1.0,0.0
prediction_loss_decoupling,offroute0,offroute0,16,oracle_fault_model,Oracle,3,31,15,2,2,0,1.0,,1,32,0,32,0,0,0,,0.0,,0.0,2.0,2.0,0.0,1.0,1.0,0.0
prediction_loss_decoupling,offroute0,offroute0,16,oracle_fault_model,Oracle,4,31,15,2,2,0,1.0,,1,32,0,32,0,0,0,,0.0,,0.0,2.0,2.0,0.0,1.0,1.0,0.0
prediction_loss_decoupling,offroute0,offroute0,17,nominal_no_repair,Nominal,0,31,15,2,2,0,1.0,,0,180,174,7,0,1,0,,0.001075268817204301,,0.01765536723163842,0.0,0.0,0.0,1.0,0.0,0.0
prediction_loss_decoupling,offroute0,offroute0,17,nominal_no_repair,Nominal,1,31,15,2,2,0,1.0,,0,180,174,7,0,1,0,,0.001075268817204301,,0.01765536723163842,0.0,0.0,0.0,1.0,0.0,0.0
prediction_loss_decoupling,offroute0,offroute0,17,nominal_no_repair,Nominal,2,31,15,2,2,0,1.0,,0,180,174,7,0,1,0,,0.001075268817204301,,0.01765536723163842,0.0,0.0,0.0,1.0,0.0,0.0
prediction_loss_decoupling,offroute0,offroute0,17,nominal_no_repair,Nominal,3,31,15,2,2,0,1.0,,0,180,174,7,0,1,0,,0.001075268817204301,,0.01765536723163842,0.0,0.0,0.0,1.0,0.0,0.0
prediction_loss_decoupling,offroute0,offroute0,17,nominal_no_repair,Nominal,4,31,15,2,2,0,1.0,,0,180,174,7,0,1,0,,0.001075268817204301,,0.01765536723163842,0.0,0.0,0.0,1.0,0.0,0.0
prediction_loss_decoupling,offroute0,offroute0,17,shield_only,Shield only,0,31,15,2,2,0,1.0,,0,180,174,8,1,1,1,,0.001075268817204301,,0.01765536723163842,0.0,0.0,0.0,1.0,0.0,0.0
prediction_loss_decoupling,offroute0,offroute0,17,shield_only,Shield only,1,31,15,2,2,0,1.0,,0,180,174,7,1,1,1,,0.001075268817204301,,0.01765536723163842,0.0,0.0,0.0,1.0,0.0,0.0
prediction_loss_decoupling,offroute0,offroute0,17,shield_only,Shield only,2,31,15,2,2,0,1.0,,0,180,174,7,1,1,1,,0.001075268817204301,,0.01765536723163842,0.0,0.0,0.0,1.0,0.0,0.0
prediction_loss_decoupling,offroute0,offroute0,17,shield_only,Shield only,3,31,15,2,2,0,1.0,,0,180,174,7,1,1,1,,0.001075268817204301,,0.01765536723163842,0.0,0.0,0.0,1.0,0.0,0.0
prediction_loss_decoupling,offroute0,offroute0,17,shield_only,Shield only,4,31,15,2,2,0,1.0,,0,180,174,7,1,1,1,,0.001075268817204301,,0.01765536723163842,0.0,0.0,0.0,1.0,0.0,0.0
prediction_loss_decoupling,offroute0,offroute0,17,batch_episode_retrain,Batch episode,0,31,15,2,2,0,1.0,,0,180,174,7,0,1,0,,0.001075268817204301,,0.01765536723163842,0.0,0.0,0.0,1.0,0.0,0.0
prediction_loss_decoupling,offroute0,offroute0,17,batch_episode_retrain,Batch episode,1,31,15,2,2,0,1.0,,1,32,0,32,0,0,1,,0.0005376344086021505,,0.00882768361581921,1.0,1.0,0.0,1.0,0.5,0.0
prediction_loss_decoupling,offroute0,offroute0,17,batch_episode_retrain,Batch episode,2,31,15,2,2,0,1.0,,1,32,0,32,0,0,1,,0.0005376344086021505,,0.00882768361581921,1.0,1.0,0.0,1.0,0.5,0.0
prediction_loss_decoupling,offroute0,offroute0,17,batch_episode_retrain,Batch episode,3,31,15,2,2,0,1.0,,1,32,0,32,0,0,1,,0.0005376344086021505,,0.00882768361581921,1.0,1.0,0.0,1.0,0.5,0.0
prediction_loss_decoupling,offroute0,offroute0,17,batch_episode_retrain,Batch episode,4,31,15,2,2,0,1.0,,1,32,0,32,0,0,1,,0.0005376344086021505,,0.00882768361581921,1.0,1.0,0.0,1.0,0.5,0.0
prediction_loss_decoupling,offroute0,offroute0,17,threshold_8,Threshold 8,0,31,15,2,2,0,1.0,,1,40,8,40,0,0,1,,0.0005376344086021505,,0.00882768361581921,1.0,1.0,0.0,1.0,0.5,0.0
prediction_loss_decoupling,offroute0,offroute0,17,threshold_8,Threshold 8,1,31,15,2,2,0,1.0,,1,32,0,32,0,0,1,,0.0005376344086021505,,0.00882768361581921,1.0,1.0,0.0,1.0,0.5,0.0
prediction_loss_decoupling,offroute0,offroute0,17,threshold_8,Threshold 8,2,31,15,2,2,0,1.0,,1,32,0,32,0,0,1,,0.0005376344086021505,,0.00882768361581921,1.0,1.0,0.0,1.0,0.5,0.0
prediction_loss_decoupling,offroute0,offroute0,17,threshold_8,Threshold 8,3,31,15,2,2,0,1.0,,1,32,0,32,0,0,1,,0.0005376344086021505,,0.00882768361581921,1.0,1.0,0.0,1.0,0.5,0.0
prediction_loss_decoupling,offroute0,offroute0,17,threshold_8,Threshold 8,4,31,15,2,2,0,1.0,,1,32,0,32,0,0,1,,0.0005376344086021505,,0.00882768361581921,1.0,1.0,0.0,1.0,0.5,0.0
prediction_loss_decoupling,offroute0,offroute0,17,uncertainty_cost_avoidance,Cost avoidance,0,31,15,2,2,0,1.0,,1,33,1,33,0,0,1,,0.001075268817204301,,0.01765536723163842,0.0,0.0,0.0,1.0,0.0,0.0
prediction_loss_decoupling,offroute0,offroute0,17,uncertainty_cost_avoidance,Cost avoidance,1,31,15,2,2,0,1.0,,1,32,0,32,0,0,1,,0.001075268817204301,,0.01765536723163842,0.0,0.0,0.0,1.0,0.0,0.0
prediction_loss_decoupling,offroute0,offroute0,17,uncertainty_cost_avoidance,Cost avoidance,2,31,15,2,2,0,1.0,,1,32,0,32,0,0,1,,0.001075268817204301,,0.01765536723163842,0.0,0.0,0.0,1.0,0.0,0.0
prediction_loss_decoupling,offroute0,offroute0,17,uncertainty_cost_avoidance,Cost avoidance,3,31,15,2,2,0,1.0,,1,32,0,32,0,0,1,,0.001075268817204301,,0.01765536723163842,0.0,0.0,0.0,1.0,0.0,0.0
prediction_loss_decoupling,offroute0,offroute0,17,uncertainty_cost_avoidance,Cost avoidance,4,31,15,2,2,0,1.0,,1,32,0,32,0,0,1,,0.001075268817204301,,0.01765536723163842,0.0,0.0,0.0,1.0,0.0,0.0
prediction_loss_decoupling,offroute0,offroute0,17,ccra_exact_guard,CCRA exact,0,31,15,2,2,0,1.0,,1,33,1,33,0,0,1,,0.0005376344086021505,,0.00882768361581921,1.0,1.0,0.0,1.0,0.5,0.0
prediction_loss_decoupling,offroute0,offroute0,17,ccra_exact_guard,CCRA exact,1,31,15,2,2,0,1.0,,1,32,0,32,0,0,1,,0.0005376344086021505,,0.00882768361581921,1.0,1.0,0.0,1.0,0.5,0.0
prediction_loss_decoupling,offroute0,offroute0,17,ccra_exact_guard,CCRA exact,2,31,15,2,2,0,1.0,,1,32,0,32,0,0,1,,0.0005376344086021505,,0.00882768361581921,1.0,1.0,0.0,1.0,0.5,0.0
prediction_loss_decoupling,offroute0,offroute0,17,ccra_exact_guard,CCRA exact,3,31,15,2,2,0,1.0,,1,32,0,32,0,0,1,,0.0005376344086021505,,0.00882768361581921,1.0,1.0,0.0,1.0,0.5,0.0
prediction_loss_decoupling,offroute0,offroute0,17,ccra_exact_guard,CCRA exact,4,31,15,2,2,0,1.0,,1,32,0,32,0,0,1,,0.0005376344086021505,,0.00882768361581921,1.0,1.0,0.0,1.0,0.5,0.0
prediction_loss_decoupling,offroute0,offroute0,17,ccra_row_guard,CCRA row,0,31,15,2,2,0,1.0,,1,33,1,33,0,0,1,,0.015053763440860216,,0.24717514124293785,30.0,2.0,28.0,0.06666666666666667,1.0,0.9333333333333333
prediction_loss_decoupling,offroute0,offroute0,17,ccra_row_guard,CCRA row,1,31,15,2,2,0,1.0,,1,32,0,32,0,0,1,,0.015053763440860216,,0.24717514124293785,30.0,2.0,28.0,0.06666666666666667,1.0,0.9333333333333333
prediction_loss_decoupling,offroute0,offroute0,17,ccra_row_guard,CCRA row,2,31,15,2,2,0,1.0,,1,32,0,32,0,0,1,,0.015053763440860216,,0.24717514124293785,30.0,2.0,28.0,0.06666666666666667,1.0,0.9333333333333333
prediction_loss_decoupling,offroute0,offroute0,17,ccra_row_guard,CCRA row,3,31,15,2,2,0,1.0,,1,32,0,32,0,0,1,,0.015053763440860216,,0.24717514124293785,30.0,2.0,28.0,0.06666666666666667,1.0,0.9333333333333333
prediction_loss_decoupling,offroute0,offroute0,17,ccra_row_guard,CCRA row,4,31,15,2,2,0,1.0,,1,32,0,32,0,0,1,,0.015053763440860216,,0.24717514124293785,30.0,2.0,28.0,0.06666666666666667,1.0,0.9333333333333333
prediction_loss_decoupling,offroute0,offroute0,17,global_action_repair,Global action,0,31,15,2,2,0,1.0,,0,9,3,10,0,0,1,,0.24086021505376345,,0.480225988700565,450.0,2.0,448.0,0.0044444444444444444,1.0,0.9955555555555555
prediction_loss_decoupling,offroute0,offroute0,17,global_action_repair,Global action,1,31,15,2,2,0,1.0,,0,0,0,1,0,0,1,,0.24086021505376345,,0.480225988700565,450.0,2.0,448.0,0.0044444444444444444,1.0,0.9955555555555555
prediction_loss_decoupling,offroute0,offroute0,17,global_action_repair,Global action,2,31,15,2,2,0,1.0,,0,0,0,1,0,0,1,,0.24086021505376345,,0.480225988700565,450.0,2.0,448.0,0.0044444444444444444,1.0,0.9955555555555555
prediction_loss_decoupling,offroute0,offroute0,17,global_action_repair,Global action,3,31,15,2,2,0,1.0,,0,0,0,1,0,0,1,,0.24086021505376345,,0.480225988700565,450.0,2.0,448.0,0.0044444444444444444,1.0,0.9955555555555555
prediction_loss_decoupling,offroute0,offroute0,17,global_action_repair,Global action,4,31,15,2,2,0,1.0,,0,0,0,1,0,0,1,,0.24086021505376345,,0.480225988700565,450.0,2.0,448.0,0.0044444444444444444,1.0,0.9955555555555555
prediction_loss_decoupling,offroute0,offroute0,17,oracle_fault_model,Oracle,0,31,15,2,2,0,1.0,,1,32,0,32,0,0,0,,0.0,,0.0,2.0,2.0,0.0,1.0,1.0,0.0
prediction_loss_decoupling,offroute0,offroute0,17,oracle_fault_model,Oracle,1,31,15,2,2,0,1.0,,1,32,0,32,0,0,0,,0.0,,0.0,2.0,2.0,0.0,1.0,1.0,0.0
prediction_loss_decoupling,offroute0,offroute0,17,oracle_fault_model,Oracle,2,31,15,2,2,0,1.0,,1,32,0,32,0,0,0,,0.0,,0.0,2.0,2.0,0.0,1.0,1.0,0.0
prediction_loss_decoupling,offroute0,offroute0,17,oracle_fault_model,Oracle,3,31,15,2,2,0,1.0,,1,32,0,32,0,0,0,,0.0,,0.0,2.0,2.0,0.0,1.0,1.0,0.0
prediction_loss_decoupling,offroute0,offroute0,17,oracle_fault_model,Oracle,4,31,15,2,2,0,1.0,,1,32,0,32,0,0,0,,0.0,,0.0,2.0,2.0,0.0,1.0,1.0,0.0
prediction_loss_decoupling,offroute0,offroute0,18,nominal_no_repair,Nominal,0,31,15,2,2,0,1.0,,0,180,166,15,0,1,0,,0.001075268817204301,,0.01765536723163842,0.0,0.0,0.0,1.0,0.0,0.0
prediction_loss_decoupling,offroute0,offroute0,18,nominal_no_repair,Nominal,1,31,15,2,2,0,1.0,,0,180,166,15,0,1,0,,0.001075268817204301,,0.01765536723163842,0.0,0.0,0.0,1.0,0.0,0.0
prediction_loss_decoupling,offroute0,offroute0,18,nominal_no_repair,Nominal,2,31,15,2,2,0,1.0,,0,180,166,15,0,1,0,,0.001075268817204301,,0.01765536723163842,0.0,0.0,0.0,1.0,0.0,0.0
prediction_loss_decoupling,offroute0,offroute0,18,nominal_no_repair,Nominal,3,31,15,2,2,0,1.0,,0,180,166,15,0,1,0,,0.001075268817204301,,0.01765536723163842,0.0,0.0,0.0,1.0,0.0,0.0
prediction_loss_decoupling,offroute0,offroute0,18,nominal_no_repair,Nominal,4,31,15,2,2,0,1.0,,0,180,166,15,0,1,0,,0.001075268817204301,,0.01765536723163842,0.0,0.0,0.0,1.0,0.0,0.0
prediction_loss_decoupling,offroute0,offroute0,18,shield_only,Shield only,0,31,15,2,2,0,1.0,,0,180,166,16,1,1,1,,0.001075268817204301,,0.01765536723163842,0.0,0.0,0.0,1.0,0.0,0.0
prediction_loss_decoupling,offroute0,offroute0,18,shield_only,Shield only,1,31,15,2,2,0,1.0,,0,180,166,15,1,1,1,,0.001075268817204301,,0.01765536723163842,0.0,0.0,0.0,1.0,0.0,0.0
prediction_loss_decoupling,offroute0,offroute0,18,shield_only,Shield only,2,31,15,2,2,0,1.0,,0,180,166,15,1,1,1,,0.001075268817204301,,0.01765536723163842,0.0,0.0,0.0,1.0,0.0,0.0
prediction_loss_decoupling,offroute0,offroute0,18,shield_only,Shield only,3,31,15,2,2,0,1.0,,0,180,166,15,1,1,1,,0.001075268817204301,,0.01765536723163842,0.0,0.0,0.0,1.0,0.0,0.0
prediction_loss_decoupling,offroute0,offroute0,18,shield_only,Shield only,4,31,15,2,2,0,1.0,,0,180,166,15,1,1,1,,0.001075268817204301,,0.01765536723163842,0.0,0.0,0.0,1.0,0.0,0.0
prediction_loss_decoupling,offroute0,offroute0,18,batch_episode_retrain,Batch episode,0,31,15,2,2,0,1.0,,0,180,166,15,0,1,0,,0.001075268817204301,,0.01765536723163842,0.0,0.0,0.0,1.0,0.0,0.0
prediction_loss_decoupling,offroute0,offroute0,18,batch_episode_retrain,Batch episode,1,31,15,2,2,0,1.0,,1,32,0,32,0,0,1,,0.0005376344086021505,,0.00882768361581921,1.0,1.0,0.0,1.0,0.5,0.0
prediction_loss_decoupling,offroute0,offroute0,18,batch_episode_retrain,Batch episode,2,31,15,2,2,0,1.0,,1,32,0,32,0,0,1,,0.0005376344086021505,,0.00882768361581921,1.0,1.0,0.0,1.0,0.5,0.0
prediction_loss_decoupling,offroute0,offroute0,18,batch_episode_retrain,Batch episode,3,31,15,2,2,0,1.0,,1,32,0,32,0,0,1,,0.0005376344086021505,,0.00882768361581921,1.0,1.0,0.0,1.0,0.5,0.0
prediction_loss_decoupling,offroute0,offroute0,18,batch_episode_retrain,Batch episode,4,31,15,2,2,0,1.0,,1,32,0,32,0,0,1,,0.0005376344086021505,,0.00882768361581921,1.0,1.0,0.0,1.0,0.5,0.0
prediction_loss_decoupling,offroute0,offroute0,18,threshold_8,Threshold 8,0,31,15,2,2,0,1.0,,1,40,8,40,0,0,1,,0.0005376344086021505,,0.00882768361581921,1.0,1.0,0.0,1.0,0.5,0.0
prediction_loss_decoupling,offroute0,offroute0,18,threshold_8,Threshold 8,1,31,15,2,2,0,1.0,,1,32,0,32,0,0,1,,0.0005376344086021505,,0.00882768361581921,1.0,1.0,0.0,1.0,0.5,0.0
prediction_loss_decoupling,offroute0,offroute0,18,threshold_8,Threshold 8,2,31,15,2,2,0,1.0,,1,32,0,32,0,0,1,,0.0005376344086021505,,0.00882768361581921,1.0,1.0,0.0,1.0,0.5,0.0
prediction_loss_decoupling,offroute0,offroute0,18,threshold_8,Threshold 8,3,31,15,2,2,0,1.0,,1,32,0,32,0,0,1,,0.0005376344086021505,,0.00882768361581921,1.0,1.0,0.0,1.0,0.5,0.0
prediction_loss_decoupling,offroute0,offroute0,18,threshold_8,Threshold 8,4,31,15,2,2,0,1.0,,1,32,0,32,0,0,1,,0.0005376344086021505,,0.00882768361581921,1.0,1.0,0.0,1.0,0.5,0.0
prediction_loss_decoupling,offroute0,offroute0,18,uncertainty_cost_avoidance,Cost avoidance,0,31,15,2,2,0,1.0,,1,33,1,33,0,0,1,,0.001075268817204301,,0.01765536723163842,0.0,0.0,0.0,1.0,0.0,0.0
prediction_loss_decoupling,offroute0,offroute0,18,uncertainty_cost_avoidance,Cost avoidance,1,31,15,2,2,0,1.0,,1,32,0,32,0,0,1,,0.001075268817204301,,0.01765536723163842,0.0,0.0,0.0,1.0,0.0,0.0
prediction_loss_decoupling,offroute0,offroute0,18,uncertainty_cost_avoidance,Cost avoidance,2,31,15,2,2,0,1.0,,1,32,0,32,0,0,1,,0.001075268817204301,,0.01765536723163842,0.0,0.0,0.0,1.0,0.0,0.0
prediction_loss_decoupling,offroute0,offroute0,18,uncertainty_cost_avoidance,Cost avoidance,3,31,15,2,2,0,1.0,,1,32,0,32,0,0,1,,0.001075268817204301,,0.01765536723163842,0.0,0.0,0.0,1.0,0.0,0.0
prediction_loss_decoupling,offroute0,offroute0,18,uncertainty_cost_avoidance,Cost avoidance,4,31,15,2,2,0,1.0,,1,32,0,32,0,0,1,,0.001075268817204301,,0.01765536723163842,0.0,0.0,0.0,1.0,0.0,0.0
prediction_loss_decoupling,offroute0,offroute0,18,ccra_exact_guard,CCRA exact,0,31,15,2,2,0,1.0,,1,33,1,33,0,0,1,,0.0005376344086021505,,0.00882768361581921,1.0,1.0,0.0,1.0,0.5,0.0
prediction_loss_decoupling,offroute0,offroute0,18,ccra_exact_guard,CCRA exact,1,31,15,2,2,0,1.0,,1,32,0,32,0,0,1,,0.0005376344086021505,,0.00882768361581921,1.0,1.0,0.0,1.0,0.5,0.0
prediction_loss_decoupling,offroute0,offroute0,18,ccra_exact_guard,CCRA exact,2,31,15,2,2,0,1.0,,1,32,0,32,0,0,1,,0.0005376344086021505,,0.00882768361581921,1.0,1.0,0.0,1.0,0.5,0.0
prediction_loss_decoupling,offroute0,offroute0,18,ccra_exact_guard,CCRA exact,3,31,15,2,2,0,1.0,,1,32,0,32,0,0,1,,0.0005376344086021505,,0.00882768361581921,1.0,1.0,0.0,1.0,0.5,0.0
prediction_loss_decoupling,offroute0,offroute0,18,ccra_exact_guard,CCRA exact,4,31,15,2,2,0,1.0,,1,32,0,32,0,0,1,,0.0005376344086021505,,0.00882768361581921,1.0,1.0,0.0,1.0,0.5,0.0
prediction_loss_decoupling,offroute0,offroute0,18,ccra_row_guard,CCRA row,0,31,15,2,2,0,1.0,,1,33,1,33,0,0,1,,0.015053763440860216,,0.24717514124293785,30.0,2.0,28.0,0.06666666666666667,1.0,0.9333333333333333
prediction_loss_decoupling,offroute0,offroute0,18,ccra_row_guard,CCRA row,1,31,15,2,2,0,1.0,,1,32,0,32,0,0,1,,0.015053763440860216,,0.24717514124293785,30.0,2.0,28.0,0.06666666666666667,1.0,0.9333333333333333
prediction_loss_decoupling,offroute0,offroute0,18,ccra_row_guard,CCRA row,2,31,15,2,2,0,1.0,,1,32,0,32,0,0,1,,0.015053763440860216,,0.24717514124293785,30.0,2.0,28.0,0.06666666666666667,1.0,0.9333333333333333
prediction_loss_decoupling,offroute0,offroute0,18,ccra_row_guard,CCRA row,3,31,15,2,2,0,1.0,,1,32,0,32,0,0,1,,0.015053763440860216,,0.24717514124293785,30.0,2.0,28.0,0.06666666666666667,1.0,0.9333333333333333
prediction_loss_decoupling,offroute0,offroute0,18,ccra_row_guard,CCRA row,4,31,15,2,2,0,1.0,,1,32,0,32,0,0,1,,0.015053763440860216,,0.24717514124293785,30.0,2.0,28.0,0.06666666666666667,1.0,0.9333333333333333
prediction_loss_decoupling,offroute0,offroute0,18,global_action_repair,Global action,0,31,15,2,2,0,1.0,,0,17,3,18,0,0,1,,0.24086021505376345,,0.480225988700565,450.0,2.0,448.0,0.0044444444444444444,1.0,0.9955555555555555
prediction_loss_decoupling,offroute0,offroute0,18,global_action_repair,Global action,1,31,15,2,2,0,1.0,,0,0,0,1,0,0,1,,0.24086021505376345,,0.480225988700565,450.0,2.0,448.0,0.0044444444444444444,1.0,0.9955555555555555
prediction_loss_decoupling,offroute0,offroute0,18,global_action_repair,Global action,2,31,15,2,2,0,1.0,,0,0,0,1,0,0,1,,0.24086021505376345,,0.480225988700565,450.0,2.0,448.0,0.0044444444444444444,1.0,0.9955555555555555
prediction_loss_decoupling,offroute0,offroute0,18,global_action_repair,Global action,3,31,15,2,2,0,1.0,,0,0,0,1,0,0,1,,0.24086021505376345,,0.480225988700565,450.0,2.0,448.0,0.0044444444444444444,1.0,0.9955555555555555
prediction_loss_decoupling,offroute0,offroute0,18,global_action_repair,Global action,4,31,15,2,2,0,1.0,,0,0,0,1,0,0,1,,0.24086021505376345,,0.480225988700565,450.0,2.0,448.0,0.0044444444444444444,1.0,0.9955555555555555
prediction_loss_decoupling,offroute0,offroute0,18,oracle_fault_model,Oracle,0,31,15,2,2,0,1.0,,1,32,0,32,0,0,0,,0.0,,0.0,2.0,2.0,0.0,1.0,1.0,0.0
prediction_loss_decoupling,offroute0,offroute0,18,oracle_fault_model,Oracle,1,31,15,2,2,0,1.0,,1,32,0,32,0,0,0,,0.0,,0.0,2.0,2.0,0.0,1.0,1.0,0.0
prediction_loss_decoupling,offroute0,offroute0,18,oracle_fault_model,Oracle,2,31,15,2,2,0,1.0,,1,32,0,32,0,0,0,,0.0,,0.0,2.0,2.0,0.0,1.0,1.0,0.0
prediction_loss_decoupling,offroute0,offroute0,18,oracle_fault_model,Oracle,3,31,15,2,2,0,1.0,,1,32,0,32,0,0,0,,0.0,,0.0,2.0,2.0,0.0,1.0,1.0,0.0
prediction_loss_decoupling,offroute0,offroute0,18,oracle_fault_model,Oracle,4,31,15,2,2,0,1.0,,1,32,0,32,0,0,0,,0.0,,0.0,2.0,2.0,0.0,1.0,1.0,0.0
prediction_loss_decoupling,offroute0,offroute0,19,nominal_no_repair,Nominal,0,31,15,2,2,0,1.0,,0,180,157,24,0,1,0,,0.001075268817204301,,0.01765536723163842,0.0,0.0,0.0,1.0,0.0,0.0
prediction_loss_decoupling,offroute0,offroute0,19,nominal_no_repair,Nominal,1,31,15,2,2,0,1.0,,0,180,157,24,0,1,0,,0.001075268817204301,,0.01765536723163842,0.0,0.0,0.0,1.0,0.0,0.0
prediction_loss_decoupling,offroute0,offroute0,19,nominal_no_repair,Nominal,2,31,15,2,2,0,1.0,,0,180,157,24,0,1,0,,0.001075268817204301,,0.01765536723163842,0.0,0.0,0.0,1.0,0.0,0.0
prediction_loss_decoupling,offroute0,offroute0,19,nominal_no_repair,Nominal,3,31,15,2,2,0,1.0,,0,180,157,24,0,1,0,,0.001075268817204301,,0.01765536723163842,0.0,0.0,0.0,1.0,0.0,0.0
prediction_loss_decoupling,offroute0,offroute0,19,nominal_no_repair,Nominal,4,31,15,2,2,0,1.0,,0,180,157,24,0,1,0,,0.001075268817204301,,0.01765536723163842,0.0,0.0,0.0,1.0,0.0,0.0
prediction_loss_decoupling,offroute0,offroute0,19,shield_only,Shield only,0,31,15,2,2,0,1.0,,0,180,157,25,1,1,1,,0.001075268817204301,,0.01765536723163842,0.0,0.0,0.0,1.0,0.0,0.0
prediction_loss_decoupling,offroute0,offroute0,19,shield_only,Shield only,1,31,15,2,2,0,1.0,,0,180,157,24,1,1,1,,0.001075268817204301,,0.01765536723163842,0.0,0.0,0.0,1.0,0.0,0.0
prediction_loss_decoupling,offroute0,offroute0,19,shield_only,Shield only,2,31,15,2,2,0,1.0,,0,180,157,24,1,1,1,,0.001075268817204301,,0.01765536723163842,0.0,0.0,0.0,1.0,0.0,0.0
prediction_loss_decoupling,offroute0,offroute0,19,shield_only,Shield only,3,31,15,2,2,0,1.0,,0,180,157,24,1,1,1,,0.001075268817204301,,0.01765536723163842,0.0,0.0,0.0,1.0,0.0,0.0
prediction_loss_decoupling,offroute0,offroute0,19,shield_only,Shield only,4,31,15,2,2,0,1.0,,0,180,157,24,1,1,1,,0.001075268817204301,,0.01765536723163842,0.0,0.0,0.0,1.0,0.0,0.0
prediction_loss_decoupling,offroute0,offroute0,19,batch_episode_retrain,Batch episode,0,31,15,2,2,0,1.0,,0,180,157,24,0,1,0,,0.001075268817204301,,0.01765536723163842,0.0,0.0,0.0,1.0,0.0,0.0
prediction_loss_decoupling,offroute0,offroute0,19,batch_episode_retrain,Batch episode,1,31,15,2,2,0,1.0,,1,32,0,32,0,0,1,,0.0005376344086021505,,0.00882768361581921,1.0,1.0,0.0,1.0,0.5,0.0
prediction_loss_decoupling,offroute0,offroute0,19,batch_episode_retrain,Batch episode,2,31,15,2,2,0,1.0,,1,32,0,32,0,0,1,,0.0005376344086021505,,0.00882768361581921,1.0,1.0,0.0,1.0,0.5,0.0
prediction_loss_decoupling,offroute0,offroute0,19,batch_episode_retrain,Batch episode,3,31,15,2,2,0,1.0,,1,32,0,32,0,0,1,,0.0005376344086021505,,0.00882768361581921,1.0,1.0,0.0,1.0,0.5,0.0
prediction_loss_decoupling,offroute0,offroute0,19,batch_episode_retrain,Batch episode,4,31,15,2,2,0,1.0,,1,32,0,32,0,0,1,,0.0005376344086021505,,0.00882768361581921,1.0,1.0,0.0,1.0,0.5,0.0
prediction_loss_decoupling,offroute0,offroute0,19,threshold_8,Threshold 8,0,31,15,2,2,0,1.0,,1,40,8,40,0,0,1,,0.0005376344086021505,,0.00882768361581921,1.0,1.0,0.0,1.0,0.5,0.0
prediction_loss_decoupling,offroute0,offroute0,19,threshold_8,Threshold 8,1,31,15,2,2,0,1.0,,1,32,0,32,0,0,1,,0.0005376344086021505,,0.00882768361581921,1.0,1.0,0.0,1.0,0.5,0.0
prediction_loss_decoupling,offroute0,offroute0,19,threshold_8,Threshold 8,2,31,15,2,2,0,1.0,,1,32,0,32,0,0,1,,0.0005376344086021505,,0.00882768361581921,1.0,1.0,0.0,1.0,0.5,0.0
prediction_loss_decoupling,offroute0,offroute0,19,threshold_8,Threshold 8,3,31,15,2,2,0,1.0,,1,32,0,32,0,0,1,,0.0005376344086021505,,0.00882768361581921,1.0,1.0,0.0,1.0,0.5,0.0
prediction_loss_decoupling,offroute0,offroute0,19,threshold_8,Threshold 8,4,31,15,2,2,0,1.0,,1,32,0,32,0,0,1,,0.0005376344086021505,,0.00882768361581921,1.0,1.0,0.0,1.0,0.5,0.0
prediction_loss_decoupling,offroute0,offroute0,19,uncertainty_cost_avoidance,Cost avoidance,0,31,15,2,2,0,1.0,,1,33,1,33,0,0,1,,0.001075268817204301,,0.01765536723163842,0.0,0.0,0.0,1.0,0.0,0.0
prediction_loss_decoupling,offroute0,offroute0,19,uncertainty_cost_avoidance,Cost avoidance,1,31,15,2,2,0,1.0,,1,32,0,32,0,0,1,,0.001075268817204301,,0.01765536723163842,0.0,0.0,0.0,1.0,0.0,0.0
prediction_loss_decoupling,offroute0,offroute0,19,uncertainty_cost_avoidance,Cost avoidance,2,31,15,2,2,0,1.0,,1,32,0,32,0,0,1,,0.001075268817204301,,0.01765536723163842,0.0,0.0,0.0,1.0,0.0,0.0
prediction_loss_decoupling,offroute0,offroute0,19,uncertainty_cost_avoidance,Cost avoidance,3,31,15,2,2,0,1.0,,1,32,0,32,0,0,1,,0.001075268817204301,,0.01765536723163842,0.0,0.0,0.0,1.0,0.0,0.0
prediction_loss_decoupling,offroute0,offroute0,19,uncertainty_cost_avoidance,Cost avoidance,4,31,15,2,2,0,1.0,,1,32,0,32,0,0,1,,0.001075268817204301,,0.01765536723163842,0.0,0.0,0.0,1.0,0.0,0.0
prediction_loss_decoupling,offroute0,offroute0,19,ccra_exact_guard,CCRA exact,0,31,15,2,2,0,1.0,,1,33,1,33,0,0,1,,0.0005376344086021505,,0.00882768361581921,1.0,1.0,0.0,1.0,0.5,0.0
prediction_loss_decoupling,offroute0,offroute0,19,ccra_exact_guard,CCRA exact,1,31,15,2,2,0,1.0,,1,32,0,32,0,0,1,,0.0005376344086021505,,0.00882768361581921,1.0,1.0,0.0,1.0,0.5,0.0
prediction_loss_decoupling,offroute0,offroute0,19,ccra_exact_guard,CCRA exact,2,31,15,2,2,0,1.0,,1,32,0,32,0,0,1,,0.0005376344086021505,,0.00882768361581921,1.0,1.0,0.0,1.0,0.5,0.0
prediction_loss_decoupling,offroute0,offroute0,19,ccra_exact_guard,CCRA exact,3,31,15,2,2,0,1.0,,1,32,0,32,0,0,1,,0.0005376344086021505,,0.00882768361581921,1.0,1.0,0.0,1.0,0.5,0.0
prediction_loss_decoupling,offroute0,offroute0,19,ccra_exact_guard,CCRA exact,4,31,15,2,2,0,1.0,,1,32,0,32,0,0,1,,0.0005376344086021505,,0.00882768361581921,1.0,1.0,0.0,1.0,0.5,0.0
prediction_loss_decoupling,offroute0,offroute0,19,ccra_row_guard,CCRA row,0,31,15,2,2,0,1.0,,1,33,1,33,0,0,1,,0.015053763440860216,,0.24717514124293785,30.0,2.0,28.0,0.06666666666666667,1.0,0.9333333333333333
prediction_loss_decoupling,offroute0,offroute0,19,ccra_row_guard,CCRA row,1,31,15,2,2,0,1.0,,1,32,0,32,0,0,1,,0.015053763440860216,,0.24717514124293785,30.0,2.0,28.0,0.06666666666666667,1.0,0.9333333333333333
prediction_loss_decoupling,offroute0,offroute0,19,ccra_row_guard,CCRA row,2,31,15,2,2,0,1.0,,1,32,0,32,0,0,1,,0.015053763440860216,,0.24717514124293785,30.0,2.0,28.0,0.06666666666666667,1.0,0.9333333333333333
prediction_loss_decoupling,offroute0,offroute0,19,ccra_row_guard,CCRA row,3,31,15,2,2,0,1.0,,1,32,0,32,0,0,1,,0.015053763440860216,,0.24717514124293785,30.0,2.0,28.0,0.06666666666666667,1.0,0.9333333333333333
prediction_loss_decoupling,offroute0,offroute0,19,ccra_row_guard,CCRA row,4,31,15,2,2,0,1.0,,1,32,0,32,0,0,1,,0.015053763440860216,,0.24717514124293785,30.0,2.0,28.0,0.06666666666666667,1.0,0.9333333333333333
prediction_loss_decoupling,offroute0,offroute0,19,global_action_repair,Global action,0,31,15,2,2,0,1.0,,0,26,3,27,0,0,1,,0.24086021505376345,,0.480225988700565,450.0,2.0,448.0,0.0044444444444444444,1.0,0.9955555555555555
prediction_loss_decoupling,offroute0,offroute0,19,global_action_repair,Global action,1,31,15,2,2,0,1.0,,0,0,0,1,0,0,1,,0.24086021505376345,,0.480225988700565,450.0,2.0,448.0,0.0044444444444444444,1.0,0.9955555555555555
prediction_loss_decoupling,offroute0,offroute0,19,global_action_repair,Global action,2,31,15,2,2,0,1.0,,0,0,0,1,0,0,1,,0.24086021505376345,,0.480225988700565,450.0,2.0,448.0,0.0044444444444444444,1.0,0.9955555555555555
prediction_loss_decoupling,offroute0,offroute0,19,global_action_repair,Global action,3,31,15,2,2,0,1.0,,0,0,0,1,0,0,1,,0.24086021505376345,,0.480225988700565,450.0,2.0,448.0,0.0044444444444444444,1.0,0.9955555555555555
prediction_loss_decoupling,offroute0,offroute0,19,global_action_repair,Global action,4,31,15,2,2,0,1.0,,0,0,0,1,0,0,1,,0.24086021505376345,,0.480225988700565,450.0,2.0,448.0,0.0044444444444444444,1.0,0.9955555555555555
prediction_loss_decoupling,offroute0,offroute0,19,oracle_fault_model,Oracle,0,31,15,2,2,0,1.0,,1,32,0,32,0,0,0,,0.0,,0.0,2.0,2.0,0.0,1.0,1.0,0.0
prediction_loss_decoupling,offroute0,offroute0,19,oracle_fault_model,Oracle,1,31,15,2,2,0,1.0,,1,32,0,32,0,0,0,,0.0,,0.0,2.0,2.0,0.0,1.0,1.0,0.0
prediction_loss_decoupling,offroute0,offroute0,19,oracle_fault_model,Oracle,2,31,15,2,2,0,1.0,,1,32,0,32,0,0,0,,0.0,,0.0,2.0,2.0,0.0,1.0,1.0,0.0
prediction_loss_decoupling,offroute0,offroute0,19,oracle_fault_model,Oracle,3,31,15,2,2,0,1.0,,1,32,0,32,0,0,0,,0.0,,0.0,2.0,2.0,0.0,1.0,1.0,0.0
prediction_loss_decoupling,offroute0,offroute0,19,oracle_fault_model,Oracle,4,31,15,2,2,0,1.0,,1,32,0,32,0,0,0,,0.0,,0.0,2.0,2.0,0.0,1.0,1.0,0.0
prediction_loss_decoupling,offroute5,offroute5,0,nominal_no_repair,Nominal,0,31,15,2,7,5,1.0,,0,180,173,8,0,1,0,,0.003763440860215054,,0.020833333333333332,0.0,0.0,0.0,1.0,0.0,0.0
prediction_loss_decoupling,offroute5,offroute5,0,nominal_no_repair,Nominal,1,31,15,2,7,5,1.0,,0,180,173,8,0,1,0,,0.003763440860215054,,0.020833333333333332,0.0,0.0,0.0,1.0,0.0,0.0
prediction_loss_decoupling,offroute5,offroute5,0,nominal_no_repair,Nominal,2,31,15,2,7,5,1.0,,0,180,173,8,0,1,0,,0.003763440860215054,,0.020833333333333332,0.0,0.0,0.0,1.0,0.0,0.0
prediction_loss_decoupling,offroute5,offroute5,0,nominal_no_repair,Nominal,3,31,15,2,7,5,1.0,,0,180,173,8,0,1,0,,0.003763440860215054,,0.020833333333333332,0.0,0.0,0.0,1.0,0.0,0.0
prediction_loss_decoupling,offroute5,offroute5,0,nominal_no_repair,Nominal,4,31,15,2,7,5,1.0,,0,180,173,8,0,1,0,,0.003763440860215054,,0.020833333333333332,0.0,0.0,0.0,1.0,0.0,0.0
prediction_loss_decoupling,offroute5,offroute5,0,shield_only,Shield only,0,31,15,2,7,5,1.0,,0,180,173,9,1,1,1,,0.003763440860215054,,0.020833333333333332,0.0,0.0,0.0,1.0,0.0,0.0
prediction_loss_decoupling,offroute5,offroute5,0,shield_only,Shield only,1,31,15,2,7,5,1.0,,0,180,173,8,1,1,1,,0.003763440860215054,,0.020833333333333332,0.0,0.0,0.0,1.0,0.0,0.0
prediction_loss_decoupling,offroute5,offroute5,0,shield_only,Shield only,2,31,15,2,7,5,1.0,,0,180,173,8,1,1,1,,0.003763440860215054,,0.020833333333333332,0.0,0.0,0.0,1.0,0.0,0.0
prediction_loss_decoupling,offroute5,offroute5,0,shield_only,Shield only,3,31,15,2,7,5,1.0,,0,180,173,8,1,1,1,,0.003763440860215054,,0.020833333333333332,0.0,0.0,0.0,1.0,0.0,0.0
prediction_loss_decoupling,offroute5,offroute5,0,shield_only,Shield only,4,31,15,2,7,5,1.0,,0,180,173,8,1,1,1,,0.003763440860215054,,0.020833333333333332,0.0,0.0,0.0,1.0,0.0,0.0
prediction_loss_decoupling,offroute5,offroute5,0,batch_episode_retrain,Batch episode,0,31,15,2,7,5,1.0,,0,180,173,8,0,1,0,,0.003763440860215054,,0.020833333333333332,0.0,0.0,0.0,1.0,0.0,0.0
prediction_loss_decoupling,offroute5,offroute5,0,batch_episode_retrain,Batch episode,1,31,15,2,7,5,1.0,,1,32,0,32,0,0,1,,0.0032258064516129032,,0.012005649717514125,1.0,1.0,0.0,1.0,0.14285714285714285,0.0
prediction_loss_decoupling,offroute5,offroute5,0,batch_episode_retrain,Batch episode,2,31,15,2,7,5,1.0,,1,32,0,32,0,0,1,,0.0032258064516129032,,0.012005649717514125,1.0,1.0,0.0,1.0,0.14285714285714285,0.0
prediction_loss_decoupling,offroute5,offroute5,0,batch_episode_retrain,Batch episode,3,31,15,2,7,5,1.0,,1,32,0,32,0,0,1,,0.0032258064516129032,,0.012005649717514125,1.0,1.0,0.0,1.0,0.14285714285714285,0.0
prediction_loss_decoupling,offroute5,offroute5,0,batch_episode_retrain,Batch episode,4,31,15,2,7,5,1.0,,1,32,0,32,0,0,1,,0.0032258064516129032,,0.012005649717514125,1.0,1.0,0.0,1.0,0.14285714285714285,0.0
prediction_loss_decoupling,offroute5,offroute5,0,threshold_8,Threshold 8,0,31,15,2,7,5,1.0,,1,40,8,40,0,0,1,,0.0032258064516129032,,0.012005649717514125,1.0,1.0,0.0,1.0,0.14285714285714285,0.0
prediction_loss_decoupling,offroute5,offroute5,0,threshold_8,Threshold 8,1,31,15,2,7,5,1.0,,1,32,0,32,0,0,1,,0.0032258064516129032,,0.012005649717514125,1.0,1.0,0.0,1.0,0.14285714285714285,0.0
prediction_loss_decoupling,offroute5,offroute5,0,threshold_8,Threshold 8,2,31,15,2,7,5,1.0,,1,32,0,32,0,0,1,,0.0032258064516129032,,0.012005649717514125,1.0,1.0,0.0,1.0,0.14285714285714285,0.0
prediction_loss_decoupling,offroute5,offroute5,0,threshold_8,Threshold 8,3,31,15,2,7,5,1.0,,1,32,0,32,0,0,1,,0.0032258064516129032,,0.012005649717514125,1.0,1.0,0.0,1.0,0.14285714285714285,0.0
prediction_loss_decoupling,offroute5,offroute5,0,threshold_8,Threshold 8,4,31,15,2,7,5,1.0,,1,32,0,32,0,0,1,,0.0032258064516129032,,0.012005649717514125,1.0,1.0,0.0,1.0,0.14285714285714285,0.0
prediction_loss_decoupling,offroute5,offroute5,0,uncertainty_cost_avoidance,Cost avoidance,0,31,15,2,7,5,1.0,,1,33,1,33,0,0,1,,0.003763440860215054,,0.020833333333333332,0.0,0.0,0.0,1.0,0.0,0.0
prediction_loss_decoupling,offroute5,offroute5,0,uncertainty_cost_avoidance,Cost avoidance,1,31,15,2,7,5,1.0,,1,32,0,32,0,0,1,,0.003763440860215054,,0.020833333333333332,0.0,0.0,0.0,1.0,0.0,0.0
prediction_loss_decoupling,offroute5,offroute5,0,uncertainty_cost_avoidance,Cost avoidance,2,31,15,2,7,5,1.0,,1,32,0,32,0,0,1,,0.003763440860215054,,0.020833333333333332,0.0,0.0,0.0,1.0,0.0,0.0
prediction_loss_decoupling,offroute5,offroute5,0,uncertainty_cost_avoidance,Cost avoidance,3,31,15,2,7,5,1.0,,1,32,0,32,0,0,1,,0.003763440860215054,,0.020833333333333332,0.0,0.0,0.0,1.0,0.0,0.0
prediction_loss_decoupling,offroute5,offroute5,0,uncertainty_cost_avoidance,Cost avoidance,4,31,15,2,7,5,1.0,,1,32,0,32,0,0,1,,0.003763440860215054,,0.020833333333333332,0.0,0.0,0.0,1.0,0.0,0.0
prediction_loss_decoupling,offroute5,offroute5,0,ccra_exact_guard,CCRA exact,0,31,15,2,7,5,1.0,,1,33,1,33,0,0,1,,0.0032258064516129032,,0.012005649717514125,1.0,1.0,0.0,1.0,0.14285714285714285,0.0
prediction_loss_decoupling,offroute5,offroute5,0,ccra_exact_guard,CCRA exact,1,31,15,2,7,5,1.0,,1,32,0,32,0,0,1,,0.0032258064516129032,,0.012005649717514125,1.0,1.0,0.0,1.0,0.14285714285714285,0.0
prediction_loss_decoupling,offroute5,offroute5,0,ccra_exact_guard,CCRA exact,2,31,15,2,7,5,1.0,,1,32,0,32,0,0,1,,0.0032258064516129032,,0.012005649717514125,1.0,1.0,0.0,1.0,0.14285714285714285,0.0
prediction_loss_decoupling,offroute5,offroute5,0,ccra_exact_guard,CCRA exact,3,31,15,2,7,5,1.0,,1,32,0,32,0,0,1,,0.0032258064516129032,,0.012005649717514125,1.0,1.0,0.0,1.0,0.14285714285714285,0.0
prediction_loss_decoupling,offroute5,offroute5,0,ccra_exact_guard,CCRA exact,4,31,15,2,7,5,1.0,,1,32,0,32,0,0,1,,0.0032258064516129032,,0.012005649717514125,1.0,1.0,0.0,1.0,0.14285714285714285,0.0
prediction_loss_decoupling,offroute5,offroute5,0,ccra_row_guard,CCRA row,0,31,15,2,7,5,1.0,,1,33,1,33,0,0,1,,0.017741935483870968,,0.2503531073446328,30.0,2.0,28.0,0.06666666666666667,0.2857142857142857,0.9333333333333333
prediction_loss_decoupling,offroute5,offroute5,0,ccra_row_guard,CCRA row,1,31,15,2,7,5,1.0,,1,32,0,32,0,0,1,,0.017741935483870968,,0.2503531073446328,30.0,2.0,28.0,0.06666666666666667,0.2857142857142857,0.9333333333333333
prediction_loss_decoupling,offroute5,offroute5,0,ccra_row_guard,CCRA row,2,31,15,2,7,5,1.0,,1,32,0,32,0,0,1,,0.017741935483870968,,0.2503531073446328,30.0,2.0,28.0,0.06666666666666667,0.2857142857142857,0.9333333333333333
prediction_loss_decoupling,offroute5,offroute5,0,ccra_row_guard,CCRA row,3,31,15,2,7,5,1.0,,1,32,0,32,0,0,1,,0.017741935483870968,,0.2503531073446328,30.0,2.0,28.0,0.06666666666666667,0.2857142857142857,0.9333333333333333
prediction_loss_decoupling,offroute5,offroute5,0,ccra_row_guard,CCRA row,4,31,15,2,7,5,1.0,,1,32,0,32,0,0,1,,0.017741935483870968,,0.2503531073446328,30.0,2.0,28.0,0.06666666666666667,0.2857142857142857,0.9333333333333333
prediction_loss_decoupling,offroute5,offroute5,0,global_action_repair,Global action,0,31,15,2,7,5,1.0,,0,10,3,11,0,0,1,,0.23817204301075268,,0.4770480225988701,450.0,7.0,443.0,0.015555555555555555,1.0,0.9844444444444445
prediction_loss_decoupling,offroute5,offroute5,0,global_action_repair,Global action,1,31,15,2,7,5,1.0,,0,0,0,1,0,0,1,,0.23817204301075268,,0.4770480225988701,450.0,7.0,443.0,0.015555555555555555,1.0,0.9844444444444445
prediction_loss_decoupling,offroute5,offroute5,0,global_action_repair,Global action,2,31,15,2,7,5,1.0,,0,0,0,1,0,0,1,,0.23817204301075268,,0.4770480225988701,450.0,7.0,443.0,0.015555555555555555,1.0,0.9844444444444445
prediction_loss_decoupling,offroute5,offroute5,0,global_action_repair,Global action,3,31,15,2,7,5,1.0,,0,0,0,1,0,0,1,,0.23817204301075268,,0.4770480225988701,450.0,7.0,443.0,0.015555555555555555,1.0,0.9844444444444445
prediction_loss_decoupling,offroute5,offroute5,0,global_action_repair,Global action,4,31,15,2,7,5,1.0,,0,0,0,1,0,0,1,,0.23817204301075268,,0.4770480225988701,450.0,7.0,443.0,0.015555555555555555,1.0,0.9844444444444445
prediction_loss_decoupling,offroute5,offroute5,0,oracle_fault_model,Oracle,0,31,15,2,7,5,1.0,,1,32,0,32,0,0,0,,0.0,,0.0,7.0,7.0,0.0,1.0,1.0,0.0
prediction_loss_decoupling,offroute5,offroute5,0,oracle_fault_model,Oracle,1,31,15,2,7,5,1.0,,1,32,0,32,0,0,0,,0.0,,0.0,7.0,7.0,0.0,1.0,1.0,0.0
prediction_loss_decoupling,offroute5,offroute5,0,oracle_fault_model,Oracle,2,31,15,2,7,5,1.0,,1,32,0,32,0,0,0,,0.0,,0.0,7.0,7.0,0.0,1.0,1.0,0.0
prediction_loss_decoupling,offroute5,offroute5,0,oracle_fault_model,Oracle,3,31,15,2,7,5,1.0,,1,32,0,32,0,0,0,,0.0,,0.0,7.0,7.0,0.0,1.0,1.0,0.0
prediction_loss_decoupling,offroute5,offroute5,0,oracle_fault_model,Oracle,4,31,15,2,7,5,1.0,,1,32,0,32,0,0,0,,0.0,,0.0,7.0,7.0,0.0,1.0,1.0,0.0
prediction_loss_decoupling,offroute5,offroute5,1,nominal_no_repair,Nominal,0,31,15,2,7,5,1.0,,0,180,172,9,0,1,0,,0.003763440860215054,,0.01942090395480226,0.0,0.0,0.0,1.0,0.0,0.0
prediction_loss_decoupling,offroute5,offroute5,1,nominal_no_repair,Nominal,1,31,15,2,7,5,1.0,,0,180,172,9,0,1,0,,0.003763440860215054,,0.01942090395480226,0.0,0.0,0.0,1.0,0.0,0.0
prediction_loss_decoupling,offroute5,offroute5,1,nominal_no_repair,Nominal,2,31,15,2,7,5,1.0,,0,180,172,9,0,1,0,,0.003763440860215054,,0.01942090395480226,0.0,0.0,0.0,1.0,0.0,0.0
prediction_loss_decoupling,offroute5,offroute5,1,nominal_no_repair,Nominal,3,31,15,2,7,5,1.0,,0,180,172,9,0,1,0,,0.003763440860215054,,0.01942090395480226,0.0,0.0,0.0,1.0,0.0,0.0
prediction_loss_decoupling,offroute5,offroute5,1,nominal_no_repair,Nominal,4,31,15,2,7,5,1.0,,0,180,172,9,0,1,0,,0.003763440860215054,,0.01942090395480226,0.0,0.0,0.0,1.0,0.0,0.0
prediction_loss_decoupling,offroute5,offroute5,1,shield_only,Shield only,0,31,15,2,7,5,1.0,,0,180,172,10,1,1,1,,0.003763440860215054,,0.01942090395480226,0.0,0.0,0.0,1.0,0.0,0.0
prediction_loss_decoupling,offroute5,offroute5,1,shield_only,Shield only,1,31,15,2,7,5,1.0,,0,180,172,9,1,1,1,,0.003763440860215054,,0.01942090395480226,0.0,0.0,0.0,1.0,0.0,0.0
prediction_loss_decoupling,offroute5,offroute5,1,shield_only,Shield only,2,31,15,2,7,5,1.0,,0,180,172,9,1,1,1,,0.003763440860215054,,0.01942090395480226,0.0,0.0,0.0,1.0,0.0,0.0
prediction_loss_decoupling,offroute5,offroute5,1,shield_only,Shield only,3,31,15,2,7,5,1.0,,0,180,172,9,1,1,1,,0.003763440860215054,,0.01942090395480226,0.0,0.0,0.0,1.0,0.0,0.0
prediction_loss_decoupling,offroute5,offroute5,1,shield_only,Shield only,4,31,15,2,7,5,1.0,,0,180,172,9,1,1,1,,0.003763440860215054,,0.01942090395480226,0.0,0.0,0.0,1.0,0.0,0.0
prediction_loss_decoupling,offroute5,offroute5,1,batch_episode_retrain,Batch episode,0,31,15,2,7,5,1.0,,0,180,172,9,0,1,0,,0.003763440860215054,,0.01942090395480226,0.0,0.0,0.0,1.0,0.0,0.0
prediction_loss_decoupling,offroute5,offroute5,1,batch_episode_retrain,Batch episode,1,31,15,2,7,5,1.0,,1,32,0,32,0,0,1,,0.0032258064516129032,,0.01059322033898305,1.0,1.0,0.0,1.0,0.14285714285714285,0.0
prediction_loss_decoupling,offroute5,offroute5,1,batch_episode_retrain,Batch episode,2,31,15,2,7,5,1.0,,1,32,0,32,0,0,1,,0.0032258064516129032,,0.01059322033898305,1.0,1.0,0.0,1.0,0.14285714285714285,0.0
prediction_loss_decoupling,offroute5,offroute5,1,batch_episode_retrain,Batch episode,3,31,15,2,7,5,1.0,,1,32,0,32,0,0,1,,0.0032258064516129032,,0.01059322033898305,1.0,1.0,0.0,1.0,0.14285714285714285,0.0
prediction_loss_decoupling,offroute5,offroute5,1,batch_episode_retrain,Batch episode,4,31,15,2,7,5,1.0,,1,32,0,32,0,0,1,,0.0032258064516129032,,0.01059322033898305,1.0,1.0,0.0,1.0,0.14285714285714285,0.0
prediction_loss_decoupling,offroute5,offroute5,1,threshold_8,Threshold 8,0,31,15,2,7,5,1.0,,1,40,8,40,0,0,1,,0.0032258064516129032,,0.01059322033898305,1.0,1.0,0.0,1.0,0.14285714285714285,0.0
prediction_loss_decoupling,offroute5,offroute5,1,threshold_8,Threshold 8,1,31,15,2,7,5,1.0,,1,32,0,32,0,0,1,,0.0032258064516129032,,0.01059322033898305,1.0,1.0,0.0,1.0,0.14285714285714285,0.0
prediction_loss_decoupling,offroute5,offroute5,1,threshold_8,Threshold 8,2,31,15,2,7,5,1.0,,1,32,0,32,0,0,1,,0.0032258064516129032,,0.01059322033898305,1.0,1.0,0.0,1.0,0.14285714285714285,0.0
prediction_loss_decoupling,offroute5,offroute5,1,threshold_8,Threshold 8,3,31,15,2,7,5,1.0,,1,32,0,32,0,0,1,,0.0032258064516129032,,0.01059322033898305,1.0,1.0,0.0,1.0,0.14285714285714285,0.0
prediction_loss_decoupling,offroute5,offroute5,1,threshold_8,Threshold 8,4,31,15,2,7,5,1.0,,1,32,0,32,0,0,1,,0.0032258064516129032,,0.01059322033898305,1.0,1.0,0.0,1.0,0.14285714285714285,0.0
prediction_loss_decoupling,offroute5,offroute5,1,uncertainty_cost_avoidance,Cost avoidance,0,31,15,2,7,5,1.0,,1,33,1,33,0,0,1,,0.003763440860215054,,0.01942090395480226,0.0,0.0,0.0,1.0,0.0,0.0
prediction_loss_decoupling,offroute5,offroute5,1,uncertainty_cost_avoidance,Cost avoidance,1,31,15,2,7,5,1.0,,1,32,0,32,0,0,1,,0.003763440860215054,,0.01942090395480226,0.0,0.0,0.0,1.0,0.0,0.0
prediction_loss_decoupling,offroute5,offroute5,1,uncertainty_cost_avoidance,Cost avoidance,2,31,15,2,7,5,1.0,,1,32,0,32,0,0,1,,0.003763440860215054,,0.01942090395480226,0.0,0.0,0.0,1.0,0.0,0.0
prediction_loss_decoupling,offroute5,offroute5,1,uncertainty_cost_avoidance,Cost avoidance,3,31,15,2,7,5,1.0,,1,32,0,32,0,0,1,,0.003763440860215054,,0.01942090395480226,0.0,0.0,0.0,1.0,0.0,0.0
prediction_loss_decoupling,offroute5,offroute5,1,uncertainty_cost_avoidance,Cost avoidance,4,31,15,2,7,5,1.0,,1,32,0,32,0,0,1,,0.003763440860215054,,0.01942090395480226,0.0,0.0,0.0,1.0,0.0,0.0
prediction_loss_decoupling,offroute5,offroute5,1,ccra_exact_guard,CCRA exact,0,31,15,2,7,5,1.0,,1,33,1,33,0,0,1,,0.0032258064516129032,,0.01059322033898305,1.0,1.0,0.0,1.0,0.14285714285714285,0.0
prediction_loss_decoupling,offroute5,offroute5,1,ccra_exact_guard,CCRA exact,1,31,15,2,7,5,1.0,,1,32,0,32,0,0,1,,0.0032258064516129032,,0.01059322033898305,1.0,1.0,0.0,1.0,0.14285714285714285,0.0
prediction_loss_decoupling,offroute5,offroute5,1,ccra_exact_guard,CCRA exact,2,31,15,2,7,5,1.0,,1,32,0,32,0,0,1,,0.0032258064516129032,,0.01059322033898305,1.0,1.0,0.0,1.0,0.14285714285714285,0.0
prediction_loss_decoupling,offroute5,offroute5,1,ccra_exact_guard,CCRA exact,3,31,15,2,7,5,1.0,,1,32,0,32,0,0,1,,0.0032258064516129032,,0.01059322033898305,1.0,1.0,0.0,1.0,0.14285714285714285,0.0
prediction_loss_decoupling,offroute5,offroute5,1,ccra_exact_guard,CCRA exact,4,31,15,2,7,5,1.0,,1,32,0,32,0,0,1,,0.0032258064516129032,,0.01059322033898305,1.0,1.0,0.0,1.0,0.14285714285714285,0.0
prediction_loss_decoupling,offroute5,offroute5,1,ccra_row_guard,CCRA row,0,31,15,2,7,5,1.0,,1,33,1,33,0,0,1,,0.017741935483870968,,0.2489406779661017,30.0,2.0,28.0,0.06666666666666667,0.2857142857142857,0.9333333333333333
prediction_loss_decoupling,offroute5,offroute5,1,ccra_row_guard,CCRA row,1,31,15,2,7,5,1.0,,1,32,0,32,0,0,1,,0.017741935483870968,,0.2489406779661017,30.0,2.0,28.0,0.06666666666666667,0.2857142857142857,0.9333333333333333
prediction_loss_decoupling,offroute5,offroute5,1,ccra_row_guard,CCRA row,2,31,15,2,7,5,1.0,,1,32,0,32,0,0,1,,0.017741935483870968,,0.2489406779661017,30.0,2.0,28.0,0.06666666666666667,0.2857142857142857,0.9333333333333333
prediction_loss_decoupling,offroute5,offroute5,1,ccra_row_guard,CCRA row,3,31,15,2,7,5,1.0,,1,32,0,32,0,0,1,,0.017741935483870968,,0.2489406779661017,30.0,2.0,28.0,0.06666666666666667,0.2857142857142857,0.9333333333333333
prediction_loss_decoupling,offroute5,offroute5,1,ccra_row_guard,CCRA row,4,31,15,2,7,5,1.0,,1,32,0,32,0,0,1,,0.017741935483870968,,0.2489406779661017,30.0,2.0,28.0,0.06666666666666667,0.2857142857142857,0.9333333333333333
prediction_loss_decoupling,offroute5,offroute5,1,global_action_repair,Global action,0,31,15,2,7,5,1.0,,0,11,3,12,0,0,1,,0.23817204301075268,,0.4784604519774011,450.0,7.0,443.0,0.015555555555555555,1.0,0.9844444444444445
prediction_loss_decoupling,offroute5,offroute5,1,global_action_repair,Global action,1,31,15,2,7,5,1.0,,0,0,0,1,0,0,1,,0.23817204301075268,,0.4784604519774011,450.0,7.0,443.0,0.015555555555555555,1.0,0.9844444444444445
prediction_loss_decoupling,offroute5,offroute5,1,global_action_repair,Global action,2,31,15,2,7,5,1.0,,0,0,0,1,0,0,1,,0.23817204301075268,,0.4784604519774011,450.0,7.0,443.0,0.015555555555555555,1.0,0.9844444444444445
prediction_loss_decoupling,offroute5,offroute5,1,global_action_repair,Global action,3,31,15,2,7,5,1.0,,0,0,0,1,0,0,1,,0.23817204301075268,,0.4784604519774011,450.0,7.0,443.0,0.015555555555555555,1.0,0.9844444444444445
prediction_loss_decoupling,offroute5,offroute5,1,global_action_repair,Global action,4,31,15,2,7,5,1.0,,0,0,0,1,0,0,1,,0.23817204301075268,,0.4784604519774011,450.0,7.0,443.0,0.015555555555555555,1.0,0.9844444444444445
prediction_loss_decoupling,offroute5,offroute5,1,oracle_fault_model,Oracle,0,31,15,2,7,5,1.0,,1,32,0,32,0,0,0,,0.0,,0.0,7.0,7.0,0.0,1.0,1.0,0.0
prediction_loss_decoupling,offroute5,offroute5,1,oracle_fault_model,Oracle,1,31,15,2,7,5,1.0,,1,32,0,32,0,0,0,,0.0,,0.0,7.0,7.0,0.0,1.0,1.0,0.0
prediction_loss_decoupling,offroute5,offroute5,1,oracle_fault_model,Oracle,2,31,15,2,7,5,1.0,,1,32,0,32,0,0,0,,0.0,,0.0,7.0,7.0,0.0,1.0,1.0,0.0
prediction_loss_decoupling,offroute5,offroute5,1,oracle_fault_model,Oracle,3,31,15,2,7,5,1.0,,1,32,0,32,0,0,0,,0.0,,0.0,7.0,7.0,0.0,1.0,1.0,0.0
prediction_loss_decoupling,offroute5,offroute5,1,oracle_fault_model,Oracle,4,31,15,2,7,5,1.0,,1,32,0,32,0,0,0,,0.0,,0.0,7.0,7.0,0.0,1.0,1.0,0.0
prediction_loss_decoupling,offroute5,offroute5,2,nominal_no_repair,Nominal,0,31,15,2,7,5,1.0,,0,180,172,9,0,1,0,,0.003763440860215054,,0.01942090395480226,0.0,0.0,0.0,1.0,0.0,0.0
prediction_loss_decoupling,offroute5,offroute5,2,nominal_no_repair,Nominal,1,31,15,2,7,5,1.0,,0,180,172,9,0,1,0,,0.003763440860215054,,0.01942090395480226,0.0,0.0,0.0,1.0,0.0,0.0
prediction_loss_decoupling,offroute5,offroute5,2,nominal_no_repair,Nominal,2,31,15,2,7,5,1.0,,0,180,172,9,0,1,0,,0.003763440860215054,,0.01942090395480226,0.0,0.0,0.0,1.0,0.0,0.0
prediction_loss_decoupling,offroute5,offroute5,2,nominal_no_repair,Nominal,3,31,15,2,7,5,1.0,,0,180,172,9,0,1,0,,0.003763440860215054,,0.01942090395480226,0.0,0.0,0.0,1.0,0.0,0.0
prediction_loss_decoupling,offroute5,offroute5,2,nominal_no_repair,Nominal,4,31,15,2,7,5,1.0,,0,180,172,9,0,1,0,,0.003763440860215054,,0.01942090395480226,0.0,0.0,0.0,1.0,0.0,0.0
prediction_loss_decoupling,offroute5,offroute5,2,shield_only,Shield only,0,31,15,2,7,5,1.0,,0,180,172,10,1,1,1,,0.003763440860215054,,0.01942090395480226,0.0,0.0,0.0,1.0,0.0,0.0
prediction_loss_decoupling,offroute5,offroute5,2,shield_only,Shield only,1,31,15,2,7,5,1.0,,0,180,172,9,1,1,1,,0.003763440860215054,,0.01942090395480226,0.0,0.0,0.0,1.0,0.0,0.0
prediction_loss_decoupling,offroute5,offroute5,2,shield_only,Shield only,2,31,15,2,7,5,1.0,,0,180,172,9,1,1,1,,0.003763440860215054,,0.01942090395480226,0.0,0.0,0.0,1.0,0.0,0.0
prediction_loss_decoupling,offroute5,offroute5,2,shield_only,Shield only,3,31,15,2,7,5,1.0,,0,180,172,9,1,1,1,,0.003763440860215054,,0.01942090395480226,0.0,0.0,0.0,1.0,0.0,0.0
prediction_loss_decoupling,offroute5,offroute5,2,shield_only,Shield only,4,31,15,2,7,5,1.0,,0,180,172,9,1,1,1,,0.003763440860215054,,0.01942090395480226,0.0,0.0,0.0,1.0,0.0,0.0
prediction_loss_decoupling,offroute5,offroute5,2,batch_episode_retrain,Batch episode,0,31,15,2,7,5,1.0,,0,180,172,9,0,1,0,,0.003763440860215054,,0.01942090395480226,0.0,0.0,0.0,1.0,0.0,0.0
prediction_loss_decoupling,offroute5,offroute5,2,batch_episode_retrain,Batch episode,1,31,15,2,7,5,1.0,,1,32,0,32,0,0,1,,0.0032258064516129032,,0.01059322033898305,1.0,1.0,0.0,1.0,0.14285714285714285,0.0
prediction_loss_decoupling,offroute5,offroute5,2,batch_episode_retrain,Batch episode,2,31,15,2,7,5,1.0,,1,32,0,32,0,0,1,,0.0032258064516129032,,0.01059322033898305,1.0,1.0,0.0,1.0,0.14285714285714285,0.0
prediction_loss_decoupling,offroute5,offroute5,2,batch_episode_retrain,Batch episode,3,31,15,2,7,5,1.0,,1,32,0,32,0,0,1,,0.0032258064516129032,,0.01059322033898305,1.0,1.0,0.0,1.0,0.14285714285714285,0.0
prediction_loss_decoupling,offroute5,offroute5,2,batch_episode_retrain,Batch episode,4,31,15,2,7,5,1.0,,1,32,0,32,0,0,1,,0.0032258064516129032,,0.01059322033898305,1.0,1.0,0.0,1.0,0.14285714285714285,0.0
prediction_loss_decoupling,offroute5,offroute5,2,threshold_8,Threshold 8,0,31,15,2,7,5,1.0,,1,40,8,40,0,0,1,,0.0032258064516129032,,0.01059322033898305,1.0,1.0,0.0,1.0,0.14285714285714285,0.0
prediction_loss_decoupling,offroute5,offroute5,2,threshold_8,Threshold 8,1,31,15,2,7,5,1.0,,1,32,0,32,0,0,1,,0.0032258064516129032,,0.01059322033898305,1.0,1.0,0.0,1.0,0.14285714285714285,0.0
prediction_loss_decoupling,offroute5,offroute5,2,threshold_8,Threshold 8,2,31,15,2,7,5,1.0,,1,32,0,32,0,0,1,,0.0032258064516129032,,0.01059322033898305,1.0,1.0,0.0,1.0,0.14285714285714285,0.0
prediction_loss_decoupling,offroute5,offroute5,2,threshold_8,Threshold 8,3,31,15,2,7,5,1.0,,1,32,0,32,0,0,1,,0.0032258064516129032,,0.01059322033898305,1.0,1.0,0.0,1.0,0.14285714285714285,0.0
prediction_loss_decoupling,offroute5,offroute5,2,threshold_8,Threshold 8,4,31,15,2,7,5,1.0,,1,32,0,32,0,0,1,,0.0032258064516129032,,0.01059322033898305,1.0,1.0,0.0,1.0,0.14285714285714285,0.0
prediction_loss_decoupling,offroute5,offroute5,2,uncertainty_cost_avoidance,Cost avoidance,0,31,15,2,7,5,1.0,,1,33,1,33,0,0,1,,0.003763440860215054,,0.01942090395480226,0.0,0.0,0.0,1.0,0.0,0.0
prediction_loss_decoupling,offroute5,offroute5,2,uncertainty_cost_avoidance,Cost avoidance,1,31,15,2,7,5,1.0,,1,32,0,32,0,0,1,,0.003763440860215054,,0.01942090395480226,0.0,0.0,0.0,1.0,0.0,0.0
prediction_loss_decoupling,offroute5,offroute5,2,uncertainty_cost_avoidance,Cost avoidance,2,31,15,2,7,5,1.0,,1,32,0,32,0,0,1,,0.003763440860215054,,0.01942090395480226,0.0,0.0,0.0,1.0,0.0,0.0
prediction_loss_decoupling,offroute5,offroute5,2,uncertainty_cost_avoidance,Cost avoidance,3,31,15,2,7,5,1.0,,1,32,0,32,0,0,1,,0.003763440860215054,,0.01942090395480226,0.0,0.0,0.0,1.0,0.0,0.0
prediction_loss_decoupling,offroute5,offroute5,2,uncertainty_cost_avoidance,Cost avoidance,4,31,15,2,7,5,1.0,,1,32,0,32,0,0,1,,0.003763440860215054,,0.01942090395480226,0.0,0.0,0.0,1.0,0.0,0.0
prediction_loss_decoupling,offroute5,offroute5,2,ccra_exact_guard,CCRA exact,0,31,15,2,7,5,1.0,,1,33,1,33,0,0,1,,0.0032258064516129032,,0.01059322033898305,1.0,1.0,0.0,1.0,0.14285714285714285,0.0
prediction_loss_decoupling,offroute5,offroute5,2,ccra_exact_guard,CCRA exact,1,31,15,2,7,5,1.0,,1,32,0,32,0,0,1,,0.0032258064516129032,,0.01059322033898305,1.0,1.0,0.0,1.0,0.14285714285714285,0.0
prediction_loss_decoupling,offroute5,offroute5,2,ccra_exact_guard,CCRA exact,2,31,15,2,7,5,1.0,,1,32,0,32,0,0,1,,0.0032258064516129032,,0.01059322033898305,1.0,1.0,0.0,1.0,0.14285714285714285,0.0
prediction_loss_decoupling,offroute5,offroute5,2,ccra_exact_guard,CCRA exact,3,31,15,2,7,5,1.0,,1,32,0,32,0,0,1,,0.0032258064516129032,,0.01059322033898305,1.0,1.0,0.0,1.0,0.14285714285714285,0.0
prediction_loss_decoupling,offroute5,offroute5,2,ccra_exact_guard,CCRA exact,4,31,15,2,7,5,1.0,,1,32,0,32,0,0,1,,0.0032258064516129032,,0.01059322033898305,1.0,1.0,0.0,1.0,0.14285714285714285,0.0
prediction_loss_decoupling,offroute5,offroute5,2,ccra_row_guard,CCRA row,0,31,15,2,7,5,1.0,,1,33,1,33,0,0,1,,0.017741935483870968,,0.2489406779661017,30.0,2.0,28.0,0.06666666666666667,0.2857142857142857,0.9333333333333333
prediction_loss_decoupling,offroute5,offroute5,2,ccra_row_guard,CCRA row,1,31,15,2,7,5,1.0,,1,32,0,32,0,0,1,,0.017741935483870968,,0.2489406779661017,30.0,2.0,28.0,0.06666666666666667,0.2857142857142857,0.9333333333333333
prediction_loss_decoupling,offroute5,offroute5,2,ccra_row_guard,CCRA row,2,31,15,2,7,5,1.0,,1,32,0,32,0,0,1,,0.017741935483870968,,0.2489406779661017,30.0,2.0,28.0,0.06666666666666667,0.2857142857142857,0.9333333333333333
prediction_loss_decoupling,offroute5,offroute5,2,ccra_row_guard,CCRA row,3,31,15,2,7,5,1.0,,1,32,0,32,0,0,1,,0.017741935483870968,,0.2489406779661017,30.0,2.0,28.0,0.06666666666666667,0.2857142857142857,0.9333333333333333
prediction_loss_decoupling,offroute5,offroute5,2,ccra_row_guard,CCRA row,4,31,15,2,7,5,1.0,,1,32,0,32,0,0,1,,0.017741935483870968,,0.2489406779661017,30.0,2.0,28.0,0.06666666666666667,0.2857142857142857,0.9333333333333333
prediction_loss_decoupling,offroute5,offroute5,2,global_action_repair,Global action,0,31,15,2,7,5,1.0,,0,11,3,12,0,0,1,,0.23817204301075268,,0.4784604519774011,450.0,7.0,443.0,0.015555555555555555,1.0,0.9844444444444445
prediction_loss_decoupling,offroute5,offroute5,2,global_action_repair,Global action,1,31,15,2,7,5,1.0,,0,0,0,1,0,0,1,,0.23817204301075268,,0.4784604519774011,450.0,7.0,443.0,0.015555555555555555,1.0,0.9844444444444445
prediction_loss_decoupling,offroute5,offroute5,2,global_action_repair,Global action,2,31,15,2,7,5,1.0,,0,0,0,1,0,0,1,,0.23817204301075268,,0.4784604519774011,450.0,7.0,443.0,0.015555555555555555,1.0,0.9844444444444445
prediction_loss_decoupling,offroute5,offroute5,2,global_action_repair,Global action,3,31,15,2,7,5,1.0,,0,0,0,1,0,0,1,,0.23817204301075268,,0.4784604519774011,450.0,7.0,443.0,0.015555555555555555,1.0,0.9844444444444445
prediction_loss_decoupling,offroute5,offroute5,2,global_action_repair,Global action,4,31,15,2,7,5,1.0,,0,0,0,1,0,0,1,,0.23817204301075268,,0.4784604519774011,450.0,7.0,443.0,0.015555555555555555,1.0,0.9844444444444445
prediction_loss_decoupling,offroute5,offroute5,2,oracle_fault_model,Oracle,0,31,15,2,7,5,1.0,,1,32,0,32,0,0,0,,0.0,,0.0,7.0,7.0,0.0,1.0,1.0,0.0
prediction_loss_decoupling,offroute5,offroute5,2,oracle_fault_model,Oracle,1,31,15,2,7,5,1.0,,1,32,0,32,0,0,0,,0.0,,0.0,7.0,7.0,0.0,1.0,1.0,0.0
prediction_loss_decoupling,offroute5,offroute5,2,oracle_fault_model,Oracle,2,31,15,2,7,5,1.0,,1,32,0,32,0,0,0,,0.0,,0.0,7.0,7.0,0.0,1.0,1.0,0.0
prediction_loss_decoupling,offroute5,offroute5,2,oracle_fault_model,Oracle,3,31,15,2,7,5,1.0,,1,32,0,32,0,0,0,,0.0,,0.0,7.0,7.0,0.0,1.0,1.0,0.0
prediction_loss_decoupling,offroute5,offroute5,2,oracle_fault_model,Oracle,4,31,15,2,7,5,1.0,,1,32,0,32,0,0,0,,0.0,,0.0,7.0,7.0,0.0,1.0,1.0,0.0
prediction_loss_decoupling,offroute5,offroute5,3,nominal_no_repair,Nominal,0,31,15,2,7,5,1.0,,0,180,168,13,0,1,0,,0.003763440860215054,,0.020833333333333332,0.0,0.0,0.0,1.0,0.0,0.0
prediction_loss_decoupling,offroute5,offroute5,3,nominal_no_repair,Nominal,1,31,15,2,7,5,1.0,,0,180,168,13,0,1,0,,0.003763440860215054,,0.020833333333333332,0.0,0.0,0.0,1.0,0.0,0.0
prediction_loss_decoupling,offroute5,offroute5,3,nominal_no_repair,Nominal,2,31,15,2,7,5,1.0,,0,180,168,13,0,1,0,,0.003763440860215054,,0.020833333333333332,0.0,0.0,0.0,1.0,0.0,0.0
prediction_loss_decoupling,offroute5,offroute5,3,nominal_no_repair,Nominal,3,31,15,2,7,5,1.0,,0,180,168,13,0,1,0,,0.003763440860215054,,0.020833333333333332,0.0,0.0,0.0,1.0,0.0,0.0
prediction_loss_decoupling,offroute5,offroute5,3,nominal_no_repair,Nominal,4,31,15,2,7,5,1.0,,0,180,168,13,0,1,0,,0.003763440860215054,,0.020833333333333332,0.0,0.0,0.0,1.0,0.0,0.0
prediction_loss_decoupling,offroute5,offroute5,3,shield_only,Shield only,0,31,15,2,7,5,1.0,,0,180,168,14,1,1,1,,0.003763440860215054,,0.020833333333333332,0.0,0.0,0.0,1.0,0.0,0.0
prediction_loss_decoupling,offroute5,offroute5,3,shield_only,Shield only,1,31,15,2,7,5,1.0,,0,180,168,13,1,1,1,,0.003763440860215054,,0.020833333333333332,0.0,0.0,0.0,1.0,0.0,0.0
prediction_loss_decoupling,offroute5,offroute5,3,shield_only,Shield only,2,31,15,2,7,5,1.0,,0,180,168,13,1,1,1,,0.003763440860215054,,0.020833333333333332,0.0,0.0,0.0,1.0,0.0,0.0
prediction_loss_decoupling,offroute5,offroute5,3,shield_only,Shield only,3,31,15,2,7,5,1.0,,0,180,168,13,1,1,1,,0.003763440860215054,,0.020833333333333332,0.0,0.0,0.0,1.0,0.0,0.0
prediction_loss_decoupling,offroute5,offroute5,3,shield_only,Shield only,4,31,15,2,7,5,1.0,,0,180,168,13,1,1,1,,0.003763440860215054,,0.020833333333333332,0.0,0.0,0.0,1.0,0.0,0.0
prediction_loss_decoupling,offroute5,offroute5,3,batch_episode_retrain,Batch episode,0,31,15,2,7,5,1.0,,0,180,168,13,0,1,0,,0.003763440860215054,,0.020833333333333332,0.0,0.0,0.0,1.0,0.0,0.0
prediction_loss_decoupling,offroute5,offroute5,3,batch_episode_retrain,Batch episode,1,31,15,2,7,5,1.0,,0,180,164,17,0,1,1,,0.0032258064516129032,,0.012005649717514125,1.0,1.0,0.0,1.0,0.14285714285714285,0.0
prediction_loss_decoupling,offroute5,offroute5,3,batch_episode_retrain,Batch episode,2,31,15,2,7,5,1.0,,0,180,160,21,0,1,2,,0.002688172043010753,,0.010240112994350282,2.0,2.0,0.0,1.0,0.2857142857142857,0.0
prediction_loss_decoupling,offroute5,offroute5,3,batch_episode_retrain,Batch episode,3,31,15,2,7,5,1.0,,1,32,0,32,0,0,3,,0.002150537634408602,,0.0014124293785310734,3.0,3.0,0.0,1.0,0.42857142857142855,0.0
prediction_loss_decoupling,offroute5,offroute5,3,batch_episode_retrain,Batch episode,4,31,15,2,7,5,1.0,,1,32,0,32,0,0,3,,0.002150537634408602,,0.0014124293785310734,3.0,3.0,0.0,1.0,0.42857142857142855,0.0
prediction_loss_decoupling,offroute5,offroute5,3,threshold_8,Threshold 8,0,31,15,2,7,5,1.0,,1,58,24,58,0,0,3,,0.002150537634408602,,0.0014124293785310734,3.0,3.0,0.0,1.0,0.42857142857142855,0.0
prediction_loss_decoupling,offroute5,offroute5,3,threshold_8,Threshold 8,1,31,15,2,7,5,1.0,,1,32,0,32,0,0,3,,0.002150537634408602,,0.0014124293785310734,3.0,3.0,0.0,1.0,0.42857142857142855,0.0
prediction_loss_decoupling,offroute5,offroute5,3,threshold_8,Threshold 8,2,31,15,2,7,5,1.0,,1,32,0,32,0,0,3,,0.002150537634408602,,0.0014124293785310734,3.0,3.0,0.0,1.0,0.42857142857142855,0.0
prediction_loss_decoupling,offroute5,offroute5,3,threshold_8,Threshold 8,3,31,15,2,7,5,1.0,,1,32,0,32,0,0,3,,0.002150537634408602,,0.0014124293785310734,3.0,3.0,0.0,1.0,0.42857142857142855,0.0
prediction_loss_decoupling,offroute5,offroute5,3,threshold_8,Threshold 8,4,31,15,2,7,5,1.0,,1,32,0,32,0,0,3,,0.002150537634408602,,0.0014124293785310734,3.0,3.0,0.0,1.0,0.42857142857142855,0.0
prediction_loss_decoupling,offroute5,offroute5,3,uncertainty_cost_avoidance,Cost avoidance,0,31,15,2,7,5,1.0,,1,37,3,37,0,0,3,,0.003763440860215054,,0.020833333333333332,0.0,0.0,0.0,1.0,0.0,0.0
prediction_loss_decoupling,offroute5,offroute5,3,uncertainty_cost_avoidance,Cost avoidance,1,31,15,2,7,5,1.0,,1,32,0,32,0,0,3,,0.003763440860215054,,0.020833333333333332,0.0,0.0,0.0,1.0,0.0,0.0
prediction_loss_decoupling,offroute5,offroute5,3,uncertainty_cost_avoidance,Cost avoidance,2,31,15,2,7,5,1.0,,1,32,0,32,0,0,3,,0.003763440860215054,,0.020833333333333332,0.0,0.0,0.0,1.0,0.0,0.0
prediction_loss_decoupling,offroute5,offroute5,3,uncertainty_cost_avoidance,Cost avoidance,3,31,15,2,7,5,1.0,,1,32,0,32,0,0,3,,0.003763440860215054,,0.020833333333333332,0.0,0.0,0.0,1.0,0.0,0.0
prediction_loss_decoupling,offroute5,offroute5,3,uncertainty_cost_avoidance,Cost avoidance,4,31,15,2,7,5,1.0,,1,32,0,32,0,0,3,,0.003763440860215054,,0.020833333333333332,0.0,0.0,0.0,1.0,0.0,0.0
prediction_loss_decoupling,offroute5,offroute5,3,ccra_exact_guard,CCRA exact,0,31,15,2,7,5,1.0,,1,37,3,37,0,0,3,,0.002150537634408602,,0.0014124293785310734,3.0,3.0,0.0,1.0,0.42857142857142855,0.0
prediction_loss_decoupling,offroute5,offroute5,3,ccra_exact_guard,CCRA exact,1,31,15,2,7,5,1.0,,1,32,0,32,0,0,3,,0.002150537634408602,,0.0014124293785310734,3.0,3.0,0.0,1.0,0.42857142857142855,0.0
prediction_loss_decoupling,offroute5,offroute5,3,ccra_exact_guard,CCRA exact,2,31,15,2,7,5,1.0,,1,32,0,32,0,0,3,,0.002150537634408602,,0.0014124293785310734,3.0,3.0,0.0,1.0,0.42857142857142855,0.0
prediction_loss_decoupling,offroute5,offroute5,3,ccra_exact_guard,CCRA exact,3,31,15,2,7,5,1.0,,1,32,0,32,0,0,3,,0.002150537634408602,,0.0014124293785310734,3.0,3.0,0.0,1.0,0.42857142857142855,0.0
prediction_loss_decoupling,offroute5,offroute5,3,ccra_exact_guard,CCRA exact,4,31,15,2,7,5,1.0,,1,32,0,32,0,0,3,,0.002150537634408602,,0.0014124293785310734,3.0,3.0,0.0,1.0,0.42857142857142855,0.0
prediction_loss_decoupling,offroute5,offroute5,3,ccra_row_guard,CCRA row,0,31,15,2,7,5,1.0,,1,36,2,36,0,0,2,,0.032795698924731186,,0.2997881355932203,60.0,3.0,57.0,0.05,0.42857142857142855,0.95
prediction_loss_decoupling,offroute5,offroute5,3,ccra_row_guard,CCRA row,1,31,15,2,7,5,1.0,,1,32,0,32,0,0,2,,0.032795698924731186,,0.2997881355932203,60.0,3.0,57.0,0.05,0.42857142857142855,0.95
prediction_loss_decoupling,offroute5,offroute5,3,ccra_row_guard,CCRA row,2,31,15,2,7,5,1.0,,1,32,0,32,0,0,2,,0.032795698924731186,,0.2997881355932203,60.0,3.0,57.0,0.05,0.42857142857142855,0.95
prediction_loss_decoupling,offroute5,offroute5,3,ccra_row_guard,CCRA row,3,31,15,2,7,5,1.0,,1,32,0,32,0,0,2,,0.032795698924731186,,0.2997881355932203,60.0,3.0,57.0,0.05,0.42857142857142855,0.95
prediction_loss_decoupling,offroute5,offroute5,3,ccra_row_guard,CCRA row,4,31,15,2,7,5,1.0,,1,32,0,32,0,0,2,,0.032795698924731186,,0.2997881355932203,60.0,3.0,57.0,0.05,0.42857142857142855,0.95
prediction_loss_decoupling,offroute5,offroute5,3,global_action_repair,Global action,0,31,15,2,7,5,1.0,,0,15,3,16,0,0,1,,0.23817204301075268,,0.4770480225988701,450.0,7.0,443.0,0.015555555555555555,1.0,0.9844444444444445
prediction_loss_decoupling,offroute5,offroute5,3,global_action_repair,Global action,1,31,15,2,7,5,1.0,,0,0,0,1,0,0,1,,0.23817204301075268,,0.4770480225988701,450.0,7.0,443.0,0.015555555555555555,1.0,0.9844444444444445
prediction_loss_decoupling,offroute5,offroute5,3,global_action_repair,Global action,2,31,15,2,7,5,1.0,,0,0,0,1,0,0,1,,0.23817204301075268,,0.4770480225988701,450.0,7.0,443.0,0.015555555555555555,1.0,0.9844444444444445
prediction_loss_decoupling,offroute5,offroute5,3,global_action_repair,Global action,3,31,15,2,7,5,1.0,,0,0,0,1,0,0,1,,0.23817204301075268,,0.4770480225988701,450.0,7.0,443.0,0.015555555555555555,1.0,0.9844444444444445
prediction_loss_decoupling,offroute5,offroute5,3,global_action_repair,Global action,4,31,15,2,7,5,1.0,,0,0,0,1,0,0,1,,0.23817204301075268,,0.4770480225988701,450.0,7.0,443.0,0.015555555555555555,1.0,0.9844444444444445
prediction_loss_decoupling,offroute5,offroute5,3,oracle_fault_model,Oracle,0,31,15,2,7,5,1.0,,1,32,0,32,0,0,0,,0.0,,0.0,7.0,7.0,0.0,1.0,1.0,0.0
prediction_loss_decoupling,offroute5,offroute5,3,oracle_fault_model,Oracle,1,31,15,2,7,5,1.0,,1,32,0,32,0,0,0,,0.0,,0.0,7.0,7.0,0.0,1.0,1.0,0.0
prediction_loss_decoupling,offroute5,offroute5,3,oracle_fault_model,Oracle,2,31,15,2,7,5,1.0,,1,32,0,32,0,0,0,,0.0,,0.0,7.0,7.0,0.0,1.0,1.0,0.0
prediction_loss_decoupling,offroute5,offroute5,3,oracle_fault_model,Oracle,3,31,15,2,7,5,1.0,,1,32,0,32,0,0,0,,0.0,,0.0,7.0,7.0,0.0,1.0,1.0,0.0
prediction_loss_decoupling,offroute5,offroute5,3,oracle_fault_model,Oracle,4,31,15,2,7,5,1.0,,1,32,0,32,0,0,0,,0.0,,0.0,7.0,7.0,0.0,1.0,1.0,0.0
prediction_loss_decoupling,offroute5,offroute5,4,nominal_no_repair,Nominal,0,31,15,2,7,5,1.0,,0,180,168,13,0,1,0,,0.003763440860215054,,0.020833333333333332,0.0,0.0,0.0,1.0,0.0,0.0
prediction_loss_decoupling,offroute5,offroute5,4,nominal_no_repair,Nominal,1,31,15,2,7,5,1.0,,0,180,168,13,0,1,0,,0.003763440860215054,,0.020833333333333332,0.0,0.0,0.0,1.0,0.0,0.0
prediction_loss_decoupling,offroute5,offroute5,4,nominal_no_repair,Nominal,2,31,15,2,7,5,1.0,,0,180,168,13,0,1,0,,0.003763440860215054,,0.020833333333333332,0.0,0.0,0.0,1.0,0.0,0.0
prediction_loss_decoupling,offroute5,offroute5,4,nominal_no_repair,Nominal,3,31,15,2,7,5,1.0,,0,180,168,13,0,1,0,,0.003763440860215054,,0.020833333333333332,0.0,0.0,0.0,1.0,0.0,0.0
prediction_loss_decoupling,offroute5,offroute5,4,nominal_no_repair,Nominal,4,31,15,2,7,5,1.0,,0,180,168,13,0,1,0,,0.003763440860215054,,0.020833333333333332,0.0,0.0,0.0,1.0,0.0,0.0
prediction_loss_decoupling,offroute5,offroute5,4,shield_only,Shield only,0,31,15,2,7,5,1.0,,0,180,168,14,1,1,1,,0.003763440860215054,,0.020833333333333332,0.0,0.0,0.0,1.0,0.0,0.0
prediction_loss_decoupling,offroute5,offroute5,4,shield_only,Shield only,1,31,15,2,7,5,1.0,,0,180,168,13,1,1,1,,0.003763440860215054,,0.020833333333333332,0.0,0.0,0.0,1.0,0.0,0.0
prediction_loss_decoupling,offroute5,offroute5,4,shield_only,Shield only,2,31,15,2,7,5,1.0,,0,180,168,13,1,1,1,,0.003763440860215054,,0.020833333333333332,0.0,0.0,0.0,1.0,0.0,0.0
prediction_loss_decoupling,offroute5,offroute5,4,shield_only,Shield only,3,31,15,2,7,5,1.0,,0,180,168,13,1,1,1,,0.003763440860215054,,0.020833333333333332,0.0,0.0,0.0,1.0,0.0,0.0
prediction_loss_decoupling,offroute5,offroute5,4,shield_only,Shield only,4,31,15,2,7,5,1.0,,0,180,168,13,1,1,1,,0.003763440860215054,,0.020833333333333332,0.0,0.0,0.0,1.0,0.0,0.0
prediction_loss_decoupling,offroute5,offroute5,4,batch_episode_retrain,Batch episode,0,31,15,2,7,5,1.0,,0,180,168,13,0,1,0,,0.003763440860215054,,0.020833333333333332,0.0,0.0,0.0,1.0,0.0,0.0
prediction_loss_decoupling,offroute5,offroute5,4,batch_episode_retrain,Batch episode,1,31,15,2,7,5,1.0,,0,180,156,25,0,1,1,,0.0032258064516129032,,0.012005649717514125,1.0,1.0,0.0,1.0,0.14285714285714285,0.0
prediction_loss_decoupling,offroute5,offroute5,4,batch_episode_retrain,Batch episode,2,31,15,2,7,5,1.0,,0,180,154,27,0,1,2,,0.002688172043010753,,0.010240112994350282,2.0,2.0,0.0,1.0,0.2857142857142857,0.0
prediction_loss_decoupling,offroute5,offroute5,4,batch_episode_retrain,Batch episode,3,31,15,2,7,5,1.0,,1,32,0,32,0,0,3,,0.002150537634408602,,0.0014124293785310734,3.0,3.0,0.0,1.0,0.42857142857142855,0.0
prediction_loss_decoupling,offroute5,offroute5,4,batch_episode_retrain,Batch episode,4,31,15,2,7,5,1.0,,1,32,0,32,0,0,3,,0.002150537634408602,,0.0014124293785310734,3.0,3.0,0.0,1.0,0.42857142857142855,0.0
prediction_loss_decoupling,offroute5,offroute5,4,threshold_8,Threshold 8,0,31,15,2,7,5,1.0,,1,58,24,58,0,0,3,,0.002150537634408602,,0.0014124293785310734,3.0,3.0,0.0,1.0,0.42857142857142855,0.0
prediction_loss_decoupling,offroute5,offroute5,4,threshold_8,Threshold 8,1,31,15,2,7,5,1.0,,1,32,0,32,0,0,3,,0.002150537634408602,,0.0014124293785310734,3.0,3.0,0.0,1.0,0.42857142857142855,0.0
prediction_loss_decoupling,offroute5,offroute5,4,threshold_8,Threshold 8,2,31,15,2,7,5,1.0,,1,32,0,32,0,0,3,,0.002150537634408602,,0.0014124293785310734,3.0,3.0,0.0,1.0,0.42857142857142855,0.0
prediction_loss_decoupling,offroute5,offroute5,4,threshold_8,Threshold 8,3,31,15,2,7,5,1.0,,1,32,0,32,0,0,3,,0.002150537634408602,,0.0014124293785310734,3.0,3.0,0.0,1.0,0.42857142857142855,0.0
prediction_loss_decoupling,offroute5,offroute5,4,threshold_8,Threshold 8,4,31,15,2,7,5,1.0,,1,32,0,32,0,0,3,,0.002150537634408602,,0.0014124293785310734,3.0,3.0,0.0,1.0,0.42857142857142855,0.0
prediction_loss_decoupling,offroute5,offroute5,4,uncertainty_cost_avoidance,Cost avoidance,0,31,15,2,7,5,1.0,,1,37,3,37,0,0,3,,0.003763440860215054,,0.020833333333333332,0.0,0.0,0.0,1.0,0.0,0.0
prediction_loss_decoupling,offroute5,offroute5,4,uncertainty_cost_avoidance,Cost avoidance,1,31,15,2,7,5,1.0,,1,32,0,32,0,0,3,,0.003763440860215054,,0.020833333333333332,0.0,0.0,0.0,1.0,0.0,0.0
prediction_loss_decoupling,offroute5,offroute5,4,uncertainty_cost_avoidance,Cost avoidance,2,31,15,2,7,5,1.0,,1,32,0,32,0,0,3,,0.003763440860215054,,0.020833333333333332,0.0,0.0,0.0,1.0,0.0,0.0
prediction_loss_decoupling,offroute5,offroute5,4,uncertainty_cost_avoidance,Cost avoidance,3,31,15,2,7,5,1.0,,1,32,0,32,0,0,3,,0.003763440860215054,,0.020833333333333332,0.0,0.0,0.0,1.0,0.0,0.0
prediction_loss_decoupling,offroute5,offroute5,4,uncertainty_cost_avoidance,Cost avoidance,4,31,15,2,7,5,1.0,,1,32,0,32,0,0,3,,0.003763440860215054,,0.020833333333333332,0.0,0.0,0.0,1.0,0.0,0.0
prediction_loss_decoupling,offroute5,offroute5,4,ccra_exact_guard,CCRA exact,0,31,15,2,7,5,1.0,,1,37,3,37,0,0,3,,0.002150537634408602,,0.0014124293785310734,3.0,3.0,0.0,1.0,0.42857142857142855,0.0
prediction_loss_decoupling,offroute5,offroute5,4,ccra_exact_guard,CCRA exact,1,31,15,2,7,5,1.0,,1,32,0,32,0,0,3,,0.002150537634408602,,0.0014124293785310734,3.0,3.0,0.0,1.0,0.42857142857142855,0.0
prediction_loss_decoupling,offroute5,offroute5,4,ccra_exact_guard,CCRA exact,2,31,15,2,7,5,1.0,,1,32,0,32,0,0,3,,0.002150537634408602,,0.0014124293785310734,3.0,3.0,0.0,1.0,0.42857142857142855,0.0
prediction_loss_decoupling,offroute5,offroute5,4,ccra_exact_guard,CCRA exact,3,31,15,2,7,5,1.0,,1,32,0,32,0,0,3,,0.002150537634408602,,0.0014124293785310734,3.0,3.0,0.0,1.0,0.42857142857142855,0.0
prediction_loss_decoupling,offroute5,offroute5,4,ccra_exact_guard,CCRA exact,4,31,15,2,7,5,1.0,,1,32,0,32,0,0,3,,0.002150537634408602,,0.0014124293785310734,3.0,3.0,0.0,1.0,0.42857142857142855,0.0
prediction_loss_decoupling,offroute5,offroute5,4,ccra_row_guard,CCRA row,0,31,15,2,7,5,1.0,,1,36,2,36,0,0,2,,0.032795698924731186,,0.2997881355932203,60.0,3.0,57.0,0.05,0.42857142857142855,0.95
prediction_loss_decoupling,offroute5,offroute5,4,ccra_row_guard,CCRA row,1,31,15,2,7,5,1.0,,1,32,0,32,0,0,2,,0.032795698924731186,,0.2997881355932203,60.0,3.0,57.0,0.05,0.42857142857142855,0.95
prediction_loss_decoupling,offroute5,offroute5,4,ccra_row_guard,CCRA row,2,31,15,2,7,5,1.0,,1,32,0,32,0,0,2,,0.032795698924731186,,0.2997881355932203,60.0,3.0,57.0,0.05,0.42857142857142855,0.95
prediction_loss_decoupling,offroute5,offroute5,4,ccra_row_guard,CCRA row,3,31,15,2,7,5,1.0,,1,32,0,32,0,0,2,,0.032795698924731186,,0.2997881355932203,60.0,3.0,57.0,0.05,0.42857142857142855,0.95
prediction_loss_decoupling,offroute5,offroute5,4,ccra_row_guard,CCRA row,4,31,15,2,7,5,1.0,,1,32,0,32,0,0,2,,0.032795698924731186,,0.2997881355932203,60.0,3.0,57.0,0.05,0.42857142857142855,0.95
prediction_loss_decoupling,offroute5,offroute5,4,global_action_repair,Global action,0,31,15,2,7,5,1.0,,0,15,3,16,0,0,1,,0.23817204301075268,,0.4770480225988701,450.0,7.0,443.0,0.015555555555555555,1.0,0.9844444444444445
prediction_loss_decoupling,offroute5,offroute5,4,global_action_repair,Global action,1,31,15,2,7,5,1.0,,0,0,0,1,0,0,1,,0.23817204301075268,,0.4770480225988701,450.0,7.0,443.0,0.015555555555555555,1.0,0.9844444444444445
prediction_loss_decoupling,offroute5,offroute5,4,global_action_repair,Global action,2,31,15,2,7,5,1.0,,0,0,0,1,0,0,1,,0.23817204301075268,,0.4770480225988701,450.0,7.0,443.0,0.015555555555555555,1.0,0.9844444444444445
prediction_loss_decoupling,offroute5,offroute5,4,global_action_repair,Global action,3,31,15,2,7,5,1.0,,0,0,0,1,0,0,1,,0.23817204301075268,,0.4770480225988701,450.0,7.0,443.0,0.015555555555555555,1.0,0.9844444444444445
prediction_loss_decoupling,offroute5,offroute5,4,global_action_repair,Global action,4,31,15,2,7,5,1.0,,0,0,0,1,0,0,1,,0.23817204301075268,,0.4770480225988701,450.0,7.0,443.0,0.015555555555555555,1.0,0.9844444444444445
prediction_loss_decoupling,offroute5,offroute5,4,oracle_fault_model,Oracle,0,31,15,2,7,5,1.0,,1,32,0,32,0,0,0,,0.0,,0.0,7.0,7.0,0.0,1.0,1.0,0.0
prediction_loss_decoupling,offroute5,offroute5,4,oracle_fault_model,Oracle,1,31,15,2,7,5,1.0,,1,32,0,32,0,0,0,,0.0,,0.0,7.0,7.0,0.0,1.0,1.0,0.0
prediction_loss_decoupling,offroute5,offroute5,4,oracle_fault_model,Oracle,2,31,15,2,7,5,1.0,,1,32,0,32,0,0,0,,0.0,,0.0,7.0,7.0,0.0,1.0,1.0,0.0
prediction_loss_decoupling,offroute5,offroute5,4,oracle_fault_model,Oracle,3,31,15,2,7,5,1.0,,1,32,0,32,0,0,0,,0.0,,0.0,7.0,7.0,0.0,1.0,1.0,0.0
prediction_loss_decoupling,offroute5,offroute5,4,oracle_fault_model,Oracle,4,31,15,2,7,5,1.0,,1,32,0,32,0,0,0,,0.0,,0.0,7.0,7.0,0.0,1.0,1.0,0.0
prediction_loss_decoupling,offroute5,offroute5,5,nominal_no_repair,Nominal,0,31,15,2,7,5,1.0,,0,180,171,10,0,1,0,,0.003763440860215054,,0.01942090395480226,0.0,0.0,0.0,1.0,0.0,0.0
prediction_loss_decoupling,offroute5,offroute5,5,nominal_no_repair,Nominal,1,31,15,2,7,5,1.0,,0,180,171,10,0,1,0,,0.003763440860215054,,0.01942090395480226,0.0,0.0,0.0,1.0,0.0,0.0
prediction_loss_decoupling,offroute5,offroute5,5,nominal_no_repair,Nominal,2,31,15,2,7,5,1.0,,0,180,171,10,0,1,0,,0.003763440860215054,,0.01942090395480226,0.0,0.0,0.0,1.0,0.0,0.0
prediction_loss_decoupling,offroute5,offroute5,5,nominal_no_repair,Nominal,3,31,15,2,7,5,1.0,,0,180,171,10,0,1,0,,0.003763440860215054,,0.01942090395480226,0.0,0.0,0.0,1.0,0.0,0.0
prediction_loss_decoupling,offroute5,offroute5,5,nominal_no_repair,Nominal,4,31,15,2,7,5,1.0,,0,180,171,10,0,1,0,,0.003763440860215054,,0.01942090395480226,0.0,0.0,0.0,1.0,0.0,0.0
prediction_loss_decoupling,offroute5,offroute5,5,shield_only,Shield only,0,31,15,2,7,5,1.0,,0,180,171,11,1,1,1,,0.003763440860215054,,0.01942090395480226,0.0,0.0,0.0,1.0,0.0,0.0
prediction_loss_decoupling,offroute5,offroute5,5,shield_only,Shield only,1,31,15,2,7,5,1.0,,0,180,171,10,1,1,1,,0.003763440860215054,,0.01942090395480226,0.0,0.0,0.0,1.0,0.0,0.0
prediction_loss_decoupling,offroute5,offroute5,5,shield_only,Shield only,2,31,15,2,7,5,1.0,,0,180,171,10,1,1,1,,0.003763440860215054,,0.01942090395480226,0.0,0.0,0.0,1.0,0.0,0.0
prediction_loss_decoupling,offroute5,offroute5,5,shield_only,Shield only,3,31,15,2,7,5,1.0,,0,180,171,10,1,1,1,,0.003763440860215054,,0.01942090395480226,0.0,0.0,0.0,1.0,0.0,0.0
prediction_loss_decoupling,offroute5,offroute5,5,shield_only,Shield only,4,31,15,2,7,5,1.0,,0,180,171,10,1,1,1,,0.003763440860215054,,0.01942090395480226,0.0,0.0,0.0,1.0,0.0,0.0
prediction_loss_decoupling,offroute5,offroute5,5,batch_episode_retrain,Batch episode,0,31,15,2,7,5,1.0,,0,180,171,10,0,1,0,,0.003763440860215054,,0.01942090395480226,0.0,0.0,0.0,1.0,0.0,0.0
prediction_loss_decoupling,offroute5,offroute5,5,batch_episode_retrain,Batch episode,1,31,15,2,7,5,1.0,,1,32,0,32,0,0,1,,0.0032258064516129032,,0.01059322033898305,1.0,1.0,0.0,1.0,0.14285714285714285,0.0
prediction_loss_decoupling,offroute5,offroute5,5,batch_episode_retrain,Batch episode,2,31,15,2,7,5,1.0,,1,32,0,32,0,0,1,,0.0032258064516129032,,0.01059322033898305,1.0,1.0,0.0,1.0,0.14285714285714285,0.0
prediction_loss_decoupling,offroute5,offroute5,5,batch_episode_retrain,Batch episode,3,31,15,2,7,5,1.0,,1,32,0,32,0,0,1,,0.0032258064516129032,,0.01059322033898305,1.0,1.0,0.0,1.0,0.14285714285714285,0.0
prediction_loss_decoupling,offroute5,offroute5,5,batch_episode_retrain,Batch episode,4,31,15,2,7,5,1.0,,1,32,0,32,0,0,1,,0.0032258064516129032,,0.01059322033898305,1.0,1.0,0.0,1.0,0.14285714285714285,0.0
prediction_loss_decoupling,offroute5,offroute5,5,threshold_8,Threshold 8,0,31,15,2,7,5,1.0,,1,40,8,40,0,0,1,,0.0032258064516129032,,0.01059322033898305,1.0,1.0,0.0,1.0,0.14285714285714285,0.0
prediction_loss_decoupling,offroute5,offroute5,5,threshold_8,Threshold 8,1,31,15,2,7,5,1.0,,1,32,0,32,0,0,1,,0.0032258064516129032,,0.01059322033898305,1.0,1.0,0.0,1.0,0.14285714285714285,0.0
prediction_loss_decoupling,offroute5,offroute5,5,threshold_8,Threshold 8,2,31,15,2,7,5,1.0,,1,32,0,32,0,0,1,,0.0032258064516129032,,0.01059322033898305,1.0,1.0,0.0,1.0,0.14285714285714285,0.0
prediction_loss_decoupling,offroute5,offroute5,5,threshold_8,Threshold 8,3,31,15,2,7,5,1.0,,1,32,0,32,0,0,1,,0.0032258064516129032,,0.01059322033898305,1.0,1.0,0.0,1.0,0.14285714285714285,0.0
prediction_loss_decoupling,offroute5,offroute5,5,threshold_8,Threshold 8,4,31,15,2,7,5,1.0,,1,32,0,32,0,0,1,,0.0032258064516129032,,0.01059322033898305,1.0,1.0,0.0,1.0,0.14285714285714285,0.0
prediction_loss_decoupling,offroute5,offroute5,5,uncertainty_cost_avoidance,Cost avoidance,0,31,15,2,7,5,1.0,,1,33,1,33,0,0,1,,0.003763440860215054,,0.01942090395480226,0.0,0.0,0.0,1.0,0.0,0.0
prediction_loss_decoupling,offroute5,offroute5,5,uncertainty_cost_avoidance,Cost avoidance,1,31,15,2,7,5,1.0,,1,32,0,32,0,0,1,,0.003763440860215054,,0.01942090395480226,0.0,0.0,0.0,1.0,0.0,0.0
prediction_loss_decoupling,offroute5,offroute5,5,uncertainty_cost_avoidance,Cost avoidance,2,31,15,2,7,5,1.0,,1,32,0,32,0,0,1,,0.003763440860215054,,0.01942090395480226,0.0,0.0,0.0,1.0,0.0,0.0
prediction_loss_decoupling,offroute5,offroute5,5,uncertainty_cost_avoidance,Cost avoidance,3,31,15,2,7,5,1.0,,1,32,0,32,0,0,1,,0.003763440860215054,,0.01942090395480226,0.0,0.0,0.0,1.0,0.0,0.0
prediction_loss_decoupling,offroute5,offroute5,5,uncertainty_cost_avoidance,Cost avoidance,4,31,15,2,7,5,1.0,,1,32,0,32,0,0,1,,0.003763440860215054,,0.01942090395480226,0.0,0.0,0.0,1.0,0.0,0.0
prediction_loss_decoupling,offroute5,offroute5,5,ccra_exact_guard,CCRA exact,0,31,15,2,7,5,1.0,,1,33,1,33,0,0,1,,0.0032258064516129032,,0.01059322033898305,1.0,1.0,0.0,1.0,0.14285714285714285,0.0
prediction_loss_decoupling,offroute5,offroute5,5,ccra_exact_guard,CCRA exact,1,31,15,2,7,5,1.0,,1,32,0,32,0,0,1,,0.0032258064516129032,,0.01059322033898305,1.0,1.0,0.0,1.0,0.14285714285714285,0.0
prediction_loss_decoupling,offroute5,offroute5,5,ccra_exact_guard,CCRA exact,2,31,15,2,7,5,1.0,,1,32,0,32,0,0,1,,0.0032258064516129032,,0.01059322033898305,1.0,1.0,0.0,1.0,0.14285714285714285,0.0
prediction_loss_decoupling,offroute5,offroute5,5,ccra_exact_guard,CCRA exact,3,31,15,2,7,5,1.0,,1,32,0,32,0,0,1,,0.0032258064516129032,,0.01059322033898305,1.0,1.0,0.0,1.0,0.14285714285714285,0.0
prediction_loss_decoupling,offroute5,offroute5,5,ccra_exact_guard,CCRA exact,4,31,15,2,7,5,1.0,,1,32,0,32,0,0,1,,0.0032258064516129032,,0.01059322033898305,1.0,1.0,0.0,1.0,0.14285714285714285,0.0
prediction_loss_decoupling,offroute5,offroute5,5,ccra_row_guard,CCRA row,0,31,15,2,7,5,1.0,,1,33,1,33,0,0,1,,0.017741935483870968,,0.2489406779661017,30.0,2.0,28.0,0.06666666666666667,0.2857142857142857,0.9333333333333333
prediction_loss_decoupling,offroute5,offroute5,5,ccra_row_guard,CCRA row,1,31,15,2,7,5,1.0,,1,32,0,32,0,0,1,,0.017741935483870968,,0.2489406779661017,30.0,2.0,28.0,0.06666666666666667,0.2857142857142857,0.9333333333333333
prediction_loss_decoupling,offroute5,offroute5,5,ccra_row_guard,CCRA row,2,31,15,2,7,5,1.0,,1,32,0,32,0,0,1,,0.017741935483870968,,0.2489406779661017,30.0,2.0,28.0,0.06666666666666667,0.2857142857142857,0.9333333333333333
prediction_loss_decoupling,offroute5,offroute5,5,ccra_row_guard,CCRA row,3,31,15,2,7,5,1.0,,1,32,0,32,0,0,1,,0.017741935483870968,,0.2489406779661017,30.0,2.0,28.0,0.06666666666666667,0.2857142857142857,0.9333333333333333
prediction_loss_decoupling,offroute5,offroute5,5,ccra_row_guard,CCRA row,4,31,15,2,7,5,1.0,,1,32,0,32,0,0,1,,0.017741935483870968,,0.2489406779661017,30.0,2.0,28.0,0.06666666666666667,0.2857142857142857,0.9333333333333333
prediction_loss_decoupling,offroute5,offroute5,5,global_action_repair,Global action,0,31,15,2,7,5,1.0,,0,12,3,13,0,0,1,,0.23817204301075268,,0.4784604519774011,450.0,7.0,443.0,0.015555555555555555,1.0,0.9844444444444445
prediction_loss_decoupling,offroute5,offroute5,5,global_action_repair,Global action,1,31,15,2,7,5,1.0,,0,0,0,1,0,0,1,,0.23817204301075268,,0.4784604519774011,450.0,7.0,443.0,0.015555555555555555,1.0,0.9844444444444445
prediction_loss_decoupling,offroute5,offroute5,5,global_action_repair,Global action,2,31,15,2,7,5,1.0,,0,0,0,1,0,0,1,,0.23817204301075268,,0.4784604519774011,450.0,7.0,443.0,0.015555555555555555,1.0,0.9844444444444445
prediction_loss_decoupling,offroute5,offroute5,5,global_action_repair,Global action,3,31,15,2,7,5,1.0,,0,0,0,1,0,0,1,,0.23817204301075268,,0.4784604519774011,450.0,7.0,443.0,0.015555555555555555,1.0,0.9844444444444445
prediction_loss_decoupling,offroute5,offroute5,5,global_action_repair,Global action,4,31,15,2,7,5,1.0,,0,0,0,1,0,0,1,,0.23817204301075268,,0.4784604519774011,450.0,7.0,443.0,0.015555555555555555,1.0,0.9844444444444445
prediction_loss_decoupling,offroute5,offroute5,5,oracle_fault_model,Oracle,0,31,15,2,7,5,1.0,,1,32,0,32,0,0,0,,0.0,,0.0,7.0,7.0,0.0,1.0,1.0,0.0
prediction_loss_decoupling,offroute5,offroute5,5,oracle_fault_model,Oracle,1,31,15,2,7,5,1.0,,1,32,0,32,0,0,0,,0.0,,0.0,7.0,7.0,0.0,1.0,1.0,0.0
prediction_loss_decoupling,offroute5,offroute5,5,oracle_fault_model,Oracle,2,31,15,2,7,5,1.0,,1,32,0,32,0,0,0,,0.0,,0.0,7.0,7.0,0.0,1.0,1.0,0.0
prediction_loss_decoupling,offroute5,offroute5,5,oracle_fault_model,Oracle,3,31,15,2,7,5,1.0,,1,32,0,32,0,0,0,,0.0,,0.0,7.0,7.0,0.0,1.0,1.0,0.0
prediction_loss_decoupling,offroute5,offroute5,5,oracle_fault_model,Oracle,4,31,15,2,7,5,1.0,,1,32,0,32,0,0,0,,0.0,,0.0,7.0,7.0,0.0,1.0,1.0,0.0
prediction_loss_decoupling,offroute5,offroute5,6,nominal_no_repair,Nominal,0,31,15,2,7,5,1.0,,0,180,164,17,0,1,0,,0.003763440860215054,,0.020833333333333332,0.0,0.0,0.0,1.0,0.0,0.0
prediction_loss_decoupling,offroute5,offroute5,6,nominal_no_repair,Nominal,1,31,15,2,7,5,1.0,,0,180,164,17,0,1,0,,0.003763440860215054,,0.020833333333333332,0.0,0.0,0.0,1.0,0.0,0.0
prediction_loss_decoupling,offroute5,offroute5,6,nominal_no_repair,Nominal,2,31,15,2,7,5,1.0,,0,180,164,17,0,1,0,,0.003763440860215054,,0.020833333333333332,0.0,0.0,0.0,1.0,0.0,0.0
prediction_loss_decoupling,offroute5,offroute5,6,nominal_no_repair,Nominal,3,31,15,2,7,5,1.0,,0,180,164,17,0,1,0,,0.003763440860215054,,0.020833333333333332,0.0,0.0,0.0,1.0,0.0,0.0
prediction_loss_decoupling,offroute5,offroute5,6,nominal_no_repair,Nominal,4,31,15,2,7,5,1.0,,0,180,164,17,0,1,0,,0.003763440860215054,,0.020833333333333332,0.0,0.0,0.0,1.0,0.0,0.0
prediction_loss_decoupling,offroute5,offroute5,6,shield_only,Shield only,0,31,15,2,7,5,1.0,,0,180,164,18,1,1,1,,0.003763440860215054,,0.020833333333333332,0.0,0.0,0.0,1.0,0.0,0.0
prediction_loss_decoupling,offroute5,offroute5,6,shield_only,Shield only,1,31,15,2,7,5,1.0,,0,180,164,17,1,1,1,,0.003763440860215054,,0.020833333333333332,0.0,0.0,0.0,1.0,0.0,0.0
prediction_loss_decoupling,offroute5,offroute5,6,shield_only,Shield only,2,31,15,2,7,5,1.0,,0,180,164,17,1,1,1,,0.003763440860215054,,0.020833333333333332,0.0,0.0,0.0,1.0,0.0,0.0
prediction_loss_decoupling,offroute5,offroute5,6,shield_only,Shield only,3,31,15,2,7,5,1.0,,0,180,164,17,1,1,1,,0.003763440860215054,,0.020833333333333332,0.0,0.0,0.0,1.0,0.0,0.0
prediction_loss_decoupling,offroute5,offroute5,6,shield_only,Shield only,4,31,15,2,7,5,1.0,,0,180,164,17,1,1,1,,0.003763440860215054,,0.020833333333333332,0.0,0.0,0.0,1.0,0.0,0.0
prediction_loss_decoupling,offroute5,offroute5,6,batch_episode_retrain,Batch episode,0,31,15,2,7,5,1.0,,0,180,164,17,0,1,0,,0.003763440860215054,,0.020833333333333332,0.0,0.0,0.0,1.0,0.0,0.0
prediction_loss_decoupling,offroute5,offroute5,6,batch_episode_retrain,Batch episode,1,31,15,2,7,5,1.0,,1,32,0,32,0,0,1,,0.0032258064516129032,,0.012005649717514125,1.0,1.0,0.0,1.0,0.14285714285714285,0.0
prediction_loss_decoupling,offroute5,offroute5,6,batch_episode_retrain,Batch episode,2,31,15,2,7,5,1.0,,1,32,0,32,0,0,1,,0.0032258064516129032,,0.012005649717514125,1.0,1.0,0.0,1.0,0.14285714285714285,0.0
prediction_loss_decoupling,offroute5,offroute5,6,batch_episode_retrain,Batch episode,3,31,15,2,7,5,1.0,,1,32,0,32,0,0,1,,0.0032258064516129032,,0.012005649717514125,1.0,1.0,0.0,1.0,0.14285714285714285,0.0
prediction_loss_decoupling,offroute5,offroute5,6,batch_episode_retrain,Batch episode,4,31,15,2,7,5,1.0,,1,32,0,32,0,0,1,,0.0032258064516129032,,0.012005649717514125,1.0,1.0,0.0,1.0,0.14285714285714285,0.0
prediction_loss_decoupling,offroute5,offroute5,6,threshold_8,Threshold 8,0,31,15,2,7,5,1.0,,1,40,8,40,0,0,1,,0.0032258064516129032,,0.012005649717514125,1.0,1.0,0.0,1.0,0.14285714285714285,0.0
prediction_loss_decoupling,offroute5,offroute5,6,threshold_8,Threshold 8,1,31,15,2,7,5,1.0,,1,32,0,32,0,0,1,,0.0032258064516129032,,0.012005649717514125,1.0,1.0,0.0,1.0,0.14285714285714285,0.0
prediction_loss_decoupling,offroute5,offroute5,6,threshold_8,Threshold 8,2,31,15,2,7,5,1.0,,1,32,0,32,0,0,1,,0.0032258064516129032,,0.012005649717514125,1.0,1.0,0.0,1.0,0.14285714285714285,0.0
prediction_loss_decoupling,offroute5,offroute5,6,threshold_8,Threshold 8,3,31,15,2,7,5,1.0,,1,32,0,32,0,0,1,,0.0032258064516129032,,0.012005649717514125,1.0,1.0,0.0,1.0,0.14285714285714285,0.0
prediction_loss_decoupling,offroute5,offroute5,6,threshold_8,Threshold 8,4,31,15,2,7,5,1.0,,1,32,0,32,0,0,1,,0.0032258064516129032,,0.012005649717514125,1.0,1.0,0.0,1.0,0.14285714285714285,0.0
prediction_loss_decoupling,offroute5,offroute5,6,uncertainty_cost_avoidance,Cost avoidance,0,31,15,2,7,5,1.0,,1,33,1,33,0,0,1,,0.003763440860215054,,0.020833333333333332,0.0,0.0,0.0,1.0,0.0,0.0
prediction_loss_decoupling,offroute5,offroute5,6,uncertainty_cost_avoidance,Cost avoidance,1,31,15,2,7,5,1.0,,1,32,0,32,0,0,1,,0.003763440860215054,,0.020833333333333332,0.0,0.0,0.0,1.0,0.0,0.0
prediction_loss_decoupling,offroute5,offroute5,6,uncertainty_cost_avoidance,Cost avoidance,2,31,15,2,7,5,1.0,,1,32,0,32,0,0,1,,0.003763440860215054,,0.020833333333333332,0.0,0.0,0.0,1.0,0.0,0.0
prediction_loss_decoupling,offroute5,offroute5,6,uncertainty_cost_avoidance,Cost avoidance,3,31,15,2,7,5,1.0,,1,32,0,32,0,0,1,,0.003763440860215054,,0.020833333333333332,0.0,0.0,0.0,1.0,0.0,0.0
prediction_loss_decoupling,offroute5,offroute5,6,uncertainty_cost_avoidance,Cost avoidance,4,31,15,2,7,5,1.0,,1,32,0,32,0,0,1,,0.003763440860215054,,0.020833333333333332,0.0,0.0,0.0,1.0,0.0,0.0
prediction_loss_decoupling,offroute5,offroute5,6,ccra_exact_guard,CCRA exact,0,31,15,2,7,5,1.0,,1,33,1,33,0,0,1,,0.0032258064516129032,,0.012005649717514125,1.0,1.0,0.0,1.0,0.14285714285714285,0.0
prediction_loss_decoupling,offroute5,offroute5,6,ccra_exact_guard,CCRA exact,1,31,15,2,7,5,1.0,,1,32,0,32,0,0,1,,0.0032258064516129032,,0.012005649717514125,1.0,1.0,0.0,1.0,0.14285714285714285,0.0
prediction_loss_decoupling,offroute5,offroute5,6,ccra_exact_guard,CCRA exact,2,31,15,2,7,5,1.0,,1,32,0,32,0,0,1,,0.0032258064516129032,,0.012005649717514125,1.0,1.0,0.0,1.0,0.14285714285714285,0.0
prediction_loss_decoupling,offroute5,offroute5,6,ccra_exact_guard,CCRA exact,3,31,15,2,7,5,1.0,,1,32,0,32,0,0,1,,0.0032258064516129032,,0.012005649717514125,1.0,1.0,0.0,1.0,0.14285714285714285,0.0
prediction_loss_decoupling,offroute5,offroute5,6,ccra_exact_guard,CCRA exact,4,31,15,2,7,5,1.0,,1,32,0,32,0,0,1,,0.0032258064516129032,,0.012005649717514125,1.0,1.0,0.0,1.0,0.14285714285714285,0.0
prediction_loss_decoupling,offroute5,offroute5,6,ccra_row_guard,CCRA row,0,31,15,2,7,5,1.0,,1,33,1,33,0,0,1,,0.017741935483870968,,0.2503531073446328,30.0,2.0,28.0,0.06666666666666667,0.2857142857142857,0.9333333333333333
prediction_loss_decoupling,offroute5,offroute5,6,ccra_row_guard,CCRA row,1,31,15,2,7,5,1.0,,1,32,0,32,0,0,1,,0.017741935483870968,,0.2503531073446328,30.0,2.0,28.0,0.06666666666666667,0.2857142857142857,0.9333333333333333
prediction_loss_decoupling,offroute5,offroute5,6,ccra_row_guard,CCRA row,2,31,15,2,7,5,1.0,,1,32,0,32,0,0,1,,0.017741935483870968,,0.2503531073446328,30.0,2.0,28.0,0.06666666666666667,0.2857142857142857,0.9333333333333333
prediction_loss_decoupling,offroute5,offroute5,6,ccra_row_guard,CCRA row,3,31,15,2,7,5,1.0,,1,32,0,32,0,0,1,,0.017741935483870968,,0.2503531073446328,30.0,2.0,28.0,0.06666666666666667,0.2857142857142857,0.9333333333333333
prediction_loss_decoupling,offroute5,offroute5,6,ccra_row_guard,CCRA row,4,31,15,2,7,5,1.0,,1,32,0,32,0,0,1,,0.017741935483870968,,0.2503531073446328,30.0,2.0,28.0,0.06666666666666667,0.2857142857142857,0.9333333333333333
prediction_loss_decoupling,offroute5,offroute5,6,global_action_repair,Global action,0,31,15,2,7,5,1.0,,0,19,3,20,0,0,1,,0.23817204301075268,,0.4770480225988701,450.0,7.0,443.0,0.015555555555555555,1.0,0.9844444444444445
prediction_loss_decoupling,offroute5,offroute5,6,global_action_repair,Global action,1,31,15,2,7,5,1.0,,0,0,0,1,0,0,1,,0.23817204301075268,,0.4770480225988701,450.0,7.0,443.0,0.015555555555555555,1.0,0.9844444444444445
prediction_loss_decoupling,offroute5,offroute5,6,global_action_repair,Global action,2,31,15,2,7,5,1.0,,0,0,0,1,0,0,1,,0.23817204301075268,,0.4770480225988701,450.0,7.0,443.0,0.015555555555555555,1.0,0.9844444444444445
prediction_loss_decoupling,offroute5,offroute5,6,global_action_repair,Global action,3,31,15,2,7,5,1.0,,0,0,0,1,0,0,1,,0.23817204301075268,,0.4770480225988701,450.0,7.0,443.0,0.015555555555555555,1.0,0.9844444444444445
prediction_loss_decoupling,offroute5,offroute5,6,global_action_repair,Global action,4,31,15,2,7,5,1.0,,0,0,0,1,0,0,1,,0.23817204301075268,,0.4770480225988701,450.0,7.0,443.0,0.015555555555555555,1.0,0.9844444444444445
prediction_loss_decoupling,offroute5,offroute5,6,oracle_fault_model,Oracle,0,31,15,2,7,5,1.0,,1,32,0,32,0,0,0,,0.0,,0.0,7.0,7.0,0.0,1.0,1.0,0.0
prediction_loss_decoupling,offroute5,offroute5,6,oracle_fault_model,Oracle,1,31,15,2,7,5,1.0,,1,32,0,32,0,0,0,,0.0,,0.0,7.0,7.0,0.0,1.0,1.0,0.0
prediction_loss_decoupling,offroute5,offroute5,6,oracle_fault_model,Oracle,2,31,15,2,7,5,1.0,,1,32,0,32,0,0,0,,0.0,,0.0,7.0,7.0,0.0,1.0,1.0,0.0
prediction_loss_decoupling,offroute5,offroute5,6,oracle_fault_model,Oracle,3,31,15,2,7,5,1.0,,1,32,0,32,0,0,0,,0.0,,0.0,7.0,7.0,0.0,1.0,1.0,0.0
prediction_loss_decoupling,offroute5,offroute5,6,oracle_fault_model,Oracle,4,31,15,2,7,5,1.0,,1,32,0,32,0,0,0,,0.0,,0.0,7.0,7.0,0.0,1.0,1.0,0.0
prediction_loss_decoupling,offroute5,offroute5,7,nominal_no_repair,Nominal,0,31,15,2,7,5,1.0,,0,180,167,14,0,1,0,,0.003763440860215054,,0.01942090395480226,0.0,0.0,0.0,1.0,0.0,0.0
prediction_loss_decoupling,offroute5,offroute5,7,nominal_no_repair,Nominal,1,31,15,2,7,5,1.0,,0,180,167,14,0,1,0,,0.003763440860215054,,0.01942090395480226,0.0,0.0,0.0,1.0,0.0,0.0
prediction_loss_decoupling,offroute5,offroute5,7,nominal_no_repair,Nominal,2,31,15,2,7,5,1.0,,0,180,167,14,0,1,0,,0.003763440860215054,,0.01942090395480226,0.0,0.0,0.0,1.0,0.0,0.0
prediction_loss_decoupling,offroute5,offroute5,7,nominal_no_repair,Nominal,3,31,15,2,7,5,1.0,,0,180,167,14,0,1,0,,0.003763440860215054,,0.01942090395480226,0.0,0.0,0.0,1.0,0.0,0.0
prediction_loss_decoupling,offroute5,offroute5,7,nominal_no_repair,Nominal,4,31,15,2,7,5,1.0,,0,180,167,14,0,1,0,,0.003763440860215054,,0.01942090395480226,0.0,0.0,0.0,1.0,0.0,0.0
prediction_loss_decoupling,offroute5,offroute5,7,shield_only,Shield only,0,31,15,2,7,5,1.0,,0,180,167,15,1,1,1,,0.003763440860215054,,0.01942090395480226,0.0,0.0,0.0,1.0,0.0,0.0
prediction_loss_decoupling,offroute5,offroute5,7,shield_only,Shield only,1,31,15,2,7,5,1.0,,0,180,167,14,1,1,1,,0.003763440860215054,,0.01942090395480226,0.0,0.0,0.0,1.0,0.0,0.0
prediction_loss_decoupling,offroute5,offroute5,7,shield_only,Shield only,2,31,15,2,7,5,1.0,,0,180,167,14,1,1,1,,0.003763440860215054,,0.01942090395480226,0.0,0.0,0.0,1.0,0.0,0.0
prediction_loss_decoupling,offroute5,offroute5,7,shield_only,Shield only,3,31,15,2,7,5,1.0,,0,180,167,14,1,1,1,,0.003763440860215054,,0.01942090395480226,0.0,0.0,0.0,1.0,0.0,0.0
prediction_loss_decoupling,offroute5,offroute5,7,shield_only,Shield only,4,31,15,2,7,5,1.0,,0,180,167,14,1,1,1,,0.003763440860215054,,0.01942090395480226,0.0,0.0,0.0,1.0,0.0,0.0
prediction_loss_decoupling,offroute5,offroute5,7,batch_episode_retrain,Batch episode,0,31,15,2,7,5,1.0,,0,180,167,14,0,1,0,,0.003763440860215054,,0.01942090395480226,0.0,0.0,0.0,1.0,0.0,0.0
prediction_loss_decoupling,offroute5,offroute5,7,batch_episode_retrain,Batch episode,1,31,15,2,7,5,1.0,,1,32,0,32,0,0,1,,0.0032258064516129032,,0.01059322033898305,1.0,1.0,0.0,1.0,0.14285714285714285,0.0
prediction_loss_decoupling,offroute5,offroute5,7,batch_episode_retrain,Batch episode,2,31,15,2,7,5,1.0,,1,32,0,32,0,0,1,,0.0032258064516129032,,0.01059322033898305,1.0,1.0,0.0,1.0,0.14285714285714285,0.0
prediction_loss_decoupling,offroute5,offroute5,7,batch_episode_retrain,Batch episode,3,31,15,2,7,5,1.0,,1,32,0,32,0,0,1,,0.0032258064516129032,,0.01059322033898305,1.0,1.0,0.0,1.0,0.14285714285714285,0.0
prediction_loss_decoupling,offroute5,offroute5,7,batch_episode_retrain,Batch episode,4,31,15,2,7,5,1.0,,1,32,0,32,0,0,1,,0.0032258064516129032,,0.01059322033898305,1.0,1.0,0.0,1.0,0.14285714285714285,0.0
prediction_loss_decoupling,offroute5,offroute5,7,threshold_8,Threshold 8,0,31,15,2,7,5,1.0,,1,40,8,40,0,0,1,,0.0032258064516129032,,0.01059322033898305,1.0,1.0,0.0,1.0,0.14285714285714285,0.0
prediction_loss_decoupling,offroute5,offroute5,7,threshold_8,Threshold 8,1,31,15,2,7,5,1.0,,1,32,0,32,0,0,1,,0.0032258064516129032,,0.01059322033898305,1.0,1.0,0.0,1.0,0.14285714285714285,0.0
prediction_loss_decoupling,offroute5,offroute5,7,threshold_8,Threshold 8,2,31,15,2,7,5,1.0,,1,32,0,32,0,0,1,,0.0032258064516129032,,0.01059322033898305,1.0,1.0,0.0,1.0,0.14285714285714285,0.0
prediction_loss_decoupling,offroute5,offroute5,7,threshold_8,Threshold 8,3,31,15,2,7,5,1.0,,1,32,0,32,0,0,1,,0.0032258064516129032,,0.01059322033898305,1.0,1.0,0.0,1.0,0.14285714285714285,0.0
prediction_loss_decoupling,offroute5,offroute5,7,threshold_8,Threshold 8,4,31,15,2,7,5,1.0,,1,32,0,32,0,0,1,,0.0032258064516129032,,0.01059322033898305,1.0,1.0,0.0,1.0,0.14285714285714285,0.0
prediction_loss_decoupling,offroute5,offroute5,7,uncertainty_cost_avoidance,Cost avoidance,0,31,15,2,7,5,1.0,,1,33,1,33,0,0,1,,0.003763440860215054,,0.01942090395480226,0.0,0.0,0.0,1.0,0.0,0.0
prediction_loss_decoupling,offroute5,offroute5,7,uncertainty_cost_avoidance,Cost avoidance,1,31,15,2,7,5,1.0,,1,32,0,32,0,0,1,,0.003763440860215054,,0.01942090395480226,0.0,0.0,0.0,1.0,0.0,0.0
prediction_loss_decoupling,offroute5,offroute5,7,uncertainty_cost_avoidance,Cost avoidance,2,31,15,2,7,5,1.0,,1,32,0,32,0,0,1,,0.003763440860215054,,0.01942090395480226,0.0,0.0,0.0,1.0,0.0,0.0
prediction_loss_decoupling,offroute5,offroute5,7,uncertainty_cost_avoidance,Cost avoidance,3,31,15,2,7,5,1.0,,1,32,0,32,0,0,1,,0.003763440860215054,,0.01942090395480226,0.0,0.0,0.0,1.0,0.0,0.0
prediction_loss_decoupling,offroute5,offroute5,7,uncertainty_cost_avoidance,Cost avoidance,4,31,15,2,7,5,1.0,,1,32,0,32,0,0,1,,0.003763440860215054,,0.01942090395480226,0.0,0.0,0.0,1.0,0.0,0.0
prediction_loss_decoupling,offroute5,offroute5,7,ccra_exact_guard,CCRA exact,0,31,15,2,7,5,1.0,,1,33,1,33,0,0,1,,0.0032258064516129032,,0.01059322033898305,1.0,1.0,0.0,1.0,0.14285714285714285,0.0
prediction_loss_decoupling,offroute5,offroute5,7,ccra_exact_guard,CCRA exact,1,31,15,2,7,5,1.0,,1,32,0,32,0,0,1,,0.0032258064516129032,,0.01059322033898305,1.0,1.0,0.0,1.0,0.14285714285714285,0.0
prediction_loss_decoupling,offroute5,offroute5,7,ccra_exact_guard,CCRA exact,2,31,15,2,7,5,1.0,,1,32,0,32,0,0,1,,0.0032258064516129032,,0.01059322033898305,1.0,1.0,0.0,1.0,0.14285714285714285,0.0
prediction_loss_decoupling,offroute5,offroute5,7,ccra_exact_guard,CCRA exact,3,31,15,2,7,5,1.0,,1,32,0,32,0,0,1,,0.0032258064516129032,,0.01059322033898305,1.0,1.0,0.0,1.0,0.14285714285714285,0.0
prediction_loss_decoupling,offroute5,offroute5,7,ccra_exact_guard,CCRA exact,4,31,15,2,7,5,1.0,,1,32,0,32,0,0,1,,0.0032258064516129032,,0.01059322033898305,1.0,1.0,0.0,1.0,0.14285714285714285,0.0
prediction_loss_decoupling,offroute5,offroute5,7,ccra_row_guard,CCRA row,0,31,15,2,7,5,1.0,,1,33,1,33,0,0,1,,0.017741935483870968,,0.2489406779661017,30.0,2.0,28.0,0.06666666666666667,0.2857142857142857,0.9333333333333333
prediction_loss_decoupling,offroute5,offroute5,7,ccra_row_guard,CCRA row,1,31,15,2,7,5,1.0,,1,32,0,32,0,0,1,,0.017741935483870968,,0.2489406779661017,30.0,2.0,28.0,0.06666666666666667,0.2857142857142857,0.9333333333333333
prediction_loss_decoupling,offroute5,offroute5,7,ccra_row_guard,CCRA row,2,31,15,2,7,5,1.0,,1,32,0,32,0,0,1,,0.017741935483870968,,0.2489406779661017,30.0,2.0,28.0,0.06666666666666667,0.2857142857142857,0.9333333333333333
prediction_loss_decoupling,offroute5,offroute5,7,ccra_row_guard,CCRA row,3,31,15,2,7,5,1.0,,1,32,0,32,0,0,1,,0.017741935483870968,,0.2489406779661017,30.0,2.0,28.0,0.06666666666666667,0.2857142857142857,0.9333333333333333
prediction_loss_decoupling,offroute5,offroute5,7,ccra_row_guard,CCRA row,4,31,15,2,7,5,1.0,,1,32,0,32,0,0,1,,0.017741935483870968,,0.2489406779661017,30.0,2.0,28.0,0.06666666666666667,0.2857142857142857,0.9333333333333333
prediction_loss_decoupling,offroute5,offroute5,7,global_action_repair,Global action,0,31,15,2,7,5,1.0,,0,16,3,17,0,0,1,,0.23817204301075268,,0.4784604519774011,450.0,7.0,443.0,0.015555555555555555,1.0,0.9844444444444445
prediction_loss_decoupling,offroute5,offroute5,7,global_action_repair,Global action,1,31,15,2,7,5,1.0,,0,0,0,1,0,0,1,,0.23817204301075268,,0.4784604519774011,450.0,7.0,443.0,0.015555555555555555,1.0,0.9844444444444445
prediction_loss_decoupling,offroute5,offroute5,7,global_action_repair,Global action,2,31,15,2,7,5,1.0,,0,0,0,1,0,0,1,,0.23817204301075268,,0.4784604519774011,450.0,7.0,443.0,0.015555555555555555,1.0,0.9844444444444445
prediction_loss_decoupling,offroute5,offroute5,7,global_action_repair,Global action,3,31,15,2,7,5,1.0,,0,0,0,1,0,0,1,,0.23817204301075268,,0.4784604519774011,450.0,7.0,443.0,0.015555555555555555,1.0,0.9844444444444445
prediction_loss_decoupling,offroute5,offroute5,7,global_action_repair,Global action,4,31,15,2,7,5,1.0,,0,0,0,1,0,0,1,,0.23817204301075268,,0.4784604519774011,450.0,7.0,443.0,0.015555555555555555,1.0,0.9844444444444445
prediction_loss_decoupling,offroute5,offroute5,7,oracle_fault_model,Oracle,0,31,15,2,7,5,1.0,,1,32,0,32,0,0,0,,0.0,,0.0,7.0,7.0,0.0,1.0,1.0,0.0
prediction_loss_decoupling,offroute5,offroute5,7,oracle_fault_model,Oracle,1,31,15,2,7,5,1.0,,1,32,0,32,0,0,0,,0.0,,0.0,7.0,7.0,0.0,1.0,1.0,0.0
prediction_loss_decoupling,offroute5,offroute5,7,oracle_fault_model,Oracle,2,31,15,2,7,5,1.0,,1,32,0,32,0,0,0,,0.0,,0.0,7.0,7.0,0.0,1.0,1.0,0.0
prediction_loss_decoupling,offroute5,offroute5,7,oracle_fault_model,Oracle,3,31,15,2,7,5,1.0,,1,32,0,32,0,0,0,,0.0,,0.0,7.0,7.0,0.0,1.0,1.0,0.0
prediction_loss_decoupling,offroute5,offroute5,7,oracle_fault_model,Oracle,4,31,15,2,7,5,1.0,,1,32,0,32,0,0,0,,0.0,,0.0,7.0,7.0,0.0,1.0,1.0,0.0
prediction_loss_decoupling,offroute5,offroute5,8,nominal_no_repair,Nominal,0,31,15,2,7,5,1.0,,0,180,177,4,0,1,0,,0.003763440860215054,,0.020833333333333332,0.0,0.0,0.0,1.0,0.0,0.0
prediction_loss_decoupling,offroute5,offroute5,8,nominal_no_repair,Nominal,1,31,15,2,7,5,1.0,,0,180,177,4,0,1,0,,0.003763440860215054,,0.020833333333333332,0.0,0.0,0.0,1.0,0.0,0.0
prediction_loss_decoupling,offroute5,offroute5,8,nominal_no_repair,Nominal,2,31,15,2,7,5,1.0,,0,180,177,4,0,1,0,,0.003763440860215054,,0.020833333333333332,0.0,0.0,0.0,1.0,0.0,0.0
prediction_loss_decoupling,offroute5,offroute5,8,nominal_no_repair,Nominal,3,31,15,2,7,5,1.0,,0,180,177,4,0,1,0,,0.003763440860215054,,0.020833333333333332,0.0,0.0,0.0,1.0,0.0,0.0
prediction_loss_decoupling,offroute5,offroute5,8,nominal_no_repair,Nominal,4,31,15,2,7,5,1.0,,0,180,177,4,0,1,0,,0.003763440860215054,,0.020833333333333332,0.0,0.0,0.0,1.0,0.0,0.0
prediction_loss_decoupling,offroute5,offroute5,8,shield_only,Shield only,0,31,15,2,7,5,1.0,,0,180,177,5,1,1,1,,0.003763440860215054,,0.020833333333333332,0.0,0.0,0.0,1.0,0.0,0.0
prediction_loss_decoupling,offroute5,offroute5,8,shield_only,Shield only,1,31,15,2,7,5,1.0,,0,180,177,4,1,1,1,,0.003763440860215054,,0.020833333333333332,0.0,0.0,0.0,1.0,0.0,0.0
prediction_loss_decoupling,offroute5,offroute5,8,shield_only,Shield only,2,31,15,2,7,5,1.0,,0,180,177,4,1,1,1,,0.003763440860215054,,0.020833333333333332,0.0,0.0,0.0,1.0,0.0,0.0
prediction_loss_decoupling,offroute5,offroute5,8,shield_only,Shield only,3,31,15,2,7,5,1.0,,0,180,177,4,1,1,1,,0.003763440860215054,,0.020833333333333332,0.0,0.0,0.0,1.0,0.0,0.0
prediction_loss_decoupling,offroute5,offroute5,8,shield_only,Shield only,4,31,15,2,7,5,1.0,,0,180,177,4,1,1,1,,0.003763440860215054,,0.020833333333333332,0.0,0.0,0.0,1.0,0.0,0.0
prediction_loss_decoupling,offroute5,offroute5,8,batch_episode_retrain,Batch episode,0,31,15,2,7,5,1.0,,0,180,177,4,0,1,0,,0.003763440860215054,,0.020833333333333332,0.0,0.0,0.0,1.0,0.0,0.0
prediction_loss_decoupling,offroute5,offroute5,8,batch_episode_retrain,Batch episode,1,31,15,2,7,5,1.0,,1,32,0,32,0,0,1,,0.0032258064516129032,,0.012005649717514125,1.0,1.0,0.0,1.0,0.14285714285714285,0.0
prediction_loss_decoupling,offroute5,offroute5,8,batch_episode_retrain,Batch episode,2,31,15,2,7,5,1.0,,1,32,0,32,0,0,1,,0.0032258064516129032,,0.012005649717514125,1.0,1.0,0.0,1.0,0.14285714285714285,0.0
prediction_loss_decoupling,offroute5,offroute5,8,batch_episode_retrain,Batch episode,3,31,15,2,7,5,1.0,,1,32,0,32,0,0,1,,0.0032258064516129032,,0.012005649717514125,1.0,1.0,0.0,1.0,0.14285714285714285,0.0
prediction_loss_decoupling,offroute5,offroute5,8,batch_episode_retrain,Batch episode,4,31,15,2,7,5,1.0,,1,32,0,32,0,0,1,,0.0032258064516129032,,0.012005649717514125,1.0,1.0,0.0,1.0,0.14285714285714285,0.0
prediction_loss_decoupling,offroute5,offroute5,8,threshold_8,Threshold 8,0,31,15,2,7,5,1.0,,1,40,8,40,0,0,1,,0.0032258064516129032,,0.012005649717514125,1.0,1.0,0.0,1.0,0.14285714285714285,0.0
prediction_loss_decoupling,offroute5,offroute5,8,threshold_8,Threshold 8,1,31,15,2,7,5,1.0,,1,32,0,32,0,0,1,,0.0032258064516129032,,0.012005649717514125,1.0,1.0,0.0,1.0,0.14285714285714285,0.0
prediction_loss_decoupling,offroute5,offroute5,8,threshold_8,Threshold 8,2,31,15,2,7,5,1.0,,1,32,0,32,0,0,1,,0.0032258064516129032,,0.012005649717514125,1.0,1.0,0.0,1.0,0.14285714285714285,0.0
prediction_loss_decoupling,offroute5,offroute5,8,threshold_8,Threshold 8,3,31,15,2,7,5,1.0,,1,32,0,32,0,0,1,,0.0032258064516129032,,0.012005649717514125,1.0,1.0,0.0,1.0,0.14285714285714285,0.0
prediction_loss_decoupling,offroute5,offroute5,8,threshold_8,Threshold 8,4,31,15,2,7,5,1.0,,1,32,0,32,0,0,1,,0.0032258064516129032,,0.012005649717514125,1.0,1.0,0.0,1.0,0.14285714285714285,0.0
prediction_loss_decoupling,offroute5,offroute5,8,uncertainty_cost_avoidance,Cost avoidance,0,31,15,2,7,5,1.0,,1,33,1,33,0,0,1,,0.003763440860215054,,0.020833333333333332,0.0,0.0,0.0,1.0,0.0,0.0
prediction_loss_decoupling,offroute5,offroute5,8,uncertainty_cost_avoidance,Cost avoidance,1,31,15,2,7,5,1.0,,1,32,0,32,0,0,1,,0.003763440860215054,,0.020833333333333332,0.0,0.0,0.0,1.0,0.0,0.0
prediction_loss_decoupling,offroute5,offroute5,8,uncertainty_cost_avoidance,Cost avoidance,2,31,15,2,7,5,1.0,,1,32,0,32,0,0,1,,0.003763440860215054,,0.020833333333333332,0.0,0.0,0.0,1.0,0.0,0.0
prediction_loss_decoupling,offroute5,offroute5,8,uncertainty_cost_avoidance,Cost avoidance,3,31,15,2,7,5,1.0,,1,32,0,32,0,0,1,,0.003763440860215054,,0.020833333333333332,0.0,0.0,0.0,1.0,0.0,0.0
prediction_loss_decoupling,offroute5,offroute5,8,uncertainty_cost_avoidance,Cost avoidance,4,31,15,2,7,5,1.0,,1,32,0,32,0,0,1,,0.003763440860215054,,0.020833333333333332,0.0,0.0,0.0,1.0,0.0,0.0
prediction_loss_decoupling,offroute5,offroute5,8,ccra_exact_guard,CCRA exact,0,31,15,2,7,5,1.0,,1,33,1,33,0,0,1,,0.0032258064516129032,,0.012005649717514125,1.0,1.0,0.0,1.0,0.14285714285714285,0.0
prediction_loss_decoupling,offroute5,offroute5,8,ccra_exact_guard,CCRA exact,1,31,15,2,7,5,1.0,,1,32,0,32,0,0,1,,0.0032258064516129032,,0.012005649717514125,1.0,1.0,0.0,1.0,0.14285714285714285,0.0
prediction_loss_decoupling,offroute5,offroute5,8,ccra_exact_guard,CCRA exact,2,31,15,2,7,5,1.0,,1,32,0,32,0,0,1,,0.0032258064516129032,,0.012005649717514125,1.0,1.0,0.0,1.0,0.14285714285714285,0.0
prediction_loss_decoupling,offroute5,offroute5,8,ccra_exact_guard,CCRA exact,3,31,15,2,7,5,1.0,,1,32,0,32,0,0,1,,0.0032258064516129032,,0.012005649717514125,1.0,1.0,0.0,1.0,0.14285714285714285,0.0
prediction_loss_decoupling,offroute5,offroute5,8,ccra_exact_guard,CCRA exact,4,31,15,2,7,5,1.0,,1,32,0,32,0,0,1,,0.0032258064516129032,,0.012005649717514125,1.0,1.0,0.0,1.0,0.14285714285714285,0.0
prediction_loss_decoupling,offroute5,offroute5,8,ccra_row_guard,CCRA row,0,31,15,2,7,5,1.0,,1,33,1,33,0,0,1,,0.017741935483870968,,0.2503531073446328,30.0,2.0,28.0,0.06666666666666667,0.2857142857142857,0.9333333333333333
prediction_loss_decoupling,offroute5,offroute5,8,ccra_row_guard,CCRA row,1,31,15,2,7,5,1.0,,1,32,0,32,0,0,1,,0.017741935483870968,,0.2503531073446328,30.0,2.0,28.0,0.06666666666666667,0.2857142857142857,0.9333333333333333
prediction_loss_decoupling,offroute5,offroute5,8,ccra_row_guard,CCRA row,2,31,15,2,7,5,1.0,,1,32,0,32,0,0,1,,0.017741935483870968,,0.2503531073446328,30.0,2.0,28.0,0.06666666666666667,0.2857142857142857,0.9333333333333333
prediction_loss_decoupling,offroute5,offroute5,8,ccra_row_guard,CCRA row,3,31,15,2,7,5,1.0,,1,32,0,32,0,0,1,,0.017741935483870968,,0.2503531073446328,30.0,2.0,28.0,0.06666666666666667,0.2857142857142857,0.9333333333333333
prediction_loss_decoupling,offroute5,offroute5,8,ccra_row_guard,CCRA row,4,31,15,2,7,5,1.0,,1,32,0,32,0,0,1,,0.017741935483870968,,0.2503531073446328,30.0,2.0,28.0,0.06666666666666667,0.2857142857142857,0.9333333333333333
prediction_loss_decoupling,offroute5,offroute5,8,global_action_repair,Global action,0,31,15,2,7,5,1.0,,0,6,3,7,0,0,1,,0.23817204301075268,,0.4770480225988701,450.0,7.0,443.0,0.015555555555555555,1.0,0.9844444444444445
prediction_loss_decoupling,offroute5,offroute5,8,global_action_repair,Global action,1,31,15,2,7,5,1.0,,0,0,0,1,0,0,1,,0.23817204301075268,,0.4770480225988701,450.0,7.0,443.0,0.015555555555555555,1.0,0.9844444444444445
prediction_loss_decoupling,offroute5,offroute5,8,global_action_repair,Global action,2,31,15,2,7,5,1.0,,0,0,0,1,0,0,1,,0.23817204301075268,,0.4770480225988701,450.0,7.0,443.0,0.015555555555555555,1.0,0.9844444444444445
prediction_loss_decoupling,offroute5,offroute5,8,global_action_repair,Global action,3,31,15,2,7,5,1.0,,0,0,0,1,0,0,1,,0.23817204301075268,,0.4770480225988701,450.0,7.0,443.0,0.015555555555555555,1.0,0.9844444444444445
prediction_loss_decoupling,offroute5,offroute5,8,global_action_repair,Global action,4,31,15,2,7,5,1.0,,0,0,0,1,0,0,1,,0.23817204301075268,,0.4770480225988701,450.0,7.0,443.0,0.015555555555555555,1.0,0.9844444444444445
prediction_loss_decoupling,offroute5,offroute5,8,oracle_fault_model,Oracle,0,31,15,2,7,5,1.0,,1,32,0,32,0,0,0,,0.0,,0.0,7.0,7.0,0.0,1.0,1.0,0.0
prediction_loss_decoupling,offroute5,offroute5,8,oracle_fault_model,Oracle,1,31,15,2,7,5,1.0,,1,32,0,32,0,0,0,,0.0,,0.0,7.0,7.0,0.0,1.0,1.0,0.0
prediction_loss_decoupling,offroute5,offroute5,8,oracle_fault_model,Oracle,2,31,15,2,7,5,1.0,,1,32,0,32,0,0,0,,0.0,,0.0,7.0,7.0,0.0,1.0,1.0,0.0
prediction_loss_decoupling,offroute5,offroute5,8,oracle_fault_model,Oracle,3,31,15,2,7,5,1.0,,1,32,0,32,0,0,0,,0.0,,0.0,7.0,7.0,0.0,1.0,1.0,0.0
prediction_loss_decoupling,offroute5,offroute5,8,oracle_fault_model,Oracle,4,31,15,2,7,5,1.0,,1,32,0,32,0,0,0,,0.0,,0.0,7.0,7.0,0.0,1.0,1.0,0.0
prediction_loss_decoupling,offroute5,offroute5,9,nominal_no_repair,Nominal,0,31,15,2,7,5,1.0,,0,180,164,17,0,1,0,,0.003763440860215054,,0.020833333333333332,0.0,0.0,0.0,1.0,0.0,0.0
prediction_loss_decoupling,offroute5,offroute5,9,nominal_no_repair,Nominal,1,31,15,2,7,5,1.0,,0,180,164,17,0,1,0,,0.003763440860215054,,0.020833333333333332,0.0,0.0,0.0,1.0,0.0,0.0
prediction_loss_decoupling,offroute5,offroute5,9,nominal_no_repair,Nominal,2,31,15,2,7,5,1.0,,0,180,164,17,0,1,0,,0.003763440860215054,,0.020833333333333332,0.0,0.0,0.0,1.0,0.0,0.0
prediction_loss_decoupling,offroute5,offroute5,9,nominal_no_repair,Nominal,3,31,15,2,7,5,1.0,,0,180,164,17,0,1,0,,0.003763440860215054,,0.020833333333333332,0.0,0.0,0.0,1.0,0.0,0.0
prediction_loss_decoupling,offroute5,offroute5,9,nominal_no_repair,Nominal,4,31,15,2,7,5,1.0,,0,180,164,17,0,1,0,,0.003763440860215054,,0.020833333333333332,0.0,0.0,0.0,1.0,0.0,0.0
prediction_loss_decoupling,offroute5,offroute5,9,shield_only,Shield only,0,31,15,2,7,5,1.0,,0,180,164,18,1,1,1,,0.003763440860215054,,0.020833333333333332,0.0,0.0,0.0,1.0,0.0,0.0
prediction_loss_decoupling,offroute5,offroute5,9,shield_only,Shield only,1,31,15,2,7,5,1.0,,0,180,164,17,1,1,1,,0.003763440860215054,,0.020833333333333332,0.0,0.0,0.0,1.0,0.0,0.0
prediction_loss_decoupling,offroute5,offroute5,9,shield_only,Shield only,2,31,15,2,7,5,1.0,,0,180,164,17,1,1,1,,0.003763440860215054,,0.020833333333333332,0.0,0.0,0.0,1.0,0.0,0.0
prediction_loss_decoupling,offroute5,offroute5,9,shield_only,Shield only,3,31,15,2,7,5,1.0,,0,180,164,17,1,1,1,,0.003763440860215054,,0.020833333333333332,0.0,0.0,0.0,1.0,0.0,0.0
prediction_loss_decoupling,offroute5,offroute5,9,shield_only,Shield only,4,31,15,2,7,5,1.0,,0,180,164,17,1,1,1,,0.003763440860215054,,0.020833333333333332,0.0,0.0,0.0,1.0,0.0,0.0
prediction_loss_decoupling,offroute5,offroute5,9,batch_episode_retrain,Batch episode,0,31,15,2,7,5,1.0,,0,180,164,17,0,1,0,,0.003763440860215054,,0.020833333333333332,0.0,0.0,0.0,1.0,0.0,0.0
prediction_loss_decoupling,offroute5,offroute5,9,batch_episode_retrain,Batch episode,1,31,15,2,7,5,1.0,,0,180,152,29,0,1,1,,0.0032258064516129032,,0.012005649717514125,1.0,1.0,0.0,1.0,0.14285714285714285,0.0
prediction_loss_decoupling,offroute5,offroute5,9,batch_episode_retrain,Batch episode,2,31,15,2,7,5,1.0,,1,32,0,32,0,0,2,,0.002688172043010753,,0.010240112994350282,2.0,2.0,0.0,1.0,0.2857142857142857,0.0
prediction_loss_decoupling,offroute5,offroute5,9,batch_episode_retrain,Batch episode,3,31,15,2,7,5,1.0,,1,32,0,32,0,0,2,,0.002688172043010753,,0.010240112994350282,2.0,2.0,0.0,1.0,0.2857142857142857,0.0
prediction_loss_decoupling,offroute5,offroute5,9,batch_episode_retrain,Batch episode,4,31,15,2,7,5,1.0,,1,32,0,32,0,0,2,,0.002688172043010753,,0.010240112994350282,2.0,2.0,0.0,1.0,0.2857142857142857,0.0
prediction_loss_decoupling,offroute5,offroute5,9,threshold_8,Threshold 8,0,31,15,2,7,5,1.0,,1,48,16,48,0,0,2,,0.002688172043010753,,0.010240112994350282,2.0,2.0,0.0,1.0,0.2857142857142857,0.0
prediction_loss_decoupling,offroute5,offroute5,9,threshold_8,Threshold 8,1,31,15,2,7,5,1.0,,1,32,0,32,0,0,2,,0.002688172043010753,,0.010240112994350282,2.0,2.0,0.0,1.0,0.2857142857142857,0.0
prediction_loss_decoupling,offroute5,offroute5,9,threshold_8,Threshold 8,2,31,15,2,7,5,1.0,,1,32,0,32,0,0,2,,0.002688172043010753,,0.010240112994350282,2.0,2.0,0.0,1.0,0.2857142857142857,0.0
prediction_loss_decoupling,offroute5,offroute5,9,threshold_8,Threshold 8,3,31,15,2,7,5,1.0,,1,32,0,32,0,0,2,,0.002688172043010753,,0.010240112994350282,2.0,2.0,0.0,1.0,0.2857142857142857,0.0
prediction_loss_decoupling,offroute5,offroute5,9,threshold_8,Threshold 8,4,31,15,2,7,5,1.0,,1,32,0,32,0,0,2,,0.002688172043010753,,0.010240112994350282,2.0,2.0,0.0,1.0,0.2857142857142857,0.0
prediction_loss_decoupling,offroute5,offroute5,9,uncertainty_cost_avoidance,Cost avoidance,0,31,15,2,7,5,1.0,,1,34,2,34,0,0,2,,0.003763440860215054,,0.020833333333333332,0.0,0.0,0.0,1.0,0.0,0.0
prediction_loss_decoupling,offroute5,offroute5,9,uncertainty_cost_avoidance,Cost avoidance,1,31,15,2,7,5,1.0,,1,32,0,32,0,0,2,,0.003763440860215054,,0.020833333333333332,0.0,0.0,0.0,1.0,0.0,0.0
prediction_loss_decoupling,offroute5,offroute5,9,uncertainty_cost_avoidance,Cost avoidance,2,31,15,2,7,5,1.0,,1,32,0,32,0,0,2,,0.003763440860215054,,0.020833333333333332,0.0,0.0,0.0,1.0,0.0,0.0
prediction_loss_decoupling,offroute5,offroute5,9,uncertainty_cost_avoidance,Cost avoidance,3,31,15,2,7,5,1.0,,1,32,0,32,0,0,2,,0.003763440860215054,,0.020833333333333332,0.0,0.0,0.0,1.0,0.0,0.0
prediction_loss_decoupling,offroute5,offroute5,9,uncertainty_cost_avoidance,Cost avoidance,4,31,15,2,7,5,1.0,,1,32,0,32,0,0,2,,0.003763440860215054,,0.020833333333333332,0.0,0.0,0.0,1.0,0.0,0.0
prediction_loss_decoupling,offroute5,offroute5,9,ccra_exact_guard,CCRA exact,0,31,15,2,7,5,1.0,,1,34,2,34,0,0,2,,0.002688172043010753,,0.010240112994350282,2.0,2.0,0.0,1.0,0.2857142857142857,0.0
prediction_loss_decoupling,offroute5,offroute5,9,ccra_exact_guard,CCRA exact,1,31,15,2,7,5,1.0,,1,32,0,32,0,0,2,,0.002688172043010753,,0.010240112994350282,2.0,2.0,0.0,1.0,0.2857142857142857,0.0
prediction_loss_decoupling,offroute5,offroute5,9,ccra_exact_guard,CCRA exact,2,31,15,2,7,5,1.0,,1,32,0,32,0,0,2,,0.002688172043010753,,0.010240112994350282,2.0,2.0,0.0,1.0,0.2857142857142857,0.0
prediction_loss_decoupling,offroute5,offroute5,9,ccra_exact_guard,CCRA exact,3,31,15,2,7,5,1.0,,1,32,0,32,0,0,2,,0.002688172043010753,,0.010240112994350282,2.0,2.0,0.0,1.0,0.2857142857142857,0.0
prediction_loss_decoupling,offroute5,offroute5,9,ccra_exact_guard,CCRA exact,4,31,15,2,7,5,1.0,,1,32,0,32,0,0,2,,0.002688172043010753,,0.010240112994350282,2.0,2.0,0.0,1.0,0.2857142857142857,0.0
prediction_loss_decoupling,offroute5,offroute5,9,ccra_row_guard,CCRA row,0,31,15,2,7,5,1.0,,1,36,2,36,0,0,2,,0.032795698924731186,,0.2997881355932203,60.0,3.0,57.0,0.05,0.42857142857142855,0.95
prediction_loss_decoupling,offroute5,offroute5,9,ccra_row_guard,CCRA row,1,31,15,2,7,5,1.0,,1,32,0,32,0,0,2,,0.032795698924731186,,0.2997881355932203,60.0,3.0,57.0,0.05,0.42857142857142855,0.95
prediction_loss_decoupling,offroute5,offroute5,9,ccra_row_guard,CCRA row,2,31,15,2,7,5,1.0,,1,32,0,32,0,0,2,,0.032795698924731186,,0.2997881355932203,60.0,3.0,57.0,0.05,0.42857142857142855,0.95
prediction_loss_decoupling,offroute5,offroute5,9,ccra_row_guard,CCRA row,3,31,15,2,7,5,1.0,,1,32,0,32,0,0,2,,0.032795698924731186,,0.2997881355932203,60.0,3.0,57.0,0.05,0.42857142857142855,0.95
prediction_loss_decoupling,offroute5,offroute5,9,ccra_row_guard,CCRA row,4,31,15,2,7,5,1.0,,1,32,0,32,0,0,2,,0.032795698924731186,,0.2997881355932203,60.0,3.0,57.0,0.05,0.42857142857142855,0.95
prediction_loss_decoupling,offroute5,offroute5,9,global_action_repair,Global action,0,31,15,2,7,5,1.0,,0,19,3,20,0,0,1,,0.23817204301075268,,0.4770480225988701,450.0,7.0,443.0,0.015555555555555555,1.0,0.9844444444444445
prediction_loss_decoupling,offroute5,offroute5,9,global_action_repair,Global action,1,31,15,2,7,5,1.0,,0,0,0,1,0,0,1,,0.23817204301075268,,0.4770480225988701,450.0,7.0,443.0,0.015555555555555555,1.0,0.9844444444444445
prediction_loss_decoupling,offroute5,offroute5,9,global_action_repair,Global action,2,31,15,2,7,5,1.0,,0,0,0,1,0,0,1,,0.23817204301075268,,0.4770480225988701,450.0,7.0,443.0,0.015555555555555555,1.0,0.9844444444444445
prediction_loss_decoupling,offroute5,offroute5,9,global_action_repair,Global action,3,31,15,2,7,5,1.0,,0,0,0,1,0,0,1,,0.23817204301075268,,0.4770480225988701,450.0,7.0,443.0,0.015555555555555555,1.0,0.9844444444444445
prediction_loss_decoupling,offroute5,offroute5,9,global_action_repair,Global action,4,31,15,2,7,5,1.0,,0,0,0,1,0,0,1,,0.23817204301075268,,0.4770480225988701,450.0,7.0,443.0,0.015555555555555555,1.0,0.9844444444444445
prediction_loss_decoupling,offroute5,offroute5,9,oracle_fault_model,Oracle,0,31,15,2,7,5,1.0,,1,32,0,32,0,0,0,,0.0,,0.0,7.0,7.0,0.0,1.0,1.0,0.0
prediction_loss_decoupling,offroute5,offroute5,9,oracle_fault_model,Oracle,1,31,15,2,7,5,1.0,,1,32,0,32,0,0,0,,0.0,,0.0,7.0,7.0,0.0,1.0,1.0,0.0
prediction_loss_decoupling,offroute5,offroute5,9,oracle_fault_model,Oracle,2,31,15,2,7,5,1.0,,1,32,0,32,0,0,0,,0.0,,0.0,7.0,7.0,0.0,1.0,1.0,0.0
prediction_loss_decoupling,offroute5,offroute5,9,oracle_fault_model,Oracle,3,31,15,2,7,5,1.0,,1,32,0,32,0,0,0,,0.0,,0.0,7.0,7.0,0.0,1.0,1.0,0.0
prediction_loss_decoupling,offroute5,offroute5,9,oracle_fault_model,Oracle,4,31,15,2,7,5,1.0,,1,32,0,32,0,0,0,,0.0,,0.0,7.0,7.0,0.0,1.0,1.0,0.0
prediction_loss_decoupling,offroute5,offroute5,10,nominal_no_repair,Nominal,0,31,15,2,7,5,1.0,,0,180,160,21,0,1,0,,0.003763440860215054,,0.01942090395480226,0.0,0.0,0.0,1.0,0.0,0.0
prediction_loss_decoupling,offroute5,offroute5,10,nominal_no_repair,Nominal,1,31,15,2,7,5,1.0,,0,180,160,21,0,1,0,,0.003763440860215054,,0.01942090395480226,0.0,0.0,0.0,1.0,0.0,0.0
prediction_loss_decoupling,offroute5,offroute5,10,nominal_no_repair,Nominal,2,31,15,2,7,5,1.0,,0,180,160,21,0,1,0,,0.003763440860215054,,0.01942090395480226,0.0,0.0,0.0,1.0,0.0,0.0
prediction_loss_decoupling,offroute5,offroute5,10,nominal_no_repair,Nominal,3,31,15,2,7,5,1.0,,0,180,160,21,0,1,0,,0.003763440860215054,,0.01942090395480226,0.0,0.0,0.0,1.0,0.0,0.0
prediction_loss_decoupling,offroute5,offroute5,10,nominal_no_repair,Nominal,4,31,15,2,7,5,1.0,,0,180,160,21,0,1,0,,0.003763440860215054,,0.01942090395480226,0.0,0.0,0.0,1.0,0.0,0.0
prediction_loss_decoupling,offroute5,offroute5,10,shield_only,Shield only,0,31,15,2,7,5,1.0,,0,180,160,22,1,1,1,,0.003763440860215054,,0.01942090395480226,0.0,0.0,0.0,1.0,0.0,0.0
prediction_loss_decoupling,offroute5,offroute5,10,shield_only,Shield only,1,31,15,2,7,5,1.0,,0,180,160,21,1,1,1,,0.003763440860215054,,0.01942090395480226,0.0,0.0,0.0,1.0,0.0,0.0
prediction_loss_decoupling,offroute5,offroute5,10,shield_only,Shield only,2,31,15,2,7,5,1.0,,0,180,160,21,1,1,1,,0.003763440860215054,,0.01942090395480226,0.0,0.0,0.0,1.0,0.0,0.0
prediction_loss_decoupling,offroute5,offroute5,10,shield_only,Shield only,3,31,15,2,7,5,1.0,,0,180,160,21,1,1,1,,0.003763440860215054,,0.01942090395480226,0.0,0.0,0.0,1.0,0.0,0.0
prediction_loss_decoupling,offroute5,offroute5,10,shield_only,Shield only,4,31,15,2,7,5,1.0,,0,180,160,21,1,1,1,,0.003763440860215054,,0.01942090395480226,0.0,0.0,0.0,1.0,0.0,0.0
prediction_loss_decoupling,offroute5,offroute5,10,batch_episode_retrain,Batch episode,0,31,15,2,7,5,1.0,,0,180,160,21,0,1,0,,0.003763440860215054,,0.01942090395480226,0.0,0.0,0.0,1.0,0.0,0.0
prediction_loss_decoupling,offroute5,offroute5,10,batch_episode_retrain,Batch episode,1,31,15,2,7,5,1.0,,1,32,0,32,0,0,1,,0.0032258064516129032,,0.01059322033898305,1.0,1.0,0.0,1.0,0.14285714285714285,0.0
prediction_loss_decoupling,offroute5,offroute5,10,batch_episode_retrain,Batch episode,2,31,15,2,7,5,1.0,,1,32,0,32,0,0,1,,0.0032258064516129032,,0.01059322033898305,1.0,1.0,0.0,1.0,0.14285714285714285,0.0
prediction_loss_decoupling,offroute5,offroute5,10,batch_episode_retrain,Batch episode,3,31,15,2,7,5,1.0,,1,32,0,32,0,0,1,,0.0032258064516129032,,0.01059322033898305,1.0,1.0,0.0,1.0,0.14285714285714285,0.0
prediction_loss_decoupling,offroute5,offroute5,10,batch_episode_retrain,Batch episode,4,31,15,2,7,5,1.0,,1,32,0,32,0,0,1,,0.0032258064516129032,,0.01059322033898305,1.0,1.0,0.0,1.0,0.14285714285714285,0.0
prediction_loss_decoupling,offroute5,offroute5,10,threshold_8,Threshold 8,0,31,15,2,7,5,1.0,,1,40,8,40,0,0,1,,0.0032258064516129032,,0.01059322033898305,1.0,1.0,0.0,1.0,0.14285714285714285,0.0
prediction_loss_decoupling,offroute5,offroute5,10,threshold_8,Threshold 8,1,31,15,2,7,5,1.0,,1,32,0,32,0,0,1,,0.0032258064516129032,,0.01059322033898305,1.0,1.0,0.0,1.0,0.14285714285714285,0.0
prediction_loss_decoupling,offroute5,offroute5,10,threshold_8,Threshold 8,2,31,15,2,7,5,1.0,,1,32,0,32,0,0,1,,0.0032258064516129032,,0.01059322033898305,1.0,1.0,0.0,1.0,0.14285714285714285,0.0
prediction_loss_decoupling,offroute5,offroute5,10,threshold_8,Threshold 8,3,31,15,2,7,5,1.0,,1,32,0,32,0,0,1,,0.0032258064516129032,,0.01059322033898305,1.0,1.0,0.0,1.0,0.14285714285714285,0.0
prediction_loss_decoupling,offroute5,offroute5,10,threshold_8,Threshold 8,4,31,15,2,7,5,1.0,,1,32,0,32,0,0,1,,0.0032258064516129032,,0.01059322033898305,1.0,1.0,0.0,1.0,0.14285714285714285,0.0
prediction_loss_decoupling,offroute5,offroute5,10,uncertainty_cost_avoidance,Cost avoidance,0,31,15,2,7,5,1.0,,1,33,1,33,0,0,1,,0.003763440860215054,,0.01942090395480226,0.0,0.0,0.0,1.0,0.0,0.0
prediction_loss_decoupling,offroute5,offroute5,10,uncertainty_cost_avoidance,Cost avoidance,1,31,15,2,7,5,1.0,,1,32,0,32,0,0,1,,0.003763440860215054,,0.01942090395480226,0.0,0.0,0.0,1.0,0.0,0.0
prediction_loss_decoupling,offroute5,offroute5,10,uncertainty_cost_avoidance,Cost avoidance,2,31,15,2,7,5,1.0,,1,32,0,32,0,0,1,,0.003763440860215054,,0.01942090395480226,0.0,0.0,0.0,1.0,0.0,0.0
prediction_loss_decoupling,offroute5,offroute5,10,uncertainty_cost_avoidance,Cost avoidance,3,31,15,2,7,5,1.0,,1,32,0,32,0,0,1,,0.003763440860215054,,0.01942090395480226,0.0,0.0,0.0,1.0,0.0,0.0
prediction_loss_decoupling,offroute5,offroute5,10,uncertainty_cost_avoidance,Cost avoidance,4,31,15,2,7,5,1.0,,1,32,0,32,0,0,1,,0.003763440860215054,,0.01942090395480226,0.0,0.0,0.0,1.0,0.0,0.0
prediction_loss_decoupling,offroute5,offroute5,10,ccra_exact_guard,CCRA exact,0,31,15,2,7,5,1.0,,1,33,1,33,0,0,1,,0.0032258064516129032,,0.01059322033898305,1.0,1.0,0.0,1.0,0.14285714285714285,0.0
prediction_loss_decoupling,offroute5,offroute5,10,ccra_exact_guard,CCRA exact,1,31,15,2,7,5,1.0,,1,32,0,32,0,0,1,,0.0032258064516129032,,0.01059322033898305,1.0,1.0,0.0,1.0,0.14285714285714285,0.0
prediction_loss_decoupling,offroute5,offroute5,10,ccra_exact_guard,CCRA exact,2,31,15,2,7,5,1.0,,1,32,0,32,0,0,1,,0.0032258064516129032,,0.01059322033898305,1.0,1.0,0.0,1.0,0.14285714285714285,0.0
prediction_loss_decoupling,offroute5,offroute5,10,ccra_exact_guard,CCRA exact,3,31,15,2,7,5,1.0,,1,32,0,32,0,0,1,,0.0032258064516129032,,0.01059322033898305,1.0,1.0,0.0,1.0,0.14285714285714285,0.0
prediction_loss_decoupling,offroute5,offroute5,10,ccra_exact_guard,CCRA exact,4,31,15,2,7,5,1.0,,1,32,0,32,0,0,1,,0.0032258064516129032,,0.01059322033898305,1.0,1.0,0.0,1.0,0.14285714285714285,0.0
prediction_loss_decoupling,offroute5,offroute5,10,ccra_row_guard,CCRA row,0,31,15,2,7,5,1.0,,1,33,1,33,0,0,1,,0.017741935483870968,,0.2489406779661017,30.0,2.0,28.0,0.06666666666666667,0.2857142857142857,0.9333333333333333
prediction_loss_decoupling,offroute5,offroute5,10,ccra_row_guard,CCRA row,1,31,15,2,7,5,1.0,,1,32,0,32,0,0,1,,0.017741935483870968,,0.2489406779661017,30.0,2.0,28.0,0.06666666666666667,0.2857142857142857,0.9333333333333333
prediction_loss_decoupling,offroute5,offroute5,10,ccra_row_guard,CCRA row,2,31,15,2,7,5,1.0,,1,32,0,32,0,0,1,,0.017741935483870968,,0.2489406779661017,30.0,2.0,28.0,0.06666666666666667,0.2857142857142857,0.9333333333333333
prediction_loss_decoupling,offroute5,offroute5,10,ccra_row_guard,CCRA row,3,31,15,2,7,5,1.0,,1,32,0,32,0,0,1,,0.017741935483870968,,0.2489406779661017,30.0,2.0,28.0,0.06666666666666667,0.2857142857142857,0.9333333333333333
prediction_loss_decoupling,offroute5,offroute5,10,ccra_row_guard,CCRA row,4,31,15,2,7,5,1.0,,1,32,0,32,0,0,1,,0.017741935483870968,,0.2489406779661017,30.0,2.0,28.0,0.06666666666666667,0.2857142857142857,0.9333333333333333
prediction_loss_decoupling,offroute5,offroute5,10,global_action_repair,Global action,0,31,15,2,7,5,1.0,,0,23,3,24,0,0,1,,0.23817204301075268,,0.4784604519774011,450.0,7.0,443.0,0.015555555555555555,1.0,0.9844444444444445
prediction_loss_decoupling,offroute5,offroute5,10,global_action_repair,Global action,1,31,15,2,7,5,1.0,,0,0,0,1,0,0,1,,0.23817204301075268,,0.4784604519774011,450.0,7.0,443.0,0.015555555555555555,1.0,0.9844444444444445
prediction_loss_decoupling,offroute5,offroute5,10,global_action_repair,Global action,2,31,15,2,7,5,1.0,,0,0,0,1,0,0,1,,0.23817204301075268,,0.4784604519774011,450.0,7.0,443.0,0.015555555555555555,1.0,0.9844444444444445
prediction_loss_decoupling,offroute5,offroute5,10,global_action_repair,Global action,3,31,15,2,7,5,1.0,,0,0,0,1,0,0,1,,0.23817204301075268,,0.4784604519774011,450.0,7.0,443.0,0.015555555555555555,1.0,0.9844444444444445
prediction_loss_decoupling,offroute5,offroute5,10,global_action_repair,Global action,4,31,15,2,7,5,1.0,,0,0,0,1,0,0,1,,0.23817204301075268,,0.4784604519774011,450.0,7.0,443.0,0.015555555555555555,1.0,0.9844444444444445
prediction_loss_decoupling,offroute5,offroute5,10,oracle_fault_model,Oracle,0,31,15,2,7,5,1.0,,1,32,0,32,0,0,0,,0.0,,0.0,7.0,7.0,0.0,1.0,1.0,0.0
prediction_loss_decoupling,offroute5,offroute5,10,oracle_fault_model,Oracle,1,31,15,2,7,5,1.0,,1,32,0,32,0,0,0,,0.0,,0.0,7.0,7.0,0.0,1.0,1.0,0.0
prediction_loss_decoupling,offroute5,offroute5,10,oracle_fault_model,Oracle,2,31,15,2,7,5,1.0,,1,32,0,32,0,0,0,,0.0,,0.0,7.0,7.0,0.0,1.0,1.0,0.0
prediction_loss_decoupling,offroute5,offroute5,10,oracle_fault_model,Oracle,3,31,15,2,7,5,1.0,,1,32,0,32,0,0,0,,0.0,,0.0,7.0,7.0,0.0,1.0,1.0,0.0
prediction_loss_decoupling,offroute5,offroute5,10,oracle_fault_model,Oracle,4,31,15,2,7,5,1.0,,1,32,0,32,0,0,0,,0.0,,0.0,7.0,7.0,0.0,1.0,1.0,0.0
prediction_loss_decoupling,offroute5,offroute5,11,nominal_no_repair,Nominal,0,31,15,2,7,5,1.0,,0,180,175,6,0,1,0,,0.003763440860215054,,0.020833333333333332,0.0,0.0,0.0,1.0,0.0,0.0
prediction_loss_decoupling,offroute5,offroute5,11,nominal_no_repair,Nominal,1,31,15,2,7,5,1.0,,0,180,175,6,0,1,0,,0.003763440860215054,,0.020833333333333332,0.0,0.0,0.0,1.0,0.0,0.0
prediction_loss_decoupling,offroute5,offroute5,11,nominal_no_repair,Nominal,2,31,15,2,7,5,1.0,,0,180,175,6,0,1,0,,0.003763440860215054,,0.020833333333333332,0.0,0.0,0.0,1.0,0.0,0.0
prediction_loss_decoupling,offroute5,offroute5,11,nominal_no_repair,Nominal,3,31,15,2,7,5,1.0,,0,180,175,6,0,1,0,,0.003763440860215054,,0.020833333333333332,0.0,0.0,0.0,1.0,0.0,0.0
prediction_loss_decoupling,offroute5,offroute5,11,nominal_no_repair,Nominal,4,31,15,2,7,5,1.0,,0,180,175,6,0,1,0,,0.003763440860215054,,0.020833333333333332,0.0,0.0,0.0,1.0,0.0,0.0
prediction_loss_decoupling,offroute5,offroute5,11,shield_only,Shield only,0,31,15,2,7,5,1.0,,0,180,175,7,1,1,1,,0.003763440860215054,,0.020833333333333332,0.0,0.0,0.0,1.0,0.0,0.0
prediction_loss_decoupling,offroute5,offroute5,11,shield_only,Shield only,1,31,15,2,7,5,1.0,,0,180,175,6,1,1,1,,0.003763440860215054,,0.020833333333333332,0.0,0.0,0.0,1.0,0.0,0.0
prediction_loss_decoupling,offroute5,offroute5,11,shield_only,Shield only,2,31,15,2,7,5,1.0,,0,180,175,6,1,1,1,,0.003763440860215054,,0.020833333333333332,0.0,0.0,0.0,1.0,0.0,0.0
prediction_loss_decoupling,offroute5,offroute5,11,shield_only,Shield only,3,31,15,2,7,5,1.0,,0,180,175,6,1,1,1,,0.003763440860215054,,0.020833333333333332,0.0,0.0,0.0,1.0,0.0,0.0
prediction_loss_decoupling,offroute5,offroute5,11,shield_only,Shield only,4,31,15,2,7,5,1.0,,0,180,175,6,1,1,1,,0.003763440860215054,,0.020833333333333332,0.0,0.0,0.0,1.0,0.0,0.0
prediction_loss_decoupling,offroute5,offroute5,11,batch_episode_retrain,Batch episode,0,31,15,2,7,5,1.0,,0,180,175,6,0,1,0,,0.003763440860215054,,0.020833333333333332,0.0,0.0,0.0,1.0,0.0,0.0
prediction_loss_decoupling,offroute5,offroute5,11,batch_episode_retrain,Batch episode,1,31,15,2,7,5,1.0,,1,32,0,32,0,0,1,,0.0032258064516129032,,0.012005649717514125,1.0,1.0,0.0,1.0,0.14285714285714285,0.0
prediction_loss_decoupling,offroute5,offroute5,11,batch_episode_retrain,Batch episode,2,31,15,2,7,5,1.0,,1,32,0,32,0,0,1,,0.0032258064516129032,,0.012005649717514125,1.0,1.0,0.0,1.0,0.14285714285714285,0.0
prediction_loss_decoupling,offroute5,offroute5,11,batch_episode_retrain,Batch episode,3,31,15,2,7,5,1.0,,1,32,0,32,0,0,1,,0.0032258064516129032,,0.012005649717514125,1.0,1.0,0.0,1.0,0.14285714285714285,0.0
prediction_loss_decoupling,offroute5,offroute5,11,batch_episode_retrain,Batch episode,4,31,15,2,7,5,1.0,,1,32,0,32,0,0,1,,0.0032258064516129032,,0.012005649717514125,1.0,1.0,0.0,1.0,0.14285714285714285,0.0
prediction_loss_decoupling,offroute5,offroute5,11,threshold_8,Threshold 8,0,31,15,2,7,5,1.0,,1,40,8,40,0,0,1,,0.0032258064516129032,,0.012005649717514125,1.0,1.0,0.0,1.0,0.14285714285714285,0.0
prediction_loss_decoupling,offroute5,offroute5,11,threshold_8,Threshold 8,1,31,15,2,7,5,1.0,,1,32,0,32,0,0,1,,0.0032258064516129032,,0.012005649717514125,1.0,1.0,0.0,1.0,0.14285714285714285,0.0
prediction_loss_decoupling,offroute5,offroute5,11,threshold_8,Threshold 8,2,31,15,2,7,5,1.0,,1,32,0,32,0,0,1,,0.0032258064516129032,,0.012005649717514125,1.0,1.0,0.0,1.0,0.14285714285714285,0.0
prediction_loss_decoupling,offroute5,offroute5,11,threshold_8,Threshold 8,3,31,15,2,7,5,1.0,,1,32,0,32,0,0,1,,0.0032258064516129032,,0.012005649717514125,1.0,1.0,0.0,1.0,0.14285714285714285,0.0
prediction_loss_decoupling,offroute5,offroute5,11,threshold_8,Threshold 8,4,31,15,2,7,5,1.0,,1,32,0,32,0,0,1,,0.0032258064516129032,,0.012005649717514125,1.0,1.0,0.0,1.0,0.14285714285714285,0.0
prediction_loss_decoupling,offroute5,offroute5,11,uncertainty_cost_avoidance,Cost avoidance,0,31,15,2,7,5,1.0,,1,33,1,33,0,0,1,,0.003763440860215054,,0.020833333333333332,0.0,0.0,0.0,1.0,0.0,0.0
prediction_loss_decoupling,offroute5,offroute5,11,uncertainty_cost_avoidance,Cost avoidance,1,31,15,2,7,5,1.0,,1,32,0,32,0,0,1,,0.003763440860215054,,0.020833333333333332,0.0,0.0,0.0,1.0,0.0,0.0
prediction_loss_decoupling,offroute5,offroute5,11,uncertainty_cost_avoidance,Cost avoidance,2,31,15,2,7,5,1.0,,1,32,0,32,0,0,1,,0.003763440860215054,,0.020833333333333332,0.0,0.0,0.0,1.0,0.0,0.0
prediction_loss_decoupling,offroute5,offroute5,11,uncertainty_cost_avoidance,Cost avoidance,3,31,15,2,7,5,1.0,,1,32,0,32,0,0,1,,0.003763440860215054,,0.020833333333333332,0.0,0.0,0.0,1.0,0.0,0.0
prediction_loss_decoupling,offroute5,offroute5,11,uncertainty_cost_avoidance,Cost avoidance,4,31,15,2,7,5,1.0,,1,32,0,32,0,0,1,,0.003763440860215054,,0.020833333333333332,0.0,0.0,0.0,1.0,0.0,0.0
prediction_loss_decoupling,offroute5,offroute5,11,ccra_exact_guard,CCRA exact,0,31,15,2,7,5,1.0,,1,33,1,33,0,0,1,,0.0032258064516129032,,0.012005649717514125,1.0,1.0,0.0,1.0,0.14285714285714285,0.0
prediction_loss_decoupling,offroute5,offroute5,11,ccra_exact_guard,CCRA exact,1,31,15,2,7,5,1.0,,1,32,0,32,0,0,1,,0.0032258064516129032,,0.012005649717514125,1.0,1.0,0.0,1.0,0.14285714285714285,0.0
prediction_loss_decoupling,offroute5,offroute5,11,ccra_exact_guard,CCRA exact,2,31,15,2,7,5,1.0,,1,32,0,32,0,0,1,,0.0032258064516129032,,0.012005649717514125,1.0,1.0,0.0,1.0,0.14285714285714285,0.0
prediction_loss_decoupling,offroute5,offroute5,11,ccra_exact_guard,CCRA exact,3,31,15,2,7,5,1.0,,1,32,0,32,0,0,1,,0.0032258064516129032,,0.012005649717514125,1.0,1.0,0.0,1.0,0.14285714285714285,0.0
prediction_loss_decoupling,offroute5,offroute5,11,ccra_exact_guard,CCRA exact,4,31,15,2,7,5,1.0,,1,32,0,32,0,0,1,,0.0032258064516129032,,0.012005649717514125,1.0,1.0,0.0,1.0,0.14285714285714285,0.0
prediction_loss_decoupling,offroute5,offroute5,11,ccra_row_guard,CCRA row,0,31,15,2,7,5,1.0,,1,33,1,33,0,0,1,,0.017741935483870968,,0.2503531073446328,30.0,2.0,28.0,0.06666666666666667,0.2857142857142857,0.9333333333333333
prediction_loss_decoupling,offroute5,offroute5,11,ccra_row_guard,CCRA row,1,31,15,2,7,5,1.0,,1,32,0,32,0,0,1,,0.017741935483870968,,0.2503531073446328,30.0,2.0,28.0,0.06666666666666667,0.2857142857142857,0.9333333333333333
prediction_loss_decoupling,offroute5,offroute5,11,ccra_row_guard,CCRA row,2,31,15,2,7,5,1.0,,1,32,0,32,0,0,1,,0.017741935483870968,,0.2503531073446328,30.0,2.0,28.0,0.06666666666666667,0.2857142857142857,0.9333333333333333
prediction_loss_decoupling,offroute5,offroute5,11,ccra_row_guard,CCRA row,3,31,15,2,7,5,1.0,,1,32,0,32,0,0,1,,0.017741935483870968,,0.2503531073446328,30.0,2.0,28.0,0.06666666666666667,0.2857142857142857,0.9333333333333333
prediction_loss_decoupling,offroute5,offroute5,11,ccra_row_guard,CCRA row,4,31,15,2,7,5,1.0,,1,32,0,32,0,0,1,,0.017741935483870968,,0.2503531073446328,30.0,2.0,28.0,0.06666666666666667,0.2857142857142857,0.9333333333333333
prediction_loss_decoupling,offroute5,offroute5,11,global_action_repair,Global action,0,31,15,2,7,5,1.0,,0,8,3,9,0,0,1,,0.23817204301075268,,0.4770480225988701,450.0,7.0,443.0,0.015555555555555555,1.0,0.9844444444444445
prediction_loss_decoupling,offroute5,offroute5,11,global_action_repair,Global action,1,31,15,2,7,5,1.0,,0,0,0,1,0,0,1,,0.23817204301075268,,0.4770480225988701,450.0,7.0,443.0,0.015555555555555555,1.0,0.9844444444444445
prediction_loss_decoupling,offroute5,offroute5,11,global_action_repair,Global action,2,31,15,2,7,5,1.0,,0,0,0,1,0,0,1,,0.23817204301075268,,0.4770480225988701,450.0,7.0,443.0,0.015555555555555555,1.0,0.9844444444444445
prediction_loss_decoupling,offroute5,offroute5,11,global_action_repair,Global action,3,31,15,2,7,5,1.0,,0,0,0,1,0,0,1,,0.23817204301075268,,0.4770480225988701,450.0,7.0,443.0,0.015555555555555555,1.0,0.9844444444444445
prediction_loss_decoupling,offroute5,offroute5,11,global_action_repair,Global action,4,31,15,2,7,5,1.0,,0,0,0,1,0,0,1,,0.23817204301075268,,0.4770480225988701,450.0,7.0,443.0,0.015555555555555555,1.0,0.9844444444444445
prediction_loss_decoupling,offroute5,offroute5,11,oracle_fault_model,Oracle,0,31,15,2,7,5,1.0,,1,32,0,32,0,0,0,,0.0,,0.0,7.0,7.0,0.0,1.0,1.0,0.0
prediction_loss_decoupling,offroute5,offroute5,11,oracle_fault_model,Oracle,1,31,15,2,7,5,1.0,,1,32,0,32,0,0,0,,0.0,,0.0,7.0,7.0,0.0,1.0,1.0,0.0
prediction_loss_decoupling,offroute5,offroute5,11,oracle_fault_model,Oracle,2,31,15,2,7,5,1.0,,1,32,0,32,0,0,0,,0.0,,0.0,7.0,7.0,0.0,1.0,1.0,0.0
prediction_loss_decoupling,offroute5,offroute5,11,oracle_fault_model,Oracle,3,31,15,2,7,5,1.0,,1,32,0,32,0,0,0,,0.0,,0.0,7.0,7.0,0.0,1.0,1.0,0.0
prediction_loss_decoupling,offroute5,offroute5,11,oracle_fault_model,Oracle,4,31,15,2,7,5,1.0,,1,32,0,32,0,0,0,,0.0,,0.0,7.0,7.0,0.0,1.0,1.0,0.0
prediction_loss_decoupling,offroute5,offroute5,12,nominal_no_repair,Nominal,0,31,15,2,7,5,1.0,,0,180,173,8,0,1,0,,0.003763440860215054,,0.020833333333333332,0.0,0.0,0.0,1.0,0.0,0.0
prediction_loss_decoupling,offroute5,offroute5,12,nominal_no_repair,Nominal,1,31,15,2,7,5,1.0,,0,180,173,8,0,1,0,,0.003763440860215054,,0.020833333333333332,0.0,0.0,0.0,1.0,0.0,0.0
prediction_loss_decoupling,offroute5,offroute5,12,nominal_no_repair,Nominal,2,31,15,2,7,5,1.0,,0,180,173,8,0,1,0,,0.003763440860215054,,0.020833333333333332,0.0,0.0,0.0,1.0,0.0,0.0
prediction_loss_decoupling,offroute5,offroute5,12,nominal_no_repair,Nominal,3,31,15,2,7,5,1.0,,0,180,173,8,0,1,0,,0.003763440860215054,,0.020833333333333332,0.0,0.0,0.0,1.0,0.0,0.0
prediction_loss_decoupling,offroute5,offroute5,12,nominal_no_repair,Nominal,4,31,15,2,7,5,1.0,,0,180,173,8,0,1,0,,0.003763440860215054,,0.020833333333333332,0.0,0.0,0.0,1.0,0.0,0.0
prediction_loss_decoupling,offroute5,offroute5,12,shield_only,Shield only,0,31,15,2,7,5,1.0,,0,180,173,9,1,1,1,,0.003763440860215054,,0.020833333333333332,0.0,0.0,0.0,1.0,0.0,0.0
prediction_loss_decoupling,offroute5,offroute5,12,shield_only,Shield only,1,31,15,2,7,5,1.0,,0,180,173,8,1,1,1,,0.003763440860215054,,0.020833333333333332,0.0,0.0,0.0,1.0,0.0,0.0
prediction_loss_decoupling,offroute5,offroute5,12,shield_only,Shield only,2,31,15,2,7,5,1.0,,0,180,173,8,1,1,1,,0.003763440860215054,,0.020833333333333332,0.0,0.0,0.0,1.0,0.0,0.0
prediction_loss_decoupling,offroute5,offroute5,12,shield_only,Shield only,3,31,15,2,7,5,1.0,,0,180,173,8,1,1,1,,0.003763440860215054,,0.020833333333333332,0.0,0.0,0.0,1.0,0.0,0.0
prediction_loss_decoupling,offroute5,offroute5,12,shield_only,Shield only,4,31,15,2,7,5,1.0,,0,180,173,8,1,1,1,,0.003763440860215054,,0.020833333333333332,0.0,0.0,0.0,1.0,0.0,0.0
prediction_loss_decoupling,offroute5,offroute5,12,batch_episode_retrain,Batch episode,0,31,15,2,7,5,1.0,,0,180,173,8,0,1,0,,0.003763440860215054,,0.020833333333333332,0.0,0.0,0.0,1.0,0.0,0.0
prediction_loss_decoupling,offroute5,offroute5,12,batch_episode_retrain,Batch episode,1,31,15,2,7,5,1.0,,1,32,0,32,0,0,1,,0.0032258064516129032,,0.012005649717514125,1.0,1.0,0.0,1.0,0.14285714285714285,0.0
prediction_loss_decoupling,offroute5,offroute5,12,batch_episode_retrain,Batch episode,2,31,15,2,7,5,1.0,,1,32,0,32,0,0,1,,0.0032258064516129032,,0.012005649717514125,1.0,1.0,0.0,1.0,0.14285714285714285,0.0
prediction_loss_decoupling,offroute5,offroute5,12,batch_episode_retrain,Batch episode,3,31,15,2,7,5,1.0,,1,32,0,32,0,0,1,,0.0032258064516129032,,0.012005649717514125,1.0,1.0,0.0,1.0,0.14285714285714285,0.0
prediction_loss_decoupling,offroute5,offroute5,12,batch_episode_retrain,Batch episode,4,31,15,2,7,5,1.0,,1,32,0,32,0,0,1,,0.0032258064516129032,,0.012005649717514125,1.0,1.0,0.0,1.0,0.14285714285714285,0.0
prediction_loss_decoupling,offroute5,offroute5,12,threshold_8,Threshold 8,0,31,15,2,7,5,1.0,,1,40,8,40,0,0,1,,0.0032258064516129032,,0.012005649717514125,1.0,1.0,0.0,1.0,0.14285714285714285,0.0
prediction_loss_decoupling,offroute5,offroute5,12,threshold_8,Threshold 8,1,31,15,2,7,5,1.0,,1,32,0,32,0,0,1,,0.0032258064516129032,,0.012005649717514125,1.0,1.0,0.0,1.0,0.14285714285714285,0.0
prediction_loss_decoupling,offroute5,offroute5,12,threshold_8,Threshold 8,2,31,15,2,7,5,1.0,,1,32,0,32,0,0,1,,0.0032258064516129032,,0.012005649717514125,1.0,1.0,0.0,1.0,0.14285714285714285,0.0
prediction_loss_decoupling,offroute5,offroute5,12,threshold_8,Threshold 8,3,31,15,2,7,5,1.0,,1,32,0,32,0,0,1,,0.0032258064516129032,,0.012005649717514125,1.0,1.0,0.0,1.0,0.14285714285714285,0.0
prediction_loss_decoupling,offroute5,offroute5,12,threshold_8,Threshold 8,4,31,15,2,7,5,1.0,,1,32,0,32,0,0,1,,0.0032258064516129032,,0.012005649717514125,1.0,1.0,0.0,1.0,0.14285714285714285,0.0
prediction_loss_decoupling,offroute5,offroute5,12,uncertainty_cost_avoidance,Cost avoidance,0,31,15,2,7,5,1.0,,1,33,1,33,0,0,1,,0.003763440860215054,,0.020833333333333332,0.0,0.0,0.0,1.0,0.0,0.0
prediction_loss_decoupling,offroute5,offroute5,12,uncertainty_cost_avoidance,Cost avoidance,1,31,15,2,7,5,1.0,,1,32,0,32,0,0,1,,0.003763440860215054,,0.020833333333333332,0.0,0.0,0.0,1.0,0.0,0.0
prediction_loss_decoupling,offroute5,offroute5,12,uncertainty_cost_avoidance,Cost avoidance,2,31,15,2,7,5,1.0,,1,32,0,32,0,0,1,,0.003763440860215054,,0.020833333333333332,0.0,0.0,0.0,1.0,0.0,0.0
prediction_loss_decoupling,offroute5,offroute5,12,uncertainty_cost_avoidance,Cost avoidance,3,31,15,2,7,5,1.0,,1,32,0,32,0,0,1,,0.003763440860215054,,0.020833333333333332,0.0,0.0,0.0,1.0,0.0,0.0
prediction_loss_decoupling,offroute5,offroute5,12,uncertainty_cost_avoidance,Cost avoidance,4,31,15,2,7,5,1.0,,1,32,0,32,0,0,1,,0.003763440860215054,,0.020833333333333332,0.0,0.0,0.0,1.0,0.0,0.0
prediction_loss_decoupling,offroute5,offroute5,12,ccra_exact_guard,CCRA exact,0,31,15,2,7,5,1.0,,1,33,1,33,0,0,1,,0.0032258064516129032,,0.012005649717514125,1.0,1.0,0.0,1.0,0.14285714285714285,0.0
prediction_loss_decoupling,offroute5,offroute5,12,ccra_exact_guard,CCRA exact,1,31,15,2,7,5,1.0,,1,32,0,32,0,0,1,,0.0032258064516129032,,0.012005649717514125,1.0,1.0,0.0,1.0,0.14285714285714285,0.0
prediction_loss_decoupling,offroute5,offroute5,12,ccra_exact_guard,CCRA exact,2,31,15,2,7,5,1.0,,1,32,0,32,0,0,1,,0.0032258064516129032,,0.012005649717514125,1.0,1.0,0.0,1.0,0.14285714285714285,0.0
prediction_loss_decoupling,offroute5,offroute5,12,ccra_exact_guard,CCRA exact,3,31,15,2,7,5,1.0,,1,32,0,32,0,0,1,,0.0032258064516129032,,0.012005649717514125,1.0,1.0,0.0,1.0,0.14285714285714285,0.0
prediction_loss_decoupling,offroute5,offroute5,12,ccra_exact_guard,CCRA exact,4,31,15,2,7,5,1.0,,1,32,0,32,0,0,1,,0.0032258064516129032,,0.012005649717514125,1.0,1.0,0.0,1.0,0.14285714285714285,0.0
prediction_loss_decoupling,offroute5,offroute5,12,ccra_row_guard,CCRA row,0,31,15,2,7,5,1.0,,1,33,1,33,0,0,1,,0.017741935483870968,,0.2503531073446328,30.0,2.0,28.0,0.06666666666666667,0.2857142857142857,0.9333333333333333
prediction_loss_decoupling,offroute5,offroute5,12,ccra_row_guard,CCRA row,1,31,15,2,7,5,1.0,,1,32,0,32,0,0,1,,0.017741935483870968,,0.2503531073446328,30.0,2.0,28.0,0.06666666666666667,0.2857142857142857,0.9333333333333333
prediction_loss_decoupling,offroute5,offroute5,12,ccra_row_guard,CCRA row,2,31,15,2,7,5,1.0,,1,32,0,32,0,0,1,,0.017741935483870968,,0.2503531073446328,30.0,2.0,28.0,0.06666666666666667,0.2857142857142857,0.9333333333333333
prediction_loss_decoupling,offroute5,offroute5,12,ccra_row_guard,CCRA row,3,31,15,2,7,5,1.0,,1,32,0,32,0,0,1,,0.017741935483870968,,0.2503531073446328,30.0,2.0,28.0,0.06666666666666667,0.2857142857142857,0.9333333333333333
prediction_loss_decoupling,offroute5,offroute5,12,ccra_row_guard,CCRA row,4,31,15,2,7,5,1.0,,1,32,0,32,0,0,1,,0.017741935483870968,,0.2503531073446328,30.0,2.0,28.0,0.06666666666666667,0.2857142857142857,0.9333333333333333
prediction_loss_decoupling,offroute5,offroute5,12,global_action_repair,Global action,0,31,15,2,7,5,1.0,,0,10,3,11,0,0,1,,0.23817204301075268,,0.4770480225988701,450.0,7.0,443.0,0.015555555555555555,1.0,0.9844444444444445
prediction_loss_decoupling,offroute5,offroute5,12,global_action_repair,Global action,1,31,15,2,7,5,1.0,,0,0,0,1,0,0,1,,0.23817204301075268,,0.4770480225988701,450.0,7.0,443.0,0.015555555555555555,1.0,0.9844444444444445
prediction_loss_decoupling,offroute5,offroute5,12,global_action_repair,Global action,2,31,15,2,7,5,1.0,,0,0,0,1,0,0,1,,0.23817204301075268,,0.4770480225988701,450.0,7.0,443.0,0.015555555555555555,1.0,0.9844444444444445
prediction_loss_decoupling,offroute5,offroute5,12,global_action_repair,Global action,3,31,15,2,7,5,1.0,,0,0,0,1,0,0,1,,0.23817204301075268,,0.4770480225988701,450.0,7.0,443.0,0.015555555555555555,1.0,0.9844444444444445
prediction_loss_decoupling,offroute5,offroute5,12,global_action_repair,Global action,4,31,15,2,7,5,1.0,,0,0,0,1,0,0,1,,0.23817204301075268,,0.4770480225988701,450.0,7.0,443.0,0.015555555555555555,1.0,0.9844444444444445
prediction_loss_decoupling,offroute5,offroute5,12,oracle_fault_model,Oracle,0,31,15,2,7,5,1.0,,1,32,0,32,0,0,0,,0.0,,0.0,7.0,7.0,0.0,1.0,1.0,0.0
prediction_loss_decoupling,offroute5,offroute5,12,oracle_fault_model,Oracle,1,31,15,2,7,5,1.0,,1,32,0,32,0,0,0,,0.0,,0.0,7.0,7.0,0.0,1.0,1.0,0.0
prediction_loss_decoupling,offroute5,offroute5,12,oracle_fault_model,Oracle,2,31,15,2,7,5,1.0,,1,32,0,32,0,0,0,,0.0,,0.0,7.0,7.0,0.0,1.0,1.0,0.0
prediction_loss_decoupling,offroute5,offroute5,12,oracle_fault_model,Oracle,3,31,15,2,7,5,1.0,,1,32,0,32,0,0,0,,0.0,,0.0,7.0,7.0,0.0,1.0,1.0,0.0
prediction_loss_decoupling,offroute5,offroute5,12,oracle_fault_model,Oracle,4,31,15,2,7,5,1.0,,1,32,0,32,0,0,0,,0.0,,0.0,7.0,7.0,0.0,1.0,1.0,0.0
prediction_loss_decoupling,offroute5,offroute5,13,nominal_no_repair,Nominal,0,31,15,2,7,5,1.0,,0,180,170,11,0,1,0,,0.003763440860215054,,0.01942090395480226,0.0,0.0,0.0,1.0,0.0,0.0
prediction_loss_decoupling,offroute5,offroute5,13,nominal_no_repair,Nominal,1,31,15,2,7,5,1.0,,0,180,170,11,0,1,0,,0.003763440860215054,,0.01942090395480226,0.0,0.0,0.0,1.0,0.0,0.0
prediction_loss_decoupling,offroute5,offroute5,13,nominal_no_repair,Nominal,2,31,15,2,7,5,1.0,,0,180,170,11,0,1,0,,0.003763440860215054,,0.01942090395480226,0.0,0.0,0.0,1.0,0.0,0.0
prediction_loss_decoupling,offroute5,offroute5,13,nominal_no_repair,Nominal,3,31,15,2,7,5,1.0,,0,180,170,11,0,1,0,,0.003763440860215054,,0.01942090395480226,0.0,0.0,0.0,1.0,0.0,0.0
prediction_loss_decoupling,offroute5,offroute5,13,nominal_no_repair,Nominal,4,31,15,2,7,5,1.0,,0,180,170,11,0,1,0,,0.003763440860215054,,0.01942090395480226,0.0,0.0,0.0,1.0,0.0,0.0
prediction_loss_decoupling,offroute5,offroute5,13,shield_only,Shield only,0,31,15,2,7,5,1.0,,0,180,170,12,1,1,1,,0.003763440860215054,,0.01942090395480226,0.0,0.0,0.0,1.0,0.0,0.0
prediction_loss_decoupling,offroute5,offroute5,13,shield_only,Shield only,1,31,15,2,7,5,1.0,,0,180,170,11,1,1,1,,0.003763440860215054,,0.01942090395480226,0.0,0.0,0.0,1.0,0.0,0.0
prediction_loss_decoupling,offroute5,offroute5,13,shield_only,Shield only,2,31,15,2,7,5,1.0,,0,180,170,11,1,1,1,,0.003763440860215054,,0.01942090395480226,0.0,0.0,0.0,1.0,0.0,0.0
prediction_loss_decoupling,offroute5,offroute5,13,shield_only,Shield only,3,31,15,2,7,5,1.0,,0,180,170,11,1,1,1,,0.003763440860215054,,0.01942090395480226,0.0,0.0,0.0,1.0,0.0,0.0
prediction_loss_decoupling,offroute5,offroute5,13,shield_only,Shield only,4,31,15,2,7,5,1.0,,0,180,170,11,1,1,1,,0.003763440860215054,,0.01942090395480226,0.0,0.0,0.0,1.0,0.0,0.0
prediction_loss_decoupling,offroute5,offroute5,13,batch_episode_retrain,Batch episode,0,31,15,2,7,5,1.0,,0,180,170,11,0,1,0,,0.003763440860215054,,0.01942090395480226,0.0,0.0,0.0,1.0,0.0,0.0
prediction_loss_decoupling,offroute5,offroute5,13,batch_episode_retrain,Batch episode,1,31,15,2,7,5,1.0,,1,32,0,32,0,0,1,,0.0032258064516129032,,0.01059322033898305,1.0,1.0,0.0,1.0,0.14285714285714285,0.0
prediction_loss_decoupling,offroute5,offroute5,13,batch_episode_retrain,Batch episode,2,31,15,2,7,5,1.0,,1,32,0,32,0,0,1,,0.0032258064516129032,,0.01059322033898305,1.0,1.0,0.0,1.0,0.14285714285714285,0.0
prediction_loss_decoupling,offroute5,offroute5,13,batch_episode_retrain,Batch episode,3,31,15,2,7,5,1.0,,1,32,0,32,0,0,1,,0.0032258064516129032,,0.01059322033898305,1.0,1.0,0.0,1.0,0.14285714285714285,0.0
prediction_loss_decoupling,offroute5,offroute5,13,batch_episode_retrain,Batch episode,4,31,15,2,7,5,1.0,,1,32,0,32,0,0,1,,0.0032258064516129032,,0.01059322033898305,1.0,1.0,0.0,1.0,0.14285714285714285,0.0
prediction_loss_decoupling,offroute5,offroute5,13,threshold_8,Threshold 8,0,31,15,2,7,5,1.0,,1,40,8,40,0,0,1,,0.0032258064516129032,,0.01059322033898305,1.0,1.0,0.0,1.0,0.14285714285714285,0.0
prediction_loss_decoupling,offroute5,offroute5,13,threshold_8,Threshold 8,1,31,15,2,7,5,1.0,,1,32,0,32,0,0,1,,0.0032258064516129032,,0.01059322033898305,1.0,1.0,0.0,1.0,0.14285714285714285,0.0
prediction_loss_decoupling,offroute5,offroute5,13,threshold_8,Threshold 8,2,31,15,2,7,5,1.0,,1,32,0,32,0,0,1,,0.0032258064516129032,,0.01059322033898305,1.0,1.0,0.0,1.0,0.14285714285714285,0.0
prediction_loss_decoupling,offroute5,offroute5,13,threshold_8,Threshold 8,3,31,15,2,7,5,1.0,,1,32,0,32,0,0,1,,0.0032258064516129032,,0.01059322033898305,1.0,1.0,0.0,1.0,0.14285714285714285,0.0
prediction_loss_decoupling,offroute5,offroute5,13,threshold_8,Threshold 8,4,31,15,2,7,5,1.0,,1,32,0,32,0,0,1,,0.0032258064516129032,,0.01059322033898305,1.0,1.0,0.0,1.0,0.14285714285714285,0.0
prediction_loss_decoupling,offroute5,offroute5,13,uncertainty_cost_avoidance,Cost avoidance,0,31,15,2,7,5,1.0,,1,33,1,33,0,0,1,,0.003763440860215054,,0.01942090395480226,0.0,0.0,0.0,1.0,0.0,0.0
prediction_loss_decoupling,offroute5,offroute5,13,uncertainty_cost_avoidance,Cost avoidance,1,31,15,2,7,5,1.0,,1,32,0,32,0,0,1,,0.003763440860215054,,0.01942090395480226,0.0,0.0,0.0,1.0,0.0,0.0
prediction_loss_decoupling,offroute5,offroute5,13,uncertainty_cost_avoidance,Cost avoidance,2,31,15,2,7,5,1.0,,1,32,0,32,0,0,1,,0.003763440860215054,,0.01942090395480226,0.0,0.0,0.0,1.0,0.0,0.0
prediction_loss_decoupling,offroute5,offroute5,13,uncertainty_cost_avoidance,Cost avoidance,3,31,15,2,7,5,1.0,,1,32,0,32,0,0,1,,0.003763440860215054,,0.01942090395480226,0.0,0.0,0.0,1.0,0.0,0.0
prediction_loss_decoupling,offroute5,offroute5,13,uncertainty_cost_avoidance,Cost avoidance,4,31,15,2,7,5,1.0,,1,32,0,32,0,0,1,,0.003763440860215054,,0.01942090395480226,0.0,0.0,0.0,1.0,0.0,0.0
prediction_loss_decoupling,offroute5,offroute5,13,ccra_exact_guard,CCRA exact,0,31,15,2,7,5,1.0,,1,33,1,33,0,0,1,,0.0032258064516129032,,0.01059322033898305,1.0,1.0,0.0,1.0,0.14285714285714285,0.0
prediction_loss_decoupling,offroute5,offroute5,13,ccra_exact_guard,CCRA exact,1,31,15,2,7,5,1.0,,1,32,0,32,0,0,1,,0.0032258064516129032,,0.01059322033898305,1.0,1.0,0.0,1.0,0.14285714285714285,0.0
prediction_loss_decoupling,offroute5,offroute5,13,ccra_exact_guard,CCRA exact,2,31,15,2,7,5,1.0,,1,32,0,32,0,0,1,,0.0032258064516129032,,0.01059322033898305,1.0,1.0,0.0,1.0,0.14285714285714285,0.0
prediction_loss_decoupling,offroute5,offroute5,13,ccra_exact_guard,CCRA exact,3,31,15,2,7,5,1.0,,1,32,0,32,0,0,1,,0.0032258064516129032,,0.01059322033898305,1.0,1.0,0.0,1.0,0.14285714285714285,0.0
prediction_loss_decoupling,offroute5,offroute5,13,ccra_exact_guard,CCRA exact,4,31,15,2,7,5,1.0,,1,32,0,32,0,0,1,,0.0032258064516129032,,0.01059322033898305,1.0,1.0,0.0,1.0,0.14285714285714285,0.0
prediction_loss_decoupling,offroute5,offroute5,13,ccra_row_guard,CCRA row,0,31,15,2,7,5,1.0,,1,33,1,33,0,0,1,,0.017741935483870968,,0.2489406779661017,30.0,2.0,28.0,0.06666666666666667,0.2857142857142857,0.9333333333333333
prediction_loss_decoupling,offroute5,offroute5,13,ccra_row_guard,CCRA row,1,31,15,2,7,5,1.0,,1,32,0,32,0,0,1,,0.017741935483870968,,0.2489406779661017,30.0,2.0,28.0,0.06666666666666667,0.2857142857142857,0.9333333333333333
prediction_loss_decoupling,offroute5,offroute5,13,ccra_row_guard,CCRA row,2,31,15,2,7,5,1.0,,1,32,0,32,0,0,1,,0.017741935483870968,,0.2489406779661017,30.0,2.0,28.0,0.06666666666666667,0.2857142857142857,0.9333333333333333
prediction_loss_decoupling,offroute5,offroute5,13,ccra_row_guard,CCRA row,3,31,15,2,7,5,1.0,,1,32,0,32,0,0,1,,0.017741935483870968,,0.2489406779661017,30.0,2.0,28.0,0.06666666666666667,0.2857142857142857,0.9333333333333333
prediction_loss_decoupling,offroute5,offroute5,13,ccra_row_guard,CCRA row,4,31,15,2,7,5,1.0,,1,32,0,32,0,0,1,,0.017741935483870968,,0.2489406779661017,30.0,2.0,28.0,0.06666666666666667,0.2857142857142857,0.9333333333333333
prediction_loss_decoupling,offroute5,offroute5,13,global_action_repair,Global action,0,31,15,2,7,5,1.0,,0,13,3,14,0,0,1,,0.23817204301075268,,0.4784604519774011,450.0,7.0,443.0,0.015555555555555555,1.0,0.9844444444444445
prediction_loss_decoupling,offroute5,offroute5,13,global_action_repair,Global action,1,31,15,2,7,5,1.0,,0,0,0,1,0,0,1,,0.23817204301075268,,0.4784604519774011,450.0,7.0,443.0,0.015555555555555555,1.0,0.9844444444444445
prediction_loss_decoupling,offroute5,offroute5,13,global_action_repair,Global action,2,31,15,2,7,5,1.0,,0,0,0,1,0,0,1,,0.23817204301075268,,0.4784604519774011,450.0,7.0,443.0,0.015555555555555555,1.0,0.9844444444444445
prediction_loss_decoupling,offroute5,offroute5,13,global_action_repair,Global action,3,31,15,2,7,5,1.0,,0,0,0,1,0,0,1,,0.23817204301075268,,0.4784604519774011,450.0,7.0,443.0,0.015555555555555555,1.0,0.9844444444444445
prediction_loss_decoupling,offroute5,offroute5,13,global_action_repair,Global action,4,31,15,2,7,5,1.0,,0,0,0,1,0,0,1,,0.23817204301075268,,0.4784604519774011,450.0,7.0,443.0,0.015555555555555555,1.0,0.9844444444444445
prediction_loss_decoupling,offroute5,offroute5,13,oracle_fault_model,Oracle,0,31,15,2,7,5,1.0,,1,32,0,32,0,0,0,,0.0,,0.0,7.0,7.0,0.0,1.0,1.0,0.0
prediction_loss_decoupling,offroute5,offroute5,13,oracle_fault_model,Oracle,1,31,15,2,7,5,1.0,,1,32,0,32,0,0,0,,0.0,,0.0,7.0,7.0,0.0,1.0,1.0,0.0
prediction_loss_decoupling,offroute5,offroute5,13,oracle_fault_model,Oracle,2,31,15,2,7,5,1.0,,1,32,0,32,0,0,0,,0.0,,0.0,7.0,7.0,0.0,1.0,1.0,0.0
prediction_loss_decoupling,offroute5,offroute5,13,oracle_fault_model,Oracle,3,31,15,2,7,5,1.0,,1,32,0,32,0,0,0,,0.0,,0.0,7.0,7.0,0.0,1.0,1.0,0.0
prediction_loss_decoupling,offroute5,offroute5,13,oracle_fault_model,Oracle,4,31,15,2,7,5,1.0,,1,32,0,32,0,0,0,,0.0,,0.0,7.0,7.0,0.0,1.0,1.0,0.0
prediction_loss_decoupling,offroute5,offroute5,14,nominal_no_repair,Nominal,0,31,15,2,7,5,1.0,,0,180,167,14,0,1,0,,0.003763440860215054,,0.020833333333333332,0.0,0.0,0.0,1.0,0.0,0.0
prediction_loss_decoupling,offroute5,offroute5,14,nominal_no_repair,Nominal,1,31,15,2,7,5,1.0,,0,180,167,14,0,1,0,,0.003763440860215054,,0.020833333333333332,0.0,0.0,0.0,1.0,0.0,0.0
prediction_loss_decoupling,offroute5,offroute5,14,nominal_no_repair,Nominal,2,31,15,2,7,5,1.0,,0,180,167,14,0,1,0,,0.003763440860215054,,0.020833333333333332,0.0,0.0,0.0,1.0,0.0,0.0
prediction_loss_decoupling,offroute5,offroute5,14,nominal_no_repair,Nominal,3,31,15,2,7,5,1.0,,0,180,167,14,0,1,0,,0.003763440860215054,,0.020833333333333332,0.0,0.0,0.0,1.0,0.0,0.0
prediction_loss_decoupling,offroute5,offroute5,14,nominal_no_repair,Nominal,4,31,15,2,7,5,1.0,,0,180,167,14,0,1,0,,0.003763440860215054,,0.020833333333333332,0.0,0.0,0.0,1.0,0.0,0.0
prediction_loss_decoupling,offroute5,offroute5,14,shield_only,Shield only,0,31,15,2,7,5,1.0,,0,180,167,15,1,1,1,,0.003763440860215054,,0.020833333333333332,0.0,0.0,0.0,1.0,0.0,0.0
prediction_loss_decoupling,offroute5,offroute5,14,shield_only,Shield only,1,31,15,2,7,5,1.0,,0,180,167,14,1,1,1,,0.003763440860215054,,0.020833333333333332,0.0,0.0,0.0,1.0,0.0,0.0
prediction_loss_decoupling,offroute5,offroute5,14,shield_only,Shield only,2,31,15,2,7,5,1.0,,0,180,167,14,1,1,1,,0.003763440860215054,,0.020833333333333332,0.0,0.0,0.0,1.0,0.0,0.0
prediction_loss_decoupling,offroute5,offroute5,14,shield_only,Shield only,3,31,15,2,7,5,1.0,,0,180,167,14,1,1,1,,0.003763440860215054,,0.020833333333333332,0.0,0.0,0.0,1.0,0.0,0.0
prediction_loss_decoupling,offroute5,offroute5,14,shield_only,Shield only,4,31,15,2,7,5,1.0,,0,180,167,14,1,1,1,,0.003763440860215054,,0.020833333333333332,0.0,0.0,0.0,1.0,0.0,0.0
prediction_loss_decoupling,offroute5,offroute5,14,batch_episode_retrain,Batch episode,0,31,15,2,7,5,1.0,,0,180,167,14,0,1,0,,0.003763440860215054,,0.020833333333333332,0.0,0.0,0.0,1.0,0.0,0.0
prediction_loss_decoupling,offroute5,offroute5,14,batch_episode_retrain,Batch episode,1,31,15,2,7,5,1.0,,0,180,156,25,0,1,1,,0.0032258064516129032,,0.012005649717514125,1.0,1.0,0.0,1.0,0.14285714285714285,0.0
prediction_loss_decoupling,offroute5,offroute5,14,batch_episode_retrain,Batch episode,2,31,15,2,7,5,1.0,,1,32,0,32,0,0,2,,0.002688172043010753,,0.010240112994350282,2.0,2.0,0.0,1.0,0.2857142857142857,0.0
prediction_loss_decoupling,offroute5,offroute5,14,batch_episode_retrain,Batch episode,3,31,15,2,7,5,1.0,,1,32,0,32,0,0,2,,0.002688172043010753,,0.010240112994350282,2.0,2.0,0.0,1.0,0.2857142857142857,0.0
prediction_loss_decoupling,offroute5,offroute5,14,batch_episode_retrain,Batch episode,4,31,15,2,7,5,1.0,,1,32,0,32,0,0,2,,0.002688172043010753,,0.010240112994350282,2.0,2.0,0.0,1.0,0.2857142857142857,0.0
prediction_loss_decoupling,offroute5,offroute5,14,threshold_8,Threshold 8,0,31,15,2,7,5,1.0,,1,48,16,48,0,0,2,,0.002688172043010753,,0.010240112994350282,2.0,2.0,0.0,1.0,0.2857142857142857,0.0
prediction_loss_decoupling,offroute5,offroute5,14,threshold_8,Threshold 8,1,31,15,2,7,5,1.0,,1,32,0,32,0,0,2,,0.002688172043010753,,0.010240112994350282,2.0,2.0,0.0,1.0,0.2857142857142857,0.0
prediction_loss_decoupling,offroute5,offroute5,14,threshold_8,Threshold 8,2,31,15,2,7,5,1.0,,1,32,0,32,0,0,2,,0.002688172043010753,,0.010240112994350282,2.0,2.0,0.0,1.0,0.2857142857142857,0.0
prediction_loss_decoupling,offroute5,offroute5,14,threshold_8,Threshold 8,3,31,15,2,7,5,1.0,,1,32,0,32,0,0,2,,0.002688172043010753,,0.010240112994350282,2.0,2.0,0.0,1.0,0.2857142857142857,0.0
prediction_loss_decoupling,offroute5,offroute5,14,threshold_8,Threshold 8,4,31,15,2,7,5,1.0,,1,32,0,32,0,0,2,,0.002688172043010753,,0.010240112994350282,2.0,2.0,0.0,1.0,0.2857142857142857,0.0
prediction_loss_decoupling,offroute5,offroute5,14,uncertainty_cost_avoidance,Cost avoidance,0,31,15,2,7,5,1.0,,1,34,2,34,0,0,2,,0.003763440860215054,,0.020833333333333332,0.0,0.0,0.0,1.0,0.0,0.0
prediction_loss_decoupling,offroute5,offroute5,14,uncertainty_cost_avoidance,Cost avoidance,1,31,15,2,7,5,1.0,,1,32,0,32,0,0,2,,0.003763440860215054,,0.020833333333333332,0.0,0.0,0.0,1.0,0.0,0.0
prediction_loss_decoupling,offroute5,offroute5,14,uncertainty_cost_avoidance,Cost avoidance,2,31,15,2,7,5,1.0,,1,32,0,32,0,0,2,,0.003763440860215054,,0.020833333333333332,0.0,0.0,0.0,1.0,0.0,0.0
prediction_loss_decoupling,offroute5,offroute5,14,uncertainty_cost_avoidance,Cost avoidance,3,31,15,2,7,5,1.0,,1,32,0,32,0,0,2,,0.003763440860215054,,0.020833333333333332,0.0,0.0,0.0,1.0,0.0,0.0
prediction_loss_decoupling,offroute5,offroute5,14,uncertainty_cost_avoidance,Cost avoidance,4,31,15,2,7,5,1.0,,1,32,0,32,0,0,2,,0.003763440860215054,,0.020833333333333332,0.0,0.0,0.0,1.0,0.0,0.0
prediction_loss_decoupling,offroute5,offroute5,14,ccra_exact_guard,CCRA exact,0,31,15,2,7,5,1.0,,1,34,2,34,0,0,2,,0.002688172043010753,,0.010240112994350282,2.0,2.0,0.0,1.0,0.2857142857142857,0.0
prediction_loss_decoupling,offroute5,offroute5,14,ccra_exact_guard,CCRA exact,1,31,15,2,7,5,1.0,,1,32,0,32,0,0,2,,0.002688172043010753,,0.010240112994350282,2.0,2.0,0.0,1.0,0.2857142857142857,0.0
prediction_loss_decoupling,offroute5,offroute5,14,ccra_exact_guard,CCRA exact,2,31,15,2,7,5,1.0,,1,32,0,32,0,0,2,,0.002688172043010753,,0.010240112994350282,2.0,2.0,0.0,1.0,0.2857142857142857,0.0
prediction_loss_decoupling,offroute5,offroute5,14,ccra_exact_guard,CCRA exact,3,31,15,2,7,5,1.0,,1,32,0,32,0,0,2,,0.002688172043010753,,0.010240112994350282,2.0,2.0,0.0,1.0,0.2857142857142857,0.0
prediction_loss_decoupling,offroute5,offroute5,14,ccra_exact_guard,CCRA exact,4,31,15,2,7,5,1.0,,1,32,0,32,0,0,2,,0.002688172043010753,,0.010240112994350282,2.0,2.0,0.0,1.0,0.2857142857142857,0.0
prediction_loss_decoupling,offroute5,offroute5,14,ccra_row_guard,CCRA row,0,31,15,2,7,5,1.0,,1,36,2,36,0,0,2,,0.032795698924731186,,0.2997881355932203,60.0,3.0,57.0,0.05,0.42857142857142855,0.95
prediction_loss_decoupling,offroute5,offroute5,14,ccra_row_guard,CCRA row,1,31,15,2,7,5,1.0,,1,32,0,32,0,0,2,,0.032795698924731186,,0.2997881355932203,60.0,3.0,57.0,0.05,0.42857142857142855,0.95
prediction_loss_decoupling,offroute5,offroute5,14,ccra_row_guard,CCRA row,2,31,15,2,7,5,1.0,,1,32,0,32,0,0,2,,0.032795698924731186,,0.2997881355932203,60.0,3.0,57.0,0.05,0.42857142857142855,0.95
prediction_loss_decoupling,offroute5,offroute5,14,ccra_row_guard,CCRA row,3,31,15,2,7,5,1.0,,1,32,0,32,0,0,2,,0.032795698924731186,,0.2997881355932203,60.0,3.0,57.0,0.05,0.42857142857142855,0.95
prediction_loss_decoupling,offroute5,offroute5,14,ccra_row_guard,CCRA row,4,31,15,2,7,5,1.0,,1,32,0,32,0,0,2,,0.032795698924731186,,0.2997881355932203,60.0,3.0,57.0,0.05,0.42857142857142855,0.95
prediction_loss_decoupling,offroute5,offroute5,14,global_action_repair,Global action,0,31,15,2,7,5,1.0,,0,16,3,17,0,0,1,,0.23817204301075268,,0.4770480225988701,450.0,7.0,443.0,0.015555555555555555,1.0,0.9844444444444445
prediction_loss_decoupling,offroute5,offroute5,14,global_action_repair,Global action,1,31,15,2,7,5,1.0,,0,0,0,1,0,0,1,,0.23817204301075268,,0.4770480225988701,450.0,7.0,443.0,0.015555555555555555,1.0,0.9844444444444445
prediction_loss_decoupling,offroute5,offroute5,14,global_action_repair,Global action,2,31,15,2,7,5,1.0,,0,0,0,1,0,0,1,,0.23817204301075268,,0.4770480225988701,450.0,7.0,443.0,0.015555555555555555,1.0,0.9844444444444445
prediction_loss_decoupling,offroute5,offroute5,14,global_action_repair,Global action,3,31,15,2,7,5,1.0,,0,0,0,1,0,0,1,,0.23817204301075268,,0.4770480225988701,450.0,7.0,443.0,0.015555555555555555,1.0,0.9844444444444445
prediction_loss_decoupling,offroute5,offroute5,14,global_action_repair,Global action,4,31,15,2,7,5,1.0,,0,0,0,1,0,0,1,,0.23817204301075268,,0.4770480225988701,450.0,7.0,443.0,0.015555555555555555,1.0,0.9844444444444445
prediction_loss_decoupling,offroute5,offroute5,14,oracle_fault_model,Oracle,0,31,15,2,7,5,1.0,,1,32,0,32,0,0,0,,0.0,,0.0,7.0,7.0,0.0,1.0,1.0,0.0
prediction_loss_decoupling,offroute5,offroute5,14,oracle_fault_model,Oracle,1,31,15,2,7,5,1.0,,1,32,0,32,0,0,0,,0.0,,0.0,7.0,7.0,0.0,1.0,1.0,0.0
prediction_loss_decoupling,offroute5,offroute5,14,oracle_fault_model,Oracle,2,31,15,2,7,5,1.0,,1,32,0,32,0,0,0,,0.0,,0.0,7.0,7.0,0.0,1.0,1.0,0.0
prediction_loss_decoupling,offroute5,offroute5,14,oracle_fault_model,Oracle,3,31,15,2,7,5,1.0,,1,32,0,32,0,0,0,,0.0,,0.0,7.0,7.0,0.0,1.0,1.0,0.0
prediction_loss_decoupling,offroute5,offroute5,14,oracle_fault_model,Oracle,4,31,15,2,7,5,1.0,,1,32,0,32,0,0,0,,0.0,,0.0,7.0,7.0,0.0,1.0,1.0,0.0
prediction_loss_decoupling,offroute5,offroute5,15,nominal_no_repair,Nominal,0,31,15,2,7,5,1.0,,0,180,171,10,0,1,0,,0.003763440860215054,,0.01942090395480226,0.0,0.0,0.0,1.0,0.0,0.0
prediction_loss_decoupling,offroute5,offroute5,15,nominal_no_repair,Nominal,1,31,15,2,7,5,1.0,,0,180,171,10,0,1,0,,0.003763440860215054,,0.01942090395480226,0.0,0.0,0.0,1.0,0.0,0.0
prediction_loss_decoupling,offroute5,offroute5,15,nominal_no_repair,Nominal,2,31,15,2,7,5,1.0,,0,180,171,10,0,1,0,,0.003763440860215054,,0.01942090395480226,0.0,0.0,0.0,1.0,0.0,0.0
prediction_loss_decoupling,offroute5,offroute5,15,nominal_no_repair,Nominal,3,31,15,2,7,5,1.0,,0,180,171,10,0,1,0,,0.003763440860215054,,0.01942090395480226,0.0,0.0,0.0,1.0,0.0,0.0
prediction_loss_decoupling,offroute5,offroute5,15,nominal_no_repair,Nominal,4,31,15,2,7,5,1.0,,0,180,171,10,0,1,0,,0.003763440860215054,,0.01942090395480226,0.0,0.0,0.0,1.0,0.0,0.0
prediction_loss_decoupling,offroute5,offroute5,15,shield_only,Shield only,0,31,15,2,7,5,1.0,,0,180,171,11,1,1,1,,0.003763440860215054,,0.01942090395480226,0.0,0.0,0.0,1.0,0.0,0.0
prediction_loss_decoupling,offroute5,offroute5,15,shield_only,Shield only,1,31,15,2,7,5,1.0,,0,180,171,10,1,1,1,,0.003763440860215054,,0.01942090395480226,0.0,0.0,0.0,1.0,0.0,0.0
prediction_loss_decoupling,offroute5,offroute5,15,shield_only,Shield only,2,31,15,2,7,5,1.0,,0,180,171,10,1,1,1,,0.003763440860215054,,0.01942090395480226,0.0,0.0,0.0,1.0,0.0,0.0
prediction_loss_decoupling,offroute5,offroute5,15,shield_only,Shield only,3,31,15,2,7,5,1.0,,0,180,171,10,1,1,1,,0.003763440860215054,,0.01942090395480226,0.0,0.0,0.0,1.0,0.0,0.0
prediction_loss_decoupling,offroute5,offroute5,15,shield_only,Shield only,4,31,15,2,7,5,1.0,,0,180,171,10,1,1,1,,0.003763440860215054,,0.01942090395480226,0.0,0.0,0.0,1.0,0.0,0.0
prediction_loss_decoupling,offroute5,offroute5,15,batch_episode_retrain,Batch episode,0,31,15,2,7,5,1.0,,0,180,171,10,0,1,0,,0.003763440860215054,,0.01942090395480226,0.0,0.0,0.0,1.0,0.0,0.0
prediction_loss_decoupling,offroute5,offroute5,15,batch_episode_retrain,Batch episode,1,31,15,2,7,5,1.0,,1,32,0,32,0,0,1,,0.0032258064516129032,,0.01059322033898305,1.0,1.0,0.0,1.0,0.14285714285714285,0.0
prediction_loss_decoupling,offroute5,offroute5,15,batch_episode_retrain,Batch episode,2,31,15,2,7,5,1.0,,1,32,0,32,0,0,1,,0.0032258064516129032,,0.01059322033898305,1.0,1.0,0.0,1.0,0.14285714285714285,0.0
prediction_loss_decoupling,offroute5,offroute5,15,batch_episode_retrain,Batch episode,3,31,15,2,7,5,1.0,,1,32,0,32,0,0,1,,0.0032258064516129032,,0.01059322033898305,1.0,1.0,0.0,1.0,0.14285714285714285,0.0
prediction_loss_decoupling,offroute5,offroute5,15,batch_episode_retrain,Batch episode,4,31,15,2,7,5,1.0,,1,32,0,32,0,0,1,,0.0032258064516129032,,0.01059322033898305,1.0,1.0,0.0,1.0,0.14285714285714285,0.0
prediction_loss_decoupling,offroute5,offroute5,15,threshold_8,Threshold 8,0,31,15,2,7,5,1.0,,1,40,8,40,0,0,1,,0.0032258064516129032,,0.01059322033898305,1.0,1.0,0.0,1.0,0.14285714285714285,0.0
prediction_loss_decoupling,offroute5,offroute5,15,threshold_8,Threshold 8,1,31,15,2,7,5,1.0,,1,32,0,32,0,0,1,,0.0032258064516129032,,0.01059322033898305,1.0,1.0,0.0,1.0,0.14285714285714285,0.0
prediction_loss_decoupling,offroute5,offroute5,15,threshold_8,Threshold 8,2,31,15,2,7,5,1.0,,1,32,0,32,0,0,1,,0.0032258064516129032,,0.01059322033898305,1.0,1.0,0.0,1.0,0.14285714285714285,0.0
prediction_loss_decoupling,offroute5,offroute5,15,threshold_8,Threshold 8,3,31,15,2,7,5,1.0,,1,32,0,32,0,0,1,,0.0032258064516129032,,0.01059322033898305,1.0,1.0,0.0,1.0,0.14285714285714285,0.0
prediction_loss_decoupling,offroute5,offroute5,15,threshold_8,Threshold 8,4,31,15,2,7,5,1.0,,1,32,0,32,0,0,1,,0.0032258064516129032,,0.01059322033898305,1.0,1.0,0.0,1.0,0.14285714285714285,0.0
prediction_loss_decoupling,offroute5,offroute5,15,uncertainty_cost_avoidance,Cost avoidance,0,31,15,2,7,5,1.0,,1,33,1,33,0,0,1,,0.003763440860215054,,0.01942090395480226,0.0,0.0,0.0,1.0,0.0,0.0
prediction_loss_decoupling,offroute5,offroute5,15,uncertainty_cost_avoidance,Cost avoidance,1,31,15,2,7,5,1.0,,1,32,0,32,0,0,1,,0.003763440860215054,,0.01942090395480226,0.0,0.0,0.0,1.0,0.0,0.0
prediction_loss_decoupling,offroute5,offroute5,15,uncertainty_cost_avoidance,Cost avoidance,2,31,15,2,7,5,1.0,,1,32,0,32,0,0,1,,0.003763440860215054,,0.01942090395480226,0.0,0.0,0.0,1.0,0.0,0.0
prediction_loss_decoupling,offroute5,offroute5,15,uncertainty_cost_avoidance,Cost avoidance,3,31,15,2,7,5,1.0,,1,32,0,32,0,0,1,,0.003763440860215054,,0.01942090395480226,0.0,0.0,0.0,1.0,0.0,0.0
prediction_loss_decoupling,offroute5,offroute5,15,uncertainty_cost_avoidance,Cost avoidance,4,31,15,2,7,5,1.0,,1,32,0,32,0,0,1,,0.003763440860215054,,0.01942090395480226,0.0,0.0,0.0,1.0,0.0,0.0
prediction_loss_decoupling,offroute5,offroute5,15,ccra_exact_guard,CCRA exact,0,31,15,2,7,5,1.0,,1,33,1,33,0,0,1,,0.0032258064516129032,,0.01059322033898305,1.0,1.0,0.0,1.0,0.14285714285714285,0.0
prediction_loss_decoupling,offroute5,offroute5,15,ccra_exact_guard,CCRA exact,1,31,15,2,7,5,1.0,,1,32,0,32,0,0,1,,0.0032258064516129032,,0.01059322033898305,1.0,1.0,0.0,1.0,0.14285714285714285,0.0
prediction_loss_decoupling,offroute5,offroute5,15,ccra_exact_guard,CCRA exact,2,31,15,2,7,5,1.0,,1,32,0,32,0,0,1,,0.0032258064516129032,,0.01059322033898305,1.0,1.0,0.0,1.0,0.14285714285714285,0.0
prediction_loss_decoupling,offroute5,offroute5,15,ccra_exact_guard,CCRA exact,3,31,15,2,7,5,1.0,,1,32,0,32,0,0,1,,0.0032258064516129032,,0.01059322033898305,1.0,1.0,0.0,1.0,0.14285714285714285,0.0
prediction_loss_decoupling,offroute5,offroute5,15,ccra_exact_guard,CCRA exact,4,31,15,2,7,5,1.0,,1,32,0,32,0,0,1,,0.0032258064516129032,,0.01059322033898305,1.0,1.0,0.0,1.0,0.14285714285714285,0.0
prediction_loss_decoupling,offroute5,offroute5,15,ccra_row_guard,CCRA row,0,31,15,2,7,5,1.0,,1,33,1,33,0,0,1,,0.017741935483870968,,0.2489406779661017,30.0,2.0,28.0,0.06666666666666667,0.2857142857142857,0.9333333333333333
prediction_loss_decoupling,offroute5,offroute5,15,ccra_row_guard,CCRA row,1,31,15,2,7,5,1.0,,1,32,0,32,0,0,1,,0.017741935483870968,,0.2489406779661017,30.0,2.0,28.0,0.06666666666666667,0.2857142857142857,0.9333333333333333
prediction_loss_decoupling,offroute5,offroute5,15,ccra_row_guard,CCRA row,2,31,15,2,7,5,1.0,,1,32,0,32,0,0,1,,0.017741935483870968,,0.2489406779661017,30.0,2.0,28.0,0.06666666666666667,0.2857142857142857,0.9333333333333333
prediction_loss_decoupling,offroute5,offroute5,15,ccra_row_guard,CCRA row,3,31,15,2,7,5,1.0,,1,32,0,32,0,0,1,,0.017741935483870968,,0.2489406779661017,30.0,2.0,28.0,0.06666666666666667,0.2857142857142857,0.9333333333333333
prediction_loss_decoupling,offroute5,offroute5,15,ccra_row_guard,CCRA row,4,31,15,2,7,5,1.0,,1,32,0,32,0,0,1,,0.017741935483870968,,0.2489406779661017,30.0,2.0,28.0,0.06666666666666667,0.2857142857142857,0.9333333333333333
prediction_loss_decoupling,offroute5,offroute5,15,global_action_repair,Global action,0,31,15,2,7,5,1.0,,0,12,3,13,0,0,1,,0.23817204301075268,,0.4784604519774011,450.0,7.0,443.0,0.015555555555555555,1.0,0.9844444444444445
prediction_loss_decoupling,offroute5,offroute5,15,global_action_repair,Global action,1,31,15,2,7,5,1.0,,0,0,0,1,0,0,1,,0.23817204301075268,,0.4784604519774011,450.0,7.0,443.0,0.015555555555555555,1.0,0.9844444444444445
prediction_loss_decoupling,offroute5,offroute5,15,global_action_repair,Global action,2,31,15,2,7,5,1.0,,0,0,0,1,0,0,1,,0.23817204301075268,,0.4784604519774011,450.0,7.0,443.0,0.015555555555555555,1.0,0.9844444444444445
prediction_loss_decoupling,offroute5,offroute5,15,global_action_repair,Global action,3,31,15,2,7,5,1.0,,0,0,0,1,0,0,1,,0.23817204301075268,,0.4784604519774011,450.0,7.0,443.0,0.015555555555555555,1.0,0.9844444444444445
prediction_loss_decoupling,offroute5,offroute5,15,global_action_repair,Global action,4,31,15,2,7,5,1.0,,0,0,0,1,0,0,1,,0.23817204301075268,,0.4784604519774011,450.0,7.0,443.0,0.015555555555555555,1.0,0.9844444444444445
prediction_loss_decoupling,offroute5,offroute5,15,oracle_fault_model,Oracle,0,31,15,2,7,5,1.0,,1,32,0,32,0,0,0,,0.0,,0.0,7.0,7.0,0.0,1.0,1.0,0.0
prediction_loss_decoupling,offroute5,offroute5,15,oracle_fault_model,Oracle,1,31,15,2,7,5,1.0,,1,32,0,32,0,0,0,,0.0,,0.0,7.0,7.0,0.0,1.0,1.0,0.0
prediction_loss_decoupling,offroute5,offroute5,15,oracle_fault_model,Oracle,2,31,15,2,7,5,1.0,,1,32,0,32,0,0,0,,0.0,,0.0,7.0,7.0,0.0,1.0,1.0,0.0
prediction_loss_decoupling,offroute5,offroute5,15,oracle_fault_model,Oracle,3,31,15,2,7,5,1.0,,1,32,0,32,0,0,0,,0.0,,0.0,7.0,7.0,0.0,1.0,1.0,0.0
prediction_loss_decoupling,offroute5,offroute5,15,oracle_fault_model,Oracle,4,31,15,2,7,5,1.0,,1,32,0,32,0,0,0,,0.0,,0.0,7.0,7.0,0.0,1.0,1.0,0.0
prediction_loss_decoupling,offroute5,offroute5,16,nominal_no_repair,Nominal,0,31,15,2,7,5,1.0,,0,180,172,9,0,1,0,,0.003763440860215054,,0.01942090395480226,0.0,0.0,0.0,1.0,0.0,0.0
prediction_loss_decoupling,offroute5,offroute5,16,nominal_no_repair,Nominal,1,31,15,2,7,5,1.0,,0,180,172,9,0,1,0,,0.003763440860215054,,0.01942090395480226,0.0,0.0,0.0,1.0,0.0,0.0
prediction_loss_decoupling,offroute5,offroute5,16,nominal_no_repair,Nominal,2,31,15,2,7,5,1.0,,0,180,172,9,0,1,0,,0.003763440860215054,,0.01942090395480226,0.0,0.0,0.0,1.0,0.0,0.0
prediction_loss_decoupling,offroute5,offroute5,16,nominal_no_repair,Nominal,3,31,15,2,7,5,1.0,,0,180,172,9,0,1,0,,0.003763440860215054,,0.01942090395480226,0.0,0.0,0.0,1.0,0.0,0.0
prediction_loss_decoupling,offroute5,offroute5,16,nominal_no_repair,Nominal,4,31,15,2,7,5,1.0,,0,180,172,9,0,1,0,,0.003763440860215054,,0.01942090395480226,0.0,0.0,0.0,1.0,0.0,0.0
prediction_loss_decoupling,offroute5,offroute5,16,shield_only,Shield only,0,31,15,2,7,5,1.0,,0,180,172,10,1,1,1,,0.003763440860215054,,0.01942090395480226,0.0,0.0,0.0,1.0,0.0,0.0
prediction_loss_decoupling,offroute5,offroute5,16,shield_only,Shield only,1,31,15,2,7,5,1.0,,0,180,172,9,1,1,1,,0.003763440860215054,,0.01942090395480226,0.0,0.0,0.0,1.0,0.0,0.0
prediction_loss_decoupling,offroute5,offroute5,16,shield_only,Shield only,2,31,15,2,7,5,1.0,,0,180,172,9,1,1,1,,0.003763440860215054,,0.01942090395480226,0.0,0.0,0.0,1.0,0.0,0.0
prediction_loss_decoupling,offroute5,offroute5,16,shield_only,Shield only,3,31,15,2,7,5,1.0,,0,180,172,9,1,1,1,,0.003763440860215054,,0.01942090395480226,0.0,0.0,0.0,1.0,0.0,0.0
prediction_loss_decoupling,offroute5,offroute5,16,shield_only,Shield only,4,31,15,2,7,5,1.0,,0,180,172,9,1,1,1,,0.003763440860215054,,0.01942090395480226,0.0,0.0,0.0,1.0,0.0,0.0
prediction_loss_decoupling,offroute5,offroute5,16,batch_episode_retrain,Batch episode,0,31,15,2,7,5,1.0,,0,180,172,9,0,1,0,,0.003763440860215054,,0.01942090395480226,0.0,0.0,0.0,1.0,0.0,0.0
prediction_loss_decoupling,offroute5,offroute5,16,batch_episode_retrain,Batch episode,1,31,15,2,7,5,1.0,,1,32,0,32,0,0,1,,0.0032258064516129032,,0.01059322033898305,1.0,1.0,0.0,1.0,0.14285714285714285,0.0
prediction_loss_decoupling,offroute5,offroute5,16,batch_episode_retrain,Batch episode,2,31,15,2,7,5,1.0,,1,32,0,32,0,0,1,,0.0032258064516129032,,0.01059322033898305,1.0,1.0,0.0,1.0,0.14285714285714285,0.0
prediction_loss_decoupling,offroute5,offroute5,16,batch_episode_retrain,Batch episode,3,31,15,2,7,5,1.0,,1,32,0,32,0,0,1,,0.0032258064516129032,,0.01059322033898305,1.0,1.0,0.0,1.0,0.14285714285714285,0.0
prediction_loss_decoupling,offroute5,offroute5,16,batch_episode_retrain,Batch episode,4,31,15,2,7,5,1.0,,1,32,0,32,0,0,1,,0.0032258064516129032,,0.01059322033898305,1.0,1.0,0.0,1.0,0.14285714285714285,0.0
prediction_loss_decoupling,offroute5,offroute5,16,threshold_8,Threshold 8,0,31,15,2,7,5,1.0,,1,40,8,40,0,0,1,,0.0032258064516129032,,0.01059322033898305,1.0,1.0,0.0,1.0,0.14285714285714285,0.0
prediction_loss_decoupling,offroute5,offroute5,16,threshold_8,Threshold 8,1,31,15,2,7,5,1.0,,1,32,0,32,0,0,1,,0.0032258064516129032,,0.01059322033898305,1.0,1.0,0.0,1.0,0.14285714285714285,0.0
prediction_loss_decoupling,offroute5,offroute5,16,threshold_8,Threshold 8,2,31,15,2,7,5,1.0,,1,32,0,32,0,0,1,,0.0032258064516129032,,0.01059322033898305,1.0,1.0,0.0,1.0,0.14285714285714285,0.0
prediction_loss_decoupling,offroute5,offroute5,16,threshold_8,Threshold 8,3,31,15,2,7,5,1.0,,1,32,0,32,0,0,1,,0.0032258064516129032,,0.01059322033898305,1.0,1.0,0.0,1.0,0.14285714285714285,0.0
prediction_loss_decoupling,offroute5,offroute5,16,threshold_8,Threshold 8,4,31,15,2,7,5,1.0,,1,32,0,32,0,0,1,,0.0032258064516129032,,0.01059322033898305,1.0,1.0,0.0,1.0,0.14285714285714285,0.0
prediction_loss_decoupling,offroute5,offroute5,16,uncertainty_cost_avoidance,Cost avoidance,0,31,15,2,7,5,1.0,,1,33,1,33,0,0,1,,0.003763440860215054,,0.01942090395480226,0.0,0.0,0.0,1.0,0.0,0.0
prediction_loss_decoupling,offroute5,offroute5,16,uncertainty_cost_avoidance,Cost avoidance,1,31,15,2,7,5,1.0,,1,32,0,32,0,0,1,,0.003763440860215054,,0.01942090395480226,0.0,0.0,0.0,1.0,0.0,0.0
prediction_loss_decoupling,offroute5,offroute5,16,uncertainty_cost_avoidance,Cost avoidance,2,31,15,2,7,5,1.0,,1,32,0,32,0,0,1,,0.003763440860215054,,0.01942090395480226,0.0,0.0,0.0,1.0,0.0,0.0
prediction_loss_decoupling,offroute5,offroute5,16,uncertainty_cost_avoidance,Cost avoidance,3,31,15,2,7,5,1.0,,1,32,0,32,0,0,1,,0.003763440860215054,,0.01942090395480226,0.0,0.0,0.0,1.0,0.0,0.0
prediction_loss_decoupling,offroute5,offroute5,16,uncertainty_cost_avoidance,Cost avoidance,4,31,15,2,7,5,1.0,,1,32,0,32,0,0,1,,0.003763440860215054,,0.01942090395480226,0.0,0.0,0.0,1.0,0.0,0.0
prediction_loss_decoupling,offroute5,offroute5,16,ccra_exact_guard,CCRA exact,0,31,15,2,7,5,1.0,,1,33,1,33,0,0,1,,0.0032258064516129032,,0.01059322033898305,1.0,1.0,0.0,1.0,0.14285714285714285,0.0
prediction_loss_decoupling,offroute5,offroute5,16,ccra_exact_guard,CCRA exact,1,31,15,2,7,5,1.0,,1,32,0,32,0,0,1,,0.0032258064516129032,,0.01059322033898305,1.0,1.0,0.0,1.0,0.14285714285714285,0.0
prediction_loss_decoupling,offroute5,offroute5,16,ccra_exact_guard,CCRA exact,2,31,15,2,7,5,1.0,,1,32,0,32,0,0,1,,0.0032258064516129032,,0.01059322033898305,1.0,1.0,0.0,1.0,0.14285714285714285,0.0
prediction_loss_decoupling,offroute5,offroute5,16,ccra_exact_guard,CCRA exact,3,31,15,2,7,5,1.0,,1,32,0,32,0,0,1,,0.0032258064516129032,,0.01059322033898305,1.0,1.0,0.0,1.0,0.14285714285714285,0.0
prediction_loss_decoupling,offroute5,offroute5,16,ccra_exact_guard,CCRA exact,4,31,15,2,7,5,1.0,,1,32,0,32,0,0,1,,0.0032258064516129032,,0.01059322033898305,1.0,1.0,0.0,1.0,0.14285714285714285,0.0
prediction_loss_decoupling,offroute5,offroute5,16,ccra_row_guard,CCRA row,0,31,15,2,7,5,1.0,,1,33,1,33,0,0,1,,0.017741935483870968,,0.2489406779661017,30.0,2.0,28.0,0.06666666666666667,0.2857142857142857,0.9333333333333333
prediction_loss_decoupling,offroute5,offroute5,16,ccra_row_guard,CCRA row,1,31,15,2,7,5,1.0,,1,32,0,32,0,0,1,,0.017741935483870968,,0.2489406779661017,30.0,2.0,28.0,0.06666666666666667,0.2857142857142857,0.9333333333333333
prediction_loss_decoupling,offroute5,offroute5,16,ccra_row_guard,CCRA row,2,31,15,2,7,5,1.0,,1,32,0,32,0,0,1,,0.017741935483870968,,0.2489406779661017,30.0,2.0,28.0,0.06666666666666667,0.2857142857142857,0.9333333333333333
prediction_loss_decoupling,offroute5,offroute5,16,ccra_row_guard,CCRA row,3,31,15,2,7,5,1.0,,1,32,0,32,0,0,1,,0.017741935483870968,,0.2489406779661017,30.0,2.0,28.0,0.06666666666666667,0.2857142857142857,0.9333333333333333
prediction_loss_decoupling,offroute5,offroute5,16,ccra_row_guard,CCRA row,4,31,15,2,7,5,1.0,,1,32,0,32,0,0,1,,0.017741935483870968,,0.2489406779661017,30.0,2.0,28.0,0.06666666666666667,0.2857142857142857,0.9333333333333333
prediction_loss_decoupling,offroute5,offroute5,16,global_action_repair,Global action,0,31,15,2,7,5,1.0,,0,11,3,12,0,0,1,,0.23817204301075268,,0.4784604519774011,450.0,7.0,443.0,0.015555555555555555,1.0,0.9844444444444445
prediction_loss_decoupling,offroute5,offroute5,16,global_action_repair,Global action,1,31,15,2,7,5,1.0,,0,0,0,1,0,0,1,,0.23817204301075268,,0.4784604519774011,450.0,7.0,443.0,0.015555555555555555,1.0,0.9844444444444445
prediction_loss_decoupling,offroute5,offroute5,16,global_action_repair,Global action,2,31,15,2,7,5,1.0,,0,0,0,1,0,0,1,,0.23817204301075268,,0.4784604519774011,450.0,7.0,443.0,0.015555555555555555,1.0,0.9844444444444445
prediction_loss_decoupling,offroute5,offroute5,16,global_action_repair,Global action,3,31,15,2,7,5,1.0,,0,0,0,1,0,0,1,,0.23817204301075268,,0.4784604519774011,450.0,7.0,443.0,0.015555555555555555,1.0,0.9844444444444445
prediction_loss_decoupling,offroute5,offroute5,16,global_action_repair,Global action,4,31,15,2,7,5,1.0,,0,0,0,1,0,0,1,,0.23817204301075268,,0.4784604519774011,450.0,7.0,443.0,0.015555555555555555,1.0,0.9844444444444445
prediction_loss_decoupling,offroute5,offroute5,16,oracle_fault_model,Oracle,0,31,15,2,7,5,1.0,,1,32,0,32,0,0,0,,0.0,,0.0,7.0,7.0,0.0,1.0,1.0,0.0
prediction_loss_decoupling,offroute5,offroute5,16,oracle_fault_model,Oracle,1,31,15,2,7,5,1.0,,1,32,0,32,0,0,0,,0.0,,0.0,7.0,7.0,0.0,1.0,1.0,0.0
prediction_loss_decoupling,offroute5,offroute5,16,oracle_fault_model,Oracle,2,31,15,2,7,5,1.0,,1,32,0,32,0,0,0,,0.0,,0.0,7.0,7.0,0.0,1.0,1.0,0.0
prediction_loss_decoupling,offroute5,offroute5,16,oracle_fault_model,Oracle,3,31,15,2,7,5,1.0,,1,32,0,32,0,0,0,,0.0,,0.0,7.0,7.0,0.0,1.0,1.0,0.0
prediction_loss_decoupling,offroute5,offroute5,16,oracle_fault_model,Oracle,4,31,15,2,7,5,1.0,,1,32,0,32,0,0,0,,0.0,,0.0,7.0,7.0,0.0,1.0,1.0,0.0
prediction_loss_decoupling,offroute5,offroute5,17,nominal_no_repair,Nominal,0,31,15,2,7,5,1.0,,0,180,173,8,0,1,0,,0.003763440860215054,,0.020833333333333332,0.0,0.0,0.0,1.0,0.0,0.0
prediction_loss_decoupling,offroute5,offroute5,17,nominal_no_repair,Nominal,1,31,15,2,7,5,1.0,,0,180,173,8,0,1,0,,0.003763440860215054,,0.020833333333333332,0.0,0.0,0.0,1.0,0.0,0.0
prediction_loss_decoupling,offroute5,offroute5,17,nominal_no_repair,Nominal,2,31,15,2,7,5,1.0,,0,180,173,8,0,1,0,,0.003763440860215054,,0.020833333333333332,0.0,0.0,0.0,1.0,0.0,0.0
prediction_loss_decoupling,offroute5,offroute5,17,nominal_no_repair,Nominal,3,31,15,2,7,5,1.0,,0,180,173,8,0,1,0,,0.003763440860215054,,0.020833333333333332,0.0,0.0,0.0,1.0,0.0,0.0
prediction_loss_decoupling,offroute5,offroute5,17,nominal_no_repair,Nominal,4,31,15,2,7,5,1.0,,0,180,173,8,0,1,0,,0.003763440860215054,,0.020833333333333332,0.0,0.0,0.0,1.0,0.0,0.0
prediction_loss_decoupling,offroute5,offroute5,17,shield_only,Shield only,0,31,15,2,7,5,1.0,,0,180,173,9,1,1,1,,0.003763440860215054,,0.020833333333333332,0.0,0.0,0.0,1.0,0.0,0.0
prediction_loss_decoupling,offroute5,offroute5,17,shield_only,Shield only,1,31,15,2,7,5,1.0,,0,180,173,8,1,1,1,,0.003763440860215054,,0.020833333333333332,0.0,0.0,0.0,1.0,0.0,0.0
prediction_loss_decoupling,offroute5,offroute5,17,shield_only,Shield only,2,31,15,2,7,5,1.0,,0,180,173,8,1,1,1,,0.003763440860215054,,0.020833333333333332,0.0,0.0,0.0,1.0,0.0,0.0
prediction_loss_decoupling,offroute5,offroute5,17,shield_only,Shield only,3,31,15,2,7,5,1.0,,0,180,173,8,1,1,1,,0.003763440860215054,,0.020833333333333332,0.0,0.0,0.0,1.0,0.0,0.0
prediction_loss_decoupling,offroute5,offroute5,17,shield_only,Shield only,4,31,15,2,7,5,1.0,,0,180,173,8,1,1,1,,0.003763440860215054,,0.020833333333333332,0.0,0.0,0.0,1.0,0.0,0.0
prediction_loss_decoupling,offroute5,offroute5,17,batch_episode_retrain,Batch episode,0,31,15,2,7,5,1.0,,0,180,173,8,0,1,0,,0.003763440860215054,,0.020833333333333332,0.0,0.0,0.0,1.0,0.0,0.0
prediction_loss_decoupling,offroute5,offroute5,17,batch_episode_retrain,Batch episode,1,31,15,2,7,5,1.0,,0,180,152,29,0,1,1,,0.0032258064516129032,,0.012005649717514125,1.0,1.0,0.0,1.0,0.14285714285714285,0.0
prediction_loss_decoupling,offroute5,offroute5,17,batch_episode_retrain,Batch episode,2,31,15,2,7,5,1.0,,1,32,0,32,0,0,2,,0.002688172043010753,,0.010240112994350282,2.0,2.0,0.0,1.0,0.2857142857142857,0.0
prediction_loss_decoupling,offroute5,offroute5,17,batch_episode_retrain,Batch episode,3,31,15,2,7,5,1.0,,1,32,0,32,0,0,2,,0.002688172043010753,,0.010240112994350282,2.0,2.0,0.0,1.0,0.2857142857142857,0.0
prediction_loss_decoupling,offroute5,offroute5,17,batch_episode_retrain,Batch episode,4,31,15,2,7,5,1.0,,1,32,0,32,0,0,2,,0.002688172043010753,,0.010240112994350282,2.0,2.0,0.0,1.0,0.2857142857142857,0.0
prediction_loss_decoupling,offroute5,offroute5,17,threshold_8,Threshold 8,0,31,15,2,7,5,1.0,,1,48,16,48,0,0,2,,0.002688172043010753,,0.010240112994350282,2.0,2.0,0.0,1.0,0.2857142857142857,0.0
prediction_loss_decoupling,offroute5,offroute5,17,threshold_8,Threshold 8,1,31,15,2,7,5,1.0,,1,32,0,32,0,0,2,,0.002688172043010753,,0.010240112994350282,2.0,2.0,0.0,1.0,0.2857142857142857,0.0
prediction_loss_decoupling,offroute5,offroute5,17,threshold_8,Threshold 8,2,31,15,2,7,5,1.0,,1,32,0,32,0,0,2,,0.002688172043010753,,0.010240112994350282,2.0,2.0,0.0,1.0,0.2857142857142857,0.0
prediction_loss_decoupling,offroute5,offroute5,17,threshold_8,Threshold 8,3,31,15,2,7,5,1.0,,1,32,0,32,0,0,2,,0.002688172043010753,,0.010240112994350282,2.0,2.0,0.0,1.0,0.2857142857142857,0.0
prediction_loss_decoupling,offroute5,offroute5,17,threshold_8,Threshold 8,4,31,15,2,7,5,1.0,,1,32,0,32,0,0,2,,0.002688172043010753,,0.010240112994350282,2.0,2.0,0.0,1.0,0.2857142857142857,0.0
prediction_loss_decoupling,offroute5,offroute5,17,uncertainty_cost_avoidance,Cost avoidance,0,31,15,2,7,5,1.0,,1,34,2,34,0,0,2,,0.003763440860215054,,0.020833333333333332,0.0,0.0,0.0,1.0,0.0,0.0
prediction_loss_decoupling,offroute5,offroute5,17,uncertainty_cost_avoidance,Cost avoidance,1,31,15,2,7,5,1.0,,1,32,0,32,0,0,2,,0.003763440860215054,,0.020833333333333332,0.0,0.0,0.0,1.0,0.0,0.0
prediction_loss_decoupling,offroute5,offroute5,17,uncertainty_cost_avoidance,Cost avoidance,2,31,15,2,7,5,1.0,,1,32,0,32,0,0,2,,0.003763440860215054,,0.020833333333333332,0.0,0.0,0.0,1.0,0.0,0.0
prediction_loss_decoupling,offroute5,offroute5,17,uncertainty_cost_avoidance,Cost avoidance,3,31,15,2,7,5,1.0,,1,32,0,32,0,0,2,,0.003763440860215054,,0.020833333333333332,0.0,0.0,0.0,1.0,0.0,0.0
prediction_loss_decoupling,offroute5,offroute5,17,uncertainty_cost_avoidance,Cost avoidance,4,31,15,2,7,5,1.0,,1,32,0,32,0,0,2,,0.003763440860215054,,0.020833333333333332,0.0,0.0,0.0,1.0,0.0,0.0
prediction_loss_decoupling,offroute5,offroute5,17,ccra_exact_guard,CCRA exact,0,31,15,2,7,5,1.0,,1,34,2,34,0,0,2,,0.002688172043010753,,0.010240112994350282,2.0,2.0,0.0,1.0,0.2857142857142857,0.0
prediction_loss_decoupling,offroute5,offroute5,17,ccra_exact_guard,CCRA exact,1,31,15,2,7,5,1.0,,1,32,0,32,0,0,2,,0.002688172043010753,,0.010240112994350282,2.0,2.0,0.0,1.0,0.2857142857142857,0.0
prediction_loss_decoupling,offroute5,offroute5,17,ccra_exact_guard,CCRA exact,2,31,15,2,7,5,1.0,,1,32,0,32,0,0,2,,0.002688172043010753,,0.010240112994350282,2.0,2.0,0.0,1.0,0.2857142857142857,0.0
prediction_loss_decoupling,offroute5,offroute5,17,ccra_exact_guard,CCRA exact,3,31,15,2,7,5,1.0,,1,32,0,32,0,0,2,,0.002688172043010753,,0.010240112994350282,2.0,2.0,0.0,1.0,0.2857142857142857,0.0
prediction_loss_decoupling,offroute5,offroute5,17,ccra_exact_guard,CCRA exact,4,31,15,2,7,5,1.0,,1,32,0,32,0,0,2,,0.002688172043010753,,0.010240112994350282,2.0,2.0,0.0,1.0,0.2857142857142857,0.0
prediction_loss_decoupling,offroute5,offroute5,17,ccra_row_guard,CCRA row,0,31,15,2,7,5,1.0,,1,36,2,36,0,0,2,,0.032795698924731186,,0.2997881355932203,60.0,3.0,57.0,0.05,0.42857142857142855,0.95
prediction_loss_decoupling,offroute5,offroute5,17,ccra_row_guard,CCRA row,1,31,15,2,7,5,1.0,,1,32,0,32,0,0,2,,0.032795698924731186,,0.2997881355932203,60.0,3.0,57.0,0.05,0.42857142857142855,0.95
prediction_loss_decoupling,offroute5,offroute5,17,ccra_row_guard,CCRA row,2,31,15,2,7,5,1.0,,1,32,0,32,0,0,2,,0.032795698924731186,,0.2997881355932203,60.0,3.0,57.0,0.05,0.42857142857142855,0.95
prediction_loss_decoupling,offroute5,offroute5,17,ccra_row_guard,CCRA row,3,31,15,2,7,5,1.0,,1,32,0,32,0,0,2,,0.032795698924731186,,0.2997881355932203,60.0,3.0,57.0,0.05,0.42857142857142855,0.95
prediction_loss_decoupling,offroute5,offroute5,17,ccra_row_guard,CCRA row,4,31,15,2,7,5,1.0,,1,32,0,32,0,0,2,,0.032795698924731186,,0.2997881355932203,60.0,3.0,57.0,0.05,0.42857142857142855,0.95
prediction_loss_decoupling,offroute5,offroute5,17,global_action_repair,Global action,0,31,15,2,7,5,1.0,,0,10,3,11,0,0,1,,0.23817204301075268,,0.4770480225988701,450.0,7.0,443.0,0.015555555555555555,1.0,0.9844444444444445
prediction_loss_decoupling,offroute5,offroute5,17,global_action_repair,Global action,1,31,15,2,7,5,1.0,,0,0,0,1,0,0,1,,0.23817204301075268,,0.4770480225988701,450.0,7.0,443.0,0.015555555555555555,1.0,0.9844444444444445
prediction_loss_decoupling,offroute5,offroute5,17,global_action_repair,Global action,2,31,15,2,7,5,1.0,,0,0,0,1,0,0,1,,0.23817204301075268,,0.4770480225988701,450.0,7.0,443.0,0.015555555555555555,1.0,0.9844444444444445
prediction_loss_decoupling,offroute5,offroute5,17,global_action_repair,Global action,3,31,15,2,7,5,1.0,,0,0,0,1,0,0,1,,0.23817204301075268,,0.4770480225988701,450.0,7.0,443.0,0.015555555555555555,1.0,0.9844444444444445
prediction_loss_decoupling,offroute5,offroute5,17,global_action_repair,Global action,4,31,15,2,7,5,1.0,,0,0,0,1,0,0,1,,0.23817204301075268,,0.4770480225988701,450.0,7.0,443.0,0.015555555555555555,1.0,0.9844444444444445
prediction_loss_decoupling,offroute5,offroute5,17,oracle_fault_model,Oracle,0,31,15,2,7,5,1.0,,1,32,0,32,0,0,0,,0.0,,0.0,7.0,7.0,0.0,1.0,1.0,0.0
prediction_loss_decoupling,offroute5,offroute5,17,oracle_fault_model,Oracle,1,31,15,2,7,5,1.0,,1,32,0,32,0,0,0,,0.0,,0.0,7.0,7.0,0.0,1.0,1.0,0.0
prediction_loss_decoupling,offroute5,offroute5,17,oracle_fault_model,Oracle,2,31,15,2,7,5,1.0,,1,32,0,32,0,0,0,,0.0,,0.0,7.0,7.0,0.0,1.0,1.0,0.0
prediction_loss_decoupling,offroute5,offroute5,17,oracle_fault_model,Oracle,3,31,15,2,7,5,1.0,,1,32,0,32,0,0,0,,0.0,,0.0,7.0,7.0,0.0,1.0,1.0,0.0
prediction_loss_decoupling,offroute5,offroute5,17,oracle_fault_model,Oracle,4,31,15,2,7,5,1.0,,1,32,0,32,0,0,0,,0.0,,0.0,7.0,7.0,0.0,1.0,1.0,0.0
prediction_loss_decoupling,offroute5,offroute5,18,nominal_no_repair,Nominal,0,31,15,2,7,5,1.0,,0,180,174,7,0,1,0,,0.003763440860215054,,0.01942090395480226,0.0,0.0,0.0,1.0,0.0,0.0
prediction_loss_decoupling,offroute5,offroute5,18,nominal_no_repair,Nominal,1,31,15,2,7,5,1.0,,0,180,174,7,0,1,0,,0.003763440860215054,,0.01942090395480226,0.0,0.0,0.0,1.0,0.0,0.0
prediction_loss_decoupling,offroute5,offroute5,18,nominal_no_repair,Nominal,2,31,15,2,7,5,1.0,,0,180,174,7,0,1,0,,0.003763440860215054,,0.01942090395480226,0.0,0.0,0.0,1.0,0.0,0.0
prediction_loss_decoupling,offroute5,offroute5,18,nominal_no_repair,Nominal,3,31,15,2,7,5,1.0,,0,180,174,7,0,1,0,,0.003763440860215054,,0.01942090395480226,0.0,0.0,0.0,1.0,0.0,0.0
prediction_loss_decoupling,offroute5,offroute5,18,nominal_no_repair,Nominal,4,31,15,2,7,5,1.0,,0,180,174,7,0,1,0,,0.003763440860215054,,0.01942090395480226,0.0,0.0,0.0,1.0,0.0,0.0
prediction_loss_decoupling,offroute5,offroute5,18,shield_only,Shield only,0,31,15,2,7,5,1.0,,0,180,174,8,1,1,1,,0.003763440860215054,,0.01942090395480226,0.0,0.0,0.0,1.0,0.0,0.0
prediction_loss_decoupling,offroute5,offroute5,18,shield_only,Shield only,1,31,15,2,7,5,1.0,,0,180,174,7,1,1,1,,0.003763440860215054,,0.01942090395480226,0.0,0.0,0.0,1.0,0.0,0.0
prediction_loss_decoupling,offroute5,offroute5,18,shield_only,Shield only,2,31,15,2,7,5,1.0,,0,180,174,7,1,1,1,,0.003763440860215054,,0.01942090395480226,0.0,0.0,0.0,1.0,0.0,0.0
prediction_loss_decoupling,offroute5,offroute5,18,shield_only,Shield only,3,31,15,2,7,5,1.0,,0,180,174,7,1,1,1,,0.003763440860215054,,0.01942090395480226,0.0,0.0,0.0,1.0,0.0,0.0
prediction_loss_decoupling,offroute5,offroute5,18,shield_only,Shield only,4,31,15,2,7,5,1.0,,0,180,174,7,1,1,1,,0.003763440860215054,,0.01942090395480226,0.0,0.0,0.0,1.0,0.0,0.0
prediction_loss_decoupling,offroute5,offroute5,18,batch_episode_retrain,Batch episode,0,31,15,2,7,5,1.0,,0,180,174,7,0,1,0,,0.003763440860215054,,0.01942090395480226,0.0,0.0,0.0,1.0,0.0,0.0
prediction_loss_decoupling,offroute5,offroute5,18,batch_episode_retrain,Batch episode,1,31,15,2,7,5,1.0,,1,32,0,32,0,0,1,,0.0032258064516129032,,0.01059322033898305,1.0,1.0,0.0,1.0,0.14285714285714285,0.0
prediction_loss_decoupling,offroute5,offroute5,18,batch_episode_retrain,Batch episode,2,31,15,2,7,5,1.0,,1,32,0,32,0,0,1,,0.0032258064516129032,,0.01059322033898305,1.0,1.0,0.0,1.0,0.14285714285714285,0.0
prediction_loss_decoupling,offroute5,offroute5,18,batch_episode_retrain,Batch episode,3,31,15,2,7,5,1.0,,1,32,0,32,0,0,1,,0.0032258064516129032,,0.01059322033898305,1.0,1.0,0.0,1.0,0.14285714285714285,0.0
prediction_loss_decoupling,offroute5,offroute5,18,batch_episode_retrain,Batch episode,4,31,15,2,7,5,1.0,,1,32,0,32,0,0,1,,0.0032258064516129032,,0.01059322033898305,1.0,1.0,0.0,1.0,0.14285714285714285,0.0
prediction_loss_decoupling,offroute5,offroute5,18,threshold_8,Threshold 8,0,31,15,2,7,5,1.0,,1,40,8,40,0,0,1,,0.0032258064516129032,,0.01059322033898305,1.0,1.0,0.0,1.0,0.14285714285714285,0.0
prediction_loss_decoupling,offroute5,offroute5,18,threshold_8,Threshold 8,1,31,15,2,7,5,1.0,,1,32,0,32,0,0,1,,0.0032258064516129032,,0.01059322033898305,1.0,1.0,0.0,1.0,0.14285714285714285,0.0
prediction_loss_decoupling,offroute5,offroute5,18,threshold_8,Threshold 8,2,31,15,2,7,5,1.0,,1,32,0,32,0,0,1,,0.0032258064516129032,,0.01059322033898305,1.0,1.0,0.0,1.0,0.14285714285714285,0.0
prediction_loss_decoupling,offroute5,offroute5,18,threshold_8,Threshold 8,3,31,15,2,7,5,1.0,,1,32,0,32,0,0,1,,0.0032258064516129032,,0.01059322033898305,1.0,1.0,0.0,1.0,0.14285714285714285,0.0
prediction_loss_decoupling,offroute5,offroute5,18,threshold_8,Threshold 8,4,31,15,2,7,5,1.0,,1,32,0,32,0,0,1,,0.0032258064516129032,,0.01059322033898305,1.0,1.0,0.0,1.0,0.14285714285714285,0.0
prediction_loss_decoupling,offroute5,offroute5,18,uncertainty_cost_avoidance,Cost avoidance,0,31,15,2,7,5,1.0,,1,33,1,33,0,0,1,,0.003763440860215054,,0.01942090395480226,0.0,0.0,0.0,1.0,0.0,0.0
prediction_loss_decoupling,offroute5,offroute5,18,uncertainty_cost_avoidance,Cost avoidance,1,31,15,2,7,5,1.0,,1,32,0,32,0,0,1,,0.003763440860215054,,0.01942090395480226,0.0,0.0,0.0,1.0,0.0,0.0
prediction_loss_decoupling,offroute5,offroute5,18,uncertainty_cost_avoidance,Cost avoidance,2,31,15,2,7,5,1.0,,1,32,0,32,0,0,1,,0.003763440860215054,,0.01942090395480226,0.0,0.0,0.0,1.0,0.0,0.0
prediction_loss_decoupling,offroute5,offroute5,18,uncertainty_cost_avoidance,Cost avoidance,3,31,15,2,7,5,1.0,,1,32,0,32,0,0,1,,0.003763440860215054,,0.01942090395480226,0.0,0.0,0.0,1.0,0.0,0.0
prediction_loss_decoupling,offroute5,offroute5,18,uncertainty_cost_avoidance,Cost avoidance,4,31,15,2,7,5,1.0,,1,32,0,32,0,0,1,,0.003763440860215054,,0.01942090395480226,0.0,0.0,0.0,1.0,0.0,0.0
prediction_loss_decoupling,offroute5,offroute5,18,ccra_exact_guard,CCRA exact,0,31,15,2,7,5,1.0,,1,33,1,33,0,0,1,,0.0032258064516129032,,0.01059322033898305,1.0,1.0,0.0,1.0,0.14285714285714285,0.0
prediction_loss_decoupling,offroute5,offroute5,18,ccra_exact_guard,CCRA exact,1,31,15,2,7,5,1.0,,1,32,0,32,0,0,1,,0.0032258064516129032,,0.01059322033898305,1.0,1.0,0.0,1.0,0.14285714285714285,0.0
prediction_loss_decoupling,offroute5,offroute5,18,ccra_exact_guard,CCRA exact,2,31,15,2,7,5,1.0,,1,32,0,32,0,0,1,,0.0032258064516129032,,0.01059322033898305,1.0,1.0,0.0,1.0,0.14285714285714285,0.0
prediction_loss_decoupling,offroute5,offroute5,18,ccra_exact_guard,CCRA exact,3,31,15,2,7,5,1.0,,1,32,0,32,0,0,1,,0.0032258064516129032,,0.01059322033898305,1.0,1.0,0.0,1.0,0.14285714285714285,0.0
prediction_loss_decoupling,offroute5,offroute5,18,ccra_exact_guard,CCRA exact,4,31,15,2,7,5,1.0,,1,32,0,32,0,0,1,,0.0032258064516129032,,0.01059322033898305,1.0,1.0,0.0,1.0,0.14285714285714285,0.0
prediction_loss_decoupling,offroute5,offroute5,18,ccra_row_guard,CCRA row,0,31,15,2,7,5,1.0,,1,33,1,33,0,0,1,,0.017741935483870968,,0.2489406779661017,30.0,2.0,28.0,0.06666666666666667,0.2857142857142857,0.9333333333333333
prediction_loss_decoupling,offroute5,offroute5,18,ccra_row_guard,CCRA row,1,31,15,2,7,5,1.0,,1,32,0,32,0,0,1,,0.017741935483870968,,0.2489406779661017,30.0,2.0,28.0,0.06666666666666667,0.2857142857142857,0.9333333333333333
prediction_loss_decoupling,offroute5,offroute5,18,ccra_row_guard,CCRA row,2,31,15,2,7,5,1.0,,1,32,0,32,0,0,1,,0.017741935483870968,,0.2489406779661017,30.0,2.0,28.0,0.06666666666666667,0.2857142857142857,0.9333333333333333
prediction_loss_decoupling,offroute5,offroute5,18,ccra_row_guard,CCRA row,3,31,15,2,7,5,1.0,,1,32,0,32,0,0,1,,0.017741935483870968,,0.2489406779661017,30.0,2.0,28.0,0.06666666666666667,0.2857142857142857,0.9333333333333333
prediction_loss_decoupling,offroute5,offroute5,18,ccra_row_guard,CCRA row,4,31,15,2,7,5,1.0,,1,32,0,32,0,0,1,,0.017741935483870968,,0.2489406779661017,30.0,2.0,28.0,0.06666666666666667,0.2857142857142857,0.9333333333333333
prediction_loss_decoupling,offroute5,offroute5,18,global_action_repair,Global action,0,31,15,2,7,5,1.0,,0,9,3,10,0,0,1,,0.23817204301075268,,0.4784604519774011,450.0,7.0,443.0,0.015555555555555555,1.0,0.9844444444444445
prediction_loss_decoupling,offroute5,offroute5,18,global_action_repair,Global action,1,31,15,2,7,5,1.0,,0,0,0,1,0,0,1,,0.23817204301075268,,0.4784604519774011,450.0,7.0,443.0,0.015555555555555555,1.0,0.9844444444444445
prediction_loss_decoupling,offroute5,offroute5,18,global_action_repair,Global action,2,31,15,2,7,5,1.0,,0,0,0,1,0,0,1,,0.23817204301075268,,0.4784604519774011,450.0,7.0,443.0,0.015555555555555555,1.0,0.9844444444444445
prediction_loss_decoupling,offroute5,offroute5,18,global_action_repair,Global action,3,31,15,2,7,5,1.0,,0,0,0,1,0,0,1,,0.23817204301075268,,0.4784604519774011,450.0,7.0,443.0,0.015555555555555555,1.0,0.9844444444444445
prediction_loss_decoupling,offroute5,offroute5,18,global_action_repair,Global action,4,31,15,2,7,5,1.0,,0,0,0,1,0,0,1,,0.23817204301075268,,0.4784604519774011,450.0,7.0,443.0,0.015555555555555555,1.0,0.9844444444444445
prediction_loss_decoupling,offroute5,offroute5,18,oracle_fault_model,Oracle,0,31,15,2,7,5,1.0,,1,32,0,32,0,0,0,,0.0,,0.0,7.0,7.0,0.0,1.0,1.0,0.0
prediction_loss_decoupling,offroute5,offroute5,18,oracle_fault_model,Oracle,1,31,15,2,7,5,1.0,,1,32,0,32,0,0,0,,0.0,,0.0,7.0,7.0,0.0,1.0,1.0,0.0
prediction_loss_decoupling,offroute5,offroute5,18,oracle_fault_model,Oracle,2,31,15,2,7,5,1.0,,1,32,0,32,0,0,0,,0.0,,0.0,7.0,7.0,0.0,1.0,1.0,0.0
prediction_loss_decoupling,offroute5,offroute5,18,oracle_fault_model,Oracle,3,31,15,2,7,5,1.0,,1,32,0,32,0,0,0,,0.0,,0.0,7.0,7.0,0.0,1.0,1.0,0.0
prediction_loss_decoupling,offroute5,offroute5,18,oracle_fault_model,Oracle,4,31,15,2,7,5,1.0,,1,32,0,32,0,0,0,,0.0,,0.0,7.0,7.0,0.0,1.0,1.0,0.0
prediction_loss_decoupling,offroute5,offroute5,19,nominal_no_repair,Nominal,0,31,15,2,7,5,1.0,,0,180,174,7,0,1,0,,0.003763440860215054,,0.020833333333333332,0.0,0.0,0.0,1.0,0.0,0.0
prediction_loss_decoupling,offroute5,offroute5,19,nominal_no_repair,Nominal,1,31,15,2,7,5,1.0,,0,180,174,7,0,1,0,,0.003763440860215054,,0.020833333333333332,0.0,0.0,0.0,1.0,0.0,0.0
prediction_loss_decoupling,offroute5,offroute5,19,nominal_no_repair,Nominal,2,31,15,2,7,5,1.0,,0,180,174,7,0,1,0,,0.003763440860215054,,0.020833333333333332,0.0,0.0,0.0,1.0,0.0,0.0
prediction_loss_decoupling,offroute5,offroute5,19,nominal_no_repair,Nominal,3,31,15,2,7,5,1.0,,0,180,174,7,0,1,0,,0.003763440860215054,,0.020833333333333332,0.0,0.0,0.0,1.0,0.0,0.0
prediction_loss_decoupling,offroute5,offroute5,19,nominal_no_repair,Nominal,4,31,15,2,7,5,1.0,,0,180,174,7,0,1,0,,0.003763440860215054,,0.020833333333333332,0.0,0.0,0.0,1.0,0.0,0.0
prediction_loss_decoupling,offroute5,offroute5,19,shield_only,Shield only,0,31,15,2,7,5,1.0,,0,180,174,8,1,1,1,,0.003763440860215054,,0.020833333333333332,0.0,0.0,0.0,1.0,0.0,0.0
prediction_loss_decoupling,offroute5,offroute5,19,shield_only,Shield only,1,31,15,2,7,5,1.0,,0,180,174,7,1,1,1,,0.003763440860215054,,0.020833333333333332,0.0,0.0,0.0,1.0,0.0,0.0
prediction_loss_decoupling,offroute5,offroute5,19,shield_only,Shield only,2,31,15,2,7,5,1.0,,0,180,174,7,1,1,1,,0.003763440860215054,,0.020833333333333332,0.0,0.0,0.0,1.0,0.0,0.0
prediction_loss_decoupling,offroute5,offroute5,19,shield_only,Shield only,3,31,15,2,7,5,1.0,,0,180,174,7,1,1,1,,0.003763440860215054,,0.020833333333333332,0.0,0.0,0.0,1.0,0.0,0.0
prediction_loss_decoupling,offroute5,offroute5,19,shield_only,Shield only,4,31,15,2,7,5,1.0,,0,180,174,7,1,1,1,,0.003763440860215054,,0.020833333333333332,0.0,0.0,0.0,1.0,0.0,0.0
prediction_loss_decoupling,offroute5,offroute5,19,batch_episode_retrain,Batch episode,0,31,15,2,7,5,1.0,,0,180,174,7,0,1,0,,0.003763440860215054,,0.020833333333333332,0.0,0.0,0.0,1.0,0.0,0.0
prediction_loss_decoupling,offroute5,offroute5,19,batch_episode_retrain,Batch episode,1,31,15,2,7,5,1.0,,0,180,167,14,0,1,1,,0.0032258064516129032,,0.012005649717514125,1.0,1.0,0.0,1.0,0.14285714285714285,0.0
prediction_loss_decoupling,offroute5,offroute5,19,batch_episode_retrain,Batch episode,2,31,15,2,7,5,1.0,,0,180,152,29,0,1,2,,0.002688172043010753,,0.010240112994350282,2.0,2.0,0.0,1.0,0.2857142857142857,0.0
prediction_loss_decoupling,offroute5,offroute5,19,batch_episode_retrain,Batch episode,3,31,15,2,7,5,1.0,,1,32,0,32,0,0,3,,0.002150537634408602,,0.0014124293785310734,3.0,3.0,0.0,1.0,0.42857142857142855,0.0
prediction_loss_decoupling,offroute5,offroute5,19,batch_episode_retrain,Batch episode,4,31,15,2,7,5,1.0,,1,32,0,32,0,0,3,,0.002150537634408602,,0.0014124293785310734,3.0,3.0,0.0,1.0,0.42857142857142855,0.0
prediction_loss_decoupling,offroute5,offroute5,19,threshold_8,Threshold 8,0,31,15,2,7,5,1.0,,1,58,24,58,0,0,3,,0.002150537634408602,,0.0014124293785310734,3.0,3.0,0.0,1.0,0.42857142857142855,0.0
prediction_loss_decoupling,offroute5,offroute5,19,threshold_8,Threshold 8,1,31,15,2,7,5,1.0,,1,32,0,32,0,0,3,,0.002150537634408602,,0.0014124293785310734,3.0,3.0,0.0,1.0,0.42857142857142855,0.0
prediction_loss_decoupling,offroute5,offroute5,19,threshold_8,Threshold 8,2,31,15,2,7,5,1.0,,1,32,0,32,0,0,3,,0.002150537634408602,,0.0014124293785310734,3.0,3.0,0.0,1.0,0.42857142857142855,0.0
prediction_loss_decoupling,offroute5,offroute5,19,threshold_8,Threshold 8,3,31,15,2,7,5,1.0,,1,32,0,32,0,0,3,,0.002150537634408602,,0.0014124293785310734,3.0,3.0,0.0,1.0,0.42857142857142855,0.0
prediction_loss_decoupling,offroute5,offroute5,19,threshold_8,Threshold 8,4,31,15,2,7,5,1.0,,1,32,0,32,0,0,3,,0.002150537634408602,,0.0014124293785310734,3.0,3.0,0.0,1.0,0.42857142857142855,0.0
prediction_loss_decoupling,offroute5,offroute5,19,uncertainty_cost_avoidance,Cost avoidance,0,31,15,2,7,5,1.0,,1,37,3,37,0,0,3,,0.003763440860215054,,0.020833333333333332,0.0,0.0,0.0,1.0,0.0,0.0
prediction_loss_decoupling,offroute5,offroute5,19,uncertainty_cost_avoidance,Cost avoidance,1,31,15,2,7,5,1.0,,1,32,0,32,0,0,3,,0.003763440860215054,,0.020833333333333332,0.0,0.0,0.0,1.0,0.0,0.0
prediction_loss_decoupling,offroute5,offroute5,19,uncertainty_cost_avoidance,Cost avoidance,2,31,15,2,7,5,1.0,,1,32,0,32,0,0,3,,0.003763440860215054,,0.020833333333333332,0.0,0.0,0.0,1.0,0.0,0.0
prediction_loss_decoupling,offroute5,offroute5,19,uncertainty_cost_avoidance,Cost avoidance,3,31,15,2,7,5,1.0,,1,32,0,32,0,0,3,,0.003763440860215054,,0.020833333333333332,0.0,0.0,0.0,1.0,0.0,0.0
prediction_loss_decoupling,offroute5,offroute5,19,uncertainty_cost_avoidance,Cost avoidance,4,31,15,2,7,5,1.0,,1,32,0,32,0,0,3,,0.003763440860215054,,0.020833333333333332,0.0,0.0,0.0,1.0,0.0,0.0
prediction_loss_decoupling,offroute5,offroute5,19,ccra_exact_guard,CCRA exact,0,31,15,2,7,5,1.0,,1,37,3,37,0,0,3,,0.002150537634408602,,0.0014124293785310734,3.0,3.0,0.0,1.0,0.42857142857142855,0.0
prediction_loss_decoupling,offroute5,offroute5,19,ccra_exact_guard,CCRA exact,1,31,15,2,7,5,1.0,,1,32,0,32,0,0,3,,0.002150537634408602,,0.0014124293785310734,3.0,3.0,0.0,1.0,0.42857142857142855,0.0
prediction_loss_decoupling,offroute5,offroute5,19,ccra_exact_guard,CCRA exact,2,31,15,2,7,5,1.0,,1,32,0,32,0,0,3,,0.002150537634408602,,0.0014124293785310734,3.0,3.0,0.0,1.0,0.42857142857142855,0.0
prediction_loss_decoupling,offroute5,offroute5,19,ccra_exact_guard,CCRA exact,3,31,15,2,7,5,1.0,,1,32,0,32,0,0,3,,0.002150537634408602,,0.0014124293785310734,3.0,3.0,0.0,1.0,0.42857142857142855,0.0
prediction_loss_decoupling,offroute5,offroute5,19,ccra_exact_guard,CCRA exact,4,31,15,2,7,5,1.0,,1,32,0,32,0,0,3,,0.002150537634408602,,0.0014124293785310734,3.0,3.0,0.0,1.0,0.42857142857142855,0.0
prediction_loss_decoupling,offroute5,offroute5,19,ccra_row_guard,CCRA row,0,31,15,2,7,5,1.0,,1,36,2,36,0,0,2,,0.032795698924731186,,0.2997881355932203,60.0,3.0,57.0,0.05,0.42857142857142855,0.95
prediction_loss_decoupling,offroute5,offroute5,19,ccra_row_guard,CCRA row,1,31,15,2,7,5,1.0,,1,32,0,32,0,0,2,,0.032795698924731186,,0.2997881355932203,60.0,3.0,57.0,0.05,0.42857142857142855,0.95
prediction_loss_decoupling,offroute5,offroute5,19,ccra_row_guard,CCRA row,2,31,15,2,7,5,1.0,,1,32,0,32,0,0,2,,0.032795698924731186,,0.2997881355932203,60.0,3.0,57.0,0.05,0.42857142857142855,0.95
prediction_loss_decoupling,offroute5,offroute5,19,ccra_row_guard,CCRA row,3,31,15,2,7,5,1.0,,1,32,0,32,0,0,2,,0.032795698924731186,,0.2997881355932203,60.0,3.0,57.0,0.05,0.42857142857142855,0.95
prediction_loss_decoupling,offroute5,offroute5,19,ccra_row_guard,CCRA row,4,31,15,2,7,5,1.0,,1,32,0,32,0,0,2,,0.032795698924731186,,0.2997881355932203,60.0,3.0,57.0,0.05,0.42857142857142855,0.95
prediction_loss_decoupling,offroute5,offroute5,19,global_action_repair,Global action,0,31,15,2,7,5,1.0,,0,9,3,10,0,0,1,,0.23817204301075268,,0.4770480225988701,450.0,7.0,443.0,0.015555555555555555,1.0,0.9844444444444445
prediction_loss_decoupling,offroute5,offroute5,19,global_action_repair,Global action,1,31,15,2,7,5,1.0,,0,0,0,1,0,0,1,,0.23817204301075268,,0.4770480225988701,450.0,7.0,443.0,0.015555555555555555,1.0,0.9844444444444445
prediction_loss_decoupling,offroute5,offroute5,19,global_action_repair,Global action,2,31,15,2,7,5,1.0,,0,0,0,1,0,0,1,,0.23817204301075268,,0.4770480225988701,450.0,7.0,443.0,0.015555555555555555,1.0,0.9844444444444445
prediction_loss_decoupling,offroute5,offroute5,19,global_action_repair,Global action,3,31,15,2,7,5,1.0,,0,0,0,1,0,0,1,,0.23817204301075268,,0.4770480225988701,450.0,7.0,443.0,0.015555555555555555,1.0,0.9844444444444445
prediction_loss_decoupling,offroute5,offroute5,19,global_action_repair,Global action,4,31,15,2,7,5,1.0,,0,0,0,1,0,0,1,,0.23817204301075268,,0.4770480225988701,450.0,7.0,443.0,0.015555555555555555,1.0,0.9844444444444445
prediction_loss_decoupling,offroute5,offroute5,19,oracle_fault_model,Oracle,0,31,15,2,7,5,1.0,,1,32,0,32,0,0,0,,0.0,,0.0,7.0,7.0,0.0,1.0,1.0,0.0
prediction_loss_decoupling,offroute5,offroute5,19,oracle_fault_model,Oracle,1,31,15,2,7,5,1.0,,1,32,0,32,0,0,0,,0.0,,0.0,7.0,7.0,0.0,1.0,1.0,0.0
prediction_loss_decoupling,offroute5,offroute5,19,oracle_fault_model,Oracle,2,31,15,2,7,5,1.0,,1,32,0,32,0,0,0,,0.0,,0.0,7.0,7.0,0.0,1.0,1.0,0.0
prediction_loss_decoupling,offroute5,offroute5,19,oracle_fault_model,Oracle,3,31,15,2,7,5,1.0,,1,32,0,32,0,0,0,,0.0,,0.0,7.0,7.0,0.0,1.0,1.0,0.0
prediction_loss_decoupling,offroute5,offroute5,19,oracle_fault_model,Oracle,4,31,15,2,7,5,1.0,,1,32,0,32,0,0,0,,0.0,,0.0,7.0,7.0,0.0,1.0,1.0,0.0
prediction_loss_decoupling,offroute20,offroute20,0,nominal_no_repair,Nominal,0,31,15,2,22,20,1.0,,0,180,166,15,0,1,0,,0.011827956989247311,,0.028954802259887006,0.0,0.0,0.0,1.0,0.0,0.0
prediction_loss_decoupling,offroute20,offroute20,0,nominal_no_repair,Nominal,1,31,15,2,22,20,1.0,,0,180,166,15,0,1,0,,0.011827956989247311,,0.028954802259887006,0.0,0.0,0.0,1.0,0.0,0.0
prediction_loss_decoupling,offroute20,offroute20,0,nominal_no_repair,Nominal,2,31,15,2,22,20,1.0,,0,180,166,15,0,1,0,,0.011827956989247311,,0.028954802259887006,0.0,0.0,0.0,1.0,0.0,0.0
prediction_loss_decoupling,offroute20,offroute20,0,nominal_no_repair,Nominal,3,31,15,2,22,20,1.0,,0,180,166,15,0,1,0,,0.011827956989247311,,0.028954802259887006,0.0,0.0,0.0,1.0,0.0,0.0
prediction_loss_decoupling,offroute20,offroute20,0,nominal_no_repair,Nominal,4,31,15,2,22,20,1.0,,0,180,166,15,0,1,0,,0.011827956989247311,,0.028954802259887006,0.0,0.0,0.0,1.0,0.0,0.0
prediction_loss_decoupling,offroute20,offroute20,0,shield_only,Shield only,0,31,15,2,22,20,1.0,,0,180,166,16,1,1,1,,0.011827956989247311,,0.028954802259887006,0.0,0.0,0.0,1.0,0.0,0.0
prediction_loss_decoupling,offroute20,offroute20,0,shield_only,Shield only,1,31,15,2,22,20,1.0,,0,180,166,15,1,1,1,,0.011827956989247311,,0.028954802259887006,0.0,0.0,0.0,1.0,0.0,0.0
prediction_loss_decoupling,offroute20,offroute20,0,shield_only,Shield only,2,31,15,2,22,20,1.0,,0,180,166,15,1,1,1,,0.011827956989247311,,0.028954802259887006,0.0,0.0,0.0,1.0,0.0,0.0
prediction_loss_decoupling,offroute20,offroute20,0,shield_only,Shield only,3,31,15,2,22,20,1.0,,0,180,166,15,1,1,1,,0.011827956989247311,,0.028954802259887006,0.0,0.0,0.0,1.0,0.0,0.0
prediction_loss_decoupling,offroute20,offroute20,0,shield_only,Shield only,4,31,15,2,22,20,1.0,,0,180,166,15,1,1,1,,0.011827956989247311,,0.028954802259887006,0.0,0.0,0.0,1.0,0.0,0.0
prediction_loss_decoupling,offroute20,offroute20,0,batch_episode_retrain,Batch episode,0,31,15,2,22,20,1.0,,0,180,166,15,0,1,0,,0.011827956989247311,,0.028954802259887006,0.0,0.0,0.0,1.0,0.0,0.0
prediction_loss_decoupling,offroute20,offroute20,0,batch_episode_retrain,Batch episode,1,31,15,2,22,20,1.0,,1,32,0,32,0,0,1,,0.01129032258064516,,0.020127118644067795,1.0,1.0,0.0,1.0,0.045454545454545456,0.0
prediction_loss_decoupling,offroute20,offroute20,0,batch_episode_retrain,Batch episode,2,31,15,2,22,20,1.0,,1,32,0,32,0,0,1,,0.01129032258064516,,0.020127118644067795,1.0,1.0,0.0,1.0,0.045454545454545456,0.0
prediction_loss_decoupling,offroute20,offroute20,0,batch_episode_retrain,Batch episode,3,31,15,2,22,20,1.0,,1,32,0,32,0,0,1,,0.01129032258064516,,0.020127118644067795,1.0,1.0,0.0,1.0,0.045454545454545456,0.0
prediction_loss_decoupling,offroute20,offroute20,0,batch_episode_retrain,Batch episode,4,31,15,2,22,20,1.0,,1,32,0,32,0,0,1,,0.01129032258064516,,0.020127118644067795,1.0,1.0,0.0,1.0,0.045454545454545456,0.0
prediction_loss_decoupling,offroute20,offroute20,0,threshold_8,Threshold 8,0,31,15,2,22,20,1.0,,1,40,8,40,0,0,1,,0.01129032258064516,,0.020127118644067795,1.0,1.0,0.0,1.0,0.045454545454545456,0.0
prediction_loss_decoupling,offroute20,offroute20,0,threshold_8,Threshold 8,1,31,15,2,22,20,1.0,,1,32,0,32,0,0,1,,0.01129032258064516,,0.020127118644067795,1.0,1.0,0.0,1.0,0.045454545454545456,0.0
prediction_loss_decoupling,offroute20,offroute20,0,threshold_8,Threshold 8,2,31,15,2,22,20,1.0,,1,32,0,32,0,0,1,,0.01129032258064516,,0.020127118644067795,1.0,1.0,0.0,1.0,0.045454545454545456,0.0
prediction_loss_decoupling,offroute20,offroute20,0,threshold_8,Threshold 8,3,31,15,2,22,20,1.0,,1,32,0,32,0,0,1,,0.01129032258064516,,0.020127118644067795,1.0,1.0,0.0,1.0,0.045454545454545456,0.0
prediction_loss_decoupling,offroute20,offroute20,0,threshold_8,Threshold 8,4,31,15,2,22,20,1.0,,1,32,0,32,0,0,1,,0.01129032258064516,,0.020127118644067795,1.0,1.0,0.0,1.0,0.045454545454545456,0.0
prediction_loss_decoupling,offroute20,offroute20,0,uncertainty_cost_avoidance,Cost avoidance,0,31,15,2,22,20,1.0,,1,33,1,33,0,0,1,,0.011827956989247311,,0.028954802259887006,0.0,0.0,0.0,1.0,0.0,0.0
prediction_loss_decoupling,offroute20,offroute20,0,uncertainty_cost_avoidance,Cost avoidance,1,31,15,2,22,20,1.0,,1,32,0,32,0,0,1,,0.011827956989247311,,0.028954802259887006,0.0,0.0,0.0,1.0,0.0,0.0
prediction_loss_decoupling,offroute20,offroute20,0,uncertainty_cost_avoidance,Cost avoidance,2,31,15,2,22,20,1.0,,1,32,0,32,0,0,1,,0.011827956989247311,,0.028954802259887006,0.0,0.0,0.0,1.0,0.0,0.0
prediction_loss_decoupling,offroute20,offroute20,0,uncertainty_cost_avoidance,Cost avoidance,3,31,15,2,22,20,1.0,,1,32,0,32,0,0,1,,0.011827956989247311,,0.028954802259887006,0.0,0.0,0.0,1.0,0.0,0.0
prediction_loss_decoupling,offroute20,offroute20,0,uncertainty_cost_avoidance,Cost avoidance,4,31,15,2,22,20,1.0,,1,32,0,32,0,0,1,,0.011827956989247311,,0.028954802259887006,0.0,0.0,0.0,1.0,0.0,0.0
prediction_loss_decoupling,offroute20,offroute20,0,ccra_exact_guard,CCRA exact,0,31,15,2,22,20,1.0,,1,33,1,33,0,0,1,,0.01129032258064516,,0.020127118644067795,1.0,1.0,0.0,1.0,0.045454545454545456,0.0
prediction_loss_decoupling,offroute20,offroute20,0,ccra_exact_guard,CCRA exact,1,31,15,2,22,20,1.0,,1,32,0,32,0,0,1,,0.01129032258064516,,0.020127118644067795,1.0,1.0,0.0,1.0,0.045454545454545456,0.0
prediction_loss_decoupling,offroute20,offroute20,0,ccra_exact_guard,CCRA exact,2,31,15,2,22,20,1.0,,1,32,0,32,0,0,1,,0.01129032258064516,,0.020127118644067795,1.0,1.0,0.0,1.0,0.045454545454545456,0.0
prediction_loss_decoupling,offroute20,offroute20,0,ccra_exact_guard,CCRA exact,3,31,15,2,22,20,1.0,,1,32,0,32,0,0,1,,0.01129032258064516,,0.020127118644067795,1.0,1.0,0.0,1.0,0.045454545454545456,0.0
prediction_loss_decoupling,offroute20,offroute20,0,ccra_exact_guard,CCRA exact,4,31,15,2,22,20,1.0,,1,32,0,32,0,0,1,,0.01129032258064516,,0.020127118644067795,1.0,1.0,0.0,1.0,0.045454545454545456,0.0
prediction_loss_decoupling,offroute20,offroute20,0,ccra_row_guard,CCRA row,0,31,15,2,22,20,1.0,,1,33,1,33,0,0,1,,0.025806451612903226,,0.2584745762711864,30.0,2.0,28.0,0.06666666666666667,0.09090909090909091,0.9333333333333333
prediction_loss_decoupling,offroute20,offroute20,0,ccra_row_guard,CCRA row,1,31,15,2,22,20,1.0,,1,32,0,32,0,0,1,,0.025806451612903226,,0.2584745762711864,30.0,2.0,28.0,0.06666666666666667,0.09090909090909091,0.9333333333333333
prediction_loss_decoupling,offroute20,offroute20,0,ccra_row_guard,CCRA row,2,31,15,2,22,20,1.0,,1,32,0,32,0,0,1,,0.025806451612903226,,0.2584745762711864,30.0,2.0,28.0,0.06666666666666667,0.09090909090909091,0.9333333333333333
prediction_loss_decoupling,offroute20,offroute20,0,ccra_row_guard,CCRA row,3,31,15,2,22,20,1.0,,1,32,0,32,0,0,1,,0.025806451612903226,,0.2584745762711864,30.0,2.0,28.0,0.06666666666666667,0.09090909090909091,0.9333333333333333
prediction_loss_decoupling,offroute20,offroute20,0,ccra_row_guard,CCRA row,4,31,15,2,22,20,1.0,,1,32,0,32,0,0,1,,0.025806451612903226,,0.2584745762711864,30.0,2.0,28.0,0.06666666666666667,0.09090909090909091,0.9333333333333333
prediction_loss_decoupling,offroute20,offroute20,0,global_action_repair,Global action,0,31,15,2,22,20,1.0,,0,17,3,18,0,0,1,,0.23010752688172043,,0.4689265536723164,450.0,22.0,428.0,0.04888888888888889,1.0,0.9511111111111111
prediction_loss_decoupling,offroute20,offroute20,0,global_action_repair,Global action,1,31,15,2,22,20,1.0,,0,0,0,1,0,0,1,,0.23010752688172043,,0.4689265536723164,450.0,22.0,428.0,0.04888888888888889,1.0,0.9511111111111111
prediction_loss_decoupling,offroute20,offroute20,0,global_action_repair,Global action,2,31,15,2,22,20,1.0,,0,0,0,1,0,0,1,,0.23010752688172043,,0.4689265536723164,450.0,22.0,428.0,0.04888888888888889,1.0,0.9511111111111111
prediction_loss_decoupling,offroute20,offroute20,0,global_action_repair,Global action,3,31,15,2,22,20,1.0,,0,0,0,1,0,0,1,,0.23010752688172043,,0.4689265536723164,450.0,22.0,428.0,0.04888888888888889,1.0,0.9511111111111111
prediction_loss_decoupling,offroute20,offroute20,0,global_action_repair,Global action,4,31,15,2,22,20,1.0,,0,0,0,1,0,0,1,,0.23010752688172043,,0.4689265536723164,450.0,22.0,428.0,0.04888888888888889,1.0,0.9511111111111111
prediction_loss_decoupling,offroute20,offroute20,0,oracle_fault_model,Oracle,0,31,15,2,22,20,1.0,,1,32,0,32,0,0,0,,0.0,,0.0,22.0,22.0,0.0,1.0,1.0,0.0
prediction_loss_decoupling,offroute20,offroute20,0,oracle_fault_model,Oracle,1,31,15,2,22,20,1.0,,1,32,0,32,0,0,0,,0.0,,0.0,22.0,22.0,0.0,1.0,1.0,0.0
prediction_loss_decoupling,offroute20,offroute20,0,oracle_fault_model,Oracle,2,31,15,2,22,20,1.0,,1,32,0,32,0,0,0,,0.0,,0.0,22.0,22.0,0.0,1.0,1.0,0.0
prediction_loss_decoupling,offroute20,offroute20,0,oracle_fault_model,Oracle,3,31,15,2,22,20,1.0,,1,32,0,32,0,0,0,,0.0,,0.0,22.0,22.0,0.0,1.0,1.0,0.0
prediction_loss_decoupling,offroute20,offroute20,0,oracle_fault_model,Oracle,4,31,15,2,22,20,1.0,,1,32,0,32,0,0,0,,0.0,,0.0,22.0,22.0,0.0,1.0,1.0,0.0
prediction_loss_decoupling,offroute20,offroute20,1,nominal_no_repair,Nominal,0,31,15,2,22,20,1.0,,0,180,171,10,0,1,0,,0.011827956989247311,,0.03177966101694915,0.0,0.0,0.0,1.0,0.0,0.0
prediction_loss_decoupling,offroute20,offroute20,1,nominal_no_repair,Nominal,1,31,15,2,22,20,1.0,,0,180,171,10,0,1,0,,0.011827956989247311,,0.03177966101694915,0.0,0.0,0.0,1.0,0.0,0.0
prediction_loss_decoupling,offroute20,offroute20,1,nominal_no_repair,Nominal,2,31,15,2,22,20,1.0,,0,180,171,10,0,1,0,,0.011827956989247311,,0.03177966101694915,0.0,0.0,0.0,1.0,0.0,0.0
prediction_loss_decoupling,offroute20,offroute20,1,nominal_no_repair,Nominal,3,31,15,2,22,20,1.0,,0,180,171,10,0,1,0,,0.011827956989247311,,0.03177966101694915,0.0,0.0,0.0,1.0,0.0,0.0
prediction_loss_decoupling,offroute20,offroute20,1,nominal_no_repair,Nominal,4,31,15,2,22,20,1.0,,0,180,171,10,0,1,0,,0.011827956989247311,,0.03177966101694915,0.0,0.0,0.0,1.0,0.0,0.0
prediction_loss_decoupling,offroute20,offroute20,1,shield_only,Shield only,0,31,15,2,22,20,1.0,,0,180,171,11,1,1,1,,0.011827956989247311,,0.03177966101694915,0.0,0.0,0.0,1.0,0.0,0.0
prediction_loss_decoupling,offroute20,offroute20,1,shield_only,Shield only,1,31,15,2,22,20,1.0,,0,180,171,10,1,1,1,,0.011827956989247311,,0.03177966101694915,0.0,0.0,0.0,1.0,0.0,0.0
prediction_loss_decoupling,offroute20,offroute20,1,shield_only,Shield only,2,31,15,2,22,20,1.0,,0,180,171,10,1,1,1,,0.011827956989247311,,0.03177966101694915,0.0,0.0,0.0,1.0,0.0,0.0
prediction_loss_decoupling,offroute20,offroute20,1,shield_only,Shield only,3,31,15,2,22,20,1.0,,0,180,171,10,1,1,1,,0.011827956989247311,,0.03177966101694915,0.0,0.0,0.0,1.0,0.0,0.0
prediction_loss_decoupling,offroute20,offroute20,1,shield_only,Shield only,4,31,15,2,22,20,1.0,,0,180,171,10,1,1,1,,0.011827956989247311,,0.03177966101694915,0.0,0.0,0.0,1.0,0.0,0.0
prediction_loss_decoupling,offroute20,offroute20,1,batch_episode_retrain,Batch episode,0,31,15,2,22,20,1.0,,0,180,171,10,0,1,0,,0.011827956989247311,,0.03177966101694915,0.0,0.0,0.0,1.0,0.0,0.0
prediction_loss_decoupling,offroute20,offroute20,1,batch_episode_retrain,Batch episode,1,31,15,2,22,20,1.0,,0,180,167,14,0,1,1,,0.01129032258064516,,0.022951977401129944,1.0,1.0,0.0,1.0,0.045454545454545456,0.0
prediction_loss_decoupling,offroute20,offroute20,1,batch_episode_retrain,Batch episode,2,31,15,2,22,20,1.0,,1,32,0,32,0,0,2,,0.010752688172043012,,0.0211864406779661,2.0,2.0,0.0,1.0,0.09090909090909091,0.0
prediction_loss_decoupling,offroute20,offroute20,1,batch_episode_retrain,Batch episode,3,31,15,2,22,20,1.0,,1,32,0,32,0,0,2,,0.010752688172043012,,0.0211864406779661,2.0,2.0,0.0,1.0,0.09090909090909091,0.0
prediction_loss_decoupling,offroute20,offroute20,1,batch_episode_retrain,Batch episode,4,31,15,2,22,20,1.0,,1,32,0,32,0,0,2,,0.010752688172043012,,0.0211864406779661,2.0,2.0,0.0,1.0,0.09090909090909091,0.0
prediction_loss_decoupling,offroute20,offroute20,1,threshold_8,Threshold 8,0,31,15,2,22,20,1.0,,1,48,16,48,0,0,2,,0.010752688172043012,,0.0211864406779661,2.0,2.0,0.0,1.0,0.09090909090909091,0.0
prediction_loss_decoupling,offroute20,offroute20,1,threshold_8,Threshold 8,1,31,15,2,22,20,1.0,,1,32,0,32,0,0,2,,0.010752688172043012,,0.0211864406779661,2.0,2.0,0.0,1.0,0.09090909090909091,0.0
prediction_loss_decoupling,offroute20,offroute20,1,threshold_8,Threshold 8,2,31,15,2,22,20,1.0,,1,32,0,32,0,0,2,,0.010752688172043012,,0.0211864406779661,2.0,2.0,0.0,1.0,0.09090909090909091,0.0
prediction_loss_decoupling,offroute20,offroute20,1,threshold_8,Threshold 8,3,31,15,2,22,20,1.0,,1,32,0,32,0,0,2,,0.010752688172043012,,0.0211864406779661,2.0,2.0,0.0,1.0,0.09090909090909091,0.0
prediction_loss_decoupling,offroute20,offroute20,1,threshold_8,Threshold 8,4,31,15,2,22,20,1.0,,1,32,0,32,0,0,2,,0.010752688172043012,,0.0211864406779661,2.0,2.0,0.0,1.0,0.09090909090909091,0.0
prediction_loss_decoupling,offroute20,offroute20,1,uncertainty_cost_avoidance,Cost avoidance,0,31,15,2,22,20,1.0,,1,34,2,34,0,0,2,,0.011827956989247311,,0.03177966101694915,0.0,0.0,0.0,1.0,0.0,0.0
prediction_loss_decoupling,offroute20,offroute20,1,uncertainty_cost_avoidance,Cost avoidance,1,31,15,2,22,20,1.0,,1,32,0,32,0,0,2,,0.011827956989247311,,0.03177966101694915,0.0,0.0,0.0,1.0,0.0,0.0
prediction_loss_decoupling,offroute20,offroute20,1,uncertainty_cost_avoidance,Cost avoidance,2,31,15,2,22,20,1.0,,1,32,0,32,0,0,2,,0.011827956989247311,,0.03177966101694915,0.0,0.0,0.0,1.0,0.0,0.0
prediction_loss_decoupling,offroute20,offroute20,1,uncertainty_cost_avoidance,Cost avoidance,3,31,15,2,22,20,1.0,,1,32,0,32,0,0,2,,0.011827956989247311,,0.03177966101694915,0.0,0.0,0.0,1.0,0.0,0.0
prediction_loss_decoupling,offroute20,offroute20,1,uncertainty_cost_avoidance,Cost avoidance,4,31,15,2,22,20,1.0,,1,32,0,32,0,0,2,,0.011827956989247311,,0.03177966101694915,0.0,0.0,0.0,1.0,0.0,0.0
prediction_loss_decoupling,offroute20,offroute20,1,ccra_exact_guard,CCRA exact,0,31,15,2,22,20,1.0,,1,34,2,34,0,0,2,,0.010752688172043012,,0.0211864406779661,2.0,2.0,0.0,1.0,0.09090909090909091,0.0
prediction_loss_decoupling,offroute20,offroute20,1,ccra_exact_guard,CCRA exact,1,31,15,2,22,20,1.0,,1,32,0,32,0,0,2,,0.010752688172043012,,0.0211864406779661,2.0,2.0,0.0,1.0,0.09090909090909091,0.0
prediction_loss_decoupling,offroute20,offroute20,1,ccra_exact_guard,CCRA exact,2,31,15,2,22,20,1.0,,1,32,0,32,0,0,2,,0.010752688172043012,,0.0211864406779661,2.0,2.0,0.0,1.0,0.09090909090909091,0.0
prediction_loss_decoupling,offroute20,offroute20,1,ccra_exact_guard,CCRA exact,3,31,15,2,22,20,1.0,,1,32,0,32,0,0,2,,0.010752688172043012,,0.0211864406779661,2.0,2.0,0.0,1.0,0.09090909090909091,0.0
prediction_loss_decoupling,offroute20,offroute20,1,ccra_exact_guard,CCRA exact,4,31,15,2,22,20,1.0,,1,32,0,32,0,0,2,,0.010752688172043012,,0.0211864406779661,2.0,2.0,0.0,1.0,0.09090909090909091,0.0
prediction_loss_decoupling,offroute20,offroute20,1,ccra_row_guard,CCRA row,0,31,15,2,22,20,1.0,,1,39,3,39,0,0,3,,0.05268817204301075,,0.3495762711864407,90.0,7.0,83.0,0.07777777777777778,0.3181818181818182,0.9222222222222223
prediction_loss_decoupling,offroute20,offroute20,1,ccra_row_guard,CCRA row,1,31,15,2,22,20,1.0,,1,46,4,46,0,0,7,,0.10967741935483871,,0.3870056497175141,210.0,14.0,196.0,0.06666666666666667,0.6363636363636364,0.9333333333333333
prediction_loss_decoupling,offroute20,offroute20,1,ccra_row_guard,CCRA row,2,31,15,2,22,20,1.0,,1,40,2,40,0,0,9,,0.13870967741935483,,0.4060734463276836,270.0,17.0,253.0,0.06296296296296296,0.7727272727272727,0.937037037037037
prediction_loss_decoupling,offroute20,offroute20,1,ccra_row_guard,CCRA row,3,31,15,2,22,20,1.0,,1,41,1,41,0,0,10,,0.15268817204301074,,0.4152542372881356,300.0,19.0,281.0,0.06333333333333334,0.8636363636363636,0.9366666666666666
prediction_loss_decoupling,offroute20,offroute20,1,ccra_row_guard,CCRA row,4,31,15,2,22,20,1.0,,1,46,2,46,0,0,12,,0.1827956989247312,,0.4350282485875706,360.0,21.0,339.0,0.058333333333333334,0.9545454545454546,0.9416666666666667
prediction_loss_decoupling,offroute20,offroute20,1,global_action_repair,Global action,0,31,15,2,22,20,1.0,,0,12,3,13,0,0,1,,0.23010752688172043,,0.4661016949152542,450.0,22.0,428.0,0.04888888888888889,1.0,0.9511111111111111
prediction_loss_decoupling,offroute20,offroute20,1,global_action_repair,Global action,1,31,15,2,22,20,1.0,,0,0,0,1,0,0,1,,0.23010752688172043,,0.4661016949152542,450.0,22.0,428.0,0.04888888888888889,1.0,0.9511111111111111
prediction_loss_decoupling,offroute20,offroute20,1,global_action_repair,Global action,2,31,15,2,22,20,1.0,,0,0,0,1,0,0,1,,0.23010752688172043,,0.4661016949152542,450.0,22.0,428.0,0.04888888888888889,1.0,0.9511111111111111
prediction_loss_decoupling,offroute20,offroute20,1,global_action_repair,Global action,3,31,15,2,22,20,1.0,,0,0,0,1,0,0,1,,0.23010752688172043,,0.4661016949152542,450.0,22.0,428.0,0.04888888888888889,1.0,0.9511111111111111
prediction_loss_decoupling,offroute20,offroute20,1,global_action_repair,Global action,4,31,15,2,22,20,1.0,,0,0,0,1,0,0,1,,0.23010752688172043,,0.4661016949152542,450.0,22.0,428.0,0.04888888888888889,1.0,0.9511111111111111
prediction_loss_decoupling,offroute20,offroute20,1,oracle_fault_model,Oracle,0,31,15,2,22,20,1.0,,1,32,0,32,0,0,0,,0.0,,0.0,22.0,22.0,0.0,1.0,1.0,0.0
prediction_loss_decoupling,offroute20,offroute20,1,oracle_fault_model,Oracle,1,31,15,2,22,20,1.0,,1,32,0,32,0,0,0,,0.0,,0.0,22.0,22.0,0.0,1.0,1.0,0.0
prediction_loss_decoupling,offroute20,offroute20,1,oracle_fault_model,Oracle,2,31,15,2,22,20,1.0,,1,32,0,32,0,0,0,,0.0,,0.0,22.0,22.0,0.0,1.0,1.0,0.0
prediction_loss_decoupling,offroute20,offroute20,1,oracle_fault_model,Oracle,3,31,15,2,22,20,1.0,,1,32,0,32,0,0,0,,0.0,,0.0,22.0,22.0,0.0,1.0,1.0,0.0
prediction_loss_decoupling,offroute20,offroute20,1,oracle_fault_model,Oracle,4,31,15,2,22,20,1.0,,1,32,0,32,0,0,0,,0.0,,0.0,22.0,22.0,0.0,1.0,1.0,0.0
prediction_loss_decoupling,offroute20,offroute20,2,nominal_no_repair,Nominal,0,31,15,2,22,20,1.0,,0,180,168,13,0,1,0,,0.011827956989247311,,0.026129943502824857,0.0,0.0,0.0,1.0,0.0,0.0
prediction_loss_decoupling,offroute20,offroute20,2,nominal_no_repair,Nominal,1,31,15,2,22,20,1.0,,0,180,168,13,0,1,0,,0.011827956989247311,,0.026129943502824857,0.0,0.0,0.0,1.0,0.0,0.0
prediction_loss_decoupling,offroute20,offroute20,2,nominal_no_repair,Nominal,2,31,15,2,22,20,1.0,,0,180,168,13,0,1,0,,0.011827956989247311,,0.026129943502824857,0.0,0.0,0.0,1.0,0.0,0.0
prediction_loss_decoupling,offroute20,offroute20,2,nominal_no_repair,Nominal,3,31,15,2,22,20,1.0,,0,180,168,13,0,1,0,,0.011827956989247311,,0.026129943502824857,0.0,0.0,0.0,1.0,0.0,0.0
prediction_loss_decoupling,offroute20,offroute20,2,nominal_no_repair,Nominal,4,31,15,2,22,20,1.0,,0,180,168,13,0,1,0,,0.011827956989247311,,0.026129943502824857,0.0,0.0,0.0,1.0,0.0,0.0
prediction_loss_decoupling,offroute20,offroute20,2,shield_only,Shield only,0,31,15,2,22,20,1.0,,0,180,168,14,1,1,1,,0.011827956989247311,,0.026129943502824857,0.0,0.0,0.0,1.0,0.0,0.0
prediction_loss_decoupling,offroute20,offroute20,2,shield_only,Shield only,1,31,15,2,22,20,1.0,,0,180,168,13,1,1,1,,0.011827956989247311,,0.026129943502824857,0.0,0.0,0.0,1.0,0.0,0.0
prediction_loss_decoupling,offroute20,offroute20,2,shield_only,Shield only,2,31,15,2,22,20,1.0,,0,180,168,13,1,1,1,,0.011827956989247311,,0.026129943502824857,0.0,0.0,0.0,1.0,0.0,0.0
prediction_loss_decoupling,offroute20,offroute20,2,shield_only,Shield only,3,31,15,2,22,20,1.0,,0,180,168,13,1,1,1,,0.011827956989247311,,0.026129943502824857,0.0,0.0,0.0,1.0,0.0,0.0
prediction_loss_decoupling,offroute20,offroute20,2,shield_only,Shield only,4,31,15,2,22,20,1.0,,0,180,168,13,1,1,1,,0.011827956989247311,,0.026129943502824857,0.0,0.0,0.0,1.0,0.0,0.0
prediction_loss_decoupling,offroute20,offroute20,2,batch_episode_retrain,Batch episode,0,31,15,2,22,20,1.0,,0,180,168,13,0,1,0,,0.011827956989247311,,0.026129943502824857,0.0,0.0,0.0,1.0,0.0,0.0
prediction_loss_decoupling,offroute20,offroute20,2,batch_episode_retrain,Batch episode,1,31,15,2,22,20,1.0,,1,32,0,32,0,0,1,,0.01129032258064516,,0.01730225988700565,1.0,1.0,0.0,1.0,0.045454545454545456,0.0
prediction_loss_decoupling,offroute20,offroute20,2,batch_episode_retrain,Batch episode,2,31,15,2,22,20,1.0,,1,32,0,32,0,0,1,,0.01129032258064516,,0.01730225988700565,1.0,1.0,0.0,1.0,0.045454545454545456,0.0
prediction_loss_decoupling,offroute20,offroute20,2,batch_episode_retrain,Batch episode,3,31,15,2,22,20,1.0,,1,32,0,32,0,0,1,,0.01129032258064516,,0.01730225988700565,1.0,1.0,0.0,1.0,0.045454545454545456,0.0
prediction_loss_decoupling,offroute20,offroute20,2,batch_episode_retrain,Batch episode,4,31,15,2,22,20,1.0,,1,32,0,32,0,0,1,,0.01129032258064516,,0.01730225988700565,1.0,1.0,0.0,1.0,0.045454545454545456,0.0
prediction_loss_decoupling,offroute20,offroute20,2,threshold_8,Threshold 8,0,31,15,2,22,20,1.0,,1,40,8,40,0,0,1,,0.01129032258064516,,0.01730225988700565,1.0,1.0,0.0,1.0,0.045454545454545456,0.0
prediction_loss_decoupling,offroute20,offroute20,2,threshold_8,Threshold 8,1,31,15,2,22,20,1.0,,1,32,0,32,0,0,1,,0.01129032258064516,,0.01730225988700565,1.0,1.0,0.0,1.0,0.045454545454545456,0.0
prediction_loss_decoupling,offroute20,offroute20,2,threshold_8,Threshold 8,2,31,15,2,22,20,1.0,,1,32,0,32,0,0,1,,0.01129032258064516,,0.01730225988700565,1.0,1.0,0.0,1.0,0.045454545454545456,0.0
prediction_loss_decoupling,offroute20,offroute20,2,threshold_8,Threshold 8,3,31,15,2,22,20,1.0,,1,32,0,32,0,0,1,,0.01129032258064516,,0.01730225988700565,1.0,1.0,0.0,1.0,0.045454545454545456,0.0
prediction_loss_decoupling,offroute20,offroute20,2,threshold_8,Threshold 8,4,31,15,2,22,20,1.0,,1,32,0,32,0,0,1,,0.01129032258064516,,0.01730225988700565,1.0,1.0,0.0,1.0,0.045454545454545456,0.0
prediction_loss_decoupling,offroute20,offroute20,2,uncertainty_cost_avoidance,Cost avoidance,0,31,15,2,22,20,1.0,,1,33,1,33,0,0,1,,0.011827956989247311,,0.026129943502824857,0.0,0.0,0.0,1.0,0.0,0.0
prediction_loss_decoupling,offroute20,offroute20,2,uncertainty_cost_avoidance,Cost avoidance,1,31,15,2,22,20,1.0,,1,32,0,32,0,0,1,,0.011827956989247311,,0.026129943502824857,0.0,0.0,0.0,1.0,0.0,0.0
prediction_loss_decoupling,offroute20,offroute20,2,uncertainty_cost_avoidance,Cost avoidance,2,31,15,2,22,20,1.0,,1,32,0,32,0,0,1,,0.011827956989247311,,0.026129943502824857,0.0,0.0,0.0,1.0,0.0,0.0
prediction_loss_decoupling,offroute20,offroute20,2,uncertainty_cost_avoidance,Cost avoidance,3,31,15,2,22,20,1.0,,1,32,0,32,0,0,1,,0.011827956989247311,,0.026129943502824857,0.0,0.0,0.0,1.0,0.0,0.0
prediction_loss_decoupling,offroute20,offroute20,2,uncertainty_cost_avoidance,Cost avoidance,4,31,15,2,22,20,1.0,,1,32,0,32,0,0,1,,0.011827956989247311,,0.026129943502824857,0.0,0.0,0.0,1.0,0.0,0.0
prediction_loss_decoupling,offroute20,offroute20,2,ccra_exact_guard,CCRA exact,0,31,15,2,22,20,1.0,,1,33,1,33,0,0,1,,0.01129032258064516,,0.01730225988700565,1.0,1.0,0.0,1.0,0.045454545454545456,0.0
prediction_loss_decoupling,offroute20,offroute20,2,ccra_exact_guard,CCRA exact,1,31,15,2,22,20,1.0,,1,32,0,32,0,0,1,,0.01129032258064516,,0.01730225988700565,1.0,1.0,0.0,1.0,0.045454545454545456,0.0
prediction_loss_decoupling,offroute20,offroute20,2,ccra_exact_guard,CCRA exact,2,31,15,2,22,20,1.0,,1,32,0,32,0,0,1,,0.01129032258064516,,0.01730225988700565,1.0,1.0,0.0,1.0,0.045454545454545456,0.0
prediction_loss_decoupling,offroute20,offroute20,2,ccra_exact_guard,CCRA exact,3,31,15,2,22,20,1.0,,1,32,0,32,0,0,1,,0.01129032258064516,,0.01730225988700565,1.0,1.0,0.0,1.0,0.045454545454545456,0.0
prediction_loss_decoupling,offroute20,offroute20,2,ccra_exact_guard,CCRA exact,4,31,15,2,22,20,1.0,,1,32,0,32,0,0,1,,0.01129032258064516,,0.01730225988700565,1.0,1.0,0.0,1.0,0.045454545454545456,0.0
prediction_loss_decoupling,offroute20,offroute20,2,ccra_row_guard,CCRA row,0,31,15,2,22,20,1.0,,1,33,1,33,0,0,1,,0.025806451612903226,,0.2556497175141243,30.0,2.0,28.0,0.06666666666666667,0.09090909090909091,0.9333333333333333
prediction_loss_decoupling,offroute20,offroute20,2,ccra_row_guard,CCRA row,1,31,15,2,22,20,1.0,,1,32,0,32,0,0,1,,0.025806451612903226,,0.2556497175141243,30.0,2.0,28.0,0.06666666666666667,0.09090909090909091,0.9333333333333333
prediction_loss_decoupling,offroute20,offroute20,2,ccra_row_guard,CCRA row,2,31,15,2,22,20,1.0,,1,32,0,32,0,0,1,,0.025806451612903226,,0.2556497175141243,30.0,2.0,28.0,0.06666666666666667,0.09090909090909091,0.9333333333333333
prediction_loss_decoupling,offroute20,offroute20,2,ccra_row_guard,CCRA row,3,31,15,2,22,20,1.0,,1,32,0,32,0,0,1,,0.025806451612903226,,0.2556497175141243,30.0,2.0,28.0,0.06666666666666667,0.09090909090909091,0.9333333333333333
prediction_loss_decoupling,offroute20,offroute20,2,ccra_row_guard,CCRA row,4,31,15,2,22,20,1.0,,1,32,0,32,0,0,1,,0.025806451612903226,,0.2556497175141243,30.0,2.0,28.0,0.06666666666666667,0.09090909090909091,0.9333333333333333
prediction_loss_decoupling,offroute20,offroute20,2,global_action_repair,Global action,0,31,15,2,22,20,1.0,,0,15,3,16,0,0,1,,0.23010752688172043,,0.4717514124293785,450.0,22.0,428.0,0.04888888888888889,1.0,0.9511111111111111
prediction_loss_decoupling,offroute20,offroute20,2,global_action_repair,Global action,1,31,15,2,22,20,1.0,,0,0,0,1,0,0,1,,0.23010752688172043,,0.4717514124293785,450.0,22.0,428.0,0.04888888888888889,1.0,0.9511111111111111
prediction_loss_decoupling,offroute20,offroute20,2,global_action_repair,Global action,2,31,15,2,22,20,1.0,,0,0,0,1,0,0,1,,0.23010752688172043,,0.4717514124293785,450.0,22.0,428.0,0.04888888888888889,1.0,0.9511111111111111
prediction_loss_decoupling,offroute20,offroute20,2,global_action_repair,Global action,3,31,15,2,22,20,1.0,,0,0,0,1,0,0,1,,0.23010752688172043,,0.4717514124293785,450.0,22.0,428.0,0.04888888888888889,1.0,0.9511111111111111
prediction_loss_decoupling,offroute20,offroute20,2,global_action_repair,Global action,4,31,15,2,22,20,1.0,,0,0,0,1,0,0,1,,0.23010752688172043,,0.4717514124293785,450.0,22.0,428.0,0.04888888888888889,1.0,0.9511111111111111
prediction_loss_decoupling,offroute20,offroute20,2,oracle_fault_model,Oracle,0,31,15,2,22,20,1.0,,1,32,0,32,0,0,0,,0.0,,0.0,22.0,22.0,0.0,1.0,1.0,0.0
prediction_loss_decoupling,offroute20,offroute20,2,oracle_fault_model,Oracle,1,31,15,2,22,20,1.0,,1,32,0,32,0,0,0,,0.0,,0.0,22.0,22.0,0.0,1.0,1.0,0.0
prediction_loss_decoupling,offroute20,offroute20,2,oracle_fault_model,Oracle,2,31,15,2,22,20,1.0,,1,32,0,32,0,0,0,,0.0,,0.0,22.0,22.0,0.0,1.0,1.0,0.0
prediction_loss_decoupling,offroute20,offroute20,2,oracle_fault_model,Oracle,3,31,15,2,22,20,1.0,,1,32,0,32,0,0,0,,0.0,,0.0,22.0,22.0,0.0,1.0,1.0,0.0
prediction_loss_decoupling,offroute20,offroute20,2,oracle_fault_model,Oracle,4,31,15,2,22,20,1.0,,1,32,0,32,0,0,0,,0.0,,0.0,22.0,22.0,0.0,1.0,1.0,0.0
prediction_loss_decoupling,offroute20,offroute20,3,nominal_no_repair,Nominal,0,31,15,2,22,20,1.0,,0,180,162,19,0,1,0,,0.011827956989247311,,0.02754237288135593,0.0,0.0,0.0,1.0,0.0,0.0
prediction_loss_decoupling,offroute20,offroute20,3,nominal_no_repair,Nominal,1,31,15,2,22,20,1.0,,0,180,162,19,0,1,0,,0.011827956989247311,,0.02754237288135593,0.0,0.0,0.0,1.0,0.0,0.0
prediction_loss_decoupling,offroute20,offroute20,3,nominal_no_repair,Nominal,2,31,15,2,22,20,1.0,,0,180,162,19,0,1,0,,0.011827956989247311,,0.02754237288135593,0.0,0.0,0.0,1.0,0.0,0.0
prediction_loss_decoupling,offroute20,offroute20,3,nominal_no_repair,Nominal,3,31,15,2,22,20,1.0,,0,180,162,19,0,1,0,,0.011827956989247311,,0.02754237288135593,0.0,0.0,0.0,1.0,0.0,0.0
prediction_loss_decoupling,offroute20,offroute20,3,nominal_no_repair,Nominal,4,31,15,2,22,20,1.0,,0,180,162,19,0,1,0,,0.011827956989247311,,0.02754237288135593,0.0,0.0,0.0,1.0,0.0,0.0
prediction_loss_decoupling,offroute20,offroute20,3,shield_only,Shield only,0,31,15,2,22,20,1.0,,0,180,162,20,1,1,1,,0.011827956989247311,,0.02754237288135593,0.0,0.0,0.0,1.0,0.0,0.0
prediction_loss_decoupling,offroute20,offroute20,3,shield_only,Shield only,1,31,15,2,22,20,1.0,,0,180,162,19,1,1,1,,0.011827956989247311,,0.02754237288135593,0.0,0.0,0.0,1.0,0.0,0.0
prediction_loss_decoupling,offroute20,offroute20,3,shield_only,Shield only,2,31,15,2,22,20,1.0,,0,180,162,19,1,1,1,,0.011827956989247311,,0.02754237288135593,0.0,0.0,0.0,1.0,0.0,0.0
prediction_loss_decoupling,offroute20,offroute20,3,shield_only,Shield only,3,31,15,2,22,20,1.0,,0,180,162,19,1,1,1,,0.011827956989247311,,0.02754237288135593,0.0,0.0,0.0,1.0,0.0,0.0
prediction_loss_decoupling,offroute20,offroute20,3,shield_only,Shield only,4,31,15,2,22,20,1.0,,0,180,162,19,1,1,1,,0.011827956989247311,,0.02754237288135593,0.0,0.0,0.0,1.0,0.0,0.0
prediction_loss_decoupling,offroute20,offroute20,3,batch_episode_retrain,Batch episode,0,31,15,2,22,20,1.0,,0,180,162,19,0,1,0,,0.011827956989247311,,0.02754237288135593,0.0,0.0,0.0,1.0,0.0,0.0
prediction_loss_decoupling,offroute20,offroute20,3,batch_episode_retrain,Batch episode,1,31,15,2,22,20,1.0,,0,180,154,27,0,1,1,,0.01129032258064516,,0.018714689265536724,1.0,1.0,0.0,1.0,0.045454545454545456,0.0
prediction_loss_decoupling,offroute20,offroute20,3,batch_episode_retrain,Batch episode,2,31,15,2,22,20,1.0,,1,32,0,32,0,0,2,,0.010752688172043012,,0.01694915254237288,2.0,2.0,0.0,1.0,0.09090909090909091,0.0
prediction_loss_decoupling,offroute20,offroute20,3,batch_episode_retrain,Batch episode,3,31,15,2,22,20,1.0,,1,32,0,32,0,0,2,,0.010752688172043012,,0.01694915254237288,2.0,2.0,0.0,1.0,0.09090909090909091,0.0
prediction_loss_decoupling,offroute20,offroute20,3,batch_episode_retrain,Batch episode,4,31,15,2,22,20,1.0,,1,32,0,32,0,0,2,,0.010752688172043012,,0.01694915254237288,2.0,2.0,0.0,1.0,0.09090909090909091,0.0
prediction_loss_decoupling,offroute20,offroute20,3,threshold_8,Threshold 8,0,31,15,2,22,20,1.0,,1,48,16,48,0,0,2,,0.010752688172043012,,0.01694915254237288,2.0,2.0,0.0,1.0,0.09090909090909091,0.0
prediction_loss_decoupling,offroute20,offroute20,3,threshold_8,Threshold 8,1,31,15,2,22,20,1.0,,1,32,0,32,0,0,2,,0.010752688172043012,,0.01694915254237288,2.0,2.0,0.0,1.0,0.09090909090909091,0.0
prediction_loss_decoupling,offroute20,offroute20,3,threshold_8,Threshold 8,2,31,15,2,22,20,1.0,,1,32,0,32,0,0,2,,0.010752688172043012,,0.01694915254237288,2.0,2.0,0.0,1.0,0.09090909090909091,0.0
prediction_loss_decoupling,offroute20,offroute20,3,threshold_8,Threshold 8,3,31,15,2,22,20,1.0,,1,32,0,32,0,0,2,,0.010752688172043012,,0.01694915254237288,2.0,2.0,0.0,1.0,0.09090909090909091,0.0
prediction_loss_decoupling,offroute20,offroute20,3,threshold_8,Threshold 8,4,31,15,2,22,20,1.0,,1,32,0,32,0,0,2,,0.010752688172043012,,0.01694915254237288,2.0,2.0,0.0,1.0,0.09090909090909091,0.0
prediction_loss_decoupling,offroute20,offroute20,3,uncertainty_cost_avoidance,Cost avoidance,0,31,15,2,22,20,1.0,,1,34,2,34,0,0,2,,0.011827956989247311,,0.02754237288135593,0.0,0.0,0.0,1.0,0.0,0.0
prediction_loss_decoupling,offroute20,offroute20,3,uncertainty_cost_avoidance,Cost avoidance,1,31,15,2,22,20,1.0,,1,32,0,32,0,0,2,,0.011827956989247311,,0.02754237288135593,0.0,0.0,0.0,1.0,0.0,0.0
prediction_loss_decoupling,offroute20,offroute20,3,uncertainty_cost_avoidance,Cost avoidance,2,31,15,2,22,20,1.0,,1,32,0,32,0,0,2,,0.011827956989247311,,0.02754237288135593,0.0,0.0,0.0,1.0,0.0,0.0
prediction_loss_decoupling,offroute20,offroute20,3,uncertainty_cost_avoidance,Cost avoidance,3,31,15,2,22,20,1.0,,1,32,0,32,0,0,2,,0.011827956989247311,,0.02754237288135593,0.0,0.0,0.0,1.0,0.0,0.0
prediction_loss_decoupling,offroute20,offroute20,3,uncertainty_cost_avoidance,Cost avoidance,4,31,15,2,22,20,1.0,,1,32,0,32,0,0,2,,0.011827956989247311,,0.02754237288135593,0.0,0.0,0.0,1.0,0.0,0.0
prediction_loss_decoupling,offroute20,offroute20,3,ccra_exact_guard,CCRA exact,0,31,15,2,22,20,1.0,,1,34,2,34,0,0,2,,0.010752688172043012,,0.01694915254237288,2.0,2.0,0.0,1.0,0.09090909090909091,0.0
prediction_loss_decoupling,offroute20,offroute20,3,ccra_exact_guard,CCRA exact,1,31,15,2,22,20,1.0,,1,32,0,32,0,0,2,,0.010752688172043012,,0.01694915254237288,2.0,2.0,0.0,1.0,0.09090909090909091,0.0
prediction_loss_decoupling,offroute20,offroute20,3,ccra_exact_guard,CCRA exact,2,31,15,2,22,20,1.0,,1,32,0,32,0,0,2,,0.010752688172043012,,0.01694915254237288,2.0,2.0,0.0,1.0,0.09090909090909091,0.0
prediction_loss_decoupling,offroute20,offroute20,3,ccra_exact_guard,CCRA exact,3,31,15,2,22,20,1.0,,1,32,0,32,0,0,2,,0.010752688172043012,,0.01694915254237288,2.0,2.0,0.0,1.0,0.09090909090909091,0.0
prediction_loss_decoupling,offroute20,offroute20,3,ccra_exact_guard,CCRA exact,4,31,15,2,22,20,1.0,,1,32,0,32,0,0,2,,0.010752688172043012,,0.01694915254237288,2.0,2.0,0.0,1.0,0.09090909090909091,0.0
prediction_loss_decoupling,offroute20,offroute20,3,ccra_row_guard,CCRA row,0,31,15,2,22,20,1.0,,1,36,2,36,0,0,2,,0.04086021505376344,,0.3064971751412429,60.0,3.0,57.0,0.05,0.13636363636363635,0.95
prediction_loss_decoupling,offroute20,offroute20,3,ccra_row_guard,CCRA row,1,31,15,2,22,20,1.0,,1,35,1,35,0,0,3,,0.05591397849462366,,0.3559322033898305,90.0,4.0,86.0,0.044444444444444446,0.18181818181818182,0.9555555555555556
prediction_loss_decoupling,offroute20,offroute20,3,ccra_row_guard,CCRA row,2,31,15,2,22,20,1.0,,1,40,2,40,0,0,5,,0.08494623655913978,,0.375,150.0,7.0,143.0,0.04666666666666667,0.3181818181818182,0.9533333333333334
prediction_loss_decoupling,offroute20,offroute20,3,ccra_row_guard,CCRA row,3,31,15,2,22,20,1.0,,1,43,3,43,0,0,8,,0.12473118279569892,,0.4011299435028249,240.0,15.0,225.0,0.0625,0.6818181818181818,0.9375
prediction_loss_decoupling,offroute20,offroute20,3,ccra_row_guard,CCRA row,4,31,15,2,22,20,1.0,,1,38,0,38,0,0,8,,0.12473118279569892,,0.4011299435028249,240.0,15.0,225.0,0.0625,0.6818181818181818,0.9375
prediction_loss_decoupling,offroute20,offroute20,3,global_action_repair,Global action,0,31,15,2,22,20,1.0,,0,21,3,22,0,0,1,,0.23010752688172043,,0.4703389830508475,450.0,22.0,428.0,0.04888888888888889,1.0,0.9511111111111111
prediction_loss_decoupling,offroute20,offroute20,3,global_action_repair,Global action,1,31,15,2,22,20,1.0,,0,0,0,1,0,0,1,,0.23010752688172043,,0.4703389830508475,450.0,22.0,428.0,0.04888888888888889,1.0,0.9511111111111111
prediction_loss_decoupling,offroute20,offroute20,3,global_action_repair,Global action,2,31,15,2,22,20,1.0,,0,0,0,1,0,0,1,,0.23010752688172043,,0.4703389830508475,450.0,22.0,428.0,0.04888888888888889,1.0,0.9511111111111111
prediction_loss_decoupling,offroute20,offroute20,3,global_action_repair,Global action,3,31,15,2,22,20,1.0,,0,0,0,1,0,0,1,,0.23010752688172043,,0.4703389830508475,450.0,22.0,428.0,0.04888888888888889,1.0,0.9511111111111111
prediction_loss_decoupling,offroute20,offroute20,3,global_action_repair,Global action,4,31,15,2,22,20,1.0,,0,0,0,1,0,0,1,,0.23010752688172043,,0.4703389830508475,450.0,22.0,428.0,0.04888888888888889,1.0,0.9511111111111111
prediction_loss_decoupling,offroute20,offroute20,3,oracle_fault_model,Oracle,0,31,15,2,22,20,1.0,,1,32,0,32,0,0,0,,0.0,,0.0,22.0,22.0,0.0,1.0,1.0,0.0
prediction_loss_decoupling,offroute20,offroute20,3,oracle_fault_model,Oracle,1,31,15,2,22,20,1.0,,1,32,0,32,0,0,0,,0.0,,0.0,22.0,22.0,0.0,1.0,1.0,0.0
prediction_loss_decoupling,offroute20,offroute20,3,oracle_fault_model,Oracle,2,31,15,2,22,20,1.0,,1,32,0,32,0,0,0,,0.0,,0.0,22.0,22.0,0.0,1.0,1.0,0.0
prediction_loss_decoupling,offroute20,offroute20,3,oracle_fault_model,Oracle,3,31,15,2,22,20,1.0,,1,32,0,32,0,0,0,,0.0,,0.0,22.0,22.0,0.0,1.0,1.0,0.0
prediction_loss_decoupling,offroute20,offroute20,3,oracle_fault_model,Oracle,4,31,15,2,22,20,1.0,,1,32,0,32,0,0,0,,0.0,,0.0,22.0,22.0,0.0,1.0,1.0,0.0
prediction_loss_decoupling,offroute20,offroute20,4,nominal_no_repair,Nominal,0,31,15,2,22,20,1.0,,0,180,174,7,0,1,0,,0.011827956989247311,,0.028954802259887006,0.0,0.0,0.0,1.0,0.0,0.0
prediction_loss_decoupling,offroute20,offroute20,4,nominal_no_repair,Nominal,1,31,15,2,22,20,1.0,,0,180,174,7,0,1,0,,0.011827956989247311,,0.028954802259887006,0.0,0.0,0.0,1.0,0.0,0.0
prediction_loss_decoupling,offroute20,offroute20,4,nominal_no_repair,Nominal,2,31,15,2,22,20,1.0,,0,180,174,7,0,1,0,,0.011827956989247311,,0.028954802259887006,0.0,0.0,0.0,1.0,0.0,0.0
prediction_loss_decoupling,offroute20,offroute20,4,nominal_no_repair,Nominal,3,31,15,2,22,20,1.0,,0,180,174,7,0,1,0,,0.011827956989247311,,0.028954802259887006,0.0,0.0,0.0,1.0,0.0,0.0
prediction_loss_decoupling,offroute20,offroute20,4,nominal_no_repair,Nominal,4,31,15,2,22,20,1.0,,0,180,174,7,0,1,0,,0.011827956989247311,,0.028954802259887006,0.0,0.0,0.0,1.0,0.0,0.0
prediction_loss_decoupling,offroute20,offroute20,4,shield_only,Shield only,0,31,15,2,22,20,1.0,,0,180,174,8,1,1,1,,0.011827956989247311,,0.028954802259887006,0.0,0.0,0.0,1.0,0.0,0.0
prediction_loss_decoupling,offroute20,offroute20,4,shield_only,Shield only,1,31,15,2,22,20,1.0,,0,180,174,7,1,1,1,,0.011827956989247311,,0.028954802259887006,0.0,0.0,0.0,1.0,0.0,0.0
prediction_loss_decoupling,offroute20,offroute20,4,shield_only,Shield only,2,31,15,2,22,20,1.0,,0,180,174,7,1,1,1,,0.011827956989247311,,0.028954802259887006,0.0,0.0,0.0,1.0,0.0,0.0
prediction_loss_decoupling,offroute20,offroute20,4,shield_only,Shield only,3,31,15,2,22,20,1.0,,0,180,174,7,1,1,1,,0.011827956989247311,,0.028954802259887006,0.0,0.0,0.0,1.0,0.0,0.0
prediction_loss_decoupling,offroute20,offroute20,4,shield_only,Shield only,4,31,15,2,22,20,1.0,,0,180,174,7,1,1,1,,0.011827956989247311,,0.028954802259887006,0.0,0.0,0.0,1.0,0.0,0.0
prediction_loss_decoupling,offroute20,offroute20,4,batch_episode_retrain,Batch episode,0,31,15,2,22,20,1.0,,0,180,174,7,0,1,0,,0.011827956989247311,,0.028954802259887006,0.0,0.0,0.0,1.0,0.0,0.0
prediction_loss_decoupling,offroute20,offroute20,4,batch_episode_retrain,Batch episode,1,31,15,2,22,20,1.0,,0,180,170,11,0,1,1,,0.01129032258064516,,0.020127118644067795,1.0,1.0,0.0,1.0,0.045454545454545456,0.0
prediction_loss_decoupling,offroute20,offroute20,4,batch_episode_retrain,Batch episode,2,31,15,2,22,20,1.0,,0,180,168,13,0,1,2,,0.010752688172043012,,0.018361581920903956,2.0,2.0,0.0,1.0,0.09090909090909091,0.0
prediction_loss_decoupling,offroute20,offroute20,4,batch_episode_retrain,Batch episode,3,31,15,2,22,20,1.0,,0,180,171,10,0,1,3,,0.01021505376344086,,0.009533898305084746,3.0,3.0,0.0,1.0,0.13636363636363635,0.0
prediction_loss_decoupling,offroute20,offroute20,4,batch_episode_retrain,Batch episode,4,31,15,2,22,20,1.0,,0,180,151,30,0,1,4,,0.00967741935483871,,0.007768361581920904,4.0,4.0,0.0,1.0,0.18181818181818182,0.0
prediction_loss_decoupling,offroute20,offroute20,4,threshold_8,Threshold 8,0,31,15,2,22,20,1.0,,1,66,32,66,0,0,4,,0.00967741935483871,,0.007768361581920904,4.0,4.0,0.0,1.0,0.18181818181818182,0.0
prediction_loss_decoupling,offroute20,offroute20,4,threshold_8,Threshold 8,1,31,15,2,22,20,1.0,,1,42,8,42,0,0,5,,0.00913978494623656,,0.006002824858757062,5.0,5.0,0.0,1.0,0.22727272727272727,0.0
prediction_loss_decoupling,offroute20,offroute20,4,threshold_8,Threshold 8,2,31,15,2,22,20,1.0,,1,34,0,34,0,0,5,,0.00913978494623656,,0.006002824858757062,5.0,5.0,0.0,1.0,0.22727272727272727,0.0
prediction_loss_decoupling,offroute20,offroute20,4,threshold_8,Threshold 8,3,31,15,2,22,20,1.0,,1,34,0,34,0,0,5,,0.00913978494623656,,0.006002824858757062,5.0,5.0,0.0,1.0,0.22727272727272727,0.0
prediction_loss_decoupling,offroute20,offroute20,4,threshold_8,Threshold 8,4,31,15,2,22,20,1.0,,1,34,0,34,0,0,5,,0.00913978494623656,,0.006002824858757062,5.0,5.0,0.0,1.0,0.22727272727272727,0.0
prediction_loss_decoupling,offroute20,offroute20,4,uncertainty_cost_avoidance,Cost avoidance,0,31,15,2,22,20,1.0,,1,38,4,38,0,0,4,,0.011827956989247311,,0.028954802259887006,0.0,0.0,0.0,1.0,0.0,0.0
prediction_loss_decoupling,offroute20,offroute20,4,uncertainty_cost_avoidance,Cost avoidance,1,31,15,2,22,20,1.0,,1,35,1,35,0,0,5,,0.011827956989247311,,0.028954802259887006,0.0,0.0,0.0,1.0,0.0,0.0
prediction_loss_decoupling,offroute20,offroute20,4,uncertainty_cost_avoidance,Cost avoidance,2,31,15,2,22,20,1.0,,1,34,0,34,0,0,5,,0.011827956989247311,,0.028954802259887006,0.0,0.0,0.0,1.0,0.0,0.0
prediction_loss_decoupling,offroute20,offroute20,4,uncertainty_cost_avoidance,Cost avoidance,3,31,15,2,22,20,1.0,,1,34,0,34,0,0,5,,0.011827956989247311,,0.028954802259887006,0.0,0.0,0.0,1.0,0.0,0.0
prediction_loss_decoupling,offroute20,offroute20,4,uncertainty_cost_avoidance,Cost avoidance,4,31,15,2,22,20,1.0,,1,34,0,34,0,0,5,,0.011827956989247311,,0.028954802259887006,0.0,0.0,0.0,1.0,0.0,0.0
prediction_loss_decoupling,offroute20,offroute20,4,ccra_exact_guard,CCRA exact,0,31,15,2,22,20,1.0,,1,38,4,38,0,0,4,,0.00967741935483871,,0.007768361581920904,4.0,4.0,0.0,1.0,0.18181818181818182,0.0
prediction_loss_decoupling,offroute20,offroute20,4,ccra_exact_guard,CCRA exact,1,31,15,2,22,20,1.0,,1,35,1,35,0,0,5,,0.00913978494623656,,0.006002824858757062,5.0,5.0,0.0,1.0,0.22727272727272727,0.0
prediction_loss_decoupling,offroute20,offroute20,4,ccra_exact_guard,CCRA exact,2,31,15,2,22,20,1.0,,1,34,0,34,0,0,5,,0.00913978494623656,,0.006002824858757062,5.0,5.0,0.0,1.0,0.22727272727272727,0.0
prediction_loss_decoupling,offroute20,offroute20,4,ccra_exact_guard,CCRA exact,3,31,15,2,22,20,1.0,,1,34,0,34,0,0,5,,0.00913978494623656,,0.006002824858757062,5.0,5.0,0.0,1.0,0.22727272727272727,0.0
prediction_loss_decoupling,offroute20,offroute20,4,ccra_exact_guard,CCRA exact,4,31,15,2,22,20,1.0,,1,34,0,34,0,0,5,,0.00913978494623656,,0.006002824858757062,5.0,5.0,0.0,1.0,0.22727272727272727,0.0
prediction_loss_decoupling,offroute20,offroute20,4,ccra_row_guard,CCRA row,0,31,15,2,22,20,1.0,,1,36,2,36,0,0,2,,0.03978494623655914,,0.3043785310734463,60.0,4.0,56.0,0.06666666666666667,0.18181818181818182,0.9333333333333333
prediction_loss_decoupling,offroute20,offroute20,4,ccra_row_guard,CCRA row,1,31,15,2,22,20,1.0,,1,38,2,38,0,0,4,,0.06989247311827956,,0.3637005649717514,120.0,6.0,114.0,0.05,0.2727272727272727,0.95
prediction_loss_decoupling,offroute20,offroute20,4,ccra_row_guard,CCRA row,2,31,15,2,22,20,1.0,,1,37,1,37,0,0,5,,0.08494623655913978,,0.3735875706214689,150.0,7.0,143.0,0.04666666666666667,0.3181818181818182,0.9533333333333334
prediction_loss_decoupling,offroute20,offroute20,4,ccra_row_guard,CCRA row,3,31,15,2,22,20,1.0,,1,36,0,36,0,0,5,,0.08494623655913978,,0.3735875706214689,150.0,7.0,143.0,0.04666666666666667,0.3181818181818182,0.9533333333333334
prediction_loss_decoupling,offroute20,offroute20,4,ccra_row_guard,CCRA row,4,31,15,2,22,20,1.0,,1,36,0,36,0,0,5,,0.08494623655913978,,0.3735875706214689,150.0,7.0,143.0,0.04666666666666667,0.3181818181818182,0.9533333333333334
prediction_loss_decoupling,offroute20,offroute20,4,global_action_repair,Global action,0,31,15,2,22,20,1.0,,0,9,3,10,0,0,1,,0.23010752688172043,,0.4689265536723164,450.0,22.0,428.0,0.04888888888888889,1.0,0.9511111111111111
prediction_loss_decoupling,offroute20,offroute20,4,global_action_repair,Global action,1,31,15,2,22,20,1.0,,0,0,0,1,0,0,1,,0.23010752688172043,,0.4689265536723164,450.0,22.0,428.0,0.04888888888888889,1.0,0.9511111111111111
prediction_loss_decoupling,offroute20,offroute20,4,global_action_repair,Global action,2,31,15,2,22,20,1.0,,0,0,0,1,0,0,1,,0.23010752688172043,,0.4689265536723164,450.0,22.0,428.0,0.04888888888888889,1.0,0.9511111111111111
prediction_loss_decoupling,offroute20,offroute20,4,global_action_repair,Global action,3,31,15,2,22,20,1.0,,0,0,0,1,0,0,1,,0.23010752688172043,,0.4689265536723164,450.0,22.0,428.0,0.04888888888888889,1.0,0.9511111111111111
prediction_loss_decoupling,offroute20,offroute20,4,global_action_repair,Global action,4,31,15,2,22,20,1.0,,0,0,0,1,0,0,1,,0.23010752688172043,,0.4689265536723164,450.0,22.0,428.0,0.04888888888888889,1.0,0.9511111111111111
prediction_loss_decoupling,offroute20,offroute20,4,oracle_fault_model,Oracle,0,31,15,2,22,20,1.0,,1,34,0,34,0,0,0,,0.0,,0.0,22.0,22.0,0.0,1.0,1.0,0.0
prediction_loss_decoupling,offroute20,offroute20,4,oracle_fault_model,Oracle,1,31,15,2,22,20,1.0,,1,34,0,34,0,0,0,,0.0,,0.0,22.0,22.0,0.0,1.0,1.0,0.0
prediction_loss_decoupling,offroute20,offroute20,4,oracle_fault_model,Oracle,2,31,15,2,22,20,1.0,,1,34,0,34,0,0,0,,0.0,,0.0,22.0,22.0,0.0,1.0,1.0,0.0
prediction_loss_decoupling,offroute20,offroute20,4,oracle_fault_model,Oracle,3,31,15,2,22,20,1.0,,1,34,0,34,0,0,0,,0.0,,0.0,22.0,22.0,0.0,1.0,1.0,0.0
prediction_loss_decoupling,offroute20,offroute20,4,oracle_fault_model,Oracle,4,31,15,2,22,20,1.0,,1,34,0,34,0,0,0,,0.0,,0.0,22.0,22.0,0.0,1.0,1.0,0.0
prediction_loss_decoupling,offroute20,offroute20,5,nominal_no_repair,Nominal,0,31,15,2,22,20,1.0,,0,180,171,10,0,1,0,,0.011827956989247311,,0.028954802259887006,0.0,0.0,0.0,1.0,0.0,0.0
prediction_loss_decoupling,offroute20,offroute20,5,nominal_no_repair,Nominal,1,31,15,2,22,20,1.0,,0,180,171,10,0,1,0,,0.011827956989247311,,0.028954802259887006,0.0,0.0,0.0,1.0,0.0,0.0
prediction_loss_decoupling,offroute20,offroute20,5,nominal_no_repair,Nominal,2,31,15,2,22,20,1.0,,0,180,171,10,0,1,0,,0.011827956989247311,,0.028954802259887006,0.0,0.0,0.0,1.0,0.0,0.0
prediction_loss_decoupling,offroute20,offroute20,5,nominal_no_repair,Nominal,3,31,15,2,22,20,1.0,,0,180,171,10,0,1,0,,0.011827956989247311,,0.028954802259887006,0.0,0.0,0.0,1.0,0.0,0.0
prediction_loss_decoupling,offroute20,offroute20,5,nominal_no_repair,Nominal,4,31,15,2,22,20,1.0,,0,180,171,10,0,1,0,,0.011827956989247311,,0.028954802259887006,0.0,0.0,0.0,1.0,0.0,0.0
prediction_loss_decoupling,offroute20,offroute20,5,shield_only,Shield only,0,31,15,2,22,20,1.0,,0,180,171,11,1,1,1,,0.011827956989247311,,0.028954802259887006,0.0,0.0,0.0,1.0,0.0,0.0
prediction_loss_decoupling,offroute20,offroute20,5,shield_only,Shield only,1,31,15,2,22,20,1.0,,0,180,171,10,1,1,1,,0.011827956989247311,,0.028954802259887006,0.0,0.0,0.0,1.0,0.0,0.0
prediction_loss_decoupling,offroute20,offroute20,5,shield_only,Shield only,2,31,15,2,22,20,1.0,,0,180,171,10,1,1,1,,0.011827956989247311,,0.028954802259887006,0.0,0.0,0.0,1.0,0.0,0.0
prediction_loss_decoupling,offroute20,offroute20,5,shield_only,Shield only,3,31,15,2,22,20,1.0,,0,180,171,10,1,1,1,,0.011827956989247311,,0.028954802259887006,0.0,0.0,0.0,1.0,0.0,0.0
prediction_loss_decoupling,offroute20,offroute20,5,shield_only,Shield only,4,31,15,2,22,20,1.0,,0,180,171,10,1,1,1,,0.011827956989247311,,0.028954802259887006,0.0,0.0,0.0,1.0,0.0,0.0
prediction_loss_decoupling,offroute20,offroute20,5,batch_episode_retrain,Batch episode,0,31,15,2,22,20,1.0,,0,180,171,10,0,1,0,,0.011827956989247311,,0.028954802259887006,0.0,0.0,0.0,1.0,0.0,0.0
prediction_loss_decoupling,offroute20,offroute20,5,batch_episode_retrain,Batch episode,1,31,15,2,22,20,1.0,,0,180,169,12,0,1,1,,0.01129032258064516,,0.020127118644067795,1.0,1.0,0.0,1.0,0.045454545454545456,0.0
prediction_loss_decoupling,offroute20,offroute20,5,batch_episode_retrain,Batch episode,2,31,15,2,22,20,1.0,,0,180,162,19,0,1,2,,0.010752688172043012,,0.018361581920903956,2.0,2.0,0.0,1.0,0.09090909090909091,0.0
prediction_loss_decoupling,offroute20,offroute20,5,batch_episode_retrain,Batch episode,3,31,15,2,22,20,1.0,,1,32,0,32,0,0,3,,0.01021505376344086,,0.009533898305084746,3.0,3.0,0.0,1.0,0.13636363636363635,0.0
prediction_loss_decoupling,offroute20,offroute20,5,batch_episode_retrain,Batch episode,4,31,15,2,22,20,1.0,,1,32,0,32,0,0,3,,0.01021505376344086,,0.009533898305084746,3.0,3.0,0.0,1.0,0.13636363636363635,0.0
prediction_loss_decoupling,offroute20,offroute20,5,threshold_8,Threshold 8,0,31,15,2,22,20,1.0,,1,66,32,66,0,0,4,,0.00967741935483871,,0.007768361581920904,4.0,4.0,0.0,1.0,0.18181818181818182,0.0
prediction_loss_decoupling,offroute20,offroute20,5,threshold_8,Threshold 8,1,31,15,2,22,20,1.0,,1,32,0,32,0,0,4,,0.00967741935483871,,0.007768361581920904,4.0,4.0,0.0,1.0,0.18181818181818182,0.0
prediction_loss_decoupling,offroute20,offroute20,5,threshold_8,Threshold 8,2,31,15,2,22,20,1.0,,1,32,0,32,0,0,4,,0.00967741935483871,,0.007768361581920904,4.0,4.0,0.0,1.0,0.18181818181818182,0.0
prediction_loss_decoupling,offroute20,offroute20,5,threshold_8,Threshold 8,3,31,15,2,22,20,1.0,,1,32,0,32,0,0,4,,0.00967741935483871,,0.007768361581920904,4.0,4.0,0.0,1.0,0.18181818181818182,0.0
prediction_loss_decoupling,offroute20,offroute20,5,threshold_8,Threshold 8,4,31,15,2,22,20,1.0,,1,32,0,32,0,0,4,,0.00967741935483871,,0.007768361581920904,4.0,4.0,0.0,1.0,0.18181818181818182,0.0
prediction_loss_decoupling,offroute20,offroute20,5,uncertainty_cost_avoidance,Cost avoidance,0,31,15,2,22,20,1.0,,1,38,4,38,0,0,4,,0.011827956989247311,,0.028954802259887006,0.0,0.0,0.0,1.0,0.0,0.0
prediction_loss_decoupling,offroute20,offroute20,5,uncertainty_cost_avoidance,Cost avoidance,1,31,15,2,22,20,1.0,,1,32,0,32,0,0,4,,0.011827956989247311,,0.028954802259887006,0.0,0.0,0.0,1.0,0.0,0.0
prediction_loss_decoupling,offroute20,offroute20,5,uncertainty_cost_avoidance,Cost avoidance,2,31,15,2,22,20,1.0,,1,32,0,32,0,0,4,,0.011827956989247311,,0.028954802259887006,0.0,0.0,0.0,1.0,0.0,0.0
prediction_loss_decoupling,offroute20,offroute20,5,uncertainty_cost_avoidance,Cost avoidance,3,31,15,2,22,20,1.0,,1,32,0,32,0,0,4,,0.011827956989247311,,0.028954802259887006,0.0,0.0,0.0,1.0,0.0,0.0
prediction_loss_decoupling,offroute20,offroute20,5,uncertainty_cost_avoidance,Cost avoidance,4,31,15,2,22,20,1.0,,1,32,0,32,0,0,4,,0.011827956989247311,,0.028954802259887006,0.0,0.0,0.0,1.0,0.0,0.0
prediction_loss_decoupling,offroute20,offroute20,5,ccra_exact_guard,CCRA exact,0,31,15,2,22,20,1.0,,1,38,4,38,0,0,4,,0.00967741935483871,,0.007768361581920904,4.0,4.0,0.0,1.0,0.18181818181818182,0.0
prediction_loss_decoupling,offroute20,offroute20,5,ccra_exact_guard,CCRA exact,1,31,15,2,22,20,1.0,,1,32,0,32,0,0,4,,0.00967741935483871,,0.007768361581920904,4.0,4.0,0.0,1.0,0.18181818181818182,0.0
prediction_loss_decoupling,offroute20,offroute20,5,ccra_exact_guard,CCRA exact,2,31,15,2,22,20,1.0,,1,32,0,32,0,0,4,,0.00967741935483871,,0.007768361581920904,4.0,4.0,0.0,1.0,0.18181818181818182,0.0
prediction_loss_decoupling,offroute20,offroute20,5,ccra_exact_guard,CCRA exact,3,31,15,2,22,20,1.0,,1,32,0,32,0,0,4,,0.00967741935483871,,0.007768361581920904,4.0,4.0,0.0,1.0,0.18181818181818182,0.0
prediction_loss_decoupling,offroute20,offroute20,5,ccra_exact_guard,CCRA exact,4,31,15,2,22,20,1.0,,1,32,0,32,0,0,4,,0.00967741935483871,,0.007768361581920904,4.0,4.0,0.0,1.0,0.18181818181818182,0.0
prediction_loss_decoupling,offroute20,offroute20,5,ccra_row_guard,CCRA row,0,31,15,2,22,20,1.0,,1,36,2,36,0,0,2,,0.03870967741935484,,0.3008474576271186,60.0,5.0,55.0,0.08333333333333333,0.22727272727272727,0.9166666666666666
prediction_loss_decoupling,offroute20,offroute20,5,ccra_row_guard,CCRA row,1,31,15,2,22,20,1.0,,1,32,0,32,0,0,2,,0.03870967741935484,,0.3008474576271186,60.0,5.0,55.0,0.08333333333333333,0.22727272727272727,0.9166666666666666
prediction_loss_decoupling,offroute20,offroute20,5,ccra_row_guard,CCRA row,2,31,15,2,22,20,1.0,,1,32,0,32,0,0,2,,0.03870967741935484,,0.3008474576271186,60.0,5.0,55.0,0.08333333333333333,0.22727272727272727,0.9166666666666666
prediction_loss_decoupling,offroute20,offroute20,5,ccra_row_guard,CCRA row,3,31,15,2,22,20,1.0,,1,32,0,32,0,0,2,,0.03870967741935484,,0.3008474576271186,60.0,5.0,55.0,0.08333333333333333,0.22727272727272727,0.9166666666666666
prediction_loss_decoupling,offroute20,offroute20,5,ccra_row_guard,CCRA row,4,31,15,2,22,20,1.0,,1,32,0,32,0,0,2,,0.03870967741935484,,0.3008474576271186,60.0,5.0,55.0,0.08333333333333333,0.22727272727272727,0.9166666666666666
prediction_loss_decoupling,offroute20,offroute20,5,global_action_repair,Global action,0,31,15,2,22,20,1.0,,0,12,3,13,0,0,1,,0.23010752688172043,,0.4689265536723164,450.0,22.0,428.0,0.04888888888888889,1.0,0.9511111111111111
prediction_loss_decoupling,offroute20,offroute20,5,global_action_repair,Global action,1,31,15,2,22,20,1.0,,0,0,0,1,0,0,1,,0.23010752688172043,,0.4689265536723164,450.0,22.0,428.0,0.04888888888888889,1.0,0.9511111111111111
prediction_loss_decoupling,offroute20,offroute20,5,global_action_repair,Global action,2,31,15,2,22,20,1.0,,0,0,0,1,0,0,1,,0.23010752688172043,,0.4689265536723164,450.0,22.0,428.0,0.04888888888888889,1.0,0.9511111111111111
prediction_loss_decoupling,offroute20,offroute20,5,global_action_repair,Global action,3,31,15,2,22,20,1.0,,0,0,0,1,0,0,1,,0.23010752688172043,,0.4689265536723164,450.0,22.0,428.0,0.04888888888888889,1.0,0.9511111111111111
prediction_loss_decoupling,offroute20,offroute20,5,global_action_repair,Global action,4,31,15,2,22,20,1.0,,0,0,0,1,0,0,1,,0.23010752688172043,,0.4689265536723164,450.0,22.0,428.0,0.04888888888888889,1.0,0.9511111111111111
prediction_loss_decoupling,offroute20,offroute20,5,oracle_fault_model,Oracle,0,31,15,2,22,20,1.0,,1,32,0,32,0,0,0,,0.0,,0.0,22.0,22.0,0.0,1.0,1.0,0.0
prediction_loss_decoupling,offroute20,offroute20,5,oracle_fault_model,Oracle,1,31,15,2,22,20,1.0,,1,32,0,32,0,0,0,,0.0,,0.0,22.0,22.0,0.0,1.0,1.0,0.0
prediction_loss_decoupling,offroute20,offroute20,5,oracle_fault_model,Oracle,2,31,15,2,22,20,1.0,,1,32,0,32,0,0,0,,0.0,,0.0,22.0,22.0,0.0,1.0,1.0,0.0
prediction_loss_decoupling,offroute20,offroute20,5,oracle_fault_model,Oracle,3,31,15,2,22,20,1.0,,1,32,0,32,0,0,0,,0.0,,0.0,22.0,22.0,0.0,1.0,1.0,0.0
prediction_loss_decoupling,offroute20,offroute20,5,oracle_fault_model,Oracle,4,31,15,2,22,20,1.0,,1,32,0,32,0,0,0,,0.0,,0.0,22.0,22.0,0.0,1.0,1.0,0.0
prediction_loss_decoupling,offroute20,offroute20,6,nominal_no_repair,Nominal,0,31,15,2,22,20,1.0,,0,180,178,3,0,1,0,,0.011827956989247311,,0.02754237288135593,0.0,0.0,0.0,1.0,0.0,0.0
prediction_loss_decoupling,offroute20,offroute20,6,nominal_no_repair,Nominal,1,31,15,2,22,20,1.0,,0,180,178,3,0,1,0,,0.011827956989247311,,0.02754237288135593,0.0,0.0,0.0,1.0,0.0,0.0
prediction_loss_decoupling,offroute20,offroute20,6,nominal_no_repair,Nominal,2,31,15,2,22,20,1.0,,0,180,178,3,0,1,0,,0.011827956989247311,,0.02754237288135593,0.0,0.0,0.0,1.0,0.0,0.0
prediction_loss_decoupling,offroute20,offroute20,6,nominal_no_repair,Nominal,3,31,15,2,22,20,1.0,,0,180,178,3,0,1,0,,0.011827956989247311,,0.02754237288135593,0.0,0.0,0.0,1.0,0.0,0.0
prediction_loss_decoupling,offroute20,offroute20,6,nominal_no_repair,Nominal,4,31,15,2,22,20,1.0,,0,180,178,3,0,1,0,,0.011827956989247311,,0.02754237288135593,0.0,0.0,0.0,1.0,0.0,0.0
prediction_loss_decoupling,offroute20,offroute20,6,shield_only,Shield only,0,31,15,2,22,20,1.0,,0,180,178,4,1,1,1,,0.011827956989247311,,0.02754237288135593,0.0,0.0,0.0,1.0,0.0,0.0
prediction_loss_decoupling,offroute20,offroute20,6,shield_only,Shield only,1,31,15,2,22,20,1.0,,0,180,178,3,1,1,1,,0.011827956989247311,,0.02754237288135593,0.0,0.0,0.0,1.0,0.0,0.0
prediction_loss_decoupling,offroute20,offroute20,6,shield_only,Shield only,2,31,15,2,22,20,1.0,,0,180,178,3,1,1,1,,0.011827956989247311,,0.02754237288135593,0.0,0.0,0.0,1.0,0.0,0.0
prediction_loss_decoupling,offroute20,offroute20,6,shield_only,Shield only,3,31,15,2,22,20,1.0,,0,180,178,3,1,1,1,,0.011827956989247311,,0.02754237288135593,0.0,0.0,0.0,1.0,0.0,0.0
prediction_loss_decoupling,offroute20,offroute20,6,shield_only,Shield only,4,31,15,2,22,20,1.0,,0,180,178,3,1,1,1,,0.011827956989247311,,0.02754237288135593,0.0,0.0,0.0,1.0,0.0,0.0
prediction_loss_decoupling,offroute20,offroute20,6,batch_episode_retrain,Batch episode,0,31,15,2,22,20,1.0,,0,180,178,3,0,1,0,,0.011827956989247311,,0.02754237288135593,0.0,0.0,0.0,1.0,0.0,0.0
prediction_loss_decoupling,offroute20,offroute20,6,batch_episode_retrain,Batch episode,1,31,15,2,22,20,1.0,,0,180,175,6,0,1,1,,0.01129032258064516,,0.018714689265536724,1.0,1.0,0.0,1.0,0.045454545454545456,0.0
prediction_loss_decoupling,offroute20,offroute20,6,batch_episode_retrain,Batch episode,2,31,15,2,22,20,1.0,,0,180,173,8,0,1,2,,0.010752688172043012,,0.01694915254237288,2.0,2.0,0.0,1.0,0.09090909090909091,0.0
prediction_loss_decoupling,offroute20,offroute20,6,batch_episode_retrain,Batch episode,3,31,15,2,22,20,1.0,,0,180,170,11,0,1,3,,0.01021505376344086,,0.008121468926553672,3.0,3.0,0.0,1.0,0.13636363636363635,0.0
prediction_loss_decoupling,offroute20,offroute20,6,batch_episode_retrain,Batch episode,4,31,15,2,22,20,1.0,,1,32,0,32,0,0,4,,0.00967741935483871,,0.006355932203389831,4.0,4.0,0.0,1.0,0.18181818181818182,0.0
prediction_loss_decoupling,offroute20,offroute20,6,threshold_8,Threshold 8,0,31,15,2,22,20,1.0,,1,58,24,58,0,0,3,,0.01021505376344086,,0.008121468926553672,3.0,3.0,0.0,1.0,0.13636363636363635,0.0
prediction_loss_decoupling,offroute20,offroute20,6,threshold_8,Threshold 8,1,31,15,2,22,20,1.0,,1,40,8,40,0,0,4,,0.00967741935483871,,0.006355932203389831,4.0,4.0,0.0,1.0,0.18181818181818182,0.0
prediction_loss_decoupling,offroute20,offroute20,6,threshold_8,Threshold 8,2,31,15,2,22,20,1.0,,1,32,0,32,0,0,4,,0.00967741935483871,,0.006355932203389831,4.0,4.0,0.0,1.0,0.18181818181818182,0.0
prediction_loss_decoupling,offroute20,offroute20,6,threshold_8,Threshold 8,3,31,15,2,22,20,1.0,,1,32,0,32,0,0,4,,0.00967741935483871,,0.006355932203389831,4.0,4.0,0.0,1.0,0.18181818181818182,0.0
prediction_loss_decoupling,offroute20,offroute20,6,threshold_8,Threshold 8,4,31,15,2,22,20,1.0,,1,32,0,32,0,0,4,,0.00967741935483871,,0.006355932203389831,4.0,4.0,0.0,1.0,0.18181818181818182,0.0
prediction_loss_decoupling,offroute20,offroute20,6,uncertainty_cost_avoidance,Cost avoidance,0,31,15,2,22,20,1.0,,1,37,3,37,0,0,3,,0.011827956989247311,,0.02754237288135593,0.0,0.0,0.0,1.0,0.0,0.0
prediction_loss_decoupling,offroute20,offroute20,6,uncertainty_cost_avoidance,Cost avoidance,1,31,15,2,22,20,1.0,,1,33,1,33,0,0,4,,0.011827956989247311,,0.02754237288135593,0.0,0.0,0.0,1.0,0.0,0.0
prediction_loss_decoupling,offroute20,offroute20,6,uncertainty_cost_avoidance,Cost avoidance,2,31,15,2,22,20,1.0,,1,32,0,32,0,0,4,,0.011827956989247311,,0.02754237288135593,0.0,0.0,0.0,1.0,0.0,0.0
prediction_loss_decoupling,offroute20,offroute20,6,uncertainty_cost_avoidance,Cost avoidance,3,31,15,2,22,20,1.0,,1,32,0,32,0,0,4,,0.011827956989247311,,0.02754237288135593,0.0,0.0,0.0,1.0,0.0,0.0
prediction_loss_decoupling,offroute20,offroute20,6,uncertainty_cost_avoidance,Cost avoidance,4,31,15,2,22,20,1.0,,1,32,0,32,0,0,4,,0.011827956989247311,,0.02754237288135593,0.0,0.0,0.0,1.0,0.0,0.0
prediction_loss_decoupling,offroute20,offroute20,6,ccra_exact_guard,CCRA exact,0,31,15,2,22,20,1.0,,1,37,3,37,0,0,3,,0.01021505376344086,,0.008121468926553672,3.0,3.0,0.0,1.0,0.13636363636363635,0.0
prediction_loss_decoupling,offroute20,offroute20,6,ccra_exact_guard,CCRA exact,1,31,15,2,22,20,1.0,,1,33,1,33,0,0,4,,0.00967741935483871,,0.006355932203389831,4.0,4.0,0.0,1.0,0.18181818181818182,0.0
prediction_loss_decoupling,offroute20,offroute20,6,ccra_exact_guard,CCRA exact,2,31,15,2,22,20,1.0,,1,32,0,32,0,0,4,,0.00967741935483871,,0.006355932203389831,4.0,4.0,0.0,1.0,0.18181818181818182,0.0
prediction_loss_decoupling,offroute20,offroute20,6,ccra_exact_guard,CCRA exact,3,31,15,2,22,20,1.0,,1,32,0,32,0,0,4,,0.00967741935483871,,0.006355932203389831,4.0,4.0,0.0,1.0,0.18181818181818182,0.0
prediction_loss_decoupling,offroute20,offroute20,6,ccra_exact_guard,CCRA exact,4,31,15,2,22,20,1.0,,1,32,0,32,0,0,4,,0.00967741935483871,,0.006355932203389831,4.0,4.0,0.0,1.0,0.18181818181818182,0.0
prediction_loss_decoupling,offroute20,offroute20,6,ccra_row_guard,CCRA row,0,31,15,2,22,20,1.0,,1,39,3,39,0,0,3,,0.05591397849462366,,0.3559322033898305,90.0,4.0,86.0,0.044444444444444446,0.18181818181818182,0.9555555555555556
prediction_loss_decoupling,offroute20,offroute20,6,ccra_row_guard,CCRA row,1,31,15,2,22,20,1.0,,1,34,0,34,0,0,3,,0.05591397849462366,,0.3559322033898305,90.0,4.0,86.0,0.044444444444444446,0.18181818181818182,0.9555555555555556
prediction_loss_decoupling,offroute20,offroute20,6,ccra_row_guard,CCRA row,2,31,15,2,22,20,1.0,,1,34,0,34,0,0,3,,0.05591397849462366,,0.3559322033898305,90.0,4.0,86.0,0.044444444444444446,0.18181818181818182,0.9555555555555556
prediction_loss_decoupling,offroute20,offroute20,6,ccra_row_guard,CCRA row,3,31,15,2,22,20,1.0,,1,34,0,34,0,0,3,,0.05591397849462366,,0.3559322033898305,90.0,4.0,86.0,0.044444444444444446,0.18181818181818182,0.9555555555555556
prediction_loss_decoupling,offroute20,offroute20,6,ccra_row_guard,CCRA row,4,31,15,2,22,20,1.0,,1,34,0,34,0,0,3,,0.05591397849462366,,0.3559322033898305,90.0,4.0,86.0,0.044444444444444446,0.18181818181818182,0.9555555555555556
prediction_loss_decoupling,offroute20,offroute20,6,global_action_repair,Global action,0,31,15,2,22,20,1.0,,0,5,3,6,0,0,1,,0.23010752688172043,,0.4703389830508475,450.0,22.0,428.0,0.04888888888888889,1.0,0.9511111111111111
prediction_loss_decoupling,offroute20,offroute20,6,global_action_repair,Global action,1,31,15,2,22,20,1.0,,0,0,0,1,0,0,1,,0.23010752688172043,,0.4703389830508475,450.0,22.0,428.0,0.04888888888888889,1.0,0.9511111111111111
prediction_loss_decoupling,offroute20,offroute20,6,global_action_repair,Global action,2,31,15,2,22,20,1.0,,0,0,0,1,0,0,1,,0.23010752688172043,,0.4703389830508475,450.0,22.0,428.0,0.04888888888888889,1.0,0.9511111111111111
prediction_loss_decoupling,offroute20,offroute20,6,global_action_repair,Global action,3,31,15,2,22,20,1.0,,0,0,0,1,0,0,1,,0.23010752688172043,,0.4703389830508475,450.0,22.0,428.0,0.04888888888888889,1.0,0.9511111111111111
prediction_loss_decoupling,offroute20,offroute20,6,global_action_repair,Global action,4,31,15,2,22,20,1.0,,0,0,0,1,0,0,1,,0.23010752688172043,,0.4703389830508475,450.0,22.0,428.0,0.04888888888888889,1.0,0.9511111111111111
prediction_loss_decoupling,offroute20,offroute20,6,oracle_fault_model,Oracle,0,31,15,2,22,20,1.0,,1,32,0,32,0,0,0,,0.0,,0.0,22.0,22.0,0.0,1.0,1.0,0.0
prediction_loss_decoupling,offroute20,offroute20,6,oracle_fault_model,Oracle,1,31,15,2,22,20,1.0,,1,32,0,32,0,0,0,,0.0,,0.0,22.0,22.0,0.0,1.0,1.0,0.0
prediction_loss_decoupling,offroute20,offroute20,6,oracle_fault_model,Oracle,2,31,15,2,22,20,1.0,,1,32,0,32,0,0,0,,0.0,,0.0,22.0,22.0,0.0,1.0,1.0,0.0
prediction_loss_decoupling,offroute20,offroute20,6,oracle_fault_model,Oracle,3,31,15,2,22,20,1.0,,1,32,0,32,0,0,0,,0.0,,0.0,22.0,22.0,0.0,1.0,1.0,0.0
prediction_loss_decoupling,offroute20,offroute20,6,oracle_fault_model,Oracle,4,31,15,2,22,20,1.0,,1,32,0,32,0,0,0,,0.0,,0.0,22.0,22.0,0.0,1.0,1.0,0.0
prediction_loss_decoupling,offroute20,offroute20,7,nominal_no_repair,Nominal,0,31,15,2,22,20,1.0,,0,180,178,3,0,1,0,,0.011827956989247311,,0.026129943502824857,0.0,0.0,0.0,1.0,0.0,0.0
prediction_loss_decoupling,offroute20,offroute20,7,nominal_no_repair,Nominal,1,31,15,2,22,20,1.0,,0,180,178,3,0,1,0,,0.011827956989247311,,0.026129943502824857,0.0,0.0,0.0,1.0,0.0,0.0
prediction_loss_decoupling,offroute20,offroute20,7,nominal_no_repair,Nominal,2,31,15,2,22,20,1.0,,0,180,178,3,0,1,0,,0.011827956989247311,,0.026129943502824857,0.0,0.0,0.0,1.0,0.0,0.0
prediction_loss_decoupling,offroute20,offroute20,7,nominal_no_repair,Nominal,3,31,15,2,22,20,1.0,,0,180,178,3,0,1,0,,0.011827956989247311,,0.026129943502824857,0.0,0.0,0.0,1.0,0.0,0.0
prediction_loss_decoupling,offroute20,offroute20,7,nominal_no_repair,Nominal,4,31,15,2,22,20,1.0,,0,180,178,3,0,1,0,,0.011827956989247311,,0.026129943502824857,0.0,0.0,0.0,1.0,0.0,0.0
prediction_loss_decoupling,offroute20,offroute20,7,shield_only,Shield only,0,31,15,2,22,20,1.0,,0,180,178,4,1,1,1,,0.011827956989247311,,0.026129943502824857,0.0,0.0,0.0,1.0,0.0,0.0
prediction_loss_decoupling,offroute20,offroute20,7,shield_only,Shield only,1,31,15,2,22,20,1.0,,0,180,178,3,1,1,1,,0.011827956989247311,,0.026129943502824857,0.0,0.0,0.0,1.0,0.0,0.0
prediction_loss_decoupling,offroute20,offroute20,7,shield_only,Shield only,2,31,15,2,22,20,1.0,,0,180,178,3,1,1,1,,0.011827956989247311,,0.026129943502824857,0.0,0.0,0.0,1.0,0.0,0.0
prediction_loss_decoupling,offroute20,offroute20,7,shield_only,Shield only,3,31,15,2,22,20,1.0,,0,180,178,3,1,1,1,,0.011827956989247311,,0.026129943502824857,0.0,0.0,0.0,1.0,0.0,0.0
prediction_loss_decoupling,offroute20,offroute20,7,shield_only,Shield only,4,31,15,2,22,20,1.0,,0,180,178,3,1,1,1,,0.011827956989247311,,0.026129943502824857,0.0,0.0,0.0,1.0,0.0,0.0
prediction_loss_decoupling,offroute20,offroute20,7,batch_episode_retrain,Batch episode,0,31,15,2,22,20,1.0,,0,180,178,3,0,1,0,,0.011827956989247311,,0.026129943502824857,0.0,0.0,0.0,1.0,0.0,0.0
prediction_loss_decoupling,offroute20,offroute20,7,batch_episode_retrain,Batch episode,1,31,15,2,22,20,1.0,,0,180,159,22,0,1,1,,0.01129032258064516,,0.01730225988700565,1.0,1.0,0.0,1.0,0.045454545454545456,0.0
prediction_loss_decoupling,offroute20,offroute20,7,batch_episode_retrain,Batch episode,2,31,15,2,22,20,1.0,,1,32,0,32,0,0,2,,0.010752688172043012,,0.015536723163841809,2.0,2.0,0.0,1.0,0.09090909090909091,0.0
prediction_loss_decoupling,offroute20,offroute20,7,batch_episode_retrain,Batch episode,3,31,15,2,22,20,1.0,,1,32,0,32,0,0,2,,0.010752688172043012,,0.015536723163841809,2.0,2.0,0.0,1.0,0.09090909090909091,0.0
prediction_loss_decoupling,offroute20,offroute20,7,batch_episode_retrain,Batch episode,4,31,15,2,22,20,1.0,,1,32,0,32,0,0,2,,0.010752688172043012,,0.015536723163841809,2.0,2.0,0.0,1.0,0.09090909090909091,0.0
prediction_loss_decoupling,offroute20,offroute20,7,threshold_8,Threshold 8,0,31,15,2,22,20,1.0,,1,48,16,48,0,0,2,,0.010752688172043012,,0.015536723163841809,2.0,2.0,0.0,1.0,0.09090909090909091,0.0
prediction_loss_decoupling,offroute20,offroute20,7,threshold_8,Threshold 8,1,31,15,2,22,20,1.0,,1,32,0,32,0,0,2,,0.010752688172043012,,0.015536723163841809,2.0,2.0,0.0,1.0,0.09090909090909091,0.0
prediction_loss_decoupling,offroute20,offroute20,7,threshold_8,Threshold 8,2,31,15,2,22,20,1.0,,1,32,0,32,0,0,2,,0.010752688172043012,,0.015536723163841809,2.0,2.0,0.0,1.0,0.09090909090909091,0.0
prediction_loss_decoupling,offroute20,offroute20,7,threshold_8,Threshold 8,3,31,15,2,22,20,1.0,,1,32,0,32,0,0,2,,0.010752688172043012,,0.015536723163841809,2.0,2.0,0.0,1.0,0.09090909090909091,0.0
prediction_loss_decoupling,offroute20,offroute20,7,threshold_8,Threshold 8,4,31,15,2,22,20,1.0,,1,32,0,32,0,0,2,,0.010752688172043012,,0.015536723163841809,2.0,2.0,0.0,1.0,0.09090909090909091,0.0
prediction_loss_decoupling,offroute20,offroute20,7,uncertainty_cost_avoidance,Cost avoidance,0,31,15,2,22,20,1.0,,1,34,2,34,0,0,2,,0.011827956989247311,,0.026129943502824857,0.0,0.0,0.0,1.0,0.0,0.0
prediction_loss_decoupling,offroute20,offroute20,7,uncertainty_cost_avoidance,Cost avoidance,1,31,15,2,22,20,1.0,,1,32,0,32,0,0,2,,0.011827956989247311,,0.026129943502824857,0.0,0.0,0.0,1.0,0.0,0.0
prediction_loss_decoupling,offroute20,offroute20,7,uncertainty_cost_avoidance,Cost avoidance,2,31,15,2,22,20,1.0,,1,32,0,32,0,0,2,,0.011827956989247311,,0.026129943502824857,0.0,0.0,0.0,1.0,0.0,0.0
prediction_loss_decoupling,offroute20,offroute20,7,uncertainty_cost_avoidance,Cost avoidance,3,31,15,2,22,20,1.0,,1,32,0,32,0,0,2,,0.011827956989247311,,0.026129943502824857,0.0,0.0,0.0,1.0,0.0,0.0
prediction_loss_decoupling,offroute20,offroute20,7,uncertainty_cost_avoidance,Cost avoidance,4,31,15,2,22,20,1.0,,1,32,0,32,0,0,2,,0.011827956989247311,,0.026129943502824857,0.0,0.0,0.0,1.0,0.0,0.0
prediction_loss_decoupling,offroute20,offroute20,7,ccra_exact_guard,CCRA exact,0,31,15,2,22,20,1.0,,1,34,2,34,0,0,2,,0.010752688172043012,,0.015536723163841809,2.0,2.0,0.0,1.0,0.09090909090909091,0.0
prediction_loss_decoupling,offroute20,offroute20,7,ccra_exact_guard,CCRA exact,1,31,15,2,22,20,1.0,,1,32,0,32,0,0,2,,0.010752688172043012,,0.015536723163841809,2.0,2.0,0.0,1.0,0.09090909090909091,0.0
prediction_loss_decoupling,offroute20,offroute20,7,ccra_exact_guard,CCRA exact,2,31,15,2,22,20,1.0,,1,32,0,32,0,0,2,,0.010752688172043012,,0.015536723163841809,2.0,2.0,0.0,1.0,0.09090909090909091,0.0
prediction_loss_decoupling,offroute20,offroute20,7,ccra_exact_guard,CCRA exact,3,31,15,2,22,20,1.0,,1,32,0,32,0,0,2,,0.010752688172043012,,0.015536723163841809,2.0,2.0,0.0,1.0,0.09090909090909091,0.0
prediction_loss_decoupling,offroute20,offroute20,7,ccra_exact_guard,CCRA exact,4,31,15,2,22,20,1.0,,1,32,0,32,0,0,2,,0.010752688172043012,,0.015536723163841809,2.0,2.0,0.0,1.0,0.09090909090909091,0.0
prediction_loss_decoupling,offroute20,offroute20,7,ccra_row_guard,CCRA row,0,31,15,2,22,20,1.0,,1,36,2,36,0,0,2,,0.04086021505376344,,0.3050847457627119,60.0,3.0,57.0,0.05,0.13636363636363635,0.95
prediction_loss_decoupling,offroute20,offroute20,7,ccra_row_guard,CCRA row,1,31,15,2,22,20,1.0,,1,32,0,32,0,0,2,,0.04086021505376344,,0.3050847457627119,60.0,3.0,57.0,0.05,0.13636363636363635,0.95
prediction_loss_decoupling,offroute20,offroute20,7,ccra_row_guard,CCRA row,2,31,15,2,22,20,1.0,,1,32,0,32,0,0,2,,0.04086021505376344,,0.3050847457627119,60.0,3.0,57.0,0.05,0.13636363636363635,0.95
prediction_loss_decoupling,offroute20,offroute20,7,ccra_row_guard,CCRA row,3,31,15,2,22,20,1.0,,1,32,0,32,0,0,2,,0.04086021505376344,,0.3050847457627119,60.0,3.0,57.0,0.05,0.13636363636363635,0.95
prediction_loss_decoupling,offroute20,offroute20,7,ccra_row_guard,CCRA row,4,31,15,2,22,20,1.0,,1,32,0,32,0,0,2,,0.04086021505376344,,0.3050847457627119,60.0,3.0,57.0,0.05,0.13636363636363635,0.95
prediction_loss_decoupling,offroute20,offroute20,7,global_action_repair,Global action,0,31,15,2,22,20,1.0,,0,5,3,6,0,0,1,,0.23010752688172043,,0.4717514124293785,450.0,22.0,428.0,0.04888888888888889,1.0,0.9511111111111111
prediction_loss_decoupling,offroute20,offroute20,7,global_action_repair,Global action,1,31,15,2,22,20,1.0,,0,0,0,1,0,0,1,,0.23010752688172043,,0.4717514124293785,450.0,22.0,428.0,0.04888888888888889,1.0,0.9511111111111111
prediction_loss_decoupling,offroute20,offroute20,7,global_action_repair,Global action,2,31,15,2,22,20,1.0,,0,0,0,1,0,0,1,,0.23010752688172043,,0.4717514124293785,450.0,22.0,428.0,0.04888888888888889,1.0,0.9511111111111111
prediction_loss_decoupling,offroute20,offroute20,7,global_action_repair,Global action,3,31,15,2,22,20,1.0,,0,0,0,1,0,0,1,,0.23010752688172043,,0.4717514124293785,450.0,22.0,428.0,0.04888888888888889,1.0,0.9511111111111111
prediction_loss_decoupling,offroute20,offroute20,7,global_action_repair,Global action,4,31,15,2,22,20,1.0,,0,0,0,1,0,0,1,,0.23010752688172043,,0.4717514124293785,450.0,22.0,428.0,0.04888888888888889,1.0,0.9511111111111111
prediction_loss_decoupling,offroute20,offroute20,7,oracle_fault_model,Oracle,0,31,15,2,22,20,1.0,,1,32,0,32,0,0,0,,0.0,,0.0,22.0,22.0,0.0,1.0,1.0,0.0
prediction_loss_decoupling,offroute20,offroute20,7,oracle_fault_model,Oracle,1,31,15,2,22,20,1.0,,1,32,0,32,0,0,0,,0.0,,0.0,22.0,22.0,0.0,1.0,1.0,0.0
prediction_loss_decoupling,offroute20,offroute20,7,oracle_fault_model,Oracle,2,31,15,2,22,20,1.0,,1,32,0,32,0,0,0,,0.0,,0.0,22.0,22.0,0.0,1.0,1.0,0.0
prediction_loss_decoupling,offroute20,offroute20,7,oracle_fault_model,Oracle,3,31,15,2,22,20,1.0,,1,32,0,32,0,0,0,,0.0,,0.0,22.0,22.0,0.0,1.0,1.0,0.0
prediction_loss_decoupling,offroute20,offroute20,7,oracle_fault_model,Oracle,4,31,15,2,22,20,1.0,,1,32,0,32,0,0,0,,0.0,,0.0,22.0,22.0,0.0,1.0,1.0,0.0
prediction_loss_decoupling,offroute20,offroute20,8,nominal_no_repair,Nominal,0,31,15,2,22,20,1.0,,0,180,165,16,0,1,0,,0.011827956989247311,,0.03177966101694915,0.0,0.0,0.0,1.0,0.0,0.0
prediction_loss_decoupling,offroute20,offroute20,8,nominal_no_repair,Nominal,1,31,15,2,22,20,1.0,,0,180,165,16,0,1,0,,0.011827956989247311,,0.03177966101694915,0.0,0.0,0.0,1.0,0.0,0.0
prediction_loss_decoupling,offroute20,offroute20,8,nominal_no_repair,Nominal,2,31,15,2,22,20,1.0,,0,180,165,16,0,1,0,,0.011827956989247311,,0.03177966101694915,0.0,0.0,0.0,1.0,0.0,0.0
prediction_loss_decoupling,offroute20,offroute20,8,nominal_no_repair,Nominal,3,31,15,2,22,20,1.0,,0,180,165,16,0,1,0,,0.011827956989247311,,0.03177966101694915,0.0,0.0,0.0,1.0,0.0,0.0
prediction_loss_decoupling,offroute20,offroute20,8,nominal_no_repair,Nominal,4,31,15,2,22,20,1.0,,0,180,165,16,0,1,0,,0.011827956989247311,,0.03177966101694915,0.0,0.0,0.0,1.0,0.0,0.0
prediction_loss_decoupling,offroute20,offroute20,8,shield_only,Shield only,0,31,15,2,22,20,1.0,,0,180,165,17,1,1,1,,0.011827956989247311,,0.03177966101694915,0.0,0.0,0.0,1.0,0.0,0.0
prediction_loss_decoupling,offroute20,offroute20,8,shield_only,Shield only,1,31,15,2,22,20,1.0,,0,180,165,16,1,1,1,,0.011827956989247311,,0.03177966101694915,0.0,0.0,0.0,1.0,0.0,0.0
prediction_loss_decoupling,offroute20,offroute20,8,shield_only,Shield only,2,31,15,2,22,20,1.0,,0,180,165,16,1,1,1,,0.011827956989247311,,0.03177966101694915,0.0,0.0,0.0,1.0,0.0,0.0
prediction_loss_decoupling,offroute20,offroute20,8,shield_only,Shield only,3,31,15,2,22,20,1.0,,0,180,165,16,1,1,1,,0.011827956989247311,,0.03177966101694915,0.0,0.0,0.0,1.0,0.0,0.0
prediction_loss_decoupling,offroute20,offroute20,8,shield_only,Shield only,4,31,15,2,22,20,1.0,,0,180,165,16,1,1,1,,0.011827956989247311,,0.03177966101694915,0.0,0.0,0.0,1.0,0.0,0.0
prediction_loss_decoupling,offroute20,offroute20,8,batch_episode_retrain,Batch episode,0,31,15,2,22,20,1.0,,0,180,165,16,0,1,0,,0.011827956989247311,,0.03177966101694915,0.0,0.0,0.0,1.0,0.0,0.0
prediction_loss_decoupling,offroute20,offroute20,8,batch_episode_retrain,Batch episode,1,31,15,2,22,20,1.0,,0,180,162,19,0,1,1,,0.01129032258064516,,0.022951977401129944,1.0,1.0,0.0,1.0,0.045454545454545456,0.0
prediction_loss_decoupling,offroute20,offroute20,8,batch_episode_retrain,Batch episode,2,31,15,2,22,20,1.0,,0,180,158,23,0,1,2,,0.010752688172043012,,0.0211864406779661,2.0,2.0,0.0,1.0,0.09090909090909091,0.0
prediction_loss_decoupling,offroute20,offroute20,8,batch_episode_retrain,Batch episode,3,31,15,2,22,20,1.0,,1,32,0,32,0,0,3,,0.01021505376344086,,0.012358757062146893,3.0,3.0,0.0,1.0,0.13636363636363635,0.0
prediction_loss_decoupling,offroute20,offroute20,8,batch_episode_retrain,Batch episode,4,31,15,2,22,20,1.0,,1,32,0,32,0,0,3,,0.01021505376344086,,0.012358757062146893,3.0,3.0,0.0,1.0,0.13636363636363635,0.0
prediction_loss_decoupling,offroute20,offroute20,8,threshold_8,Threshold 8,0,31,15,2,22,20,1.0,,1,66,32,66,0,0,4,,0.00967741935483871,,0.01059322033898305,4.0,4.0,0.0,1.0,0.18181818181818182,0.0
prediction_loss_decoupling,offroute20,offroute20,8,threshold_8,Threshold 8,1,31,15,2,22,20,1.0,,1,32,0,32,0,0,4,,0.00967741935483871,,0.01059322033898305,4.0,4.0,0.0,1.0,0.18181818181818182,0.0
prediction_loss_decoupling,offroute20,offroute20,8,threshold_8,Threshold 8,2,31,15,2,22,20,1.0,,1,32,0,32,0,0,4,,0.00967741935483871,,0.01059322033898305,4.0,4.0,0.0,1.0,0.18181818181818182,0.0
prediction_loss_decoupling,offroute20,offroute20,8,threshold_8,Threshold 8,3,31,15,2,22,20,1.0,,1,32,0,32,0,0,4,,0.00967741935483871,,0.01059322033898305,4.0,4.0,0.0,1.0,0.18181818181818182,0.0
prediction_loss_decoupling,offroute20,offroute20,8,threshold_8,Threshold 8,4,31,15,2,22,20,1.0,,1,32,0,32,0,0,4,,0.00967741935483871,,0.01059322033898305,4.0,4.0,0.0,1.0,0.18181818181818182,0.0
prediction_loss_decoupling,offroute20,offroute20,8,uncertainty_cost_avoidance,Cost avoidance,0,31,15,2,22,20,1.0,,1,38,4,38,0,0,4,,0.011827956989247311,,0.03177966101694915,0.0,0.0,0.0,1.0,0.0,0.0
prediction_loss_decoupling,offroute20,offroute20,8,uncertainty_cost_avoidance,Cost avoidance,1,31,15,2,22,20,1.0,,1,32,0,32,0,0,4,,0.011827956989247311,,0.03177966101694915,0.0,0.0,0.0,1.0,0.0,0.0
prediction_loss_decoupling,offroute20,offroute20,8,uncertainty_cost_avoidance,Cost avoidance,2,31,15,2,22,20,1.0,,1,32,0,32,0,0,4,,0.011827956989247311,,0.03177966101694915,0.0,0.0,0.0,1.0,0.0,0.0
prediction_loss_decoupling,offroute20,offroute20,8,uncertainty_cost_avoidance,Cost avoidance,3,31,15,2,22,20,1.0,,1,32,0,32,0,0,4,,0.011827956989247311,,0.03177966101694915,0.0,0.0,0.0,1.0,0.0,0.0
prediction_loss_decoupling,offroute20,offroute20,8,uncertainty_cost_avoidance,Cost avoidance,4,31,15,2,22,20,1.0,,1,32,0,32,0,0,4,,0.011827956989247311,,0.03177966101694915,0.0,0.0,0.0,1.0,0.0,0.0
prediction_loss_decoupling,offroute20,offroute20,8,ccra_exact_guard,CCRA exact,0,31,15,2,22,20,1.0,,1,38,4,38,0,0,4,,0.00967741935483871,,0.01059322033898305,4.0,4.0,0.0,1.0,0.18181818181818182,0.0
prediction_loss_decoupling,offroute20,offroute20,8,ccra_exact_guard,CCRA exact,1,31,15,2,22,20,1.0,,1,32,0,32,0,0,4,,0.00967741935483871,,0.01059322033898305,4.0,4.0,0.0,1.0,0.18181818181818182,0.0
prediction_loss_decoupling,offroute20,offroute20,8,ccra_exact_guard,CCRA exact,2,31,15,2,22,20,1.0,,1,32,0,32,0,0,4,,0.00967741935483871,,0.01059322033898305,4.0,4.0,0.0,1.0,0.18181818181818182,0.0
prediction_loss_decoupling,offroute20,offroute20,8,ccra_exact_guard,CCRA exact,3,31,15,2,22,20,1.0,,1,32,0,32,0,0,4,,0.00967741935483871,,0.01059322033898305,4.0,4.0,0.0,1.0,0.18181818181818182,0.0
prediction_loss_decoupling,offroute20,offroute20,8,ccra_exact_guard,CCRA exact,4,31,15,2,22,20,1.0,,1,32,0,32,0,0,4,,0.00967741935483871,,0.01059322033898305,4.0,4.0,0.0,1.0,0.18181818181818182,0.0
prediction_loss_decoupling,offroute20,offroute20,8,ccra_row_guard,CCRA row,0,31,15,2,22,20,1.0,,1,36,2,36,0,0,2,,0.03978494623655914,,0.3072033898305085,60.0,4.0,56.0,0.06666666666666667,0.18181818181818182,0.9333333333333333
prediction_loss_decoupling,offroute20,offroute20,8,ccra_row_guard,CCRA row,1,31,15,2,22,20,1.0,,1,44,4,44,0,0,6,,0.0967741935483871,,0.3785310734463277,180.0,11.0,169.0,0.06111111111111111,0.5,0.9388888888888889
prediction_loss_decoupling,offroute20,offroute20,8,ccra_row_guard,CCRA row,2,31,15,2,22,20,1.0,,1,37,1,37,0,0,7,,0.10967741935483871,,0.3870056497175141,210.0,14.0,196.0,0.06666666666666667,0.6363636363636364,0.9333333333333333
prediction_loss_decoupling,offroute20,offroute20,8,ccra_row_guard,CCRA row,3,31,15,2,22,20,1.0,,1,36,0,36,0,0,7,,0.10967741935483871,,0.3870056497175141,210.0,14.0,196.0,0.06666666666666667,0.6363636363636364,0.9333333333333333
prediction_loss_decoupling,offroute20,offroute20,8,ccra_row_guard,CCRA row,4,31,15,2,22,20,1.0,,1,36,0,36,0,0,7,,0.10967741935483871,,0.3870056497175141,210.0,14.0,196.0,0.06666666666666667,0.6363636363636364,0.9333333333333333
prediction_loss_decoupling,offroute20,offroute20,8,global_action_repair,Global action,0,31,15,2,22,20,1.0,,0,18,3,19,0,0,1,,0.23010752688172043,,0.4661016949152542,450.0,22.0,428.0,0.04888888888888889,1.0,0.9511111111111111
prediction_loss_decoupling,offroute20,offroute20,8,global_action_repair,Global action,1,31,15,2,22,20,1.0,,0,0,0,1,0,0,1,,0.23010752688172043,,0.4661016949152542,450.0,22.0,428.0,0.04888888888888889,1.0,0.9511111111111111
prediction_loss_decoupling,offroute20,offroute20,8,global_action_repair,Global action,2,31,15,2,22,20,1.0,,0,0,0,1,0,0,1,,0.23010752688172043,,0.4661016949152542,450.0,22.0,428.0,0.04888888888888889,1.0,0.9511111111111111
prediction_loss_decoupling,offroute20,offroute20,8,global_action_repair,Global action,3,31,15,2,22,20,1.0,,0,0,0,1,0,0,1,,0.23010752688172043,,0.4661016949152542,450.0,22.0,428.0,0.04888888888888889,1.0,0.9511111111111111
prediction_loss_decoupling,offroute20,offroute20,8,global_action_repair,Global action,4,31,15,2,22,20,1.0,,0,0,0,1,0,0,1,,0.23010752688172043,,0.4661016949152542,450.0,22.0,428.0,0.04888888888888889,1.0,0.9511111111111111
prediction_loss_decoupling,offroute20,offroute20,8,oracle_fault_model,Oracle,0,31,15,2,22,20,1.0,,1,32,0,32,0,0,0,,0.0,,0.0,22.0,22.0,0.0,1.0,1.0,0.0
prediction_loss_decoupling,offroute20,offroute20,8,oracle_fault_model,Oracle,1,31,15,2,22,20,1.0,,1,32,0,32,0,0,0,,0.0,,0.0,22.0,22.0,0.0,1.0,1.0,0.0
prediction_loss_decoupling,offroute20,offroute20,8,oracle_fault_model,Oracle,2,31,15,2,22,20,1.0,,1,32,0,32,0,0,0,,0.0,,0.0,22.0,22.0,0.0,1.0,1.0,0.0
prediction_loss_decoupling,offroute20,offroute20,8,oracle_fault_model,Oracle,3,31,15,2,22,20,1.0,,1,32,0,32,0,0,0,,0.0,,0.0,22.0,22.0,0.0,1.0,1.0,0.0
prediction_loss_decoupling,offroute20,offroute20,8,oracle_fault_model,Oracle,4,31,15,2,22,20,1.0,,1,32,0,32,0,0,0,,0.0,,0.0,22.0,22.0,0.0,1.0,1.0,0.0
prediction_loss_decoupling,offroute20,offroute20,9,nominal_no_repair,Nominal,0,31,15,2,22,20,1.0,,0,180,170,11,0,1,0,,0.011827956989247311,,0.028954802259887006,0.0,0.0,0.0,1.0,0.0,0.0
prediction_loss_decoupling,offroute20,offroute20,9,nominal_no_repair,Nominal,1,31,15,2,22,20,1.0,,0,180,170,11,0,1,0,,0.011827956989247311,,0.028954802259887006,0.0,0.0,0.0,1.0,0.0,0.0
prediction_loss_decoupling,offroute20,offroute20,9,nominal_no_repair,Nominal,2,31,15,2,22,20,1.0,,0,180,170,11,0,1,0,,0.011827956989247311,,0.028954802259887006,0.0,0.0,0.0,1.0,0.0,0.0
prediction_loss_decoupling,offroute20,offroute20,9,nominal_no_repair,Nominal,3,31,15,2,22,20,1.0,,0,180,170,11,0,1,0,,0.011827956989247311,,0.028954802259887006,0.0,0.0,0.0,1.0,0.0,0.0
prediction_loss_decoupling,offroute20,offroute20,9,nominal_no_repair,Nominal,4,31,15,2,22,20,1.0,,0,180,170,11,0,1,0,,0.011827956989247311,,0.028954802259887006,0.0,0.0,0.0,1.0,0.0,0.0
prediction_loss_decoupling,offroute20,offroute20,9,shield_only,Shield only,0,31,15,2,22,20,1.0,,0,180,170,12,1,1,1,,0.011827956989247311,,0.028954802259887006,0.0,0.0,0.0,1.0,0.0,0.0
prediction_loss_decoupling,offroute20,offroute20,9,shield_only,Shield only,1,31,15,2,22,20,1.0,,0,180,170,11,1,1,1,,0.011827956989247311,,0.028954802259887006,0.0,0.0,0.0,1.0,0.0,0.0
prediction_loss_decoupling,offroute20,offroute20,9,shield_only,Shield only,2,31,15,2,22,20,1.0,,0,180,170,11,1,1,1,,0.011827956989247311,,0.028954802259887006,0.0,0.0,0.0,1.0,0.0,0.0
prediction_loss_decoupling,offroute20,offroute20,9,shield_only,Shield only,3,31,15,2,22,20,1.0,,0,180,170,11,1,1,1,,0.011827956989247311,,0.028954802259887006,0.0,0.0,0.0,1.0,0.0,0.0
prediction_loss_decoupling,offroute20,offroute20,9,shield_only,Shield only,4,31,15,2,22,20,1.0,,0,180,170,11,1,1,1,,0.011827956989247311,,0.028954802259887006,0.0,0.0,0.0,1.0,0.0,0.0
prediction_loss_decoupling,offroute20,offroute20,9,batch_episode_retrain,Batch episode,0,31,15,2,22,20,1.0,,0,180,170,11,0,1,0,,0.011827956989247311,,0.028954802259887006,0.0,0.0,0.0,1.0,0.0,0.0
prediction_loss_decoupling,offroute20,offroute20,9,batch_episode_retrain,Batch episode,1,31,15,2,22,20,1.0,,0,180,163,18,0,1,1,,0.01129032258064516,,0.020127118644067795,1.0,1.0,0.0,1.0,0.045454545454545456,0.0
prediction_loss_decoupling,offroute20,offroute20,9,batch_episode_retrain,Batch episode,2,31,15,2,22,20,1.0,,1,32,0,32,0,0,2,,0.010752688172043012,,0.018361581920903956,2.0,2.0,0.0,1.0,0.09090909090909091,0.0
prediction_loss_decoupling,offroute20,offroute20,9,batch_episode_retrain,Batch episode,3,31,15,2,22,20,1.0,,1,32,0,32,0,0,2,,0.010752688172043012,,0.018361581920903956,2.0,2.0,0.0,1.0,0.09090909090909091,0.0
prediction_loss_decoupling,offroute20,offroute20,9,batch_episode_retrain,Batch episode,4,31,15,2,22,20,1.0,,1,32,0,32,0,0,2,,0.010752688172043012,,0.018361581920903956,2.0,2.0,0.0,1.0,0.09090909090909091,0.0
prediction_loss_decoupling,offroute20,offroute20,9,threshold_8,Threshold 8,0,31,15,2,22,20,1.0,,1,48,16,48,0,0,2,,0.010752688172043012,,0.018361581920903956,2.0,2.0,0.0,1.0,0.09090909090909091,0.0
prediction_loss_decoupling,offroute20,offroute20,9,threshold_8,Threshold 8,1,31,15,2,22,20,1.0,,1,32,0,32,0,0,2,,0.010752688172043012,,0.018361581920903956,2.0,2.0,0.0,1.0,0.09090909090909091,0.0
prediction_loss_decoupling,offroute20,offroute20,9,threshold_8,Threshold 8,2,31,15,2,22,20,1.0,,1,32,0,32,0,0,2,,0.010752688172043012,,0.018361581920903956,2.0,2.0,0.0,1.0,0.09090909090909091,0.0
prediction_loss_decoupling,offroute20,offroute20,9,threshold_8,Threshold 8,3,31,15,2,22,20,1.0,,1,32,0,32,0,0,2,,0.010752688172043012,,0.018361581920903956,2.0,2.0,0.0,1.0,0.09090909090909091,0.0
prediction_loss_decoupling,offroute20,offroute20,9,threshold_8,Threshold 8,4,31,15,2,22,20,1.0,,1,32,0,32,0,0,2,,0.010752688172043012,,0.018361581920903956,2.0,2.0,0.0,1.0,0.09090909090909091,0.0
prediction_loss_decoupling,offroute20,offroute20,9,uncertainty_cost_avoidance,Cost avoidance,0,31,15,2,22,20,1.0,,1,34,2,34,0,0,2,,0.011827956989247311,,0.028954802259887006,0.0,0.0,0.0,1.0,0.0,0.0
prediction_loss_decoupling,offroute20,offroute20,9,uncertainty_cost_avoidance,Cost avoidance,1,31,15,2,22,20,1.0,,1,32,0,32,0,0,2,,0.011827956989247311,,0.028954802259887006,0.0,0.0,0.0,1.0,0.0,0.0
prediction_loss_decoupling,offroute20,offroute20,9,uncertainty_cost_avoidance,Cost avoidance,2,31,15,2,22,20,1.0,,1,32,0,32,0,0,2,,0.011827956989247311,,0.028954802259887006,0.0,0.0,0.0,1.0,0.0,0.0
prediction_loss_decoupling,offroute20,offroute20,9,uncertainty_cost_avoidance,Cost avoidance,3,31,15,2,22,20,1.0,,1,32,0,32,0,0,2,,0.011827956989247311,,0.028954802259887006,0.0,0.0,0.0,1.0,0.0,0.0
prediction_loss_decoupling,offroute20,offroute20,9,uncertainty_cost_avoidance,Cost avoidance,4,31,15,2,22,20,1.0,,1,32,0,32,0,0,2,,0.011827956989247311,,0.028954802259887006,0.0,0.0,0.0,1.0,0.0,0.0
prediction_loss_decoupling,offroute20,offroute20,9,ccra_exact_guard,CCRA exact,0,31,15,2,22,20,1.0,,1,34,2,34,0,0,2,,0.010752688172043012,,0.018361581920903956,2.0,2.0,0.0,1.0,0.09090909090909091,0.0
prediction_loss_decoupling,offroute20,offroute20,9,ccra_exact_guard,CCRA exact,1,31,15,2,22,20,1.0,,1,32,0,32,0,0,2,,0.010752688172043012,,0.018361581920903956,2.0,2.0,0.0,1.0,0.09090909090909091,0.0
prediction_loss_decoupling,offroute20,offroute20,9,ccra_exact_guard,CCRA exact,2,31,15,2,22,20,1.0,,1,32,0,32,0,0,2,,0.010752688172043012,,0.018361581920903956,2.0,2.0,0.0,1.0,0.09090909090909091,0.0
prediction_loss_decoupling,offroute20,offroute20,9,ccra_exact_guard,CCRA exact,3,31,15,2,22,20,1.0,,1,32,0,32,0,0,2,,0.010752688172043012,,0.018361581920903956,2.0,2.0,0.0,1.0,0.09090909090909091,0.0
prediction_loss_decoupling,offroute20,offroute20,9,ccra_exact_guard,CCRA exact,4,31,15,2,22,20,1.0,,1,32,0,32,0,0,2,,0.010752688172043012,,0.018361581920903956,2.0,2.0,0.0,1.0,0.09090909090909091,0.0
prediction_loss_decoupling,offroute20,offroute20,9,ccra_row_guard,CCRA row,0,31,15,2,22,20,1.0,,1,36,2,36,0,0,2,,0.04086021505376344,,0.307909604519774,60.0,3.0,57.0,0.05,0.13636363636363635,0.95
prediction_loss_decoupling,offroute20,offroute20,9,ccra_row_guard,CCRA row,1,31,15,2,22,20,1.0,,1,35,1,35,0,0,3,,0.054838709677419356,,0.3538135593220339,90.0,5.0,85.0,0.05555555555555555,0.22727272727272727,0.9444444444444444
prediction_loss_decoupling,offroute20,offroute20,9,ccra_row_guard,CCRA row,2,31,15,2,22,20,1.0,,1,40,2,40,0,0,5,,0.08387096774193549,,0.3728813559322034,150.0,8.0,142.0,0.05333333333333334,0.36363636363636365,0.9466666666666667
prediction_loss_decoupling,offroute20,offroute20,9,ccra_row_guard,CCRA row,3,31,15,2,22,20,1.0,,1,34,0,34,0,0,5,,0.08387096774193549,,0.3728813559322034,150.0,8.0,142.0,0.05333333333333334,0.36363636363636365,0.9466666666666667
prediction_loss_decoupling,offroute20,offroute20,9,ccra_row_guard,CCRA row,4,31,15,2,22,20,1.0,,1,34,0,34,0,0,5,,0.08387096774193549,,0.3728813559322034,150.0,8.0,142.0,0.05333333333333334,0.36363636363636365,0.9466666666666667
prediction_loss_decoupling,offroute20,offroute20,9,global_action_repair,Global action,0,31,15,2,22,20,1.0,,0,13,3,14,0,0,1,,0.23010752688172043,,0.4689265536723164,450.0,22.0,428.0,0.04888888888888889,1.0,0.9511111111111111
prediction_loss_decoupling,offroute20,offroute20,9,global_action_repair,Global action,1,31,15,2,22,20,1.0,,0,0,0,1,0,0,1,,0.23010752688172043,,0.4689265536723164,450.0,22.0,428.0,0.04888888888888889,1.0,0.9511111111111111
prediction_loss_decoupling,offroute20,offroute20,9,global_action_repair,Global action,2,31,15,2,22,20,1.0,,0,0,0,1,0,0,1,,0.23010752688172043,,0.4689265536723164,450.0,22.0,428.0,0.04888888888888889,1.0,0.9511111111111111
prediction_loss_decoupling,offroute20,offroute20,9,global_action_repair,Global action,3,31,15,2,22,20,1.0,,0,0,0,1,0,0,1,,0.23010752688172043,,0.4689265536723164,450.0,22.0,428.0,0.04888888888888889,1.0,0.9511111111111111
prediction_loss_decoupling,offroute20,offroute20,9,global_action_repair,Global action,4,31,15,2,22,20,1.0,,0,0,0,1,0,0,1,,0.23010752688172043,,0.4689265536723164,450.0,22.0,428.0,0.04888888888888889,1.0,0.9511111111111111
prediction_loss_decoupling,offroute20,offroute20,9,oracle_fault_model,Oracle,0,31,15,2,22,20,1.0,,1,32,0,32,0,0,0,,0.0,,0.0,22.0,22.0,0.0,1.0,1.0,0.0
prediction_loss_decoupling,offroute20,offroute20,9,oracle_fault_model,Oracle,1,31,15,2,22,20,1.0,,1,32,0,32,0,0,0,,0.0,,0.0,22.0,22.0,0.0,1.0,1.0,0.0
prediction_loss_decoupling,offroute20,offroute20,9,oracle_fault_model,Oracle,2,31,15,2,22,20,1.0,,1,32,0,32,0,0,0,,0.0,,0.0,22.0,22.0,0.0,1.0,1.0,0.0
prediction_loss_decoupling,offroute20,offroute20,9,oracle_fault_model,Oracle,3,31,15,2,22,20,1.0,,1,32,0,32,0,0,0,,0.0,,0.0,22.0,22.0,0.0,1.0,1.0,0.0
prediction_loss_decoupling,offroute20,offroute20,9,oracle_fault_model,Oracle,4,31,15,2,22,20,1.0,,1,32,0,32,0,0,0,,0.0,,0.0,22.0,22.0,0.0,1.0,1.0,0.0
prediction_loss_decoupling,offroute20,offroute20,10,nominal_no_repair,Nominal,0,31,15,2,22,20,1.0,,0,180,174,7,0,1,0,,0.011827956989247311,,0.026129943502824857,0.0,0.0,0.0,1.0,0.0,0.0
prediction_loss_decoupling,offroute20,offroute20,10,nominal_no_repair,Nominal,1,31,15,2,22,20,1.0,,0,180,174,7,0,1,0,,0.011827956989247311,,0.026129943502824857,0.0,0.0,0.0,1.0,0.0,0.0
prediction_loss_decoupling,offroute20,offroute20,10,nominal_no_repair,Nominal,2,31,15,2,22,20,1.0,,0,180,174,7,0,1,0,,0.011827956989247311,,0.026129943502824857,0.0,0.0,0.0,1.0,0.0,0.0
prediction_loss_decoupling,offroute20,offroute20,10,nominal_no_repair,Nominal,3,31,15,2,22,20,1.0,,0,180,174,7,0,1,0,,0.011827956989247311,,0.026129943502824857,0.0,0.0,0.0,1.0,0.0,0.0
prediction_loss_decoupling,offroute20,offroute20,10,nominal_no_repair,Nominal,4,31,15,2,22,20,1.0,,0,180,174,7,0,1,0,,0.011827956989247311,,0.026129943502824857,0.0,0.0,0.0,1.0,0.0,0.0
prediction_loss_decoupling,offroute20,offroute20,10,shield_only,Shield only,0,31,15,2,22,20,1.0,,0,180,174,8,1,1,1,,0.011827956989247311,,0.026129943502824857,0.0,0.0,0.0,1.0,0.0,0.0
prediction_loss_decoupling,offroute20,offroute20,10,shield_only,Shield only,1,31,15,2,22,20,1.0,,0,180,174,7,1,1,1,,0.011827956989247311,,0.026129943502824857,0.0,0.0,0.0,1.0,0.0,0.0
prediction_loss_decoupling,offroute20,offroute20,10,shield_only,Shield only,2,31,15,2,22,20,1.0,,0,180,174,7,1,1,1,,0.011827956989247311,,0.026129943502824857,0.0,0.0,0.0,1.0,0.0,0.0
prediction_loss_decoupling,offroute20,offroute20,10,shield_only,Shield only,3,31,15,2,22,20,1.0,,0,180,174,7,1,1,1,,0.011827956989247311,,0.026129943502824857,0.0,0.0,0.0,1.0,0.0,0.0
prediction_loss_decoupling,offroute20,offroute20,10,shield_only,Shield only,4,31,15,2,22,20,1.0,,0,180,174,7,1,1,1,,0.011827956989247311,,0.026129943502824857,0.0,0.0,0.0,1.0,0.0,0.0
prediction_loss_decoupling,offroute20,offroute20,10,batch_episode_retrain,Batch episode,0,31,15,2,22,20,1.0,,0,180,174,7,0,1,0,,0.011827956989247311,,0.026129943502824857,0.0,0.0,0.0,1.0,0.0,0.0
prediction_loss_decoupling,offroute20,offroute20,10,batch_episode_retrain,Batch episode,1,31,15,2,22,20,1.0,,1,32,0,32,0,0,1,,0.01129032258064516,,0.01730225988700565,1.0,1.0,0.0,1.0,0.045454545454545456,0.0
prediction_loss_decoupling,offroute20,offroute20,10,batch_episode_retrain,Batch episode,2,31,15,2,22,20,1.0,,1,32,0,32,0,0,1,,0.01129032258064516,,0.01730225988700565,1.0,1.0,0.0,1.0,0.045454545454545456,0.0
prediction_loss_decoupling,offroute20,offroute20,10,batch_episode_retrain,Batch episode,3,31,15,2,22,20,1.0,,1,32,0,32,0,0,1,,0.01129032258064516,,0.01730225988700565,1.0,1.0,0.0,1.0,0.045454545454545456,0.0
prediction_loss_decoupling,offroute20,offroute20,10,batch_episode_retrain,Batch episode,4,31,15,2,22,20,1.0,,1,32,0,32,0,0,1,,0.01129032258064516,,0.01730225988700565,1.0,1.0,0.0,1.0,0.045454545454545456,0.0
prediction_loss_decoupling,offroute20,offroute20,10,threshold_8,Threshold 8,0,31,15,2,22,20,1.0,,1,40,8,40,0,0,1,,0.01129032258064516,,0.01730225988700565,1.0,1.0,0.0,1.0,0.045454545454545456,0.0
prediction_loss_decoupling,offroute20,offroute20,10,threshold_8,Threshold 8,1,31,15,2,22,20,1.0,,1,32,0,32,0,0,1,,0.01129032258064516,,0.01730225988700565,1.0,1.0,0.0,1.0,0.045454545454545456,0.0
prediction_loss_decoupling,offroute20,offroute20,10,threshold_8,Threshold 8,2,31,15,2,22,20,1.0,,1,32,0,32,0,0,1,,0.01129032258064516,,0.01730225988700565,1.0,1.0,0.0,1.0,0.045454545454545456,0.0
prediction_loss_decoupling,offroute20,offroute20,10,threshold_8,Threshold 8,3,31,15,2,22,20,1.0,,1,32,0,32,0,0,1,,0.01129032258064516,,0.01730225988700565,1.0,1.0,0.0,1.0,0.045454545454545456,0.0
prediction_loss_decoupling,offroute20,offroute20,10,threshold_8,Threshold 8,4,31,15,2,22,20,1.0,,1,32,0,32,0,0,1,,0.01129032258064516,,0.01730225988700565,1.0,1.0,0.0,1.0,0.045454545454545456,0.0
prediction_loss_decoupling,offroute20,offroute20,10,uncertainty_cost_avoidance,Cost avoidance,0,31,15,2,22,20,1.0,,1,33,1,33,0,0,1,,0.011827956989247311,,0.026129943502824857,0.0,0.0,0.0,1.0,0.0,0.0
prediction_loss_decoupling,offroute20,offroute20,10,uncertainty_cost_avoidance,Cost avoidance,1,31,15,2,22,20,1.0,,1,32,0,32,0,0,1,,0.011827956989247311,,0.026129943502824857,0.0,0.0,0.0,1.0,0.0,0.0
prediction_loss_decoupling,offroute20,offroute20,10,uncertainty_cost_avoidance,Cost avoidance,2,31,15,2,22,20,1.0,,1,32,0,32,0,0,1,,0.011827956989247311,,0.026129943502824857,0.0,0.0,0.0,1.0,0.0,0.0
prediction_loss_decoupling,offroute20,offroute20,10,uncertainty_cost_avoidance,Cost avoidance,3,31,15,2,22,20,1.0,,1,32,0,32,0,0,1,,0.011827956989247311,,0.026129943502824857,0.0,0.0,0.0,1.0,0.0,0.0
prediction_loss_decoupling,offroute20,offroute20,10,uncertainty_cost_avoidance,Cost avoidance,4,31,15,2,22,20,1.0,,1,32,0,32,0,0,1,,0.011827956989247311,,0.026129943502824857,0.0,0.0,0.0,1.0,0.0,0.0
prediction_loss_decoupling,offroute20,offroute20,10,ccra_exact_guard,CCRA exact,0,31,15,2,22,20,1.0,,1,33,1,33,0,0,1,,0.01129032258064516,,0.01730225988700565,1.0,1.0,0.0,1.0,0.045454545454545456,0.0
prediction_loss_decoupling,offroute20,offroute20,10,ccra_exact_guard,CCRA exact,1,31,15,2,22,20,1.0,,1,32,0,32,0,0,1,,0.01129032258064516,,0.01730225988700565,1.0,1.0,0.0,1.0,0.045454545454545456,0.0
prediction_loss_decoupling,offroute20,offroute20,10,ccra_exact_guard,CCRA exact,2,31,15,2,22,20,1.0,,1,32,0,32,0,0,1,,0.01129032258064516,,0.01730225988700565,1.0,1.0,0.0,1.0,0.045454545454545456,0.0
prediction_loss_decoupling,offroute20,offroute20,10,ccra_exact_guard,CCRA exact,3,31,15,2,22,20,1.0,,1,32,0,32,0,0,1,,0.01129032258064516,,0.01730225988700565,1.0,1.0,0.0,1.0,0.045454545454545456,0.0
prediction_loss_decoupling,offroute20,offroute20,10,ccra_exact_guard,CCRA exact,4,31,15,2,22,20,1.0,,1,32,0,32,0,0,1,,0.01129032258064516,,0.01730225988700565,1.0,1.0,0.0,1.0,0.045454545454545456,0.0
prediction_loss_decoupling,offroute20,offroute20,10,ccra_row_guard,CCRA row,0,31,15,2,22,20,1.0,,1,33,1,33,0,0,1,,0.025806451612903226,,0.2556497175141243,30.0,2.0,28.0,0.06666666666666667,0.09090909090909091,0.9333333333333333
prediction_loss_decoupling,offroute20,offroute20,10,ccra_row_guard,CCRA row,1,31,15,2,22,20,1.0,,1,35,1,35,0,0,2,,0.04086021505376344,,0.3050847457627119,60.0,3.0,57.0,0.05,0.13636363636363635,0.95
prediction_loss_decoupling,offroute20,offroute20,10,ccra_row_guard,CCRA row,2,31,15,2,22,20,1.0,,1,32,0,32,0,0,2,,0.04086021505376344,,0.3050847457627119,60.0,3.0,57.0,0.05,0.13636363636363635,0.95
prediction_loss_decoupling,offroute20,offroute20,10,ccra_row_guard,CCRA row,3,31,15,2,22,20,1.0,,1,32,0,32,0,0,2,,0.04086021505376344,,0.3050847457627119,60.0,3.0,57.0,0.05,0.13636363636363635,0.95
prediction_loss_decoupling,offroute20,offroute20,10,ccra_row_guard,CCRA row,4,31,15,2,22,20,1.0,,1,32,0,32,0,0,2,,0.04086021505376344,,0.3050847457627119,60.0,3.0,57.0,0.05,0.13636363636363635,0.95
prediction_loss_decoupling,offroute20,offroute20,10,global_action_repair,Global action,0,31,15,2,22,20,1.0,,0,9,3,10,0,0,1,,0.23010752688172043,,0.4717514124293785,450.0,22.0,428.0,0.04888888888888889,1.0,0.9511111111111111
prediction_loss_decoupling,offroute20,offroute20,10,global_action_repair,Global action,1,31,15,2,22,20,1.0,,0,0,0,1,0,0,1,,0.23010752688172043,,0.4717514124293785,450.0,22.0,428.0,0.04888888888888889,1.0,0.9511111111111111
prediction_loss_decoupling,offroute20,offroute20,10,global_action_repair,Global action,2,31,15,2,22,20,1.0,,0,0,0,1,0,0,1,,0.23010752688172043,,0.4717514124293785,450.0,22.0,428.0,0.04888888888888889,1.0,0.9511111111111111
prediction_loss_decoupling,offroute20,offroute20,10,global_action_repair,Global action,3,31,15,2,22,20,1.0,,0,0,0,1,0,0,1,,0.23010752688172043,,0.4717514124293785,450.0,22.0,428.0,0.04888888888888889,1.0,0.9511111111111111
prediction_loss_decoupling,offroute20,offroute20,10,global_action_repair,Global action,4,31,15,2,22,20,1.0,,0,0,0,1,0,0,1,,0.23010752688172043,,0.4717514124293785,450.0,22.0,428.0,0.04888888888888889,1.0,0.9511111111111111
prediction_loss_decoupling,offroute20,offroute20,10,oracle_fault_model,Oracle,0,31,15,2,22,20,1.0,,1,32,0,32,0,0,0,,0.0,,0.0,22.0,22.0,0.0,1.0,1.0,0.0
prediction_loss_decoupling,offroute20,offroute20,10,oracle_fault_model,Oracle,1,31,15,2,22,20,1.0,,1,32,0,32,0,0,0,,0.0,,0.0,22.0,22.0,0.0,1.0,1.0,0.0
prediction_loss_decoupling,offroute20,offroute20,10,oracle_fault_model,Oracle,2,31,15,2,22,20,1.0,,1,32,0,32,0,0,0,,0.0,,0.0,22.0,22.0,0.0,1.0,1.0,0.0
prediction_loss_decoupling,offroute20,offroute20,10,oracle_fault_model,Oracle,3,31,15,2,22,20,1.0,,1,32,0,32,0,0,0,,0.0,,0.0,22.0,22.0,0.0,1.0,1.0,0.0
prediction_loss_decoupling,offroute20,offroute20,10,oracle_fault_model,Oracle,4,31,15,2,22,20,1.0,,1,32,0,32,0,0,0,,0.0,,0.0,22.0,22.0,0.0,1.0,1.0,0.0
prediction_loss_decoupling,offroute20,offroute20,11,nominal_no_repair,Nominal,0,31,15,2,22,20,1.0,,0,180,177,4,0,1,0,,0.011827956989247311,,0.024717514124293787,0.0,0.0,0.0,1.0,0.0,0.0
prediction_loss_decoupling,offroute20,offroute20,11,nominal_no_repair,Nominal,1,31,15,2,22,20,1.0,,0,180,177,4,0,1,0,,0.011827956989247311,,0.024717514124293787,0.0,0.0,0.0,1.0,0.0,0.0
prediction_loss_decoupling,offroute20,offroute20,11,nominal_no_repair,Nominal,2,31,15,2,22,20,1.0,,0,180,177,4,0,1,0,,0.011827956989247311,,0.024717514124293787,0.0,0.0,0.0,1.0,0.0,0.0
prediction_loss_decoupling,offroute20,offroute20,11,nominal_no_repair,Nominal,3,31,15,2,22,20,1.0,,0,180,177,4,0,1,0,,0.011827956989247311,,0.024717514124293787,0.0,0.0,0.0,1.0,0.0,0.0
prediction_loss_decoupling,offroute20,offroute20,11,nominal_no_repair,Nominal,4,31,15,2,22,20,1.0,,0,180,177,4,0,1,0,,0.011827956989247311,,0.024717514124293787,0.0,0.0,0.0,1.0,0.0,0.0
prediction_loss_decoupling,offroute20,offroute20,11,shield_only,Shield only,0,31,15,2,22,20,1.0,,0,180,177,5,1,1,1,,0.011827956989247311,,0.024717514124293787,0.0,0.0,0.0,1.0,0.0,0.0
prediction_loss_decoupling,offroute20,offroute20,11,shield_only,Shield only,1,31,15,2,22,20,1.0,,0,180,177,4,1,1,1,,0.011827956989247311,,0.024717514124293787,0.0,0.0,0.0,1.0,0.0,0.0
prediction_loss_decoupling,offroute20,offroute20,11,shield_only,Shield only,2,31,15,2,22,20,1.0,,0,180,177,4,1,1,1,,0.011827956989247311,,0.024717514124293787,0.0,0.0,0.0,1.0,0.0,0.0
prediction_loss_decoupling,offroute20,offroute20,11,shield_only,Shield only,3,31,15,2,22,20,1.0,,0,180,177,4,1,1,1,,0.011827956989247311,,0.024717514124293787,0.0,0.0,0.0,1.0,0.0,0.0
prediction_loss_decoupling,offroute20,offroute20,11,shield_only,Shield only,4,31,15,2,22,20,1.0,,0,180,177,4,1,1,1,,0.011827956989247311,,0.024717514124293787,0.0,0.0,0.0,1.0,0.0,0.0
prediction_loss_decoupling,offroute20,offroute20,11,batch_episode_retrain,Batch episode,0,31,15,2,22,20,1.0,,0,180,177,4,0,1,0,,0.011827956989247311,,0.024717514124293787,0.0,0.0,0.0,1.0,0.0,0.0
prediction_loss_decoupling,offroute20,offroute20,11,batch_episode_retrain,Batch episode,1,31,15,2,22,20,1.0,,1,32,0,32,0,0,1,,0.01129032258064516,,0.015889830508474576,1.0,1.0,0.0,1.0,0.045454545454545456,0.0
prediction_loss_decoupling,offroute20,offroute20,11,batch_episode_retrain,Batch episode,2,31,15,2,22,20,1.0,,1,32,0,32,0,0,1,,0.01129032258064516,,0.015889830508474576,1.0,1.0,0.0,1.0,0.045454545454545456,0.0
prediction_loss_decoupling,offroute20,offroute20,11,batch_episode_retrain,Batch episode,3,31,15,2,22,20,1.0,,1,32,0,32,0,0,1,,0.01129032258064516,,0.015889830508474576,1.0,1.0,0.0,1.0,0.045454545454545456,0.0
prediction_loss_decoupling,offroute20,offroute20,11,batch_episode_retrain,Batch episode,4,31,15,2,22,20,1.0,,1,32,0,32,0,0,1,,0.01129032258064516,,0.015889830508474576,1.0,1.0,0.0,1.0,0.045454545454545456,0.0
prediction_loss_decoupling,offroute20,offroute20,11,threshold_8,Threshold 8,0,31,15,2,22,20,1.0,,1,40,8,40,0,0,1,,0.01129032258064516,,0.015889830508474576,1.0,1.0,0.0,1.0,0.045454545454545456,0.0
prediction_loss_decoupling,offroute20,offroute20,11,threshold_8,Threshold 8,1,31,15,2,22,20,1.0,,1,32,0,32,0,0,1,,0.01129032258064516,,0.015889830508474576,1.0,1.0,0.0,1.0,0.045454545454545456,0.0
prediction_loss_decoupling,offroute20,offroute20,11,threshold_8,Threshold 8,2,31,15,2,22,20,1.0,,1,32,0,32,0,0,1,,0.01129032258064516,,0.015889830508474576,1.0,1.0,0.0,1.0,0.045454545454545456,0.0
prediction_loss_decoupling,offroute20,offroute20,11,threshold_8,Threshold 8,3,31,15,2,22,20,1.0,,1,32,0,32,0,0,1,,0.01129032258064516,,0.015889830508474576,1.0,1.0,0.0,1.0,0.045454545454545456,0.0
prediction_loss_decoupling,offroute20,offroute20,11,threshold_8,Threshold 8,4,31,15,2,22,20,1.0,,1,32,0,32,0,0,1,,0.01129032258064516,,0.015889830508474576,1.0,1.0,0.0,1.0,0.045454545454545456,0.0
prediction_loss_decoupling,offroute20,offroute20,11,uncertainty_cost_avoidance,Cost avoidance,0,31,15,2,22,20,1.0,,1,33,1,33,0,0,1,,0.011827956989247311,,0.024717514124293787,0.0,0.0,0.0,1.0,0.0,0.0
prediction_loss_decoupling,offroute20,offroute20,11,uncertainty_cost_avoidance,Cost avoidance,1,31,15,2,22,20,1.0,,1,32,0,32,0,0,1,,0.011827956989247311,,0.024717514124293787,0.0,0.0,0.0,1.0,0.0,0.0
prediction_loss_decoupling,offroute20,offroute20,11,uncertainty_cost_avoidance,Cost avoidance,2,31,15,2,22,20,1.0,,1,32,0,32,0,0,1,,0.011827956989247311,,0.024717514124293787,0.0,0.0,0.0,1.0,0.0,0.0
prediction_loss_decoupling,offroute20,offroute20,11,uncertainty_cost_avoidance,Cost avoidance,3,31,15,2,22,20,1.0,,1,32,0,32,0,0,1,,0.011827956989247311,,0.024717514124293787,0.0,0.0,0.0,1.0,0.0,0.0
prediction_loss_decoupling,offroute20,offroute20,11,uncertainty_cost_avoidance,Cost avoidance,4,31,15,2,22,20,1.0,,1,32,0,32,0,0,1,,0.011827956989247311,,0.024717514124293787,0.0,0.0,0.0,1.0,0.0,0.0
prediction_loss_decoupling,offroute20,offroute20,11,ccra_exact_guard,CCRA exact,0,31,15,2,22,20,1.0,,1,33,1,33,0,0,1,,0.01129032258064516,,0.015889830508474576,1.0,1.0,0.0,1.0,0.045454545454545456,0.0
prediction_loss_decoupling,offroute20,offroute20,11,ccra_exact_guard,CCRA exact,1,31,15,2,22,20,1.0,,1,32,0,32,0,0,1,,0.01129032258064516,,0.015889830508474576,1.0,1.0,0.0,1.0,0.045454545454545456,0.0
prediction_loss_decoupling,offroute20,offroute20,11,ccra_exact_guard,CCRA exact,2,31,15,2,22,20,1.0,,1,32,0,32,0,0,1,,0.01129032258064516,,0.015889830508474576,1.0,1.0,0.0,1.0,0.045454545454545456,0.0
prediction_loss_decoupling,offroute20,offroute20,11,ccra_exact_guard,CCRA exact,3,31,15,2,22,20,1.0,,1,32,0,32,0,0,1,,0.01129032258064516,,0.015889830508474576,1.0,1.0,0.0,1.0,0.045454545454545456,0.0
prediction_loss_decoupling,offroute20,offroute20,11,ccra_exact_guard,CCRA exact,4,31,15,2,22,20,1.0,,1,32,0,32,0,0,1,,0.01129032258064516,,0.015889830508474576,1.0,1.0,0.0,1.0,0.045454545454545456,0.0
prediction_loss_decoupling,offroute20,offroute20,11,ccra_row_guard,CCRA row,0,31,15,2,22,20,1.0,,1,33,1,33,0,0,1,,0.025806451612903226,,0.2542372881355932,30.0,2.0,28.0,0.06666666666666667,0.09090909090909091,0.9333333333333333
prediction_loss_decoupling,offroute20,offroute20,11,ccra_row_guard,CCRA row,1,31,15,2,22,20,1.0,,1,32,0,32,0,0,1,,0.025806451612903226,,0.2542372881355932,30.0,2.0,28.0,0.06666666666666667,0.09090909090909091,0.9333333333333333
prediction_loss_decoupling,offroute20,offroute20,11,ccra_row_guard,CCRA row,2,31,15,2,22,20,1.0,,1,32,0,32,0,0,1,,0.025806451612903226,,0.2542372881355932,30.0,2.0,28.0,0.06666666666666667,0.09090909090909091,0.9333333333333333
prediction_loss_decoupling,offroute20,offroute20,11,ccra_row_guard,CCRA row,3,31,15,2,22,20,1.0,,1,32,0,32,0,0,1,,0.025806451612903226,,0.2542372881355932,30.0,2.0,28.0,0.06666666666666667,0.09090909090909091,0.9333333333333333
prediction_loss_decoupling,offroute20,offroute20,11,ccra_row_guard,CCRA row,4,31,15,2,22,20,1.0,,1,32,0,32,0,0,1,,0.025806451612903226,,0.2542372881355932,30.0,2.0,28.0,0.06666666666666667,0.09090909090909091,0.9333333333333333
prediction_loss_decoupling,offroute20,offroute20,11,global_action_repair,Global action,0,31,15,2,22,20,1.0,,0,6,3,7,0,0,1,,0.23010752688172043,,0.4731638418079096,450.0,22.0,428.0,0.04888888888888889,1.0,0.9511111111111111
prediction_loss_decoupling,offroute20,offroute20,11,global_action_repair,Global action,1,31,15,2,22,20,1.0,,0,0,0,1,0,0,1,,0.23010752688172043,,0.4731638418079096,450.0,22.0,428.0,0.04888888888888889,1.0,0.9511111111111111
prediction_loss_decoupling,offroute20,offroute20,11,global_action_repair,Global action,2,31,15,2,22,20,1.0,,0,0,0,1,0,0,1,,0.23010752688172043,,0.4731638418079096,450.0,22.0,428.0,0.04888888888888889,1.0,0.9511111111111111
prediction_loss_decoupling,offroute20,offroute20,11,global_action_repair,Global action,3,31,15,2,22,20,1.0,,0,0,0,1,0,0,1,,0.23010752688172043,,0.4731638418079096,450.0,22.0,428.0,0.04888888888888889,1.0,0.9511111111111111
prediction_loss_decoupling,offroute20,offroute20,11,global_action_repair,Global action,4,31,15,2,22,20,1.0,,0,0,0,1,0,0,1,,0.23010752688172043,,0.4731638418079096,450.0,22.0,428.0,0.04888888888888889,1.0,0.9511111111111111
prediction_loss_decoupling,offroute20,offroute20,11,oracle_fault_model,Oracle,0,31,15,2,22,20,1.0,,1,32,0,32,0,0,0,,0.0,,0.0,22.0,22.0,0.0,1.0,1.0,0.0
prediction_loss_decoupling,offroute20,offroute20,11,oracle_fault_model,Oracle,1,31,15,2,22,20,1.0,,1,32,0,32,0,0,0,,0.0,,0.0,22.0,22.0,0.0,1.0,1.0,0.0
prediction_loss_decoupling,offroute20,offroute20,11,oracle_fault_model,Oracle,2,31,15,2,22,20,1.0,,1,32,0,32,0,0,0,,0.0,,0.0,22.0,22.0,0.0,1.0,1.0,0.0
prediction_loss_decoupling,offroute20,offroute20,11,oracle_fault_model,Oracle,3,31,15,2,22,20,1.0,,1,32,0,32,0,0,0,,0.0,,0.0,22.0,22.0,0.0,1.0,1.0,0.0
prediction_loss_decoupling,offroute20,offroute20,11,oracle_fault_model,Oracle,4,31,15,2,22,20,1.0,,1,32,0,32,0,0,0,,0.0,,0.0,22.0,22.0,0.0,1.0,1.0,0.0
prediction_loss_decoupling,offroute20,offroute20,12,nominal_no_repair,Nominal,0,31,15,2,22,20,1.0,,0,180,178,3,0,1,0,,0.011827956989247311,,0.02754237288135593,0.0,0.0,0.0,1.0,0.0,0.0
prediction_loss_decoupling,offroute20,offroute20,12,nominal_no_repair,Nominal,1,31,15,2,22,20,1.0,,0,180,178,3,0,1,0,,0.011827956989247311,,0.02754237288135593,0.0,0.0,0.0,1.0,0.0,0.0
prediction_loss_decoupling,offroute20,offroute20,12,nominal_no_repair,Nominal,2,31,15,2,22,20,1.0,,0,180,178,3,0,1,0,,0.011827956989247311,,0.02754237288135593,0.0,0.0,0.0,1.0,0.0,0.0
prediction_loss_decoupling,offroute20,offroute20,12,nominal_no_repair,Nominal,3,31,15,2,22,20,1.0,,0,180,178,3,0,1,0,,0.011827956989247311,,0.02754237288135593,0.0,0.0,0.0,1.0,0.0,0.0
prediction_loss_decoupling,offroute20,offroute20,12,nominal_no_repair,Nominal,4,31,15,2,22,20,1.0,,0,180,178,3,0,1,0,,0.011827956989247311,,0.02754237288135593,0.0,0.0,0.0,1.0,0.0,0.0
prediction_loss_decoupling,offroute20,offroute20,12,shield_only,Shield only,0,31,15,2,22,20,1.0,,0,180,178,4,1,1,1,,0.011827956989247311,,0.02754237288135593,0.0,0.0,0.0,1.0,0.0,0.0
prediction_loss_decoupling,offroute20,offroute20,12,shield_only,Shield only,1,31,15,2,22,20,1.0,,0,180,178,3,1,1,1,,0.011827956989247311,,0.02754237288135593,0.0,0.0,0.0,1.0,0.0,0.0
prediction_loss_decoupling,offroute20,offroute20,12,shield_only,Shield only,2,31,15,2,22,20,1.0,,0,180,178,3,1,1,1,,0.011827956989247311,,0.02754237288135593,0.0,0.0,0.0,1.0,0.0,0.0
prediction_loss_decoupling,offroute20,offroute20,12,shield_only,Shield only,3,31,15,2,22,20,1.0,,0,180,178,3,1,1,1,,0.011827956989247311,,0.02754237288135593,0.0,0.0,0.0,1.0,0.0,0.0
prediction_loss_decoupling,offroute20,offroute20,12,shield_only,Shield only,4,31,15,2,22,20,1.0,,0,180,178,3,1,1,1,,0.011827956989247311,,0.02754237288135593,0.0,0.0,0.0,1.0,0.0,0.0
prediction_loss_decoupling,offroute20,offroute20,12,batch_episode_retrain,Batch episode,0,31,15,2,22,20,1.0,,0,180,178,3,0,1,0,,0.011827956989247311,,0.02754237288135593,0.0,0.0,0.0,1.0,0.0,0.0
prediction_loss_decoupling,offroute20,offroute20,12,batch_episode_retrain,Batch episode,1,31,15,2,22,20,1.0,,0,180,170,11,0,1,1,,0.01129032258064516,,0.018714689265536724,1.0,1.0,0.0,1.0,0.045454545454545456,0.0
prediction_loss_decoupling,offroute20,offroute20,12,batch_episode_retrain,Batch episode,2,31,15,2,22,20,1.0,,0,180,152,29,0,1,2,,0.010752688172043012,,0.01694915254237288,2.0,2.0,0.0,1.0,0.09090909090909091,0.0
prediction_loss_decoupling,offroute20,offroute20,12,batch_episode_retrain,Batch episode,3,31,15,2,22,20,1.0,,1,32,0,32,0,0,3,,0.01021505376344086,,0.008121468926553672,3.0,3.0,0.0,1.0,0.13636363636363635,0.0
prediction_loss_decoupling,offroute20,offroute20,12,batch_episode_retrain,Batch episode,4,31,15,2,22,20,1.0,,1,32,0,32,0,0,3,,0.01021505376344086,,0.008121468926553672,3.0,3.0,0.0,1.0,0.13636363636363635,0.0
prediction_loss_decoupling,offroute20,offroute20,12,threshold_8,Threshold 8,0,31,15,2,22,20,1.0,,1,58,24,58,0,0,3,,0.01021505376344086,,0.008121468926553672,3.0,3.0,0.0,1.0,0.13636363636363635,0.0
prediction_loss_decoupling,offroute20,offroute20,12,threshold_8,Threshold 8,1,31,15,2,22,20,1.0,,1,32,0,32,0,0,3,,0.01021505376344086,,0.008121468926553672,3.0,3.0,0.0,1.0,0.13636363636363635,0.0
prediction_loss_decoupling,offroute20,offroute20,12,threshold_8,Threshold 8,2,31,15,2,22,20,1.0,,1,32,0,32,0,0,3,,0.01021505376344086,,0.008121468926553672,3.0,3.0,0.0,1.0,0.13636363636363635,0.0
prediction_loss_decoupling,offroute20,offroute20,12,threshold_8,Threshold 8,3,31,15,2,22,20,1.0,,1,32,0,32,0,0,3,,0.01021505376344086,,0.008121468926553672,3.0,3.0,0.0,1.0,0.13636363636363635,0.0
prediction_loss_decoupling,offroute20,offroute20,12,threshold_8,Threshold 8,4,31,15,2,22,20,1.0,,1,32,0,32,0,0,3,,0.01021505376344086,,0.008121468926553672,3.0,3.0,0.0,1.0,0.13636363636363635,0.0
prediction_loss_decoupling,offroute20,offroute20,12,uncertainty_cost_avoidance,Cost avoidance,0,31,15,2,22,20,1.0,,1,37,3,37,0,0,3,,0.011827956989247311,,0.02754237288135593,0.0,0.0,0.0,1.0,0.0,0.0
prediction_loss_decoupling,offroute20,offroute20,12,uncertainty_cost_avoidance,Cost avoidance,1,31,15,2,22,20,1.0,,1,32,0,32,0,0,3,,0.011827956989247311,,0.02754237288135593,0.0,0.0,0.0,1.0,0.0,0.0
prediction_loss_decoupling,offroute20,offroute20,12,uncertainty_cost_avoidance,Cost avoidance,2,31,15,2,22,20,1.0,,1,32,0,32,0,0,3,,0.011827956989247311,,0.02754237288135593,0.0,0.0,0.0,1.0,0.0,0.0
prediction_loss_decoupling,offroute20,offroute20,12,uncertainty_cost_avoidance,Cost avoidance,3,31,15,2,22,20,1.0,,1,32,0,32,0,0,3,,0.011827956989247311,,0.02754237288135593,0.0,0.0,0.0,1.0,0.0,0.0
prediction_loss_decoupling,offroute20,offroute20,12,uncertainty_cost_avoidance,Cost avoidance,4,31,15,2,22,20,1.0,,1,32,0,32,0,0,3,,0.011827956989247311,,0.02754237288135593,0.0,0.0,0.0,1.0,0.0,0.0
prediction_loss_decoupling,offroute20,offroute20,12,ccra_exact_guard,CCRA exact,0,31,15,2,22,20,1.0,,1,37,3,37,0,0,3,,0.01021505376344086,,0.008121468926553672,3.0,3.0,0.0,1.0,0.13636363636363635,0.0
prediction_loss_decoupling,offroute20,offroute20,12,ccra_exact_guard,CCRA exact,1,31,15,2,22,20,1.0,,1,32,0,32,0,0,3,,0.01021505376344086,,0.008121468926553672,3.0,3.0,0.0,1.0,0.13636363636363635,0.0
prediction_loss_decoupling,offroute20,offroute20,12,ccra_exact_guard,CCRA exact,2,31,15,2,22,20,1.0,,1,32,0,32,0,0,3,,0.01021505376344086,,0.008121468926553672,3.0,3.0,0.0,1.0,0.13636363636363635,0.0
prediction_loss_decoupling,offroute20,offroute20,12,ccra_exact_guard,CCRA exact,3,31,15,2,22,20,1.0,,1,32,0,32,0,0,3,,0.01021505376344086,,0.008121468926553672,3.0,3.0,0.0,1.0,0.13636363636363635,0.0
prediction_loss_decoupling,offroute20,offroute20,12,ccra_exact_guard,CCRA exact,4,31,15,2,22,20,1.0,,1,32,0,32,0,0,3,,0.01021505376344086,,0.008121468926553672,3.0,3.0,0.0,1.0,0.13636363636363635,0.0
prediction_loss_decoupling,offroute20,offroute20,12,ccra_row_guard,CCRA row,0,31,15,2,22,20,1.0,,1,36,2,36,0,0,2,,0.03978494623655914,,0.3029661016949153,60.0,4.0,56.0,0.06666666666666667,0.18181818181818182,0.9333333333333333
prediction_loss_decoupling,offroute20,offroute20,12,ccra_row_guard,CCRA row,1,31,15,2,22,20,1.0,,1,32,0,32,0,0,2,,0.03978494623655914,,0.3029661016949153,60.0,4.0,56.0,0.06666666666666667,0.18181818181818182,0.9333333333333333
prediction_loss_decoupling,offroute20,offroute20,12,ccra_row_guard,CCRA row,2,31,15,2,22,20,1.0,,1,32,0,32,0,0,2,,0.03978494623655914,,0.3029661016949153,60.0,4.0,56.0,0.06666666666666667,0.18181818181818182,0.9333333333333333
prediction_loss_decoupling,offroute20,offroute20,12,ccra_row_guard,CCRA row,3,31,15,2,22,20,1.0,,1,32,0,32,0,0,2,,0.03978494623655914,,0.3029661016949153,60.0,4.0,56.0,0.06666666666666667,0.18181818181818182,0.9333333333333333
prediction_loss_decoupling,offroute20,offroute20,12,ccra_row_guard,CCRA row,4,31,15,2,22,20,1.0,,1,32,0,32,0,0,2,,0.03978494623655914,,0.3029661016949153,60.0,4.0,56.0,0.06666666666666667,0.18181818181818182,0.9333333333333333
prediction_loss_decoupling,offroute20,offroute20,12,global_action_repair,Global action,0,31,15,2,22,20,1.0,,0,5,3,6,0,0,1,,0.23010752688172043,,0.4703389830508475,450.0,22.0,428.0,0.04888888888888889,1.0,0.9511111111111111
prediction_loss_decoupling,offroute20,offroute20,12,global_action_repair,Global action,1,31,15,2,22,20,1.0,,0,0,0,1,0,0,1,,0.23010752688172043,,0.4703389830508475,450.0,22.0,428.0,0.04888888888888889,1.0,0.9511111111111111
prediction_loss_decoupling,offroute20,offroute20,12,global_action_repair,Global action,2,31,15,2,22,20,1.0,,0,0,0,1,0,0,1,,0.23010752688172043,,0.4703389830508475,450.0,22.0,428.0,0.04888888888888889,1.0,0.9511111111111111
prediction_loss_decoupling,offroute20,offroute20,12,global_action_repair,Global action,3,31,15,2,22,20,1.0,,0,0,0,1,0,0,1,,0.23010752688172043,,0.4703389830508475,450.0,22.0,428.0,0.04888888888888889,1.0,0.9511111111111111
prediction_loss_decoupling,offroute20,offroute20,12,global_action_repair,Global action,4,31,15,2,22,20,1.0,,0,0,0,1,0,0,1,,0.23010752688172043,,0.4703389830508475,450.0,22.0,428.0,0.04888888888888889,1.0,0.9511111111111111
prediction_loss_decoupling,offroute20,offroute20,12,oracle_fault_model,Oracle,0,31,15,2,22,20,1.0,,1,32,0,32,0,0,0,,0.0,,0.0,22.0,22.0,0.0,1.0,1.0,0.0
prediction_loss_decoupling,offroute20,offroute20,12,oracle_fault_model,Oracle,1,31,15,2,22,20,1.0,,1,32,0,32,0,0,0,,0.0,,0.0,22.0,22.0,0.0,1.0,1.0,0.0
prediction_loss_decoupling,offroute20,offroute20,12,oracle_fault_model,Oracle,2,31,15,2,22,20,1.0,,1,32,0,32,0,0,0,,0.0,,0.0,22.0,22.0,0.0,1.0,1.0,0.0
prediction_loss_decoupling,offroute20,offroute20,12,oracle_fault_model,Oracle,3,31,15,2,22,20,1.0,,1,32,0,32,0,0,0,,0.0,,0.0,22.0,22.0,0.0,1.0,1.0,0.0
prediction_loss_decoupling,offroute20,offroute20,12,oracle_fault_model,Oracle,4,31,15,2,22,20,1.0,,1,32,0,32,0,0,0,,0.0,,0.0,22.0,22.0,0.0,1.0,1.0,0.0
prediction_loss_decoupling,offroute20,offroute20,13,nominal_no_repair,Nominal,0,31,15,2,22,20,1.0,,0,180,176,5,0,1,0,,0.011827956989247311,,0.028954802259887006,0.0,0.0,0.0,1.0,0.0,0.0
prediction_loss_decoupling,offroute20,offroute20,13,nominal_no_repair,Nominal,1,31,15,2,22,20,1.0,,0,180,176,5,0,1,0,,0.011827956989247311,,0.028954802259887006,0.0,0.0,0.0,1.0,0.0,0.0
prediction_loss_decoupling,offroute20,offroute20,13,nominal_no_repair,Nominal,2,31,15,2,22,20,1.0,,0,180,176,5,0,1,0,,0.011827956989247311,,0.028954802259887006,0.0,0.0,0.0,1.0,0.0,0.0
prediction_loss_decoupling,offroute20,offroute20,13,nominal_no_repair,Nominal,3,31,15,2,22,20,1.0,,0,180,176,5,0,1,0,,0.011827956989247311,,0.028954802259887006,0.0,0.0,0.0,1.0,0.0,0.0
prediction_loss_decoupling,offroute20,offroute20,13,nominal_no_repair,Nominal,4,31,15,2,22,20,1.0,,0,180,176,5,0,1,0,,0.011827956989247311,,0.028954802259887006,0.0,0.0,0.0,1.0,0.0,0.0
prediction_loss_decoupling,offroute20,offroute20,13,shield_only,Shield only,0,31,15,2,22,20,1.0,,0,180,176,6,1,1,1,,0.011827956989247311,,0.028954802259887006,0.0,0.0,0.0,1.0,0.0,0.0
prediction_loss_decoupling,offroute20,offroute20,13,shield_only,Shield only,1,31,15,2,22,20,1.0,,0,180,176,5,1,1,1,,0.011827956989247311,,0.028954802259887006,0.0,0.0,0.0,1.0,0.0,0.0
prediction_loss_decoupling,offroute20,offroute20,13,shield_only,Shield only,2,31,15,2,22,20,1.0,,0,180,176,5,1,1,1,,0.011827956989247311,,0.028954802259887006,0.0,0.0,0.0,1.0,0.0,0.0
prediction_loss_decoupling,offroute20,offroute20,13,shield_only,Shield only,3,31,15,2,22,20,1.0,,0,180,176,5,1,1,1,,0.011827956989247311,,0.028954802259887006,0.0,0.0,0.0,1.0,0.0,0.0
prediction_loss_decoupling,offroute20,offroute20,13,shield_only,Shield only,4,31,15,2,22,20,1.0,,0,180,176,5,1,1,1,,0.011827956989247311,,0.028954802259887006,0.0,0.0,0.0,1.0,0.0,0.0
prediction_loss_decoupling,offroute20,offroute20,13,batch_episode_retrain,Batch episode,0,31,15,2,22,20,1.0,,0,180,176,5,0,1,0,,0.011827956989247311,,0.028954802259887006,0.0,0.0,0.0,1.0,0.0,0.0
prediction_loss_decoupling,offroute20,offroute20,13,batch_episode_retrain,Batch episode,1,31,15,2,22,20,1.0,,0,180,158,23,0,1,1,,0.01129032258064516,,0.020127118644067795,1.0,1.0,0.0,1.0,0.045454545454545456,0.0
prediction_loss_decoupling,offroute20,offroute20,13,batch_episode_retrain,Batch episode,2,31,15,2,22,20,1.0,,1,32,0,32,0,0,2,,0.010752688172043012,,0.018361581920903956,2.0,2.0,0.0,1.0,0.09090909090909091,0.0
prediction_loss_decoupling,offroute20,offroute20,13,batch_episode_retrain,Batch episode,3,31,15,2,22,20,1.0,,1,32,0,32,0,0,2,,0.010752688172043012,,0.018361581920903956,2.0,2.0,0.0,1.0,0.09090909090909091,0.0
prediction_loss_decoupling,offroute20,offroute20,13,batch_episode_retrain,Batch episode,4,31,15,2,22,20,1.0,,1,32,0,32,0,0,2,,0.010752688172043012,,0.018361581920903956,2.0,2.0,0.0,1.0,0.09090909090909091,0.0
prediction_loss_decoupling,offroute20,offroute20,13,threshold_8,Threshold 8,0,31,15,2,22,20,1.0,,1,48,16,48,0,0,2,,0.010752688172043012,,0.018361581920903956,2.0,2.0,0.0,1.0,0.09090909090909091,0.0
prediction_loss_decoupling,offroute20,offroute20,13,threshold_8,Threshold 8,1,31,15,2,22,20,1.0,,1,32,0,32,0,0,2,,0.010752688172043012,,0.018361581920903956,2.0,2.0,0.0,1.0,0.09090909090909091,0.0
prediction_loss_decoupling,offroute20,offroute20,13,threshold_8,Threshold 8,2,31,15,2,22,20,1.0,,1,32,0,32,0,0,2,,0.010752688172043012,,0.018361581920903956,2.0,2.0,0.0,1.0,0.09090909090909091,0.0
prediction_loss_decoupling,offroute20,offroute20,13,threshold_8,Threshold 8,3,31,15,2,22,20,1.0,,1,32,0,32,0,0,2,,0.010752688172043012,,0.018361581920903956,2.0,2.0,0.0,1.0,0.09090909090909091,0.0
prediction_loss_decoupling,offroute20,offroute20,13,threshold_8,Threshold 8,4,31,15,2,22,20,1.0,,1,32,0,32,0,0,2,,0.010752688172043012,,0.018361581920903956,2.0,2.0,0.0,1.0,0.09090909090909091,0.0
prediction_loss_decoupling,offroute20,offroute20,13,uncertainty_cost_avoidance,Cost avoidance,0,31,15,2,22,20,1.0,,1,34,2,34,0,0,2,,0.011827956989247311,,0.028954802259887006,0.0,0.0,0.0,1.0,0.0,0.0
prediction_loss_decoupling,offroute20,offroute20,13,uncertainty_cost_avoidance,Cost avoidance,1,31,15,2,22,20,1.0,,1,32,0,32,0,0,2,,0.011827956989247311,,0.028954802259887006,0.0,0.0,0.0,1.0,0.0,0.0
prediction_loss_decoupling,offroute20,offroute20,13,uncertainty_cost_avoidance,Cost avoidance,2,31,15,2,22,20,1.0,,1,32,0,32,0,0,2,,0.011827956989247311,,0.028954802259887006,0.0,0.0,0.0,1.0,0.0,0.0
prediction_loss_decoupling,offroute20,offroute20,13,uncertainty_cost_avoidance,Cost avoidance,3,31,15,2,22,20,1.0,,1,32,0,32,0,0,2,,0.011827956989247311,,0.028954802259887006,0.0,0.0,0.0,1.0,0.0,0.0
prediction_loss_decoupling,offroute20,offroute20,13,uncertainty_cost_avoidance,Cost avoidance,4,31,15,2,22,20,1.0,,1,32,0,32,0,0,2,,0.011827956989247311,,0.028954802259887006,0.0,0.0,0.0,1.0,0.0,0.0
prediction_loss_decoupling,offroute20,offroute20,13,ccra_exact_guard,CCRA exact,0,31,15,2,22,20,1.0,,1,34,2,34,0,0,2,,0.010752688172043012,,0.018361581920903956,2.0,2.0,0.0,1.0,0.09090909090909091,0.0
prediction_loss_decoupling,offroute20,offroute20,13,ccra_exact_guard,CCRA exact,1,31,15,2,22,20,1.0,,1,32,0,32,0,0,2,,0.010752688172043012,,0.018361581920903956,2.0,2.0,0.0,1.0,0.09090909090909091,0.0
prediction_loss_decoupling,offroute20,offroute20,13,ccra_exact_guard,CCRA exact,2,31,15,2,22,20,1.0,,1,32,0,32,0,0,2,,0.010752688172043012,,0.018361581920903956,2.0,2.0,0.0,1.0,0.09090909090909091,0.0
prediction_loss_decoupling,offroute20,offroute20,13,ccra_exact_guard,CCRA exact,3,31,15,2,22,20,1.0,,1,32,0,32,0,0,2,,0.010752688172043012,,0.018361581920903956,2.0,2.0,0.0,1.0,0.09090909090909091,0.0
prediction_loss_decoupling,offroute20,offroute20,13,ccra_exact_guard,CCRA exact,4,31,15,2,22,20,1.0,,1,32,0,32,0,0,2,,0.010752688172043012,,0.018361581920903956,2.0,2.0,0.0,1.0,0.09090909090909091,0.0
prediction_loss_decoupling,offroute20,offroute20,13,ccra_row_guard,CCRA row,0,31,15,2,22,20,1.0,,1,39,3,39,0,0,3,,0.054838709677419356,,0.3538135593220339,90.0,5.0,85.0,0.05555555555555555,0.22727272727272727,0.9444444444444444
prediction_loss_decoupling,offroute20,offroute20,13,ccra_row_guard,CCRA row,1,31,15,2,22,20,1.0,,1,37,1,37,0,0,4,,0.06881720430107527,,0.3629943502824859,120.0,7.0,113.0,0.058333333333333334,0.3181818181818182,0.9416666666666667
prediction_loss_decoupling,offroute20,offroute20,13,ccra_row_guard,CCRA row,2,31,15,2,22,20,1.0,,1,40,2,40,0,0,6,,0.0989247311827957,,0.3827683615819209,180.0,9.0,171.0,0.05,0.4090909090909091,0.95
prediction_loss_decoupling,offroute20,offroute20,13,ccra_row_guard,CCRA row,3,31,15,2,22,20,1.0,,1,36,0,36,0,0,6,,0.0989247311827957,,0.3827683615819209,180.0,9.0,171.0,0.05,0.4090909090909091,0.95
prediction_loss_decoupling,offroute20,offroute20,13,ccra_row_guard,CCRA row,4,31,15,2,22,20,1.0,,1,36,0,36,0,0,6,,0.0989247311827957,,0.3827683615819209,180.0,9.0,171.0,0.05,0.4090909090909091,0.95
prediction_loss_decoupling,offroute20,offroute20,13,global_action_repair,Global action,0,31,15,2,22,20,1.0,,0,7,3,8,0,0,1,,0.23010752688172043,,0.4689265536723164,450.0,22.0,428.0,0.04888888888888889,1.0,0.9511111111111111
prediction_loss_decoupling,offroute20,offroute20,13,global_action_repair,Global action,1,31,15,2,22,20,1.0,,0,0,0,1,0,0,1,,0.23010752688172043,,0.4689265536723164,450.0,22.0,428.0,0.04888888888888889,1.0,0.9511111111111111
prediction_loss_decoupling,offroute20,offroute20,13,global_action_repair,Global action,2,31,15,2,22,20,1.0,,0,0,0,1,0,0,1,,0.23010752688172043,,0.4689265536723164,450.0,22.0,428.0,0.04888888888888889,1.0,0.9511111111111111
prediction_loss_decoupling,offroute20,offroute20,13,global_action_repair,Global action,3,31,15,2,22,20,1.0,,0,0,0,1,0,0,1,,0.23010752688172043,,0.4689265536723164,450.0,22.0,428.0,0.04888888888888889,1.0,0.9511111111111111
prediction_loss_decoupling,offroute20,offroute20,13,global_action_repair,Global action,4,31,15,2,22,20,1.0,,0,0,0,1,0,0,1,,0.23010752688172043,,0.4689265536723164,450.0,22.0,428.0,0.04888888888888889,1.0,0.9511111111111111
prediction_loss_decoupling,offroute20,offroute20,13,oracle_fault_model,Oracle,0,31,15,2,22,20,1.0,,1,32,0,32,0,0,0,,0.0,,0.0,22.0,22.0,0.0,1.0,1.0,0.0
prediction_loss_decoupling,offroute20,offroute20,13,oracle_fault_model,Oracle,1,31,15,2,22,20,1.0,,1,32,0,32,0,0,0,,0.0,,0.0,22.0,22.0,0.0,1.0,1.0,0.0
prediction_loss_decoupling,offroute20,offroute20,13,oracle_fault_model,Oracle,2,31,15,2,22,20,1.0,,1,32,0,32,0,0,0,,0.0,,0.0,22.0,22.0,0.0,1.0,1.0,0.0
prediction_loss_decoupling,offroute20,offroute20,13,oracle_fault_model,Oracle,3,31,15,2,22,20,1.0,,1,32,0,32,0,0,0,,0.0,,0.0,22.0,22.0,0.0,1.0,1.0,0.0
prediction_loss_decoupling,offroute20,offroute20,13,oracle_fault_model,Oracle,4,31,15,2,22,20,1.0,,1,32,0,32,0,0,0,,0.0,,0.0,22.0,22.0,0.0,1.0,1.0,0.0
prediction_loss_decoupling,offroute20,offroute20,14,nominal_no_repair,Nominal,0,31,15,2,22,20,1.0,,0,180,170,11,0,1,0,,0.011827956989247311,,0.02754237288135593,0.0,0.0,0.0,1.0,0.0,0.0
prediction_loss_decoupling,offroute20,offroute20,14,nominal_no_repair,Nominal,1,31,15,2,22,20,1.0,,0,180,170,11,0,1,0,,0.011827956989247311,,0.02754237288135593,0.0,0.0,0.0,1.0,0.0,0.0
prediction_loss_decoupling,offroute20,offroute20,14,nominal_no_repair,Nominal,2,31,15,2,22,20,1.0,,0,180,170,11,0,1,0,,0.011827956989247311,,0.02754237288135593,0.0,0.0,0.0,1.0,0.0,0.0
prediction_loss_decoupling,offroute20,offroute20,14,nominal_no_repair,Nominal,3,31,15,2,22,20,1.0,,0,180,170,11,0,1,0,,0.011827956989247311,,0.02754237288135593,0.0,0.0,0.0,1.0,0.0,0.0
prediction_loss_decoupling,offroute20,offroute20,14,nominal_no_repair,Nominal,4,31,15,2,22,20,1.0,,0,180,170,11,0,1,0,,0.011827956989247311,,0.02754237288135593,0.0,0.0,0.0,1.0,0.0,0.0
prediction_loss_decoupling,offroute20,offroute20,14,shield_only,Shield only,0,31,15,2,22,20,1.0,,0,180,170,12,1,1,1,,0.011827956989247311,,0.02754237288135593,0.0,0.0,0.0,1.0,0.0,0.0
prediction_loss_decoupling,offroute20,offroute20,14,shield_only,Shield only,1,31,15,2,22,20,1.0,,0,180,170,11,1,1,1,,0.011827956989247311,,0.02754237288135593,0.0,0.0,0.0,1.0,0.0,0.0
prediction_loss_decoupling,offroute20,offroute20,14,shield_only,Shield only,2,31,15,2,22,20,1.0,,0,180,170,11,1,1,1,,0.011827956989247311,,0.02754237288135593,0.0,0.0,0.0,1.0,0.0,0.0
prediction_loss_decoupling,offroute20,offroute20,14,shield_only,Shield only,3,31,15,2,22,20,1.0,,0,180,170,11,1,1,1,,0.011827956989247311,,0.02754237288135593,0.0,0.0,0.0,1.0,0.0,0.0
prediction_loss_decoupling,offroute20,offroute20,14,shield_only,Shield only,4,31,15,2,22,20,1.0,,0,180,170,11,1,1,1,,0.011827956989247311,,0.02754237288135593,0.0,0.0,0.0,1.0,0.0,0.0
prediction_loss_decoupling,offroute20,offroute20,14,batch_episode_retrain,Batch episode,0,31,15,2,22,20,1.0,,0,180,170,11,0,1,0,,0.011827956989247311,,0.02754237288135593,0.0,0.0,0.0,1.0,0.0,0.0
prediction_loss_decoupling,offroute20,offroute20,14,batch_episode_retrain,Batch episode,1,31,15,2,22,20,1.0,,1,32,0,32,0,0,1,,0.01129032258064516,,0.018714689265536724,1.0,1.0,0.0,1.0,0.045454545454545456,0.0
prediction_loss_decoupling,offroute20,offroute20,14,batch_episode_retrain,Batch episode,2,31,15,2,22,20,1.0,,1,32,0,32,0,0,1,,0.01129032258064516,,0.018714689265536724,1.0,1.0,0.0,1.0,0.045454545454545456,0.0
prediction_loss_decoupling,offroute20,offroute20,14,batch_episode_retrain,Batch episode,3,31,15,2,22,20,1.0,,1,32,0,32,0,0,1,,0.01129032258064516,,0.018714689265536724,1.0,1.0,0.0,1.0,0.045454545454545456,0.0
prediction_loss_decoupling,offroute20,offroute20,14,batch_episode_retrain,Batch episode,4,31,15,2,22,20,1.0,,1,32,0,32,0,0,1,,0.01129032258064516,,0.018714689265536724,1.0,1.0,0.0,1.0,0.045454545454545456,0.0
prediction_loss_decoupling,offroute20,offroute20,14,threshold_8,Threshold 8,0,31,15,2,22,20,1.0,,1,40,8,40,0,0,1,,0.01129032258064516,,0.018714689265536724,1.0,1.0,0.0,1.0,0.045454545454545456,0.0
prediction_loss_decoupling,offroute20,offroute20,14,threshold_8,Threshold 8,1,31,15,2,22,20,1.0,,1,32,0,32,0,0,1,,0.01129032258064516,,0.018714689265536724,1.0,1.0,0.0,1.0,0.045454545454545456,0.0
prediction_loss_decoupling,offroute20,offroute20,14,threshold_8,Threshold 8,2,31,15,2,22,20,1.0,,1,32,0,32,0,0,1,,0.01129032258064516,,0.018714689265536724,1.0,1.0,0.0,1.0,0.045454545454545456,0.0
prediction_loss_decoupling,offroute20,offroute20,14,threshold_8,Threshold 8,3,31,15,2,22,20,1.0,,1,32,0,32,0,0,1,,0.01129032258064516,,0.018714689265536724,1.0,1.0,0.0,1.0,0.045454545454545456,0.0
prediction_loss_decoupling,offroute20,offroute20,14,threshold_8,Threshold 8,4,31,15,2,22,20,1.0,,1,32,0,32,0,0,1,,0.01129032258064516,,0.018714689265536724,1.0,1.0,0.0,1.0,0.045454545454545456,0.0
prediction_loss_decoupling,offroute20,offroute20,14,uncertainty_cost_avoidance,Cost avoidance,0,31,15,2,22,20,1.0,,1,33,1,33,0,0,1,,0.011827956989247311,,0.02754237288135593,0.0,0.0,0.0,1.0,0.0,0.0
prediction_loss_decoupling,offroute20,offroute20,14,uncertainty_cost_avoidance,Cost avoidance,1,31,15,2,22,20,1.0,,1,32,0,32,0,0,1,,0.011827956989247311,,0.02754237288135593,0.0,0.0,0.0,1.0,0.0,0.0
prediction_loss_decoupling,offroute20,offroute20,14,uncertainty_cost_avoidance,Cost avoidance,2,31,15,2,22,20,1.0,,1,32,0,32,0,0,1,,0.011827956989247311,,0.02754237288135593,0.0,0.0,0.0,1.0,0.0,0.0
prediction_loss_decoupling,offroute20,offroute20,14,uncertainty_cost_avoidance,Cost avoidance,3,31,15,2,22,20,1.0,,1,32,0,32,0,0,1,,0.011827956989247311,,0.02754237288135593,0.0,0.0,0.0,1.0,0.0,0.0
prediction_loss_decoupling,offroute20,offroute20,14,uncertainty_cost_avoidance,Cost avoidance,4,31,15,2,22,20,1.0,,1,32,0,32,0,0,1,,0.011827956989247311,,0.02754237288135593,0.0,0.0,0.0,1.0,0.0,0.0
prediction_loss_decoupling,offroute20,offroute20,14,ccra_exact_guard,CCRA exact,0,31,15,2,22,20,1.0,,1,33,1,33,0,0,1,,0.01129032258064516,,0.018714689265536724,1.0,1.0,0.0,1.0,0.045454545454545456,0.0
prediction_loss_decoupling,offroute20,offroute20,14,ccra_exact_guard,CCRA exact,1,31,15,2,22,20,1.0,,1,32,0,32,0,0,1,,0.01129032258064516,,0.018714689265536724,1.0,1.0,0.0,1.0,0.045454545454545456,0.0
prediction_loss_decoupling,offroute20,offroute20,14,ccra_exact_guard,CCRA exact,2,31,15,2,22,20,1.0,,1,32,0,32,0,0,1,,0.01129032258064516,,0.018714689265536724,1.0,1.0,0.0,1.0,0.045454545454545456,0.0
prediction_loss_decoupling,offroute20,offroute20,14,ccra_exact_guard,CCRA exact,3,31,15,2,22,20,1.0,,1,32,0,32,0,0,1,,0.01129032258064516,,0.018714689265536724,1.0,1.0,0.0,1.0,0.045454545454545456,0.0
prediction_loss_decoupling,offroute20,offroute20,14,ccra_exact_guard,CCRA exact,4,31,15,2,22,20,1.0,,1,32,0,32,0,0,1,,0.01129032258064516,,0.018714689265536724,1.0,1.0,0.0,1.0,0.045454545454545456,0.0
prediction_loss_decoupling,offroute20,offroute20,14,ccra_row_guard,CCRA row,0,31,15,2,22,20,1.0,,1,33,1,33,0,0,1,,0.025806451612903226,,0.2570621468926554,30.0,2.0,28.0,0.06666666666666667,0.09090909090909091,0.9333333333333333
prediction_loss_decoupling,offroute20,offroute20,14,ccra_row_guard,CCRA row,1,31,15,2,22,20,1.0,,1,41,3,41,0,0,4,,0.06881720430107527,,0.3644067796610169,120.0,7.0,113.0,0.058333333333333334,0.3181818181818182,0.9416666666666667
prediction_loss_decoupling,offroute20,offroute20,14,ccra_row_guard,CCRA row,2,31,15,2,22,20,1.0,,1,34,0,34,0,0,4,,0.06881720430107527,,0.3644067796610169,120.0,7.0,113.0,0.058333333333333334,0.3181818181818182,0.9416666666666667
prediction_loss_decoupling,offroute20,offroute20,14,ccra_row_guard,CCRA row,3,31,15,2,22,20,1.0,,1,34,0,34,0,0,4,,0.06881720430107527,,0.3644067796610169,120.0,7.0,113.0,0.058333333333333334,0.3181818181818182,0.9416666666666667
prediction_loss_decoupling,offroute20,offroute20,14,ccra_row_guard,CCRA row,4,31,15,2,22,20,1.0,,1,34,0,34,0,0,4,,0.06881720430107527,,0.3644067796610169,120.0,7.0,113.0,0.058333333333333334,0.3181818181818182,0.9416666666666667
prediction_loss_decoupling,offroute20,offroute20,14,global_action_repair,Global action,0,31,15,2,22,20,1.0,,0,13,3,14,0,0,1,,0.23010752688172043,,0.4703389830508475,450.0,22.0,428.0,0.04888888888888889,1.0,0.9511111111111111
prediction_loss_decoupling,offroute20,offroute20,14,global_action_repair,Global action,1,31,15,2,22,20,1.0,,0,0,0,1,0,0,1,,0.23010752688172043,,0.4703389830508475,450.0,22.0,428.0,0.04888888888888889,1.0,0.9511111111111111
prediction_loss_decoupling,offroute20,offroute20,14,global_action_repair,Global action,2,31,15,2,22,20,1.0,,0,0,0,1,0,0,1,,0.23010752688172043,,0.4703389830508475,450.0,22.0,428.0,0.04888888888888889,1.0,0.9511111111111111
prediction_loss_decoupling,offroute20,offroute20,14,global_action_repair,Global action,3,31,15,2,22,20,1.0,,0,0,0,1,0,0,1,,0.23010752688172043,,0.4703389830508475,450.0,22.0,428.0,0.04888888888888889,1.0,0.9511111111111111
prediction_loss_decoupling,offroute20,offroute20,14,global_action_repair,Global action,4,31,15,2,22,20,1.0,,0,0,0,1,0,0,1,,0.23010752688172043,,0.4703389830508475,450.0,22.0,428.0,0.04888888888888889,1.0,0.9511111111111111
prediction_loss_decoupling,offroute20,offroute20,14,oracle_fault_model,Oracle,0,31,15,2,22,20,1.0,,1,32,0,32,0,0,0,,0.0,,0.0,22.0,22.0,0.0,1.0,1.0,0.0
prediction_loss_decoupling,offroute20,offroute20,14,oracle_fault_model,Oracle,1,31,15,2,22,20,1.0,,1,32,0,32,0,0,0,,0.0,,0.0,22.0,22.0,0.0,1.0,1.0,0.0
prediction_loss_decoupling,offroute20,offroute20,14,oracle_fault_model,Oracle,2,31,15,2,22,20,1.0,,1,32,0,32,0,0,0,,0.0,,0.0,22.0,22.0,0.0,1.0,1.0,0.0
prediction_loss_decoupling,offroute20,offroute20,14,oracle_fault_model,Oracle,3,31,15,2,22,20,1.0,,1,32,0,32,0,0,0,,0.0,,0.0,22.0,22.0,0.0,1.0,1.0,0.0
prediction_loss_decoupling,offroute20,offroute20,14,oracle_fault_model,Oracle,4,31,15,2,22,20,1.0,,1,32,0,32,0,0,0,,0.0,,0.0,22.0,22.0,0.0,1.0,1.0,0.0
prediction_loss_decoupling,offroute20,offroute20,15,nominal_no_repair,Nominal,0,31,15,2,22,20,1.0,,0,180,169,12,0,1,0,,0.011827956989247311,,0.03036723163841808,0.0,0.0,0.0,1.0,0.0,0.0
prediction_loss_decoupling,offroute20,offroute20,15,nominal_no_repair,Nominal,1,31,15,2,22,20,1.0,,0,180,169,12,0,1,0,,0.011827956989247311,,0.03036723163841808,0.0,0.0,0.0,1.0,0.0,0.0
prediction_loss_decoupling,offroute20,offroute20,15,nominal_no_repair,Nominal,2,31,15,2,22,20,1.0,,0,180,169,12,0,1,0,,0.011827956989247311,,0.03036723163841808,0.0,0.0,0.0,1.0,0.0,0.0
prediction_loss_decoupling,offroute20,offroute20,15,nominal_no_repair,Nominal,3,31,15,2,22,20,1.0,,0,180,169,12,0,1,0,,0.011827956989247311,,0.03036723163841808,0.0,0.0,0.0,1.0,0.0,0.0
prediction_loss_decoupling,offroute20,offroute20,15,nominal_no_repair,Nominal,4,31,15,2,22,20,1.0,,0,180,169,12,0,1,0,,0.011827956989247311,,0.03036723163841808,0.0,0.0,0.0,1.0,0.0,0.0
prediction_loss_decoupling,offroute20,offroute20,15,shield_only,Shield only,0,31,15,2,22,20,1.0,,0,180,169,13,1,1,1,,0.011827956989247311,,0.03036723163841808,0.0,0.0,0.0,1.0,0.0,0.0
prediction_loss_decoupling,offroute20,offroute20,15,shield_only,Shield only,1,31,15,2,22,20,1.0,,0,180,169,12,1,1,1,,0.011827956989247311,,0.03036723163841808,0.0,0.0,0.0,1.0,0.0,0.0
prediction_loss_decoupling,offroute20,offroute20,15,shield_only,Shield only,2,31,15,2,22,20,1.0,,0,180,169,12,1,1,1,,0.011827956989247311,,0.03036723163841808,0.0,0.0,0.0,1.0,0.0,0.0
prediction_loss_decoupling,offroute20,offroute20,15,shield_only,Shield only,3,31,15,2,22,20,1.0,,0,180,169,12,1,1,1,,0.011827956989247311,,0.03036723163841808,0.0,0.0,0.0,1.0,0.0,0.0
prediction_loss_decoupling,offroute20,offroute20,15,shield_only,Shield only,4,31,15,2,22,20,1.0,,0,180,169,12,1,1,1,,0.011827956989247311,,0.03036723163841808,0.0,0.0,0.0,1.0,0.0,0.0
prediction_loss_decoupling,offroute20,offroute20,15,batch_episode_retrain,Batch episode,0,31,15,2,22,20,1.0,,0,180,169,12,0,1,0,,0.011827956989247311,,0.03036723163841808,0.0,0.0,0.0,1.0,0.0,0.0
prediction_loss_decoupling,offroute20,offroute20,15,batch_episode_retrain,Batch episode,1,31,15,2,22,20,1.0,,0,180,165,16,0,1,1,,0.01129032258064516,,0.02153954802259887,1.0,1.0,0.0,1.0,0.045454545454545456,0.0
prediction_loss_decoupling,offroute20,offroute20,15,batch_episode_retrain,Batch episode,2,31,15,2,22,20,1.0,,0,180,152,29,0,1,2,,0.010752688172043012,,0.01977401129943503,2.0,2.0,0.0,1.0,0.09090909090909091,0.0
prediction_loss_decoupling,offroute20,offroute20,15,batch_episode_retrain,Batch episode,3,31,15,2,22,20,1.0,,0,180,164,17,0,1,3,,0.01021505376344086,,0.010946327683615819,3.0,3.0,0.0,1.0,0.13636363636363635,0.0
prediction_loss_decoupling,offroute20,offroute20,15,batch_episode_retrain,Batch episode,4,31,15,2,22,20,1.0,,1,34,0,34,0,0,4,,0.00967741935483871,,0.009180790960451978,4.0,4.0,0.0,1.0,0.18181818181818182,0.0
prediction_loss_decoupling,offroute20,offroute20,15,threshold_8,Threshold 8,0,31,15,2,22,20,1.0,,1,58,24,58,0,0,3,,0.01021505376344086,,0.010946327683615819,3.0,3.0,0.0,1.0,0.13636363636363635,0.0
prediction_loss_decoupling,offroute20,offroute20,15,threshold_8,Threshold 8,1,31,15,2,22,20,1.0,,1,42,8,42,0,0,4,,0.00967741935483871,,0.009180790960451978,4.0,4.0,0.0,1.0,0.18181818181818182,0.0
prediction_loss_decoupling,offroute20,offroute20,15,threshold_8,Threshold 8,2,31,15,2,22,20,1.0,,1,34,0,34,0,0,4,,0.00967741935483871,,0.009180790960451978,4.0,4.0,0.0,1.0,0.18181818181818182,0.0
prediction_loss_decoupling,offroute20,offroute20,15,threshold_8,Threshold 8,3,31,15,2,22,20,1.0,,1,34,0,34,0,0,4,,0.00967741935483871,,0.009180790960451978,4.0,4.0,0.0,1.0,0.18181818181818182,0.0
prediction_loss_decoupling,offroute20,offroute20,15,threshold_8,Threshold 8,4,31,15,2,22,20,1.0,,1,34,0,34,0,0,4,,0.00967741935483871,,0.009180790960451978,4.0,4.0,0.0,1.0,0.18181818181818182,0.0
prediction_loss_decoupling,offroute20,offroute20,15,uncertainty_cost_avoidance,Cost avoidance,0,31,15,2,22,20,1.0,,1,37,3,37,0,0,3,,0.011827956989247311,,0.03036723163841808,0.0,0.0,0.0,1.0,0.0,0.0
prediction_loss_decoupling,offroute20,offroute20,15,uncertainty_cost_avoidance,Cost avoidance,1,31,15,2,22,20,1.0,,1,35,1,35,0,0,4,,0.011827956989247311,,0.03036723163841808,0.0,0.0,0.0,1.0,0.0,0.0
prediction_loss_decoupling,offroute20,offroute20,15,uncertainty_cost_avoidance,Cost avoidance,2,31,15,2,22,20,1.0,,1,34,0,34,0,0,4,,0.011827956989247311,,0.03036723163841808,0.0,0.0,0.0,1.0,0.0,0.0
prediction_loss_decoupling,offroute20,offroute20,15,uncertainty_cost_avoidance,Cost avoidance,3,31,15,2,22,20,1.0,,1,34,0,34,0,0,4,,0.011827956989247311,,0.03036723163841808,0.0,0.0,0.0,1.0,0.0,0.0
prediction_loss_decoupling,offroute20,offroute20,15,uncertainty_cost_avoidance,Cost avoidance,4,31,15,2,22,20,1.0,,1,34,0,34,0,0,4,,0.011827956989247311,,0.03036723163841808,0.0,0.0,0.0,1.0,0.0,0.0
prediction_loss_decoupling,offroute20,offroute20,15,ccra_exact_guard,CCRA exact,0,31,15,2,22,20,1.0,,1,37,3,37,0,0,3,,0.01021505376344086,,0.010946327683615819,3.0,3.0,0.0,1.0,0.13636363636363635,0.0
prediction_loss_decoupling,offroute20,offroute20,15,ccra_exact_guard,CCRA exact,1,31,15,2,22,20,1.0,,1,35,1,35,0,0,4,,0.00967741935483871,,0.009180790960451978,4.0,4.0,0.0,1.0,0.18181818181818182,0.0
prediction_loss_decoupling,offroute20,offroute20,15,ccra_exact_guard,CCRA exact,2,31,15,2,22,20,1.0,,1,34,0,34,0,0,4,,0.00967741935483871,,0.009180790960451978,4.0,4.0,0.0,1.0,0.18181818181818182,0.0
prediction_loss_decoupling,offroute20,offroute20,15,ccra_exact_guard,CCRA exact,3,31,15,2,22,20,1.0,,1,34,0,34,0,0,4,,0.00967741935483871,,0.009180790960451978,4.0,4.0,0.0,1.0,0.18181818181818182,0.0
prediction_loss_decoupling,offroute20,offroute20,15,ccra_exact_guard,CCRA exact,4,31,15,2,22,20,1.0,,1,34,0,34,0,0,4,,0.00967741935483871,,0.009180790960451978,4.0,4.0,0.0,1.0,0.18181818181818182,0.0
prediction_loss_decoupling,offroute20,offroute20,15,ccra_row_guard,CCRA row,0,31,15,2,22,20,1.0,,1,39,3,39,0,0,3,,0.053763440860215055,,0.3516949152542373,90.0,6.0,84.0,0.06666666666666667,0.2727272727272727,0.9333333333333333
prediction_loss_decoupling,offroute20,offroute20,15,ccra_row_guard,CCRA row,1,31,15,2,22,20,1.0,,1,34,0,34,0,0,3,,0.053763440860215055,,0.3516949152542373,90.0,6.0,84.0,0.06666666666666667,0.2727272727272727,0.9333333333333333
prediction_loss_decoupling,offroute20,offroute20,15,ccra_row_guard,CCRA row,2,31,15,2,22,20,1.0,,1,34,0,34,0,0,3,,0.053763440860215055,,0.3516949152542373,90.0,6.0,84.0,0.06666666666666667,0.2727272727272727,0.9333333333333333
prediction_loss_decoupling,offroute20,offroute20,15,ccra_row_guard,CCRA row,3,31,15,2,22,20,1.0,,1,34,0,34,0,0,3,,0.053763440860215055,,0.3516949152542373,90.0,6.0,84.0,0.06666666666666667,0.2727272727272727,0.9333333333333333
prediction_loss_decoupling,offroute20,offroute20,15,ccra_row_guard,CCRA row,4,31,15,2,22,20,1.0,,1,34,0,34,0,0,3,,0.053763440860215055,,0.3516949152542373,90.0,6.0,84.0,0.06666666666666667,0.2727272727272727,0.9333333333333333
prediction_loss_decoupling,offroute20,offroute20,15,global_action_repair,Global action,0,31,15,2,22,20,1.0,,0,14,3,15,0,0,1,,0.23010752688172043,,0.4675141242937853,450.0,22.0,428.0,0.04888888888888889,1.0,0.9511111111111111
prediction_loss_decoupling,offroute20,offroute20,15,global_action_repair,Global action,1,31,15,2,22,20,1.0,,0,0,0,1,0,0,1,,0.23010752688172043,,0.4675141242937853,450.0,22.0,428.0,0.04888888888888889,1.0,0.9511111111111111
prediction_loss_decoupling,offroute20,offroute20,15,global_action_repair,Global action,2,31,15,2,22,20,1.0,,0,0,0,1,0,0,1,,0.23010752688172043,,0.4675141242937853,450.0,22.0,428.0,0.04888888888888889,1.0,0.9511111111111111
prediction_loss_decoupling,offroute20,offroute20,15,global_action_repair,Global action,3,31,15,2,22,20,1.0,,0,0,0,1,0,0,1,,0.23010752688172043,,0.4675141242937853,450.0,22.0,428.0,0.04888888888888889,1.0,0.9511111111111111
prediction_loss_decoupling,offroute20,offroute20,15,global_action_repair,Global action,4,31,15,2,22,20,1.0,,0,0,0,1,0,0,1,,0.23010752688172043,,0.4675141242937853,450.0,22.0,428.0,0.04888888888888889,1.0,0.9511111111111111
prediction_loss_decoupling,offroute20,offroute20,15,oracle_fault_model,Oracle,0,31,15,2,22,20,1.0,,1,34,0,34,0,0,0,,0.0,,0.0,22.0,22.0,0.0,1.0,1.0,0.0
prediction_loss_decoupling,offroute20,offroute20,15,oracle_fault_model,Oracle,1,31,15,2,22,20,1.0,,1,34,0,34,0,0,0,,0.0,,0.0,22.0,22.0,0.0,1.0,1.0,0.0
prediction_loss_decoupling,offroute20,offroute20,15,oracle_fault_model,Oracle,2,31,15,2,22,20,1.0,,1,34,0,34,0,0,0,,0.0,,0.0,22.0,22.0,0.0,1.0,1.0,0.0
prediction_loss_decoupling,offroute20,offroute20,15,oracle_fault_model,Oracle,3,31,15,2,22,20,1.0,,1,34,0,34,0,0,0,,0.0,,0.0,22.0,22.0,0.0,1.0,1.0,0.0
prediction_loss_decoupling,offroute20,offroute20,15,oracle_fault_model,Oracle,4,31,15,2,22,20,1.0,,1,34,0,34,0,0,0,,0.0,,0.0,22.0,22.0,0.0,1.0,1.0,0.0
prediction_loss_decoupling,offroute20,offroute20,16,nominal_no_repair,Nominal,0,31,15,2,22,20,1.0,,0,180,166,15,0,1,0,,0.011827956989247311,,0.03177966101694915,0.0,0.0,0.0,1.0,0.0,0.0
prediction_loss_decoupling,offroute20,offroute20,16,nominal_no_repair,Nominal,1,31,15,2,22,20,1.0,,0,180,166,15,0,1,0,,0.011827956989247311,,0.03177966101694915,0.0,0.0,0.0,1.0,0.0,0.0
prediction_loss_decoupling,offroute20,offroute20,16,nominal_no_repair,Nominal,2,31,15,2,22,20,1.0,,0,180,166,15,0,1,0,,0.011827956989247311,,0.03177966101694915,0.0,0.0,0.0,1.0,0.0,0.0
prediction_loss_decoupling,offroute20,offroute20,16,nominal_no_repair,Nominal,3,31,15,2,22,20,1.0,,0,180,166,15,0,1,0,,0.011827956989247311,,0.03177966101694915,0.0,0.0,0.0,1.0,0.0,0.0
prediction_loss_decoupling,offroute20,offroute20,16,nominal_no_repair,Nominal,4,31,15,2,22,20,1.0,,0,180,166,15,0,1,0,,0.011827956989247311,,0.03177966101694915,0.0,0.0,0.0,1.0,0.0,0.0
prediction_loss_decoupling,offroute20,offroute20,16,shield_only,Shield only,0,31,15,2,22,20,1.0,,0,180,166,16,1,1,1,,0.011827956989247311,,0.03177966101694915,0.0,0.0,0.0,1.0,0.0,0.0
prediction_loss_decoupling,offroute20,offroute20,16,shield_only,Shield only,1,31,15,2,22,20,1.0,,0,180,166,15,1,1,1,,0.011827956989247311,,0.03177966101694915,0.0,0.0,0.0,1.0,0.0,0.0
prediction_loss_decoupling,offroute20,offroute20,16,shield_only,Shield only,2,31,15,2,22,20,1.0,,0,180,166,15,1,1,1,,0.011827956989247311,,0.03177966101694915,0.0,0.0,0.0,1.0,0.0,0.0
prediction_loss_decoupling,offroute20,offroute20,16,shield_only,Shield only,3,31,15,2,22,20,1.0,,0,180,166,15,1,1,1,,0.011827956989247311,,0.03177966101694915,0.0,0.0,0.0,1.0,0.0,0.0
prediction_loss_decoupling,offroute20,offroute20,16,shield_only,Shield only,4,31,15,2,22,20,1.0,,0,180,166,15,1,1,1,,0.011827956989247311,,0.03177966101694915,0.0,0.0,0.0,1.0,0.0,0.0
prediction_loss_decoupling,offroute20,offroute20,16,batch_episode_retrain,Batch episode,0,31,15,2,22,20,1.0,,0,180,166,15,0,1,0,,0.011827956989247311,,0.03177966101694915,0.0,0.0,0.0,1.0,0.0,0.0
prediction_loss_decoupling,offroute20,offroute20,16,batch_episode_retrain,Batch episode,1,31,15,2,22,20,1.0,,0,180,159,22,0,1,1,,0.01129032258064516,,0.022951977401129944,1.0,1.0,0.0,1.0,0.045454545454545456,0.0
prediction_loss_decoupling,offroute20,offroute20,16,batch_episode_retrain,Batch episode,2,31,15,2,22,20,1.0,,0,180,153,28,0,1,2,,0.010752688172043012,,0.0211864406779661,2.0,2.0,0.0,1.0,0.09090909090909091,0.0
prediction_loss_decoupling,offroute20,offroute20,16,batch_episode_retrain,Batch episode,3,31,15,2,22,20,1.0,,0,180,160,21,0,1,3,,0.01021505376344086,,0.012358757062146893,3.0,3.0,0.0,1.0,0.13636363636363635,0.0
prediction_loss_decoupling,offroute20,offroute20,16,batch_episode_retrain,Batch episode,4,31,15,2,22,20,1.0,,0,180,150,31,0,1,4,,0.00967741935483871,,0.01059322033898305,4.0,4.0,0.0,1.0,0.18181818181818182,0.0
prediction_loss_decoupling,offroute20,offroute20,16,threshold_8,Threshold 8,0,31,15,2,22,20,1.0,,1,66,32,66,0,0,4,,0.00967741935483871,,0.01059322033898305,4.0,4.0,0.0,1.0,0.18181818181818182,0.0
prediction_loss_decoupling,offroute20,offroute20,16,threshold_8,Threshold 8,1,31,15,2,22,20,1.0,,1,42,8,42,0,0,5,,0.00913978494623656,,0.00882768361581921,5.0,5.0,0.0,1.0,0.22727272727272727,0.0
prediction_loss_decoupling,offroute20,offroute20,16,threshold_8,Threshold 8,2,31,15,2,22,20,1.0,,1,34,0,34,0,0,5,,0.00913978494623656,,0.00882768361581921,5.0,5.0,0.0,1.0,0.22727272727272727,0.0
prediction_loss_decoupling,offroute20,offroute20,16,threshold_8,Threshold 8,3,31,15,2,22,20,1.0,,1,34,0,34,0,0,5,,0.00913978494623656,,0.00882768361581921,5.0,5.0,0.0,1.0,0.22727272727272727,0.0
prediction_loss_decoupling,offroute20,offroute20,16,threshold_8,Threshold 8,4,31,15,2,22,20,1.0,,1,34,0,34,0,0,5,,0.00913978494623656,,0.00882768361581921,5.0,5.0,0.0,1.0,0.22727272727272727,0.0
prediction_loss_decoupling,offroute20,offroute20,16,uncertainty_cost_avoidance,Cost avoidance,0,31,15,2,22,20,1.0,,1,38,4,38,0,0,4,,0.011827956989247311,,0.03177966101694915,0.0,0.0,0.0,1.0,0.0,0.0
prediction_loss_decoupling,offroute20,offroute20,16,uncertainty_cost_avoidance,Cost avoidance,1,31,15,2,22,20,1.0,,1,35,1,35,0,0,5,,0.011827956989247311,,0.03177966101694915,0.0,0.0,0.0,1.0,0.0,0.0
prediction_loss_decoupling,offroute20,offroute20,16,uncertainty_cost_avoidance,Cost avoidance,2,31,15,2,22,20,1.0,,1,34,0,34,0,0,5,,0.011827956989247311,,0.03177966101694915,0.0,0.0,0.0,1.0,0.0,0.0
prediction_loss_decoupling,offroute20,offroute20,16,uncertainty_cost_avoidance,Cost avoidance,3,31,15,2,22,20,1.0,,1,34,0,34,0,0,5,,0.011827956989247311,,0.03177966101694915,0.0,0.0,0.0,1.0,0.0,0.0
prediction_loss_decoupling,offroute20,offroute20,16,uncertainty_cost_avoidance,Cost avoidance,4,31,15,2,22,20,1.0,,1,34,0,34,0,0,5,,0.011827956989247311,,0.03177966101694915,0.0,0.0,0.0,1.0,0.0,0.0
prediction_loss_decoupling,offroute20,offroute20,16,ccra_exact_guard,CCRA exact,0,31,15,2,22,20,1.0,,1,38,4,38,0,0,4,,0.00967741935483871,,0.01059322033898305,4.0,4.0,0.0,1.0,0.18181818181818182,0.0
prediction_loss_decoupling,offroute20,offroute20,16,ccra_exact_guard,CCRA exact,1,31,15,2,22,20,1.0,,1,35,1,35,0,0,5,,0.00913978494623656,,0.00882768361581921,5.0,5.0,0.0,1.0,0.22727272727272727,0.0
prediction_loss_decoupling,offroute20,offroute20,16,ccra_exact_guard,CCRA exact,2,31,15,2,22,20,1.0,,1,34,0,34,0,0,5,,0.00913978494623656,,0.00882768361581921,5.0,5.0,0.0,1.0,0.22727272727272727,0.0
prediction_loss_decoupling,offroute20,offroute20,16,ccra_exact_guard,CCRA exact,3,31,15,2,22,20,1.0,,1,34,0,34,0,0,5,,0.00913978494623656,,0.00882768361581921,5.0,5.0,0.0,1.0,0.22727272727272727,0.0
prediction_loss_decoupling,offroute20,offroute20,16,ccra_exact_guard,CCRA exact,4,31,15,2,22,20,1.0,,1,34,0,34,0,0,5,,0.00913978494623656,,0.00882768361581921,5.0,5.0,0.0,1.0,0.22727272727272727,0.0
prediction_loss_decoupling,offroute20,offroute20,16,ccra_row_guard,CCRA row,0,31,15,2,22,20,1.0,,1,36,2,36,0,0,2,,0.03978494623655914,,0.3072033898305085,60.0,4.0,56.0,0.06666666666666667,0.18181818181818182,0.9333333333333333
prediction_loss_decoupling,offroute20,offroute20,16,ccra_row_guard,CCRA row,1,31,15,2,22,20,1.0,,1,35,1,35,0,0,3,,0.05268817204301075,,0.3495762711864407,90.0,7.0,83.0,0.07777777777777778,0.3181818181818182,0.9222222222222223
prediction_loss_decoupling,offroute20,offroute20,16,ccra_row_guard,CCRA row,2,31,15,2,22,20,1.0,,1,43,3,43,0,0,6,,0.09462365591397849,,0.3771186440677966,180.0,13.0,167.0,0.07222222222222222,0.5909090909090909,0.9277777777777778
prediction_loss_decoupling,offroute20,offroute20,16,ccra_row_guard,CCRA row,3,31,15,2,22,20,1.0,,1,34,0,34,0,0,6,,0.09462365591397849,,0.3771186440677966,180.0,13.0,167.0,0.07222222222222222,0.5909090909090909,0.9277777777777778
prediction_loss_decoupling,offroute20,offroute20,16,ccra_row_guard,CCRA row,4,31,15,2,22,20,1.0,,1,34,0,34,0,0,6,,0.09462365591397849,,0.3771186440677966,180.0,13.0,167.0,0.07222222222222222,0.5909090909090909,0.9277777777777778
prediction_loss_decoupling,offroute20,offroute20,16,global_action_repair,Global action,0,31,15,2,22,20,1.0,,0,17,3,18,0,0,1,,0.23010752688172043,,0.4661016949152542,450.0,22.0,428.0,0.04888888888888889,1.0,0.9511111111111111
prediction_loss_decoupling,offroute20,offroute20,16,global_action_repair,Global action,1,31,15,2,22,20,1.0,,0,0,0,1,0,0,1,,0.23010752688172043,,0.4661016949152542,450.0,22.0,428.0,0.04888888888888889,1.0,0.9511111111111111
prediction_loss_decoupling,offroute20,offroute20,16,global_action_repair,Global action,2,31,15,2,22,20,1.0,,0,0,0,1,0,0,1,,0.23010752688172043,,0.4661016949152542,450.0,22.0,428.0,0.04888888888888889,1.0,0.9511111111111111
prediction_loss_decoupling,offroute20,offroute20,16,global_action_repair,Global action,3,31,15,2,22,20,1.0,,0,0,0,1,0,0,1,,0.23010752688172043,,0.4661016949152542,450.0,22.0,428.0,0.04888888888888889,1.0,0.9511111111111111
prediction_loss_decoupling,offroute20,offroute20,16,global_action_repair,Global action,4,31,15,2,22,20,1.0,,0,0,0,1,0,0,1,,0.23010752688172043,,0.4661016949152542,450.0,22.0,428.0,0.04888888888888889,1.0,0.9511111111111111
prediction_loss_decoupling,offroute20,offroute20,16,oracle_fault_model,Oracle,0,31,15,2,22,20,1.0,,1,34,0,34,0,0,0,,0.0,,0.0,22.0,22.0,0.0,1.0,1.0,0.0
prediction_loss_decoupling,offroute20,offroute20,16,oracle_fault_model,Oracle,1,31,15,2,22,20,1.0,,1,34,0,34,0,0,0,,0.0,,0.0,22.0,22.0,0.0,1.0,1.0,0.0
prediction_loss_decoupling,offroute20,offroute20,16,oracle_fault_model,Oracle,2,31,15,2,22,20,1.0,,1,34,0,34,0,0,0,,0.0,,0.0,22.0,22.0,0.0,1.0,1.0,0.0
prediction_loss_decoupling,offroute20,offroute20,16,oracle_fault_model,Oracle,3,31,15,2,22,20,1.0,,1,34,0,34,0,0,0,,0.0,,0.0,22.0,22.0,0.0,1.0,1.0,0.0
prediction_loss_decoupling,offroute20,offroute20,16,oracle_fault_model,Oracle,4,31,15,2,22,20,1.0,,1,34,0,34,0,0,0,,0.0,,0.0,22.0,22.0,0.0,1.0,1.0,0.0
prediction_loss_decoupling,offroute20,offroute20,17,nominal_no_repair,Nominal,0,31,15,2,22,20,1.0,,0,180,176,5,0,1,0,,0.011827956989247311,,0.02754237288135593,0.0,0.0,0.0,1.0,0.0,0.0
prediction_loss_decoupling,offroute20,offroute20,17,nominal_no_repair,Nominal,1,31,15,2,22,20,1.0,,0,180,176,5,0,1,0,,0.011827956989247311,,0.02754237288135593,0.0,0.0,0.0,1.0,0.0,0.0
prediction_loss_decoupling,offroute20,offroute20,17,nominal_no_repair,Nominal,2,31,15,2,22,20,1.0,,0,180,176,5,0,1,0,,0.011827956989247311,,0.02754237288135593,0.0,0.0,0.0,1.0,0.0,0.0
prediction_loss_decoupling,offroute20,offroute20,17,nominal_no_repair,Nominal,3,31,15,2,22,20,1.0,,0,180,176,5,0,1,0,,0.011827956989247311,,0.02754237288135593,0.0,0.0,0.0,1.0,0.0,0.0
prediction_loss_decoupling,offroute20,offroute20,17,nominal_no_repair,Nominal,4,31,15,2,22,20,1.0,,0,180,176,5,0,1,0,,0.011827956989247311,,0.02754237288135593,0.0,0.0,0.0,1.0,0.0,0.0
prediction_loss_decoupling,offroute20,offroute20,17,shield_only,Shield only,0,31,15,2,22,20,1.0,,0,180,176,6,1,1,1,,0.011827956989247311,,0.02754237288135593,0.0,0.0,0.0,1.0,0.0,0.0
prediction_loss_decoupling,offroute20,offroute20,17,shield_only,Shield only,1,31,15,2,22,20,1.0,,0,180,176,5,1,1,1,,0.011827956989247311,,0.02754237288135593,0.0,0.0,0.0,1.0,0.0,0.0
prediction_loss_decoupling,offroute20,offroute20,17,shield_only,Shield only,2,31,15,2,22,20,1.0,,0,180,176,5,1,1,1,,0.011827956989247311,,0.02754237288135593,0.0,0.0,0.0,1.0,0.0,0.0
prediction_loss_decoupling,offroute20,offroute20,17,shield_only,Shield only,3,31,15,2,22,20,1.0,,0,180,176,5,1,1,1,,0.011827956989247311,,0.02754237288135593,0.0,0.0,0.0,1.0,0.0,0.0
prediction_loss_decoupling,offroute20,offroute20,17,shield_only,Shield only,4,31,15,2,22,20,1.0,,0,180,176,5,1,1,1,,0.011827956989247311,,0.02754237288135593,0.0,0.0,0.0,1.0,0.0,0.0
prediction_loss_decoupling,offroute20,offroute20,17,batch_episode_retrain,Batch episode,0,31,15,2,22,20,1.0,,0,180,176,5,0,1,0,,0.011827956989247311,,0.02754237288135593,0.0,0.0,0.0,1.0,0.0,0.0
prediction_loss_decoupling,offroute20,offroute20,17,batch_episode_retrain,Batch episode,1,31,15,2,22,20,1.0,,0,180,170,11,0,1,1,,0.01129032258064516,,0.018714689265536724,1.0,1.0,0.0,1.0,0.045454545454545456,0.0
prediction_loss_decoupling,offroute20,offroute20,17,batch_episode_retrain,Batch episode,2,31,15,2,22,20,1.0,,1,32,0,32,0,0,2,,0.010752688172043012,,0.01694915254237288,2.0,2.0,0.0,1.0,0.09090909090909091,0.0
prediction_loss_decoupling,offroute20,offroute20,17,batch_episode_retrain,Batch episode,3,31,15,2,22,20,1.0,,1,32,0,32,0,0,2,,0.010752688172043012,,0.01694915254237288,2.0,2.0,0.0,1.0,0.09090909090909091,0.0
prediction_loss_decoupling,offroute20,offroute20,17,batch_episode_retrain,Batch episode,4,31,15,2,22,20,1.0,,1,32,0,32,0,0,2,,0.010752688172043012,,0.01694915254237288,2.0,2.0,0.0,1.0,0.09090909090909091,0.0
prediction_loss_decoupling,offroute20,offroute20,17,threshold_8,Threshold 8,0,31,15,2,22,20,1.0,,1,48,16,48,0,0,2,,0.010752688172043012,,0.01694915254237288,2.0,2.0,0.0,1.0,0.09090909090909091,0.0
prediction_loss_decoupling,offroute20,offroute20,17,threshold_8,Threshold 8,1,31,15,2,22,20,1.0,,1,32,0,32,0,0,2,,0.010752688172043012,,0.01694915254237288,2.0,2.0,0.0,1.0,0.09090909090909091,0.0
prediction_loss_decoupling,offroute20,offroute20,17,threshold_8,Threshold 8,2,31,15,2,22,20,1.0,,1,32,0,32,0,0,2,,0.010752688172043012,,0.01694915254237288,2.0,2.0,0.0,1.0,0.09090909090909091,0.0
prediction_loss_decoupling,offroute20,offroute20,17,threshold_8,Threshold 8,3,31,15,2,22,20,1.0,,1,32,0,32,0,0,2,,0.010752688172043012,,0.01694915254237288,2.0,2.0,0.0,1.0,0.09090909090909091,0.0
prediction_loss_decoupling,offroute20,offroute20,17,threshold_8,Threshold 8,4,31,15,2,22,20,1.0,,1,32,0,32,0,0,2,,0.010752688172043012,,0.01694915254237288,2.0,2.0,0.0,1.0,0.09090909090909091,0.0
prediction_loss_decoupling,offroute20,offroute20,17,uncertainty_cost_avoidance,Cost avoidance,0,31,15,2,22,20,1.0,,1,34,2,34,0,0,2,,0.011827956989247311,,0.02754237288135593,0.0,0.0,0.0,1.0,0.0,0.0
prediction_loss_decoupling,offroute20,offroute20,17,uncertainty_cost_avoidance,Cost avoidance,1,31,15,2,22,20,1.0,,1,32,0,32,0,0,2,,0.011827956989247311,,0.02754237288135593,0.0,0.0,0.0,1.0,0.0,0.0
prediction_loss_decoupling,offroute20,offroute20,17,uncertainty_cost_avoidance,Cost avoidance,2,31,15,2,22,20,1.0,,1,32,0,32,0,0,2,,0.011827956989247311,,0.02754237288135593,0.0,0.0,0.0,1.0,0.0,0.0
prediction_loss_decoupling,offroute20,offroute20,17,uncertainty_cost_avoidance,Cost avoidance,3,31,15,2,22,20,1.0,,1,32,0,32,0,0,2,,0.011827956989247311,,0.02754237288135593,0.0,0.0,0.0,1.0,0.0,0.0
prediction_loss_decoupling,offroute20,offroute20,17,uncertainty_cost_avoidance,Cost avoidance,4,31,15,2,22,20,1.0,,1,32,0,32,0,0,2,,0.011827956989247311,,0.02754237288135593,0.0,0.0,0.0,1.0,0.0,0.0
prediction_loss_decoupling,offroute20,offroute20,17,ccra_exact_guard,CCRA exact,0,31,15,2,22,20,1.0,,1,34,2,34,0,0,2,,0.010752688172043012,,0.01694915254237288,2.0,2.0,0.0,1.0,0.09090909090909091,0.0
prediction_loss_decoupling,offroute20,offroute20,17,ccra_exact_guard,CCRA exact,1,31,15,2,22,20,1.0,,1,32,0,32,0,0,2,,0.010752688172043012,,0.01694915254237288,2.0,2.0,0.0,1.0,0.09090909090909091,0.0
prediction_loss_decoupling,offroute20,offroute20,17,ccra_exact_guard,CCRA exact,2,31,15,2,22,20,1.0,,1,32,0,32,0,0,2,,0.010752688172043012,,0.01694915254237288,2.0,2.0,0.0,1.0,0.09090909090909091,0.0
prediction_loss_decoupling,offroute20,offroute20,17,ccra_exact_guard,CCRA exact,3,31,15,2,22,20,1.0,,1,32,0,32,0,0,2,,0.010752688172043012,,0.01694915254237288,2.0,2.0,0.0,1.0,0.09090909090909091,0.0
prediction_loss_decoupling,offroute20,offroute20,17,ccra_exact_guard,CCRA exact,4,31,15,2,22,20,1.0,,1,32,0,32,0,0,2,,0.010752688172043012,,0.01694915254237288,2.0,2.0,0.0,1.0,0.09090909090909091,0.0
prediction_loss_decoupling,offroute20,offroute20,17,ccra_row_guard,CCRA row,0,31,15,2,22,20,1.0,,1,36,2,36,0,0,2,,0.03978494623655914,,0.3029661016949153,60.0,4.0,56.0,0.06666666666666667,0.18181818181818182,0.9333333333333333
prediction_loss_decoupling,offroute20,offroute20,17,ccra_row_guard,CCRA row,1,31,15,2,22,20,1.0,,1,32,0,32,0,0,2,,0.03978494623655914,,0.3029661016949153,60.0,4.0,56.0,0.06666666666666667,0.18181818181818182,0.9333333333333333
prediction_loss_decoupling,offroute20,offroute20,17,ccra_row_guard,CCRA row,2,31,15,2,22,20,1.0,,1,32,0,32,0,0,2,,0.03978494623655914,,0.3029661016949153,60.0,4.0,56.0,0.06666666666666667,0.18181818181818182,0.9333333333333333
prediction_loss_decoupling,offroute20,offroute20,17,ccra_row_guard,CCRA row,3,31,15,2,22,20,1.0,,1,32,0,32,0,0,2,,0.03978494623655914,,0.3029661016949153,60.0,4.0,56.0,0.06666666666666667,0.18181818181818182,0.9333333333333333
prediction_loss_decoupling,offroute20,offroute20,17,ccra_row_guard,CCRA row,4,31,15,2,22,20,1.0,,1,32,0,32,0,0,2,,0.03978494623655914,,0.3029661016949153,60.0,4.0,56.0,0.06666666666666667,0.18181818181818182,0.9333333333333333
prediction_loss_decoupling,offroute20,offroute20,17,global_action_repair,Global action,0,31,15,2,22,20,1.0,,0,7,3,8,0,0,1,,0.23010752688172043,,0.4703389830508475,450.0,22.0,428.0,0.04888888888888889,1.0,0.9511111111111111
prediction_loss_decoupling,offroute20,offroute20,17,global_action_repair,Global action,1,31,15,2,22,20,1.0,,0,0,0,1,0,0,1,,0.23010752688172043,,0.4703389830508475,450.0,22.0,428.0,0.04888888888888889,1.0,0.9511111111111111
prediction_loss_decoupling,offroute20,offroute20,17,global_action_repair,Global action,2,31,15,2,22,20,1.0,,0,0,0,1,0,0,1,,0.23010752688172043,,0.4703389830508475,450.0,22.0,428.0,0.04888888888888889,1.0,0.9511111111111111
prediction_loss_decoupling,offroute20,offroute20,17,global_action_repair,Global action,3,31,15,2,22,20,1.0,,0,0,0,1,0,0,1,,0.23010752688172043,,0.4703389830508475,450.0,22.0,428.0,0.04888888888888889,1.0,0.9511111111111111
prediction_loss_decoupling,offroute20,offroute20,17,global_action_repair,Global action,4,31,15,2,22,20,1.0,,0,0,0,1,0,0,1,,0.23010752688172043,,0.4703389830508475,450.0,22.0,428.0,0.04888888888888889,1.0,0.9511111111111111
prediction_loss_decoupling,offroute20,offroute20,17,oracle_fault_model,Oracle,0,31,15,2,22,20,1.0,,1,32,0,32,0,0,0,,0.0,,0.0,22.0,22.0,0.0,1.0,1.0,0.0
prediction_loss_decoupling,offroute20,offroute20,17,oracle_fault_model,Oracle,1,31,15,2,22,20,1.0,,1,32,0,32,0,0,0,,0.0,,0.0,22.0,22.0,0.0,1.0,1.0,0.0
prediction_loss_decoupling,offroute20,offroute20,17,oracle_fault_model,Oracle,2,31,15,2,22,20,1.0,,1,32,0,32,0,0,0,,0.0,,0.0,22.0,22.0,0.0,1.0,1.0,0.0
prediction_loss_decoupling,offroute20,offroute20,17,oracle_fault_model,Oracle,3,31,15,2,22,20,1.0,,1,32,0,32,0,0,0,,0.0,,0.0,22.0,22.0,0.0,1.0,1.0,0.0
prediction_loss_decoupling,offroute20,offroute20,17,oracle_fault_model,Oracle,4,31,15,2,22,20,1.0,,1,32,0,32,0,0,0,,0.0,,0.0,22.0,22.0,0.0,1.0,1.0,0.0
prediction_loss_decoupling,offroute20,offroute20,18,nominal_no_repair,Nominal,0,31,15,2,22,20,1.0,,0,180,177,4,0,1,0,,0.011827956989247311,,0.03036723163841808,0.0,0.0,0.0,1.0,0.0,0.0
prediction_loss_decoupling,offroute20,offroute20,18,nominal_no_repair,Nominal,1,31,15,2,22,20,1.0,,0,180,177,4,0,1,0,,0.011827956989247311,,0.03036723163841808,0.0,0.0,0.0,1.0,0.0,0.0
prediction_loss_decoupling,offroute20,offroute20,18,nominal_no_repair,Nominal,2,31,15,2,22,20,1.0,,0,180,177,4,0,1,0,,0.011827956989247311,,0.03036723163841808,0.0,0.0,0.0,1.0,0.0,0.0
prediction_loss_decoupling,offroute20,offroute20,18,nominal_no_repair,Nominal,3,31,15,2,22,20,1.0,,0,180,177,4,0,1,0,,0.011827956989247311,,0.03036723163841808,0.0,0.0,0.0,1.0,0.0,0.0
prediction_loss_decoupling,offroute20,offroute20,18,nominal_no_repair,Nominal,4,31,15,2,22,20,1.0,,0,180,177,4,0,1,0,,0.011827956989247311,,0.03036723163841808,0.0,0.0,0.0,1.0,0.0,0.0
prediction_loss_decoupling,offroute20,offroute20,18,shield_only,Shield only,0,31,15,2,22,20,1.0,,0,180,177,5,1,1,1,,0.011827956989247311,,0.03036723163841808,0.0,0.0,0.0,1.0,0.0,0.0
prediction_loss_decoupling,offroute20,offroute20,18,shield_only,Shield only,1,31,15,2,22,20,1.0,,0,180,177,4,1,1,1,,0.011827956989247311,,0.03036723163841808,0.0,0.0,0.0,1.0,0.0,0.0
prediction_loss_decoupling,offroute20,offroute20,18,shield_only,Shield only,2,31,15,2,22,20,1.0,,0,180,177,4,1,1,1,,0.011827956989247311,,0.03036723163841808,0.0,0.0,0.0,1.0,0.0,0.0
prediction_loss_decoupling,offroute20,offroute20,18,shield_only,Shield only,3,31,15,2,22,20,1.0,,0,180,177,4,1,1,1,,0.011827956989247311,,0.03036723163841808,0.0,0.0,0.0,1.0,0.0,0.0
prediction_loss_decoupling,offroute20,offroute20,18,shield_only,Shield only,4,31,15,2,22,20,1.0,,0,180,177,4,1,1,1,,0.011827956989247311,,0.03036723163841808,0.0,0.0,0.0,1.0,0.0,0.0
prediction_loss_decoupling,offroute20,offroute20,18,batch_episode_retrain,Batch episode,0,31,15,2,22,20,1.0,,0,180,177,4,0,1,0,,0.011827956989247311,,0.03036723163841808,0.0,0.0,0.0,1.0,0.0,0.0
prediction_loss_decoupling,offroute20,offroute20,18,batch_episode_retrain,Batch episode,1,31,15,2,22,20,1.0,,0,180,171,10,0,1,1,,0.01129032258064516,,0.02153954802259887,1.0,1.0,0.0,1.0,0.045454545454545456,0.0
prediction_loss_decoupling,offroute20,offroute20,18,batch_episode_retrain,Batch episode,2,31,15,2,22,20,1.0,,0,180,166,15,0,1,2,,0.010752688172043012,,0.01977401129943503,2.0,2.0,0.0,1.0,0.09090909090909091,0.0
prediction_loss_decoupling,offroute20,offroute20,18,batch_episode_retrain,Batch episode,3,31,15,2,22,20,1.0,,0,180,163,18,0,1,3,,0.01021505376344086,,0.010946327683615819,3.0,3.0,0.0,1.0,0.13636363636363635,0.0
prediction_loss_decoupling,offroute20,offroute20,18,batch_episode_retrain,Batch episode,4,31,15,2,22,20,1.0,,1,32,0,32,0,0,4,,0.00967741935483871,,0.009180790960451978,4.0,4.0,0.0,1.0,0.18181818181818182,0.0
prediction_loss_decoupling,offroute20,offroute20,18,threshold_8,Threshold 8,0,31,15,2,22,20,1.0,,1,66,32,66,0,0,4,,0.00967741935483871,,0.009180790960451978,4.0,4.0,0.0,1.0,0.18181818181818182,0.0
prediction_loss_decoupling,offroute20,offroute20,18,threshold_8,Threshold 8,1,31,15,2,22,20,1.0,,1,40,8,40,0,0,5,,0.00913978494623656,,0.007415254237288136,5.0,5.0,0.0,1.0,0.22727272727272727,0.0
prediction_loss_decoupling,offroute20,offroute20,18,threshold_8,Threshold 8,2,31,15,2,22,20,1.0,,1,32,0,32,0,0,5,,0.00913978494623656,,0.007415254237288136,5.0,5.0,0.0,1.0,0.22727272727272727,0.0
prediction_loss_decoupling,offroute20,offroute20,18,threshold_8,Threshold 8,3,31,15,2,22,20,1.0,,1,32,0,32,0,0,5,,0.00913978494623656,,0.007415254237288136,5.0,5.0,0.0,1.0,0.22727272727272727,0.0
prediction_loss_decoupling,offroute20,offroute20,18,threshold_8,Threshold 8,4,31,15,2,22,20,1.0,,1,32,0,32,0,0,5,,0.00913978494623656,,0.007415254237288136,5.0,5.0,0.0,1.0,0.22727272727272727,0.0
prediction_loss_decoupling,offroute20,offroute20,18,uncertainty_cost_avoidance,Cost avoidance,0,31,15,2,22,20,1.0,,1,38,4,38,0,0,4,,0.011827956989247311,,0.03036723163841808,0.0,0.0,0.0,1.0,0.0,0.0
prediction_loss_decoupling,offroute20,offroute20,18,uncertainty_cost_avoidance,Cost avoidance,1,31,15,2,22,20,1.0,,1,33,1,33,0,0,5,,0.011827956989247311,,0.03036723163841808,0.0,0.0,0.0,1.0,0.0,0.0
prediction_loss_decoupling,offroute20,offroute20,18,uncertainty_cost_avoidance,Cost avoidance,2,31,15,2,22,20,1.0,,1,32,0,32,0,0,5,,0.011827956989247311,,0.03036723163841808,0.0,0.0,0.0,1.0,0.0,0.0
prediction_loss_decoupling,offroute20,offroute20,18,uncertainty_cost_avoidance,Cost avoidance,3,31,15,2,22,20,1.0,,1,32,0,32,0,0,5,,0.011827956989247311,,0.03036723163841808,0.0,0.0,0.0,1.0,0.0,0.0
prediction_loss_decoupling,offroute20,offroute20,18,uncertainty_cost_avoidance,Cost avoidance,4,31,15,2,22,20,1.0,,1,32,0,32,0,0,5,,0.011827956989247311,,0.03036723163841808,0.0,0.0,0.0,1.0,0.0,0.0
prediction_loss_decoupling,offroute20,offroute20,18,ccra_exact_guard,CCRA exact,0,31,15,2,22,20,1.0,,1,38,4,38,0,0,4,,0.00967741935483871,,0.009180790960451978,4.0,4.0,0.0,1.0,0.18181818181818182,0.0
prediction_loss_decoupling,offroute20,offroute20,18,ccra_exact_guard,CCRA exact,1,31,15,2,22,20,1.0,,1,33,1,33,0,0,5,,0.00913978494623656,,0.007415254237288136,5.0,5.0,0.0,1.0,0.22727272727272727,0.0
prediction_loss_decoupling,offroute20,offroute20,18,ccra_exact_guard,CCRA exact,2,31,15,2,22,20,1.0,,1,32,0,32,0,0,5,,0.00913978494623656,,0.007415254237288136,5.0,5.0,0.0,1.0,0.22727272727272727,0.0
prediction_loss_decoupling,offroute20,offroute20,18,ccra_exact_guard,CCRA exact,3,31,15,2,22,20,1.0,,1,32,0,32,0,0,5,,0.00913978494623656,,0.007415254237288136,5.0,5.0,0.0,1.0,0.22727272727272727,0.0
prediction_loss_decoupling,offroute20,offroute20,18,ccra_exact_guard,CCRA exact,4,31,15,2,22,20,1.0,,1,32,0,32,0,0,5,,0.00913978494623656,,0.007415254237288136,5.0,5.0,0.0,1.0,0.22727272727272727,0.0
prediction_loss_decoupling,offroute20,offroute20,18,ccra_row_guard,CCRA row,0,31,15,2,22,20,1.0,,1,42,4,42,0,0,4,,0.06774193548387097,,0.3608757062146893,120.0,8.0,112.0,0.06666666666666667,0.36363636363636365,0.9333333333333333
prediction_loss_decoupling,offroute20,offroute20,18,ccra_row_guard,CCRA row,1,31,15,2,22,20,1.0,,1,34,0,34,0,0,4,,0.06774193548387097,,0.3608757062146893,120.0,8.0,112.0,0.06666666666666667,0.36363636363636365,0.9333333333333333
prediction_loss_decoupling,offroute20,offroute20,18,ccra_row_guard,CCRA row,2,31,15,2,22,20,1.0,,1,34,0,34,0,0,4,,0.06774193548387097,,0.3608757062146893,120.0,8.0,112.0,0.06666666666666667,0.36363636363636365,0.9333333333333333
prediction_loss_decoupling,offroute20,offroute20,18,ccra_row_guard,CCRA row,3,31,15,2,22,20,1.0,,1,34,0,34,0,0,4,,0.06774193548387097,,0.3608757062146893,120.0,8.0,112.0,0.06666666666666667,0.36363636363636365,0.9333333333333333
prediction_loss_decoupling,offroute20,offroute20,18,ccra_row_guard,CCRA row,4,31,15,2,22,20,1.0,,1,34,0,34,0,0,4,,0.06774193548387097,,0.3608757062146893,120.0,8.0,112.0,0.06666666666666667,0.36363636363636365,0.9333333333333333
prediction_loss_decoupling,offroute20,offroute20,18,global_action_repair,Global action,0,31,15,2,22,20,1.0,,0,6,3,7,0,0,1,,0.23010752688172043,,0.4675141242937853,450.0,22.0,428.0,0.04888888888888889,1.0,0.9511111111111111
prediction_loss_decoupling,offroute20,offroute20,18,global_action_repair,Global action,1,31,15,2,22,20,1.0,,0,0,0,1,0,0,1,,0.23010752688172043,,0.4675141242937853,450.0,22.0,428.0,0.04888888888888889,1.0,0.9511111111111111
prediction_loss_decoupling,offroute20,offroute20,18,global_action_repair,Global action,2,31,15,2,22,20,1.0,,0,0,0,1,0,0,1,,0.23010752688172043,,0.4675141242937853,450.0,22.0,428.0,0.04888888888888889,1.0,0.9511111111111111
prediction_loss_decoupling,offroute20,offroute20,18,global_action_repair,Global action,3,31,15,2,22,20,1.0,,0,0,0,1,0,0,1,,0.23010752688172043,,0.4675141242937853,450.0,22.0,428.0,0.04888888888888889,1.0,0.9511111111111111
prediction_loss_decoupling,offroute20,offroute20,18,global_action_repair,Global action,4,31,15,2,22,20,1.0,,0,0,0,1,0,0,1,,0.23010752688172043,,0.4675141242937853,450.0,22.0,428.0,0.04888888888888889,1.0,0.9511111111111111
prediction_loss_decoupling,offroute20,offroute20,18,oracle_fault_model,Oracle,0,31,15,2,22,20,1.0,,1,32,0,32,0,0,0,,0.0,,0.0,22.0,22.0,0.0,1.0,1.0,0.0
prediction_loss_decoupling,offroute20,offroute20,18,oracle_fault_model,Oracle,1,31,15,2,22,20,1.0,,1,32,0,32,0,0,0,,0.0,,0.0,22.0,22.0,0.0,1.0,1.0,0.0
prediction_loss_decoupling,offroute20,offroute20,18,oracle_fault_model,Oracle,2,31,15,2,22,20,1.0,,1,32,0,32,0,0,0,,0.0,,0.0,22.0,22.0,0.0,1.0,1.0,0.0
prediction_loss_decoupling,offroute20,offroute20,18,oracle_fault_model,Oracle,3,31,15,2,22,20,1.0,,1,32,0,32,0,0,0,,0.0,,0.0,22.0,22.0,0.0,1.0,1.0,0.0
prediction_loss_decoupling,offroute20,offroute20,18,oracle_fault_model,Oracle,4,31,15,2,22,20,1.0,,1,32,0,32,0,0,0,,0.0,,0.0,22.0,22.0,0.0,1.0,1.0,0.0
prediction_loss_decoupling,offroute20,offroute20,19,nominal_no_repair,Nominal,0,31,15,2,22,20,1.0,,0,180,170,11,0,1,0,,0.011827956989247311,,0.028954802259887006,0.0,0.0,0.0,1.0,0.0,0.0
prediction_loss_decoupling,offroute20,offroute20,19,nominal_no_repair,Nominal,1,31,15,2,22,20,1.0,,0,180,170,11,0,1,0,,0.011827956989247311,,0.028954802259887006,0.0,0.0,0.0,1.0,0.0,0.0
prediction_loss_decoupling,offroute20,offroute20,19,nominal_no_repair,Nominal,2,31,15,2,22,20,1.0,,0,180,170,11,0,1,0,,0.011827956989247311,,0.028954802259887006,0.0,0.0,0.0,1.0,0.0,0.0
prediction_loss_decoupling,offroute20,offroute20,19,nominal_no_repair,Nominal,3,31,15,2,22,20,1.0,,0,180,170,11,0,1,0,,0.011827956989247311,,0.028954802259887006,0.0,0.0,0.0,1.0,0.0,0.0
prediction_loss_decoupling,offroute20,offroute20,19,nominal_no_repair,Nominal,4,31,15,2,22,20,1.0,,0,180,170,11,0,1,0,,0.011827956989247311,,0.028954802259887006,0.0,0.0,0.0,1.0,0.0,0.0
prediction_loss_decoupling,offroute20,offroute20,19,shield_only,Shield only,0,31,15,2,22,20,1.0,,0,180,170,12,1,1,1,,0.011827956989247311,,0.028954802259887006,0.0,0.0,0.0,1.0,0.0,0.0
prediction_loss_decoupling,offroute20,offroute20,19,shield_only,Shield only,1,31,15,2,22,20,1.0,,0,180,170,11,1,1,1,,0.011827956989247311,,0.028954802259887006,0.0,0.0,0.0,1.0,0.0,0.0
prediction_loss_decoupling,offroute20,offroute20,19,shield_only,Shield only,2,31,15,2,22,20,1.0,,0,180,170,11,1,1,1,,0.011827956989247311,,0.028954802259887006,0.0,0.0,0.0,1.0,0.0,0.0
prediction_loss_decoupling,offroute20,offroute20,19,shield_only,Shield only,3,31,15,2,22,20,1.0,,0,180,170,11,1,1,1,,0.011827956989247311,,0.028954802259887006,0.0,0.0,0.0,1.0,0.0,0.0
prediction_loss_decoupling,offroute20,offroute20,19,shield_only,Shield only,4,31,15,2,22,20,1.0,,0,180,170,11,1,1,1,,0.011827956989247311,,0.028954802259887006,0.0,0.0,0.0,1.0,0.0,0.0
prediction_loss_decoupling,offroute20,offroute20,19,batch_episode_retrain,Batch episode,0,31,15,2,22,20,1.0,,0,180,170,11,0,1,0,,0.011827956989247311,,0.028954802259887006,0.0,0.0,0.0,1.0,0.0,0.0
prediction_loss_decoupling,offroute20,offroute20,19,batch_episode_retrain,Batch episode,1,31,15,2,22,20,1.0,,0,180,166,15,0,1,1,,0.01129032258064516,,0.020127118644067795,1.0,1.0,0.0,1.0,0.045454545454545456,0.0
prediction_loss_decoupling,offroute20,offroute20,19,batch_episode_retrain,Batch episode,2,31,15,2,22,20,1.0,,0,180,158,23,0,1,2,,0.010752688172043012,,0.018361581920903956,2.0,2.0,0.0,1.0,0.09090909090909091,0.0
prediction_loss_decoupling,offroute20,offroute20,19,batch_episode_retrain,Batch episode,3,31,15,2,22,20,1.0,,0,180,165,16,0,1,3,,0.01021505376344086,,0.009533898305084746,3.0,3.0,0.0,1.0,0.13636363636363635,0.0
prediction_loss_decoupling,offroute20,offroute20,19,batch_episode_retrain,Batch episode,4,31,15,2,22,20,1.0,,1,34,0,34,0,0,4,,0.00967741935483871,,0.007768361581920904,4.0,4.0,0.0,1.0,0.18181818181818182,0.0
prediction_loss_decoupling,offroute20,offroute20,19,threshold_8,Threshold 8,0,31,15,2,22,20,1.0,,1,58,24,58,0,0,3,,0.01021505376344086,,0.009533898305084746,3.0,3.0,0.0,1.0,0.13636363636363635,0.0
prediction_loss_decoupling,offroute20,offroute20,19,threshold_8,Threshold 8,1,31,15,2,22,20,1.0,,1,42,8,42,0,0,4,,0.00967741935483871,,0.007768361581920904,4.0,4.0,0.0,1.0,0.18181818181818182,0.0
prediction_loss_decoupling,offroute20,offroute20,19,threshold_8,Threshold 8,2,31,15,2,22,20,1.0,,1,34,0,34,0,0,4,,0.00967741935483871,,0.007768361581920904,4.0,4.0,0.0,1.0,0.18181818181818182,0.0
prediction_loss_decoupling,offroute20,offroute20,19,threshold_8,Threshold 8,3,31,15,2,22,20,1.0,,1,34,0,34,0,0,4,,0.00967741935483871,,0.007768361581920904,4.0,4.0,0.0,1.0,0.18181818181818182,0.0
prediction_loss_decoupling,offroute20,offroute20,19,threshold_8,Threshold 8,4,31,15,2,22,20,1.0,,1,34,0,34,0,0,4,,0.00967741935483871,,0.007768361581920904,4.0,4.0,0.0,1.0,0.18181818181818182,0.0
prediction_loss_decoupling,offroute20,offroute20,19,uncertainty_cost_avoidance,Cost avoidance,0,31,15,2,22,20,1.0,,1,37,3,37,0,0,3,,0.011827956989247311,,0.028954802259887006,0.0,0.0,0.0,1.0,0.0,0.0
prediction_loss_decoupling,offroute20,offroute20,19,uncertainty_cost_avoidance,Cost avoidance,1,31,15,2,22,20,1.0,,1,35,1,35,0,0,4,,0.011827956989247311,,0.028954802259887006,0.0,0.0,0.0,1.0,0.0,0.0
prediction_loss_decoupling,offroute20,offroute20,19,uncertainty_cost_avoidance,Cost avoidance,2,31,15,2,22,20,1.0,,1,34,0,34,0,0,4,,0.011827956989247311,,0.028954802259887006,0.0,0.0,0.0,1.0,0.0,0.0
prediction_loss_decoupling,offroute20,offroute20,19,uncertainty_cost_avoidance,Cost avoidance,3,31,15,2,22,20,1.0,,1,34,0,34,0,0,4,,0.011827956989247311,,0.028954802259887006,0.0,0.0,0.0,1.0,0.0,0.0
prediction_loss_decoupling,offroute20,offroute20,19,uncertainty_cost_avoidance,Cost avoidance,4,31,15,2,22,20,1.0,,1,34,0,34,0,0,4,,0.011827956989247311,,0.028954802259887006,0.0,0.0,0.0,1.0,0.0,0.0
prediction_loss_decoupling,offroute20,offroute20,19,ccra_exact_guard,CCRA exact,0,31,15,2,22,20,1.0,,1,37,3,37,0,0,3,,0.01021505376344086,,0.009533898305084746,3.0,3.0,0.0,1.0,0.13636363636363635,0.0
prediction_loss_decoupling,offroute20,offroute20,19,ccra_exact_guard,CCRA exact,1,31,15,2,22,20,1.0,,1,35,1,35,0,0,4,,0.00967741935483871,,0.007768361581920904,4.0,4.0,0.0,1.0,0.18181818181818182,0.0
prediction_loss_decoupling,offroute20,offroute20,19,ccra_exact_guard,CCRA exact,2,31,15,2,22,20,1.0,,1,34,0,34,0,0,4,,0.00967741935483871,,0.007768361581920904,4.0,4.0,0.0,1.0,0.18181818181818182,0.0
prediction_loss_decoupling,offroute20,offroute20,19,ccra_exact_guard,CCRA exact,3,31,15,2,22,20,1.0,,1,34,0,34,0,0,4,,0.00967741935483871,,0.007768361581920904,4.0,4.0,0.0,1.0,0.18181818181818182,0.0
prediction_loss_decoupling,offroute20,offroute20,19,ccra_exact_guard,CCRA exact,4,31,15,2,22,20,1.0,,1,34,0,34,0,0,4,,0.00967741935483871,,0.007768361581920904,4.0,4.0,0.0,1.0,0.18181818181818182,0.0
prediction_loss_decoupling,offroute20,offroute20,19,ccra_row_guard,CCRA row,0,31,15,2,22,20,1.0,,1,39,3,39,0,0,3,,0.054838709677419356,,0.3538135593220339,90.0,5.0,85.0,0.05555555555555555,0.22727272727272727,0.9444444444444444
prediction_loss_decoupling,offroute20,offroute20,19,ccra_row_guard,CCRA row,1,31,15,2,22,20,1.0,,1,40,2,40,0,0,5,,0.08494623655913978,,0.3735875706214689,150.0,7.0,143.0,0.04666666666666667,0.3181818181818182,0.9533333333333334
prediction_loss_decoupling,offroute20,offroute20,19,ccra_row_guard,CCRA row,2,31,15,2,22,20,1.0,,1,43,3,43,0,0,8,,0.12795698924731183,,0.4018361581920904,240.0,12.0,228.0,0.05,0.5454545454545454,0.95
prediction_loss_decoupling,offroute20,offroute20,19,ccra_row_guard,CCRA row,3,31,15,2,22,20,1.0,,1,58,4,58,0,0,12,,0.18494623655913978,,0.4392655367231638,360.0,19.0,341.0,0.05277777777777778,0.8636363636363636,0.9472222222222222
prediction_loss_decoupling,offroute20,offroute20,19,ccra_row_guard,CCRA row,4,31,15,2,22,20,1.0,,1,43,1,43,0,0,13,,0.1989247311827957,,0.4484463276836158,390.0,21.0,369.0,0.05384615384615385,0.9545454545454546,0.9461538461538461
prediction_loss_decoupling,offroute20,offroute20,19,global_action_repair,Global action,0,31,15,2,22,20,1.0,,0,13,3,14,0,0,1,,0.23010752688172043,,0.4689265536723164,450.0,22.0,428.0,0.04888888888888889,1.0,0.9511111111111111
prediction_loss_decoupling,offroute20,offroute20,19,global_action_repair,Global action,1,31,15,2,22,20,1.0,,0,0,0,1,0,0,1,,0.23010752688172043,,0.4689265536723164,450.0,22.0,428.0,0.04888888888888889,1.0,0.9511111111111111
prediction_loss_decoupling,offroute20,offroute20,19,global_action_repair,Global action,2,31,15,2,22,20,1.0,,0,0,0,1,0,0,1,,0.23010752688172043,,0.4689265536723164,450.0,22.0,428.0,0.04888888888888889,1.0,0.9511111111111111
prediction_loss_decoupling,offroute20,offroute20,19,global_action_repair,Global action,3,31,15,2,22,20,1.0,,0,0,0,1,0,0,1,,0.23010752688172043,,0.4689265536723164,450.0,22.0,428.0,0.04888888888888889,1.0,0.9511111111111111
prediction_loss_decoupling,offroute20,offroute20,19,global_action_repair,Global action,4,31,15,2,22,20,1.0,,0,0,0,1,0,0,1,,0.23010752688172043,,0.4689265536723164,450.0,22.0,428.0,0.04888888888888889,1.0,0.9511111111111111
prediction_loss_decoupling,offroute20,offroute20,19,oracle_fault_model,Oracle,0,31,15,2,22,20,1.0,,1,34,0,34,0,0,0,,0.0,,0.0,22.0,22.0,0.0,1.0,1.0,0.0
prediction_loss_decoupling,offroute20,offroute20,19,oracle_fault_model,Oracle,1,31,15,2,22,20,1.0,,1,34,0,34,0,0,0,,0.0,,0.0,22.0,22.0,0.0,1.0,1.0,0.0
prediction_loss_decoupling,offroute20,offroute20,19,oracle_fault_model,Oracle,2,31,15,2,22,20,1.0,,1,34,0,34,0,0,0,,0.0,,0.0,22.0,22.0,0.0,1.0,1.0,0.0
prediction_loss_decoupling,offroute20,offroute20,19,oracle_fault_model,Oracle,3,31,15,2,22,20,1.0,,1,34,0,34,0,0,0,,0.0,,0.0,22.0,22.0,0.0,1.0,1.0,0.0
prediction_loss_decoupling,offroute20,offroute20,19,oracle_fault_model,Oracle,4,31,15,2,22,20,1.0,,1,34,0,34,0,0,0,,0.0,,0.0,22.0,22.0,0.0,1.0,1.0,0.0
prediction_loss_decoupling,offroute60,offroute60,0,nominal_no_repair,Nominal,0,31,15,2,62,60,1.0,,0,180,177,4,0,1,0,,0.03333333333333333,,0.05296610169491525,0.0,0.0,0.0,1.0,0.0,0.0
prediction_loss_decoupling,offroute60,offroute60,0,nominal_no_repair,Nominal,1,31,15,2,62,60,1.0,,0,180,177,4,0,1,0,,0.03333333333333333,,0.05296610169491525,0.0,0.0,0.0,1.0,0.0,0.0
prediction_loss_decoupling,offroute60,offroute60,0,nominal_no_repair,Nominal,2,31,15,2,62,60,1.0,,0,180,177,4,0,1,0,,0.03333333333333333,,0.05296610169491525,0.0,0.0,0.0,1.0,0.0,0.0
prediction_loss_decoupling,offroute60,offroute60,0,nominal_no_repair,Nominal,3,31,15,2,62,60,1.0,,0,180,177,4,0,1,0,,0.03333333333333333,,0.05296610169491525,0.0,0.0,0.0,1.0,0.0,0.0
prediction_loss_decoupling,offroute60,offroute60,0,nominal_no_repair,Nominal,4,31,15,2,62,60,1.0,,0,180,177,4,0,1,0,,0.03333333333333333,,0.05296610169491525,0.0,0.0,0.0,1.0,0.0,0.0
prediction_loss_decoupling,offroute60,offroute60,0,shield_only,Shield only,0,31,15,2,62,60,1.0,,0,180,177,5,1,1,1,,0.03333333333333333,,0.05296610169491525,0.0,0.0,0.0,1.0,0.0,0.0
prediction_loss_decoupling,offroute60,offroute60,0,shield_only,Shield only,1,31,15,2,62,60,1.0,,0,180,177,4,1,1,1,,0.03333333333333333,,0.05296610169491525,0.0,0.0,0.0,1.0,0.0,0.0
prediction_loss_decoupling,offroute60,offroute60,0,shield_only,Shield only,2,31,15,2,62,60,1.0,,0,180,177,4,1,1,1,,0.03333333333333333,,0.05296610169491525,0.0,0.0,0.0,1.0,0.0,0.0
prediction_loss_decoupling,offroute60,offroute60,0,shield_only,Shield only,3,31,15,2,62,60,1.0,,0,180,177,4,1,1,1,,0.03333333333333333,,0.05296610169491525,0.0,0.0,0.0,1.0,0.0,0.0
prediction_loss_decoupling,offroute60,offroute60,0,shield_only,Shield only,4,31,15,2,62,60,1.0,,0,180,177,4,1,1,1,,0.03333333333333333,,0.05296610169491525,0.0,0.0,0.0,1.0,0.0,0.0
prediction_loss_decoupling,offroute60,offroute60,0,batch_episode_retrain,Batch episode,0,31,15,2,62,60,1.0,,0,180,177,4,0,1,0,,0.03333333333333333,,0.05296610169491525,0.0,0.0,0.0,1.0,0.0,0.0
prediction_loss_decoupling,offroute60,offroute60,0,batch_episode_retrain,Batch episode,1,31,15,2,62,60,1.0,,0,180,170,11,0,1,1,,0.032795698924731186,,0.04413841807909605,1.0,1.0,0.0,1.0,0.016129032258064516,0.0
prediction_loss_decoupling,offroute60,offroute60,0,batch_episode_retrain,Batch episode,2,31,15,2,62,60,1.0,,0,180,167,14,0,1,2,,0.03225806451612903,,0.0423728813559322,2.0,2.0,0.0,1.0,0.03225806451612903,0.0
prediction_loss_decoupling,offroute60,offroute60,0,batch_episode_retrain,Batch episode,3,31,15,2,62,60,1.0,,0,180,176,5,0,1,3,,0.031720430107526884,,0.033545197740113,3.0,3.0,0.0,1.0,0.04838709677419355,0.0
prediction_loss_decoupling,offroute60,offroute60,0,batch_episode_retrain,Batch episode,4,31,15,2,62,60,1.0,,0,180,161,20,0,1,4,,0.03118279569892473,,0.03177966101694915,4.0,4.0,0.0,1.0,0.06451612903225806,0.0
prediction_loss_decoupling,offroute60,offroute60,0,threshold_8,Threshold 8,0,31,15,2,62,60,1.0,,1,66,32,66,0,0,4,,0.03118279569892473,,0.03177966101694915,4.0,4.0,0.0,1.0,0.06451612903225806,0.0
prediction_loss_decoupling,offroute60,offroute60,0,threshold_8,Threshold 8,1,31,15,2,62,60,1.0,,1,60,24,60,0,0,7,,0.02956989247311828,,0.0278954802259887,7.0,7.0,0.0,1.0,0.11290322580645161,0.0
prediction_loss_decoupling,offroute60,offroute60,0,threshold_8,Threshold 8,2,31,15,2,62,60,1.0,,1,34,0,34,0,0,7,,0.02956989247311828,,0.0278954802259887,7.0,7.0,0.0,1.0,0.11290322580645161,0.0
prediction_loss_decoupling,offroute60,offroute60,0,threshold_8,Threshold 8,3,31,15,2,62,60,1.0,,1,34,0,34,0,0,7,,0.02956989247311828,,0.0278954802259887,7.0,7.0,0.0,1.0,0.11290322580645161,0.0
prediction_loss_decoupling,offroute60,offroute60,0,threshold_8,Threshold 8,4,31,15,2,62,60,1.0,,1,34,0,34,0,0,7,,0.02956989247311828,,0.0278954802259887,7.0,7.0,0.0,1.0,0.11290322580645161,0.0
prediction_loss_decoupling,offroute60,offroute60,0,uncertainty_cost_avoidance,Cost avoidance,0,31,15,2,62,60,1.0,,1,38,4,38,0,0,4,,0.03333333333333333,,0.05296610169491525,0.0,0.0,0.0,1.0,0.0,0.0
prediction_loss_decoupling,offroute60,offroute60,0,uncertainty_cost_avoidance,Cost avoidance,1,31,15,2,62,60,1.0,,1,39,3,39,0,0,7,,0.03333333333333333,,0.05296610169491525,0.0,0.0,0.0,1.0,0.0,0.0
prediction_loss_decoupling,offroute60,offroute60,0,uncertainty_cost_avoidance,Cost avoidance,2,31,15,2,62,60,1.0,,1,34,0,34,0,0,7,,0.03333333333333333,,0.05296610169491525,0.0,0.0,0.0,1.0,0.0,0.0
prediction_loss_decoupling,offroute60,offroute60,0,uncertainty_cost_avoidance,Cost avoidance,3,31,15,2,62,60,1.0,,1,34,0,34,0,0,7,,0.03333333333333333,,0.05296610169491525,0.0,0.0,0.0,1.0,0.0,0.0
prediction_loss_decoupling,offroute60,offroute60,0,uncertainty_cost_avoidance,Cost avoidance,4,31,15,2,62,60,1.0,,1,34,0,34,0,0,7,,0.03333333333333333,,0.05296610169491525,0.0,0.0,0.0,1.0,0.0,0.0
prediction_loss_decoupling,offroute60,offroute60,0,ccra_exact_guard,CCRA exact,0,31,15,2,62,60,1.0,,1,38,4,38,0,0,4,,0.03118279569892473,,0.03177966101694915,4.0,4.0,0.0,1.0,0.06451612903225806,0.0
prediction_loss_decoupling,offroute60,offroute60,0,ccra_exact_guard,CCRA exact,1,31,15,2,62,60,1.0,,1,39,3,39,0,0,7,,0.02956989247311828,,0.0278954802259887,7.0,7.0,0.0,1.0,0.11290322580645161,0.0
prediction_loss_decoupling,offroute60,offroute60,0,ccra_exact_guard,CCRA exact,2,31,15,2,62,60,1.0,,1,34,0,34,0,0,7,,0.02956989247311828,,0.0278954802259887,7.0,7.0,0.0,1.0,0.11290322580645161,0.0
prediction_loss_decoupling,offroute60,offroute60,0,ccra_exact_guard,CCRA exact,3,31,15,2,62,60,1.0,,1,34,0,34,0,0,7,,0.02956989247311828,,0.0278954802259887,7.0,7.0,0.0,1.0,0.11290322580645161,0.0
prediction_loss_decoupling,offroute60,offroute60,0,ccra_exact_guard,CCRA exact,4,31,15,2,62,60,1.0,,1,34,0,34,0,0,7,,0.02956989247311828,,0.0278954802259887,7.0,7.0,0.0,1.0,0.11290322580645161,0.0
prediction_loss_decoupling,offroute60,offroute60,0,ccra_row_guard,CCRA row,0,31,15,2,62,60,1.0,,1,48,6,48,0,0,6,,0.1,,0.3735875706214689,180.0,28.0,152.0,0.15555555555555556,0.45161290322580644,0.8444444444444444
prediction_loss_decoupling,offroute60,offroute60,0,ccra_row_guard,CCRA row,1,31,15,2,62,60,1.0,,1,43,3,43,0,0,9,,0.13870967741935483,,0.3990112994350282,270.0,37.0,233.0,0.13703703703703704,0.5967741935483871,0.8629629629629629
prediction_loss_decoupling,offroute60,offroute60,0,ccra_row_guard,CCRA row,2,31,15,2,62,60,1.0,,1,40,0,40,0,0,9,,0.13870967741935483,,0.3990112994350282,270.0,37.0,233.0,0.13703703703703704,0.5967741935483871,0.8629629629629629
prediction_loss_decoupling,offroute60,offroute60,0,ccra_row_guard,CCRA row,3,31,15,2,62,60,1.0,,1,40,0,40,0,0,9,,0.13870967741935483,,0.3990112994350282,270.0,37.0,233.0,0.13703703703703704,0.5967741935483871,0.8629629629629629
prediction_loss_decoupling,offroute60,offroute60,0,ccra_row_guard,CCRA row,4,31,15,2,62,60,1.0,,1,40,0,40,0,0,9,,0.13870967741935483,,0.3990112994350282,270.0,37.0,233.0,0.13703703703703704,0.5967741935483871,0.8629629629629629
prediction_loss_decoupling,offroute60,offroute60,0,global_action_repair,Global action,0,31,15,2,62,60,1.0,,0,6,3,7,0,0,1,,0.2086021505376344,,0.4449152542372881,450.0,62.0,388.0,0.13777777777777778,1.0,0.8622222222222222
prediction_loss_decoupling,offroute60,offroute60,0,global_action_repair,Global action,1,31,15,2,62,60,1.0,,0,0,0,1,0,0,1,,0.2086021505376344,,0.4449152542372881,450.0,62.0,388.0,0.13777777777777778,1.0,0.8622222222222222
prediction_loss_decoupling,offroute60,offroute60,0,global_action_repair,Global action,2,31,15,2,62,60,1.0,,0,0,0,1,0,0,1,,0.2086021505376344,,0.4449152542372881,450.0,62.0,388.0,0.13777777777777778,1.0,0.8622222222222222
prediction_loss_decoupling,offroute60,offroute60,0,global_action_repair,Global action,3,31,15,2,62,60,1.0,,0,0,0,1,0,0,1,,0.2086021505376344,,0.4449152542372881,450.0,62.0,388.0,0.13777777777777778,1.0,0.8622222222222222
prediction_loss_decoupling,offroute60,offroute60,0,global_action_repair,Global action,4,31,15,2,62,60,1.0,,0,0,0,1,0,0,1,,0.2086021505376344,,0.4449152542372881,450.0,62.0,388.0,0.13777777777777778,1.0,0.8622222222222222
prediction_loss_decoupling,offroute60,offroute60,0,oracle_fault_model,Oracle,0,31,15,2,62,60,1.0,,1,34,0,34,0,0,0,,0.0,,0.0,62.0,62.0,0.0,1.0,1.0,0.0
prediction_loss_decoupling,offroute60,offroute60,0,oracle_fault_model,Oracle,1,31,15,2,62,60,1.0,,1,34,0,34,0,0,0,,0.0,,0.0,62.0,62.0,0.0,1.0,1.0,0.0
prediction_loss_decoupling,offroute60,offroute60,0,oracle_fault_model,Oracle,2,31,15,2,62,60,1.0,,1,34,0,34,0,0,0,,0.0,,0.0,62.0,62.0,0.0,1.0,1.0,0.0
prediction_loss_decoupling,offroute60,offroute60,0,oracle_fault_model,Oracle,3,31,15,2,62,60,1.0,,1,34,0,34,0,0,0,,0.0,,0.0,62.0,62.0,0.0,1.0,1.0,0.0
prediction_loss_decoupling,offroute60,offroute60,0,oracle_fault_model,Oracle,4,31,15,2,62,60,1.0,,1,34,0,34,0,0,0,,0.0,,0.0,62.0,62.0,0.0,1.0,1.0,0.0
prediction_loss_decoupling,offroute60,offroute60,1,nominal_no_repair,Nominal,0,31,15,2,62,60,1.0,,0,180,178,3,0,1,0,,0.03333333333333333,,0.05155367231638418,0.0,0.0,0.0,1.0,0.0,0.0
prediction_loss_decoupling,offroute60,offroute60,1,nominal_no_repair,Nominal,1,31,15,2,62,60,1.0,,0,180,178,3,0,1,0,,0.03333333333333333,,0.05155367231638418,0.0,0.0,0.0,1.0,0.0,0.0
prediction_loss_decoupling,offroute60,offroute60,1,nominal_no_repair,Nominal,2,31,15,2,62,60,1.0,,0,180,178,3,0,1,0,,0.03333333333333333,,0.05155367231638418,0.0,0.0,0.0,1.0,0.0,0.0
prediction_loss_decoupling,offroute60,offroute60,1,nominal_no_repair,Nominal,3,31,15,2,62,60,1.0,,0,180,178,3,0,1,0,,0.03333333333333333,,0.05155367231638418,0.0,0.0,0.0,1.0,0.0,0.0
prediction_loss_decoupling,offroute60,offroute60,1,nominal_no_repair,Nominal,4,31,15,2,62,60,1.0,,0,180,178,3,0,1,0,,0.03333333333333333,,0.05155367231638418,0.0,0.0,0.0,1.0,0.0,0.0
prediction_loss_decoupling,offroute60,offroute60,1,shield_only,Shield only,0,31,15,2,62,60,1.0,,0,180,178,4,1,1,1,,0.03333333333333333,,0.05155367231638418,0.0,0.0,0.0,1.0,0.0,0.0
prediction_loss_decoupling,offroute60,offroute60,1,shield_only,Shield only,1,31,15,2,62,60,1.0,,0,180,178,3,1,1,1,,0.03333333333333333,,0.05155367231638418,0.0,0.0,0.0,1.0,0.0,0.0
prediction_loss_decoupling,offroute60,offroute60,1,shield_only,Shield only,2,31,15,2,62,60,1.0,,0,180,178,3,1,1,1,,0.03333333333333333,,0.05155367231638418,0.0,0.0,0.0,1.0,0.0,0.0
prediction_loss_decoupling,offroute60,offroute60,1,shield_only,Shield only,3,31,15,2,62,60,1.0,,0,180,178,3,1,1,1,,0.03333333333333333,,0.05155367231638418,0.0,0.0,0.0,1.0,0.0,0.0
prediction_loss_decoupling,offroute60,offroute60,1,shield_only,Shield only,4,31,15,2,62,60,1.0,,0,180,178,3,1,1,1,,0.03333333333333333,,0.05155367231638418,0.0,0.0,0.0,1.0,0.0,0.0
prediction_loss_decoupling,offroute60,offroute60,1,batch_episode_retrain,Batch episode,0,31,15,2,62,60,1.0,,0,180,178,3,0,1,0,,0.03333333333333333,,0.05155367231638418,0.0,0.0,0.0,1.0,0.0,0.0
prediction_loss_decoupling,offroute60,offroute60,1,batch_episode_retrain,Batch episode,1,31,15,2,62,60,1.0,,0,180,170,11,0,1,1,,0.032795698924731186,,0.042725988700564974,1.0,1.0,0.0,1.0,0.016129032258064516,0.0
prediction_loss_decoupling,offroute60,offroute60,1,batch_episode_retrain,Batch episode,2,31,15,2,62,60,1.0,,0,180,161,20,0,1,2,,0.03225806451612903,,0.04096045197740113,2.0,2.0,0.0,1.0,0.03225806451612903,0.0
prediction_loss_decoupling,offroute60,offroute60,1,batch_episode_retrain,Batch episode,3,31,15,2,62,60,1.0,,0,180,165,16,0,1,3,,0.031720430107526884,,0.03213276836158192,3.0,3.0,0.0,1.0,0.04838709677419355,0.0
prediction_loss_decoupling,offroute60,offroute60,1,batch_episode_retrain,Batch episode,4,31,15,2,62,60,1.0,,0,180,157,24,0,1,4,,0.03118279569892473,,0.03036723163841808,4.0,4.0,0.0,1.0,0.06451612903225806,0.0
prediction_loss_decoupling,offroute60,offroute60,1,threshold_8,Threshold 8,0,31,15,2,62,60,1.0,,1,66,32,66,0,0,4,,0.03118279569892473,,0.03036723163841808,4.0,4.0,0.0,1.0,0.06451612903225806,0.0
prediction_loss_decoupling,offroute60,offroute60,1,threshold_8,Threshold 8,1,31,15,2,62,60,1.0,,1,42,8,42,0,0,5,,0.03064516129032258,,0.028601694915254237,5.0,5.0,0.0,1.0,0.08064516129032258,0.0
prediction_loss_decoupling,offroute60,offroute60,1,threshold_8,Threshold 8,2,31,15,2,62,60,1.0,,1,34,0,34,0,0,5,,0.03064516129032258,,0.028601694915254237,5.0,5.0,0.0,1.0,0.08064516129032258,0.0
prediction_loss_decoupling,offroute60,offroute60,1,threshold_8,Threshold 8,3,31,15,2,62,60,1.0,,1,34,0,34,0,0,5,,0.03064516129032258,,0.028601694915254237,5.0,5.0,0.0,1.0,0.08064516129032258,0.0
prediction_loss_decoupling,offroute60,offroute60,1,threshold_8,Threshold 8,4,31,15,2,62,60,1.0,,1,34,0,34,0,0,5,,0.03064516129032258,,0.028601694915254237,5.0,5.0,0.0,1.0,0.08064516129032258,0.0
prediction_loss_decoupling,offroute60,offroute60,1,uncertainty_cost_avoidance,Cost avoidance,0,31,15,2,62,60,1.0,,1,38,4,38,0,0,4,,0.03333333333333333,,0.05155367231638418,0.0,0.0,0.0,1.0,0.0,0.0
prediction_loss_decoupling,offroute60,offroute60,1,uncertainty_cost_avoidance,Cost avoidance,1,31,15,2,62,60,1.0,,1,35,1,35,0,0,5,,0.03333333333333333,,0.05155367231638418,0.0,0.0,0.0,1.0,0.0,0.0
prediction_loss_decoupling,offroute60,offroute60,1,uncertainty_cost_avoidance,Cost avoidance,2,31,15,2,62,60,1.0,,1,34,0,34,0,0,5,,0.03333333333333333,,0.05155367231638418,0.0,0.0,0.0,1.0,0.0,0.0
prediction_loss_decoupling,offroute60,offroute60,1,uncertainty_cost_avoidance,Cost avoidance,3,31,15,2,62,60,1.0,,1,34,0,34,0,0,5,,0.03333333333333333,,0.05155367231638418,0.0,0.0,0.0,1.0,0.0,0.0
prediction_loss_decoupling,offroute60,offroute60,1,uncertainty_cost_avoidance,Cost avoidance,4,31,15,2,62,60,1.0,,1,34,0,34,0,0,5,,0.03333333333333333,,0.05155367231638418,0.0,0.0,0.0,1.0,0.0,0.0
prediction_loss_decoupling,offroute60,offroute60,1,ccra_exact_guard,CCRA exact,0,31,15,2,62,60,1.0,,1,38,4,38,0,0,4,,0.03118279569892473,,0.03036723163841808,4.0,4.0,0.0,1.0,0.06451612903225806,0.0
prediction_loss_decoupling,offroute60,offroute60,1,ccra_exact_guard,CCRA exact,1,31,15,2,62,60,1.0,,1,35,1,35,0,0,5,,0.03064516129032258,,0.028601694915254237,5.0,5.0,0.0,1.0,0.08064516129032258,0.0
prediction_loss_decoupling,offroute60,offroute60,1,ccra_exact_guard,CCRA exact,2,31,15,2,62,60,1.0,,1,34,0,34,0,0,5,,0.03064516129032258,,0.028601694915254237,5.0,5.0,0.0,1.0,0.08064516129032258,0.0
prediction_loss_decoupling,offroute60,offroute60,1,ccra_exact_guard,CCRA exact,3,31,15,2,62,60,1.0,,1,34,0,34,0,0,5,,0.03064516129032258,,0.028601694915254237,5.0,5.0,0.0,1.0,0.08064516129032258,0.0
prediction_loss_decoupling,offroute60,offroute60,1,ccra_exact_guard,CCRA exact,4,31,15,2,62,60,1.0,,1,34,0,34,0,0,5,,0.03064516129032258,,0.028601694915254237,5.0,5.0,0.0,1.0,0.08064516129032258,0.0
prediction_loss_decoupling,offroute60,offroute60,1,ccra_row_guard,CCRA row,0,31,15,2,62,60,1.0,,1,48,6,48,0,0,6,,0.1043010752688172,,0.3778248587570621,180.0,24.0,156.0,0.13333333333333333,0.3870967741935484,0.8666666666666667
prediction_loss_decoupling,offroute60,offroute60,1,ccra_row_guard,CCRA row,1,31,15,2,62,60,1.0,,1,46,4,46,0,0,10,,0.14838709677419354,,0.4067796610169492,300.0,43.0,257.0,0.14333333333333334,0.6935483870967742,0.8566666666666667
prediction_loss_decoupling,offroute60,offroute60,1,ccra_row_guard,CCRA row,2,31,15,2,62,60,1.0,,1,59,3,59,0,0,13,,0.1827956989247312,,0.4293785310734463,390.0,56.0,334.0,0.14358974358974358,0.9032258064516129,0.8564102564102564
prediction_loss_decoupling,offroute60,offroute60,1,ccra_row_guard,CCRA row,3,31,15,2,62,60,1.0,,0,24,2,25,0,0,15,,0.2086021505376344,,0.4463276836158192,450.0,62.0,388.0,0.13777777777777778,1.0,0.8622222222222222
prediction_loss_decoupling,offroute60,offroute60,1,ccra_row_guard,CCRA row,4,31,15,2,62,60,1.0,,0,0,0,1,0,0,15,,0.2086021505376344,,0.4463276836158192,450.0,62.0,388.0,0.13777777777777778,1.0,0.8622222222222222
prediction_loss_decoupling,offroute60,offroute60,1,global_action_repair,Global action,0,31,15,2,62,60,1.0,,0,5,3,6,0,0,1,,0.2086021505376344,,0.4463276836158192,450.0,62.0,388.0,0.13777777777777778,1.0,0.8622222222222222
prediction_loss_decoupling,offroute60,offroute60,1,global_action_repair,Global action,1,31,15,2,62,60,1.0,,0,0,0,1,0,0,1,,0.2086021505376344,,0.4463276836158192,450.0,62.0,388.0,0.13777777777777778,1.0,0.8622222222222222
prediction_loss_decoupling,offroute60,offroute60,1,global_action_repair,Global action,2,31,15,2,62,60,1.0,,0,0,0,1,0,0,1,,0.2086021505376344,,0.4463276836158192,450.0,62.0,388.0,0.13777777777777778,1.0,0.8622222222222222
prediction_loss_decoupling,offroute60,offroute60,1,global_action_repair,Global action,3,31,15,2,62,60,1.0,,0,0,0,1,0,0,1,,0.2086021505376344,,0.4463276836158192,450.0,62.0,388.0,0.13777777777777778,1.0,0.8622222222222222
prediction_loss_decoupling,offroute60,offroute60,1,global_action_repair,Global action,4,31,15,2,62,60,1.0,,0,0,0,1,0,0,1,,0.2086021505376344,,0.4463276836158192,450.0,62.0,388.0,0.13777777777777778,1.0,0.8622222222222222
prediction_loss_decoupling,offroute60,offroute60,1,oracle_fault_model,Oracle,0,31,15,2,62,60,1.0,,1,34,0,34,0,0,0,,0.0,,0.0,62.0,62.0,0.0,1.0,1.0,0.0
prediction_loss_decoupling,offroute60,offroute60,1,oracle_fault_model,Oracle,1,31,15,2,62,60,1.0,,1,34,0,34,0,0,0,,0.0,,0.0,62.0,62.0,0.0,1.0,1.0,0.0
prediction_loss_decoupling,offroute60,offroute60,1,oracle_fault_model,Oracle,2,31,15,2,62,60,1.0,,1,34,0,34,0,0,0,,0.0,,0.0,62.0,62.0,0.0,1.0,1.0,0.0
prediction_loss_decoupling,offroute60,offroute60,1,oracle_fault_model,Oracle,3,31,15,2,62,60,1.0,,1,34,0,34,0,0,0,,0.0,,0.0,62.0,62.0,0.0,1.0,1.0,0.0
prediction_loss_decoupling,offroute60,offroute60,1,oracle_fault_model,Oracle,4,31,15,2,62,60,1.0,,1,34,0,34,0,0,0,,0.0,,0.0,62.0,62.0,0.0,1.0,1.0,0.0
prediction_loss_decoupling,offroute60,offroute60,2,nominal_no_repair,Nominal,0,31,15,2,62,60,1.0,,0,180,175,6,0,1,0,,0.03333333333333333,,0.04731638418079096,0.0,0.0,0.0,1.0,0.0,0.0
prediction_loss_decoupling,offroute60,offroute60,2,nominal_no_repair,Nominal,1,31,15,2,62,60,1.0,,0,180,175,6,0,1,0,,0.03333333333333333,,0.04731638418079096,0.0,0.0,0.0,1.0,0.0,0.0
prediction_loss_decoupling,offroute60,offroute60,2,nominal_no_repair,Nominal,2,31,15,2,62,60,1.0,,0,180,175,6,0,1,0,,0.03333333333333333,,0.04731638418079096,0.0,0.0,0.0,1.0,0.0,0.0
prediction_loss_decoupling,offroute60,offroute60,2,nominal_no_repair,Nominal,3,31,15,2,62,60,1.0,,0,180,175,6,0,1,0,,0.03333333333333333,,0.04731638418079096,0.0,0.0,0.0,1.0,0.0,0.0
prediction_loss_decoupling,offroute60,offroute60,2,nominal_no_repair,Nominal,4,31,15,2,62,60,1.0,,0,180,175,6,0,1,0,,0.03333333333333333,,0.04731638418079096,0.0,0.0,0.0,1.0,0.0,0.0
prediction_loss_decoupling,offroute60,offroute60,2,shield_only,Shield only,0,31,15,2,62,60,1.0,,0,180,175,7,1,1,1,,0.03333333333333333,,0.04731638418079096,0.0,0.0,0.0,1.0,0.0,0.0
prediction_loss_decoupling,offroute60,offroute60,2,shield_only,Shield only,1,31,15,2,62,60,1.0,,0,180,175,6,1,1,1,,0.03333333333333333,,0.04731638418079096,0.0,0.0,0.0,1.0,0.0,0.0
prediction_loss_decoupling,offroute60,offroute60,2,shield_only,Shield only,2,31,15,2,62,60,1.0,,0,180,175,6,1,1,1,,0.03333333333333333,,0.04731638418079096,0.0,0.0,0.0,1.0,0.0,0.0
prediction_loss_decoupling,offroute60,offroute60,2,shield_only,Shield only,3,31,15,2,62,60,1.0,,0,180,175,6,1,1,1,,0.03333333333333333,,0.04731638418079096,0.0,0.0,0.0,1.0,0.0,0.0
prediction_loss_decoupling,offroute60,offroute60,2,shield_only,Shield only,4,31,15,2,62,60,1.0,,0,180,175,6,1,1,1,,0.03333333333333333,,0.04731638418079096,0.0,0.0,0.0,1.0,0.0,0.0
prediction_loss_decoupling,offroute60,offroute60,2,batch_episode_retrain,Batch episode,0,31,15,2,62,60,1.0,,0,180,175,6,0,1,0,,0.03333333333333333,,0.04731638418079096,0.0,0.0,0.0,1.0,0.0,0.0
prediction_loss_decoupling,offroute60,offroute60,2,batch_episode_retrain,Batch episode,1,31,15,2,62,60,1.0,,0,180,174,7,0,1,1,,0.032795698924731186,,0.03848870056497175,1.0,1.0,0.0,1.0,0.016129032258064516,0.0
prediction_loss_decoupling,offroute60,offroute60,2,batch_episode_retrain,Batch episode,2,31,15,2,62,60,1.0,,0,180,151,30,0,1,2,,0.03225806451612903,,0.03672316384180791,2.0,2.0,0.0,1.0,0.03225806451612903,0.0
prediction_loss_decoupling,offroute60,offroute60,2,batch_episode_retrain,Batch episode,3,31,15,2,62,60,1.0,,1,32,0,32,0,0,3,,0.031720430107526884,,0.034957627118644065,3.0,3.0,0.0,1.0,0.04838709677419355,0.0
prediction_loss_decoupling,offroute60,offroute60,2,batch_episode_retrain,Batch episode,4,31,15,2,62,60,1.0,,1,32,0,32,0,0,3,,0.031720430107526884,,0.034957627118644065,3.0,3.0,0.0,1.0,0.04838709677419355,0.0
prediction_loss_decoupling,offroute60,offroute60,2,threshold_8,Threshold 8,0,31,15,2,62,60,1.0,,1,58,24,58,0,0,3,,0.031720430107526884,,0.034957627118644065,3.0,3.0,0.0,1.0,0.04838709677419355,0.0
prediction_loss_decoupling,offroute60,offroute60,2,threshold_8,Threshold 8,1,31,15,2,62,60,1.0,,1,32,0,32,0,0,3,,0.031720430107526884,,0.034957627118644065,3.0,3.0,0.0,1.0,0.04838709677419355,0.0
prediction_loss_decoupling,offroute60,offroute60,2,threshold_8,Threshold 8,2,31,15,2,62,60,1.0,,1,32,0,32,0,0,3,,0.031720430107526884,,0.034957627118644065,3.0,3.0,0.0,1.0,0.04838709677419355,0.0
prediction_loss_decoupling,offroute60,offroute60,2,threshold_8,Threshold 8,3,31,15,2,62,60,1.0,,1,32,0,32,0,0,3,,0.031720430107526884,,0.034957627118644065,3.0,3.0,0.0,1.0,0.04838709677419355,0.0
prediction_loss_decoupling,offroute60,offroute60,2,threshold_8,Threshold 8,4,31,15,2,62,60,1.0,,1,32,0,32,0,0,3,,0.031720430107526884,,0.034957627118644065,3.0,3.0,0.0,1.0,0.04838709677419355,0.0
prediction_loss_decoupling,offroute60,offroute60,2,uncertainty_cost_avoidance,Cost avoidance,0,31,15,2,62,60,1.0,,1,37,3,37,0,0,3,,0.03333333333333333,,0.04731638418079096,0.0,0.0,0.0,1.0,0.0,0.0
prediction_loss_decoupling,offroute60,offroute60,2,uncertainty_cost_avoidance,Cost avoidance,1,31,15,2,62,60,1.0,,1,32,0,32,0,0,3,,0.03333333333333333,,0.04731638418079096,0.0,0.0,0.0,1.0,0.0,0.0
prediction_loss_decoupling,offroute60,offroute60,2,uncertainty_cost_avoidance,Cost avoidance,2,31,15,2,62,60,1.0,,1,32,0,32,0,0,3,,0.03333333333333333,,0.04731638418079096,0.0,0.0,0.0,1.0,0.0,0.0
prediction_loss_decoupling,offroute60,offroute60,2,uncertainty_cost_avoidance,Cost avoidance,3,31,15,2,62,60,1.0,,1,32,0,32,0,0,3,,0.03333333333333333,,0.04731638418079096,0.0,0.0,0.0,1.0,0.0,0.0
prediction_loss_decoupling,offroute60,offroute60,2,uncertainty_cost_avoidance,Cost avoidance,4,31,15,2,62,60,1.0,,1,32,0,32,0,0,3,,0.03333333333333333,,0.04731638418079096,0.0,0.0,0.0,1.0,0.0,0.0
prediction_loss_decoupling,offroute60,offroute60,2,ccra_exact_guard,CCRA exact,0,31,15,2,62,60,1.0,,1,37,3,37,0,0,3,,0.031720430107526884,,0.034957627118644065,3.0,3.0,0.0,1.0,0.04838709677419355,0.0
prediction_loss_decoupling,offroute60,offroute60,2,ccra_exact_guard,CCRA exact,1,31,15,2,62,60,1.0,,1,32,0,32,0,0,3,,0.031720430107526884,,0.034957627118644065,3.0,3.0,0.0,1.0,0.04838709677419355,0.0
prediction_loss_decoupling,offroute60,offroute60,2,ccra_exact_guard,CCRA exact,2,31,15,2,62,60,1.0,,1,32,0,32,0,0,3,,0.031720430107526884,,0.034957627118644065,3.0,3.0,0.0,1.0,0.04838709677419355,0.0
prediction_loss_decoupling,offroute60,offroute60,2,ccra_exact_guard,CCRA exact,3,31,15,2,62,60,1.0,,1,32,0,32,0,0,3,,0.031720430107526884,,0.034957627118644065,3.0,3.0,0.0,1.0,0.04838709677419355,0.0
prediction_loss_decoupling,offroute60,offroute60,2,ccra_exact_guard,CCRA exact,4,31,15,2,62,60,1.0,,1,32,0,32,0,0,3,,0.031720430107526884,,0.034957627118644065,3.0,3.0,0.0,1.0,0.04838709677419355,0.0
prediction_loss_decoupling,offroute60,offroute60,2,ccra_row_guard,CCRA row,0,31,15,2,62,60,1.0,,1,39,3,39,0,0,3,,0.07311827956989247,,0.3615819209039548,90.0,8.0,82.0,0.08888888888888889,0.12903225806451613,0.9111111111111111
prediction_loss_decoupling,offroute60,offroute60,2,ccra_row_guard,CCRA row,1,31,15,2,62,60,1.0,,1,63,9,63,0,0,12,,0.17526881720430107,,0.4286723163841808,360.0,48.0,312.0,0.13333333333333333,0.7741935483870968,0.8666666666666667
prediction_loss_decoupling,offroute60,offroute60,2,ccra_row_guard,CCRA row,2,31,15,2,62,60,1.0,,0,14,3,15,0,0,15,,0.2086021505376344,,0.4505649717514124,450.0,62.0,388.0,0.13777777777777778,1.0,0.8622222222222222
prediction_loss_decoupling,offroute60,offroute60,2,ccra_row_guard,CCRA row,3,31,15,2,62,60,1.0,,0,0,0,1,0,0,15,,0.2086021505376344,,0.4505649717514124,450.0,62.0,388.0,0.13777777777777778,1.0,0.8622222222222222
prediction_loss_decoupling,offroute60,offroute60,2,ccra_row_guard,CCRA row,4,31,15,2,62,60,1.0,,0,0,0,1,0,0,15,,0.2086021505376344,,0.4505649717514124,450.0,62.0,388.0,0.13777777777777778,1.0,0.8622222222222222
prediction_loss_decoupling,offroute60,offroute60,2,global_action_repair,Global action,0,31,15,2,62,60,1.0,,0,8,3,9,0,0,1,,0.2086021505376344,,0.4505649717514124,450.0,62.0,388.0,0.13777777777777778,1.0,0.8622222222222222
prediction_loss_decoupling,offroute60,offroute60,2,global_action_repair,Global action,1,31,15,2,62,60,1.0,,0,0,0,1,0,0,1,,0.2086021505376344,,0.4505649717514124,450.0,62.0,388.0,0.13777777777777778,1.0,0.8622222222222222
prediction_loss_decoupling,offroute60,offroute60,2,global_action_repair,Global action,2,31,15,2,62,60,1.0,,0,0,0,1,0,0,1,,0.2086021505376344,,0.4505649717514124,450.0,62.0,388.0,0.13777777777777778,1.0,0.8622222222222222
prediction_loss_decoupling,offroute60,offroute60,2,global_action_repair,Global action,3,31,15,2,62,60,1.0,,0,0,0,1,0,0,1,,0.2086021505376344,,0.4505649717514124,450.0,62.0,388.0,0.13777777777777778,1.0,0.8622222222222222
prediction_loss_decoupling,offroute60,offroute60,2,global_action_repair,Global action,4,31,15,2,62,60,1.0,,0,0,0,1,0,0,1,,0.2086021505376344,,0.4505649717514124,450.0,62.0,388.0,0.13777777777777778,1.0,0.8622222222222222
prediction_loss_decoupling,offroute60,offroute60,2,oracle_fault_model,Oracle,0,31,15,2,62,60,1.0,,1,32,0,32,0,0,0,,0.0,,0.0,62.0,62.0,0.0,1.0,1.0,0.0
prediction_loss_decoupling,offroute60,offroute60,2,oracle_fault_model,Oracle,1,31,15,2,62,60,1.0,,1,32,0,32,0,0,0,,0.0,,0.0,62.0,62.0,0.0,1.0,1.0,0.0
prediction_loss_decoupling,offroute60,offroute60,2,oracle_fault_model,Oracle,2,31,15,2,62,60,1.0,,1,32,0,32,0,0,0,,0.0,,0.0,62.0,62.0,0.0,1.0,1.0,0.0
prediction_loss_decoupling,offroute60,offroute60,2,oracle_fault_model,Oracle,3,31,15,2,62,60,1.0,,1,32,0,32,0,0,0,,0.0,,0.0,62.0,62.0,0.0,1.0,1.0,0.0
prediction_loss_decoupling,offroute60,offroute60,2,oracle_fault_model,Oracle,4,31,15,2,62,60,1.0,,1,32,0,32,0,0,0,,0.0,,0.0,62.0,62.0,0.0,1.0,1.0,0.0
prediction_loss_decoupling,offroute60,offroute60,3,nominal_no_repair,Nominal,0,31,15,2,62,60,1.0,,0,180,172,9,0,1,0,,0.03333333333333333,,0.054378531073446326,0.0,0.0,0.0,1.0,0.0,0.0
prediction_loss_decoupling,offroute60,offroute60,3,nominal_no_repair,Nominal,1,31,15,2,62,60,1.0,,0,180,172,9,0,1,0,,0.03333333333333333,,0.054378531073446326,0.0,0.0,0.0,1.0,0.0,0.0
prediction_loss_decoupling,offroute60,offroute60,3,nominal_no_repair,Nominal,2,31,15,2,62,60,1.0,,0,180,172,9,0,1,0,,0.03333333333333333,,0.054378531073446326,0.0,0.0,0.0,1.0,0.0,0.0
prediction_loss_decoupling,offroute60,offroute60,3,nominal_no_repair,Nominal,3,31,15,2,62,60,1.0,,0,180,172,9,0,1,0,,0.03333333333333333,,0.054378531073446326,0.0,0.0,0.0,1.0,0.0,0.0
prediction_loss_decoupling,offroute60,offroute60,3,nominal_no_repair,Nominal,4,31,15,2,62,60,1.0,,0,180,172,9,0,1,0,,0.03333333333333333,,0.054378531073446326,0.0,0.0,0.0,1.0,0.0,0.0
prediction_loss_decoupling,offroute60,offroute60,3,shield_only,Shield only,0,31,15,2,62,60,1.0,,0,180,172,10,1,1,1,,0.03333333333333333,,0.054378531073446326,0.0,0.0,0.0,1.0,0.0,0.0
prediction_loss_decoupling,offroute60,offroute60,3,shield_only,Shield only,1,31,15,2,62,60,1.0,,0,180,172,9,1,1,1,,0.03333333333333333,,0.054378531073446326,0.0,0.0,0.0,1.0,0.0,0.0
prediction_loss_decoupling,offroute60,offroute60,3,shield_only,Shield only,2,31,15,2,62,60,1.0,,0,180,172,9,1,1,1,,0.03333333333333333,,0.054378531073446326,0.0,0.0,0.0,1.0,0.0,0.0
prediction_loss_decoupling,offroute60,offroute60,3,shield_only,Shield only,3,31,15,2,62,60,1.0,,0,180,172,9,1,1,1,,0.03333333333333333,,0.054378531073446326,0.0,0.0,0.0,1.0,0.0,0.0
prediction_loss_decoupling,offroute60,offroute60,3,shield_only,Shield only,4,31,15,2,62,60,1.0,,0,180,172,9,1,1,1,,0.03333333333333333,,0.054378531073446326,0.0,0.0,0.0,1.0,0.0,0.0
prediction_loss_decoupling,offroute60,offroute60,3,batch_episode_retrain,Batch episode,0,31,15,2,62,60,1.0,,0,180,172,9,0,1,0,,0.03333333333333333,,0.054378531073446326,0.0,0.0,0.0,1.0,0.0,0.0
prediction_loss_decoupling,offroute60,offroute60,3,batch_episode_retrain,Batch episode,1,31,15,2,62,60,1.0,,0,180,170,11,0,1,1,,0.032795698924731186,,0.045550847457627115,1.0,1.0,0.0,1.0,0.016129032258064516,0.0
prediction_loss_decoupling,offroute60,offroute60,3,batch_episode_retrain,Batch episode,2,31,15,2,62,60,1.0,,0,180,167,14,0,1,2,,0.03225806451612903,,0.043785310734463276,2.0,2.0,0.0,1.0,0.03225806451612903,0.0
prediction_loss_decoupling,offroute60,offroute60,3,batch_episode_retrain,Batch episode,3,31,15,2,62,60,1.0,,0,180,171,10,0,1,3,,0.031720430107526884,,0.034957627118644065,3.0,3.0,0.0,1.0,0.04838709677419355,0.0
prediction_loss_decoupling,offroute60,offroute60,3,batch_episode_retrain,Batch episode,4,31,15,2,62,60,1.0,,0,180,163,18,0,1,4,,0.03118279569892473,,0.033192090395480225,4.0,4.0,0.0,1.0,0.06451612903225806,0.0
prediction_loss_decoupling,offroute60,offroute60,3,threshold_8,Threshold 8,0,31,15,2,62,60,1.0,,1,66,32,66,0,0,4,,0.03118279569892473,,0.033192090395480225,4.0,4.0,0.0,1.0,0.06451612903225806,0.0
prediction_loss_decoupling,offroute60,offroute60,3,threshold_8,Threshold 8,1,31,15,2,62,60,1.0,,1,58,24,58,0,0,7,,0.02956989247311828,,0.029307909604519775,7.0,7.0,0.0,1.0,0.11290322580645161,0.0
prediction_loss_decoupling,offroute60,offroute60,3,threshold_8,Threshold 8,2,31,15,2,62,60,1.0,,1,34,0,34,0,0,7,,0.02956989247311828,,0.029307909604519775,7.0,7.0,0.0,1.0,0.11290322580645161,0.0
prediction_loss_decoupling,offroute60,offroute60,3,threshold_8,Threshold 8,3,31,15,2,62,60,1.0,,1,34,0,34,0,0,7,,0.02956989247311828,,0.029307909604519775,7.0,7.0,0.0,1.0,0.11290322580645161,0.0
prediction_loss_decoupling,offroute60,offroute60,3,threshold_8,Threshold 8,4,31,15,2,62,60,1.0,,1,34,0,34,0,0,7,,0.02956989247311828,,0.029307909604519775,7.0,7.0,0.0,1.0,0.11290322580645161,0.0
prediction_loss_decoupling,offroute60,offroute60,3,uncertainty_cost_avoidance,Cost avoidance,0,31,15,2,62,60,1.0,,1,38,4,38,0,0,4,,0.03333333333333333,,0.054378531073446326,0.0,0.0,0.0,1.0,0.0,0.0
prediction_loss_decoupling,offroute60,offroute60,3,uncertainty_cost_avoidance,Cost avoidance,1,31,15,2,62,60,1.0,,1,37,3,37,0,0,7,,0.03333333333333333,,0.054378531073446326,0.0,0.0,0.0,1.0,0.0,0.0
prediction_loss_decoupling,offroute60,offroute60,3,uncertainty_cost_avoidance,Cost avoidance,2,31,15,2,62,60,1.0,,1,34,0,34,0,0,7,,0.03333333333333333,,0.054378531073446326,0.0,0.0,0.0,1.0,0.0,0.0
prediction_loss_decoupling,offroute60,offroute60,3,uncertainty_cost_avoidance,Cost avoidance,3,31,15,2,62,60,1.0,,1,34,0,34,0,0,7,,0.03333333333333333,,0.054378531073446326,0.0,0.0,0.0,1.0,0.0,0.0
prediction_loss_decoupling,offroute60,offroute60,3,uncertainty_cost_avoidance,Cost avoidance,4,31,15,2,62,60,1.0,,1,34,0,34,0,0,7,,0.03333333333333333,,0.054378531073446326,0.0,0.0,0.0,1.0,0.0,0.0
prediction_loss_decoupling,offroute60,offroute60,3,ccra_exact_guard,CCRA exact,0,31,15,2,62,60,1.0,,1,38,4,38,0,0,4,,0.03118279569892473,,0.033192090395480225,4.0,4.0,0.0,1.0,0.06451612903225806,0.0
prediction_loss_decoupling,offroute60,offroute60,3,ccra_exact_guard,CCRA exact,1,31,15,2,62,60,1.0,,1,37,3,37,0,0,7,,0.02956989247311828,,0.029307909604519775,7.0,7.0,0.0,1.0,0.11290322580645161,0.0
prediction_loss_decoupling,offroute60,offroute60,3,ccra_exact_guard,CCRA exact,2,31,15,2,62,60,1.0,,1,34,0,34,0,0,7,,0.02956989247311828,,0.029307909604519775,7.0,7.0,0.0,1.0,0.11290322580645161,0.0
prediction_loss_decoupling,offroute60,offroute60,3,ccra_exact_guard,CCRA exact,3,31,15,2,62,60,1.0,,1,34,0,34,0,0,7,,0.02956989247311828,,0.029307909604519775,7.0,7.0,0.0,1.0,0.11290322580645161,0.0
prediction_loss_decoupling,offroute60,offroute60,3,ccra_exact_guard,CCRA exact,4,31,15,2,62,60,1.0,,1,34,0,34,0,0,7,,0.02956989247311828,,0.029307909604519775,7.0,7.0,0.0,1.0,0.11290322580645161,0.0
prediction_loss_decoupling,offroute60,offroute60,3,ccra_row_guard,CCRA row,0,31,15,2,62,60,1.0,,1,51,7,51,0,0,7,,0.11290322580645161,,0.3806497175141243,210.0,31.0,179.0,0.14761904761904762,0.5,0.8523809523809524
prediction_loss_decoupling,offroute60,offroute60,3,ccra_row_guard,CCRA row,1,31,15,2,62,60,1.0,,1,40,2,40,0,0,9,,0.13870967741935483,,0.3975988700564972,270.0,37.0,233.0,0.13703703703703704,0.5967741935483871,0.8629629629629629
prediction_loss_decoupling,offroute60,offroute60,3,ccra_row_guard,CCRA row,2,31,15,2,62,60,1.0,,0,39,6,40,0,0,15,,0.2086021505376344,,0.4435028248587571,450.0,62.0,388.0,0.13777777777777778,1.0,0.8622222222222222
prediction_loss_decoupling,offroute60,offroute60,3,ccra_row_guard,CCRA row,3,31,15,2,62,60,1.0,,0,0,0,1,0,0,15,,0.2086021505376344,,0.4435028248587571,450.0,62.0,388.0,0.13777777777777778,1.0,0.8622222222222222
prediction_loss_decoupling,offroute60,offroute60,3,ccra_row_guard,CCRA row,4,31,15,2,62,60,1.0,,0,0,0,1,0,0,15,,0.2086021505376344,,0.4435028248587571,450.0,62.0,388.0,0.13777777777777778,1.0,0.8622222222222222
prediction_loss_decoupling,offroute60,offroute60,3,global_action_repair,Global action,0,31,15,2,62,60,1.0,,0,11,3,12,0,0,1,,0.2086021505376344,,0.4435028248587571,450.0,62.0,388.0,0.13777777777777778,1.0,0.8622222222222222
prediction_loss_decoupling,offroute60,offroute60,3,global_action_repair,Global action,1,31,15,2,62,60,1.0,,0,0,0,1,0,0,1,,0.2086021505376344,,0.4435028248587571,450.0,62.0,388.0,0.13777777777777778,1.0,0.8622222222222222
prediction_loss_decoupling,offroute60,offroute60,3,global_action_repair,Global action,2,31,15,2,62,60,1.0,,0,0,0,1,0,0,1,,0.2086021505376344,,0.4435028248587571,450.0,62.0,388.0,0.13777777777777778,1.0,0.8622222222222222
prediction_loss_decoupling,offroute60,offroute60,3,global_action_repair,Global action,3,31,15,2,62,60,1.0,,0,0,0,1,0,0,1,,0.2086021505376344,,0.4435028248587571,450.0,62.0,388.0,0.13777777777777778,1.0,0.8622222222222222
prediction_loss_decoupling,offroute60,offroute60,3,global_action_repair,Global action,4,31,15,2,62,60,1.0,,0,0,0,1,0,0,1,,0.2086021505376344,,0.4435028248587571,450.0,62.0,388.0,0.13777777777777778,1.0,0.8622222222222222
prediction_loss_decoupling,offroute60,offroute60,3,oracle_fault_model,Oracle,0,31,15,2,62,60,1.0,,1,34,0,34,0,0,0,,0.0,,0.0,62.0,62.0,0.0,1.0,1.0,0.0
prediction_loss_decoupling,offroute60,offroute60,3,oracle_fault_model,Oracle,1,31,15,2,62,60,1.0,,1,34,0,34,0,0,0,,0.0,,0.0,62.0,62.0,0.0,1.0,1.0,0.0
prediction_loss_decoupling,offroute60,offroute60,3,oracle_fault_model,Oracle,2,31,15,2,62,60,1.0,,1,34,0,34,0,0,0,,0.0,,0.0,62.0,62.0,0.0,1.0,1.0,0.0
prediction_loss_decoupling,offroute60,offroute60,3,oracle_fault_model,Oracle,3,31,15,2,62,60,1.0,,1,34,0,34,0,0,0,,0.0,,0.0,62.0,62.0,0.0,1.0,1.0,0.0
prediction_loss_decoupling,offroute60,offroute60,3,oracle_fault_model,Oracle,4,31,15,2,62,60,1.0,,1,34,0,34,0,0,0,,0.0,,0.0,62.0,62.0,0.0,1.0,1.0,0.0
prediction_loss_decoupling,offroute60,offroute60,4,nominal_no_repair,Nominal,0,31,15,2,62,60,1.0,,0,180,161,20,0,1,0,,0.03333333333333333,,0.05014124293785311,0.0,0.0,0.0,1.0,0.0,0.0
prediction_loss_decoupling,offroute60,offroute60,4,nominal_no_repair,Nominal,1,31,15,2,62,60,1.0,,0,180,161,20,0,1,0,,0.03333333333333333,,0.05014124293785311,0.0,0.0,0.0,1.0,0.0,0.0
prediction_loss_decoupling,offroute60,offroute60,4,nominal_no_repair,Nominal,2,31,15,2,62,60,1.0,,0,180,161,20,0,1,0,,0.03333333333333333,,0.05014124293785311,0.0,0.0,0.0,1.0,0.0,0.0
prediction_loss_decoupling,offroute60,offroute60,4,nominal_no_repair,Nominal,3,31,15,2,62,60,1.0,,0,180,161,20,0,1,0,,0.03333333333333333,,0.05014124293785311,0.0,0.0,0.0,1.0,0.0,0.0
prediction_loss_decoupling,offroute60,offroute60,4,nominal_no_repair,Nominal,4,31,15,2,62,60,1.0,,0,180,161,20,0,1,0,,0.03333333333333333,,0.05014124293785311,0.0,0.0,0.0,1.0,0.0,0.0
prediction_loss_decoupling,offroute60,offroute60,4,shield_only,Shield only,0,31,15,2,62,60,1.0,,0,180,161,21,1,1,1,,0.03333333333333333,,0.05014124293785311,0.0,0.0,0.0,1.0,0.0,0.0
prediction_loss_decoupling,offroute60,offroute60,4,shield_only,Shield only,1,31,15,2,62,60,1.0,,0,180,161,20,1,1,1,,0.03333333333333333,,0.05014124293785311,0.0,0.0,0.0,1.0,0.0,0.0
prediction_loss_decoupling,offroute60,offroute60,4,shield_only,Shield only,2,31,15,2,62,60,1.0,,0,180,161,20,1,1,1,,0.03333333333333333,,0.05014124293785311,0.0,0.0,0.0,1.0,0.0,0.0
prediction_loss_decoupling,offroute60,offroute60,4,shield_only,Shield only,3,31,15,2,62,60,1.0,,0,180,161,20,1,1,1,,0.03333333333333333,,0.05014124293785311,0.0,0.0,0.0,1.0,0.0,0.0
prediction_loss_decoupling,offroute60,offroute60,4,shield_only,Shield only,4,31,15,2,62,60,1.0,,0,180,161,20,1,1,1,,0.03333333333333333,,0.05014124293785311,0.0,0.0,0.0,1.0,0.0,0.0
prediction_loss_decoupling,offroute60,offroute60,4,batch_episode_retrain,Batch episode,0,31,15,2,62,60,1.0,,0,180,161,20,0,1,0,,0.03333333333333333,,0.05014124293785311,0.0,0.0,0.0,1.0,0.0,0.0
prediction_loss_decoupling,offroute60,offroute60,4,batch_episode_retrain,Batch episode,1,31,15,2,62,60,1.0,,0,180,157,24,0,1,1,,0.032795698924731186,,0.0413135593220339,1.0,1.0,0.0,1.0,0.016129032258064516,0.0
prediction_loss_decoupling,offroute60,offroute60,4,batch_episode_retrain,Batch episode,2,31,15,2,62,60,1.0,,0,180,155,26,0,1,2,,0.03225806451612903,,0.03954802259887006,2.0,2.0,0.0,1.0,0.03225806451612903,0.0
prediction_loss_decoupling,offroute60,offroute60,4,batch_episode_retrain,Batch episode,3,31,15,2,62,60,1.0,,0,180,156,25,0,1,3,,0.031720430107526884,,0.03072033898305085,3.0,3.0,0.0,1.0,0.04838709677419355,0.0
prediction_loss_decoupling,offroute60,offroute60,4,batch_episode_retrain,Batch episode,4,31,15,2,62,60,1.0,,0,180,154,27,0,1,4,,0.03118279569892473,,0.028954802259887006,4.0,4.0,0.0,1.0,0.06451612903225806,0.0
prediction_loss_decoupling,offroute60,offroute60,4,threshold_8,Threshold 8,0,31,15,2,62,60,1.0,,1,88,48,88,0,0,6,,0.030107526881720432,,0.026836158192090395,6.0,6.0,0.0,1.0,0.0967741935483871,0.0
prediction_loss_decoupling,offroute60,offroute60,4,threshold_8,Threshold 8,1,31,15,2,62,60,1.0,,1,34,0,34,0,0,6,,0.030107526881720432,,0.026836158192090395,6.0,6.0,0.0,1.0,0.0967741935483871,0.0
prediction_loss_decoupling,offroute60,offroute60,4,threshold_8,Threshold 8,2,31,15,2,62,60,1.0,,1,34,0,34,0,0,6,,0.030107526881720432,,0.026836158192090395,6.0,6.0,0.0,1.0,0.0967741935483871,0.0
prediction_loss_decoupling,offroute60,offroute60,4,threshold_8,Threshold 8,3,31,15,2,62,60,1.0,,1,34,0,34,0,0,6,,0.030107526881720432,,0.026836158192090395,6.0,6.0,0.0,1.0,0.0967741935483871,0.0
prediction_loss_decoupling,offroute60,offroute60,4,threshold_8,Threshold 8,4,31,15,2,62,60,1.0,,1,34,0,34,0,0,6,,0.030107526881720432,,0.026836158192090395,6.0,6.0,0.0,1.0,0.0967741935483871,0.0
prediction_loss_decoupling,offroute60,offroute60,4,uncertainty_cost_avoidance,Cost avoidance,0,31,15,2,62,60,1.0,,1,46,6,46,0,0,6,,0.03333333333333333,,0.05014124293785311,0.0,0.0,0.0,1.0,0.0,0.0
prediction_loss_decoupling,offroute60,offroute60,4,uncertainty_cost_avoidance,Cost avoidance,1,31,15,2,62,60,1.0,,1,34,0,34,0,0,6,,0.03333333333333333,,0.05014124293785311,0.0,0.0,0.0,1.0,0.0,0.0
prediction_loss_decoupling,offroute60,offroute60,4,uncertainty_cost_avoidance,Cost avoidance,2,31,15,2,62,60,1.0,,1,34,0,34,0,0,6,,0.03333333333333333,,0.05014124293785311,0.0,0.0,0.0,1.0,0.0,0.0
prediction_loss_decoupling,offroute60,offroute60,4,uncertainty_cost_avoidance,Cost avoidance,3,31,15,2,62,60,1.0,,1,34,0,34,0,0,6,,0.03333333333333333,,0.05014124293785311,0.0,0.0,0.0,1.0,0.0,0.0
prediction_loss_decoupling,offroute60,offroute60,4,uncertainty_cost_avoidance,Cost avoidance,4,31,15,2,62,60,1.0,,1,34,0,34,0,0,6,,0.03333333333333333,,0.05014124293785311,0.0,0.0,0.0,1.0,0.0,0.0
prediction_loss_decoupling,offroute60,offroute60,4,ccra_exact_guard,CCRA exact,0,31,15,2,62,60,1.0,,1,46,6,46,0,0,6,,0.030107526881720432,,0.026836158192090395,6.0,6.0,0.0,1.0,0.0967741935483871,0.0
prediction_loss_decoupling,offroute60,offroute60,4,ccra_exact_guard,CCRA exact,1,31,15,2,62,60,1.0,,1,34,0,34,0,0,6,,0.030107526881720432,,0.026836158192090395,6.0,6.0,0.0,1.0,0.0967741935483871,0.0
prediction_loss_decoupling,offroute60,offroute60,4,ccra_exact_guard,CCRA exact,2,31,15,2,62,60,1.0,,1,34,0,34,0,0,6,,0.030107526881720432,,0.026836158192090395,6.0,6.0,0.0,1.0,0.0967741935483871,0.0
prediction_loss_decoupling,offroute60,offroute60,4,ccra_exact_guard,CCRA exact,3,31,15,2,62,60,1.0,,1,34,0,34,0,0,6,,0.030107526881720432,,0.026836158192090395,6.0,6.0,0.0,1.0,0.0967741935483871,0.0
prediction_loss_decoupling,offroute60,offroute60,4,ccra_exact_guard,CCRA exact,4,31,15,2,62,60,1.0,,1,34,0,34,0,0,6,,0.030107526881720432,,0.026836158192090395,6.0,6.0,0.0,1.0,0.0967741935483871,0.0
prediction_loss_decoupling,offroute60,offroute60,4,ccra_row_guard,CCRA row,0,31,15,2,62,60,1.0,,1,42,4,42,0,0,4,,0.08172043010752689,,0.3644067796610169,120.0,15.0,105.0,0.125,0.24193548387096775,0.875
prediction_loss_decoupling,offroute60,offroute60,4,ccra_row_guard,CCRA row,1,31,15,2,62,60,1.0,,1,56,6,56,0,0,10,,0.14408602150537633,,0.4053672316384181,300.0,47.0,253.0,0.15666666666666668,0.7580645161290323,0.8433333333333334
prediction_loss_decoupling,offroute60,offroute60,4,ccra_row_guard,CCRA row,2,31,15,2,62,60,1.0,,0,20,5,21,0,0,15,,0.2086021505376344,,0.4477401129943503,450.0,62.0,388.0,0.13777777777777778,1.0,0.8622222222222222
prediction_loss_decoupling,offroute60,offroute60,4,ccra_row_guard,CCRA row,3,31,15,2,62,60,1.0,,0,0,0,1,0,0,15,,0.2086021505376344,,0.4477401129943503,450.0,62.0,388.0,0.13777777777777778,1.0,0.8622222222222222
prediction_loss_decoupling,offroute60,offroute60,4,ccra_row_guard,CCRA row,4,31,15,2,62,60,1.0,,0,0,0,1,0,0,15,,0.2086021505376344,,0.4477401129943503,450.0,62.0,388.0,0.13777777777777778,1.0,0.8622222222222222
prediction_loss_decoupling,offroute60,offroute60,4,global_action_repair,Global action,0,31,15,2,62,60,1.0,,0,22,3,23,0,0,1,,0.2086021505376344,,0.4477401129943503,450.0,62.0,388.0,0.13777777777777778,1.0,0.8622222222222222
prediction_loss_decoupling,offroute60,offroute60,4,global_action_repair,Global action,1,31,15,2,62,60,1.0,,0,0,0,1,0,0,1,,0.2086021505376344,,0.4477401129943503,450.0,62.0,388.0,0.13777777777777778,1.0,0.8622222222222222
prediction_loss_decoupling,offroute60,offroute60,4,global_action_repair,Global action,2,31,15,2,62,60,1.0,,0,0,0,1,0,0,1,,0.2086021505376344,,0.4477401129943503,450.0,62.0,388.0,0.13777777777777778,1.0,0.8622222222222222
prediction_loss_decoupling,offroute60,offroute60,4,global_action_repair,Global action,3,31,15,2,62,60,1.0,,0,0,0,1,0,0,1,,0.2086021505376344,,0.4477401129943503,450.0,62.0,388.0,0.13777777777777778,1.0,0.8622222222222222
prediction_loss_decoupling,offroute60,offroute60,4,global_action_repair,Global action,4,31,15,2,62,60,1.0,,0,0,0,1,0,0,1,,0.2086021505376344,,0.4477401129943503,450.0,62.0,388.0,0.13777777777777778,1.0,0.8622222222222222
prediction_loss_decoupling,offroute60,offroute60,4,oracle_fault_model,Oracle,0,31,15,2,62,60,1.0,,1,34,0,34,0,0,0,,0.0,,0.0,62.0,62.0,0.0,1.0,1.0,0.0
prediction_loss_decoupling,offroute60,offroute60,4,oracle_fault_model,Oracle,1,31,15,2,62,60,1.0,,1,34,0,34,0,0,0,,0.0,,0.0,62.0,62.0,0.0,1.0,1.0,0.0
prediction_loss_decoupling,offroute60,offroute60,4,oracle_fault_model,Oracle,2,31,15,2,62,60,1.0,,1,34,0,34,0,0,0,,0.0,,0.0,62.0,62.0,0.0,1.0,1.0,0.0
prediction_loss_decoupling,offroute60,offroute60,4,oracle_fault_model,Oracle,3,31,15,2,62,60,1.0,,1,34,0,34,0,0,0,,0.0,,0.0,62.0,62.0,0.0,1.0,1.0,0.0
prediction_loss_decoupling,offroute60,offroute60,4,oracle_fault_model,Oracle,4,31,15,2,62,60,1.0,,1,34,0,34,0,0,0,,0.0,,0.0,62.0,62.0,0.0,1.0,1.0,0.0
prediction_loss_decoupling,offroute60,offroute60,5,nominal_no_repair,Nominal,0,31,15,2,62,60,1.0,,0,180,177,4,0,1,0,,0.03333333333333333,,0.05014124293785311,0.0,0.0,0.0,1.0,0.0,0.0
prediction_loss_decoupling,offroute60,offroute60,5,nominal_no_repair,Nominal,1,31,15,2,62,60,1.0,,0,180,177,4,0,1,0,,0.03333333333333333,,0.05014124293785311,0.0,0.0,0.0,1.0,0.0,0.0
prediction_loss_decoupling,offroute60,offroute60,5,nominal_no_repair,Nominal,2,31,15,2,62,60,1.0,,0,180,177,4,0,1,0,,0.03333333333333333,,0.05014124293785311,0.0,0.0,0.0,1.0,0.0,0.0
prediction_loss_decoupling,offroute60,offroute60,5,nominal_no_repair,Nominal,3,31,15,2,62,60,1.0,,0,180,177,4,0,1,0,,0.03333333333333333,,0.05014124293785311,0.0,0.0,0.0,1.0,0.0,0.0
prediction_loss_decoupling,offroute60,offroute60,5,nominal_no_repair,Nominal,4,31,15,2,62,60,1.0,,0,180,177,4,0,1,0,,0.03333333333333333,,0.05014124293785311,0.0,0.0,0.0,1.0,0.0,0.0
prediction_loss_decoupling,offroute60,offroute60,5,shield_only,Shield only,0,31,15,2,62,60,1.0,,0,180,177,5,1,1,1,,0.03333333333333333,,0.05014124293785311,0.0,0.0,0.0,1.0,0.0,0.0
prediction_loss_decoupling,offroute60,offroute60,5,shield_only,Shield only,1,31,15,2,62,60,1.0,,0,180,177,4,1,1,1,,0.03333333333333333,,0.05014124293785311,0.0,0.0,0.0,1.0,0.0,0.0
prediction_loss_decoupling,offroute60,offroute60,5,shield_only,Shield only,2,31,15,2,62,60,1.0,,0,180,177,4,1,1,1,,0.03333333333333333,,0.05014124293785311,0.0,0.0,0.0,1.0,0.0,0.0
prediction_loss_decoupling,offroute60,offroute60,5,shield_only,Shield only,3,31,15,2,62,60,1.0,,0,180,177,4,1,1,1,,0.03333333333333333,,0.05014124293785311,0.0,0.0,0.0,1.0,0.0,0.0
prediction_loss_decoupling,offroute60,offroute60,5,shield_only,Shield only,4,31,15,2,62,60,1.0,,0,180,177,4,1,1,1,,0.03333333333333333,,0.05014124293785311,0.0,0.0,0.0,1.0,0.0,0.0
prediction_loss_decoupling,offroute60,offroute60,5,batch_episode_retrain,Batch episode,0,31,15,2,62,60,1.0,,0,180,177,4,0,1,0,,0.03333333333333333,,0.05014124293785311,0.0,0.0,0.0,1.0,0.0,0.0
prediction_loss_decoupling,offroute60,offroute60,5,batch_episode_retrain,Batch episode,1,31,15,2,62,60,1.0,,0,180,170,11,0,1,1,,0.032795698924731186,,0.0413135593220339,1.0,1.0,0.0,1.0,0.016129032258064516,0.0
prediction_loss_decoupling,offroute60,offroute60,5,batch_episode_retrain,Batch episode,2,31,15,2,62,60,1.0,,0,180,158,23,0,1,2,,0.03225806451612903,,0.03954802259887006,2.0,2.0,0.0,1.0,0.03225806451612903,0.0
prediction_loss_decoupling,offroute60,offroute60,5,batch_episode_retrain,Batch episode,3,31,15,2,62,60,1.0,,0,180,175,6,0,1,3,,0.031720430107526884,,0.03072033898305085,3.0,3.0,0.0,1.0,0.04838709677419355,0.0
prediction_loss_decoupling,offroute60,offroute60,5,batch_episode_retrain,Batch episode,4,31,15,2,62,60,1.0,,0,180,153,28,0,1,4,,0.03118279569892473,,0.028954802259887006,4.0,4.0,0.0,1.0,0.06451612903225806,0.0
prediction_loss_decoupling,offroute60,offroute60,5,threshold_8,Threshold 8,0,31,15,2,62,60,1.0,,1,66,32,66,0,0,4,,0.03118279569892473,,0.028954802259887006,4.0,4.0,0.0,1.0,0.06451612903225806,0.0
prediction_loss_decoupling,offroute60,offroute60,5,threshold_8,Threshold 8,1,31,15,2,62,60,1.0,,1,42,8,42,0,0,5,,0.03064516129032258,,0.027189265536723163,5.0,5.0,0.0,1.0,0.08064516129032258,0.0
prediction_loss_decoupling,offroute60,offroute60,5,threshold_8,Threshold 8,2,31,15,2,62,60,1.0,,1,34,0,34,0,0,5,,0.03064516129032258,,0.027189265536723163,5.0,5.0,0.0,1.0,0.08064516129032258,0.0
prediction_loss_decoupling,offroute60,offroute60,5,threshold_8,Threshold 8,3,31,15,2,62,60,1.0,,1,34,0,34,0,0,5,,0.03064516129032258,,0.027189265536723163,5.0,5.0,0.0,1.0,0.08064516129032258,0.0
prediction_loss_decoupling,offroute60,offroute60,5,threshold_8,Threshold 8,4,31,15,2,62,60,1.0,,1,34,0,34,0,0,5,,0.03064516129032258,,0.027189265536723163,5.0,5.0,0.0,1.0,0.08064516129032258,0.0
prediction_loss_decoupling,offroute60,offroute60,5,uncertainty_cost_avoidance,Cost avoidance,0,31,15,2,62,60,1.0,,1,38,4,38,0,0,4,,0.03333333333333333,,0.05014124293785311,0.0,0.0,0.0,1.0,0.0,0.0
prediction_loss_decoupling,offroute60,offroute60,5,uncertainty_cost_avoidance,Cost avoidance,1,31,15,2,62,60,1.0,,1,35,1,35,0,0,5,,0.03333333333333333,,0.05014124293785311,0.0,0.0,0.0,1.0,0.0,0.0
prediction_loss_decoupling,offroute60,offroute60,5,uncertainty_cost_avoidance,Cost avoidance,2,31,15,2,62,60,1.0,,1,34,0,34,0,0,5,,0.03333333333333333,,0.05014124293785311,0.0,0.0,0.0,1.0,0.0,0.0
prediction_loss_decoupling,offroute60,offroute60,5,uncertainty_cost_avoidance,Cost avoidance,3,31,15,2,62,60,1.0,,1,34,0,34,0,0,5,,0.03333333333333333,,0.05014124293785311,0.0,0.0,0.0,1.0,0.0,0.0
prediction_loss_decoupling,offroute60,offroute60,5,uncertainty_cost_avoidance,Cost avoidance,4,31,15,2,62,60,1.0,,1,34,0,34,0,0,5,,0.03333333333333333,,0.05014124293785311,0.0,0.0,0.0,1.0,0.0,0.0
prediction_loss_decoupling,offroute60,offroute60,5,ccra_exact_guard,CCRA exact,0,31,15,2,62,60,1.0,,1,38,4,38,0,0,4,,0.03118279569892473,,0.028954802259887006,4.0,4.0,0.0,1.0,0.06451612903225806,0.0
prediction_loss_decoupling,offroute60,offroute60,5,ccra_exact_guard,CCRA exact,1,31,15,2,62,60,1.0,,1,35,1,35,0,0,5,,0.03064516129032258,,0.027189265536723163,5.0,5.0,0.0,1.0,0.08064516129032258,0.0
prediction_loss_decoupling,offroute60,offroute60,5,ccra_exact_guard,CCRA exact,2,31,15,2,62,60,1.0,,1,34,0,34,0,0,5,,0.03064516129032258,,0.027189265536723163,5.0,5.0,0.0,1.0,0.08064516129032258,0.0
prediction_loss_decoupling,offroute60,offroute60,5,ccra_exact_guard,CCRA exact,3,31,15,2,62,60,1.0,,1,34,0,34,0,0,5,,0.03064516129032258,,0.027189265536723163,5.0,5.0,0.0,1.0,0.08064516129032258,0.0
prediction_loss_decoupling,offroute60,offroute60,5,ccra_exact_guard,CCRA exact,4,31,15,2,62,60,1.0,,1,34,0,34,0,0,5,,0.03064516129032258,,0.027189265536723163,5.0,5.0,0.0,1.0,0.08064516129032258,0.0
prediction_loss_decoupling,offroute60,offroute60,5,ccra_row_guard,CCRA row,0,31,15,2,62,60,1.0,,1,42,4,42,0,0,4,,0.07956989247311828,,0.3629943502824859,120.0,17.0,103.0,0.14166666666666666,0.27419354838709675,0.8583333333333333
prediction_loss_decoupling,offroute60,offroute60,5,ccra_row_guard,CCRA row,1,31,15,2,62,60,1.0,,1,49,5,49,0,0,9,,0.13118279569892474,,0.3968926553672316,270.0,44.0,226.0,0.16296296296296298,0.7096774193548387,0.837037037037037
prediction_loss_decoupling,offroute60,offroute60,5,ccra_row_guard,CCRA row,2,31,15,2,62,60,1.0,,1,42,2,42,0,0,11,,0.15806451612903225,,0.4145480225988701,330.0,49.0,281.0,0.1484848484848485,0.7903225806451613,0.8515151515151516
prediction_loss_decoupling,offroute60,offroute60,5,ccra_row_guard,CCRA row,3,31,15,2,62,60,1.0,,1,61,3,61,0,0,14,,0.1956989247311828,,0.4392655367231638,420.0,59.0,361.0,0.14047619047619048,0.9516129032258065,0.8595238095238096
prediction_loss_decoupling,offroute60,offroute60,5,ccra_row_guard,CCRA row,4,31,15,2,62,60,1.0,,0,14,1,15,0,0,15,,0.2086021505376344,,0.4477401129943503,450.0,62.0,388.0,0.13777777777777778,1.0,0.8622222222222222
prediction_loss_decoupling,offroute60,offroute60,5,global_action_repair,Global action,0,31,15,2,62,60,1.0,,0,6,3,7,0,0,1,,0.2086021505376344,,0.4477401129943503,450.0,62.0,388.0,0.13777777777777778,1.0,0.8622222222222222
prediction_loss_decoupling,offroute60,offroute60,5,global_action_repair,Global action,1,31,15,2,62,60,1.0,,0,0,0,1,0,0,1,,0.2086021505376344,,0.4477401129943503,450.0,62.0,388.0,0.13777777777777778,1.0,0.8622222222222222
prediction_loss_decoupling,offroute60,offroute60,5,global_action_repair,Global action,2,31,15,2,62,60,1.0,,0,0,0,1,0,0,1,,0.2086021505376344,,0.4477401129943503,450.0,62.0,388.0,0.13777777777777778,1.0,0.8622222222222222
prediction_loss_decoupling,offroute60,offroute60,5,global_action_repair,Global action,3,31,15,2,62,60,1.0,,0,0,0,1,0,0,1,,0.2086021505376344,,0.4477401129943503,450.0,62.0,388.0,0.13777777777777778,1.0,0.8622222222222222
prediction_loss_decoupling,offroute60,offroute60,5,global_action_repair,Global action,4,31,15,2,62,60,1.0,,0,0,0,1,0,0,1,,0.2086021505376344,,0.4477401129943503,450.0,62.0,388.0,0.13777777777777778,1.0,0.8622222222222222
prediction_loss_decoupling,offroute60,offroute60,5,oracle_fault_model,Oracle,0,31,15,2,62,60,1.0,,1,34,0,34,0,0,0,,0.0,,0.0,62.0,62.0,0.0,1.0,1.0,0.0
prediction_loss_decoupling,offroute60,offroute60,5,oracle_fault_model,Oracle,1,31,15,2,62,60,1.0,,1,34,0,34,0,0,0,,0.0,,0.0,62.0,62.0,0.0,1.0,1.0,0.0
prediction_loss_decoupling,offroute60,offroute60,5,oracle_fault_model,Oracle,2,31,15,2,62,60,1.0,,1,34,0,34,0,0,0,,0.0,,0.0,62.0,62.0,0.0,1.0,1.0,0.0
prediction_loss_decoupling,offroute60,offroute60,5,oracle_fault_model,Oracle,3,31,15,2,62,60,1.0,,1,34,0,34,0,0,0,,0.0,,0.0,62.0,62.0,0.0,1.0,1.0,0.0
prediction_loss_decoupling,offroute60,offroute60,5,oracle_fault_model,Oracle,4,31,15,2,62,60,1.0,,1,34,0,34,0,0,0,,0.0,,0.0,62.0,62.0,0.0,1.0,1.0,0.0
prediction_loss_decoupling,offroute60,offroute60,6,nominal_no_repair,Nominal,0,31,15,2,62,60,1.0,,0,180,171,10,0,1,0,,0.03333333333333333,,0.048728813559322036,0.0,0.0,0.0,1.0,0.0,0.0
prediction_loss_decoupling,offroute60,offroute60,6,nominal_no_repair,Nominal,1,31,15,2,62,60,1.0,,0,180,171,10,0,1,0,,0.03333333333333333,,0.048728813559322036,0.0,0.0,0.0,1.0,0.0,0.0
prediction_loss_decoupling,offroute60,offroute60,6,nominal_no_repair,Nominal,2,31,15,2,62,60,1.0,,0,180,171,10,0,1,0,,0.03333333333333333,,0.048728813559322036,0.0,0.0,0.0,1.0,0.0,0.0
prediction_loss_decoupling,offroute60,offroute60,6,nominal_no_repair,Nominal,3,31,15,2,62,60,1.0,,0,180,171,10,0,1,0,,0.03333333333333333,,0.048728813559322036,0.0,0.0,0.0,1.0,0.0,0.0
prediction_loss_decoupling,offroute60,offroute60,6,nominal_no_repair,Nominal,4,31,15,2,62,60,1.0,,0,180,171,10,0,1,0,,0.03333333333333333,,0.048728813559322036,0.0,0.0,0.0,1.0,0.0,0.0
prediction_loss_decoupling,offroute60,offroute60,6,shield_only,Shield only,0,31,15,2,62,60,1.0,,0,180,171,11,1,1,1,,0.03333333333333333,,0.048728813559322036,0.0,0.0,0.0,1.0,0.0,0.0
prediction_loss_decoupling,offroute60,offroute60,6,shield_only,Shield only,1,31,15,2,62,60,1.0,,0,180,171,10,1,1,1,,0.03333333333333333,,0.048728813559322036,0.0,0.0,0.0,1.0,0.0,0.0
prediction_loss_decoupling,offroute60,offroute60,6,shield_only,Shield only,2,31,15,2,62,60,1.0,,0,180,171,10,1,1,1,,0.03333333333333333,,0.048728813559322036,0.0,0.0,0.0,1.0,0.0,0.0
prediction_loss_decoupling,offroute60,offroute60,6,shield_only,Shield only,3,31,15,2,62,60,1.0,,0,180,171,10,1,1,1,,0.03333333333333333,,0.048728813559322036,0.0,0.0,0.0,1.0,0.0,0.0
prediction_loss_decoupling,offroute60,offroute60,6,shield_only,Shield only,4,31,15,2,62,60,1.0,,0,180,171,10,1,1,1,,0.03333333333333333,,0.048728813559322036,0.0,0.0,0.0,1.0,0.0,0.0
prediction_loss_decoupling,offroute60,offroute60,6,batch_episode_retrain,Batch episode,0,31,15,2,62,60,1.0,,0,180,171,10,0,1,0,,0.03333333333333333,,0.048728813559322036,0.0,0.0,0.0,1.0,0.0,0.0
prediction_loss_decoupling,offroute60,offroute60,6,batch_episode_retrain,Batch episode,1,31,15,2,62,60,1.0,,0,180,166,15,0,1,1,,0.032795698924731186,,0.039901129943502825,1.0,1.0,0.0,1.0,0.016129032258064516,0.0
prediction_loss_decoupling,offroute60,offroute60,6,batch_episode_retrain,Batch episode,2,31,15,2,62,60,1.0,,1,32,0,32,0,0,2,,0.03225806451612903,,0.038135593220338986,2.0,2.0,0.0,1.0,0.03225806451612903,0.0
prediction_loss_decoupling,offroute60,offroute60,6,batch_episode_retrain,Batch episode,3,31,15,2,62,60,1.0,,1,32,0,32,0,0,2,,0.03225806451612903,,0.038135593220338986,2.0,2.0,0.0,1.0,0.03225806451612903,0.0
prediction_loss_decoupling,offroute60,offroute60,6,batch_episode_retrain,Batch episode,4,31,15,2,62,60,1.0,,1,32,0,32,0,0,2,,0.03225806451612903,,0.038135593220338986,2.0,2.0,0.0,1.0,0.03225806451612903,0.0
prediction_loss_decoupling,offroute60,offroute60,6,threshold_8,Threshold 8,0,31,15,2,62,60,1.0,,1,48,16,48,0,0,2,,0.03225806451612903,,0.038135593220338986,2.0,2.0,0.0,1.0,0.03225806451612903,0.0
prediction_loss_decoupling,offroute60,offroute60,6,threshold_8,Threshold 8,1,31,15,2,62,60,1.0,,1,32,0,32,0,0,2,,0.03225806451612903,,0.038135593220338986,2.0,2.0,0.0,1.0,0.03225806451612903,0.0
prediction_loss_decoupling,offroute60,offroute60,6,threshold_8,Threshold 8,2,31,15,2,62,60,1.0,,1,32,0,32,0,0,2,,0.03225806451612903,,0.038135593220338986,2.0,2.0,0.0,1.0,0.03225806451612903,0.0
prediction_loss_decoupling,offroute60,offroute60,6,threshold_8,Threshold 8,3,31,15,2,62,60,1.0,,1,32,0,32,0,0,2,,0.03225806451612903,,0.038135593220338986,2.0,2.0,0.0,1.0,0.03225806451612903,0.0
prediction_loss_decoupling,offroute60,offroute60,6,threshold_8,Threshold 8,4,31,15,2,62,60,1.0,,1,32,0,32,0,0,2,,0.03225806451612903,,0.038135593220338986,2.0,2.0,0.0,1.0,0.03225806451612903,0.0
prediction_loss_decoupling,offroute60,offroute60,6,uncertainty_cost_avoidance,Cost avoidance,0,31,15,2,62,60,1.0,,1,34,2,34,0,0,2,,0.03333333333333333,,0.048728813559322036,0.0,0.0,0.0,1.0,0.0,0.0
prediction_loss_decoupling,offroute60,offroute60,6,uncertainty_cost_avoidance,Cost avoidance,1,31,15,2,62,60,1.0,,1,32,0,32,0,0,2,,0.03333333333333333,,0.048728813559322036,0.0,0.0,0.0,1.0,0.0,0.0
prediction_loss_decoupling,offroute60,offroute60,6,uncertainty_cost_avoidance,Cost avoidance,2,31,15,2,62,60,1.0,,1,32,0,32,0,0,2,,0.03333333333333333,,0.048728813559322036,0.0,0.0,0.0,1.0,0.0,0.0
prediction_loss_decoupling,offroute60,offroute60,6,uncertainty_cost_avoidance,Cost avoidance,3,31,15,2,62,60,1.0,,1,32,0,32,0,0,2,,0.03333333333333333,,0.048728813559322036,0.0,0.0,0.0,1.0,0.0,0.0
prediction_loss_decoupling,offroute60,offroute60,6,uncertainty_cost_avoidance,Cost avoidance,4,31,15,2,62,60,1.0,,1,32,0,32,0,0,2,,0.03333333333333333,,0.048728813559322036,0.0,0.0,0.0,1.0,0.0,0.0
prediction_loss_decoupling,offroute60,offroute60,6,ccra_exact_guard,CCRA exact,0,31,15,2,62,60,1.0,,1,34,2,34,0,0,2,,0.03225806451612903,,0.038135593220338986,2.0,2.0,0.0,1.0,0.03225806451612903,0.0
prediction_loss_decoupling,offroute60,offroute60,6,ccra_exact_guard,CCRA exact,1,31,15,2,62,60,1.0,,1,32,0,32,0,0,2,,0.03225806451612903,,0.038135593220338986,2.0,2.0,0.0,1.0,0.03225806451612903,0.0
prediction_loss_decoupling,offroute60,offroute60,6,ccra_exact_guard,CCRA exact,2,31,15,2,62,60,1.0,,1,32,0,32,0,0,2,,0.03225806451612903,,0.038135593220338986,2.0,2.0,0.0,1.0,0.03225806451612903,0.0
prediction_loss_decoupling,offroute60,offroute60,6,ccra_exact_guard,CCRA exact,3,31,15,2,62,60,1.0,,1,32,0,32,0,0,2,,0.03225806451612903,,0.038135593220338986,2.0,2.0,0.0,1.0,0.03225806451612903,0.0
prediction_loss_decoupling,offroute60,offroute60,6,ccra_exact_guard,CCRA exact,4,31,15,2,62,60,1.0,,1,32,0,32,0,0,2,,0.03225806451612903,,0.038135593220338986,2.0,2.0,0.0,1.0,0.03225806451612903,0.0
prediction_loss_decoupling,offroute60,offroute60,6,ccra_row_guard,CCRA row,0,31,15,2,62,60,1.0,,1,39,3,39,0,0,3,,0.07204301075268817,,0.3594632768361582,90.0,9.0,81.0,0.1,0.14516129032258066,0.9
prediction_loss_decoupling,offroute60,offroute60,6,ccra_row_guard,CCRA row,1,31,15,2,62,60,1.0,,1,43,3,43,0,0,6,,0.1032258064516129,,0.3799435028248588,180.0,25.0,155.0,0.1388888888888889,0.4032258064516129,0.8611111111111112
prediction_loss_decoupling,offroute60,offroute60,6,ccra_row_guard,CCRA row,2,31,15,2,62,60,1.0,,1,60,6,60,0,0,12,,0.17419354838709677,,0.4265536723163842,360.0,49.0,311.0,0.1361111111111111,0.7903225806451613,0.8638888888888889
prediction_loss_decoupling,offroute60,offroute60,6,ccra_row_guard,CCRA row,3,31,15,2,62,60,1.0,,0,13,3,14,0,0,15,,0.2086021505376344,,0.4491525423728814,450.0,62.0,388.0,0.13777777777777778,1.0,0.8622222222222222
prediction_loss_decoupling,offroute60,offroute60,6,ccra_row_guard,CCRA row,4,31,15,2,62,60,1.0,,0,0,0,1,0,0,15,,0.2086021505376344,,0.4491525423728814,450.0,62.0,388.0,0.13777777777777778,1.0,0.8622222222222222
prediction_loss_decoupling,offroute60,offroute60,6,global_action_repair,Global action,0,31,15,2,62,60,1.0,,0,12,3,13,0,0,1,,0.2086021505376344,,0.4491525423728814,450.0,62.0,388.0,0.13777777777777778,1.0,0.8622222222222222
prediction_loss_decoupling,offroute60,offroute60,6,global_action_repair,Global action,1,31,15,2,62,60,1.0,,0,0,0,1,0,0,1,,0.2086021505376344,,0.4491525423728814,450.0,62.0,388.0,0.13777777777777778,1.0,0.8622222222222222
prediction_loss_decoupling,offroute60,offroute60,6,global_action_repair,Global action,2,31,15,2,62,60,1.0,,0,0,0,1,0,0,1,,0.2086021505376344,,0.4491525423728814,450.0,62.0,388.0,0.13777777777777778,1.0,0.8622222222222222
prediction_loss_decoupling,offroute60,offroute60,6,global_action_repair,Global action,3,31,15,2,62,60,1.0,,0,0,0,1,0,0,1,,0.2086021505376344,,0.4491525423728814,450.0,62.0,388.0,0.13777777777777778,1.0,0.8622222222222222
prediction_loss_decoupling,offroute60,offroute60,6,global_action_repair,Global action,4,31,15,2,62,60,1.0,,0,0,0,1,0,0,1,,0.2086021505376344,,0.4491525423728814,450.0,62.0,388.0,0.13777777777777778,1.0,0.8622222222222222
prediction_loss_decoupling,offroute60,offroute60,6,oracle_fault_model,Oracle,0,31,15,2,62,60,1.0,,1,32,0,32,0,0,0,,0.0,,0.0,62.0,62.0,0.0,1.0,1.0,0.0
prediction_loss_decoupling,offroute60,offroute60,6,oracle_fault_model,Oracle,1,31,15,2,62,60,1.0,,1,32,0,32,0,0,0,,0.0,,0.0,62.0,62.0,0.0,1.0,1.0,0.0
prediction_loss_decoupling,offroute60,offroute60,6,oracle_fault_model,Oracle,2,31,15,2,62,60,1.0,,1,32,0,32,0,0,0,,0.0,,0.0,62.0,62.0,0.0,1.0,1.0,0.0
prediction_loss_decoupling,offroute60,offroute60,6,oracle_fault_model,Oracle,3,31,15,2,62,60,1.0,,1,32,0,32,0,0,0,,0.0,,0.0,62.0,62.0,0.0,1.0,1.0,0.0
prediction_loss_decoupling,offroute60,offroute60,6,oracle_fault_model,Oracle,4,31,15,2,62,60,1.0,,1,32,0,32,0,0,0,,0.0,,0.0,62.0,62.0,0.0,1.0,1.0,0.0
prediction_loss_decoupling,offroute60,offroute60,7,nominal_no_repair,Nominal,0,31,15,2,62,60,1.0,,0,180,168,13,0,1,0,,0.03333333333333333,,0.05014124293785311,0.0,0.0,0.0,1.0,0.0,0.0
prediction_loss_decoupling,offroute60,offroute60,7,nominal_no_repair,Nominal,1,31,15,2,62,60,1.0,,0,180,168,13,0,1,0,,0.03333333333333333,,0.05014124293785311,0.0,0.0,0.0,1.0,0.0,0.0
prediction_loss_decoupling,offroute60,offroute60,7,nominal_no_repair,Nominal,2,31,15,2,62,60,1.0,,0,180,168,13,0,1,0,,0.03333333333333333,,0.05014124293785311,0.0,0.0,0.0,1.0,0.0,0.0
prediction_loss_decoupling,offroute60,offroute60,7,nominal_no_repair,Nominal,3,31,15,2,62,60,1.0,,0,180,168,13,0,1,0,,0.03333333333333333,,0.05014124293785311,0.0,0.0,0.0,1.0,0.0,0.0
prediction_loss_decoupling,offroute60,offroute60,7,nominal_no_repair,Nominal,4,31,15,2,62,60,1.0,,0,180,168,13,0,1,0,,0.03333333333333333,,0.05014124293785311,0.0,0.0,0.0,1.0,0.0,0.0
prediction_loss_decoupling,offroute60,offroute60,7,shield_only,Shield only,0,31,15,2,62,60,1.0,,0,180,168,14,1,1,1,,0.03333333333333333,,0.05014124293785311,0.0,0.0,0.0,1.0,0.0,0.0
prediction_loss_decoupling,offroute60,offroute60,7,shield_only,Shield only,1,31,15,2,62,60,1.0,,0,180,168,13,1,1,1,,0.03333333333333333,,0.05014124293785311,0.0,0.0,0.0,1.0,0.0,0.0
prediction_loss_decoupling,offroute60,offroute60,7,shield_only,Shield only,2,31,15,2,62,60,1.0,,0,180,168,13,1,1,1,,0.03333333333333333,,0.05014124293785311,0.0,0.0,0.0,1.0,0.0,0.0
prediction_loss_decoupling,offroute60,offroute60,7,shield_only,Shield only,3,31,15,2,62,60,1.0,,0,180,168,13,1,1,1,,0.03333333333333333,,0.05014124293785311,0.0,0.0,0.0,1.0,0.0,0.0
prediction_loss_decoupling,offroute60,offroute60,7,shield_only,Shield only,4,31,15,2,62,60,1.0,,0,180,168,13,1,1,1,,0.03333333333333333,,0.05014124293785311,0.0,0.0,0.0,1.0,0.0,0.0
prediction_loss_decoupling,offroute60,offroute60,7,batch_episode_retrain,Batch episode,0,31,15,2,62,60,1.0,,0,180,168,13,0,1,0,,0.03333333333333333,,0.05014124293785311,0.0,0.0,0.0,1.0,0.0,0.0
prediction_loss_decoupling,offroute60,offroute60,7,batch_episode_retrain,Batch episode,1,31,15,2,62,60,1.0,,0,180,165,16,0,1,1,,0.032795698924731186,,0.0413135593220339,1.0,1.0,0.0,1.0,0.016129032258064516,0.0
prediction_loss_decoupling,offroute60,offroute60,7,batch_episode_retrain,Batch episode,2,31,15,2,62,60,1.0,,0,180,162,19,0,1,2,,0.03225806451612903,,0.03954802259887006,2.0,2.0,0.0,1.0,0.03225806451612903,0.0
prediction_loss_decoupling,offroute60,offroute60,7,batch_episode_retrain,Batch episode,3,31,15,2,62,60,1.0,,1,32,0,32,0,0,3,,0.031720430107526884,,0.03072033898305085,3.0,3.0,0.0,1.0,0.04838709677419355,0.0
prediction_loss_decoupling,offroute60,offroute60,7,batch_episode_retrain,Batch episode,4,31,15,2,62,60,1.0,,1,32,0,32,0,0,3,,0.031720430107526884,,0.03072033898305085,3.0,3.0,0.0,1.0,0.04838709677419355,0.0
prediction_loss_decoupling,offroute60,offroute60,7,threshold_8,Threshold 8,0,31,15,2,62,60,1.0,,1,66,32,66,0,0,4,,0.03118279569892473,,0.028954802259887006,4.0,4.0,0.0,1.0,0.06451612903225806,0.0
prediction_loss_decoupling,offroute60,offroute60,7,threshold_8,Threshold 8,1,31,15,2,62,60,1.0,,1,32,0,32,0,0,4,,0.03118279569892473,,0.028954802259887006,4.0,4.0,0.0,1.0,0.06451612903225806,0.0
prediction_loss_decoupling,offroute60,offroute60,7,threshold_8,Threshold 8,2,31,15,2,62,60,1.0,,1,32,0,32,0,0,4,,0.03118279569892473,,0.028954802259887006,4.0,4.0,0.0,1.0,0.06451612903225806,0.0
prediction_loss_decoupling,offroute60,offroute60,7,threshold_8,Threshold 8,3,31,15,2,62,60,1.0,,1,32,0,32,0,0,4,,0.03118279569892473,,0.028954802259887006,4.0,4.0,0.0,1.0,0.06451612903225806,0.0
prediction_loss_decoupling,offroute60,offroute60,7,threshold_8,Threshold 8,4,31,15,2,62,60,1.0,,1,32,0,32,0,0,4,,0.03118279569892473,,0.028954802259887006,4.0,4.0,0.0,1.0,0.06451612903225806,0.0
prediction_loss_decoupling,offroute60,offroute60,7,uncertainty_cost_avoidance,Cost avoidance,0,31,15,2,62,60,1.0,,1,38,4,38,0,0,4,,0.03333333333333333,,0.05014124293785311,0.0,0.0,0.0,1.0,0.0,0.0
prediction_loss_decoupling,offroute60,offroute60,7,uncertainty_cost_avoidance,Cost avoidance,1,31,15,2,62,60,1.0,,1,32,0,32,0,0,4,,0.03333333333333333,,0.05014124293785311,0.0,0.0,0.0,1.0,0.0,0.0
prediction_loss_decoupling,offroute60,offroute60,7,uncertainty_cost_avoidance,Cost avoidance,2,31,15,2,62,60,1.0,,1,32,0,32,0,0,4,,0.03333333333333333,,0.05014124293785311,0.0,0.0,0.0,1.0,0.0,0.0
prediction_loss_decoupling,offroute60,offroute60,7,uncertainty_cost_avoidance,Cost avoidance,3,31,15,2,62,60,1.0,,1,32,0,32,0,0,4,,0.03333333333333333,,0.05014124293785311,0.0,0.0,0.0,1.0,0.0,0.0
prediction_loss_decoupling,offroute60,offroute60,7,uncertainty_cost_avoidance,Cost avoidance,4,31,15,2,62,60,1.0,,1,32,0,32,0,0,4,,0.03333333333333333,,0.05014124293785311,0.0,0.0,0.0,1.0,0.0,0.0
prediction_loss_decoupling,offroute60,offroute60,7,ccra_exact_guard,CCRA exact,0,31,15,2,62,60,1.0,,1,38,4,38,0,0,4,,0.03118279569892473,,0.028954802259887006,4.0,4.0,0.0,1.0,0.06451612903225806,0.0
prediction_loss_decoupling,offroute60,offroute60,7,ccra_exact_guard,CCRA exact,1,31,15,2,62,60,1.0,,1,32,0,32,0,0,4,,0.03118279569892473,,0.028954802259887006,4.0,4.0,0.0,1.0,0.06451612903225806,0.0
prediction_loss_decoupling,offroute60,offroute60,7,ccra_exact_guard,CCRA exact,2,31,15,2,62,60,1.0,,1,32,0,32,0,0,4,,0.03118279569892473,,0.028954802259887006,4.0,4.0,0.0,1.0,0.06451612903225806,0.0
prediction_loss_decoupling,offroute60,offroute60,7,ccra_exact_guard,CCRA exact,3,31,15,2,62,60,1.0,,1,32,0,32,0,0,4,,0.03118279569892473,,0.028954802259887006,4.0,4.0,0.0,1.0,0.06451612903225806,0.0
prediction_loss_decoupling,offroute60,offroute60,7,ccra_exact_guard,CCRA exact,4,31,15,2,62,60,1.0,,1,32,0,32,0,0,4,,0.03118279569892473,,0.028954802259887006,4.0,4.0,0.0,1.0,0.06451612903225806,0.0
prediction_loss_decoupling,offroute60,offroute60,7,ccra_row_guard,CCRA row,0,31,15,2,62,60,1.0,,1,36,2,36,0,0,2,,0.05698924731182796,,0.3114406779661017,60.0,8.0,52.0,0.13333333333333333,0.12903225806451613,0.8666666666666667
prediction_loss_decoupling,offroute60,offroute60,7,ccra_row_guard,CCRA row,1,31,15,2,62,60,1.0,,1,58,8,58,0,0,10,,0.15591397849462366,,0.413135593220339,300.0,36.0,264.0,0.12,0.5806451612903226,0.88
prediction_loss_decoupling,offroute60,offroute60,7,ccra_row_guard,CCRA row,2,31,15,2,62,60,1.0,,1,45,3,45,0,0,13,,0.19032258064516128,,0.4357344632768362,390.0,49.0,341.0,0.12564102564102564,0.7903225806451613,0.8743589743589744
prediction_loss_decoupling,offroute60,offroute60,7,ccra_row_guard,CCRA row,3,31,15,2,62,60,1.0,,0,28,2,29,0,0,15,,0.2086021505376344,,0.4477401129943503,450.0,62.0,388.0,0.13777777777777778,1.0,0.8622222222222222
prediction_loss_decoupling,offroute60,offroute60,7,ccra_row_guard,CCRA row,4,31,15,2,62,60,1.0,,0,0,0,1,0,0,15,,0.2086021505376344,,0.4477401129943503,450.0,62.0,388.0,0.13777777777777778,1.0,0.8622222222222222
prediction_loss_decoupling,offroute60,offroute60,7,global_action_repair,Global action,0,31,15,2,62,60,1.0,,0,15,3,16,0,0,1,,0.2086021505376344,,0.4477401129943503,450.0,62.0,388.0,0.13777777777777778,1.0,0.8622222222222222
prediction_loss_decoupling,offroute60,offroute60,7,global_action_repair,Global action,1,31,15,2,62,60,1.0,,0,0,0,1,0,0,1,,0.2086021505376344,,0.4477401129943503,450.0,62.0,388.0,0.13777777777777778,1.0,0.8622222222222222
prediction_loss_decoupling,offroute60,offroute60,7,global_action_repair,Global action,2,31,15,2,62,60,1.0,,0,0,0,1,0,0,1,,0.2086021505376344,,0.4477401129943503,450.0,62.0,388.0,0.13777777777777778,1.0,0.8622222222222222
prediction_loss_decoupling,offroute60,offroute60,7,global_action_repair,Global action,3,31,15,2,62,60,1.0,,0,0,0,1,0,0,1,,0.2086021505376344,,0.4477401129943503,450.0,62.0,388.0,0.13777777777777778,1.0,0.8622222222222222
prediction_loss_decoupling,offroute60,offroute60,7,global_action_repair,Global action,4,31,15,2,62,60,1.0,,0,0,0,1,0,0,1,,0.2086021505376344,,0.4477401129943503,450.0,62.0,388.0,0.13777777777777778,1.0,0.8622222222222222
prediction_loss_decoupling,offroute60,offroute60,7,oracle_fault_model,Oracle,0,31,15,2,62,60,1.0,,1,32,0,32,0,0,0,,0.0,,0.0,62.0,62.0,0.0,1.0,1.0,0.0
prediction_loss_decoupling,offroute60,offroute60,7,oracle_fault_model,Oracle,1,31,15,2,62,60,1.0,,1,32,0,32,0,0,0,,0.0,,0.0,62.0,62.0,0.0,1.0,1.0,0.0
prediction_loss_decoupling,offroute60,offroute60,7,oracle_fault_model,Oracle,2,31,15,2,62,60,1.0,,1,32,0,32,0,0,0,,0.0,,0.0,62.0,62.0,0.0,1.0,1.0,0.0
prediction_loss_decoupling,offroute60,offroute60,7,oracle_fault_model,Oracle,3,31,15,2,62,60,1.0,,1,32,0,32,0,0,0,,0.0,,0.0,62.0,62.0,0.0,1.0,1.0,0.0
prediction_loss_decoupling,offroute60,offroute60,7,oracle_fault_model,Oracle,4,31,15,2,62,60,1.0,,1,32,0,32,0,0,0,,0.0,,0.0,62.0,62.0,0.0,1.0,1.0,0.0
prediction_loss_decoupling,offroute60,offroute60,8,nominal_no_repair,Nominal,0,31,15,2,62,60,1.0,,0,180,176,5,0,1,0,,0.03333333333333333,,0.05014124293785311,0.0,0.0,0.0,1.0,0.0,0.0
prediction_loss_decoupling,offroute60,offroute60,8,nominal_no_repair,Nominal,1,31,15,2,62,60,1.0,,0,180,176,5,0,1,0,,0.03333333333333333,,0.05014124293785311,0.0,0.0,0.0,1.0,0.0,0.0
prediction_loss_decoupling,offroute60,offroute60,8,nominal_no_repair,Nominal,2,31,15,2,62,60,1.0,,0,180,176,5,0,1,0,,0.03333333333333333,,0.05014124293785311,0.0,0.0,0.0,1.0,0.0,0.0
prediction_loss_decoupling,offroute60,offroute60,8,nominal_no_repair,Nominal,3,31,15,2,62,60,1.0,,0,180,176,5,0,1,0,,0.03333333333333333,,0.05014124293785311,0.0,0.0,0.0,1.0,0.0,0.0
prediction_loss_decoupling,offroute60,offroute60,8,nominal_no_repair,Nominal,4,31,15,2,62,60,1.0,,0,180,176,5,0,1,0,,0.03333333333333333,,0.05014124293785311,0.0,0.0,0.0,1.0,0.0,0.0
prediction_loss_decoupling,offroute60,offroute60,8,shield_only,Shield only,0,31,15,2,62,60,1.0,,0,180,176,6,1,1,1,,0.03333333333333333,,0.05014124293785311,0.0,0.0,0.0,1.0,0.0,0.0
prediction_loss_decoupling,offroute60,offroute60,8,shield_only,Shield only,1,31,15,2,62,60,1.0,,0,180,176,5,1,1,1,,0.03333333333333333,,0.05014124293785311,0.0,0.0,0.0,1.0,0.0,0.0
prediction_loss_decoupling,offroute60,offroute60,8,shield_only,Shield only,2,31,15,2,62,60,1.0,,0,180,176,5,1,1,1,,0.03333333333333333,,0.05014124293785311,0.0,0.0,0.0,1.0,0.0,0.0
prediction_loss_decoupling,offroute60,offroute60,8,shield_only,Shield only,3,31,15,2,62,60,1.0,,0,180,176,5,1,1,1,,0.03333333333333333,,0.05014124293785311,0.0,0.0,0.0,1.0,0.0,0.0
prediction_loss_decoupling,offroute60,offroute60,8,shield_only,Shield only,4,31,15,2,62,60,1.0,,0,180,176,5,1,1,1,,0.03333333333333333,,0.05014124293785311,0.0,0.0,0.0,1.0,0.0,0.0
prediction_loss_decoupling,offroute60,offroute60,8,batch_episode_retrain,Batch episode,0,31,15,2,62,60,1.0,,0,180,176,5,0,1,0,,0.03333333333333333,,0.05014124293785311,0.0,0.0,0.0,1.0,0.0,0.0
prediction_loss_decoupling,offroute60,offroute60,8,batch_episode_retrain,Batch episode,1,31,15,2,62,60,1.0,,0,180,172,9,0,1,1,,0.032795698924731186,,0.0413135593220339,1.0,1.0,0.0,1.0,0.016129032258064516,0.0
prediction_loss_decoupling,offroute60,offroute60,8,batch_episode_retrain,Batch episode,2,31,15,2,62,60,1.0,,0,180,157,24,0,1,2,,0.03225806451612903,,0.03954802259887006,2.0,2.0,0.0,1.0,0.03225806451612903,0.0
prediction_loss_decoupling,offroute60,offroute60,8,batch_episode_retrain,Batch episode,3,31,15,2,62,60,1.0,,0,180,168,13,0,1,3,,0.031720430107526884,,0.03072033898305085,3.0,3.0,0.0,1.0,0.04838709677419355,0.0
prediction_loss_decoupling,offroute60,offroute60,8,batch_episode_retrain,Batch episode,4,31,15,2,62,60,1.0,,0,180,155,26,0,1,4,,0.03118279569892473,,0.028954802259887006,4.0,4.0,0.0,1.0,0.06451612903225806,0.0
prediction_loss_decoupling,offroute60,offroute60,8,threshold_8,Threshold 8,0,31,15,2,62,60,1.0,,1,66,32,66,0,0,4,,0.03118279569892473,,0.028954802259887006,4.0,4.0,0.0,1.0,0.06451612903225806,0.0
prediction_loss_decoupling,offroute60,offroute60,8,threshold_8,Threshold 8,1,31,15,2,62,60,1.0,,1,42,8,42,0,0,5,,0.03064516129032258,,0.027189265536723163,5.0,5.0,0.0,1.0,0.08064516129032258,0.0
prediction_loss_decoupling,offroute60,offroute60,8,threshold_8,Threshold 8,2,31,15,2,62,60,1.0,,1,34,0,34,0,0,5,,0.03064516129032258,,0.027189265536723163,5.0,5.0,0.0,1.0,0.08064516129032258,0.0
prediction_loss_decoupling,offroute60,offroute60,8,threshold_8,Threshold 8,3,31,15,2,62,60,1.0,,1,34,0,34,0,0,5,,0.03064516129032258,,0.027189265536723163,5.0,5.0,0.0,1.0,0.08064516129032258,0.0
prediction_loss_decoupling,offroute60,offroute60,8,threshold_8,Threshold 8,4,31,15,2,62,60,1.0,,1,34,0,34,0,0,5,,0.03064516129032258,,0.027189265536723163,5.0,5.0,0.0,1.0,0.08064516129032258,0.0
prediction_loss_decoupling,offroute60,offroute60,8,uncertainty_cost_avoidance,Cost avoidance,0,31,15,2,62,60,1.0,,1,38,4,38,0,0,4,,0.03333333333333333,,0.05014124293785311,0.0,0.0,0.0,1.0,0.0,0.0
prediction_loss_decoupling,offroute60,offroute60,8,uncertainty_cost_avoidance,Cost avoidance,1,31,15,2,62,60,1.0,,1,35,1,35,0,0,5,,0.03333333333333333,,0.05014124293785311,0.0,0.0,0.0,1.0,0.0,0.0
prediction_loss_decoupling,offroute60,offroute60,8,uncertainty_cost_avoidance,Cost avoidance,2,31,15,2,62,60,1.0,,1,34,0,34,0,0,5,,0.03333333333333333,,0.05014124293785311,0.0,0.0,0.0,1.0,0.0,0.0
prediction_loss_decoupling,offroute60,offroute60,8,uncertainty_cost_avoidance,Cost avoidance,3,31,15,2,62,60,1.0,,1,34,0,34,0,0,5,,0.03333333333333333,,0.05014124293785311,0.0,0.0,0.0,1.0,0.0,0.0
prediction_loss_decoupling,offroute60,offroute60,8,uncertainty_cost_avoidance,Cost avoidance,4,31,15,2,62,60,1.0,,1,34,0,34,0,0,5,,0.03333333333333333,,0.05014124293785311,0.0,0.0,0.0,1.0,0.0,0.0
prediction_loss_decoupling,offroute60,offroute60,8,ccra_exact_guard,CCRA exact,0,31,15,2,62,60,1.0,,1,38,4,38,0,0,4,,0.03118279569892473,,0.028954802259887006,4.0,4.0,0.0,1.0,0.06451612903225806,0.0
prediction_loss_decoupling,offroute60,offroute60,8,ccra_exact_guard,CCRA exact,1,31,15,2,62,60,1.0,,1,35,1,35,0,0,5,,0.03064516129032258,,0.027189265536723163,5.0,5.0,0.0,1.0,0.08064516129032258,0.0
prediction_loss_decoupling,offroute60,offroute60,8,ccra_exact_guard,CCRA exact,2,31,15,2,62,60,1.0,,1,34,0,34,0,0,5,,0.03064516129032258,,0.027189265536723163,5.0,5.0,0.0,1.0,0.08064516129032258,0.0
prediction_loss_decoupling,offroute60,offroute60,8,ccra_exact_guard,CCRA exact,3,31,15,2,62,60,1.0,,1,34,0,34,0,0,5,,0.03064516129032258,,0.027189265536723163,5.0,5.0,0.0,1.0,0.08064516129032258,0.0
prediction_loss_decoupling,offroute60,offroute60,8,ccra_exact_guard,CCRA exact,4,31,15,2,62,60,1.0,,1,34,0,34,0,0,5,,0.03064516129032258,,0.027189265536723163,5.0,5.0,0.0,1.0,0.08064516129032258,0.0
prediction_loss_decoupling,offroute60,offroute60,8,ccra_row_guard,CCRA row,0,31,15,2,62,60,1.0,,1,59,9,59,0,0,9,,0.13763440860215054,,0.4011299435028249,270.0,38.0,232.0,0.14074074074074075,0.6129032258064516,0.8592592592592593
prediction_loss_decoupling,offroute60,offroute60,8,ccra_row_guard,CCRA row,1,31,15,2,62,60,1.0,,1,40,2,40,0,0,11,,0.16236559139784945,,0.4173728813559322,330.0,45.0,285.0,0.13636363636363635,0.7258064516129032,0.8636363636363636
prediction_loss_decoupling,offroute60,offroute60,8,ccra_row_guard,CCRA row,2,31,15,2,62,60,1.0,,0,33,4,34,0,0,15,,0.2086021505376344,,0.4477401129943503,450.0,62.0,388.0,0.13777777777777778,1.0,0.8622222222222222
prediction_loss_decoupling,offroute60,offroute60,8,ccra_row_guard,CCRA row,3,31,15,2,62,60,1.0,,0,0,0,1,0,0,15,,0.2086021505376344,,0.4477401129943503,450.0,62.0,388.0,0.13777777777777778,1.0,0.8622222222222222
prediction_loss_decoupling,offroute60,offroute60,8,ccra_row_guard,CCRA row,4,31,15,2,62,60,1.0,,0,0,0,1,0,0,15,,0.2086021505376344,,0.4477401129943503,450.0,62.0,388.0,0.13777777777777778,1.0,0.8622222222222222
prediction_loss_decoupling,offroute60,offroute60,8,global_action_repair,Global action,0,31,15,2,62,60,1.0,,0,7,3,8,0,0,1,,0.2086021505376344,,0.4477401129943503,450.0,62.0,388.0,0.13777777777777778,1.0,0.8622222222222222
prediction_loss_decoupling,offroute60,offroute60,8,global_action_repair,Global action,1,31,15,2,62,60,1.0,,0,0,0,1,0,0,1,,0.2086021505376344,,0.4477401129943503,450.0,62.0,388.0,0.13777777777777778,1.0,0.8622222222222222
prediction_loss_decoupling,offroute60,offroute60,8,global_action_repair,Global action,2,31,15,2,62,60,1.0,,0,0,0,1,0,0,1,,0.2086021505376344,,0.4477401129943503,450.0,62.0,388.0,0.13777777777777778,1.0,0.8622222222222222
prediction_loss_decoupling,offroute60,offroute60,8,global_action_repair,Global action,3,31,15,2,62,60,1.0,,0,0,0,1,0,0,1,,0.2086021505376344,,0.4477401129943503,450.0,62.0,388.0,0.13777777777777778,1.0,0.8622222222222222
prediction_loss_decoupling,offroute60,offroute60,8,global_action_repair,Global action,4,31,15,2,62,60,1.0,,0,0,0,1,0,0,1,,0.2086021505376344,,0.4477401129943503,450.0,62.0,388.0,0.13777777777777778,1.0,0.8622222222222222
prediction_loss_decoupling,offroute60,offroute60,8,oracle_fault_model,Oracle,0,31,15,2,62,60,1.0,,1,34,0,34,0,0,0,,0.0,,0.0,62.0,62.0,0.0,1.0,1.0,0.0
prediction_loss_decoupling,offroute60,offroute60,8,oracle_fault_model,Oracle,1,31,15,2,62,60,1.0,,1,34,0,34,0,0,0,,0.0,,0.0,62.0,62.0,0.0,1.0,1.0,0.0
prediction_loss_decoupling,offroute60,offroute60,8,oracle_fault_model,Oracle,2,31,15,2,62,60,1.0,,1,34,0,34,0,0,0,,0.0,,0.0,62.0,62.0,0.0,1.0,1.0,0.0
prediction_loss_decoupling,offroute60,offroute60,8,oracle_fault_model,Oracle,3,31,15,2,62,60,1.0,,1,34,0,34,0,0,0,,0.0,,0.0,62.0,62.0,0.0,1.0,1.0,0.0
prediction_loss_decoupling,offroute60,offroute60,8,oracle_fault_model,Oracle,4,31,15,2,62,60,1.0,,1,34,0,34,0,0,0,,0.0,,0.0,62.0,62.0,0.0,1.0,1.0,0.0
prediction_loss_decoupling,offroute60,offroute60,9,nominal_no_repair,Nominal,0,31,15,2,62,60,1.0,,0,180,176,5,0,1,0,,0.03333333333333333,,0.05296610169491525,0.0,0.0,0.0,1.0,0.0,0.0
prediction_loss_decoupling,offroute60,offroute60,9,nominal_no_repair,Nominal,1,31,15,2,62,60,1.0,,0,180,176,5,0,1,0,,0.03333333333333333,,0.05296610169491525,0.0,0.0,0.0,1.0,0.0,0.0
prediction_loss_decoupling,offroute60,offroute60,9,nominal_no_repair,Nominal,2,31,15,2,62,60,1.0,,0,180,176,5,0,1,0,,0.03333333333333333,,0.05296610169491525,0.0,0.0,0.0,1.0,0.0,0.0
prediction_loss_decoupling,offroute60,offroute60,9,nominal_no_repair,Nominal,3,31,15,2,62,60,1.0,,0,180,176,5,0,1,0,,0.03333333333333333,,0.05296610169491525,0.0,0.0,0.0,1.0,0.0,0.0
prediction_loss_decoupling,offroute60,offroute60,9,nominal_no_repair,Nominal,4,31,15,2,62,60,1.0,,0,180,176,5,0,1,0,,0.03333333333333333,,0.05296610169491525,0.0,0.0,0.0,1.0,0.0,0.0
prediction_loss_decoupling,offroute60,offroute60,9,shield_only,Shield only,0,31,15,2,62,60,1.0,,0,180,176,6,1,1,1,,0.03333333333333333,,0.05296610169491525,0.0,0.0,0.0,1.0,0.0,0.0
prediction_loss_decoupling,offroute60,offroute60,9,shield_only,Shield only,1,31,15,2,62,60,1.0,,0,180,176,5,1,1,1,,0.03333333333333333,,0.05296610169491525,0.0,0.0,0.0,1.0,0.0,0.0
prediction_loss_decoupling,offroute60,offroute60,9,shield_only,Shield only,2,31,15,2,62,60,1.0,,0,180,176,5,1,1,1,,0.03333333333333333,,0.05296610169491525,0.0,0.0,0.0,1.0,0.0,0.0
prediction_loss_decoupling,offroute60,offroute60,9,shield_only,Shield only,3,31,15,2,62,60,1.0,,0,180,176,5,1,1,1,,0.03333333333333333,,0.05296610169491525,0.0,0.0,0.0,1.0,0.0,0.0
prediction_loss_decoupling,offroute60,offroute60,9,shield_only,Shield only,4,31,15,2,62,60,1.0,,0,180,176,5,1,1,1,,0.03333333333333333,,0.05296610169491525,0.0,0.0,0.0,1.0,0.0,0.0
prediction_loss_decoupling,offroute60,offroute60,9,batch_episode_retrain,Batch episode,0,31,15,2,62,60,1.0,,0,180,176,5,0,1,0,,0.03333333333333333,,0.05296610169491525,0.0,0.0,0.0,1.0,0.0,0.0
prediction_loss_decoupling,offroute60,offroute60,9,batch_episode_retrain,Batch episode,1,31,15,2,62,60,1.0,,0,180,164,17,0,1,1,,0.032795698924731186,,0.04413841807909605,1.0,1.0,0.0,1.0,0.016129032258064516,0.0
prediction_loss_decoupling,offroute60,offroute60,9,batch_episode_retrain,Batch episode,2,31,15,2,62,60,1.0,,1,32,0,32,0,0,2,,0.03225806451612903,,0.0423728813559322,2.0,2.0,0.0,1.0,0.03225806451612903,0.0
prediction_loss_decoupling,offroute60,offroute60,9,batch_episode_retrain,Batch episode,3,31,15,2,62,60,1.0,,1,32,0,32,0,0,2,,0.03225806451612903,,0.0423728813559322,2.0,2.0,0.0,1.0,0.03225806451612903,0.0
prediction_loss_decoupling,offroute60,offroute60,9,batch_episode_retrain,Batch episode,4,31,15,2,62,60,1.0,,1,32,0,32,0,0,2,,0.03225806451612903,,0.0423728813559322,2.0,2.0,0.0,1.0,0.03225806451612903,0.0
prediction_loss_decoupling,offroute60,offroute60,9,threshold_8,Threshold 8,0,31,15,2,62,60,1.0,,1,48,16,48,0,0,2,,0.03225806451612903,,0.0423728813559322,2.0,2.0,0.0,1.0,0.03225806451612903,0.0
prediction_loss_decoupling,offroute60,offroute60,9,threshold_8,Threshold 8,1,31,15,2,62,60,1.0,,1,32,0,32,0,0,2,,0.03225806451612903,,0.0423728813559322,2.0,2.0,0.0,1.0,0.03225806451612903,0.0
prediction_loss_decoupling,offroute60,offroute60,9,threshold_8,Threshold 8,2,31,15,2,62,60,1.0,,1,32,0,32,0,0,2,,0.03225806451612903,,0.0423728813559322,2.0,2.0,0.0,1.0,0.03225806451612903,0.0
prediction_loss_decoupling,offroute60,offroute60,9,threshold_8,Threshold 8,3,31,15,2,62,60,1.0,,1,32,0,32,0,0,2,,0.03225806451612903,,0.0423728813559322,2.0,2.0,0.0,1.0,0.03225806451612903,0.0
prediction_loss_decoupling,offroute60,offroute60,9,threshold_8,Threshold 8,4,31,15,2,62,60,1.0,,1,32,0,32,0,0,2,,0.03225806451612903,,0.0423728813559322,2.0,2.0,0.0,1.0,0.03225806451612903,0.0
prediction_loss_decoupling,offroute60,offroute60,9,uncertainty_cost_avoidance,Cost avoidance,0,31,15,2,62,60,1.0,,1,34,2,34,0,0,2,,0.03333333333333333,,0.05296610169491525,0.0,0.0,0.0,1.0,0.0,0.0
prediction_loss_decoupling,offroute60,offroute60,9,uncertainty_cost_avoidance,Cost avoidance,1,31,15,2,62,60,1.0,,1,32,0,32,0,0,2,,0.03333333333333333,,0.05296610169491525,0.0,0.0,0.0,1.0,0.0,0.0
prediction_loss_decoupling,offroute60,offroute60,9,uncertainty_cost_avoidance,Cost avoidance,2,31,15,2,62,60,1.0,,1,32,0,32,0,0,2,,0.03333333333333333,,0.05296610169491525,0.0,0.0,0.0,1.0,0.0,0.0
prediction_loss_decoupling,offroute60,offroute60,9,uncertainty_cost_avoidance,Cost avoidance,3,31,15,2,62,60,1.0,,1,32,0,32,0,0,2,,0.03333333333333333,,0.05296610169491525,0.0,0.0,0.0,1.0,0.0,0.0
prediction_loss_decoupling,offroute60,offroute60,9,uncertainty_cost_avoidance,Cost avoidance,4,31,15,2,62,60,1.0,,1,32,0,32,0,0,2,,0.03333333333333333,,0.05296610169491525,0.0,0.0,0.0,1.0,0.0,0.0
prediction_loss_decoupling,offroute60,offroute60,9,ccra_exact_guard,CCRA exact,0,31,15,2,62,60,1.0,,1,34,2,34,0,0,2,,0.03225806451612903,,0.0423728813559322,2.0,2.0,0.0,1.0,0.03225806451612903,0.0
prediction_loss_decoupling,offroute60,offroute60,9,ccra_exact_guard,CCRA exact,1,31,15,2,62,60,1.0,,1,32,0,32,0,0,2,,0.03225806451612903,,0.0423728813559322,2.0,2.0,0.0,1.0,0.03225806451612903,0.0
prediction_loss_decoupling,offroute60,offroute60,9,ccra_exact_guard,CCRA exact,2,31,15,2,62,60,1.0,,1,32,0,32,0,0,2,,0.03225806451612903,,0.0423728813559322,2.0,2.0,0.0,1.0,0.03225806451612903,0.0
prediction_loss_decoupling,offroute60,offroute60,9,ccra_exact_guard,CCRA exact,3,31,15,2,62,60,1.0,,1,32,0,32,0,0,2,,0.03225806451612903,,0.0423728813559322,2.0,2.0,0.0,1.0,0.03225806451612903,0.0
prediction_loss_decoupling,offroute60,offroute60,9,ccra_exact_guard,CCRA exact,4,31,15,2,62,60,1.0,,1,32,0,32,0,0,2,,0.03225806451612903,,0.0423728813559322,2.0,2.0,0.0,1.0,0.03225806451612903,0.0
prediction_loss_decoupling,offroute60,offroute60,9,ccra_row_guard,CCRA row,0,31,15,2,62,60,1.0,,1,51,7,51,0,0,7,,0.1064516129032258,,0.3778248587570621,210.0,37.0,173.0,0.1761904761904762,0.5967741935483871,0.8238095238095238
prediction_loss_decoupling,offroute60,offroute60,9,ccra_row_guard,CCRA row,1,31,15,2,62,60,1.0,,1,46,4,46,0,0,11,,0.15698924731182795,,0.4110169491525424,330.0,50.0,280.0,0.15151515151515152,0.8064516129032258,0.8484848484848485
prediction_loss_decoupling,offroute60,offroute60,9,ccra_row_guard,CCRA row,2,31,15,2,62,60,1.0,,0,49,4,50,0,0,15,,0.2086021505376344,,0.4449152542372881,450.0,62.0,388.0,0.13777777777777778,1.0,0.8622222222222222
prediction_loss_decoupling,offroute60,offroute60,9,ccra_row_guard,CCRA row,3,31,15,2,62,60,1.0,,0,0,0,1,0,0,15,,0.2086021505376344,,0.4449152542372881,450.0,62.0,388.0,0.13777777777777778,1.0,0.8622222222222222
prediction_loss_decoupling,offroute60,offroute60,9,ccra_row_guard,CCRA row,4,31,15,2,62,60,1.0,,0,0,0,1,0,0,15,,0.2086021505376344,,0.4449152542372881,450.0,62.0,388.0,0.13777777777777778,1.0,0.8622222222222222
prediction_loss_decoupling,offroute60,offroute60,9,global_action_repair,Global action,0,31,15,2,62,60,1.0,,0,7,3,8,0,0,1,,0.2086021505376344,,0.4449152542372881,450.0,62.0,388.0,0.13777777777777778,1.0,0.8622222222222222
prediction_loss_decoupling,offroute60,offroute60,9,global_action_repair,Global action,1,31,15,2,62,60,1.0,,0,0,0,1,0,0,1,,0.2086021505376344,,0.4449152542372881,450.0,62.0,388.0,0.13777777777777778,1.0,0.8622222222222222
prediction_loss_decoupling,offroute60,offroute60,9,global_action_repair,Global action,2,31,15,2,62,60,1.0,,0,0,0,1,0,0,1,,0.2086021505376344,,0.4449152542372881,450.0,62.0,388.0,0.13777777777777778,1.0,0.8622222222222222
prediction_loss_decoupling,offroute60,offroute60,9,global_action_repair,Global action,3,31,15,2,62,60,1.0,,0,0,0,1,0,0,1,,0.2086021505376344,,0.4449152542372881,450.0,62.0,388.0,0.13777777777777778,1.0,0.8622222222222222
prediction_loss_decoupling,offroute60,offroute60,9,global_action_repair,Global action,4,31,15,2,62,60,1.0,,0,0,0,1,0,0,1,,0.2086021505376344,,0.4449152542372881,450.0,62.0,388.0,0.13777777777777778,1.0,0.8622222222222222
prediction_loss_decoupling,offroute60,offroute60,9,oracle_fault_model,Oracle,0,31,15,2,62,60,1.0,,1,32,0,32,0,0,0,,0.0,,0.0,62.0,62.0,0.0,1.0,1.0,0.0
prediction_loss_decoupling,offroute60,offroute60,9,oracle_fault_model,Oracle,1,31,15,2,62,60,1.0,,1,32,0,32,0,0,0,,0.0,,0.0,62.0,62.0,0.0,1.0,1.0,0.0
prediction_loss_decoupling,offroute60,offroute60,9,oracle_fault_model,Oracle,2,31,15,2,62,60,1.0,,1,32,0,32,0,0,0,,0.0,,0.0,62.0,62.0,0.0,1.0,1.0,0.0
prediction_loss_decoupling,offroute60,offroute60,9,oracle_fault_model,Oracle,3,31,15,2,62,60,1.0,,1,32,0,32,0,0,0,,0.0,,0.0,62.0,62.0,0.0,1.0,1.0,0.0
prediction_loss_decoupling,offroute60,offroute60,9,oracle_fault_model,Oracle,4,31,15,2,62,60,1.0,,1,32,0,32,0,0,0,,0.0,,0.0,62.0,62.0,0.0,1.0,1.0,0.0
prediction_loss_decoupling,offroute60,offroute60,10,nominal_no_repair,Nominal,0,31,15,2,62,60,1.0,,0,180,167,14,0,1,0,,0.03333333333333333,,0.057203389830508475,0.0,0.0,0.0,1.0,0.0,0.0
prediction_loss_decoupling,offroute60,offroute60,10,nominal_no_repair,Nominal,1,31,15,2,62,60,1.0,,0,180,167,14,0,1,0,,0.03333333333333333,,0.057203389830508475,0.0,0.0,0.0,1.0,0.0,0.0
prediction_loss_decoupling,offroute60,offroute60,10,nominal_no_repair,Nominal,2,31,15,2,62,60,1.0,,0,180,167,14,0,1,0,,0.03333333333333333,,0.057203389830508475,0.0,0.0,0.0,1.0,0.0,0.0
prediction_loss_decoupling,offroute60,offroute60,10,nominal_no_repair,Nominal,3,31,15,2,62,60,1.0,,0,180,167,14,0,1,0,,0.03333333333333333,,0.057203389830508475,0.0,0.0,0.0,1.0,0.0,0.0
prediction_loss_decoupling,offroute60,offroute60,10,nominal_no_repair,Nominal,4,31,15,2,62,60,1.0,,0,180,167,14,0,1,0,,0.03333333333333333,,0.057203389830508475,0.0,0.0,0.0,1.0,0.0,0.0
prediction_loss_decoupling,offroute60,offroute60,10,shield_only,Shield only,0,31,15,2,62,60,1.0,,0,180,167,15,1,1,1,,0.03333333333333333,,0.057203389830508475,0.0,0.0,0.0,1.0,0.0,0.0
prediction_loss_decoupling,offroute60,offroute60,10,shield_only,Shield only,1,31,15,2,62,60,1.0,,0,180,167,14,1,1,1,,0.03333333333333333,,0.057203389830508475,0.0,0.0,0.0,1.0,0.0,0.0
prediction_loss_decoupling,offroute60,offroute60,10,shield_only,Shield only,2,31,15,2,62,60,1.0,,0,180,167,14,1,1,1,,0.03333333333333333,,0.057203389830508475,0.0,0.0,0.0,1.0,0.0,0.0
prediction_loss_decoupling,offroute60,offroute60,10,shield_only,Shield only,3,31,15,2,62,60,1.0,,0,180,167,14,1,1,1,,0.03333333333333333,,0.057203389830508475,0.0,0.0,0.0,1.0,0.0,0.0
prediction_loss_decoupling,offroute60,offroute60,10,shield_only,Shield only,4,31,15,2,62,60,1.0,,0,180,167,14,1,1,1,,0.03333333333333333,,0.057203389830508475,0.0,0.0,0.0,1.0,0.0,0.0
prediction_loss_decoupling,offroute60,offroute60,10,batch_episode_retrain,Batch episode,0,31,15,2,62,60,1.0,,0,180,167,14,0,1,0,,0.03333333333333333,,0.057203389830508475,0.0,0.0,0.0,1.0,0.0,0.0
prediction_loss_decoupling,offroute60,offroute60,10,batch_episode_retrain,Batch episode,1,31,15,2,62,60,1.0,,0,180,166,15,0,1,1,,0.032795698924731186,,0.048375706214689264,1.0,1.0,0.0,1.0,0.016129032258064516,0.0
prediction_loss_decoupling,offroute60,offroute60,10,batch_episode_retrain,Batch episode,2,31,15,2,62,60,1.0,,0,180,164,17,0,1,2,,0.03225806451612903,,0.046610169491525424,2.0,2.0,0.0,1.0,0.03225806451612903,0.0
prediction_loss_decoupling,offroute60,offroute60,10,batch_episode_retrain,Batch episode,3,31,15,2,62,60,1.0,,0,180,162,19,0,1,3,,0.031720430107526884,,0.044844632768361585,3.0,3.0,0.0,1.0,0.04838709677419355,0.0
prediction_loss_decoupling,offroute60,offroute60,10,batch_episode_retrain,Batch episode,4,31,15,2,62,60,1.0,,0,180,158,23,0,1,4,,0.03118279569892473,,0.036016949152542374,4.0,4.0,0.0,1.0,0.06451612903225806,0.0
prediction_loss_decoupling,offroute60,offroute60,10,threshold_8,Threshold 8,0,31,15,2,62,60,1.0,,1,76,40,76,0,0,5,,0.03064516129032258,,0.03425141242937853,5.0,5.0,0.0,1.0,0.08064516129032258,0.0
prediction_loss_decoupling,offroute60,offroute60,10,threshold_8,Threshold 8,1,31,15,2,62,60,1.0,,1,34,0,34,0,0,5,,0.03064516129032258,,0.03425141242937853,5.0,5.0,0.0,1.0,0.08064516129032258,0.0
prediction_loss_decoupling,offroute60,offroute60,10,threshold_8,Threshold 8,2,31,15,2,62,60,1.0,,1,34,0,34,0,0,5,,0.03064516129032258,,0.03425141242937853,5.0,5.0,0.0,1.0,0.08064516129032258,0.0
prediction_loss_decoupling,offroute60,offroute60,10,threshold_8,Threshold 8,3,31,15,2,62,60,1.0,,1,34,0,34,0,0,5,,0.03064516129032258,,0.03425141242937853,5.0,5.0,0.0,1.0,0.08064516129032258,0.0
prediction_loss_decoupling,offroute60,offroute60,10,threshold_8,Threshold 8,4,31,15,2,62,60,1.0,,1,34,0,34,0,0,5,,0.03064516129032258,,0.03425141242937853,5.0,5.0,0.0,1.0,0.08064516129032258,0.0
prediction_loss_decoupling,offroute60,offroute60,10,uncertainty_cost_avoidance,Cost avoidance,0,31,15,2,62,60,1.0,,1,41,5,41,0,0,5,,0.03333333333333333,,0.057203389830508475,0.0,0.0,0.0,1.0,0.0,0.0
prediction_loss_decoupling,offroute60,offroute60,10,uncertainty_cost_avoidance,Cost avoidance,1,31,15,2,62,60,1.0,,1,34,0,34,0,0,5,,0.03333333333333333,,0.057203389830508475,0.0,0.0,0.0,1.0,0.0,0.0
prediction_loss_decoupling,offroute60,offroute60,10,uncertainty_cost_avoidance,Cost avoidance,2,31,15,2,62,60,1.0,,1,34,0,34,0,0,5,,0.03333333333333333,,0.057203389830508475,0.0,0.0,0.0,1.0,0.0,0.0
prediction_loss_decoupling,offroute60,offroute60,10,uncertainty_cost_avoidance,Cost avoidance,3,31,15,2,62,60,1.0,,1,34,0,34,0,0,5,,0.03333333333333333,,0.057203389830508475,0.0,0.0,0.0,1.0,0.0,0.0
prediction_loss_decoupling,offroute60,offroute60,10,uncertainty_cost_avoidance,Cost avoidance,4,31,15,2,62,60,1.0,,1,34,0,34,0,0,5,,0.03333333333333333,,0.057203389830508475,0.0,0.0,0.0,1.0,0.0,0.0
prediction_loss_decoupling,offroute60,offroute60,10,ccra_exact_guard,CCRA exact,0,31,15,2,62,60,1.0,,1,41,5,41,0,0,5,,0.03064516129032258,,0.03425141242937853,5.0,5.0,0.0,1.0,0.08064516129032258,0.0
prediction_loss_decoupling,offroute60,offroute60,10,ccra_exact_guard,CCRA exact,1,31,15,2,62,60,1.0,,1,34,0,34,0,0,5,,0.03064516129032258,,0.03425141242937853,5.0,5.0,0.0,1.0,0.08064516129032258,0.0
prediction_loss_decoupling,offroute60,offroute60,10,ccra_exact_guard,CCRA exact,2,31,15,2,62,60,1.0,,1,34,0,34,0,0,5,,0.03064516129032258,,0.03425141242937853,5.0,5.0,0.0,1.0,0.08064516129032258,0.0
prediction_loss_decoupling,offroute60,offroute60,10,ccra_exact_guard,CCRA exact,3,31,15,2,62,60,1.0,,1,34,0,34,0,0,5,,0.03064516129032258,,0.03425141242937853,5.0,5.0,0.0,1.0,0.08064516129032258,0.0
prediction_loss_decoupling,offroute60,offroute60,10,ccra_exact_guard,CCRA exact,4,31,15,2,62,60,1.0,,1,34,0,34,0,0,5,,0.03064516129032258,,0.03425141242937853,5.0,5.0,0.0,1.0,0.08064516129032258,0.0
prediction_loss_decoupling,offroute60,offroute60,10,ccra_row_guard,CCRA row,0,31,15,2,62,60,1.0,,1,42,4,42,0,0,4,,0.08064516129032258,,0.356638418079096,120.0,16.0,104.0,0.13333333333333333,0.25806451612903225,0.8666666666666667
prediction_loss_decoupling,offroute60,offroute60,10,ccra_row_guard,CCRA row,1,31,15,2,62,60,1.0,,1,59,7,59,0,0,11,,0.16129032258064516,,0.4096045197740113,330.0,46.0,284.0,0.1393939393939394,0.7419354838709677,0.8606060606060606
prediction_loss_decoupling,offroute60,offroute60,10,ccra_row_guard,CCRA row,2,31,15,2,62,60,1.0,,1,44,2,44,0,0,13,,0.1827956989247312,,0.423728813559322,390.0,56.0,334.0,0.14358974358974358,0.9032258064516129,0.8564102564102564
prediction_loss_decoupling,offroute60,offroute60,10,ccra_row_guard,CCRA row,3,31,15,2,62,60,1.0,,0,22,2,23,0,0,15,,0.2086021505376344,,0.4406779661016949,450.0,62.0,388.0,0.13777777777777778,1.0,0.8622222222222222
prediction_loss_decoupling,offroute60,offroute60,10,ccra_row_guard,CCRA row,4,31,15,2,62,60,1.0,,0,0,0,1,0,0,15,,0.2086021505376344,,0.4406779661016949,450.0,62.0,388.0,0.13777777777777778,1.0,0.8622222222222222
prediction_loss_decoupling,offroute60,offroute60,10,global_action_repair,Global action,0,31,15,2,62,60,1.0,,0,16,3,17,0,0,1,,0.2086021505376344,,0.4406779661016949,450.0,62.0,388.0,0.13777777777777778,1.0,0.8622222222222222
prediction_loss_decoupling,offroute60,offroute60,10,global_action_repair,Global action,1,31,15,2,62,60,1.0,,0,0,0,1,0,0,1,,0.2086021505376344,,0.4406779661016949,450.0,62.0,388.0,0.13777777777777778,1.0,0.8622222222222222
prediction_loss_decoupling,offroute60,offroute60,10,global_action_repair,Global action,2,31,15,2,62,60,1.0,,0,0,0,1,0,0,1,,0.2086021505376344,,0.4406779661016949,450.0,62.0,388.0,0.13777777777777778,1.0,0.8622222222222222
prediction_loss_decoupling,offroute60,offroute60,10,global_action_repair,Global action,3,31,15,2,62,60,1.0,,0,0,0,1,0,0,1,,0.2086021505376344,,0.4406779661016949,450.0,62.0,388.0,0.13777777777777778,1.0,0.8622222222222222
prediction_loss_decoupling,offroute60,offroute60,10,global_action_repair,Global action,4,31,15,2,62,60,1.0,,0,0,0,1,0,0,1,,0.2086021505376344,,0.4406779661016949,450.0,62.0,388.0,0.13777777777777778,1.0,0.8622222222222222
prediction_loss_decoupling,offroute60,offroute60,10,oracle_fault_model,Oracle,0,31,15,2,62,60,1.0,,1,34,0,34,0,0,0,,0.0,,0.0,62.0,62.0,0.0,1.0,1.0,0.0
prediction_loss_decoupling,offroute60,offroute60,10,oracle_fault_model,Oracle,1,31,15,2,62,60,1.0,,1,34,0,34,0,0,0,,0.0,,0.0,62.0,62.0,0.0,1.0,1.0,0.0
prediction_loss_decoupling,offroute60,offroute60,10,oracle_fault_model,Oracle,2,31,15,2,62,60,1.0,,1,34,0,34,0,0,0,,0.0,,0.0,62.0,62.0,0.0,1.0,1.0,0.0
prediction_loss_decoupling,offroute60,offroute60,10,oracle_fault_model,Oracle,3,31,15,2,62,60,1.0,,1,34,0,34,0,0,0,,0.0,,0.0,62.0,62.0,0.0,1.0,1.0,0.0
prediction_loss_decoupling,offroute60,offroute60,10,oracle_fault_model,Oracle,4,31,15,2,62,60,1.0,,1,34,0,34,0,0,0,,0.0,,0.0,62.0,62.0,0.0,1.0,1.0,0.0
prediction_loss_decoupling,offroute60,offroute60,11,nominal_no_repair,Nominal,0,31,15,2,62,60,1.0,,0,180,160,21,0,1,0,,0.03333333333333333,,0.04731638418079096,0.0,0.0,0.0,1.0,0.0,0.0
prediction_loss_decoupling,offroute60,offroute60,11,nominal_no_repair,Nominal,1,31,15,2,62,60,1.0,,0,180,160,21,0,1,0,,0.03333333333333333,,0.04731638418079096,0.0,0.0,0.0,1.0,0.0,0.0
prediction_loss_decoupling,offroute60,offroute60,11,nominal_no_repair,Nominal,2,31,15,2,62,60,1.0,,0,180,160,21,0,1,0,,0.03333333333333333,,0.04731638418079096,0.0,0.0,0.0,1.0,0.0,0.0
prediction_loss_decoupling,offroute60,offroute60,11,nominal_no_repair,Nominal,3,31,15,2,62,60,1.0,,0,180,160,21,0,1,0,,0.03333333333333333,,0.04731638418079096,0.0,0.0,0.0,1.0,0.0,0.0
prediction_loss_decoupling,offroute60,offroute60,11,nominal_no_repair,Nominal,4,31,15,2,62,60,1.0,,0,180,160,21,0,1,0,,0.03333333333333333,,0.04731638418079096,0.0,0.0,0.0,1.0,0.0,0.0
prediction_loss_decoupling,offroute60,offroute60,11,shield_only,Shield only,0,31,15,2,62,60,1.0,,0,180,160,22,1,1,1,,0.03333333333333333,,0.04731638418079096,0.0,0.0,0.0,1.0,0.0,0.0
prediction_loss_decoupling,offroute60,offroute60,11,shield_only,Shield only,1,31,15,2,62,60,1.0,,0,180,160,21,1,1,1,,0.03333333333333333,,0.04731638418079096,0.0,0.0,0.0,1.0,0.0,0.0
prediction_loss_decoupling,offroute60,offroute60,11,shield_only,Shield only,2,31,15,2,62,60,1.0,,0,180,160,21,1,1,1,,0.03333333333333333,,0.04731638418079096,0.0,0.0,0.0,1.0,0.0,0.0
prediction_loss_decoupling,offroute60,offroute60,11,shield_only,Shield only,3,31,15,2,62,60,1.0,,0,180,160,21,1,1,1,,0.03333333333333333,,0.04731638418079096,0.0,0.0,0.0,1.0,0.0,0.0
prediction_loss_decoupling,offroute60,offroute60,11,shield_only,Shield only,4,31,15,2,62,60,1.0,,0,180,160,21,1,1,1,,0.03333333333333333,,0.04731638418079096,0.0,0.0,0.0,1.0,0.0,0.0
prediction_loss_decoupling,offroute60,offroute60,11,batch_episode_retrain,Batch episode,0,31,15,2,62,60,1.0,,0,180,160,21,0,1,0,,0.03333333333333333,,0.04731638418079096,0.0,0.0,0.0,1.0,0.0,0.0
prediction_loss_decoupling,offroute60,offroute60,11,batch_episode_retrain,Batch episode,1,31,15,2,62,60,1.0,,0,180,157,24,0,1,1,,0.032795698924731186,,0.03848870056497175,1.0,1.0,0.0,1.0,0.016129032258064516,0.0
prediction_loss_decoupling,offroute60,offroute60,11,batch_episode_retrain,Batch episode,2,31,15,2,62,60,1.0,,0,180,156,25,0,1,2,,0.03225806451612903,,0.03672316384180791,2.0,2.0,0.0,1.0,0.03225806451612903,0.0
prediction_loss_decoupling,offroute60,offroute60,11,batch_episode_retrain,Batch episode,3,31,15,2,62,60,1.0,,1,32,0,32,0,0,3,,0.031720430107526884,,0.0278954802259887,3.0,3.0,0.0,1.0,0.04838709677419355,0.0
prediction_loss_decoupling,offroute60,offroute60,11,batch_episode_retrain,Batch episode,4,31,15,2,62,60,1.0,,1,32,0,32,0,0,3,,0.031720430107526884,,0.0278954802259887,3.0,3.0,0.0,1.0,0.04838709677419355,0.0
prediction_loss_decoupling,offroute60,offroute60,11,threshold_8,Threshold 8,0,31,15,2,62,60,1.0,,1,58,24,58,0,0,3,,0.031720430107526884,,0.0278954802259887,3.0,3.0,0.0,1.0,0.04838709677419355,0.0
prediction_loss_decoupling,offroute60,offroute60,11,threshold_8,Threshold 8,1,31,15,2,62,60,1.0,,1,32,0,32,0,0,3,,0.031720430107526884,,0.0278954802259887,3.0,3.0,0.0,1.0,0.04838709677419355,0.0
prediction_loss_decoupling,offroute60,offroute60,11,threshold_8,Threshold 8,2,31,15,2,62,60,1.0,,1,32,0,32,0,0,3,,0.031720430107526884,,0.0278954802259887,3.0,3.0,0.0,1.0,0.04838709677419355,0.0
prediction_loss_decoupling,offroute60,offroute60,11,threshold_8,Threshold 8,3,31,15,2,62,60,1.0,,1,32,0,32,0,0,3,,0.031720430107526884,,0.0278954802259887,3.0,3.0,0.0,1.0,0.04838709677419355,0.0
prediction_loss_decoupling,offroute60,offroute60,11,threshold_8,Threshold 8,4,31,15,2,62,60,1.0,,1,32,0,32,0,0,3,,0.031720430107526884,,0.0278954802259887,3.0,3.0,0.0,1.0,0.04838709677419355,0.0
prediction_loss_decoupling,offroute60,offroute60,11,uncertainty_cost_avoidance,Cost avoidance,0,31,15,2,62,60,1.0,,1,37,3,37,0,0,3,,0.03333333333333333,,0.04731638418079096,0.0,0.0,0.0,1.0,0.0,0.0
prediction_loss_decoupling,offroute60,offroute60,11,uncertainty_cost_avoidance,Cost avoidance,1,31,15,2,62,60,1.0,,1,32,0,32,0,0,3,,0.03333333333333333,,0.04731638418079096,0.0,0.0,0.0,1.0,0.0,0.0
prediction_loss_decoupling,offroute60,offroute60,11,uncertainty_cost_avoidance,Cost avoidance,2,31,15,2,62,60,1.0,,1,32,0,32,0,0,3,,0.03333333333333333,,0.04731638418079096,0.0,0.0,0.0,1.0,0.0,0.0
prediction_loss_decoupling,offroute60,offroute60,11,uncertainty_cost_avoidance,Cost avoidance,3,31,15,2,62,60,1.0,,1,32,0,32,0,0,3,,0.03333333333333333,,0.04731638418079096,0.0,0.0,0.0,1.0,0.0,0.0
prediction_loss_decoupling,offroute60,offroute60,11,uncertainty_cost_avoidance,Cost avoidance,4,31,15,2,62,60,1.0,,1,32,0,32,0,0,3,,0.03333333333333333,,0.04731638418079096,0.0,0.0,0.0,1.0,0.0,0.0
prediction_loss_decoupling,offroute60,offroute60,11,ccra_exact_guard,CCRA exact,0,31,15,2,62,60,1.0,,1,37,3,37,0,0,3,,0.031720430107526884,,0.0278954802259887,3.0,3.0,0.0,1.0,0.04838709677419355,0.0
prediction_loss_decoupling,offroute60,offroute60,11,ccra_exact_guard,CCRA exact,1,31,15,2,62,60,1.0,,1,32,0,32,0,0,3,,0.031720430107526884,,0.0278954802259887,3.0,3.0,0.0,1.0,0.04838709677419355,0.0
prediction_loss_decoupling,offroute60,offroute60,11,ccra_exact_guard,CCRA exact,2,31,15,2,62,60,1.0,,1,32,0,32,0,0,3,,0.031720430107526884,,0.0278954802259887,3.0,3.0,0.0,1.0,0.04838709677419355,0.0
prediction_loss_decoupling,offroute60,offroute60,11,ccra_exact_guard,CCRA exact,3,31,15,2,62,60,1.0,,1,32,0,32,0,0,3,,0.031720430107526884,,0.0278954802259887,3.0,3.0,0.0,1.0,0.04838709677419355,0.0
prediction_loss_decoupling,offroute60,offroute60,11,ccra_exact_guard,CCRA exact,4,31,15,2,62,60,1.0,,1,32,0,32,0,0,3,,0.031720430107526884,,0.0278954802259887,3.0,3.0,0.0,1.0,0.04838709677419355,0.0
prediction_loss_decoupling,offroute60,offroute60,11,ccra_row_guard,CCRA row,0,31,15,2,62,60,1.0,,1,36,2,36,0,0,2,,0.060215053763440864,,0.3192090395480226,60.0,5.0,55.0,0.08333333333333333,0.08064516129032258,0.9166666666666666
prediction_loss_decoupling,offroute60,offroute60,11,ccra_row_guard,CCRA row,1,31,15,2,62,60,1.0,,1,41,3,41,0,0,5,,0.0956989247311828,,0.3764124293785311,150.0,17.0,133.0,0.11333333333333333,0.27419354838709675,0.8866666666666667
prediction_loss_decoupling,offroute60,offroute60,11,ccra_row_guard,CCRA row,2,31,15,2,62,60,1.0,,1,49,5,49,0,0,10,,0.14946236559139786,,0.4117231638418079,300.0,42.0,258.0,0.14,0.6774193548387096,0.86
prediction_loss_decoupling,offroute60,offroute60,11,ccra_row_guard,CCRA row,3,31,15,2,62,60,1.0,,1,62,4,62,0,0,14,,0.1967741935483871,,0.4427966101694915,420.0,58.0,362.0,0.1380952380952381,0.9354838709677419,0.861904761904762
prediction_loss_decoupling,offroute60,offroute60,11,ccra_row_guard,CCRA row,4,31,15,2,62,60,1.0,,0,10,1,11,0,0,15,,0.2086021505376344,,0.4505649717514124,450.0,62.0,388.0,0.13777777777777778,1.0,0.8622222222222222
prediction_loss_decoupling,offroute60,offroute60,11,global_action_repair,Global action,0,31,15,2,62,60,1.0,,0,23,3,24,0,0,1,,0.2086021505376344,,0.4505649717514124,450.0,62.0,388.0,0.13777777777777778,1.0,0.8622222222222222
prediction_loss_decoupling,offroute60,offroute60,11,global_action_repair,Global action,1,31,15,2,62,60,1.0,,0,0,0,1,0,0,1,,0.2086021505376344,,0.4505649717514124,450.0,62.0,388.0,0.13777777777777778,1.0,0.8622222222222222
prediction_loss_decoupling,offroute60,offroute60,11,global_action_repair,Global action,2,31,15,2,62,60,1.0,,0,0,0,1,0,0,1,,0.2086021505376344,,0.4505649717514124,450.0,62.0,388.0,0.13777777777777778,1.0,0.8622222222222222
prediction_loss_decoupling,offroute60,offroute60,11,global_action_repair,Global action,3,31,15,2,62,60,1.0,,0,0,0,1,0,0,1,,0.2086021505376344,,0.4505649717514124,450.0,62.0,388.0,0.13777777777777778,1.0,0.8622222222222222
prediction_loss_decoupling,offroute60,offroute60,11,global_action_repair,Global action,4,31,15,2,62,60,1.0,,0,0,0,1,0,0,1,,0.2086021505376344,,0.4505649717514124,450.0,62.0,388.0,0.13777777777777778,1.0,0.8622222222222222
prediction_loss_decoupling,offroute60,offroute60,11,oracle_fault_model,Oracle,0,31,15,2,62,60,1.0,,1,32,0,32,0,0,0,,0.0,,0.0,62.0,62.0,0.0,1.0,1.0,0.0
prediction_loss_decoupling,offroute60,offroute60,11,oracle_fault_model,Oracle,1,31,15,2,62,60,1.0,,1,32,0,32,0,0,0,,0.0,,0.0,62.0,62.0,0.0,1.0,1.0,0.0
prediction_loss_decoupling,offroute60,offroute60,11,oracle_fault_model,Oracle,2,31,15,2,62,60,1.0,,1,32,0,32,0,0,0,,0.0,,0.0,62.0,62.0,0.0,1.0,1.0,0.0
prediction_loss_decoupling,offroute60,offroute60,11,oracle_fault_model,Oracle,3,31,15,2,62,60,1.0,,1,32,0,32,0,0,0,,0.0,,0.0,62.0,62.0,0.0,1.0,1.0,0.0
prediction_loss_decoupling,offroute60,offroute60,11,oracle_fault_model,Oracle,4,31,15,2,62,60,1.0,,1,32,0,32,0,0,0,,0.0,,0.0,62.0,62.0,0.0,1.0,1.0,0.0
prediction_loss_decoupling,offroute60,offroute60,12,nominal_no_repair,Nominal,0,31,15,2,62,60,1.0,,0,180,172,9,0,1,0,,0.03333333333333333,,0.05296610169491525,0.0,0.0,0.0,1.0,0.0,0.0
prediction_loss_decoupling,offroute60,offroute60,12,nominal_no_repair,Nominal,1,31,15,2,62,60,1.0,,0,180,172,9,0,1,0,,0.03333333333333333,,0.05296610169491525,0.0,0.0,0.0,1.0,0.0,0.0
prediction_loss_decoupling,offroute60,offroute60,12,nominal_no_repair,Nominal,2,31,15,2,62,60,1.0,,0,180,172,9,0,1,0,,0.03333333333333333,,0.05296610169491525,0.0,0.0,0.0,1.0,0.0,0.0
prediction_loss_decoupling,offroute60,offroute60,12,nominal_no_repair,Nominal,3,31,15,2,62,60,1.0,,0,180,172,9,0,1,0,,0.03333333333333333,,0.05296610169491525,0.0,0.0,0.0,1.0,0.0,0.0
prediction_loss_decoupling,offroute60,offroute60,12,nominal_no_repair,Nominal,4,31,15,2,62,60,1.0,,0,180,172,9,0,1,0,,0.03333333333333333,,0.05296610169491525,0.0,0.0,0.0,1.0,0.0,0.0
prediction_loss_decoupling,offroute60,offroute60,12,shield_only,Shield only,0,31,15,2,62,60,1.0,,0,180,172,10,1,1,1,,0.03333333333333333,,0.05296610169491525,0.0,0.0,0.0,1.0,0.0,0.0
prediction_loss_decoupling,offroute60,offroute60,12,shield_only,Shield only,1,31,15,2,62,60,1.0,,0,180,172,9,1,1,1,,0.03333333333333333,,0.05296610169491525,0.0,0.0,0.0,1.0,0.0,0.0
prediction_loss_decoupling,offroute60,offroute60,12,shield_only,Shield only,2,31,15,2,62,60,1.0,,0,180,172,9,1,1,1,,0.03333333333333333,,0.05296610169491525,0.0,0.0,0.0,1.0,0.0,0.0
prediction_loss_decoupling,offroute60,offroute60,12,shield_only,Shield only,3,31,15,2,62,60,1.0,,0,180,172,9,1,1,1,,0.03333333333333333,,0.05296610169491525,0.0,0.0,0.0,1.0,0.0,0.0
prediction_loss_decoupling,offroute60,offroute60,12,shield_only,Shield only,4,31,15,2,62,60,1.0,,0,180,172,9,1,1,1,,0.03333333333333333,,0.05296610169491525,0.0,0.0,0.0,1.0,0.0,0.0
prediction_loss_decoupling,offroute60,offroute60,12,batch_episode_retrain,Batch episode,0,31,15,2,62,60,1.0,,0,180,172,9,0,1,0,,0.03333333333333333,,0.05296610169491525,0.0,0.0,0.0,1.0,0.0,0.0
prediction_loss_decoupling,offroute60,offroute60,12,batch_episode_retrain,Batch episode,1,31,15,2,62,60,1.0,,0,180,163,18,0,1,1,,0.032795698924731186,,0.04413841807909605,1.0,1.0,0.0,1.0,0.016129032258064516,0.0
prediction_loss_decoupling,offroute60,offroute60,12,batch_episode_retrain,Batch episode,2,31,15,2,62,60,1.0,,1,32,0,32,0,0,2,,0.03225806451612903,,0.0423728813559322,2.0,2.0,0.0,1.0,0.03225806451612903,0.0
prediction_loss_decoupling,offroute60,offroute60,12,batch_episode_retrain,Batch episode,3,31,15,2,62,60,1.0,,1,32,0,32,0,0,2,,0.03225806451612903,,0.0423728813559322,2.0,2.0,0.0,1.0,0.03225806451612903,0.0
prediction_loss_decoupling,offroute60,offroute60,12,batch_episode_retrain,Batch episode,4,31,15,2,62,60,1.0,,1,32,0,32,0,0,2,,0.03225806451612903,,0.0423728813559322,2.0,2.0,0.0,1.0,0.03225806451612903,0.0
prediction_loss_decoupling,offroute60,offroute60,12,threshold_8,Threshold 8,0,31,15,2,62,60,1.0,,1,48,16,48,0,0,2,,0.03225806451612903,,0.0423728813559322,2.0,2.0,0.0,1.0,0.03225806451612903,0.0
prediction_loss_decoupling,offroute60,offroute60,12,threshold_8,Threshold 8,1,31,15,2,62,60,1.0,,1,32,0,32,0,0,2,,0.03225806451612903,,0.0423728813559322,2.0,2.0,0.0,1.0,0.03225806451612903,0.0
prediction_loss_decoupling,offroute60,offroute60,12,threshold_8,Threshold 8,2,31,15,2,62,60,1.0,,1,32,0,32,0,0,2,,0.03225806451612903,,0.0423728813559322,2.0,2.0,0.0,1.0,0.03225806451612903,0.0
prediction_loss_decoupling,offroute60,offroute60,12,threshold_8,Threshold 8,3,31,15,2,62,60,1.0,,1,32,0,32,0,0,2,,0.03225806451612903,,0.0423728813559322,2.0,2.0,0.0,1.0,0.03225806451612903,0.0
prediction_loss_decoupling,offroute60,offroute60,12,threshold_8,Threshold 8,4,31,15,2,62,60,1.0,,1,32,0,32,0,0,2,,0.03225806451612903,,0.0423728813559322,2.0,2.0,0.0,1.0,0.03225806451612903,0.0
prediction_loss_decoupling,offroute60,offroute60,12,uncertainty_cost_avoidance,Cost avoidance,0,31,15,2,62,60,1.0,,1,34,2,34,0,0,2,,0.03333333333333333,,0.05296610169491525,0.0,0.0,0.0,1.0,0.0,0.0
prediction_loss_decoupling,offroute60,offroute60,12,uncertainty_cost_avoidance,Cost avoidance,1,31,15,2,62,60,1.0,,1,32,0,32,0,0,2,,0.03333333333333333,,0.05296610169491525,0.0,0.0,0.0,1.0,0.0,0.0
prediction_loss_decoupling,offroute60,offroute60,12,uncertainty_cost_avoidance,Cost avoidance,2,31,15,2,62,60,1.0,,1,32,0,32,0,0,2,,0.03333333333333333,,0.05296610169491525,0.0,0.0,0.0,1.0,0.0,0.0
prediction_loss_decoupling,offroute60,offroute60,12,uncertainty_cost_avoidance,Cost avoidance,3,31,15,2,62,60,1.0,,1,32,0,32,0,0,2,,0.03333333333333333,,0.05296610169491525,0.0,0.0,0.0,1.0,0.0,0.0
prediction_loss_decoupling,offroute60,offroute60,12,uncertainty_cost_avoidance,Cost avoidance,4,31,15,2,62,60,1.0,,1,32,0,32,0,0,2,,0.03333333333333333,,0.05296610169491525,0.0,0.0,0.0,1.0,0.0,0.0
prediction_loss_decoupling,offroute60,offroute60,12,ccra_exact_guard,CCRA exact,0,31,15,2,62,60,1.0,,1,34,2,34,0,0,2,,0.03225806451612903,,0.0423728813559322,2.0,2.0,0.0,1.0,0.03225806451612903,0.0
prediction_loss_decoupling,offroute60,offroute60,12,ccra_exact_guard,CCRA exact,1,31,15,2,62,60,1.0,,1,32,0,32,0,0,2,,0.03225806451612903,,0.0423728813559322,2.0,2.0,0.0,1.0,0.03225806451612903,0.0
prediction_loss_decoupling,offroute60,offroute60,12,ccra_exact_guard,CCRA exact,2,31,15,2,62,60,1.0,,1,32,0,32,0,0,2,,0.03225806451612903,,0.0423728813559322,2.0,2.0,0.0,1.0,0.03225806451612903,0.0
prediction_loss_decoupling,offroute60,offroute60,12,ccra_exact_guard,CCRA exact,3,31,15,2,62,60,1.0,,1,32,0,32,0,0,2,,0.03225806451612903,,0.0423728813559322,2.0,2.0,0.0,1.0,0.03225806451612903,0.0
prediction_loss_decoupling,offroute60,offroute60,12,ccra_exact_guard,CCRA exact,4,31,15,2,62,60,1.0,,1,32,0,32,0,0,2,,0.03225806451612903,,0.0423728813559322,2.0,2.0,0.0,1.0,0.03225806451612903,0.0
prediction_loss_decoupling,offroute60,offroute60,12,ccra_row_guard,CCRA row,0,31,15,2,62,60,1.0,,1,39,3,39,0,0,3,,0.06881720430107527,,0.3531073446327684,90.0,12.0,78.0,0.13333333333333333,0.1935483870967742,0.8666666666666667
prediction_loss_decoupling,offroute60,offroute60,12,ccra_row_guard,CCRA row,1,31,15,2,62,60,1.0,,1,34,0,34,0,0,3,,0.06881720430107527,,0.3531073446327684,90.0,12.0,78.0,0.13333333333333333,0.1935483870967742,0.8666666666666667
prediction_loss_decoupling,offroute60,offroute60,12,ccra_row_guard,CCRA row,2,31,15,2,62,60,1.0,,1,34,0,34,0,0,3,,0.06881720430107527,,0.3531073446327684,90.0,12.0,78.0,0.13333333333333333,0.1935483870967742,0.8666666666666667
prediction_loss_decoupling,offroute60,offroute60,12,ccra_row_guard,CCRA row,3,31,15,2,62,60,1.0,,1,34,0,34,0,0,3,,0.06881720430107527,,0.3531073446327684,90.0,12.0,78.0,0.13333333333333333,0.1935483870967742,0.8666666666666667
prediction_loss_decoupling,offroute60,offroute60,12,ccra_row_guard,CCRA row,4,31,15,2,62,60,1.0,,1,34,0,34,0,0,3,,0.06881720430107527,,0.3531073446327684,90.0,12.0,78.0,0.13333333333333333,0.1935483870967742,0.8666666666666667
prediction_loss_decoupling,offroute60,offroute60,12,global_action_repair,Global action,0,31,15,2,62,60,1.0,,0,11,3,12,0,0,1,,0.2086021505376344,,0.4449152542372881,450.0,62.0,388.0,0.13777777777777778,1.0,0.8622222222222222
prediction_loss_decoupling,offroute60,offroute60,12,global_action_repair,Global action,1,31,15,2,62,60,1.0,,0,0,0,1,0,0,1,,0.2086021505376344,,0.4449152542372881,450.0,62.0,388.0,0.13777777777777778,1.0,0.8622222222222222
prediction_loss_decoupling,offroute60,offroute60,12,global_action_repair,Global action,2,31,15,2,62,60,1.0,,0,0,0,1,0,0,1,,0.2086021505376344,,0.4449152542372881,450.0,62.0,388.0,0.13777777777777778,1.0,0.8622222222222222
prediction_loss_decoupling,offroute60,offroute60,12,global_action_repair,Global action,3,31,15,2,62,60,1.0,,0,0,0,1,0,0,1,,0.2086021505376344,,0.4449152542372881,450.0,62.0,388.0,0.13777777777777778,1.0,0.8622222222222222
prediction_loss_decoupling,offroute60,offroute60,12,global_action_repair,Global action,4,31,15,2,62,60,1.0,,0,0,0,1,0,0,1,,0.2086021505376344,,0.4449152542372881,450.0,62.0,388.0,0.13777777777777778,1.0,0.8622222222222222
prediction_loss_decoupling,offroute60,offroute60,12,oracle_fault_model,Oracle,0,31,15,2,62,60,1.0,,1,32,0,32,0,0,0,,0.0,,0.0,62.0,62.0,0.0,1.0,1.0,0.0
prediction_loss_decoupling,offroute60,offroute60,12,oracle_fault_model,Oracle,1,31,15,2,62,60,1.0,,1,32,0,32,0,0,0,,0.0,,0.0,62.0,62.0,0.0,1.0,1.0,0.0
prediction_loss_decoupling,offroute60,offroute60,12,oracle_fault_model,Oracle,2,31,15,2,62,60,1.0,,1,32,0,32,0,0,0,,0.0,,0.0,62.0,62.0,0.0,1.0,1.0,0.0
prediction_loss_decoupling,offroute60,offroute60,12,oracle_fault_model,Oracle,3,31,15,2,62,60,1.0,,1,32,0,32,0,0,0,,0.0,,0.0,62.0,62.0,0.0,1.0,1.0,0.0
prediction_loss_decoupling,offroute60,offroute60,12,oracle_fault_model,Oracle,4,31,15,2,62,60,1.0,,1,32,0,32,0,0,0,,0.0,,0.0,62.0,62.0,0.0,1.0,1.0,0.0
prediction_loss_decoupling,offroute60,offroute60,13,nominal_no_repair,Nominal,0,31,15,2,62,60,1.0,,0,180,157,24,0,1,0,,0.03333333333333333,,0.05014124293785311,0.0,0.0,0.0,1.0,0.0,0.0
prediction_loss_decoupling,offroute60,offroute60,13,nominal_no_repair,Nominal,1,31,15,2,62,60,1.0,,0,180,157,24,0,1,0,,0.03333333333333333,,0.05014124293785311,0.0,0.0,0.0,1.0,0.0,0.0
prediction_loss_decoupling,offroute60,offroute60,13,nominal_no_repair,Nominal,2,31,15,2,62,60,1.0,,0,180,157,24,0,1,0,,0.03333333333333333,,0.05014124293785311,0.0,0.0,0.0,1.0,0.0,0.0
prediction_loss_decoupling,offroute60,offroute60,13,nominal_no_repair,Nominal,3,31,15,2,62,60,1.0,,0,180,157,24,0,1,0,,0.03333333333333333,,0.05014124293785311,0.0,0.0,0.0,1.0,0.0,0.0
prediction_loss_decoupling,offroute60,offroute60,13,nominal_no_repair,Nominal,4,31,15,2,62,60,1.0,,0,180,157,24,0,1,0,,0.03333333333333333,,0.05014124293785311,0.0,0.0,0.0,1.0,0.0,0.0
prediction_loss_decoupling,offroute60,offroute60,13,shield_only,Shield only,0,31,15,2,62,60,1.0,,0,180,157,25,1,1,1,,0.03333333333333333,,0.05014124293785311,0.0,0.0,0.0,1.0,0.0,0.0
prediction_loss_decoupling,offroute60,offroute60,13,shield_only,Shield only,1,31,15,2,62,60,1.0,,0,180,157,24,1,1,1,,0.03333333333333333,,0.05014124293785311,0.0,0.0,0.0,1.0,0.0,0.0
prediction_loss_decoupling,offroute60,offroute60,13,shield_only,Shield only,2,31,15,2,62,60,1.0,,0,180,157,24,1,1,1,,0.03333333333333333,,0.05014124293785311,0.0,0.0,0.0,1.0,0.0,0.0
prediction_loss_decoupling,offroute60,offroute60,13,shield_only,Shield only,3,31,15,2,62,60,1.0,,0,180,157,24,1,1,1,,0.03333333333333333,,0.05014124293785311,0.0,0.0,0.0,1.0,0.0,0.0
prediction_loss_decoupling,offroute60,offroute60,13,shield_only,Shield only,4,31,15,2,62,60,1.0,,0,180,157,24,1,1,1,,0.03333333333333333,,0.05014124293785311,0.0,0.0,0.0,1.0,0.0,0.0
prediction_loss_decoupling,offroute60,offroute60,13,batch_episode_retrain,Batch episode,0,31,15,2,62,60,1.0,,0,180,157,24,0,1,0,,0.03333333333333333,,0.05014124293785311,0.0,0.0,0.0,1.0,0.0,0.0
prediction_loss_decoupling,offroute60,offroute60,13,batch_episode_retrain,Batch episode,1,31,15,2,62,60,1.0,,1,32,0,32,0,0,1,,0.032795698924731186,,0.0413135593220339,1.0,1.0,0.0,1.0,0.016129032258064516,0.0
prediction_loss_decoupling,offroute60,offroute60,13,batch_episode_retrain,Batch episode,2,31,15,2,62,60,1.0,,1,32,0,32,0,0,1,,0.032795698924731186,,0.0413135593220339,1.0,1.0,0.0,1.0,0.016129032258064516,0.0
prediction_loss_decoupling,offroute60,offroute60,13,batch_episode_retrain,Batch episode,3,31,15,2,62,60,1.0,,1,32,0,32,0,0,1,,0.032795698924731186,,0.0413135593220339,1.0,1.0,0.0,1.0,0.016129032258064516,0.0
prediction_loss_decoupling,offroute60,offroute60,13,batch_episode_retrain,Batch episode,4,31,15,2,62,60,1.0,,1,32,0,32,0,0,1,,0.032795698924731186,,0.0413135593220339,1.0,1.0,0.0,1.0,0.016129032258064516,0.0
prediction_loss_decoupling,offroute60,offroute60,13,threshold_8,Threshold 8,0,31,15,2,62,60,1.0,,1,40,8,40,0,0,1,,0.032795698924731186,,0.0413135593220339,1.0,1.0,0.0,1.0,0.016129032258064516,0.0
prediction_loss_decoupling,offroute60,offroute60,13,threshold_8,Threshold 8,1,31,15,2,62,60,1.0,,1,32,0,32,0,0,1,,0.032795698924731186,,0.0413135593220339,1.0,1.0,0.0,1.0,0.016129032258064516,0.0
prediction_loss_decoupling,offroute60,offroute60,13,threshold_8,Threshold 8,2,31,15,2,62,60,1.0,,1,32,0,32,0,0,1,,0.032795698924731186,,0.0413135593220339,1.0,1.0,0.0,1.0,0.016129032258064516,0.0
prediction_loss_decoupling,offroute60,offroute60,13,threshold_8,Threshold 8,3,31,15,2,62,60,1.0,,1,32,0,32,0,0,1,,0.032795698924731186,,0.0413135593220339,1.0,1.0,0.0,1.0,0.016129032258064516,0.0
prediction_loss_decoupling,offroute60,offroute60,13,threshold_8,Threshold 8,4,31,15,2,62,60,1.0,,1,32,0,32,0,0,1,,0.032795698924731186,,0.0413135593220339,1.0,1.0,0.0,1.0,0.016129032258064516,0.0
prediction_loss_decoupling,offroute60,offroute60,13,uncertainty_cost_avoidance,Cost avoidance,0,31,15,2,62,60,1.0,,1,33,1,33,0,0,1,,0.03333333333333333,,0.05014124293785311,0.0,0.0,0.0,1.0,0.0,0.0
prediction_loss_decoupling,offroute60,offroute60,13,uncertainty_cost_avoidance,Cost avoidance,1,31,15,2,62,60,1.0,,1,32,0,32,0,0,1,,0.03333333333333333,,0.05014124293785311,0.0,0.0,0.0,1.0,0.0,0.0
prediction_loss_decoupling,offroute60,offroute60,13,uncertainty_cost_avoidance,Cost avoidance,2,31,15,2,62,60,1.0,,1,32,0,32,0,0,1,,0.03333333333333333,,0.05014124293785311,0.0,0.0,0.0,1.0,0.0,0.0
prediction_loss_decoupling,offroute60,offroute60,13,uncertainty_cost_avoidance,Cost avoidance,3,31,15,2,62,60,1.0,,1,32,0,32,0,0,1,,0.03333333333333333,,0.05014124293785311,0.0,0.0,0.0,1.0,0.0,0.0
prediction_loss_decoupling,offroute60,offroute60,13,uncertainty_cost_avoidance,Cost avoidance,4,31,15,2,62,60,1.0,,1,32,0,32,0,0,1,,0.03333333333333333,,0.05014124293785311,0.0,0.0,0.0,1.0,0.0,0.0
prediction_loss_decoupling,offroute60,offroute60,13,ccra_exact_guard,CCRA exact,0,31,15,2,62,60,1.0,,1,33,1,33,0,0,1,,0.032795698924731186,,0.0413135593220339,1.0,1.0,0.0,1.0,0.016129032258064516,0.0
prediction_loss_decoupling,offroute60,offroute60,13,ccra_exact_guard,CCRA exact,1,31,15,2,62,60,1.0,,1,32,0,32,0,0,1,,0.032795698924731186,,0.0413135593220339,1.0,1.0,0.0,1.0,0.016129032258064516,0.0
prediction_loss_decoupling,offroute60,offroute60,13,ccra_exact_guard,CCRA exact,2,31,15,2,62,60,1.0,,1,32,0,32,0,0,1,,0.032795698924731186,,0.0413135593220339,1.0,1.0,0.0,1.0,0.016129032258064516,0.0
prediction_loss_decoupling,offroute60,offroute60,13,ccra_exact_guard,CCRA exact,3,31,15,2,62,60,1.0,,1,32,0,32,0,0,1,,0.032795698924731186,,0.0413135593220339,1.0,1.0,0.0,1.0,0.016129032258064516,0.0
prediction_loss_decoupling,offroute60,offroute60,13,ccra_exact_guard,CCRA exact,4,31,15,2,62,60,1.0,,1,32,0,32,0,0,1,,0.032795698924731186,,0.0413135593220339,1.0,1.0,0.0,1.0,0.016129032258064516,0.0
prediction_loss_decoupling,offroute60,offroute60,13,ccra_row_guard,CCRA row,0,31,15,2,62,60,1.0,,1,33,1,33,0,0,1,,0.047311827956989246,,0.2796610169491525,30.0,2.0,28.0,0.06666666666666667,0.03225806451612903,0.9333333333333333
prediction_loss_decoupling,offroute60,offroute60,13,ccra_row_guard,CCRA row,1,31,15,2,62,60,1.0,,1,50,6,50,0,0,7,,0.11720430107526882,,0.3877118644067797,210.0,27.0,183.0,0.12857142857142856,0.43548387096774194,0.8714285714285714
prediction_loss_decoupling,offroute60,offroute60,13,ccra_row_guard,CCRA row,2,31,15,2,62,60,1.0,,1,40,2,40,0,0,9,,0.14193548387096774,,0.403954802259887,270.0,34.0,236.0,0.1259259259259259,0.5483870967741935,0.8740740740740741
prediction_loss_decoupling,offroute60,offroute60,13,ccra_row_guard,CCRA row,3,31,15,2,62,60,1.0,,1,60,4,60,0,0,13,,0.19032258064516128,,0.4357344632768362,390.0,49.0,341.0,0.12564102564102564,0.7903225806451613,0.8743589743589744
prediction_loss_decoupling,offroute60,offroute60,13,ccra_row_guard,CCRA row,4,31,15,2,62,60,1.0,,0,15,2,16,0,0,15,,0.2086021505376344,,0.4477401129943503,450.0,62.0,388.0,0.13777777777777778,1.0,0.8622222222222222
prediction_loss_decoupling,offroute60,offroute60,13,global_action_repair,Global action,0,31,15,2,62,60,1.0,,0,26,3,27,0,0,1,,0.2086021505376344,,0.4477401129943503,450.0,62.0,388.0,0.13777777777777778,1.0,0.8622222222222222
prediction_loss_decoupling,offroute60,offroute60,13,global_action_repair,Global action,1,31,15,2,62,60,1.0,,0,0,0,1,0,0,1,,0.2086021505376344,,0.4477401129943503,450.0,62.0,388.0,0.13777777777777778,1.0,0.8622222222222222
prediction_loss_decoupling,offroute60,offroute60,13,global_action_repair,Global action,2,31,15,2,62,60,1.0,,0,0,0,1,0,0,1,,0.2086021505376344,,0.4477401129943503,450.0,62.0,388.0,0.13777777777777778,1.0,0.8622222222222222
prediction_loss_decoupling,offroute60,offroute60,13,global_action_repair,Global action,3,31,15,2,62,60,1.0,,0,0,0,1,0,0,1,,0.2086021505376344,,0.4477401129943503,450.0,62.0,388.0,0.13777777777777778,1.0,0.8622222222222222
prediction_loss_decoupling,offroute60,offroute60,13,global_action_repair,Global action,4,31,15,2,62,60,1.0,,0,0,0,1,0,0,1,,0.2086021505376344,,0.4477401129943503,450.0,62.0,388.0,0.13777777777777778,1.0,0.8622222222222222
prediction_loss_decoupling,offroute60,offroute60,13,oracle_fault_model,Oracle,0,31,15,2,62,60,1.0,,1,32,0,32,0,0,0,,0.0,,0.0,62.0,62.0,0.0,1.0,1.0,0.0
prediction_loss_decoupling,offroute60,offroute60,13,oracle_fault_model,Oracle,1,31,15,2,62,60,1.0,,1,32,0,32,0,0,0,,0.0,,0.0,62.0,62.0,0.0,1.0,1.0,0.0
prediction_loss_decoupling,offroute60,offroute60,13,oracle_fault_model,Oracle,2,31,15,2,62,60,1.0,,1,32,0,32,0,0,0,,0.0,,0.0,62.0,62.0,0.0,1.0,1.0,0.0
prediction_loss_decoupling,offroute60,offroute60,13,oracle_fault_model,Oracle,3,31,15,2,62,60,1.0,,1,32,0,32,0,0,0,,0.0,,0.0,62.0,62.0,0.0,1.0,1.0,0.0
prediction_loss_decoupling,offroute60,offroute60,13,oracle_fault_model,Oracle,4,31,15,2,62,60,1.0,,1,32,0,32,0,0,0,,0.0,,0.0,62.0,62.0,0.0,1.0,1.0,0.0
prediction_loss_decoupling,offroute60,offroute60,14,nominal_no_repair,Nominal,0,31,15,2,62,60,1.0,,0,180,172,9,0,1,0,,0.03333333333333333,,0.05155367231638418,0.0,0.0,0.0,1.0,0.0,0.0
prediction_loss_decoupling,offroute60,offroute60,14,nominal_no_repair,Nominal,1,31,15,2,62,60,1.0,,0,180,172,9,0,1,0,,0.03333333333333333,,0.05155367231638418,0.0,0.0,0.0,1.0,0.0,0.0
prediction_loss_decoupling,offroute60,offroute60,14,nominal_no_repair,Nominal,2,31,15,2,62,60,1.0,,0,180,172,9,0,1,0,,0.03333333333333333,,0.05155367231638418,0.0,0.0,0.0,1.0,0.0,0.0
prediction_loss_decoupling,offroute60,offroute60,14,nominal_no_repair,Nominal,3,31,15,2,62,60,1.0,,0,180,172,9,0,1,0,,0.03333333333333333,,0.05155367231638418,0.0,0.0,0.0,1.0,0.0,0.0
prediction_loss_decoupling,offroute60,offroute60,14,nominal_no_repair,Nominal,4,31,15,2,62,60,1.0,,0,180,172,9,0,1,0,,0.03333333333333333,,0.05155367231638418,0.0,0.0,0.0,1.0,0.0,0.0
prediction_loss_decoupling,offroute60,offroute60,14,shield_only,Shield only,0,31,15,2,62,60,1.0,,0,180,172,10,1,1,1,,0.03333333333333333,,0.05155367231638418,0.0,0.0,0.0,1.0,0.0,0.0
prediction_loss_decoupling,offroute60,offroute60,14,shield_only,Shield only,1,31,15,2,62,60,1.0,,0,180,172,9,1,1,1,,0.03333333333333333,,0.05155367231638418,0.0,0.0,0.0,1.0,0.0,0.0
prediction_loss_decoupling,offroute60,offroute60,14,shield_only,Shield only,2,31,15,2,62,60,1.0,,0,180,172,9,1,1,1,,0.03333333333333333,,0.05155367231638418,0.0,0.0,0.0,1.0,0.0,0.0
prediction_loss_decoupling,offroute60,offroute60,14,shield_only,Shield only,3,31,15,2,62,60,1.0,,0,180,172,9,1,1,1,,0.03333333333333333,,0.05155367231638418,0.0,0.0,0.0,1.0,0.0,0.0
prediction_loss_decoupling,offroute60,offroute60,14,shield_only,Shield only,4,31,15,2,62,60,1.0,,0,180,172,9,1,1,1,,0.03333333333333333,,0.05155367231638418,0.0,0.0,0.0,1.0,0.0,0.0
prediction_loss_decoupling,offroute60,offroute60,14,batch_episode_retrain,Batch episode,0,31,15,2,62,60,1.0,,0,180,172,9,0,1,0,,0.03333333333333333,,0.05155367231638418,0.0,0.0,0.0,1.0,0.0,0.0
prediction_loss_decoupling,offroute60,offroute60,14,batch_episode_retrain,Batch episode,1,31,15,2,62,60,1.0,,0,180,168,13,0,1,1,,0.032795698924731186,,0.042725988700564974,1.0,1.0,0.0,1.0,0.016129032258064516,0.0
prediction_loss_decoupling,offroute60,offroute60,14,batch_episode_retrain,Batch episode,2,31,15,2,62,60,1.0,,0,180,151,30,0,1,2,,0.03225806451612903,,0.04096045197740113,2.0,2.0,0.0,1.0,0.03225806451612903,0.0
prediction_loss_decoupling,offroute60,offroute60,14,batch_episode_retrain,Batch episode,3,31,15,2,62,60,1.0,,0,180,165,16,0,1,3,,0.031720430107526884,,0.03213276836158192,3.0,3.0,0.0,1.0,0.04838709677419355,0.0
prediction_loss_decoupling,offroute60,offroute60,14,batch_episode_retrain,Batch episode,4,31,15,2,62,60,1.0,,0,180,149,32,0,1,4,,0.03118279569892473,,0.03036723163841808,4.0,4.0,0.0,1.0,0.06451612903225806,0.0
prediction_loss_decoupling,offroute60,offroute60,14,threshold_8,Threshold 8,0,31,15,2,62,60,1.0,,1,66,32,66,0,0,4,,0.03118279569892473,,0.03036723163841808,4.0,4.0,0.0,1.0,0.06451612903225806,0.0
prediction_loss_decoupling,offroute60,offroute60,14,threshold_8,Threshold 8,1,31,15,2,62,60,1.0,,1,42,8,42,0,0,5,,0.03064516129032258,,0.028601694915254237,5.0,5.0,0.0,1.0,0.08064516129032258,0.0
prediction_loss_decoupling,offroute60,offroute60,14,threshold_8,Threshold 8,2,31,15,2,62,60,1.0,,1,34,0,34,0,0,5,,0.03064516129032258,,0.028601694915254237,5.0,5.0,0.0,1.0,0.08064516129032258,0.0
prediction_loss_decoupling,offroute60,offroute60,14,threshold_8,Threshold 8,3,31,15,2,62,60,1.0,,1,34,0,34,0,0,5,,0.03064516129032258,,0.028601694915254237,5.0,5.0,0.0,1.0,0.08064516129032258,0.0
prediction_loss_decoupling,offroute60,offroute60,14,threshold_8,Threshold 8,4,31,15,2,62,60,1.0,,1,34,0,34,0,0,5,,0.03064516129032258,,0.028601694915254237,5.0,5.0,0.0,1.0,0.08064516129032258,0.0
prediction_loss_decoupling,offroute60,offroute60,14,uncertainty_cost_avoidance,Cost avoidance,0,31,15,2,62,60,1.0,,1,38,4,38,0,0,4,,0.03333333333333333,,0.05155367231638418,0.0,0.0,0.0,1.0,0.0,0.0
prediction_loss_decoupling,offroute60,offroute60,14,uncertainty_cost_avoidance,Cost avoidance,1,31,15,2,62,60,1.0,,1,35,1,35,0,0,5,,0.03333333333333333,,0.05155367231638418,0.0,0.0,0.0,1.0,0.0,0.0
prediction_loss_decoupling,offroute60,offroute60,14,uncertainty_cost_avoidance,Cost avoidance,2,31,15,2,62,60,1.0,,1,34,0,34,0,0,5,,0.03333333333333333,,0.05155367231638418,0.0,0.0,0.0,1.0,0.0,0.0
prediction_loss_decoupling,offroute60,offroute60,14,uncertainty_cost_avoidance,Cost avoidance,3,31,15,2,62,60,1.0,,1,34,0,34,0,0,5,,0.03333333333333333,,0.05155367231638418,0.0,0.0,0.0,1.0,0.0,0.0
prediction_loss_decoupling,offroute60,offroute60,14,uncertainty_cost_avoidance,Cost avoidance,4,31,15,2,62,60,1.0,,1,34,0,34,0,0,5,,0.03333333333333333,,0.05155367231638418,0.0,0.0,0.0,1.0,0.0,0.0
prediction_loss_decoupling,offroute60,offroute60,14,ccra_exact_guard,CCRA exact,0,31,15,2,62,60,1.0,,1,38,4,38,0,0,4,,0.03118279569892473,,0.03036723163841808,4.0,4.0,0.0,1.0,0.06451612903225806,0.0
prediction_loss_decoupling,offroute60,offroute60,14,ccra_exact_guard,CCRA exact,1,31,15,2,62,60,1.0,,1,35,1,35,0,0,5,,0.03064516129032258,,0.028601694915254237,5.0,5.0,0.0,1.0,0.08064516129032258,0.0
prediction_loss_decoupling,offroute60,offroute60,14,ccra_exact_guard,CCRA exact,2,31,15,2,62,60,1.0,,1,34,0,34,0,0,5,,0.03064516129032258,,0.028601694915254237,5.0,5.0,0.0,1.0,0.08064516129032258,0.0
prediction_loss_decoupling,offroute60,offroute60,14,ccra_exact_guard,CCRA exact,3,31,15,2,62,60,1.0,,1,34,0,34,0,0,5,,0.03064516129032258,,0.028601694915254237,5.0,5.0,0.0,1.0,0.08064516129032258,0.0
prediction_loss_decoupling,offroute60,offroute60,14,ccra_exact_guard,CCRA exact,4,31,15,2,62,60,1.0,,1,34,0,34,0,0,5,,0.03064516129032258,,0.028601694915254237,5.0,5.0,0.0,1.0,0.08064516129032258,0.0
prediction_loss_decoupling,offroute60,offroute60,14,ccra_row_guard,CCRA row,0,31,15,2,62,60,1.0,,1,48,6,48,0,0,6,,0.1010752688172043,,0.3757062146892655,180.0,27.0,153.0,0.15,0.43548387096774194,0.85
prediction_loss_decoupling,offroute60,offroute60,14,ccra_row_guard,CCRA row,1,31,15,2,62,60,1.0,,1,46,4,46,0,0,10,,0.15161290322580645,,0.4088983050847458,300.0,40.0,260.0,0.13333333333333333,0.6451612903225806,0.8666666666666667
prediction_loss_decoupling,offroute60,offroute60,14,ccra_row_guard,CCRA row,2,31,15,2,62,60,1.0,,1,43,1,43,0,0,11,,0.16666666666666666,,0.4187853107344633,330.0,41.0,289.0,0.12424242424242424,0.6612903225806451,0.8757575757575757
prediction_loss_decoupling,offroute60,offroute60,14,ccra_row_guard,CCRA row,3,31,15,2,62,60,1.0,,0,32,4,33,0,0,15,,0.2086021505376344,,0.4463276836158192,450.0,62.0,388.0,0.13777777777777778,1.0,0.8622222222222222
prediction_loss_decoupling,offroute60,offroute60,14,ccra_row_guard,CCRA row,4,31,15,2,62,60,1.0,,0,0,0,1,0,0,15,,0.2086021505376344,,0.4463276836158192,450.0,62.0,388.0,0.13777777777777778,1.0,0.8622222222222222
prediction_loss_decoupling,offroute60,offroute60,14,global_action_repair,Global action,0,31,15,2,62,60,1.0,,0,11,3,12,0,0,1,,0.2086021505376344,,0.4463276836158192,450.0,62.0,388.0,0.13777777777777778,1.0,0.8622222222222222
prediction_loss_decoupling,offroute60,offroute60,14,global_action_repair,Global action,1,31,15,2,62,60,1.0,,0,0,0,1,0,0,1,,0.2086021505376344,,0.4463276836158192,450.0,62.0,388.0,0.13777777777777778,1.0,0.8622222222222222
prediction_loss_decoupling,offroute60,offroute60,14,global_action_repair,Global action,2,31,15,2,62,60,1.0,,0,0,0,1,0,0,1,,0.2086021505376344,,0.4463276836158192,450.0,62.0,388.0,0.13777777777777778,1.0,0.8622222222222222
prediction_loss_decoupling,offroute60,offroute60,14,global_action_repair,Global action,3,31,15,2,62,60,1.0,,0,0,0,1,0,0,1,,0.2086021505376344,,0.4463276836158192,450.0,62.0,388.0,0.13777777777777778,1.0,0.8622222222222222
prediction_loss_decoupling,offroute60,offroute60,14,global_action_repair,Global action,4,31,15,2,62,60,1.0,,0,0,0,1,0,0,1,,0.2086021505376344,,0.4463276836158192,450.0,62.0,388.0,0.13777777777777778,1.0,0.8622222222222222
prediction_loss_decoupling,offroute60,offroute60,14,oracle_fault_model,Oracle,0,31,15,2,62,60,1.0,,1,34,0,34,0,0,0,,0.0,,0.0,62.0,62.0,0.0,1.0,1.0,0.0
prediction_loss_decoupling,offroute60,offroute60,14,oracle_fault_model,Oracle,1,31,15,2,62,60,1.0,,1,34,0,34,0,0,0,,0.0,,0.0,62.0,62.0,0.0,1.0,1.0,0.0
prediction_loss_decoupling,offroute60,offroute60,14,oracle_fault_model,Oracle,2,31,15,2,62,60,1.0,,1,34,0,34,0,0,0,,0.0,,0.0,62.0,62.0,0.0,1.0,1.0,0.0
prediction_loss_decoupling,offroute60,offroute60,14,oracle_fault_model,Oracle,3,31,15,2,62,60,1.0,,1,34,0,34,0,0,0,,0.0,,0.0,62.0,62.0,0.0,1.0,1.0,0.0
prediction_loss_decoupling,offroute60,offroute60,14,oracle_fault_model,Oracle,4,31,15,2,62,60,1.0,,1,34,0,34,0,0,0,,0.0,,0.0,62.0,62.0,0.0,1.0,1.0,0.0
prediction_loss_decoupling,offroute60,offroute60,15,nominal_no_repair,Nominal,0,31,15,2,62,60,1.0,,0,180,173,8,0,1,0,,0.03333333333333333,,0.05155367231638418,0.0,0.0,0.0,1.0,0.0,0.0
prediction_loss_decoupling,offroute60,offroute60,15,nominal_no_repair,Nominal,1,31,15,2,62,60,1.0,,0,180,173,8,0,1,0,,0.03333333333333333,,0.05155367231638418,0.0,0.0,0.0,1.0,0.0,0.0
prediction_loss_decoupling,offroute60,offroute60,15,nominal_no_repair,Nominal,2,31,15,2,62,60,1.0,,0,180,173,8,0,1,0,,0.03333333333333333,,0.05155367231638418,0.0,0.0,0.0,1.0,0.0,0.0
prediction_loss_decoupling,offroute60,offroute60,15,nominal_no_repair,Nominal,3,31,15,2,62,60,1.0,,0,180,173,8,0,1,0,,0.03333333333333333,,0.05155367231638418,0.0,0.0,0.0,1.0,0.0,0.0
prediction_loss_decoupling,offroute60,offroute60,15,nominal_no_repair,Nominal,4,31,15,2,62,60,1.0,,0,180,173,8,0,1,0,,0.03333333333333333,,0.05155367231638418,0.0,0.0,0.0,1.0,0.0,0.0
prediction_loss_decoupling,offroute60,offroute60,15,shield_only,Shield only,0,31,15,2,62,60,1.0,,0,180,173,9,1,1,1,,0.03333333333333333,,0.05155367231638418,0.0,0.0,0.0,1.0,0.0,0.0
prediction_loss_decoupling,offroute60,offroute60,15,shield_only,Shield only,1,31,15,2,62,60,1.0,,0,180,173,8,1,1,1,,0.03333333333333333,,0.05155367231638418,0.0,0.0,0.0,1.0,0.0,0.0
prediction_loss_decoupling,offroute60,offroute60,15,shield_only,Shield only,2,31,15,2,62,60,1.0,,0,180,173,8,1,1,1,,0.03333333333333333,,0.05155367231638418,0.0,0.0,0.0,1.0,0.0,0.0
prediction_loss_decoupling,offroute60,offroute60,15,shield_only,Shield only,3,31,15,2,62,60,1.0,,0,180,173,8,1,1,1,,0.03333333333333333,,0.05155367231638418,0.0,0.0,0.0,1.0,0.0,0.0
prediction_loss_decoupling,offroute60,offroute60,15,shield_only,Shield only,4,31,15,2,62,60,1.0,,0,180,173,8,1,1,1,,0.03333333333333333,,0.05155367231638418,0.0,0.0,0.0,1.0,0.0,0.0
prediction_loss_decoupling,offroute60,offroute60,15,batch_episode_retrain,Batch episode,0,31,15,2,62,60,1.0,,0,180,173,8,0,1,0,,0.03333333333333333,,0.05155367231638418,0.0,0.0,0.0,1.0,0.0,0.0
prediction_loss_decoupling,offroute60,offroute60,15,batch_episode_retrain,Batch episode,1,31,15,2,62,60,1.0,,0,180,162,19,0,1,1,,0.032795698924731186,,0.042725988700564974,1.0,1.0,0.0,1.0,0.016129032258064516,0.0
prediction_loss_decoupling,offroute60,offroute60,15,batch_episode_retrain,Batch episode,2,31,15,2,62,60,1.0,,1,32,0,32,0,0,2,,0.03225806451612903,,0.04096045197740113,2.0,2.0,0.0,1.0,0.03225806451612903,0.0
prediction_loss_decoupling,offroute60,offroute60,15,batch_episode_retrain,Batch episode,3,31,15,2,62,60,1.0,,1,32,0,32,0,0,2,,0.03225806451612903,,0.04096045197740113,2.0,2.0,0.0,1.0,0.03225806451612903,0.0
prediction_loss_decoupling,offroute60,offroute60,15,batch_episode_retrain,Batch episode,4,31,15,2,62,60,1.0,,1,32,0,32,0,0,2,,0.03225806451612903,,0.04096045197740113,2.0,2.0,0.0,1.0,0.03225806451612903,0.0
prediction_loss_decoupling,offroute60,offroute60,15,threshold_8,Threshold 8,0,31,15,2,62,60,1.0,,1,48,16,48,0,0,2,,0.03225806451612903,,0.04096045197740113,2.0,2.0,0.0,1.0,0.03225806451612903,0.0
prediction_loss_decoupling,offroute60,offroute60,15,threshold_8,Threshold 8,1,31,15,2,62,60,1.0,,1,32,0,32,0,0,2,,0.03225806451612903,,0.04096045197740113,2.0,2.0,0.0,1.0,0.03225806451612903,0.0
prediction_loss_decoupling,offroute60,offroute60,15,threshold_8,Threshold 8,2,31,15,2,62,60,1.0,,1,32,0,32,0,0,2,,0.03225806451612903,,0.04096045197740113,2.0,2.0,0.0,1.0,0.03225806451612903,0.0
prediction_loss_decoupling,offroute60,offroute60,15,threshold_8,Threshold 8,3,31,15,2,62,60,1.0,,1,32,0,32,0,0,2,,0.03225806451612903,,0.04096045197740113,2.0,2.0,0.0,1.0,0.03225806451612903,0.0
prediction_loss_decoupling,offroute60,offroute60,15,threshold_8,Threshold 8,4,31,15,2,62,60,1.0,,1,32,0,32,0,0,2,,0.03225806451612903,,0.04096045197740113,2.0,2.0,0.0,1.0,0.03225806451612903,0.0
prediction_loss_decoupling,offroute60,offroute60,15,uncertainty_cost_avoidance,Cost avoidance,0,31,15,2,62,60,1.0,,1,34,2,34,0,0,2,,0.03333333333333333,,0.05155367231638418,0.0,0.0,0.0,1.0,0.0,0.0
prediction_loss_decoupling,offroute60,offroute60,15,uncertainty_cost_avoidance,Cost avoidance,1,31,15,2,62,60,1.0,,1,32,0,32,0,0,2,,0.03333333333333333,,0.05155367231638418,0.0,0.0,0.0,1.0,0.0,0.0
prediction_loss_decoupling,offroute60,offroute60,15,uncertainty_cost_avoidance,Cost avoidance,2,31,15,2,62,60,1.0,,1,32,0,32,0,0,2,,0.03333333333333333,,0.05155367231638418,0.0,0.0,0.0,1.0,0.0,0.0
prediction_loss_decoupling,offroute60,offroute60,15,uncertainty_cost_avoidance,Cost avoidance,3,31,15,2,62,60,1.0,,1,32,0,32,0,0,2,,0.03333333333333333,,0.05155367231638418,0.0,0.0,0.0,1.0,0.0,0.0
prediction_loss_decoupling,offroute60,offroute60,15,uncertainty_cost_avoidance,Cost avoidance,4,31,15,2,62,60,1.0,,1,32,0,32,0,0,2,,0.03333333333333333,,0.05155367231638418,0.0,0.0,0.0,1.0,0.0,0.0
prediction_loss_decoupling,offroute60,offroute60,15,ccra_exact_guard,CCRA exact,0,31,15,2,62,60,1.0,,1,34,2,34,0,0,2,,0.03225806451612903,,0.04096045197740113,2.0,2.0,0.0,1.0,0.03225806451612903,0.0
prediction_loss_decoupling,offroute60,offroute60,15,ccra_exact_guard,CCRA exact,1,31,15,2,62,60,1.0,,1,32,0,32,0,0,2,,0.03225806451612903,,0.04096045197740113,2.0,2.0,0.0,1.0,0.03225806451612903,0.0
prediction_loss_decoupling,offroute60,offroute60,15,ccra_exact_guard,CCRA exact,2,31,15,2,62,60,1.0,,1,32,0,32,0,0,2,,0.03225806451612903,,0.04096045197740113,2.0,2.0,0.0,1.0,0.03225806451612903,0.0
prediction_loss_decoupling,offroute60,offroute60,15,ccra_exact_guard,CCRA exact,3,31,15,2,62,60,1.0,,1,32,0,32,0,0,2,,0.03225806451612903,,0.04096045197740113,2.0,2.0,0.0,1.0,0.03225806451612903,0.0
prediction_loss_decoupling,offroute60,offroute60,15,ccra_exact_guard,CCRA exact,4,31,15,2,62,60,1.0,,1,32,0,32,0,0,2,,0.03225806451612903,,0.04096045197740113,2.0,2.0,0.0,1.0,0.03225806451612903,0.0
prediction_loss_decoupling,offroute60,offroute60,15,ccra_row_guard,CCRA row,0,31,15,2,62,60,1.0,,1,42,4,42,0,0,4,,0.08494623655913978,,0.3651129943502825,120.0,12.0,108.0,0.1,0.1935483870967742,0.9
prediction_loss_decoupling,offroute60,offroute60,15,ccra_row_guard,CCRA row,1,31,15,2,62,60,1.0,,1,49,5,49,0,0,9,,0.14516129032258066,,0.4046610169491525,270.0,31.0,239.0,0.11481481481481481,0.5,0.8851851851851852
prediction_loss_decoupling,offroute60,offroute60,15,ccra_row_guard,CCRA row,2,31,15,2,62,60,1.0,,1,45,3,45,0,0,12,,0.1817204301075269,,0.4286723163841808,360.0,42.0,318.0,0.11666666666666667,0.6774193548387096,0.8833333333333333
prediction_loss_decoupling,offroute60,offroute60,15,ccra_row_guard,CCRA row,3,31,15,2,62,60,1.0,,0,46,3,47,0,0,15,,0.2086021505376344,,0.4463276836158192,450.0,62.0,388.0,0.13777777777777778,1.0,0.8622222222222222
prediction_loss_decoupling,offroute60,offroute60,15,ccra_row_guard,CCRA row,4,31,15,2,62,60,1.0,,0,0,0,1,0,0,15,,0.2086021505376344,,0.4463276836158192,450.0,62.0,388.0,0.13777777777777778,1.0,0.8622222222222222
prediction_loss_decoupling,offroute60,offroute60,15,global_action_repair,Global action,0,31,15,2,62,60,1.0,,0,10,3,11,0,0,1,,0.2086021505376344,,0.4463276836158192,450.0,62.0,388.0,0.13777777777777778,1.0,0.8622222222222222
prediction_loss_decoupling,offroute60,offroute60,15,global_action_repair,Global action,1,31,15,2,62,60,1.0,,0,0,0,1,0,0,1,,0.2086021505376344,,0.4463276836158192,450.0,62.0,388.0,0.13777777777777778,1.0,0.8622222222222222
prediction_loss_decoupling,offroute60,offroute60,15,global_action_repair,Global action,2,31,15,2,62,60,1.0,,0,0,0,1,0,0,1,,0.2086021505376344,,0.4463276836158192,450.0,62.0,388.0,0.13777777777777778,1.0,0.8622222222222222
prediction_loss_decoupling,offroute60,offroute60,15,global_action_repair,Global action,3,31,15,2,62,60,1.0,,0,0,0,1,0,0,1,,0.2086021505376344,,0.4463276836158192,450.0,62.0,388.0,0.13777777777777778,1.0,0.8622222222222222
prediction_loss_decoupling,offroute60,offroute60,15,global_action_repair,Global action,4,31,15,2,62,60,1.0,,0,0,0,1,0,0,1,,0.2086021505376344,,0.4463276836158192,450.0,62.0,388.0,0.13777777777777778,1.0,0.8622222222222222
prediction_loss_decoupling,offroute60,offroute60,15,oracle_fault_model,Oracle,0,31,15,2,62,60,1.0,,1,32,0,32,0,0,0,,0.0,,0.0,62.0,62.0,0.0,1.0,1.0,0.0
prediction_loss_decoupling,offroute60,offroute60,15,oracle_fault_model,Oracle,1,31,15,2,62,60,1.0,,1,32,0,32,0,0,0,,0.0,,0.0,62.0,62.0,0.0,1.0,1.0,0.0
prediction_loss_decoupling,offroute60,offroute60,15,oracle_fault_model,Oracle,2,31,15,2,62,60,1.0,,1,32,0,32,0,0,0,,0.0,,0.0,62.0,62.0,0.0,1.0,1.0,0.0
prediction_loss_decoupling,offroute60,offroute60,15,oracle_fault_model,Oracle,3,31,15,2,62,60,1.0,,1,32,0,32,0,0,0,,0.0,,0.0,62.0,62.0,0.0,1.0,1.0,0.0
prediction_loss_decoupling,offroute60,offroute60,15,oracle_fault_model,Oracle,4,31,15,2,62,60,1.0,,1,32,0,32,0,0,0,,0.0,,0.0,62.0,62.0,0.0,1.0,1.0,0.0
prediction_loss_decoupling,offroute60,offroute60,16,nominal_no_repair,Nominal,0,31,15,2,62,60,1.0,,0,180,174,7,0,1,0,,0.03333333333333333,,0.048728813559322036,0.0,0.0,0.0,1.0,0.0,0.0
prediction_loss_decoupling,offroute60,offroute60,16,nominal_no_repair,Nominal,1,31,15,2,62,60,1.0,,0,180,174,7,0,1,0,,0.03333333333333333,,0.048728813559322036,0.0,0.0,0.0,1.0,0.0,0.0
prediction_loss_decoupling,offroute60,offroute60,16,nominal_no_repair,Nominal,2,31,15,2,62,60,1.0,,0,180,174,7,0,1,0,,0.03333333333333333,,0.048728813559322036,0.0,0.0,0.0,1.0,0.0,0.0
prediction_loss_decoupling,offroute60,offroute60,16,nominal_no_repair,Nominal,3,31,15,2,62,60,1.0,,0,180,174,7,0,1,0,,0.03333333333333333,,0.048728813559322036,0.0,0.0,0.0,1.0,0.0,0.0
prediction_loss_decoupling,offroute60,offroute60,16,nominal_no_repair,Nominal,4,31,15,2,62,60,1.0,,0,180,174,7,0,1,0,,0.03333333333333333,,0.048728813559322036,0.0,0.0,0.0,1.0,0.0,0.0
prediction_loss_decoupling,offroute60,offroute60,16,shield_only,Shield only,0,31,15,2,62,60,1.0,,0,180,174,8,1,1,1,,0.03333333333333333,,0.048728813559322036,0.0,0.0,0.0,1.0,0.0,0.0
prediction_loss_decoupling,offroute60,offroute60,16,shield_only,Shield only,1,31,15,2,62,60,1.0,,0,180,174,7,1,1,1,,0.03333333333333333,,0.048728813559322036,0.0,0.0,0.0,1.0,0.0,0.0
prediction_loss_decoupling,offroute60,offroute60,16,shield_only,Shield only,2,31,15,2,62,60,1.0,,0,180,174,7,1,1,1,,0.03333333333333333,,0.048728813559322036,0.0,0.0,0.0,1.0,0.0,0.0
prediction_loss_decoupling,offroute60,offroute60,16,shield_only,Shield only,3,31,15,2,62,60,1.0,,0,180,174,7,1,1,1,,0.03333333333333333,,0.048728813559322036,0.0,0.0,0.0,1.0,0.0,0.0
prediction_loss_decoupling,offroute60,offroute60,16,shield_only,Shield only,4,31,15,2,62,60,1.0,,0,180,174,7,1,1,1,,0.03333333333333333,,0.048728813559322036,0.0,0.0,0.0,1.0,0.0,0.0
prediction_loss_decoupling,offroute60,offroute60,16,batch_episode_retrain,Batch episode,0,31,15,2,62,60,1.0,,0,180,174,7,0,1,0,,0.03333333333333333,,0.048728813559322036,0.0,0.0,0.0,1.0,0.0,0.0
prediction_loss_decoupling,offroute60,offroute60,16,batch_episode_retrain,Batch episode,1,31,15,2,62,60,1.0,,0,180,173,8,0,1,1,,0.032795698924731186,,0.039901129943502825,1.0,1.0,0.0,1.0,0.016129032258064516,0.0
prediction_loss_decoupling,offroute60,offroute60,16,batch_episode_retrain,Batch episode,2,31,15,2,62,60,1.0,,0,180,162,19,0,1,2,,0.03225806451612903,,0.038135593220338986,2.0,2.0,0.0,1.0,0.03225806451612903,0.0
prediction_loss_decoupling,offroute60,offroute60,16,batch_episode_retrain,Batch episode,3,31,15,2,62,60,1.0,,0,180,160,21,0,1,3,,0.031720430107526884,,0.03637005649717514,3.0,3.0,0.0,1.0,0.04838709677419355,0.0
prediction_loss_decoupling,offroute60,offroute60,16,batch_episode_retrain,Batch episode,4,31,15,2,62,60,1.0,,0,180,150,31,0,1,4,,0.03118279569892473,,0.02754237288135593,4.0,4.0,0.0,1.0,0.06451612903225806,0.0
prediction_loss_decoupling,offroute60,offroute60,16,threshold_8,Threshold 8,0,31,15,2,62,60,1.0,,1,76,40,76,0,0,5,,0.03064516129032258,,0.02577683615819209,5.0,5.0,0.0,1.0,0.08064516129032258,0.0
prediction_loss_decoupling,offroute60,offroute60,16,threshold_8,Threshold 8,1,31,15,2,62,60,1.0,,1,34,0,34,0,0,5,,0.03064516129032258,,0.02577683615819209,5.0,5.0,0.0,1.0,0.08064516129032258,0.0
prediction_loss_decoupling,offroute60,offroute60,16,threshold_8,Threshold 8,2,31,15,2,62,60,1.0,,1,34,0,34,0,0,5,,0.03064516129032258,,0.02577683615819209,5.0,5.0,0.0,1.0,0.08064516129032258,0.0
prediction_loss_decoupling,offroute60,offroute60,16,threshold_8,Threshold 8,3,31,15,2,62,60,1.0,,1,34,0,34,0,0,5,,0.03064516129032258,,0.02577683615819209,5.0,5.0,0.0,1.0,0.08064516129032258,0.0
prediction_loss_decoupling,offroute60,offroute60,16,threshold_8,Threshold 8,4,31,15,2,62,60,1.0,,1,34,0,34,0,0,5,,0.03064516129032258,,0.02577683615819209,5.0,5.0,0.0,1.0,0.08064516129032258,0.0
prediction_loss_decoupling,offroute60,offroute60,16,uncertainty_cost_avoidance,Cost avoidance,0,31,15,2,62,60,1.0,,1,41,5,41,0,0,5,,0.03333333333333333,,0.048728813559322036,0.0,0.0,0.0,1.0,0.0,0.0
prediction_loss_decoupling,offroute60,offroute60,16,uncertainty_cost_avoidance,Cost avoidance,1,31,15,2,62,60,1.0,,1,34,0,34,0,0,5,,0.03333333333333333,,0.048728813559322036,0.0,0.0,0.0,1.0,0.0,0.0
prediction_loss_decoupling,offroute60,offroute60,16,uncertainty_cost_avoidance,Cost avoidance,2,31,15,2,62,60,1.0,,1,34,0,34,0,0,5,,0.03333333333333333,,0.048728813559322036,0.0,0.0,0.0,1.0,0.0,0.0
prediction_loss_decoupling,offroute60,offroute60,16,uncertainty_cost_avoidance,Cost avoidance,3,31,15,2,62,60,1.0,,1,34,0,34,0,0,5,,0.03333333333333333,,0.048728813559322036,0.0,0.0,0.0,1.0,0.0,0.0
prediction_loss_decoupling,offroute60,offroute60,16,uncertainty_cost_avoidance,Cost avoidance,4,31,15,2,62,60,1.0,,1,34,0,34,0,0,5,,0.03333333333333333,,0.048728813559322036,0.0,0.0,0.0,1.0,0.0,0.0
prediction_loss_decoupling,offroute60,offroute60,16,ccra_exact_guard,CCRA exact,0,31,15,2,62,60,1.0,,1,41,5,41,0,0,5,,0.03064516129032258,,0.02577683615819209,5.0,5.0,0.0,1.0,0.08064516129032258,0.0
prediction_loss_decoupling,offroute60,offroute60,16,ccra_exact_guard,CCRA exact,1,31,15,2,62,60,1.0,,1,34,0,34,0,0,5,,0.03064516129032258,,0.02577683615819209,5.0,5.0,0.0,1.0,0.08064516129032258,0.0
prediction_loss_decoupling,offroute60,offroute60,16,ccra_exact_guard,CCRA exact,2,31,15,2,62,60,1.0,,1,34,0,34,0,0,5,,0.03064516129032258,,0.02577683615819209,5.0,5.0,0.0,1.0,0.08064516129032258,0.0
prediction_loss_decoupling,offroute60,offroute60,16,ccra_exact_guard,CCRA exact,3,31,15,2,62,60,1.0,,1,34,0,34,0,0,5,,0.03064516129032258,,0.02577683615819209,5.0,5.0,0.0,1.0,0.08064516129032258,0.0
prediction_loss_decoupling,offroute60,offroute60,16,ccra_exact_guard,CCRA exact,4,31,15,2,62,60,1.0,,1,34,0,34,0,0,5,,0.03064516129032258,,0.02577683615819209,5.0,5.0,0.0,1.0,0.08064516129032258,0.0
prediction_loss_decoupling,offroute60,offroute60,16,ccra_row_guard,CCRA row,0,31,15,2,62,60,1.0,,1,45,5,45,0,0,5,,0.0967741935483871,,0.3757062146892655,150.0,16.0,134.0,0.10666666666666667,0.25806451612903225,0.8933333333333333
prediction_loss_decoupling,offroute60,offroute60,16,ccra_row_guard,CCRA row,1,31,15,2,62,60,1.0,,1,67,9,67,0,0,14,,0.1956989247311828,,0.4406779661016949,420.0,59.0,361.0,0.14047619047619048,0.9516129032258065,0.8595238095238096
prediction_loss_decoupling,offroute60,offroute60,16,ccra_row_guard,CCRA row,2,31,15,2,62,60,1.0,,0,12,1,13,0,0,15,,0.2086021505376344,,0.4491525423728814,450.0,62.0,388.0,0.13777777777777778,1.0,0.8622222222222222
prediction_loss_decoupling,offroute60,offroute60,16,ccra_row_guard,CCRA row,3,31,15,2,62,60,1.0,,0,0,0,1,0,0,15,,0.2086021505376344,,0.4491525423728814,450.0,62.0,388.0,0.13777777777777778,1.0,0.8622222222222222
prediction_loss_decoupling,offroute60,offroute60,16,ccra_row_guard,CCRA row,4,31,15,2,62,60,1.0,,0,0,0,1,0,0,15,,0.2086021505376344,,0.4491525423728814,450.0,62.0,388.0,0.13777777777777778,1.0,0.8622222222222222
prediction_loss_decoupling,offroute60,offroute60,16,global_action_repair,Global action,0,31,15,2,62,60,1.0,,0,9,3,10,0,0,1,,0.2086021505376344,,0.4491525423728814,450.0,62.0,388.0,0.13777777777777778,1.0,0.8622222222222222
prediction_loss_decoupling,offroute60,offroute60,16,global_action_repair,Global action,1,31,15,2,62,60,1.0,,0,0,0,1,0,0,1,,0.2086021505376344,,0.4491525423728814,450.0,62.0,388.0,0.13777777777777778,1.0,0.8622222222222222
prediction_loss_decoupling,offroute60,offroute60,16,global_action_repair,Global action,2,31,15,2,62,60,1.0,,0,0,0,1,0,0,1,,0.2086021505376344,,0.4491525423728814,450.0,62.0,388.0,0.13777777777777778,1.0,0.8622222222222222
prediction_loss_decoupling,offroute60,offroute60,16,global_action_repair,Global action,3,31,15,2,62,60,1.0,,0,0,0,1,0,0,1,,0.2086021505376344,,0.4491525423728814,450.0,62.0,388.0,0.13777777777777778,1.0,0.8622222222222222
prediction_loss_decoupling,offroute60,offroute60,16,global_action_repair,Global action,4,31,15,2,62,60,1.0,,0,0,0,1,0,0,1,,0.2086021505376344,,0.4491525423728814,450.0,62.0,388.0,0.13777777777777778,1.0,0.8622222222222222
prediction_loss_decoupling,offroute60,offroute60,16,oracle_fault_model,Oracle,0,31,15,2,62,60,1.0,,1,34,0,34,0,0,0,,0.0,,0.0,62.0,62.0,0.0,1.0,1.0,0.0
prediction_loss_decoupling,offroute60,offroute60,16,oracle_fault_model,Oracle,1,31,15,2,62,60,1.0,,1,34,0,34,0,0,0,,0.0,,0.0,62.0,62.0,0.0,1.0,1.0,0.0
prediction_loss_decoupling,offroute60,offroute60,16,oracle_fault_model,Oracle,2,31,15,2,62,60,1.0,,1,34,0,34,0,0,0,,0.0,,0.0,62.0,62.0,0.0,1.0,1.0,0.0
prediction_loss_decoupling,offroute60,offroute60,16,oracle_fault_model,Oracle,3,31,15,2,62,60,1.0,,1,34,0,34,0,0,0,,0.0,,0.0,62.0,62.0,0.0,1.0,1.0,0.0
prediction_loss_decoupling,offroute60,offroute60,16,oracle_fault_model,Oracle,4,31,15,2,62,60,1.0,,1,34,0,34,0,0,0,,0.0,,0.0,62.0,62.0,0.0,1.0,1.0,0.0
prediction_loss_decoupling,offroute60,offroute60,17,nominal_no_repair,Nominal,0,31,15,2,62,60,1.0,,0,180,174,7,0,1,0,,0.03333333333333333,,0.04449152542372881,0.0,0.0,0.0,1.0,0.0,0.0
prediction_loss_decoupling,offroute60,offroute60,17,nominal_no_repair,Nominal,1,31,15,2,62,60,1.0,,0,180,174,7,0,1,0,,0.03333333333333333,,0.04449152542372881,0.0,0.0,0.0,1.0,0.0,0.0
prediction_loss_decoupling,offroute60,offroute60,17,nominal_no_repair,Nominal,2,31,15,2,62,60,1.0,,0,180,174,7,0,1,0,,0.03333333333333333,,0.04449152542372881,0.0,0.0,0.0,1.0,0.0,0.0
prediction_loss_decoupling,offroute60,offroute60,17,nominal_no_repair,Nominal,3,31,15,2,62,60,1.0,,0,180,174,7,0,1,0,,0.03333333333333333,,0.04449152542372881,0.0,0.0,0.0,1.0,0.0,0.0
prediction_loss_decoupling,offroute60,offroute60,17,nominal_no_repair,Nominal,4,31,15,2,62,60,1.0,,0,180,174,7,0,1,0,,0.03333333333333333,,0.04449152542372881,0.0,0.0,0.0,1.0,0.0,0.0
prediction_loss_decoupling,offroute60,offroute60,17,shield_only,Shield only,0,31,15,2,62,60,1.0,,0,180,174,8,1,1,1,,0.03333333333333333,,0.04449152542372881,0.0,0.0,0.0,1.0,0.0,0.0
prediction_loss_decoupling,offroute60,offroute60,17,shield_only,Shield only,1,31,15,2,62,60,1.0,,0,180,174,7,1,1,1,,0.03333333333333333,,0.04449152542372881,0.0,0.0,0.0,1.0,0.0,0.0
prediction_loss_decoupling,offroute60,offroute60,17,shield_only,Shield only,2,31,15,2,62,60,1.0,,0,180,174,7,1,1,1,,0.03333333333333333,,0.04449152542372881,0.0,0.0,0.0,1.0,0.0,0.0
prediction_loss_decoupling,offroute60,offroute60,17,shield_only,Shield only,3,31,15,2,62,60,1.0,,0,180,174,7,1,1,1,,0.03333333333333333,,0.04449152542372881,0.0,0.0,0.0,1.0,0.0,0.0
prediction_loss_decoupling,offroute60,offroute60,17,shield_only,Shield only,4,31,15,2,62,60,1.0,,0,180,174,7,1,1,1,,0.03333333333333333,,0.04449152542372881,0.0,0.0,0.0,1.0,0.0,0.0
prediction_loss_decoupling,offroute60,offroute60,17,batch_episode_retrain,Batch episode,0,31,15,2,62,60,1.0,,0,180,174,7,0,1,0,,0.03333333333333333,,0.04449152542372881,0.0,0.0,0.0,1.0,0.0,0.0
prediction_loss_decoupling,offroute60,offroute60,17,batch_episode_retrain,Batch episode,1,31,15,2,62,60,1.0,,0,180,164,17,0,1,1,,0.032795698924731186,,0.0356638418079096,1.0,1.0,0.0,1.0,0.016129032258064516,0.0
prediction_loss_decoupling,offroute60,offroute60,17,batch_episode_retrain,Batch episode,2,31,15,2,62,60,1.0,,0,180,158,23,0,1,2,,0.03225806451612903,,0.03389830508474576,2.0,2.0,0.0,1.0,0.03225806451612903,0.0
prediction_loss_decoupling,offroute60,offroute60,17,batch_episode_retrain,Batch episode,3,31,15,2,62,60,1.0,,0,180,167,14,0,1,3,,0.031720430107526884,,0.025070621468926555,3.0,3.0,0.0,1.0,0.04838709677419355,0.0
prediction_loss_decoupling,offroute60,offroute60,17,batch_episode_retrain,Batch episode,4,31,15,2,62,60,1.0,,1,34,0,34,0,0,4,,0.03118279569892473,,0.023305084745762712,4.0,4.0,0.0,1.0,0.06451612903225806,0.0
prediction_loss_decoupling,offroute60,offroute60,17,threshold_8,Threshold 8,0,31,15,2,62,60,1.0,,1,58,24,58,0,0,3,,0.031720430107526884,,0.025070621468926555,3.0,3.0,0.0,1.0,0.04838709677419355,0.0
prediction_loss_decoupling,offroute60,offroute60,17,threshold_8,Threshold 8,1,31,15,2,62,60,1.0,,1,42,8,42,0,0,4,,0.03118279569892473,,0.023305084745762712,4.0,4.0,0.0,1.0,0.06451612903225806,0.0
prediction_loss_decoupling,offroute60,offroute60,17,threshold_8,Threshold 8,2,31,15,2,62,60,1.0,,1,34,0,34,0,0,4,,0.03118279569892473,,0.023305084745762712,4.0,4.0,0.0,1.0,0.06451612903225806,0.0
prediction_loss_decoupling,offroute60,offroute60,17,threshold_8,Threshold 8,3,31,15,2,62,60,1.0,,1,34,0,34,0,0,4,,0.03118279569892473,,0.023305084745762712,4.0,4.0,0.0,1.0,0.06451612903225806,0.0
prediction_loss_decoupling,offroute60,offroute60,17,threshold_8,Threshold 8,4,31,15,2,62,60,1.0,,1,34,0,34,0,0,4,,0.03118279569892473,,0.023305084745762712,4.0,4.0,0.0,1.0,0.06451612903225806,0.0
prediction_loss_decoupling,offroute60,offroute60,17,uncertainty_cost_avoidance,Cost avoidance,0,31,15,2,62,60,1.0,,1,37,3,37,0,0,3,,0.03333333333333333,,0.04449152542372881,0.0,0.0,0.0,1.0,0.0,0.0
prediction_loss_decoupling,offroute60,offroute60,17,uncertainty_cost_avoidance,Cost avoidance,1,31,15,2,62,60,1.0,,1,35,1,35,0,0,4,,0.03333333333333333,,0.04449152542372881,0.0,0.0,0.0,1.0,0.0,0.0
prediction_loss_decoupling,offroute60,offroute60,17,uncertainty_cost_avoidance,Cost avoidance,2,31,15,2,62,60,1.0,,1,34,0,34,0,0,4,,0.03333333333333333,,0.04449152542372881,0.0,0.0,0.0,1.0,0.0,0.0
prediction_loss_decoupling,offroute60,offroute60,17,uncertainty_cost_avoidance,Cost avoidance,3,31,15,2,62,60,1.0,,1,34,0,34,0,0,4,,0.03333333333333333,,0.04449152542372881,0.0,0.0,0.0,1.0,0.0,0.0
prediction_loss_decoupling,offroute60,offroute60,17,uncertainty_cost_avoidance,Cost avoidance,4,31,15,2,62,60,1.0,,1,34,0,34,0,0,4,,0.03333333333333333,,0.04449152542372881,0.0,0.0,0.0,1.0,0.0,0.0
prediction_loss_decoupling,offroute60,offroute60,17,ccra_exact_guard,CCRA exact,0,31,15,2,62,60,1.0,,1,37,3,37,0,0,3,,0.031720430107526884,,0.025070621468926555,3.0,3.0,0.0,1.0,0.04838709677419355,0.0
prediction_loss_decoupling,offroute60,offroute60,17,ccra_exact_guard,CCRA exact,1,31,15,2,62,60,1.0,,1,35,1,35,0,0,4,,0.03118279569892473,,0.023305084745762712,4.0,4.0,0.0,1.0,0.06451612903225806,0.0
prediction_loss_decoupling,offroute60,offroute60,17,ccra_exact_guard,CCRA exact,2,31,15,2,62,60,1.0,,1,34,0,34,0,0,4,,0.03118279569892473,,0.023305084745762712,4.0,4.0,0.0,1.0,0.06451612903225806,0.0
prediction_loss_decoupling,offroute60,offroute60,17,ccra_exact_guard,CCRA exact,3,31,15,2,62,60,1.0,,1,34,0,34,0,0,4,,0.03118279569892473,,0.023305084745762712,4.0,4.0,0.0,1.0,0.06451612903225806,0.0
prediction_loss_decoupling,offroute60,offroute60,17,ccra_exact_guard,CCRA exact,4,31,15,2,62,60,1.0,,1,34,0,34,0,0,4,,0.03118279569892473,,0.023305084745762712,4.0,4.0,0.0,1.0,0.06451612903225806,0.0
prediction_loss_decoupling,offroute60,offroute60,17,ccra_row_guard,CCRA row,0,31,15,2,62,60,1.0,,1,42,4,42,0,0,4,,0.08602150537634409,,0.3728813559322034,120.0,11.0,109.0,0.09166666666666666,0.1774193548387097,0.9083333333333333
prediction_loss_decoupling,offroute60,offroute60,17,ccra_row_guard,CCRA row,1,31,15,2,62,60,1.0,,1,56,6,56,0,0,10,,0.15161290322580645,,0.4159604519774011,300.0,40.0,260.0,0.13333333333333333,0.6451612903225806,0.8666666666666667
prediction_loss_decoupling,offroute60,offroute60,17,ccra_row_guard,CCRA row,2,31,15,2,62,60,1.0,,0,32,5,33,0,0,15,,0.2086021505376344,,0.4533898305084746,450.0,62.0,388.0,0.13777777777777778,1.0,0.8622222222222222
prediction_loss_decoupling,offroute60,offroute60,17,ccra_row_guard,CCRA row,3,31,15,2,62,60,1.0,,0,0,0,1,0,0,15,,0.2086021505376344,,0.4533898305084746,450.0,62.0,388.0,0.13777777777777778,1.0,0.8622222222222222
prediction_loss_decoupling,offroute60,offroute60,17,ccra_row_guard,CCRA row,4,31,15,2,62,60,1.0,,0,0,0,1,0,0,15,,0.2086021505376344,,0.4533898305084746,450.0,62.0,388.0,0.13777777777777778,1.0,0.8622222222222222
prediction_loss_decoupling,offroute60,offroute60,17,global_action_repair,Global action,0,31,15,2,62,60,1.0,,0,9,3,10,0,0,1,,0.2086021505376344,,0.4533898305084746,450.0,62.0,388.0,0.13777777777777778,1.0,0.8622222222222222
prediction_loss_decoupling,offroute60,offroute60,17,global_action_repair,Global action,1,31,15,2,62,60,1.0,,0,0,0,1,0,0,1,,0.2086021505376344,,0.4533898305084746,450.0,62.0,388.0,0.13777777777777778,1.0,0.8622222222222222
prediction_loss_decoupling,offroute60,offroute60,17,global_action_repair,Global action,2,31,15,2,62,60,1.0,,0,0,0,1,0,0,1,,0.2086021505376344,,0.4533898305084746,450.0,62.0,388.0,0.13777777777777778,1.0,0.8622222222222222
prediction_loss_decoupling,offroute60,offroute60,17,global_action_repair,Global action,3,31,15,2,62,60,1.0,,0,0,0,1,0,0,1,,0.2086021505376344,,0.4533898305084746,450.0,62.0,388.0,0.13777777777777778,1.0,0.8622222222222222
prediction_loss_decoupling,offroute60,offroute60,17,global_action_repair,Global action,4,31,15,2,62,60,1.0,,0,0,0,1,0,0,1,,0.2086021505376344,,0.4533898305084746,450.0,62.0,388.0,0.13777777777777778,1.0,0.8622222222222222
prediction_loss_decoupling,offroute60,offroute60,17,oracle_fault_model,Oracle,0,31,15,2,62,60,1.0,,1,34,0,34,0,0,0,,0.0,,0.0,62.0,62.0,0.0,1.0,1.0,0.0
prediction_loss_decoupling,offroute60,offroute60,17,oracle_fault_model,Oracle,1,31,15,2,62,60,1.0,,1,34,0,34,0,0,0,,0.0,,0.0,62.0,62.0,0.0,1.0,1.0,0.0
prediction_loss_decoupling,offroute60,offroute60,17,oracle_fault_model,Oracle,2,31,15,2,62,60,1.0,,1,34,0,34,0,0,0,,0.0,,0.0,62.0,62.0,0.0,1.0,1.0,0.0
prediction_loss_decoupling,offroute60,offroute60,17,oracle_fault_model,Oracle,3,31,15,2,62,60,1.0,,1,34,0,34,0,0,0,,0.0,,0.0,62.0,62.0,0.0,1.0,1.0,0.0
prediction_loss_decoupling,offroute60,offroute60,17,oracle_fault_model,Oracle,4,31,15,2,62,60,1.0,,1,34,0,34,0,0,0,,0.0,,0.0,62.0,62.0,0.0,1.0,1.0,0.0
prediction_loss_decoupling,offroute60,offroute60,18,nominal_no_repair,Nominal,0,31,15,2,62,60,1.0,,0,180,173,8,0,1,0,,0.03333333333333333,,0.048728813559322036,0.0,0.0,0.0,1.0,0.0,0.0
prediction_loss_decoupling,offroute60,offroute60,18,nominal_no_repair,Nominal,1,31,15,2,62,60,1.0,,0,180,173,8,0,1,0,,0.03333333333333333,,0.048728813559322036,0.0,0.0,0.0,1.0,0.0,0.0
prediction_loss_decoupling,offroute60,offroute60,18,nominal_no_repair,Nominal,2,31,15,2,62,60,1.0,,0,180,173,8,0,1,0,,0.03333333333333333,,0.048728813559322036,0.0,0.0,0.0,1.0,0.0,0.0
prediction_loss_decoupling,offroute60,offroute60,18,nominal_no_repair,Nominal,3,31,15,2,62,60,1.0,,0,180,173,8,0,1,0,,0.03333333333333333,,0.048728813559322036,0.0,0.0,0.0,1.0,0.0,0.0
prediction_loss_decoupling,offroute60,offroute60,18,nominal_no_repair,Nominal,4,31,15,2,62,60,1.0,,0,180,173,8,0,1,0,,0.03333333333333333,,0.048728813559322036,0.0,0.0,0.0,1.0,0.0,0.0
prediction_loss_decoupling,offroute60,offroute60,18,shield_only,Shield only,0,31,15,2,62,60,1.0,,0,180,173,9,1,1,1,,0.03333333333333333,,0.048728813559322036,0.0,0.0,0.0,1.0,0.0,0.0
prediction_loss_decoupling,offroute60,offroute60,18,shield_only,Shield only,1,31,15,2,62,60,1.0,,0,180,173,8,1,1,1,,0.03333333333333333,,0.048728813559322036,0.0,0.0,0.0,1.0,0.0,0.0
prediction_loss_decoupling,offroute60,offroute60,18,shield_only,Shield only,2,31,15,2,62,60,1.0,,0,180,173,8,1,1,1,,0.03333333333333333,,0.048728813559322036,0.0,0.0,0.0,1.0,0.0,0.0
prediction_loss_decoupling,offroute60,offroute60,18,shield_only,Shield only,3,31,15,2,62,60,1.0,,0,180,173,8,1,1,1,,0.03333333333333333,,0.048728813559322036,0.0,0.0,0.0,1.0,0.0,0.0
prediction_loss_decoupling,offroute60,offroute60,18,shield_only,Shield only,4,31,15,2,62,60,1.0,,0,180,173,8,1,1,1,,0.03333333333333333,,0.048728813559322036,0.0,0.0,0.0,1.0,0.0,0.0
prediction_loss_decoupling,offroute60,offroute60,18,batch_episode_retrain,Batch episode,0,31,15,2,62,60,1.0,,0,180,173,8,0,1,0,,0.03333333333333333,,0.048728813559322036,0.0,0.0,0.0,1.0,0.0,0.0
prediction_loss_decoupling,offroute60,offroute60,18,batch_episode_retrain,Batch episode,1,31,15,2,62,60,1.0,,0,180,171,10,0,1,1,,0.032795698924731186,,0.039901129943502825,1.0,1.0,0.0,1.0,0.016129032258064516,0.0
prediction_loss_decoupling,offroute60,offroute60,18,batch_episode_retrain,Batch episode,2,31,15,2,62,60,1.0,,0,180,152,29,0,1,2,,0.03225806451612903,,0.038135593220338986,2.0,2.0,0.0,1.0,0.03225806451612903,0.0
prediction_loss_decoupling,offroute60,offroute60,18,batch_episode_retrain,Batch episode,3,31,15,2,62,60,1.0,,0,180,165,16,0,1,3,,0.031720430107526884,,0.029307909604519775,3.0,3.0,0.0,1.0,0.04838709677419355,0.0
prediction_loss_decoupling,offroute60,offroute60,18,batch_episode_retrain,Batch episode,4,31,15,2,62,60,1.0,,1,34,0,34,0,0,4,,0.03118279569892473,,0.02754237288135593,4.0,4.0,0.0,1.0,0.06451612903225806,0.0
prediction_loss_decoupling,offroute60,offroute60,18,threshold_8,Threshold 8,0,31,15,2,62,60,1.0,,1,58,24,58,0,0,3,,0.031720430107526884,,0.029307909604519775,3.0,3.0,0.0,1.0,0.04838709677419355,0.0
prediction_loss_decoupling,offroute60,offroute60,18,threshold_8,Threshold 8,1,31,15,2,62,60,1.0,,1,42,8,42,0,0,4,,0.03118279569892473,,0.02754237288135593,4.0,4.0,0.0,1.0,0.06451612903225806,0.0
prediction_loss_decoupling,offroute60,offroute60,18,threshold_8,Threshold 8,2,31,15,2,62,60,1.0,,1,34,0,34,0,0,4,,0.03118279569892473,,0.02754237288135593,4.0,4.0,0.0,1.0,0.06451612903225806,0.0
prediction_loss_decoupling,offroute60,offroute60,18,threshold_8,Threshold 8,3,31,15,2,62,60,1.0,,1,34,0,34,0,0,4,,0.03118279569892473,,0.02754237288135593,4.0,4.0,0.0,1.0,0.06451612903225806,0.0
prediction_loss_decoupling,offroute60,offroute60,18,threshold_8,Threshold 8,4,31,15,2,62,60,1.0,,1,34,0,34,0,0,4,,0.03118279569892473,,0.02754237288135593,4.0,4.0,0.0,1.0,0.06451612903225806,0.0
prediction_loss_decoupling,offroute60,offroute60,18,uncertainty_cost_avoidance,Cost avoidance,0,31,15,2,62,60,1.0,,1,37,3,37,0,0,3,,0.03333333333333333,,0.048728813559322036,0.0,0.0,0.0,1.0,0.0,0.0
prediction_loss_decoupling,offroute60,offroute60,18,uncertainty_cost_avoidance,Cost avoidance,1,31,15,2,62,60,1.0,,1,35,1,35,0,0,4,,0.03333333333333333,,0.048728813559322036,0.0,0.0,0.0,1.0,0.0,0.0
prediction_loss_decoupling,offroute60,offroute60,18,uncertainty_cost_avoidance,Cost avoidance,2,31,15,2,62,60,1.0,,1,34,0,34,0,0,4,,0.03333333333333333,,0.048728813559322036,0.0,0.0,0.0,1.0,0.0,0.0
prediction_loss_decoupling,offroute60,offroute60,18,uncertainty_cost_avoidance,Cost avoidance,3,31,15,2,62,60,1.0,,1,34,0,34,0,0,4,,0.03333333333333333,,0.048728813559322036,0.0,0.0,0.0,1.0,0.0,0.0
prediction_loss_decoupling,offroute60,offroute60,18,uncertainty_cost_avoidance,Cost avoidance,4,31,15,2,62,60,1.0,,1,34,0,34,0,0,4,,0.03333333333333333,,0.048728813559322036,0.0,0.0,0.0,1.0,0.0,0.0
prediction_loss_decoupling,offroute60,offroute60,18,ccra_exact_guard,CCRA exact,0,31,15,2,62,60,1.0,,1,37,3,37,0,0,3,,0.031720430107526884,,0.029307909604519775,3.0,3.0,0.0,1.0,0.04838709677419355,0.0
prediction_loss_decoupling,offroute60,offroute60,18,ccra_exact_guard,CCRA exact,1,31,15,2,62,60,1.0,,1,35,1,35,0,0,4,,0.03118279569892473,,0.02754237288135593,4.0,4.0,0.0,1.0,0.06451612903225806,0.0
prediction_loss_decoupling,offroute60,offroute60,18,ccra_exact_guard,CCRA exact,2,31,15,2,62,60,1.0,,1,34,0,34,0,0,4,,0.03118279569892473,,0.02754237288135593,4.0,4.0,0.0,1.0,0.06451612903225806,0.0
prediction_loss_decoupling,offroute60,offroute60,18,ccra_exact_guard,CCRA exact,3,31,15,2,62,60,1.0,,1,34,0,34,0,0,4,,0.03118279569892473,,0.02754237288135593,4.0,4.0,0.0,1.0,0.06451612903225806,0.0
prediction_loss_decoupling,offroute60,offroute60,18,ccra_exact_guard,CCRA exact,4,31,15,2,62,60,1.0,,1,34,0,34,0,0,4,,0.03118279569892473,,0.02754237288135593,4.0,4.0,0.0,1.0,0.06451612903225806,0.0
prediction_loss_decoupling,offroute60,offroute60,18,ccra_row_guard,CCRA row,0,31,15,2,62,60,1.0,,1,59,9,59,0,0,9,,0.14408602150537633,,0.4067796610169492,270.0,32.0,238.0,0.11851851851851852,0.5161290322580645,0.8814814814814815
prediction_loss_decoupling,offroute60,offroute60,18,ccra_row_guard,CCRA row,1,31,15,2,62,60,1.0,,1,49,5,49,0,0,14,,0.2,,0.4435028248587571,420.0,55.0,365.0,0.13095238095238096,0.8870967741935484,0.8690476190476191
prediction_loss_decoupling,offroute60,offroute60,18,ccra_row_guard,CCRA row,2,31,15,2,62,60,1.0,,0,9,1,10,0,0,15,,0.2086021505376344,,0.4491525423728814,450.0,62.0,388.0,0.13777777777777778,1.0,0.8622222222222222
prediction_loss_decoupling,offroute60,offroute60,18,ccra_row_guard,CCRA row,3,31,15,2,62,60,1.0,,0,0,0,1,0,0,15,,0.2086021505376344,,0.4491525423728814,450.0,62.0,388.0,0.13777777777777778,1.0,0.8622222222222222
prediction_loss_decoupling,offroute60,offroute60,18,ccra_row_guard,CCRA row,4,31,15,2,62,60,1.0,,0,0,0,1,0,0,15,,0.2086021505376344,,0.4491525423728814,450.0,62.0,388.0,0.13777777777777778,1.0,0.8622222222222222
prediction_loss_decoupling,offroute60,offroute60,18,global_action_repair,Global action,0,31,15,2,62,60,1.0,,0,10,3,11,0,0,1,,0.2086021505376344,,0.4491525423728814,450.0,62.0,388.0,0.13777777777777778,1.0,0.8622222222222222
prediction_loss_decoupling,offroute60,offroute60,18,global_action_repair,Global action,1,31,15,2,62,60,1.0,,0,0,0,1,0,0,1,,0.2086021505376344,,0.4491525423728814,450.0,62.0,388.0,0.13777777777777778,1.0,0.8622222222222222
prediction_loss_decoupling,offroute60,offroute60,18,global_action_repair,Global action,2,31,15,2,62,60,1.0,,0,0,0,1,0,0,1,,0.2086021505376344,,0.4491525423728814,450.0,62.0,388.0,0.13777777777777778,1.0,0.8622222222222222
prediction_loss_decoupling,offroute60,offroute60,18,global_action_repair,Global action,3,31,15,2,62,60,1.0,,0,0,0,1,0,0,1,,0.2086021505376344,,0.4491525423728814,450.0,62.0,388.0,0.13777777777777778,1.0,0.8622222222222222
prediction_loss_decoupling,offroute60,offroute60,18,global_action_repair,Global action,4,31,15,2,62,60,1.0,,0,0,0,1,0,0,1,,0.2086021505376344,,0.4491525423728814,450.0,62.0,388.0,0.13777777777777778,1.0,0.8622222222222222
prediction_loss_decoupling,offroute60,offroute60,18,oracle_fault_model,Oracle,0,31,15,2,62,60,1.0,,1,34,0,34,0,0,0,,0.0,,0.0,62.0,62.0,0.0,1.0,1.0,0.0
prediction_loss_decoupling,offroute60,offroute60,18,oracle_fault_model,Oracle,1,31,15,2,62,60,1.0,,1,34,0,34,0,0,0,,0.0,,0.0,62.0,62.0,0.0,1.0,1.0,0.0
prediction_loss_decoupling,offroute60,offroute60,18,oracle_fault_model,Oracle,2,31,15,2,62,60,1.0,,1,34,0,34,0,0,0,,0.0,,0.0,62.0,62.0,0.0,1.0,1.0,0.0
prediction_loss_decoupling,offroute60,offroute60,18,oracle_fault_model,Oracle,3,31,15,2,62,60,1.0,,1,34,0,34,0,0,0,,0.0,,0.0,62.0,62.0,0.0,1.0,1.0,0.0
prediction_loss_decoupling,offroute60,offroute60,18,oracle_fault_model,Oracle,4,31,15,2,62,60,1.0,,1,34,0,34,0,0,0,,0.0,,0.0,62.0,62.0,0.0,1.0,1.0,0.0
prediction_loss_decoupling,offroute60,offroute60,19,nominal_no_repair,Nominal,0,31,15,2,62,60,1.0,,0,180,175,6,0,1,0,,0.03333333333333333,,0.048728813559322036,0.0,0.0,0.0,1.0,0.0,0.0
prediction_loss_decoupling,offroute60,offroute60,19,nominal_no_repair,Nominal,1,31,15,2,62,60,1.0,,0,180,175,6,0,1,0,,0.03333333333333333,,0.048728813559322036,0.0,0.0,0.0,1.0,0.0,0.0
prediction_loss_decoupling,offroute60,offroute60,19,nominal_no_repair,Nominal,2,31,15,2,62,60,1.0,,0,180,175,6,0,1,0,,0.03333333333333333,,0.048728813559322036,0.0,0.0,0.0,1.0,0.0,0.0
prediction_loss_decoupling,offroute60,offroute60,19,nominal_no_repair,Nominal,3,31,15,2,62,60,1.0,,0,180,175,6,0,1,0,,0.03333333333333333,,0.048728813559322036,0.0,0.0,0.0,1.0,0.0,0.0
prediction_loss_decoupling,offroute60,offroute60,19,nominal_no_repair,Nominal,4,31,15,2,62,60,1.0,,0,180,175,6,0,1,0,,0.03333333333333333,,0.048728813559322036,0.0,0.0,0.0,1.0,0.0,0.0
prediction_loss_decoupling,offroute60,offroute60,19,shield_only,Shield only,0,31,15,2,62,60,1.0,,0,180,175,7,1,1,1,,0.03333333333333333,,0.048728813559322036,0.0,0.0,0.0,1.0,0.0,0.0
prediction_loss_decoupling,offroute60,offroute60,19,shield_only,Shield only,1,31,15,2,62,60,1.0,,0,180,175,6,1,1,1,,0.03333333333333333,,0.048728813559322036,0.0,0.0,0.0,1.0,0.0,0.0
prediction_loss_decoupling,offroute60,offroute60,19,shield_only,Shield only,2,31,15,2,62,60,1.0,,0,180,175,6,1,1,1,,0.03333333333333333,,0.048728813559322036,0.0,0.0,0.0,1.0,0.0,0.0
prediction_loss_decoupling,offroute60,offroute60,19,shield_only,Shield only,3,31,15,2,62,60,1.0,,0,180,175,6,1,1,1,,0.03333333333333333,,0.048728813559322036,0.0,0.0,0.0,1.0,0.0,0.0
prediction_loss_decoupling,offroute60,offroute60,19,shield_only,Shield only,4,31,15,2,62,60,1.0,,0,180,175,6,1,1,1,,0.03333333333333333,,0.048728813559322036,0.0,0.0,0.0,1.0,0.0,0.0
prediction_loss_decoupling,offroute60,offroute60,19,batch_episode_retrain,Batch episode,0,31,15,2,62,60,1.0,,0,180,175,6,0,1,0,,0.03333333333333333,,0.048728813559322036,0.0,0.0,0.0,1.0,0.0,0.0
prediction_loss_decoupling,offroute60,offroute60,19,batch_episode_retrain,Batch episode,1,31,15,2,62,60,1.0,,0,180,171,10,0,1,1,,0.032795698924731186,,0.039901129943502825,1.0,1.0,0.0,1.0,0.016129032258064516,0.0
prediction_loss_decoupling,offroute60,offroute60,19,batch_episode_retrain,Batch episode,2,31,15,2,62,60,1.0,,1,32,0,32,0,0,2,,0.03225806451612903,,0.038135593220338986,2.0,2.0,0.0,1.0,0.03225806451612903,0.0
prediction_loss_decoupling,offroute60,offroute60,19,batch_episode_retrain,Batch episode,3,31,15,2,62,60,1.0,,1,32,0,32,0,0,2,,0.03225806451612903,,0.038135593220338986,2.0,2.0,0.0,1.0,0.03225806451612903,0.0
prediction_loss_decoupling,offroute60,offroute60,19,batch_episode_retrain,Batch episode,4,31,15,2,62,60,1.0,,1,32,0,32,0,0,2,,0.03225806451612903,,0.038135593220338986,2.0,2.0,0.0,1.0,0.03225806451612903,0.0
prediction_loss_decoupling,offroute60,offroute60,19,threshold_8,Threshold 8,0,31,15,2,62,60,1.0,,1,48,16,48,0,0,2,,0.03225806451612903,,0.038135593220338986,2.0,2.0,0.0,1.0,0.03225806451612903,0.0
prediction_loss_decoupling,offroute60,offroute60,19,threshold_8,Threshold 8,1,31,15,2,62,60,1.0,,1,32,0,32,0,0,2,,0.03225806451612903,,0.038135593220338986,2.0,2.0,0.0,1.0,0.03225806451612903,0.0
prediction_loss_decoupling,offroute60,offroute60,19,threshold_8,Threshold 8,2,31,15,2,62,60,1.0,,1,32,0,32,0,0,2,,0.03225806451612903,,0.038135593220338986,2.0,2.0,0.0,1.0,0.03225806451612903,0.0
prediction_loss_decoupling,offroute60,offroute60,19,threshold_8,Threshold 8,3,31,15,2,62,60,1.0,,1,32,0,32,0,0,2,,0.03225806451612903,,0.038135593220338986,2.0,2.0,0.0,1.0,0.03225806451612903,0.0
prediction_loss_decoupling,offroute60,offroute60,19,threshold_8,Threshold 8,4,31,15,2,62,60,1.0,,1,32,0,32,0,0,2,,0.03225806451612903,,0.038135593220338986,2.0,2.0,0.0,1.0,0.03225806451612903,0.0
prediction_loss_decoupling,offroute60,offroute60,19,uncertainty_cost_avoidance,Cost avoidance,0,31,15,2,62,60,1.0,,1,34,2,34,0,0,2,,0.03333333333333333,,0.048728813559322036,0.0,0.0,0.0,1.0,0.0,0.0
prediction_loss_decoupling,offroute60,offroute60,19,uncertainty_cost_avoidance,Cost avoidance,1,31,15,2,62,60,1.0,,1,32,0,32,0,0,2,,0.03333333333333333,,0.048728813559322036,0.0,0.0,0.0,1.0,0.0,0.0
prediction_loss_decoupling,offroute60,offroute60,19,uncertainty_cost_avoidance,Cost avoidance,2,31,15,2,62,60,1.0,,1,32,0,32,0,0,2,,0.03333333333333333,,0.048728813559322036,0.0,0.0,0.0,1.0,0.0,0.0
prediction_loss_decoupling,offroute60,offroute60,19,uncertainty_cost_avoidance,Cost avoidance,3,31,15,2,62,60,1.0,,1,32,0,32,0,0,2,,0.03333333333333333,,0.048728813559322036,0.0,0.0,0.0,1.0,0.0,0.0
prediction_loss_decoupling,offroute60,offroute60,19,uncertainty_cost_avoidance,Cost avoidance,4,31,15,2,62,60,1.0,,1,32,0,32,0,0,2,,0.03333333333333333,,0.048728813559322036,0.0,0.0,0.0,1.0,0.0,0.0
prediction_loss_decoupling,offroute60,offroute60,19,ccra_exact_guard,CCRA exact,0,31,15,2,62,60,1.0,,1,34,2,34,0,0,2,,0.03225806451612903,,0.038135593220338986,2.0,2.0,0.0,1.0,0.03225806451612903,0.0
prediction_loss_decoupling,offroute60,offroute60,19,ccra_exact_guard,CCRA exact,1,31,15,2,62,60,1.0,,1,32,0,32,0,0,2,,0.03225806451612903,,0.038135593220338986,2.0,2.0,0.0,1.0,0.03225806451612903,0.0
prediction_loss_decoupling,offroute60,offroute60,19,ccra_exact_guard,CCRA exact,2,31,15,2,62,60,1.0,,1,32,0,32,0,0,2,,0.03225806451612903,,0.038135593220338986,2.0,2.0,0.0,1.0,0.03225806451612903,0.0
prediction_loss_decoupling,offroute60,offroute60,19,ccra_exact_guard,CCRA exact,3,31,15,2,62,60,1.0,,1,32,0,32,0,0,2,,0.03225806451612903,,0.038135593220338986,2.0,2.0,0.0,1.0,0.03225806451612903,0.0
prediction_loss_decoupling,offroute60,offroute60,19,ccra_exact_guard,CCRA exact,4,31,15,2,62,60,1.0,,1,32,0,32,0,0,2,,0.03225806451612903,,0.038135593220338986,2.0,2.0,0.0,1.0,0.03225806451612903,0.0
prediction_loss_decoupling,offroute60,offroute60,19,ccra_row_guard,CCRA row,0,31,15,2,62,60,1.0,,1,42,4,42,0,0,4,,0.08064516129032258,,0.3651129943502825,120.0,16.0,104.0,0.13333333333333333,0.25806451612903225,0.8666666666666667
prediction_loss_decoupling,offroute60,offroute60,19,ccra_row_guard,CCRA row,1,31,15,2,62,60,1.0,,1,40,2,40,0,0,6,,0.1032258064516129,,0.3799435028248588,180.0,25.0,155.0,0.1388888888888889,0.4032258064516129,0.8611111111111112
prediction_loss_decoupling,offroute60,offroute60,19,ccra_row_guard,CCRA row,2,31,15,2,62,60,1.0,,1,48,4,48,0,0,10,,0.14946236559139786,,0.4103107344632768,300.0,42.0,258.0,0.14,0.6774193548387096,0.86
prediction_loss_decoupling,offroute60,offroute60,19,ccra_row_guard,CCRA row,3,31,15,2,62,60,1.0,,1,44,2,44,0,0,12,,0.17204301075268819,,0.4251412429378531,360.0,51.0,309.0,0.14166666666666666,0.8225806451612904,0.8583333333333333
prediction_loss_decoupling,offroute60,offroute60,19,ccra_row_guard,CCRA row,4,31,15,2,62,60,1.0,,0,40,3,41,0,0,15,,0.2086021505376344,,0.4491525423728814,450.0,62.0,388.0,0.13777777777777778,1.0,0.8622222222222222
prediction_loss_decoupling,offroute60,offroute60,19,global_action_repair,Global action,0,31,15,2,62,60,1.0,,0,8,3,9,0,0,1,,0.2086021505376344,,0.4491525423728814,450.0,62.0,388.0,0.13777777777777778,1.0,0.8622222222222222
prediction_loss_decoupling,offroute60,offroute60,19,global_action_repair,Global action,1,31,15,2,62,60,1.0,,0,0,0,1,0,0,1,,0.2086021505376344,,0.4491525423728814,450.0,62.0,388.0,0.13777777777777778,1.0,0.8622222222222222
prediction_loss_decoupling,offroute60,offroute60,19,global_action_repair,Global action,2,31,15,2,62,60,1.0,,0,0,0,1,0,0,1,,0.2086021505376344,,0.4491525423728814,450.0,62.0,388.0,0.13777777777777778,1.0,0.8622222222222222
prediction_loss_decoupling,offroute60,offroute60,19,global_action_repair,Global action,3,31,15,2,62,60,1.0,,0,0,0,1,0,0,1,,0.2086021505376344,,0.4491525423728814,450.0,62.0,388.0,0.13777777777777778,1.0,0.8622222222222222
prediction_loss_decoupling,offroute60,offroute60,19,global_action_repair,Global action,4,31,15,2,62,60,1.0,,0,0,0,1,0,0,1,,0.2086021505376344,,0.4491525423728814,450.0,62.0,388.0,0.13777777777777778,1.0,0.8622222222222222
prediction_loss_decoupling,offroute60,offroute60,19,oracle_fault_model,Oracle,0,31,15,2,62,60,1.0,,1,32,0,32,0,0,0,,0.0,,0.0,62.0,62.0,0.0,1.0,1.0,0.0
prediction_loss_decoupling,offroute60,offroute60,19,oracle_fault_model,Oracle,1,31,15,2,62,60,1.0,,1,32,0,32,0,0,0,,0.0,,0.0,62.0,62.0,0.0,1.0,1.0,0.0
prediction_loss_decoupling,offroute60,offroute60,19,oracle_fault_model,Oracle,2,31,15,2,62,60,1.0,,1,32,0,32,0,0,0,,0.0,,0.0,62.0,62.0,0.0,1.0,1.0,0.0
prediction_loss_decoupling,offroute60,offroute60,19,oracle_fault_model,Oracle,3,31,15,2,62,60,1.0,,1,32,0,32,0,0,0,,0.0,,0.0,62.0,62.0,0.0,1.0,1.0,0.0
prediction_loss_decoupling,offroute60,offroute60,19,oracle_fault_model,Oracle,4,31,15,2,62,60,1.0,,1,32,0,32,0,0,0,,0.0,,0.0,62.0,62.0,0.0,1.0,1.0,0.0
prediction_loss_decoupling,offroute120,offroute120,0,nominal_no_repair,Nominal,0,31,15,2,122,120,1.0,,0,180,164,17,0,1,0,,0.06559139784946237,,0.0925141242937853,0.0,0.0,0.0,1.0,0.0,0.0
prediction_loss_decoupling,offroute120,offroute120,0,nominal_no_repair,Nominal,1,31,15,2,122,120,1.0,,0,180,164,17,0,1,0,,0.06559139784946237,,0.0925141242937853,0.0,0.0,0.0,1.0,0.0,0.0
prediction_loss_decoupling,offroute120,offroute120,0,nominal_no_repair,Nominal,2,31,15,2,122,120,1.0,,0,180,164,17,0,1,0,,0.06559139784946237,,0.0925141242937853,0.0,0.0,0.0,1.0,0.0,0.0
prediction_loss_decoupling,offroute120,offroute120,0,nominal_no_repair,Nominal,3,31,15,2,122,120,1.0,,0,180,164,17,0,1,0,,0.06559139784946237,,0.0925141242937853,0.0,0.0,0.0,1.0,0.0,0.0
prediction_loss_decoupling,offroute120,offroute120,0,nominal_no_repair,Nominal,4,31,15,2,122,120,1.0,,0,180,164,17,0,1,0,,0.06559139784946237,,0.0925141242937853,0.0,0.0,0.0,1.0,0.0,0.0
prediction_loss_decoupling,offroute120,offroute120,0,shield_only,Shield only,0,31,15,2,122,120,1.0,,0,180,164,18,1,1,1,,0.06559139784946237,,0.0925141242937853,0.0,0.0,0.0,1.0,0.0,0.0
prediction_loss_decoupling,offroute120,offroute120,0,shield_only,Shield only,1,31,15,2,122,120,1.0,,0,180,164,17,1,1,1,,0.06559139784946237,,0.0925141242937853,0.0,0.0,0.0,1.0,0.0,0.0
prediction_loss_decoupling,offroute120,offroute120,0,shield_only,Shield only,2,31,15,2,122,120,1.0,,0,180,164,17,1,1,1,,0.06559139784946237,,0.0925141242937853,0.0,0.0,0.0,1.0,0.0,0.0
prediction_loss_decoupling,offroute120,offroute120,0,shield_only,Shield only,3,31,15,2,122,120,1.0,,0,180,164,17,1,1,1,,0.06559139784946237,,0.0925141242937853,0.0,0.0,0.0,1.0,0.0,0.0
prediction_loss_decoupling,offroute120,offroute120,0,shield_only,Shield only,4,31,15,2,122,120,1.0,,0,180,164,17,1,1,1,,0.06559139784946237,,0.0925141242937853,0.0,0.0,0.0,1.0,0.0,0.0
prediction_loss_decoupling,offroute120,offroute120,0,batch_episode_retrain,Batch episode,0,31,15,2,122,120,1.0,,0,180,164,17,0,1,0,,0.06559139784946237,,0.0925141242937853,0.0,0.0,0.0,1.0,0.0,0.0
prediction_loss_decoupling,offroute120,offroute120,0,batch_episode_retrain,Batch episode,1,31,15,2,122,120,1.0,,0,180,163,18,0,1,1,,0.06505376344086021,,0.0836864406779661,1.0,1.0,0.0,1.0,0.00819672131147541,0.0
prediction_loss_decoupling,offroute120,offroute120,0,batch_episode_retrain,Batch episode,2,31,15,2,122,120,1.0,,0,180,161,20,0,1,2,,0.06451612903225806,,0.08192090395480225,2.0,2.0,0.0,1.0,0.01639344262295082,0.0
prediction_loss_decoupling,offroute120,offroute120,0,batch_episode_retrain,Batch episode,3,31,15,2,122,120,1.0,,0,180,153,28,0,1,3,,0.06397849462365592,,0.08015536723163842,3.0,3.0,0.0,1.0,0.02459016393442623,0.0
prediction_loss_decoupling,offroute120,offroute120,0,batch_episode_retrain,Batch episode,4,31,15,2,122,120,1.0,,0,180,152,29,0,1,4,,0.06344086021505377,,0.0713276836158192,4.0,4.0,0.0,1.0,0.03278688524590164,0.0
prediction_loss_decoupling,offroute120,offroute120,0,threshold_8,Threshold 8,0,31,15,2,122,120,1.0,,1,116,72,116,0,0,9,,0.06075268817204301,,0.06673728813559322,9.0,9.0,0.0,1.0,0.07377049180327869,0.0
prediction_loss_decoupling,offroute120,offroute120,0,threshold_8,Threshold 8,1,31,15,2,122,120,1.0,,1,80,40,80,0,0,14,,0.05806451612903226,,0.062146892655367235,14.0,14.0,0.0,1.0,0.11475409836065574,0.0
prediction_loss_decoupling,offroute120,offroute120,0,threshold_8,Threshold 8,2,31,15,2,122,120,1.0,,1,36,0,36,0,0,14,,0.05806451612903226,,0.062146892655367235,14.0,14.0,0.0,1.0,0.11475409836065574,0.0
prediction_loss_decoupling,offroute120,offroute120,0,threshold_8,Threshold 8,3,31,15,2,122,120,1.0,,1,36,0,36,0,0,14,,0.05806451612903226,,0.062146892655367235,14.0,14.0,0.0,1.0,0.11475409836065574,0.0
prediction_loss_decoupling,offroute120,offroute120,0,threshold_8,Threshold 8,4,31,15,2,122,120,1.0,,1,36,0,36,0,0,14,,0.05806451612903226,,0.062146892655367235,14.0,14.0,0.0,1.0,0.11475409836065574,0.0
prediction_loss_decoupling,offroute120,offroute120,0,uncertainty_cost_avoidance,Cost avoidance,0,31,15,2,122,120,1.0,,1,53,9,53,0,0,9,,0.06559139784946237,,0.0925141242937853,0.0,0.0,0.0,1.0,0.0,0.0
prediction_loss_decoupling,offroute120,offroute120,0,uncertainty_cost_avoidance,Cost avoidance,1,31,15,2,122,120,1.0,,1,45,5,45,0,0,14,,0.06559139784946237,,0.0925141242937853,0.0,0.0,0.0,1.0,0.0,0.0
prediction_loss_decoupling,offroute120,offroute120,0,uncertainty_cost_avoidance,Cost avoidance,2,31,15,2,122,120,1.0,,1,36,0,36,0,0,14,,0.06559139784946237,,0.0925141242937853,0.0,0.0,0.0,1.0,0.0,0.0
prediction_loss_decoupling,offroute120,offroute120,0,uncertainty_cost_avoidance,Cost avoidance,3,31,15,2,122,120,1.0,,1,36,0,36,0,0,14,,0.06559139784946237,,0.0925141242937853,0.0,0.0,0.0,1.0,0.0,0.0
prediction_loss_decoupling,offroute120,offroute120,0,uncertainty_cost_avoidance,Cost avoidance,4,31,15,2,122,120,1.0,,1,36,0,36,0,0,14,,0.06559139784946237,,0.0925141242937853,0.0,0.0,0.0,1.0,0.0,0.0
prediction_loss_decoupling,offroute120,offroute120,0,ccra_exact_guard,CCRA exact,0,31,15,2,122,120,1.0,,1,53,9,53,0,0,9,,0.06075268817204301,,0.06673728813559322,9.0,9.0,0.0,1.0,0.07377049180327869,0.0
prediction_loss_decoupling,offroute120,offroute120,0,ccra_exact_guard,CCRA exact,1,31,15,2,122,120,1.0,,1,45,5,45,0,0,14,,0.05806451612903226,,0.062146892655367235,14.0,14.0,0.0,1.0,0.11475409836065574,0.0
prediction_loss_decoupling,offroute120,offroute120,0,ccra_exact_guard,CCRA exact,2,31,15,2,122,120,1.0,,1,36,0,36,0,0,14,,0.05806451612903226,,0.062146892655367235,14.0,14.0,0.0,1.0,0.11475409836065574,0.0
prediction_loss_decoupling,offroute120,offroute120,0,ccra_exact_guard,CCRA exact,3,31,15,2,122,120,1.0,,1,36,0,36,0,0,14,,0.05806451612903226,,0.062146892655367235,14.0,14.0,0.0,1.0,0.11475409836065574,0.0
prediction_loss_decoupling,offroute120,offroute120,0,ccra_exact_guard,CCRA exact,4,31,15,2,122,120,1.0,,1,36,0,36,0,0,14,,0.05806451612903226,,0.062146892655367235,14.0,14.0,0.0,1.0,0.11475409836065574,0.0
prediction_loss_decoupling,offroute120,offroute120,0,ccra_row_guard,CCRA row,0,31,15,2,122,120,1.0,,1,54,8,54,0,0,8,,0.11505376344086021,,0.3651129943502825,240.0,74.0,166.0,0.30833333333333335,0.6065573770491803,0.6916666666666667
prediction_loss_decoupling,offroute120,offroute120,0,ccra_row_guard,CCRA row,1,31,15,2,122,120,1.0,,1,40,2,40,0,0,10,,0.13333333333333333,,0.3771186440677966,300.0,87.0,213.0,0.29,0.7131147540983607,0.71
prediction_loss_decoupling,offroute120,offroute120,0,ccra_row_guard,CCRA row,2,31,15,2,122,120,1.0,,0,34,5,35,0,0,15,,0.17634408602150536,,0.4053672316384181,450.0,122.0,328.0,0.27111111111111114,1.0,0.7288888888888889
prediction_loss_decoupling,offroute120,offroute120,0,ccra_row_guard,CCRA row,3,31,15,2,122,120,1.0,,0,0,0,1,0,0,15,,0.17634408602150536,,0.4053672316384181,450.0,122.0,328.0,0.27111111111111114,1.0,0.7288888888888889
prediction_loss_decoupling,offroute120,offroute120,0,ccra_row_guard,CCRA row,4,31,15,2,122,120,1.0,,0,0,0,1,0,0,15,,0.17634408602150536,,0.4053672316384181,450.0,122.0,328.0,0.27111111111111114,1.0,0.7288888888888889
prediction_loss_decoupling,offroute120,offroute120,0,global_action_repair,Global action,0,31,15,2,122,120,1.0,,0,19,3,20,0,0,1,,0.17634408602150536,,0.4053672316384181,450.0,122.0,328.0,0.27111111111111114,1.0,0.7288888888888889
prediction_loss_decoupling,offroute120,offroute120,0,global_action_repair,Global action,1,31,15,2,122,120,1.0,,0,0,0,1,0,0,1,,0.17634408602150536,,0.4053672316384181,450.0,122.0,328.0,0.27111111111111114,1.0,0.7288888888888889
prediction_loss_decoupling,offroute120,offroute120,0,global_action_repair,Global action,2,31,15,2,122,120,1.0,,0,0,0,1,0,0,1,,0.17634408602150536,,0.4053672316384181,450.0,122.0,328.0,0.27111111111111114,1.0,0.7288888888888889
prediction_loss_decoupling,offroute120,offroute120,0,global_action_repair,Global action,3,31,15,2,122,120,1.0,,0,0,0,1,0,0,1,,0.17634408602150536,,0.4053672316384181,450.0,122.0,328.0,0.27111111111111114,1.0,0.7288888888888889
prediction_loss_decoupling,offroute120,offroute120,0,global_action_repair,Global action,4,31,15,2,122,120,1.0,,0,0,0,1,0,0,1,,0.17634408602150536,,0.4053672316384181,450.0,122.0,328.0,0.27111111111111114,1.0,0.7288888888888889
prediction_loss_decoupling,offroute120,offroute120,0,oracle_fault_model,Oracle,0,31,15,2,122,120,1.0,,1,36,0,36,0,0,0,,0.0,,0.0,122.0,122.0,0.0,1.0,1.0,0.0
prediction_loss_decoupling,offroute120,offroute120,0,oracle_fault_model,Oracle,1,31,15,2,122,120,1.0,,1,36,0,36,0,0,0,,0.0,,0.0,122.0,122.0,0.0,1.0,1.0,0.0
prediction_loss_decoupling,offroute120,offroute120,0,oracle_fault_model,Oracle,2,31,15,2,122,120,1.0,,1,36,0,36,0,0,0,,0.0,,0.0,122.0,122.0,0.0,1.0,1.0,0.0
prediction_loss_decoupling,offroute120,offroute120,0,oracle_fault_model,Oracle,3,31,15,2,122,120,1.0,,1,36,0,36,0,0,0,,0.0,,0.0,122.0,122.0,0.0,1.0,1.0,0.0
prediction_loss_decoupling,offroute120,offroute120,0,oracle_fault_model,Oracle,4,31,15,2,122,120,1.0,,1,36,0,36,0,0,0,,0.0,,0.0,122.0,122.0,0.0,1.0,1.0,0.0
prediction_loss_decoupling,offroute120,offroute120,1,nominal_no_repair,Nominal,0,31,15,2,122,120,1.0,,0,180,167,14,0,1,0,,0.06559139784946237,,0.0826271186440678,0.0,0.0,0.0,1.0,0.0,0.0
prediction_loss_decoupling,offroute120,offroute120,1,nominal_no_repair,Nominal,1,31,15,2,122,120,1.0,,0,180,167,14,0,1,0,,0.06559139784946237,,0.0826271186440678,0.0,0.0,0.0,1.0,0.0,0.0
prediction_loss_decoupling,offroute120,offroute120,1,nominal_no_repair,Nominal,2,31,15,2,122,120,1.0,,0,180,167,14,0,1,0,,0.06559139784946237,,0.0826271186440678,0.0,0.0,0.0,1.0,0.0,0.0
prediction_loss_decoupling,offroute120,offroute120,1,nominal_no_repair,Nominal,3,31,15,2,122,120,1.0,,0,180,167,14,0,1,0,,0.06559139784946237,,0.0826271186440678,0.0,0.0,0.0,1.0,0.0,0.0
prediction_loss_decoupling,offroute120,offroute120,1,nominal_no_repair,Nominal,4,31,15,2,122,120,1.0,,0,180,167,14,0,1,0,,0.06559139784946237,,0.0826271186440678,0.0,0.0,0.0,1.0,0.0,0.0
prediction_loss_decoupling,offroute120,offroute120,1,shield_only,Shield only,0,31,15,2,122,120,1.0,,0,180,167,15,1,1,1,,0.06559139784946237,,0.0826271186440678,0.0,0.0,0.0,1.0,0.0,0.0
prediction_loss_decoupling,offroute120,offroute120,1,shield_only,Shield only,1,31,15,2,122,120,1.0,,0,180,167,14,1,1,1,,0.06559139784946237,,0.0826271186440678,0.0,0.0,0.0,1.0,0.0,0.0
prediction_loss_decoupling,offroute120,offroute120,1,shield_only,Shield only,2,31,15,2,122,120,1.0,,0,180,167,14,1,1,1,,0.06559139784946237,,0.0826271186440678,0.0,0.0,0.0,1.0,0.0,0.0
prediction_loss_decoupling,offroute120,offroute120,1,shield_only,Shield only,3,31,15,2,122,120,1.0,,0,180,167,14,1,1,1,,0.06559139784946237,,0.0826271186440678,0.0,0.0,0.0,1.0,0.0,0.0
prediction_loss_decoupling,offroute120,offroute120,1,shield_only,Shield only,4,31,15,2,122,120,1.0,,0,180,167,14,1,1,1,,0.06559139784946237,,0.0826271186440678,0.0,0.0,0.0,1.0,0.0,0.0
prediction_loss_decoupling,offroute120,offroute120,1,batch_episode_retrain,Batch episode,0,31,15,2,122,120,1.0,,0,180,167,14,0,1,0,,0.06559139784946237,,0.0826271186440678,0.0,0.0,0.0,1.0,0.0,0.0
prediction_loss_decoupling,offroute120,offroute120,1,batch_episode_retrain,Batch episode,1,31,15,2,122,120,1.0,,0,180,163,18,0,1,1,,0.06505376344086021,,0.0737994350282486,1.0,1.0,0.0,1.0,0.00819672131147541,0.0
prediction_loss_decoupling,offroute120,offroute120,1,batch_episode_retrain,Batch episode,2,31,15,2,122,120,1.0,,0,180,160,21,0,1,2,,0.06451612903225806,,0.07203389830508475,2.0,2.0,0.0,1.0,0.01639344262295082,0.0
prediction_loss_decoupling,offroute120,offroute120,1,batch_episode_retrain,Batch episode,3,31,15,2,122,120,1.0,,0,180,164,17,0,1,3,,0.06397849462365592,,0.06320621468926553,3.0,3.0,0.0,1.0,0.02459016393442623,0.0
prediction_loss_decoupling,offroute120,offroute120,1,batch_episode_retrain,Batch episode,4,31,15,2,122,120,1.0,,0,180,152,29,0,1,4,,0.06344086021505377,,0.0614406779661017,4.0,4.0,0.0,1.0,0.03278688524590164,0.0
prediction_loss_decoupling,offroute120,offroute120,1,threshold_8,Threshold 8,0,31,15,2,122,120,1.0,,1,66,32,66,0,0,4,,0.06344086021505377,,0.0614406779661017,4.0,4.0,0.0,1.0,0.03278688524590164,0.0
prediction_loss_decoupling,offroute120,offroute120,1,threshold_8,Threshold 8,1,31,15,2,122,120,1.0,,1,42,8,42,0,0,5,,0.06290322580645161,,0.05967514124293785,5.0,5.0,0.0,1.0,0.040983606557377046,0.0
prediction_loss_decoupling,offroute120,offroute120,1,threshold_8,Threshold 8,2,31,15,2,122,120,1.0,,1,34,0,34,0,0,5,,0.06290322580645161,,0.05967514124293785,5.0,5.0,0.0,1.0,0.040983606557377046,0.0
prediction_loss_decoupling,offroute120,offroute120,1,threshold_8,Threshold 8,3,31,15,2,122,120,1.0,,1,34,0,34,0,0,5,,0.06290322580645161,,0.05967514124293785,5.0,5.0,0.0,1.0,0.040983606557377046,0.0
prediction_loss_decoupling,offroute120,offroute120,1,threshold_8,Threshold 8,4,31,15,2,122,120,1.0,,1,34,0,34,0,0,5,,0.06290322580645161,,0.05967514124293785,5.0,5.0,0.0,1.0,0.040983606557377046,0.0
prediction_loss_decoupling,offroute120,offroute120,1,uncertainty_cost_avoidance,Cost avoidance,0,31,15,2,122,120,1.0,,1,38,4,38,0,0,4,,0.06559139784946237,,0.0826271186440678,0.0,0.0,0.0,1.0,0.0,0.0
prediction_loss_decoupling,offroute120,offroute120,1,uncertainty_cost_avoidance,Cost avoidance,1,31,15,2,122,120,1.0,,1,35,1,35,0,0,5,,0.06559139784946237,,0.0826271186440678,0.0,0.0,0.0,1.0,0.0,0.0
prediction_loss_decoupling,offroute120,offroute120,1,uncertainty_cost_avoidance,Cost avoidance,2,31,15,2,122,120,1.0,,1,34,0,34,0,0,5,,0.06559139784946237,,0.0826271186440678,0.0,0.0,0.0,1.0,0.0,0.0
prediction_loss_decoupling,offroute120,offroute120,1,uncertainty_cost_avoidance,Cost avoidance,3,31,15,2,122,120,1.0,,1,34,0,34,0,0,5,,0.06559139784946237,,0.0826271186440678,0.0,0.0,0.0,1.0,0.0,0.0
prediction_loss_decoupling,offroute120,offroute120,1,uncertainty_cost_avoidance,Cost avoidance,4,31,15,2,122,120,1.0,,1,34,0,34,0,0,5,,0.06559139784946237,,0.0826271186440678,0.0,0.0,0.0,1.0,0.0,0.0
prediction_loss_decoupling,offroute120,offroute120,1,ccra_exact_guard,CCRA exact,0,31,15,2,122,120,1.0,,1,38,4,38,0,0,4,,0.06344086021505377,,0.0614406779661017,4.0,4.0,0.0,1.0,0.03278688524590164,0.0
prediction_loss_decoupling,offroute120,offroute120,1,ccra_exact_guard,CCRA exact,1,31,15,2,122,120,1.0,,1,35,1,35,0,0,5,,0.06290322580645161,,0.05967514124293785,5.0,5.0,0.0,1.0,0.040983606557377046,0.0
prediction_loss_decoupling,offroute120,offroute120,1,ccra_exact_guard,CCRA exact,2,31,15,2,122,120,1.0,,1,34,0,34,0,0,5,,0.06290322580645161,,0.05967514124293785,5.0,5.0,0.0,1.0,0.040983606557377046,0.0
prediction_loss_decoupling,offroute120,offroute120,1,ccra_exact_guard,CCRA exact,3,31,15,2,122,120,1.0,,1,34,0,34,0,0,5,,0.06290322580645161,,0.05967514124293785,5.0,5.0,0.0,1.0,0.040983606557377046,0.0
prediction_loss_decoupling,offroute120,offroute120,1,ccra_exact_guard,CCRA exact,4,31,15,2,122,120,1.0,,1,34,0,34,0,0,5,,0.06290322580645161,,0.05967514124293785,5.0,5.0,0.0,1.0,0.040983606557377046,0.0
prediction_loss_decoupling,offroute120,offroute120,1,ccra_row_guard,CCRA row,0,31,15,2,122,120,1.0,,1,45,5,45,0,0,5,,0.11397849462365592,,0.3742937853107345,150.0,30.0,120.0,0.2,0.2459016393442623,0.8
prediction_loss_decoupling,offroute120,offroute120,1,ccra_row_guard,CCRA row,1,31,15,2,122,120,1.0,,0,40,10,41,0,0,15,,0.17634408602150536,,0.4152542372881356,450.0,122.0,328.0,0.27111111111111114,1.0,0.7288888888888889
prediction_loss_decoupling,offroute120,offroute120,1,ccra_row_guard,CCRA row,2,31,15,2,122,120,1.0,,0,0,0,1,0,0,15,,0.17634408602150536,,0.4152542372881356,450.0,122.0,328.0,0.27111111111111114,1.0,0.7288888888888889
prediction_loss_decoupling,offroute120,offroute120,1,ccra_row_guard,CCRA row,3,31,15,2,122,120,1.0,,0,0,0,1,0,0,15,,0.17634408602150536,,0.4152542372881356,450.0,122.0,328.0,0.27111111111111114,1.0,0.7288888888888889
prediction_loss_decoupling,offroute120,offroute120,1,ccra_row_guard,CCRA row,4,31,15,2,122,120,1.0,,0,0,0,1,0,0,15,,0.17634408602150536,,0.4152542372881356,450.0,122.0,328.0,0.27111111111111114,1.0,0.7288888888888889
prediction_loss_decoupling,offroute120,offroute120,1,global_action_repair,Global action,0,31,15,2,122,120,1.0,,0,16,3,17,0,0,1,,0.17634408602150536,,0.4152542372881356,450.0,122.0,328.0,0.27111111111111114,1.0,0.7288888888888889
prediction_loss_decoupling,offroute120,offroute120,1,global_action_repair,Global action,1,31,15,2,122,120,1.0,,0,0,0,1,0,0,1,,0.17634408602150536,,0.4152542372881356,450.0,122.0,328.0,0.27111111111111114,1.0,0.7288888888888889
prediction_loss_decoupling,offroute120,offroute120,1,global_action_repair,Global action,2,31,15,2,122,120,1.0,,0,0,0,1,0,0,1,,0.17634408602150536,,0.4152542372881356,450.0,122.0,328.0,0.27111111111111114,1.0,0.7288888888888889
prediction_loss_decoupling,offroute120,offroute120,1,global_action_repair,Global action,3,31,15,2,122,120,1.0,,0,0,0,1,0,0,1,,0.17634408602150536,,0.4152542372881356,450.0,122.0,328.0,0.27111111111111114,1.0,0.7288888888888889
prediction_loss_decoupling,offroute120,offroute120,1,global_action_repair,Global action,4,31,15,2,122,120,1.0,,0,0,0,1,0,0,1,,0.17634408602150536,,0.4152542372881356,450.0,122.0,328.0,0.27111111111111114,1.0,0.7288888888888889
prediction_loss_decoupling,offroute120,offroute120,1,oracle_fault_model,Oracle,0,31,15,2,122,120,1.0,,1,34,0,34,0,0,0,,0.0,,0.0,122.0,122.0,0.0,1.0,1.0,0.0
prediction_loss_decoupling,offroute120,offroute120,1,oracle_fault_model,Oracle,1,31,15,2,122,120,1.0,,1,34,0,34,0,0,0,,0.0,,0.0,122.0,122.0,0.0,1.0,1.0,0.0
prediction_loss_decoupling,offroute120,offroute120,1,oracle_fault_model,Oracle,2,31,15,2,122,120,1.0,,1,34,0,34,0,0,0,,0.0,,0.0,122.0,122.0,0.0,1.0,1.0,0.0
prediction_loss_decoupling,offroute120,offroute120,1,oracle_fault_model,Oracle,3,31,15,2,122,120,1.0,,1,34,0,34,0,0,0,,0.0,,0.0,122.0,122.0,0.0,1.0,1.0,0.0
prediction_loss_decoupling,offroute120,offroute120,1,oracle_fault_model,Oracle,4,31,15,2,122,120,1.0,,1,34,0,34,0,0,0,,0.0,,0.0,122.0,122.0,0.0,1.0,1.0,0.0
prediction_loss_decoupling,offroute120,offroute120,2,nominal_no_repair,Nominal,0,31,15,2,122,120,1.0,,0,180,175,6,0,1,0,,0.06559139784946237,,0.07838983050847458,0.0,0.0,0.0,1.0,0.0,0.0
prediction_loss_decoupling,offroute120,offroute120,2,nominal_no_repair,Nominal,1,31,15,2,122,120,1.0,,0,180,175,6,0,1,0,,0.06559139784946237,,0.07838983050847458,0.0,0.0,0.0,1.0,0.0,0.0
prediction_loss_decoupling,offroute120,offroute120,2,nominal_no_repair,Nominal,2,31,15,2,122,120,1.0,,0,180,175,6,0,1,0,,0.06559139784946237,,0.07838983050847458,0.0,0.0,0.0,1.0,0.0,0.0
prediction_loss_decoupling,offroute120,offroute120,2,nominal_no_repair,Nominal,3,31,15,2,122,120,1.0,,0,180,175,6,0,1,0,,0.06559139784946237,,0.07838983050847458,0.0,0.0,0.0,1.0,0.0,0.0
prediction_loss_decoupling,offroute120,offroute120,2,nominal_no_repair,Nominal,4,31,15,2,122,120,1.0,,0,180,175,6,0,1,0,,0.06559139784946237,,0.07838983050847458,0.0,0.0,0.0,1.0,0.0,0.0
prediction_loss_decoupling,offroute120,offroute120,2,shield_only,Shield only,0,31,15,2,122,120,1.0,,0,180,175,7,1,1,1,,0.06559139784946237,,0.07838983050847458,0.0,0.0,0.0,1.0,0.0,0.0
prediction_loss_decoupling,offroute120,offroute120,2,shield_only,Shield only,1,31,15,2,122,120,1.0,,0,180,175,6,1,1,1,,0.06559139784946237,,0.07838983050847458,0.0,0.0,0.0,1.0,0.0,0.0
prediction_loss_decoupling,offroute120,offroute120,2,shield_only,Shield only,2,31,15,2,122,120,1.0,,0,180,175,6,1,1,1,,0.06559139784946237,,0.07838983050847458,0.0,0.0,0.0,1.0,0.0,0.0
prediction_loss_decoupling,offroute120,offroute120,2,shield_only,Shield only,3,31,15,2,122,120,1.0,,0,180,175,6,1,1,1,,0.06559139784946237,,0.07838983050847458,0.0,0.0,0.0,1.0,0.0,0.0
prediction_loss_decoupling,offroute120,offroute120,2,shield_only,Shield only,4,31,15,2,122,120,1.0,,0,180,175,6,1,1,1,,0.06559139784946237,,0.07838983050847458,0.0,0.0,0.0,1.0,0.0,0.0
prediction_loss_decoupling,offroute120,offroute120,2,batch_episode_retrain,Batch episode,0,31,15,2,122,120,1.0,,0,180,175,6,0,1,0,,0.06559139784946237,,0.07838983050847458,0.0,0.0,0.0,1.0,0.0,0.0
prediction_loss_decoupling,offroute120,offroute120,2,batch_episode_retrain,Batch episode,1,31,15,2,122,120,1.0,,0,180,172,9,0,1,1,,0.06505376344086021,,0.06956214689265537,1.0,1.0,0.0,1.0,0.00819672131147541,0.0
prediction_loss_decoupling,offroute120,offroute120,2,batch_episode_retrain,Batch episode,2,31,15,2,122,120,1.0,,0,180,169,12,0,1,2,,0.06451612903225806,,0.06779661016949153,2.0,2.0,0.0,1.0,0.01639344262295082,0.0
prediction_loss_decoupling,offroute120,offroute120,2,batch_episode_retrain,Batch episode,3,31,15,2,122,120,1.0,,0,180,171,10,0,1,3,,0.06397849462365592,,0.058968926553672314,3.0,3.0,0.0,1.0,0.02459016393442623,0.0
prediction_loss_decoupling,offroute120,offroute120,2,batch_episode_retrain,Batch episode,4,31,15,2,122,120,1.0,,0,180,165,16,0,1,4,,0.06344086021505377,,0.057203389830508475,4.0,4.0,0.0,1.0,0.03278688524590164,0.0
prediction_loss_decoupling,offroute120,offroute120,2,threshold_8,Threshold 8,0,31,15,2,122,120,1.0,,1,66,32,66,0,0,4,,0.06344086021505377,,0.057203389830508475,4.0,4.0,0.0,1.0,0.03278688524590164,0.0
prediction_loss_decoupling,offroute120,offroute120,2,threshold_8,Threshold 8,1,31,15,2,122,120,1.0,,1,42,8,42,0,0,5,,0.06290322580645161,,0.055437853107344635,5.0,5.0,0.0,1.0,0.040983606557377046,0.0
prediction_loss_decoupling,offroute120,offroute120,2,threshold_8,Threshold 8,2,31,15,2,122,120,1.0,,1,34,0,34,0,0,5,,0.06290322580645161,,0.055437853107344635,5.0,5.0,0.0,1.0,0.040983606557377046,0.0
prediction_loss_decoupling,offroute120,offroute120,2,threshold_8,Threshold 8,3,31,15,2,122,120,1.0,,1,34,0,34,0,0,5,,0.06290322580645161,,0.055437853107344635,5.0,5.0,0.0,1.0,0.040983606557377046,0.0
prediction_loss_decoupling,offroute120,offroute120,2,threshold_8,Threshold 8,4,31,15,2,122,120,1.0,,1,34,0,34,0,0,5,,0.06290322580645161,,0.055437853107344635,5.0,5.0,0.0,1.0,0.040983606557377046,0.0
prediction_loss_decoupling,offroute120,offroute120,2,uncertainty_cost_avoidance,Cost avoidance,0,31,15,2,122,120,1.0,,1,38,4,38,0,0,4,,0.06559139784946237,,0.07838983050847458,0.0,0.0,0.0,1.0,0.0,0.0
prediction_loss_decoupling,offroute120,offroute120,2,uncertainty_cost_avoidance,Cost avoidance,1,31,15,2,122,120,1.0,,1,35,1,35,0,0,5,,0.06559139784946237,,0.07838983050847458,0.0,0.0,0.0,1.0,0.0,0.0
prediction_loss_decoupling,offroute120,offroute120,2,uncertainty_cost_avoidance,Cost avoidance,2,31,15,2,122,120,1.0,,1,34,0,34,0,0,5,,0.06559139784946237,,0.07838983050847458,0.0,0.0,0.0,1.0,0.0,0.0
prediction_loss_decoupling,offroute120,offroute120,2,uncertainty_cost_avoidance,Cost avoidance,3,31,15,2,122,120,1.0,,1,34,0,34,0,0,5,,0.06559139784946237,,0.07838983050847458,0.0,0.0,0.0,1.0,0.0,0.0
prediction_loss_decoupling,offroute120,offroute120,2,uncertainty_cost_avoidance,Cost avoidance,4,31,15,2,122,120,1.0,,1,34,0,34,0,0,5,,0.06559139784946237,,0.07838983050847458,0.0,0.0,0.0,1.0,0.0,0.0
prediction_loss_decoupling,offroute120,offroute120,2,ccra_exact_guard,CCRA exact,0,31,15,2,122,120,1.0,,1,38,4,38,0,0,4,,0.06344086021505377,,0.057203389830508475,4.0,4.0,0.0,1.0,0.03278688524590164,0.0
prediction_loss_decoupling,offroute120,offroute120,2,ccra_exact_guard,CCRA exact,1,31,15,2,122,120,1.0,,1,35,1,35,0,0,5,,0.06290322580645161,,0.055437853107344635,5.0,5.0,0.0,1.0,0.040983606557377046,0.0
prediction_loss_decoupling,offroute120,offroute120,2,ccra_exact_guard,CCRA exact,2,31,15,2,122,120,1.0,,1,34,0,34,0,0,5,,0.06290322580645161,,0.055437853107344635,5.0,5.0,0.0,1.0,0.040983606557377046,0.0
prediction_loss_decoupling,offroute120,offroute120,2,ccra_exact_guard,CCRA exact,3,31,15,2,122,120,1.0,,1,34,0,34,0,0,5,,0.06290322580645161,,0.055437853107344635,5.0,5.0,0.0,1.0,0.040983606557377046,0.0
prediction_loss_decoupling,offroute120,offroute120,2,ccra_exact_guard,CCRA exact,4,31,15,2,122,120,1.0,,1,34,0,34,0,0,5,,0.06290322580645161,,0.055437853107344635,5.0,5.0,0.0,1.0,0.040983606557377046,0.0
prediction_loss_decoupling,offroute120,offroute120,2,ccra_row_guard,CCRA row,0,31,15,2,122,120,1.0,,1,59,9,59,0,0,9,,0.14193548387096774,,0.3968926553672316,270.0,64.0,206.0,0.23703703703703705,0.5245901639344263,0.762962962962963
prediction_loss_decoupling,offroute120,offroute120,2,ccra_row_guard,CCRA row,1,31,15,2,122,120,1.0,,0,26,6,27,0,0,15,,0.17634408602150536,,0.4194915254237288,450.0,122.0,328.0,0.27111111111111114,1.0,0.7288888888888889
prediction_loss_decoupling,offroute120,offroute120,2,ccra_row_guard,CCRA row,2,31,15,2,122,120,1.0,,0,0,0,1,0,0,15,,0.17634408602150536,,0.4194915254237288,450.0,122.0,328.0,0.27111111111111114,1.0,0.7288888888888889
prediction_loss_decoupling,offroute120,offroute120,2,ccra_row_guard,CCRA row,3,31,15,2,122,120,1.0,,0,0,0,1,0,0,15,,0.17634408602150536,,0.4194915254237288,450.0,122.0,328.0,0.27111111111111114,1.0,0.7288888888888889
prediction_loss_decoupling,offroute120,offroute120,2,ccra_row_guard,CCRA row,4,31,15,2,122,120,1.0,,0,0,0,1,0,0,15,,0.17634408602150536,,0.4194915254237288,450.0,122.0,328.0,0.27111111111111114,1.0,0.7288888888888889
prediction_loss_decoupling,offroute120,offroute120,2,global_action_repair,Global action,0,31,15,2,122,120,1.0,,0,8,3,9,0,0,1,,0.17634408602150536,,0.4194915254237288,450.0,122.0,328.0,0.27111111111111114,1.0,0.7288888888888889
prediction_loss_decoupling,offroute120,offroute120,2,global_action_repair,Global action,1,31,15,2,122,120,1.0,,0,0,0,1,0,0,1,,0.17634408602150536,,0.4194915254237288,450.0,122.0,328.0,0.27111111111111114,1.0,0.7288888888888889
prediction_loss_decoupling,offroute120,offroute120,2,global_action_repair,Global action,2,31,15,2,122,120,1.0,,0,0,0,1,0,0,1,,0.17634408602150536,,0.4194915254237288,450.0,122.0,328.0,0.27111111111111114,1.0,0.7288888888888889
prediction_loss_decoupling,offroute120,offroute120,2,global_action_repair,Global action,3,31,15,2,122,120,1.0,,0,0,0,1,0,0,1,,0.17634408602150536,,0.4194915254237288,450.0,122.0,328.0,0.27111111111111114,1.0,0.7288888888888889
prediction_loss_decoupling,offroute120,offroute120,2,global_action_repair,Global action,4,31,15,2,122,120,1.0,,0,0,0,1,0,0,1,,0.17634408602150536,,0.4194915254237288,450.0,122.0,328.0,0.27111111111111114,1.0,0.7288888888888889
prediction_loss_decoupling,offroute120,offroute120,2,oracle_fault_model,Oracle,0,31,15,2,122,120,1.0,,1,34,0,34,0,0,0,,0.0,,0.0,122.0,122.0,0.0,1.0,1.0,0.0
prediction_loss_decoupling,offroute120,offroute120,2,oracle_fault_model,Oracle,1,31,15,2,122,120,1.0,,1,34,0,34,0,0,0,,0.0,,0.0,122.0,122.0,0.0,1.0,1.0,0.0
prediction_loss_decoupling,offroute120,offroute120,2,oracle_fault_model,Oracle,2,31,15,2,122,120,1.0,,1,34,0,34,0,0,0,,0.0,,0.0,122.0,122.0,0.0,1.0,1.0,0.0
prediction_loss_decoupling,offroute120,offroute120,2,oracle_fault_model,Oracle,3,31,15,2,122,120,1.0,,1,34,0,34,0,0,0,,0.0,,0.0,122.0,122.0,0.0,1.0,1.0,0.0
prediction_loss_decoupling,offroute120,offroute120,2,oracle_fault_model,Oracle,4,31,15,2,122,120,1.0,,1,34,0,34,0,0,0,,0.0,,0.0,122.0,122.0,0.0,1.0,1.0,0.0
prediction_loss_decoupling,offroute120,offroute120,3,nominal_no_repair,Nominal,0,31,15,2,122,120,1.0,,0,180,173,8,0,1,0,,0.06559139784946237,,0.08403954802259887,0.0,0.0,0.0,1.0,0.0,0.0
prediction_loss_decoupling,offroute120,offroute120,3,nominal_no_repair,Nominal,1,31,15,2,122,120,1.0,,0,180,173,8,0,1,0,,0.06559139784946237,,0.08403954802259887,0.0,0.0,0.0,1.0,0.0,0.0
prediction_loss_decoupling,offroute120,offroute120,3,nominal_no_repair,Nominal,2,31,15,2,122,120,1.0,,0,180,173,8,0,1,0,,0.06559139784946237,,0.08403954802259887,0.0,0.0,0.0,1.0,0.0,0.0
prediction_loss_decoupling,offroute120,offroute120,3,nominal_no_repair,Nominal,3,31,15,2,122,120,1.0,,0,180,173,8,0,1,0,,0.06559139784946237,,0.08403954802259887,0.0,0.0,0.0,1.0,0.0,0.0
prediction_loss_decoupling,offroute120,offroute120,3,nominal_no_repair,Nominal,4,31,15,2,122,120,1.0,,0,180,173,8,0,1,0,,0.06559139784946237,,0.08403954802259887,0.0,0.0,0.0,1.0,0.0,0.0
prediction_loss_decoupling,offroute120,offroute120,3,shield_only,Shield only,0,31,15,2,122,120,1.0,,0,180,173,9,1,1,1,,0.06559139784946237,,0.08403954802259887,0.0,0.0,0.0,1.0,0.0,0.0
prediction_loss_decoupling,offroute120,offroute120,3,shield_only,Shield only,1,31,15,2,122,120,1.0,,0,180,173,8,1,1,1,,0.06559139784946237,,0.08403954802259887,0.0,0.0,0.0,1.0,0.0,0.0
prediction_loss_decoupling,offroute120,offroute120,3,shield_only,Shield only,2,31,15,2,122,120,1.0,,0,180,173,8,1,1,1,,0.06559139784946237,,0.08403954802259887,0.0,0.0,0.0,1.0,0.0,0.0
prediction_loss_decoupling,offroute120,offroute120,3,shield_only,Shield only,3,31,15,2,122,120,1.0,,0,180,173,8,1,1,1,,0.06559139784946237,,0.08403954802259887,0.0,0.0,0.0,1.0,0.0,0.0
prediction_loss_decoupling,offroute120,offroute120,3,shield_only,Shield only,4,31,15,2,122,120,1.0,,0,180,173,8,1,1,1,,0.06559139784946237,,0.08403954802259887,0.0,0.0,0.0,1.0,0.0,0.0
prediction_loss_decoupling,offroute120,offroute120,3,batch_episode_retrain,Batch episode,0,31,15,2,122,120,1.0,,0,180,173,8,0,1,0,,0.06559139784946237,,0.08403954802259887,0.0,0.0,0.0,1.0,0.0,0.0
prediction_loss_decoupling,offroute120,offroute120,3,batch_episode_retrain,Batch episode,1,31,15,2,122,120,1.0,,0,180,172,9,0,1,1,,0.06505376344086021,,0.07521186440677965,1.0,1.0,0.0,1.0,0.00819672131147541,0.0
prediction_loss_decoupling,offroute120,offroute120,3,batch_episode_retrain,Batch episode,2,31,15,2,122,120,1.0,,0,180,171,10,0,1,2,,0.06451612903225806,,0.07344632768361582,2.0,2.0,0.0,1.0,0.01639344262295082,0.0
prediction_loss_decoupling,offroute120,offroute120,3,batch_episode_retrain,Batch episode,3,31,15,2,122,120,1.0,,0,180,155,26,0,1,3,,0.06397849462365592,,0.07168079096045198,3.0,3.0,0.0,1.0,0.02459016393442623,0.0
prediction_loss_decoupling,offroute120,offroute120,3,batch_episode_retrain,Batch episode,4,31,15,2,122,120,1.0,,0,180,153,28,0,1,4,,0.06344086021505377,,0.06285310734463277,4.0,4.0,0.0,1.0,0.03278688524590164,0.0
prediction_loss_decoupling,offroute120,offroute120,3,threshold_8,Threshold 8,0,31,15,2,122,120,1.0,,1,76,40,76,0,0,5,,0.06290322580645161,,0.061087570621468926,5.0,5.0,0.0,1.0,0.040983606557377046,0.0
prediction_loss_decoupling,offroute120,offroute120,3,threshold_8,Threshold 8,1,31,15,2,122,120,1.0,,1,34,0,34,0,0,5,,0.06290322580645161,,0.061087570621468926,5.0,5.0,0.0,1.0,0.040983606557377046,0.0
prediction_loss_decoupling,offroute120,offroute120,3,threshold_8,Threshold 8,2,31,15,2,122,120,1.0,,1,34,0,34,0,0,5,,0.06290322580645161,,0.061087570621468926,5.0,5.0,0.0,1.0,0.040983606557377046,0.0
prediction_loss_decoupling,offroute120,offroute120,3,threshold_8,Threshold 8,3,31,15,2,122,120,1.0,,1,34,0,34,0,0,5,,0.06290322580645161,,0.061087570621468926,5.0,5.0,0.0,1.0,0.040983606557377046,0.0
prediction_loss_decoupling,offroute120,offroute120,3,threshold_8,Threshold 8,4,31,15,2,122,120,1.0,,1,34,0,34,0,0,5,,0.06290322580645161,,0.061087570621468926,5.0,5.0,0.0,1.0,0.040983606557377046,0.0
prediction_loss_decoupling,offroute120,offroute120,3,uncertainty_cost_avoidance,Cost avoidance,0,31,15,2,122,120,1.0,,1,41,5,41,0,0,5,,0.06559139784946237,,0.08403954802259887,0.0,0.0,0.0,1.0,0.0,0.0
prediction_loss_decoupling,offroute120,offroute120,3,uncertainty_cost_avoidance,Cost avoidance,1,31,15,2,122,120,1.0,,1,34,0,34,0,0,5,,0.06559139784946237,,0.08403954802259887,0.0,0.0,0.0,1.0,0.0,0.0
prediction_loss_decoupling,offroute120,offroute120,3,uncertainty_cost_avoidance,Cost avoidance,2,31,15,2,122,120,1.0,,1,34,0,34,0,0,5,,0.06559139784946237,,0.08403954802259887,0.0,0.0,0.0,1.0,0.0,0.0
prediction_loss_decoupling,offroute120,offroute120,3,uncertainty_cost_avoidance,Cost avoidance,3,31,15,2,122,120,1.0,,1,34,0,34,0,0,5,,0.06559139784946237,,0.08403954802259887,0.0,0.0,0.0,1.0,0.0,0.0
prediction_loss_decoupling,offroute120,offroute120,3,uncertainty_cost_avoidance,Cost avoidance,4,31,15,2,122,120,1.0,,1,34,0,34,0,0,5,,0.06559139784946237,,0.08403954802259887,0.0,0.0,0.0,1.0,0.0,0.0
prediction_loss_decoupling,offroute120,offroute120,3,ccra_exact_guard,CCRA exact,0,31,15,2,122,120,1.0,,1,41,5,41,0,0,5,,0.06290322580645161,,0.061087570621468926,5.0,5.0,0.0,1.0,0.040983606557377046,0.0
prediction_loss_decoupling,offroute120,offroute120,3,ccra_exact_guard,CCRA exact,1,31,15,2,122,120,1.0,,1,34,0,34,0,0,5,,0.06290322580645161,,0.061087570621468926,5.0,5.0,0.0,1.0,0.040983606557377046,0.0
prediction_loss_decoupling,offroute120,offroute120,3,ccra_exact_guard,CCRA exact,2,31,15,2,122,120,1.0,,1,34,0,34,0,0,5,,0.06290322580645161,,0.061087570621468926,5.0,5.0,0.0,1.0,0.040983606557377046,0.0
prediction_loss_decoupling,offroute120,offroute120,3,ccra_exact_guard,CCRA exact,3,31,15,2,122,120,1.0,,1,34,0,34,0,0,5,,0.06290322580645161,,0.061087570621468926,5.0,5.0,0.0,1.0,0.040983606557377046,0.0
prediction_loss_decoupling,offroute120,offroute120,3,ccra_exact_guard,CCRA exact,4,31,15,2,122,120,1.0,,1,34,0,34,0,0,5,,0.06290322580645161,,0.061087570621468926,5.0,5.0,0.0,1.0,0.040983606557377046,0.0
prediction_loss_decoupling,offroute120,offroute120,3,ccra_row_guard,CCRA row,0,31,15,2,122,120,1.0,,1,51,7,51,0,0,7,,0.11720430107526882,,0.375,210.0,57.0,153.0,0.2714285714285714,0.4672131147540984,0.7285714285714285
prediction_loss_decoupling,offroute120,offroute120,3,ccra_row_guard,CCRA row,1,31,15,2,122,120,1.0,,0,41,8,42,0,0,15,,0.17634408602150536,,0.4138418079096045,450.0,122.0,328.0,0.27111111111111114,1.0,0.7288888888888889
prediction_loss_decoupling,offroute120,offroute120,3,ccra_row_guard,CCRA row,2,31,15,2,122,120,1.0,,0,0,0,1,0,0,15,,0.17634408602150536,,0.4138418079096045,450.0,122.0,328.0,0.27111111111111114,1.0,0.7288888888888889
prediction_loss_decoupling,offroute120,offroute120,3,ccra_row_guard,CCRA row,3,31,15,2,122,120,1.0,,0,0,0,1,0,0,15,,0.17634408602150536,,0.4138418079096045,450.0,122.0,328.0,0.27111111111111114,1.0,0.7288888888888889
prediction_loss_decoupling,offroute120,offroute120,3,ccra_row_guard,CCRA row,4,31,15,2,122,120,1.0,,0,0,0,1,0,0,15,,0.17634408602150536,,0.4138418079096045,450.0,122.0,328.0,0.27111111111111114,1.0,0.7288888888888889
prediction_loss_decoupling,offroute120,offroute120,3,global_action_repair,Global action,0,31,15,2,122,120,1.0,,0,10,3,11,0,0,1,,0.17634408602150536,,0.4138418079096045,450.0,122.0,328.0,0.27111111111111114,1.0,0.7288888888888889
prediction_loss_decoupling,offroute120,offroute120,3,global_action_repair,Global action,1,31,15,2,122,120,1.0,,0,0,0,1,0,0,1,,0.17634408602150536,,0.4138418079096045,450.0,122.0,328.0,0.27111111111111114,1.0,0.7288888888888889
prediction_loss_decoupling,offroute120,offroute120,3,global_action_repair,Global action,2,31,15,2,122,120,1.0,,0,0,0,1,0,0,1,,0.17634408602150536,,0.4138418079096045,450.0,122.0,328.0,0.27111111111111114,1.0,0.7288888888888889
prediction_loss_decoupling,offroute120,offroute120,3,global_action_repair,Global action,3,31,15,2,122,120,1.0,,0,0,0,1,0,0,1,,0.17634408602150536,,0.4138418079096045,450.0,122.0,328.0,0.27111111111111114,1.0,0.7288888888888889
prediction_loss_decoupling,offroute120,offroute120,3,global_action_repair,Global action,4,31,15,2,122,120,1.0,,0,0,0,1,0,0,1,,0.17634408602150536,,0.4138418079096045,450.0,122.0,328.0,0.27111111111111114,1.0,0.7288888888888889
prediction_loss_decoupling,offroute120,offroute120,3,oracle_fault_model,Oracle,0,31,15,2,122,120,1.0,,1,34,0,34,0,0,0,,0.0,,0.0,122.0,122.0,0.0,1.0,1.0,0.0
prediction_loss_decoupling,offroute120,offroute120,3,oracle_fault_model,Oracle,1,31,15,2,122,120,1.0,,1,34,0,34,0,0,0,,0.0,,0.0,122.0,122.0,0.0,1.0,1.0,0.0
prediction_loss_decoupling,offroute120,offroute120,3,oracle_fault_model,Oracle,2,31,15,2,122,120,1.0,,1,34,0,34,0,0,0,,0.0,,0.0,122.0,122.0,0.0,1.0,1.0,0.0
prediction_loss_decoupling,offroute120,offroute120,3,oracle_fault_model,Oracle,3,31,15,2,122,120,1.0,,1,34,0,34,0,0,0,,0.0,,0.0,122.0,122.0,0.0,1.0,1.0,0.0
prediction_loss_decoupling,offroute120,offroute120,3,oracle_fault_model,Oracle,4,31,15,2,122,120,1.0,,1,34,0,34,0,0,0,,0.0,,0.0,122.0,122.0,0.0,1.0,1.0,0.0
prediction_loss_decoupling,offroute120,offroute120,4,nominal_no_repair,Nominal,0,31,15,2,122,120,1.0,,0,180,170,11,0,1,0,,0.06559139784946237,,0.08403954802259887,0.0,0.0,0.0,1.0,0.0,0.0
prediction_loss_decoupling,offroute120,offroute120,4,nominal_no_repair,Nominal,1,31,15,2,122,120,1.0,,0,180,170,11,0,1,0,,0.06559139784946237,,0.08403954802259887,0.0,0.0,0.0,1.0,0.0,0.0
prediction_loss_decoupling,offroute120,offroute120,4,nominal_no_repair,Nominal,2,31,15,2,122,120,1.0,,0,180,170,11,0,1,0,,0.06559139784946237,,0.08403954802259887,0.0,0.0,0.0,1.0,0.0,0.0
prediction_loss_decoupling,offroute120,offroute120,4,nominal_no_repair,Nominal,3,31,15,2,122,120,1.0,,0,180,170,11,0,1,0,,0.06559139784946237,,0.08403954802259887,0.0,0.0,0.0,1.0,0.0,0.0
prediction_loss_decoupling,offroute120,offroute120,4,nominal_no_repair,Nominal,4,31,15,2,122,120,1.0,,0,180,170,11,0,1,0,,0.06559139784946237,,0.08403954802259887,0.0,0.0,0.0,1.0,0.0,0.0
prediction_loss_decoupling,offroute120,offroute120,4,shield_only,Shield only,0,31,15,2,122,120,1.0,,0,180,170,12,1,1,1,,0.06559139784946237,,0.08403954802259887,0.0,0.0,0.0,1.0,0.0,0.0
prediction_loss_decoupling,offroute120,offroute120,4,shield_only,Shield only,1,31,15,2,122,120,1.0,,0,180,170,11,1,1,1,,0.06559139784946237,,0.08403954802259887,0.0,0.0,0.0,1.0,0.0,0.0
prediction_loss_decoupling,offroute120,offroute120,4,shield_only,Shield only,2,31,15,2,122,120,1.0,,0,180,170,11,1,1,1,,0.06559139784946237,,0.08403954802259887,0.0,0.0,0.0,1.0,0.0,0.0
prediction_loss_decoupling,offroute120,offroute120,4,shield_only,Shield only,3,31,15,2,122,120,1.0,,0,180,170,11,1,1,1,,0.06559139784946237,,0.08403954802259887,0.0,0.0,0.0,1.0,0.0,0.0
prediction_loss_decoupling,offroute120,offroute120,4,shield_only,Shield only,4,31,15,2,122,120,1.0,,0,180,170,11,1,1,1,,0.06559139784946237,,0.08403954802259887,0.0,0.0,0.0,1.0,0.0,0.0
prediction_loss_decoupling,offroute120,offroute120,4,batch_episode_retrain,Batch episode,0,31,15,2,122,120,1.0,,0,180,170,11,0,1,0,,0.06559139784946237,,0.08403954802259887,0.0,0.0,0.0,1.0,0.0,0.0
prediction_loss_decoupling,offroute120,offroute120,4,batch_episode_retrain,Batch episode,1,31,15,2,122,120,1.0,,0,180,168,13,0,1,1,,0.06505376344086021,,0.07521186440677965,1.0,1.0,0.0,1.0,0.00819672131147541,0.0
prediction_loss_decoupling,offroute120,offroute120,4,batch_episode_retrain,Batch episode,2,31,15,2,122,120,1.0,,0,180,164,17,0,1,2,,0.06451612903225806,,0.07344632768361582,2.0,2.0,0.0,1.0,0.01639344262295082,0.0
prediction_loss_decoupling,offroute120,offroute120,4,batch_episode_retrain,Batch episode,3,31,15,2,122,120,1.0,,0,180,165,16,0,1,3,,0.06397849462365592,,0.0646186440677966,3.0,3.0,0.0,1.0,0.02459016393442623,0.0
prediction_loss_decoupling,offroute120,offroute120,4,batch_episode_retrain,Batch episode,4,31,15,2,122,120,1.0,,0,180,162,19,0,1,4,,0.06344086021505377,,0.06285310734463277,4.0,4.0,0.0,1.0,0.03278688524590164,0.0
prediction_loss_decoupling,offroute120,offroute120,4,threshold_8,Threshold 8,0,31,15,2,122,120,1.0,,1,66,32,66,0,0,4,,0.06344086021505377,,0.06285310734463277,4.0,4.0,0.0,1.0,0.03278688524590164,0.0
prediction_loss_decoupling,offroute120,offroute120,4,threshold_8,Threshold 8,1,31,15,2,122,120,1.0,,1,42,8,42,0,0,5,,0.06290322580645161,,0.061087570621468926,5.0,5.0,0.0,1.0,0.040983606557377046,0.0
prediction_loss_decoupling,offroute120,offroute120,4,threshold_8,Threshold 8,2,31,15,2,122,120,1.0,,1,34,0,34,0,0,5,,0.06290322580645161,,0.061087570621468926,5.0,5.0,0.0,1.0,0.040983606557377046,0.0
prediction_loss_decoupling,offroute120,offroute120,4,threshold_8,Threshold 8,3,31,15,2,122,120,1.0,,1,34,0,34,0,0,5,,0.06290322580645161,,0.061087570621468926,5.0,5.0,0.0,1.0,0.040983606557377046,0.0
prediction_loss_decoupling,offroute120,offroute120,4,threshold_8,Threshold 8,4,31,15,2,122,120,1.0,,1,34,0,34,0,0,5,,0.06290322580645161,,0.061087570621468926,5.0,5.0,0.0,1.0,0.040983606557377046,0.0
prediction_loss_decoupling,offroute120,offroute120,4,uncertainty_cost_avoidance,Cost avoidance,0,31,15,2,122,120,1.0,,1,38,4,38,0,0,4,,0.06559139784946237,,0.08403954802259887,0.0,0.0,0.0,1.0,0.0,0.0
prediction_loss_decoupling,offroute120,offroute120,4,uncertainty_cost_avoidance,Cost avoidance,1,31,15,2,122,120,1.0,,1,35,1,35,0,0,5,,0.06559139784946237,,0.08403954802259887,0.0,0.0,0.0,1.0,0.0,0.0
prediction_loss_decoupling,offroute120,offroute120,4,uncertainty_cost_avoidance,Cost avoidance,2,31,15,2,122,120,1.0,,1,34,0,34,0,0,5,,0.06559139784946237,,0.08403954802259887,0.0,0.0,0.0,1.0,0.0,0.0
prediction_loss_decoupling,offroute120,offroute120,4,uncertainty_cost_avoidance,Cost avoidance,3,31,15,2,122,120,1.0,,1,34,0,34,0,0,5,,0.06559139784946237,,0.08403954802259887,0.0,0.0,0.0,1.0,0.0,0.0
prediction_loss_decoupling,offroute120,offroute120,4,uncertainty_cost_avoidance,Cost avoidance,4,31,15,2,122,120,1.0,,1,34,0,34,0,0,5,,0.06559139784946237,,0.08403954802259887,0.0,0.0,0.0,1.0,0.0,0.0
prediction_loss_decoupling,offroute120,offroute120,4,ccra_exact_guard,CCRA exact,0,31,15,2,122,120,1.0,,1,38,4,38,0,0,4,,0.06344086021505377,,0.06285310734463277,4.0,4.0,0.0,1.0,0.03278688524590164,0.0
prediction_loss_decoupling,offroute120,offroute120,4,ccra_exact_guard,CCRA exact,1,31,15,2,122,120,1.0,,1,35,1,35,0,0,5,,0.06290322580645161,,0.061087570621468926,5.0,5.0,0.0,1.0,0.040983606557377046,0.0
prediction_loss_decoupling,offroute120,offroute120,4,ccra_exact_guard,CCRA exact,2,31,15,2,122,120,1.0,,1,34,0,34,0,0,5,,0.06290322580645161,,0.061087570621468926,5.0,5.0,0.0,1.0,0.040983606557377046,0.0
prediction_loss_decoupling,offroute120,offroute120,4,ccra_exact_guard,CCRA exact,3,31,15,2,122,120,1.0,,1,34,0,34,0,0,5,,0.06290322580645161,,0.061087570621468926,5.0,5.0,0.0,1.0,0.040983606557377046,0.0
prediction_loss_decoupling,offroute120,offroute120,4,ccra_exact_guard,CCRA exact,4,31,15,2,122,120,1.0,,1,34,0,34,0,0,5,,0.06290322580645161,,0.061087570621468926,5.0,5.0,0.0,1.0,0.040983606557377046,0.0
prediction_loss_decoupling,offroute120,offroute120,4,ccra_row_guard,CCRA row,0,31,15,2,122,120,1.0,,1,54,8,54,0,0,8,,0.13225806451612904,,0.3848870056497175,240.0,58.0,182.0,0.24166666666666667,0.47540983606557374,0.7583333333333333
prediction_loss_decoupling,offroute120,offroute120,4,ccra_row_guard,CCRA row,1,31,15,2,122,120,1.0,,0,46,7,47,0,0,15,,0.17634408602150536,,0.4138418079096045,450.0,122.0,328.0,0.27111111111111114,1.0,0.7288888888888889
prediction_loss_decoupling,offroute120,offroute120,4,ccra_row_guard,CCRA row,2,31,15,2,122,120,1.0,,0,0,0,1,0,0,15,,0.17634408602150536,,0.4138418079096045,450.0,122.0,328.0,0.27111111111111114,1.0,0.7288888888888889
prediction_loss_decoupling,offroute120,offroute120,4,ccra_row_guard,CCRA row,3,31,15,2,122,120,1.0,,0,0,0,1,0,0,15,,0.17634408602150536,,0.4138418079096045,450.0,122.0,328.0,0.27111111111111114,1.0,0.7288888888888889
prediction_loss_decoupling,offroute120,offroute120,4,ccra_row_guard,CCRA row,4,31,15,2,122,120,1.0,,0,0,0,1,0,0,15,,0.17634408602150536,,0.4138418079096045,450.0,122.0,328.0,0.27111111111111114,1.0,0.7288888888888889
prediction_loss_decoupling,offroute120,offroute120,4,global_action_repair,Global action,0,31,15,2,122,120,1.0,,0,13,3,14,0,0,1,,0.17634408602150536,,0.4138418079096045,450.0,122.0,328.0,0.27111111111111114,1.0,0.7288888888888889
prediction_loss_decoupling,offroute120,offroute120,4,global_action_repair,Global action,1,31,15,2,122,120,1.0,,0,0,0,1,0,0,1,,0.17634408602150536,,0.4138418079096045,450.0,122.0,328.0,0.27111111111111114,1.0,0.7288888888888889
prediction_loss_decoupling,offroute120,offroute120,4,global_action_repair,Global action,2,31,15,2,122,120,1.0,,0,0,0,1,0,0,1,,0.17634408602150536,,0.4138418079096045,450.0,122.0,328.0,0.27111111111111114,1.0,0.7288888888888889
prediction_loss_decoupling,offroute120,offroute120,4,global_action_repair,Global action,3,31,15,2,122,120,1.0,,0,0,0,1,0,0,1,,0.17634408602150536,,0.4138418079096045,450.0,122.0,328.0,0.27111111111111114,1.0,0.7288888888888889
prediction_loss_decoupling,offroute120,offroute120,4,global_action_repair,Global action,4,31,15,2,122,120,1.0,,0,0,0,1,0,0,1,,0.17634408602150536,,0.4138418079096045,450.0,122.0,328.0,0.27111111111111114,1.0,0.7288888888888889
prediction_loss_decoupling,offroute120,offroute120,4,oracle_fault_model,Oracle,0,31,15,2,122,120,1.0,,1,34,0,34,0,0,0,,0.0,,0.0,122.0,122.0,0.0,1.0,1.0,0.0
prediction_loss_decoupling,offroute120,offroute120,4,oracle_fault_model,Oracle,1,31,15,2,122,120,1.0,,1,34,0,34,0,0,0,,0.0,,0.0,122.0,122.0,0.0,1.0,1.0,0.0
prediction_loss_decoupling,offroute120,offroute120,4,oracle_fault_model,Oracle,2,31,15,2,122,120,1.0,,1,34,0,34,0,0,0,,0.0,,0.0,122.0,122.0,0.0,1.0,1.0,0.0
prediction_loss_decoupling,offroute120,offroute120,4,oracle_fault_model,Oracle,3,31,15,2,122,120,1.0,,1,34,0,34,0,0,0,,0.0,,0.0,122.0,122.0,0.0,1.0,1.0,0.0
prediction_loss_decoupling,offroute120,offroute120,4,oracle_fault_model,Oracle,4,31,15,2,122,120,1.0,,1,34,0,34,0,0,0,,0.0,,0.0,122.0,122.0,0.0,1.0,1.0,0.0
prediction_loss_decoupling,offroute120,offroute120,5,nominal_no_repair,Nominal,0,31,15,2,122,120,1.0,,0,180,176,5,0,1,0,,0.06559139784946237,,0.07838983050847458,0.0,0.0,0.0,1.0,0.0,0.0
prediction_loss_decoupling,offroute120,offroute120,5,nominal_no_repair,Nominal,1,31,15,2,122,120,1.0,,0,180,176,5,0,1,0,,0.06559139784946237,,0.07838983050847458,0.0,0.0,0.0,1.0,0.0,0.0
prediction_loss_decoupling,offroute120,offroute120,5,nominal_no_repair,Nominal,2,31,15,2,122,120,1.0,,0,180,176,5,0,1,0,,0.06559139784946237,,0.07838983050847458,0.0,0.0,0.0,1.0,0.0,0.0
prediction_loss_decoupling,offroute120,offroute120,5,nominal_no_repair,Nominal,3,31,15,2,122,120,1.0,,0,180,176,5,0,1,0,,0.06559139784946237,,0.07838983050847458,0.0,0.0,0.0,1.0,0.0,0.0
prediction_loss_decoupling,offroute120,offroute120,5,nominal_no_repair,Nominal,4,31,15,2,122,120,1.0,,0,180,176,5,0,1,0,,0.06559139784946237,,0.07838983050847458,0.0,0.0,0.0,1.0,0.0,0.0
prediction_loss_decoupling,offroute120,offroute120,5,shield_only,Shield only,0,31,15,2,122,120,1.0,,0,180,176,6,1,1,1,,0.06559139784946237,,0.07838983050847458,0.0,0.0,0.0,1.0,0.0,0.0
prediction_loss_decoupling,offroute120,offroute120,5,shield_only,Shield only,1,31,15,2,122,120,1.0,,0,180,176,5,1,1,1,,0.06559139784946237,,0.07838983050847458,0.0,0.0,0.0,1.0,0.0,0.0
prediction_loss_decoupling,offroute120,offroute120,5,shield_only,Shield only,2,31,15,2,122,120,1.0,,0,180,176,5,1,1,1,,0.06559139784946237,,0.07838983050847458,0.0,0.0,0.0,1.0,0.0,0.0
prediction_loss_decoupling,offroute120,offroute120,5,shield_only,Shield only,3,31,15,2,122,120,1.0,,0,180,176,5,1,1,1,,0.06559139784946237,,0.07838983050847458,0.0,0.0,0.0,1.0,0.0,0.0
prediction_loss_decoupling,offroute120,offroute120,5,shield_only,Shield only,4,31,15,2,122,120,1.0,,0,180,176,5,1,1,1,,0.06559139784946237,,0.07838983050847458,0.0,0.0,0.0,1.0,0.0,0.0
prediction_loss_decoupling,offroute120,offroute120,5,batch_episode_retrain,Batch episode,0,31,15,2,122,120,1.0,,0,180,176,5,0,1,0,,0.06559139784946237,,0.07838983050847458,0.0,0.0,0.0,1.0,0.0,0.0
prediction_loss_decoupling,offroute120,offroute120,5,batch_episode_retrain,Batch episode,1,31,15,2,122,120,1.0,,0,180,175,6,0,1,1,,0.06505376344086021,,0.06956214689265537,1.0,1.0,0.0,1.0,0.00819672131147541,0.0
prediction_loss_decoupling,offroute120,offroute120,5,batch_episode_retrain,Batch episode,2,31,15,2,122,120,1.0,,0,180,175,6,0,1,2,,0.06451612903225806,,0.06779661016949153,2.0,2.0,0.0,1.0,0.01639344262295082,0.0
prediction_loss_decoupling,offroute120,offroute120,5,batch_episode_retrain,Batch episode,3,31,15,2,122,120,1.0,,0,180,172,9,0,1,3,,0.06397849462365592,,0.06603107344632768,3.0,3.0,0.0,1.0,0.02459016393442623,0.0
prediction_loss_decoupling,offroute120,offroute120,5,batch_episode_retrain,Batch episode,4,31,15,2,122,120,1.0,,0,180,170,11,0,1,4,,0.06344086021505377,,0.06567796610169492,4.0,4.0,0.0,1.0,0.03278688524590164,0.0
prediction_loss_decoupling,offroute120,offroute120,5,threshold_8,Threshold 8,0,31,15,2,122,120,1.0,,1,112,72,112,0,0,9,,0.06075268817204301,,0.05261299435028249,9.0,9.0,0.0,1.0,0.07377049180327869,0.0
prediction_loss_decoupling,offroute120,offroute120,5,threshold_8,Threshold 8,1,31,15,2,122,120,1.0,,1,52,16,52,0,0,11,,0.05967741935483871,,0.050494350282485875,11.0,11.0,0.0,1.0,0.09016393442622951,0.0
prediction_loss_decoupling,offroute120,offroute120,5,threshold_8,Threshold 8,2,31,15,2,122,120,1.0,,1,36,0,36,0,0,11,,0.05967741935483871,,0.050494350282485875,11.0,11.0,0.0,1.0,0.09016393442622951,0.0
prediction_loss_decoupling,offroute120,offroute120,5,threshold_8,Threshold 8,3,31,15,2,122,120,1.0,,1,36,0,36,0,0,11,,0.05967741935483871,,0.050494350282485875,11.0,11.0,0.0,1.0,0.09016393442622951,0.0
prediction_loss_decoupling,offroute120,offroute120,5,threshold_8,Threshold 8,4,31,15,2,122,120,1.0,,1,36,0,36,0,0,11,,0.05967741935483871,,0.050494350282485875,11.0,11.0,0.0,1.0,0.09016393442622951,0.0
prediction_loss_decoupling,offroute120,offroute120,5,uncertainty_cost_avoidance,Cost avoidance,0,31,15,2,122,120,1.0,,1,49,9,49,0,0,9,,0.06559139784946237,,0.07838983050847458,0.0,0.0,0.0,1.0,0.0,0.0
prediction_loss_decoupling,offroute120,offroute120,5,uncertainty_cost_avoidance,Cost avoidance,1,31,15,2,122,120,1.0,,1,38,2,38,0,0,11,,0.06559139784946237,,0.07838983050847458,0.0,0.0,0.0,1.0,0.0,0.0
prediction_loss_decoupling,offroute120,offroute120,5,uncertainty_cost_avoidance,Cost avoidance,2,31,15,2,122,120,1.0,,1,36,0,36,0,0,11,,0.06559139784946237,,0.07838983050847458,0.0,0.0,0.0,1.0,0.0,0.0
prediction_loss_decoupling,offroute120,offroute120,5,uncertainty_cost_avoidance,Cost avoidance,3,31,15,2,122,120,1.0,,1,36,0,36,0,0,11,,0.06559139784946237,,0.07838983050847458,0.0,0.0,0.0,1.0,0.0,0.0
prediction_loss_decoupling,offroute120,offroute120,5,uncertainty_cost_avoidance,Cost avoidance,4,31,15,2,122,120,1.0,,1,36,0,36,0,0,11,,0.06559139784946237,,0.07838983050847458,0.0,0.0,0.0,1.0,0.0,0.0
prediction_loss_decoupling,offroute120,offroute120,5,ccra_exact_guard,CCRA exact,0,31,15,2,122,120,1.0,,1,49,9,49,0,0,9,,0.06075268817204301,,0.05261299435028249,9.0,9.0,0.0,1.0,0.07377049180327869,0.0
prediction_loss_decoupling,offroute120,offroute120,5,ccra_exact_guard,CCRA exact,1,31,15,2,122,120,1.0,,1,38,2,38,0,0,11,,0.05967741935483871,,0.050494350282485875,11.0,11.0,0.0,1.0,0.09016393442622951,0.0
prediction_loss_decoupling,offroute120,offroute120,5,ccra_exact_guard,CCRA exact,2,31,15,2,122,120,1.0,,1,36,0,36,0,0,11,,0.05967741935483871,,0.050494350282485875,11.0,11.0,0.0,1.0,0.09016393442622951,0.0
prediction_loss_decoupling,offroute120,offroute120,5,ccra_exact_guard,CCRA exact,3,31,15,2,122,120,1.0,,1,36,0,36,0,0,11,,0.05967741935483871,,0.050494350282485875,11.0,11.0,0.0,1.0,0.09016393442622951,0.0
prediction_loss_decoupling,offroute120,offroute120,5,ccra_exact_guard,CCRA exact,4,31,15,2,122,120,1.0,,1,36,0,36,0,0,11,,0.05967741935483871,,0.050494350282485875,11.0,11.0,0.0,1.0,0.09016393442622951,0.0
prediction_loss_decoupling,offroute120,offroute120,5,ccra_row_guard,CCRA row,0,31,15,2,122,120,1.0,,0,65,15,66,0,0,15,,0.17634408602150536,,0.4194915254237288,450.0,122.0,328.0,0.27111111111111114,1.0,0.7288888888888889
prediction_loss_decoupling,offroute120,offroute120,5,ccra_row_guard,CCRA row,1,31,15,2,122,120,1.0,,0,0,0,1,0,0,15,,0.17634408602150536,,0.4194915254237288,450.0,122.0,328.0,0.27111111111111114,1.0,0.7288888888888889
prediction_loss_decoupling,offroute120,offroute120,5,ccra_row_guard,CCRA row,2,31,15,2,122,120,1.0,,0,0,0,1,0,0,15,,0.17634408602150536,,0.4194915254237288,450.0,122.0,328.0,0.27111111111111114,1.0,0.7288888888888889
prediction_loss_decoupling,offroute120,offroute120,5,ccra_row_guard,CCRA row,3,31,15,2,122,120,1.0,,0,0,0,1,0,0,15,,0.17634408602150536,,0.4194915254237288,450.0,122.0,328.0,0.27111111111111114,1.0,0.7288888888888889
prediction_loss_decoupling,offroute120,offroute120,5,ccra_row_guard,CCRA row,4,31,15,2,122,120,1.0,,0,0,0,1,0,0,15,,0.17634408602150536,,0.4194915254237288,450.0,122.0,328.0,0.27111111111111114,1.0,0.7288888888888889
prediction_loss_decoupling,offroute120,offroute120,5,global_action_repair,Global action,0,31,15,2,122,120,1.0,,0,7,3,8,0,0,1,,0.17634408602150536,,0.4194915254237288,450.0,122.0,328.0,0.27111111111111114,1.0,0.7288888888888889
prediction_loss_decoupling,offroute120,offroute120,5,global_action_repair,Global action,1,31,15,2,122,120,1.0,,0,0,0,1,0,0,1,,0.17634408602150536,,0.4194915254237288,450.0,122.0,328.0,0.27111111111111114,1.0,0.7288888888888889
prediction_loss_decoupling,offroute120,offroute120,5,global_action_repair,Global action,2,31,15,2,122,120,1.0,,0,0,0,1,0,0,1,,0.17634408602150536,,0.4194915254237288,450.0,122.0,328.0,0.27111111111111114,1.0,0.7288888888888889
prediction_loss_decoupling,offroute120,offroute120,5,global_action_repair,Global action,3,31,15,2,122,120,1.0,,0,0,0,1,0,0,1,,0.17634408602150536,,0.4194915254237288,450.0,122.0,328.0,0.27111111111111114,1.0,0.7288888888888889
prediction_loss_decoupling,offroute120,offroute120,5,global_action_repair,Global action,4,31,15,2,122,120,1.0,,0,0,0,1,0,0,1,,0.17634408602150536,,0.4194915254237288,450.0,122.0,328.0,0.27111111111111114,1.0,0.7288888888888889
prediction_loss_decoupling,offroute120,offroute120,5,oracle_fault_model,Oracle,0,31,15,2,122,120,1.0,,1,36,0,36,0,0,0,,0.0,,0.0,122.0,122.0,0.0,1.0,1.0,0.0
prediction_loss_decoupling,offroute120,offroute120,5,oracle_fault_model,Oracle,1,31,15,2,122,120,1.0,,1,36,0,36,0,0,0,,0.0,,0.0,122.0,122.0,0.0,1.0,1.0,0.0
prediction_loss_decoupling,offroute120,offroute120,5,oracle_fault_model,Oracle,2,31,15,2,122,120,1.0,,1,36,0,36,0,0,0,,0.0,,0.0,122.0,122.0,0.0,1.0,1.0,0.0
prediction_loss_decoupling,offroute120,offroute120,5,oracle_fault_model,Oracle,3,31,15,2,122,120,1.0,,1,36,0,36,0,0,0,,0.0,,0.0,122.0,122.0,0.0,1.0,1.0,0.0
prediction_loss_decoupling,offroute120,offroute120,5,oracle_fault_model,Oracle,4,31,15,2,122,120,1.0,,1,36,0,36,0,0,0,,0.0,,0.0,122.0,122.0,0.0,1.0,1.0,0.0
prediction_loss_decoupling,offroute120,offroute120,6,nominal_no_repair,Nominal,0,31,15,2,122,120,1.0,,0,180,173,8,0,1,0,,0.06559139784946237,,0.0882768361581921,0.0,0.0,0.0,1.0,0.0,0.0
prediction_loss_decoupling,offroute120,offroute120,6,nominal_no_repair,Nominal,1,31,15,2,122,120,1.0,,0,180,173,8,0,1,0,,0.06559139784946237,,0.0882768361581921,0.0,0.0,0.0,1.0,0.0,0.0
prediction_loss_decoupling,offroute120,offroute120,6,nominal_no_repair,Nominal,2,31,15,2,122,120,1.0,,0,180,173,8,0,1,0,,0.06559139784946237,,0.0882768361581921,0.0,0.0,0.0,1.0,0.0,0.0
prediction_loss_decoupling,offroute120,offroute120,6,nominal_no_repair,Nominal,3,31,15,2,122,120,1.0,,0,180,173,8,0,1,0,,0.06559139784946237,,0.0882768361581921,0.0,0.0,0.0,1.0,0.0,0.0
prediction_loss_decoupling,offroute120,offroute120,6,nominal_no_repair,Nominal,4,31,15,2,122,120,1.0,,0,180,173,8,0,1,0,,0.06559139784946237,,0.0882768361581921,0.0,0.0,0.0,1.0,0.0,0.0
prediction_loss_decoupling,offroute120,offroute120,6,shield_only,Shield only,0,31,15,2,122,120,1.0,,0,180,173,9,1,1,1,,0.06559139784946237,,0.0882768361581921,0.0,0.0,0.0,1.0,0.0,0.0
prediction_loss_decoupling,offroute120,offroute120,6,shield_only,Shield only,1,31,15,2,122,120,1.0,,0,180,173,8,1,1,1,,0.06559139784946237,,0.0882768361581921,0.0,0.0,0.0,1.0,0.0,0.0
prediction_loss_decoupling,offroute120,offroute120,6,shield_only,Shield only,2,31,15,2,122,120,1.0,,0,180,173,8,1,1,1,,0.06559139784946237,,0.0882768361581921,0.0,0.0,0.0,1.0,0.0,0.0
prediction_loss_decoupling,offroute120,offroute120,6,shield_only,Shield only,3,31,15,2,122,120,1.0,,0,180,173,8,1,1,1,,0.06559139784946237,,0.0882768361581921,0.0,0.0,0.0,1.0,0.0,0.0
prediction_loss_decoupling,offroute120,offroute120,6,shield_only,Shield only,4,31,15,2,122,120,1.0,,0,180,173,8,1,1,1,,0.06559139784946237,,0.0882768361581921,0.0,0.0,0.0,1.0,0.0,0.0
prediction_loss_decoupling,offroute120,offroute120,6,batch_episode_retrain,Batch episode,0,31,15,2,122,120,1.0,,0,180,173,8,0,1,0,,0.06559139784946237,,0.0882768361581921,0.0,0.0,0.0,1.0,0.0,0.0
prediction_loss_decoupling,offroute120,offroute120,6,batch_episode_retrain,Batch episode,1,31,15,2,122,120,1.0,,0,180,168,13,0,1,1,,0.06505376344086021,,0.07944915254237288,1.0,1.0,0.0,1.0,0.00819672131147541,0.0
prediction_loss_decoupling,offroute120,offroute120,6,batch_episode_retrain,Batch episode,2,31,15,2,122,120,1.0,,1,32,0,32,0,0,2,,0.06451612903225806,,0.07768361581920905,2.0,2.0,0.0,1.0,0.01639344262295082,0.0
prediction_loss_decoupling,offroute120,offroute120,6,batch_episode_retrain,Batch episode,3,31,15,2,122,120,1.0,,1,32,0,32,0,0,2,,0.06451612903225806,,0.07768361581920905,2.0,2.0,0.0,1.0,0.01639344262295082,0.0
prediction_loss_decoupling,offroute120,offroute120,6,batch_episode_retrain,Batch episode,4,31,15,2,122,120,1.0,,1,32,0,32,0,0,2,,0.06451612903225806,,0.07768361581920905,2.0,2.0,0.0,1.0,0.01639344262295082,0.0
prediction_loss_decoupling,offroute120,offroute120,6,threshold_8,Threshold 8,0,31,15,2,122,120,1.0,,1,48,16,48,0,0,2,,0.06451612903225806,,0.07768361581920905,2.0,2.0,0.0,1.0,0.01639344262295082,0.0
prediction_loss_decoupling,offroute120,offroute120,6,threshold_8,Threshold 8,1,31,15,2,122,120,1.0,,1,32,0,32,0,0,2,,0.06451612903225806,,0.07768361581920905,2.0,2.0,0.0,1.0,0.01639344262295082,0.0
prediction_loss_decoupling,offroute120,offroute120,6,threshold_8,Threshold 8,2,31,15,2,122,120,1.0,,1,32,0,32,0,0,2,,0.06451612903225806,,0.07768361581920905,2.0,2.0,0.0,1.0,0.01639344262295082,0.0
prediction_loss_decoupling,offroute120,offroute120,6,threshold_8,Threshold 8,3,31,15,2,122,120,1.0,,1,32,0,32,0,0,2,,0.06451612903225806,,0.07768361581920905,2.0,2.0,0.0,1.0,0.01639344262295082,0.0
prediction_loss_decoupling,offroute120,offroute120,6,threshold_8,Threshold 8,4,31,15,2,122,120,1.0,,1,32,0,32,0,0,2,,0.06451612903225806,,0.07768361581920905,2.0,2.0,0.0,1.0,0.01639344262295082,0.0
prediction_loss_decoupling,offroute120,offroute120,6,uncertainty_cost_avoidance,Cost avoidance,0,31,15,2,122,120,1.0,,1,34,2,34,0,0,2,,0.06559139784946237,,0.0882768361581921,0.0,0.0,0.0,1.0,0.0,0.0
prediction_loss_decoupling,offroute120,offroute120,6,uncertainty_cost_avoidance,Cost avoidance,1,31,15,2,122,120,1.0,,1,32,0,32,0,0,2,,0.06559139784946237,,0.0882768361581921,0.0,0.0,0.0,1.0,0.0,0.0
prediction_loss_decoupling,offroute120,offroute120,6,uncertainty_cost_avoidance,Cost avoidance,2,31,15,2,122,120,1.0,,1,32,0,32,0,0,2,,0.06559139784946237,,0.0882768361581921,0.0,0.0,0.0,1.0,0.0,0.0
prediction_loss_decoupling,offroute120,offroute120,6,uncertainty_cost_avoidance,Cost avoidance,3,31,15,2,122,120,1.0,,1,32,0,32,0,0,2,,0.06559139784946237,,0.0882768361581921,0.0,0.0,0.0,1.0,0.0,0.0
prediction_loss_decoupling,offroute120,offroute120,6,uncertainty_cost_avoidance,Cost avoidance,4,31,15,2,122,120,1.0,,1,32,0,32,0,0,2,,0.06559139784946237,,0.0882768361581921,0.0,0.0,0.0,1.0,0.0,0.0
prediction_loss_decoupling,offroute120,offroute120,6,ccra_exact_guard,CCRA exact,0,31,15,2,122,120,1.0,,1,34,2,34,0,0,2,,0.06451612903225806,,0.07768361581920905,2.0,2.0,0.0,1.0,0.01639344262295082,0.0
prediction_loss_decoupling,offroute120,offroute120,6,ccra_exact_guard,CCRA exact,1,31,15,2,122,120,1.0,,1,32,0,32,0,0,2,,0.06451612903225806,,0.07768361581920905,2.0,2.0,0.0,1.0,0.01639344262295082,0.0
prediction_loss_decoupling,offroute120,offroute120,6,ccra_exact_guard,CCRA exact,2,31,15,2,122,120,1.0,,1,32,0,32,0,0,2,,0.06451612903225806,,0.07768361581920905,2.0,2.0,0.0,1.0,0.01639344262295082,0.0
prediction_loss_decoupling,offroute120,offroute120,6,ccra_exact_guard,CCRA exact,3,31,15,2,122,120,1.0,,1,32,0,32,0,0,2,,0.06451612903225806,,0.07768361581920905,2.0,2.0,0.0,1.0,0.01639344262295082,0.0
prediction_loss_decoupling,offroute120,offroute120,6,ccra_exact_guard,CCRA exact,4,31,15,2,122,120,1.0,,1,32,0,32,0,0,2,,0.06451612903225806,,0.07768361581920905,2.0,2.0,0.0,1.0,0.01639344262295082,0.0
prediction_loss_decoupling,offroute120,offroute120,6,ccra_row_guard,CCRA row,0,31,15,2,122,120,1.0,,0,61,15,62,0,0,15,,0.17634408602150536,,0.4096045197740113,450.0,122.0,328.0,0.27111111111111114,1.0,0.7288888888888889
prediction_loss_decoupling,offroute120,offroute120,6,ccra_row_guard,CCRA row,1,31,15,2,122,120,1.0,,0,0,0,1,0,0,15,,0.17634408602150536,,0.4096045197740113,450.0,122.0,328.0,0.27111111111111114,1.0,0.7288888888888889
prediction_loss_decoupling,offroute120,offroute120,6,ccra_row_guard,CCRA row,2,31,15,2,122,120,1.0,,0,0,0,1,0,0,15,,0.17634408602150536,,0.4096045197740113,450.0,122.0,328.0,0.27111111111111114,1.0,0.7288888888888889
prediction_loss_decoupling,offroute120,offroute120,6,ccra_row_guard,CCRA row,3,31,15,2,122,120,1.0,,0,0,0,1,0,0,15,,0.17634408602150536,,0.4096045197740113,450.0,122.0,328.0,0.27111111111111114,1.0,0.7288888888888889
prediction_loss_decoupling,offroute120,offroute120,6,ccra_row_guard,CCRA row,4,31,15,2,122,120,1.0,,0,0,0,1,0,0,15,,0.17634408602150536,,0.4096045197740113,450.0,122.0,328.0,0.27111111111111114,1.0,0.7288888888888889
prediction_loss_decoupling,offroute120,offroute120,6,global_action_repair,Global action,0,31,15,2,122,120,1.0,,0,10,3,11,0,0,1,,0.17634408602150536,,0.4096045197740113,450.0,122.0,328.0,0.27111111111111114,1.0,0.7288888888888889
prediction_loss_decoupling,offroute120,offroute120,6,global_action_repair,Global action,1,31,15,2,122,120,1.0,,0,0,0,1,0,0,1,,0.17634408602150536,,0.4096045197740113,450.0,122.0,328.0,0.27111111111111114,1.0,0.7288888888888889
prediction_loss_decoupling,offroute120,offroute120,6,global_action_repair,Global action,2,31,15,2,122,120,1.0,,0,0,0,1,0,0,1,,0.17634408602150536,,0.4096045197740113,450.0,122.0,328.0,0.27111111111111114,1.0,0.7288888888888889
prediction_loss_decoupling,offroute120,offroute120,6,global_action_repair,Global action,3,31,15,2,122,120,1.0,,0,0,0,1,0,0,1,,0.17634408602150536,,0.4096045197740113,450.0,122.0,328.0,0.27111111111111114,1.0,0.7288888888888889
prediction_loss_decoupling,offroute120,offroute120,6,global_action_repair,Global action,4,31,15,2,122,120,1.0,,0,0,0,1,0,0,1,,0.17634408602150536,,0.4096045197740113,450.0,122.0,328.0,0.27111111111111114,1.0,0.7288888888888889
prediction_loss_decoupling,offroute120,offroute120,6,oracle_fault_model,Oracle,0,31,15,2,122,120,1.0,,1,32,0,32,0,0,0,,0.0,,0.0,122.0,122.0,0.0,1.0,1.0,0.0
prediction_loss_decoupling,offroute120,offroute120,6,oracle_fault_model,Oracle,1,31,15,2,122,120,1.0,,1,32,0,32,0,0,0,,0.0,,0.0,122.0,122.0,0.0,1.0,1.0,0.0
prediction_loss_decoupling,offroute120,offroute120,6,oracle_fault_model,Oracle,2,31,15,2,122,120,1.0,,1,32,0,32,0,0,0,,0.0,,0.0,122.0,122.0,0.0,1.0,1.0,0.0
prediction_loss_decoupling,offroute120,offroute120,6,oracle_fault_model,Oracle,3,31,15,2,122,120,1.0,,1,32,0,32,0,0,0,,0.0,,0.0,122.0,122.0,0.0,1.0,1.0,0.0
prediction_loss_decoupling,offroute120,offroute120,6,oracle_fault_model,Oracle,4,31,15,2,122,120,1.0,,1,32,0,32,0,0,0,,0.0,,0.0,122.0,122.0,0.0,1.0,1.0,0.0
prediction_loss_decoupling,offroute120,offroute120,7,nominal_no_repair,Nominal,0,31,15,2,122,120,1.0,,0,180,169,12,0,1,0,,0.06559139784946237,,0.09110169491525423,0.0,0.0,0.0,1.0,0.0,0.0
prediction_loss_decoupling,offroute120,offroute120,7,nominal_no_repair,Nominal,1,31,15,2,122,120,1.0,,0,180,169,12,0,1,0,,0.06559139784946237,,0.09110169491525423,0.0,0.0,0.0,1.0,0.0,0.0
prediction_loss_decoupling,offroute120,offroute120,7,nominal_no_repair,Nominal,2,31,15,2,122,120,1.0,,0,180,169,12,0,1,0,,0.06559139784946237,,0.09110169491525423,0.0,0.0,0.0,1.0,0.0,0.0
prediction_loss_decoupling,offroute120,offroute120,7,nominal_no_repair,Nominal,3,31,15,2,122,120,1.0,,0,180,169,12,0,1,0,,0.06559139784946237,,0.09110169491525423,0.0,0.0,0.0,1.0,0.0,0.0
prediction_loss_decoupling,offroute120,offroute120,7,nominal_no_repair,Nominal,4,31,15,2,122,120,1.0,,0,180,169,12,0,1,0,,0.06559139784946237,,0.09110169491525423,0.0,0.0,0.0,1.0,0.0,0.0
prediction_loss_decoupling,offroute120,offroute120,7,shield_only,Shield only,0,31,15,2,122,120,1.0,,0,180,169,13,1,1,1,,0.06559139784946237,,0.09110169491525423,0.0,0.0,0.0,1.0,0.0,0.0
prediction_loss_decoupling,offroute120,offroute120,7,shield_only,Shield only,1,31,15,2,122,120,1.0,,0,180,169,12,1,1,1,,0.06559139784946237,,0.09110169491525423,0.0,0.0,0.0,1.0,0.0,0.0
prediction_loss_decoupling,offroute120,offroute120,7,shield_only,Shield only,2,31,15,2,122,120,1.0,,0,180,169,12,1,1,1,,0.06559139784946237,,0.09110169491525423,0.0,0.0,0.0,1.0,0.0,0.0
prediction_loss_decoupling,offroute120,offroute120,7,shield_only,Shield only,3,31,15,2,122,120,1.0,,0,180,169,12,1,1,1,,0.06559139784946237,,0.09110169491525423,0.0,0.0,0.0,1.0,0.0,0.0
prediction_loss_decoupling,offroute120,offroute120,7,shield_only,Shield only,4,31,15,2,122,120,1.0,,0,180,169,12,1,1,1,,0.06559139784946237,,0.09110169491525423,0.0,0.0,0.0,1.0,0.0,0.0
prediction_loss_decoupling,offroute120,offroute120,7,batch_episode_retrain,Batch episode,0,31,15,2,122,120,1.0,,0,180,169,12,0,1,0,,0.06559139784946237,,0.09110169491525423,0.0,0.0,0.0,1.0,0.0,0.0
prediction_loss_decoupling,offroute120,offroute120,7,batch_episode_retrain,Batch episode,1,31,15,2,122,120,1.0,,0,180,166,15,0,1,1,,0.06505376344086021,,0.08227401129943503,1.0,1.0,0.0,1.0,0.00819672131147541,0.0
prediction_loss_decoupling,offroute120,offroute120,7,batch_episode_retrain,Batch episode,2,31,15,2,122,120,1.0,,0,180,159,22,0,1,2,,0.06451612903225806,,0.08050847457627118,2.0,2.0,0.0,1.0,0.01639344262295082,0.0
prediction_loss_decoupling,offroute120,offroute120,7,batch_episode_retrain,Batch episode,3,31,15,2,122,120,1.0,,0,180,168,13,0,1,3,,0.06397849462365592,,0.07168079096045198,3.0,3.0,0.0,1.0,0.02459016393442623,0.0
prediction_loss_decoupling,offroute120,offroute120,7,batch_episode_retrain,Batch episode,4,31,15,2,122,120,1.0,,0,180,158,23,0,1,4,,0.06344086021505377,,0.06991525423728813,4.0,4.0,0.0,1.0,0.03278688524590164,0.0
prediction_loss_decoupling,offroute120,offroute120,7,threshold_8,Threshold 8,0,31,15,2,122,120,1.0,,1,140,96,140,0,0,12,,0.05913978494623656,,0.06567796610169492,12.0,12.0,0.0,1.0,0.09836065573770492,0.0
prediction_loss_decoupling,offroute120,offroute120,7,threshold_8,Threshold 8,1,31,15,2,122,120,1.0,,1,68,32,68,0,0,16,,0.05698924731182796,,0.06285310734463277,16.0,16.0,0.0,1.0,0.13114754098360656,0.0
prediction_loss_decoupling,offroute120,offroute120,7,threshold_8,Threshold 8,2,31,15,2,122,120,1.0,,1,36,0,36,0,0,16,,0.05698924731182796,,0.06285310734463277,16.0,16.0,0.0,1.0,0.13114754098360656,0.0
prediction_loss_decoupling,offroute120,offroute120,7,threshold_8,Threshold 8,3,31,15,2,122,120,1.0,,1,36,0,36,0,0,16,,0.05698924731182796,,0.06285310734463277,16.0,16.0,0.0,1.0,0.13114754098360656,0.0
prediction_loss_decoupling,offroute120,offroute120,7,threshold_8,Threshold 8,4,31,15,2,122,120,1.0,,1,36,0,36,0,0,16,,0.05698924731182796,,0.06285310734463277,16.0,16.0,0.0,1.0,0.13114754098360656,0.0
prediction_loss_decoupling,offroute120,offroute120,7,uncertainty_cost_avoidance,Cost avoidance,0,31,15,2,122,120,1.0,,1,56,12,56,0,0,12,,0.06559139784946237,,0.09110169491525423,0.0,0.0,0.0,1.0,0.0,0.0
prediction_loss_decoupling,offroute120,offroute120,7,uncertainty_cost_avoidance,Cost avoidance,1,31,15,2,122,120,1.0,,1,40,4,40,0,0,16,,0.06559139784946237,,0.09110169491525423,0.0,0.0,0.0,1.0,0.0,0.0
prediction_loss_decoupling,offroute120,offroute120,7,uncertainty_cost_avoidance,Cost avoidance,2,31,15,2,122,120,1.0,,1,36,0,36,0,0,16,,0.06559139784946237,,0.09110169491525423,0.0,0.0,0.0,1.0,0.0,0.0
prediction_loss_decoupling,offroute120,offroute120,7,uncertainty_cost_avoidance,Cost avoidance,3,31,15,2,122,120,1.0,,1,36,0,36,0,0,16,,0.06559139784946237,,0.09110169491525423,0.0,0.0,0.0,1.0,0.0,0.0
prediction_loss_decoupling,offroute120,offroute120,7,uncertainty_cost_avoidance,Cost avoidance,4,31,15,2,122,120,1.0,,1,36,0,36,0,0,16,,0.06559139784946237,,0.09110169491525423,0.0,0.0,0.0,1.0,0.0,0.0
prediction_loss_decoupling,offroute120,offroute120,7,ccra_exact_guard,CCRA exact,0,31,15,2,122,120,1.0,,1,56,12,56,0,0,12,,0.05913978494623656,,0.06567796610169492,12.0,12.0,0.0,1.0,0.09836065573770492,0.0
prediction_loss_decoupling,offroute120,offroute120,7,ccra_exact_guard,CCRA exact,1,31,15,2,122,120,1.0,,1,40,4,40,0,0,16,,0.05698924731182796,,0.06285310734463277,16.0,16.0,0.0,1.0,0.13114754098360656,0.0
prediction_loss_decoupling,offroute120,offroute120,7,ccra_exact_guard,CCRA exact,2,31,15,2,122,120,1.0,,1,36,0,36,0,0,16,,0.05698924731182796,,0.06285310734463277,16.0,16.0,0.0,1.0,0.13114754098360656,0.0
prediction_loss_decoupling,offroute120,offroute120,7,ccra_exact_guard,CCRA exact,3,31,15,2,122,120,1.0,,1,36,0,36,0,0,16,,0.05698924731182796,,0.06285310734463277,16.0,16.0,0.0,1.0,0.13114754098360656,0.0
prediction_loss_decoupling,offroute120,offroute120,7,ccra_exact_guard,CCRA exact,4,31,15,2,122,120,1.0,,1,36,0,36,0,0,16,,0.05698924731182796,,0.06285310734463277,16.0,16.0,0.0,1.0,0.13114754098360656,0.0
prediction_loss_decoupling,offroute120,offroute120,7,ccra_row_guard,CCRA row,0,31,15,2,122,120,1.0,,1,65,11,65,0,0,11,,0.14408602150537633,,0.3855932203389831,330.0,92.0,238.0,0.2787878787878788,0.7540983606557377,0.7212121212121212
prediction_loss_decoupling,offroute120,offroute120,7,ccra_row_guard,CCRA row,1,31,15,2,122,120,1.0,,0,26,4,27,0,0,15,,0.17634408602150536,,0.4067796610169492,450.0,122.0,328.0,0.27111111111111114,1.0,0.7288888888888889
prediction_loss_decoupling,offroute120,offroute120,7,ccra_row_guard,CCRA row,2,31,15,2,122,120,1.0,,0,0,0,1,0,0,15,,0.17634408602150536,,0.4067796610169492,450.0,122.0,328.0,0.27111111111111114,1.0,0.7288888888888889
prediction_loss_decoupling,offroute120,offroute120,7,ccra_row_guard,CCRA row,3,31,15,2,122,120,1.0,,0,0,0,1,0,0,15,,0.17634408602150536,,0.4067796610169492,450.0,122.0,328.0,0.27111111111111114,1.0,0.7288888888888889
prediction_loss_decoupling,offroute120,offroute120,7,ccra_row_guard,CCRA row,4,31,15,2,122,120,1.0,,0,0,0,1,0,0,15,,0.17634408602150536,,0.4067796610169492,450.0,122.0,328.0,0.27111111111111114,1.0,0.7288888888888889
prediction_loss_decoupling,offroute120,offroute120,7,global_action_repair,Global action,0,31,15,2,122,120,1.0,,0,14,3,15,0,0,1,,0.17634408602150536,,0.4067796610169492,450.0,122.0,328.0,0.27111111111111114,1.0,0.7288888888888889
prediction_loss_decoupling,offroute120,offroute120,7,global_action_repair,Global action,1,31,15,2,122,120,1.0,,0,0,0,1,0,0,1,,0.17634408602150536,,0.4067796610169492,450.0,122.0,328.0,0.27111111111111114,1.0,0.7288888888888889
prediction_loss_decoupling,offroute120,offroute120,7,global_action_repair,Global action,2,31,15,2,122,120,1.0,,0,0,0,1,0,0,1,,0.17634408602150536,,0.4067796610169492,450.0,122.0,328.0,0.27111111111111114,1.0,0.7288888888888889
prediction_loss_decoupling,offroute120,offroute120,7,global_action_repair,Global action,3,31,15,2,122,120,1.0,,0,0,0,1,0,0,1,,0.17634408602150536,,0.4067796610169492,450.0,122.0,328.0,0.27111111111111114,1.0,0.7288888888888889
prediction_loss_decoupling,offroute120,offroute120,7,global_action_repair,Global action,4,31,15,2,122,120,1.0,,0,0,0,1,0,0,1,,0.17634408602150536,,0.4067796610169492,450.0,122.0,328.0,0.27111111111111114,1.0,0.7288888888888889
prediction_loss_decoupling,offroute120,offroute120,7,oracle_fault_model,Oracle,0,31,15,2,122,120,1.0,,1,36,0,36,0,0,0,,0.0,,0.0,122.0,122.0,0.0,1.0,1.0,0.0
prediction_loss_decoupling,offroute120,offroute120,7,oracle_fault_model,Oracle,1,31,15,2,122,120,1.0,,1,36,0,36,0,0,0,,0.0,,0.0,122.0,122.0,0.0,1.0,1.0,0.0
prediction_loss_decoupling,offroute120,offroute120,7,oracle_fault_model,Oracle,2,31,15,2,122,120,1.0,,1,36,0,36,0,0,0,,0.0,,0.0,122.0,122.0,0.0,1.0,1.0,0.0
prediction_loss_decoupling,offroute120,offroute120,7,oracle_fault_model,Oracle,3,31,15,2,122,120,1.0,,1,36,0,36,0,0,0,,0.0,,0.0,122.0,122.0,0.0,1.0,1.0,0.0
prediction_loss_decoupling,offroute120,offroute120,7,oracle_fault_model,Oracle,4,31,15,2,122,120,1.0,,1,36,0,36,0,0,0,,0.0,,0.0,122.0,122.0,0.0,1.0,1.0,0.0
prediction_loss_decoupling,offroute120,offroute120,8,nominal_no_repair,Nominal,0,31,15,2,122,120,1.0,,0,180,178,3,0,1,0,,0.06559139784946237,,0.08968926553672317,0.0,0.0,0.0,1.0,0.0,0.0
prediction_loss_decoupling,offroute120,offroute120,8,nominal_no_repair,Nominal,1,31,15,2,122,120,1.0,,0,180,178,3,0,1,0,,0.06559139784946237,,0.08968926553672317,0.0,0.0,0.0,1.0,0.0,0.0
prediction_loss_decoupling,offroute120,offroute120,8,nominal_no_repair,Nominal,2,31,15,2,122,120,1.0,,0,180,178,3,0,1,0,,0.06559139784946237,,0.08968926553672317,0.0,0.0,0.0,1.0,0.0,0.0
prediction_loss_decoupling,offroute120,offroute120,8,nominal_no_repair,Nominal,3,31,15,2,122,120,1.0,,0,180,178,3,0,1,0,,0.06559139784946237,,0.08968926553672317,0.0,0.0,0.0,1.0,0.0,0.0
prediction_loss_decoupling,offroute120,offroute120,8,nominal_no_repair,Nominal,4,31,15,2,122,120,1.0,,0,180,178,3,0,1,0,,0.06559139784946237,,0.08968926553672317,0.0,0.0,0.0,1.0,0.0,0.0
prediction_loss_decoupling,offroute120,offroute120,8,shield_only,Shield only,0,31,15,2,122,120,1.0,,0,180,178,4,1,1,1,,0.06559139784946237,,0.08968926553672317,0.0,0.0,0.0,1.0,0.0,0.0
prediction_loss_decoupling,offroute120,offroute120,8,shield_only,Shield only,1,31,15,2,122,120,1.0,,0,180,178,3,1,1,1,,0.06559139784946237,,0.08968926553672317,0.0,0.0,0.0,1.0,0.0,0.0
prediction_loss_decoupling,offroute120,offroute120,8,shield_only,Shield only,2,31,15,2,122,120,1.0,,0,180,178,3,1,1,1,,0.06559139784946237,,0.08968926553672317,0.0,0.0,0.0,1.0,0.0,0.0
prediction_loss_decoupling,offroute120,offroute120,8,shield_only,Shield only,3,31,15,2,122,120,1.0,,0,180,178,3,1,1,1,,0.06559139784946237,,0.08968926553672317,0.0,0.0,0.0,1.0,0.0,0.0
prediction_loss_decoupling,offroute120,offroute120,8,shield_only,Shield only,4,31,15,2,122,120,1.0,,0,180,178,3,1,1,1,,0.06559139784946237,,0.08968926553672317,0.0,0.0,0.0,1.0,0.0,0.0
prediction_loss_decoupling,offroute120,offroute120,8,batch_episode_retrain,Batch episode,0,31,15,2,122,120,1.0,,0,180,178,3,0,1,0,,0.06559139784946237,,0.08968926553672317,0.0,0.0,0.0,1.0,0.0,0.0
prediction_loss_decoupling,offroute120,offroute120,8,batch_episode_retrain,Batch episode,1,31,15,2,122,120,1.0,,0,180,177,4,0,1,1,,0.06505376344086021,,0.08086158192090395,1.0,1.0,0.0,1.0,0.00819672131147541,0.0
prediction_loss_decoupling,offroute120,offroute120,8,batch_episode_retrain,Batch episode,2,31,15,2,122,120,1.0,,0,180,170,11,0,1,2,,0.06451612903225806,,0.07909604519774012,2.0,2.0,0.0,1.0,0.01639344262295082,0.0
prediction_loss_decoupling,offroute120,offroute120,8,batch_episode_retrain,Batch episode,3,31,15,2,122,120,1.0,,0,180,156,25,0,1,3,,0.06397849462365592,,0.07733050847457627,3.0,3.0,0.0,1.0,0.02459016393442623,0.0
prediction_loss_decoupling,offroute120,offroute120,8,batch_episode_retrain,Batch episode,4,31,15,2,122,120,1.0,,0,180,154,27,0,1,4,,0.06344086021505377,,0.06850282485875706,4.0,4.0,0.0,1.0,0.03278688524590164,0.0
prediction_loss_decoupling,offroute120,offroute120,8,threshold_8,Threshold 8,0,31,15,2,122,120,1.0,,1,76,40,76,0,0,5,,0.06290322580645161,,0.06673728813559322,5.0,5.0,0.0,1.0,0.040983606557377046,0.0
prediction_loss_decoupling,offroute120,offroute120,8,threshold_8,Threshold 8,1,31,15,2,122,120,1.0,,1,34,0,34,0,0,5,,0.06290322580645161,,0.06673728813559322,5.0,5.0,0.0,1.0,0.040983606557377046,0.0
prediction_loss_decoupling,offroute120,offroute120,8,threshold_8,Threshold 8,2,31,15,2,122,120,1.0,,1,34,0,34,0,0,5,,0.06290322580645161,,0.06673728813559322,5.0,5.0,0.0,1.0,0.040983606557377046,0.0
prediction_loss_decoupling,offroute120,offroute120,8,threshold_8,Threshold 8,3,31,15,2,122,120,1.0,,1,34,0,34,0,0,5,,0.06290322580645161,,0.06673728813559322,5.0,5.0,0.0,1.0,0.040983606557377046,0.0
prediction_loss_decoupling,offroute120,offroute120,8,threshold_8,Threshold 8,4,31,15,2,122,120,1.0,,1,34,0,34,0,0,5,,0.06290322580645161,,0.06673728813559322,5.0,5.0,0.0,1.0,0.040983606557377046,0.0
prediction_loss_decoupling,offroute120,offroute120,8,uncertainty_cost_avoidance,Cost avoidance,0,31,15,2,122,120,1.0,,1,41,5,41,0,0,5,,0.06559139784946237,,0.08968926553672317,0.0,0.0,0.0,1.0,0.0,0.0
prediction_loss_decoupling,offroute120,offroute120,8,uncertainty_cost_avoidance,Cost avoidance,1,31,15,2,122,120,1.0,,1,34,0,34,0,0,5,,0.06559139784946237,,0.08968926553672317,0.0,0.0,0.0,1.0,0.0,0.0
prediction_loss_decoupling,offroute120,offroute120,8,uncertainty_cost_avoidance,Cost avoidance,2,31,15,2,122,120,1.0,,1,34,0,34,0,0,5,,0.06559139784946237,,0.08968926553672317,0.0,0.0,0.0,1.0,0.0,0.0
prediction_loss_decoupling,offroute120,offroute120,8,uncertainty_cost_avoidance,Cost avoidance,3,31,15,2,122,120,1.0,,1,34,0,34,0,0,5,,0.06559139784946237,,0.08968926553672317,0.0,0.0,0.0,1.0,0.0,0.0
prediction_loss_decoupling,offroute120,offroute120,8,uncertainty_cost_avoidance,Cost avoidance,4,31,15,2,122,120,1.0,,1,34,0,34,0,0,5,,0.06559139784946237,,0.08968926553672317,0.0,0.0,0.0,1.0,0.0,0.0
prediction_loss_decoupling,offroute120,offroute120,8,ccra_exact_guard,CCRA exact,0,31,15,2,122,120,1.0,,1,41,5,41,0,0,5,,0.06290322580645161,,0.06673728813559322,5.0,5.0,0.0,1.0,0.040983606557377046,0.0
prediction_loss_decoupling,offroute120,offroute120,8,ccra_exact_guard,CCRA exact,1,31,15,2,122,120,1.0,,1,34,0,34,0,0,5,,0.06290322580645161,,0.06673728813559322,5.0,5.0,0.0,1.0,0.040983606557377046,0.0
prediction_loss_decoupling,offroute120,offroute120,8,ccra_exact_guard,CCRA exact,2,31,15,2,122,120,1.0,,1,34,0,34,0,0,5,,0.06290322580645161,,0.06673728813559322,5.0,5.0,0.0,1.0,0.040983606557377046,0.0
prediction_loss_decoupling,offroute120,offroute120,8,ccra_exact_guard,CCRA exact,3,31,15,2,122,120,1.0,,1,34,0,34,0,0,5,,0.06290322580645161,,0.06673728813559322,5.0,5.0,0.0,1.0,0.040983606557377046,0.0
prediction_loss_decoupling,offroute120,offroute120,8,ccra_exact_guard,CCRA exact,4,31,15,2,122,120,1.0,,1,34,0,34,0,0,5,,0.06290322580645161,,0.06673728813559322,5.0,5.0,0.0,1.0,0.040983606557377046,0.0
prediction_loss_decoupling,offroute120,offroute120,8,ccra_row_guard,CCRA row,0,31,15,2,122,120,1.0,,1,48,6,48,0,0,6,,0.11182795698924732,,0.365819209039548,180.0,47.0,133.0,0.2611111111111111,0.38524590163934425,0.7388888888888889
prediction_loss_decoupling,offroute120,offroute120,8,ccra_row_guard,CCRA row,1,31,15,2,122,120,1.0,,0,51,9,52,0,0,15,,0.17634408602150536,,0.4081920903954802,450.0,122.0,328.0,0.27111111111111114,1.0,0.7288888888888889
prediction_loss_decoupling,offroute120,offroute120,8,ccra_row_guard,CCRA row,2,31,15,2,122,120,1.0,,0,0,0,1,0,0,15,,0.17634408602150536,,0.4081920903954802,450.0,122.0,328.0,0.27111111111111114,1.0,0.7288888888888889
prediction_loss_decoupling,offroute120,offroute120,8,ccra_row_guard,CCRA row,3,31,15,2,122,120,1.0,,0,0,0,1,0,0,15,,0.17634408602150536,,0.4081920903954802,450.0,122.0,328.0,0.27111111111111114,1.0,0.7288888888888889
prediction_loss_decoupling,offroute120,offroute120,8,ccra_row_guard,CCRA row,4,31,15,2,122,120,1.0,,0,0,0,1,0,0,15,,0.17634408602150536,,0.4081920903954802,450.0,122.0,328.0,0.27111111111111114,1.0,0.7288888888888889
prediction_loss_decoupling,offroute120,offroute120,8,global_action_repair,Global action,0,31,15,2,122,120,1.0,,0,5,3,6,0,0,1,,0.17634408602150536,,0.4081920903954802,450.0,122.0,328.0,0.27111111111111114,1.0,0.7288888888888889
prediction_loss_decoupling,offroute120,offroute120,8,global_action_repair,Global action,1,31,15,2,122,120,1.0,,0,0,0,1,0,0,1,,0.17634408602150536,,0.4081920903954802,450.0,122.0,328.0,0.27111111111111114,1.0,0.7288888888888889
prediction_loss_decoupling,offroute120,offroute120,8,global_action_repair,Global action,2,31,15,2,122,120,1.0,,0,0,0,1,0,0,1,,0.17634408602150536,,0.4081920903954802,450.0,122.0,328.0,0.27111111111111114,1.0,0.7288888888888889
prediction_loss_decoupling,offroute120,offroute120,8,global_action_repair,Global action,3,31,15,2,122,120,1.0,,0,0,0,1,0,0,1,,0.17634408602150536,,0.4081920903954802,450.0,122.0,328.0,0.27111111111111114,1.0,0.7288888888888889
prediction_loss_decoupling,offroute120,offroute120,8,global_action_repair,Global action,4,31,15,2,122,120,1.0,,0,0,0,1,0,0,1,,0.17634408602150536,,0.4081920903954802,450.0,122.0,328.0,0.27111111111111114,1.0,0.7288888888888889
prediction_loss_decoupling,offroute120,offroute120,8,oracle_fault_model,Oracle,0,31,15,2,122,120,1.0,,1,34,0,34,0,0,0,,0.0,,0.0,122.0,122.0,0.0,1.0,1.0,0.0
prediction_loss_decoupling,offroute120,offroute120,8,oracle_fault_model,Oracle,1,31,15,2,122,120,1.0,,1,34,0,34,0,0,0,,0.0,,0.0,122.0,122.0,0.0,1.0,1.0,0.0
prediction_loss_decoupling,offroute120,offroute120,8,oracle_fault_model,Oracle,2,31,15,2,122,120,1.0,,1,34,0,34,0,0,0,,0.0,,0.0,122.0,122.0,0.0,1.0,1.0,0.0
prediction_loss_decoupling,offroute120,offroute120,8,oracle_fault_model,Oracle,3,31,15,2,122,120,1.0,,1,34,0,34,0,0,0,,0.0,,0.0,122.0,122.0,0.0,1.0,1.0,0.0
prediction_loss_decoupling,offroute120,offroute120,8,oracle_fault_model,Oracle,4,31,15,2,122,120,1.0,,1,34,0,34,0,0,0,,0.0,,0.0,122.0,122.0,0.0,1.0,1.0,0.0
prediction_loss_decoupling,offroute120,offroute120,9,nominal_no_repair,Nominal,0,31,15,2,122,120,1.0,,0,180,171,10,0,1,0,,0.06559139784946237,,0.0882768361581921,0.0,0.0,0.0,1.0,0.0,0.0
prediction_loss_decoupling,offroute120,offroute120,9,nominal_no_repair,Nominal,1,31,15,2,122,120,1.0,,0,180,171,10,0,1,0,,0.06559139784946237,,0.0882768361581921,0.0,0.0,0.0,1.0,0.0,0.0
prediction_loss_decoupling,offroute120,offroute120,9,nominal_no_repair,Nominal,2,31,15,2,122,120,1.0,,0,180,171,10,0,1,0,,0.06559139784946237,,0.0882768361581921,0.0,0.0,0.0,1.0,0.0,0.0
prediction_loss_decoupling,offroute120,offroute120,9,nominal_no_repair,Nominal,3,31,15,2,122,120,1.0,,0,180,171,10,0,1,0,,0.06559139784946237,,0.0882768361581921,0.0,0.0,0.0,1.0,0.0,0.0
prediction_loss_decoupling,offroute120,offroute120,9,nominal_no_repair,Nominal,4,31,15,2,122,120,1.0,,0,180,171,10,0,1,0,,0.06559139784946237,,0.0882768361581921,0.0,0.0,0.0,1.0,0.0,0.0
prediction_loss_decoupling,offroute120,offroute120,9,shield_only,Shield only,0,31,15,2,122,120,1.0,,0,180,171,11,1,1,1,,0.06559139784946237,,0.0882768361581921,0.0,0.0,0.0,1.0,0.0,0.0
prediction_loss_decoupling,offroute120,offroute120,9,shield_only,Shield only,1,31,15,2,122,120,1.0,,0,180,171,10,1,1,1,,0.06559139784946237,,0.0882768361581921,0.0,0.0,0.0,1.0,0.0,0.0
prediction_loss_decoupling,offroute120,offroute120,9,shield_only,Shield only,2,31,15,2,122,120,1.0,,0,180,171,10,1,1,1,,0.06559139784946237,,0.0882768361581921,0.0,0.0,0.0,1.0,0.0,0.0
prediction_loss_decoupling,offroute120,offroute120,9,shield_only,Shield only,3,31,15,2,122,120,1.0,,0,180,171,10,1,1,1,,0.06559139784946237,,0.0882768361581921,0.0,0.0,0.0,1.0,0.0,0.0
prediction_loss_decoupling,offroute120,offroute120,9,shield_only,Shield only,4,31,15,2,122,120,1.0,,0,180,171,10,1,1,1,,0.06559139784946237,,0.0882768361581921,0.0,0.0,0.0,1.0,0.0,0.0
prediction_loss_decoupling,offroute120,offroute120,9,batch_episode_retrain,Batch episode,0,31,15,2,122,120,1.0,,0,180,171,10,0,1,0,,0.06559139784946237,,0.0882768361581921,0.0,0.0,0.0,1.0,0.0,0.0
prediction_loss_decoupling,offroute120,offroute120,9,batch_episode_retrain,Batch episode,1,31,15,2,122,120,1.0,,0,180,169,12,0,1,1,,0.06505376344086021,,0.07944915254237288,1.0,1.0,0.0,1.0,0.00819672131147541,0.0
prediction_loss_decoupling,offroute120,offroute120,9,batch_episode_retrain,Batch episode,2,31,15,2,122,120,1.0,,0,180,152,29,0,1,2,,0.06451612903225806,,0.07768361581920905,2.0,2.0,0.0,1.0,0.01639344262295082,0.0
prediction_loss_decoupling,offroute120,offroute120,9,batch_episode_retrain,Batch episode,3,31,15,2,122,120,1.0,,0,180,169,12,0,1,3,,0.06397849462365592,,0.06885593220338983,3.0,3.0,0.0,1.0,0.02459016393442623,0.0
prediction_loss_decoupling,offroute120,offroute120,9,batch_episode_retrain,Batch episode,4,31,15,2,122,120,1.0,,0,180,150,31,0,1,4,,0.06344086021505377,,0.067090395480226,4.0,4.0,0.0,1.0,0.03278688524590164,0.0
prediction_loss_decoupling,offroute120,offroute120,9,threshold_8,Threshold 8,0,31,15,2,122,120,1.0,,1,66,32,66,0,0,4,,0.06344086021505377,,0.067090395480226,4.0,4.0,0.0,1.0,0.03278688524590164,0.0
prediction_loss_decoupling,offroute120,offroute120,9,threshold_8,Threshold 8,1,31,15,2,122,120,1.0,,1,42,8,42,0,0,5,,0.06290322580645161,,0.06532485875706215,5.0,5.0,0.0,1.0,0.040983606557377046,0.0
prediction_loss_decoupling,offroute120,offroute120,9,threshold_8,Threshold 8,2,31,15,2,122,120,1.0,,1,34,0,34,0,0,5,,0.06290322580645161,,0.06532485875706215,5.0,5.0,0.0,1.0,0.040983606557377046,0.0
prediction_loss_decoupling,offroute120,offroute120,9,threshold_8,Threshold 8,3,31,15,2,122,120,1.0,,1,34,0,34,0,0,5,,0.06290322580645161,,0.06532485875706215,5.0,5.0,0.0,1.0,0.040983606557377046,0.0
prediction_loss_decoupling,offroute120,offroute120,9,threshold_8,Threshold 8,4,31,15,2,122,120,1.0,,1,34,0,34,0,0,5,,0.06290322580645161,,0.06532485875706215,5.0,5.0,0.0,1.0,0.040983606557377046,0.0
prediction_loss_decoupling,offroute120,offroute120,9,uncertainty_cost_avoidance,Cost avoidance,0,31,15,2,122,120,1.0,,1,38,4,38,0,0,4,,0.06559139784946237,,0.0882768361581921,0.0,0.0,0.0,1.0,0.0,0.0
prediction_loss_decoupling,offroute120,offroute120,9,uncertainty_cost_avoidance,Cost avoidance,1,31,15,2,122,120,1.0,,1,35,1,35,0,0,5,,0.06559139784946237,,0.0882768361581921,0.0,0.0,0.0,1.0,0.0,0.0
prediction_loss_decoupling,offroute120,offroute120,9,uncertainty_cost_avoidance,Cost avoidance,2,31,15,2,122,120,1.0,,1,34,0,34,0,0,5,,0.06559139784946237,,0.0882768361581921,0.0,0.0,0.0,1.0,0.0,0.0
prediction_loss_decoupling,offroute120,offroute120,9,uncertainty_cost_avoidance,Cost avoidance,3,31,15,2,122,120,1.0,,1,34,0,34,0,0,5,,0.06559139784946237,,0.0882768361581921,0.0,0.0,0.0,1.0,0.0,0.0
prediction_loss_decoupling,offroute120,offroute120,9,uncertainty_cost_avoidance,Cost avoidance,4,31,15,2,122,120,1.0,,1,34,0,34,0,0,5,,0.06559139784946237,,0.0882768361581921,0.0,0.0,0.0,1.0,0.0,0.0
prediction_loss_decoupling,offroute120,offroute120,9,ccra_exact_guard,CCRA exact,0,31,15,2,122,120,1.0,,1,38,4,38,0,0,4,,0.06344086021505377,,0.067090395480226,4.0,4.0,0.0,1.0,0.03278688524590164,0.0
prediction_loss_decoupling,offroute120,offroute120,9,ccra_exact_guard,CCRA exact,1,31,15,2,122,120,1.0,,1,35,1,35,0,0,5,,0.06290322580645161,,0.06532485875706215,5.0,5.0,0.0,1.0,0.040983606557377046,0.0
prediction_loss_decoupling,offroute120,offroute120,9,ccra_exact_guard,CCRA exact,2,31,15,2,122,120,1.0,,1,34,0,34,0,0,5,,0.06290322580645161,,0.06532485875706215,5.0,5.0,0.0,1.0,0.040983606557377046,0.0
prediction_loss_decoupling,offroute120,offroute120,9,ccra_exact_guard,CCRA exact,3,31,15,2,122,120,1.0,,1,34,0,34,0,0,5,,0.06290322580645161,,0.06532485875706215,5.0,5.0,0.0,1.0,0.040983606557377046,0.0
prediction_loss_decoupling,offroute120,offroute120,9,ccra_exact_guard,CCRA exact,4,31,15,2,122,120,1.0,,1,34,0,34,0,0,5,,0.06290322580645161,,0.06532485875706215,5.0,5.0,0.0,1.0,0.040983606557377046,0.0
prediction_loss_decoupling,offroute120,offroute120,9,ccra_row_guard,CCRA row,0,31,15,2,122,120,1.0,,1,71,13,71,0,0,13,,0.15698924731182795,,0.3968926553672316,390.0,110.0,280.0,0.28205128205128205,0.9016393442622951,0.717948717948718
prediction_loss_decoupling,offroute120,offroute120,9,ccra_row_guard,CCRA row,1,31,15,2,122,120,1.0,,0,17,2,18,0,0,15,,0.17634408602150536,,0.4096045197740113,450.0,122.0,328.0,0.27111111111111114,1.0,0.7288888888888889
prediction_loss_decoupling,offroute120,offroute120,9,ccra_row_guard,CCRA row,2,31,15,2,122,120,1.0,,0,0,0,1,0,0,15,,0.17634408602150536,,0.4096045197740113,450.0,122.0,328.0,0.27111111111111114,1.0,0.7288888888888889
prediction_loss_decoupling,offroute120,offroute120,9,ccra_row_guard,CCRA row,3,31,15,2,122,120,1.0,,0,0,0,1,0,0,15,,0.17634408602150536,,0.4096045197740113,450.0,122.0,328.0,0.27111111111111114,1.0,0.7288888888888889
prediction_loss_decoupling,offroute120,offroute120,9,ccra_row_guard,CCRA row,4,31,15,2,122,120,1.0,,0,0,0,1,0,0,15,,0.17634408602150536,,0.4096045197740113,450.0,122.0,328.0,0.27111111111111114,1.0,0.7288888888888889
prediction_loss_decoupling,offroute120,offroute120,9,global_action_repair,Global action,0,31,15,2,122,120,1.0,,0,12,3,13,0,0,1,,0.17634408602150536,,0.4096045197740113,450.0,122.0,328.0,0.27111111111111114,1.0,0.7288888888888889
prediction_loss_decoupling,offroute120,offroute120,9,global_action_repair,Global action,1,31,15,2,122,120,1.0,,0,0,0,1,0,0,1,,0.17634408602150536,,0.4096045197740113,450.0,122.0,328.0,0.27111111111111114,1.0,0.7288888888888889
prediction_loss_decoupling,offroute120,offroute120,9,global_action_repair,Global action,2,31,15,2,122,120,1.0,,0,0,0,1,0,0,1,,0.17634408602150536,,0.4096045197740113,450.0,122.0,328.0,0.27111111111111114,1.0,0.7288888888888889
prediction_loss_decoupling,offroute120,offroute120,9,global_action_repair,Global action,3,31,15,2,122,120,1.0,,0,0,0,1,0,0,1,,0.17634408602150536,,0.4096045197740113,450.0,122.0,328.0,0.27111111111111114,1.0,0.7288888888888889
prediction_loss_decoupling,offroute120,offroute120,9,global_action_repair,Global action,4,31,15,2,122,120,1.0,,0,0,0,1,0,0,1,,0.17634408602150536,,0.4096045197740113,450.0,122.0,328.0,0.27111111111111114,1.0,0.7288888888888889
prediction_loss_decoupling,offroute120,offroute120,9,oracle_fault_model,Oracle,0,31,15,2,122,120,1.0,,1,34,0,34,0,0,0,,0.0,,0.0,122.0,122.0,0.0,1.0,1.0,0.0
prediction_loss_decoupling,offroute120,offroute120,9,oracle_fault_model,Oracle,1,31,15,2,122,120,1.0,,1,34,0,34,0,0,0,,0.0,,0.0,122.0,122.0,0.0,1.0,1.0,0.0
prediction_loss_decoupling,offroute120,offroute120,9,oracle_fault_model,Oracle,2,31,15,2,122,120,1.0,,1,34,0,34,0,0,0,,0.0,,0.0,122.0,122.0,0.0,1.0,1.0,0.0
prediction_loss_decoupling,offroute120,offroute120,9,oracle_fault_model,Oracle,3,31,15,2,122,120,1.0,,1,34,0,34,0,0,0,,0.0,,0.0,122.0,122.0,0.0,1.0,1.0,0.0
prediction_loss_decoupling,offroute120,offroute120,9,oracle_fault_model,Oracle,4,31,15,2,122,120,1.0,,1,34,0,34,0,0,0,,0.0,,0.0,122.0,122.0,0.0,1.0,1.0,0.0
prediction_loss_decoupling,offroute120,offroute120,10,nominal_no_repair,Nominal,0,31,15,2,122,120,1.0,,0,180,176,5,0,1,0,,0.06559139784946237,,0.09110169491525423,0.0,0.0,0.0,1.0,0.0,0.0
prediction_loss_decoupling,offroute120,offroute120,10,nominal_no_repair,Nominal,1,31,15,2,122,120,1.0,,0,180,176,5,0,1,0,,0.06559139784946237,,0.09110169491525423,0.0,0.0,0.0,1.0,0.0,0.0
prediction_loss_decoupling,offroute120,offroute120,10,nominal_no_repair,Nominal,2,31,15,2,122,120,1.0,,0,180,176,5,0,1,0,,0.06559139784946237,,0.09110169491525423,0.0,0.0,0.0,1.0,0.0,0.0
prediction_loss_decoupling,offroute120,offroute120,10,nominal_no_repair,Nominal,3,31,15,2,122,120,1.0,,0,180,176,5,0,1,0,,0.06559139784946237,,0.09110169491525423,0.0,0.0,0.0,1.0,0.0,0.0
prediction_loss_decoupling,offroute120,offroute120,10,nominal_no_repair,Nominal,4,31,15,2,122,120,1.0,,0,180,176,5,0,1,0,,0.06559139784946237,,0.09110169491525423,0.0,0.0,0.0,1.0,0.0,0.0
prediction_loss_decoupling,offroute120,offroute120,10,shield_only,Shield only,0,31,15,2,122,120,1.0,,0,180,176,6,1,1,1,,0.06559139784946237,,0.09110169491525423,0.0,0.0,0.0,1.0,0.0,0.0
prediction_loss_decoupling,offroute120,offroute120,10,shield_only,Shield only,1,31,15,2,122,120,1.0,,0,180,176,5,1,1,1,,0.06559139784946237,,0.09110169491525423,0.0,0.0,0.0,1.0,0.0,0.0
prediction_loss_decoupling,offroute120,offroute120,10,shield_only,Shield only,2,31,15,2,122,120,1.0,,0,180,176,5,1,1,1,,0.06559139784946237,,0.09110169491525423,0.0,0.0,0.0,1.0,0.0,0.0
prediction_loss_decoupling,offroute120,offroute120,10,shield_only,Shield only,3,31,15,2,122,120,1.0,,0,180,176,5,1,1,1,,0.06559139784946237,,0.09110169491525423,0.0,0.0,0.0,1.0,0.0,0.0
prediction_loss_decoupling,offroute120,offroute120,10,shield_only,Shield only,4,31,15,2,122,120,1.0,,0,180,176,5,1,1,1,,0.06559139784946237,,0.09110169491525423,0.0,0.0,0.0,1.0,0.0,0.0
prediction_loss_decoupling,offroute120,offroute120,10,batch_episode_retrain,Batch episode,0,31,15,2,122,120,1.0,,0,180,176,5,0,1,0,,0.06559139784946237,,0.09110169491525423,0.0,0.0,0.0,1.0,0.0,0.0
prediction_loss_decoupling,offroute120,offroute120,10,batch_episode_retrain,Batch episode,1,31,15,2,122,120,1.0,,0,180,173,8,0,1,1,,0.06505376344086021,,0.08227401129943503,1.0,1.0,0.0,1.0,0.00819672131147541,0.0
prediction_loss_decoupling,offroute120,offroute120,10,batch_episode_retrain,Batch episode,2,31,15,2,122,120,1.0,,0,180,152,29,0,1,2,,0.06451612903225806,,0.08050847457627118,2.0,2.0,0.0,1.0,0.01639344262295082,0.0
prediction_loss_decoupling,offroute120,offroute120,10,batch_episode_retrain,Batch episode,3,31,15,2,122,120,1.0,,0,180,167,14,0,1,3,,0.06397849462365592,,0.07168079096045198,3.0,3.0,0.0,1.0,0.02459016393442623,0.0
prediction_loss_decoupling,offroute120,offroute120,10,batch_episode_retrain,Batch episode,4,31,15,2,122,120,1.0,,0,180,150,31,0,1,4,,0.06344086021505377,,0.06991525423728813,4.0,4.0,0.0,1.0,0.03278688524590164,0.0
prediction_loss_decoupling,offroute120,offroute120,10,threshold_8,Threshold 8,0,31,15,2,122,120,1.0,,1,66,32,66,0,0,4,,0.06344086021505377,,0.06991525423728813,4.0,4.0,0.0,1.0,0.03278688524590164,0.0
prediction_loss_decoupling,offroute120,offroute120,10,threshold_8,Threshold 8,1,31,15,2,122,120,1.0,,1,42,8,42,0,0,5,,0.06290322580645161,,0.0681497175141243,5.0,5.0,0.0,1.0,0.040983606557377046,0.0
prediction_loss_decoupling,offroute120,offroute120,10,threshold_8,Threshold 8,2,31,15,2,122,120,1.0,,1,34,0,34,0,0,5,,0.06290322580645161,,0.0681497175141243,5.0,5.0,0.0,1.0,0.040983606557377046,0.0
prediction_loss_decoupling,offroute120,offroute120,10,threshold_8,Threshold 8,3,31,15,2,122,120,1.0,,1,34,0,34,0,0,5,,0.06290322580645161,,0.0681497175141243,5.0,5.0,0.0,1.0,0.040983606557377046,0.0
prediction_loss_decoupling,offroute120,offroute120,10,threshold_8,Threshold 8,4,31,15,2,122,120,1.0,,1,34,0,34,0,0,5,,0.06290322580645161,,0.0681497175141243,5.0,5.0,0.0,1.0,0.040983606557377046,0.0
prediction_loss_decoupling,offroute120,offroute120,10,uncertainty_cost_avoidance,Cost avoidance,0,31,15,2,122,120,1.0,,1,38,4,38,0,0,4,,0.06559139784946237,,0.09110169491525423,0.0,0.0,0.0,1.0,0.0,0.0
prediction_loss_decoupling,offroute120,offroute120,10,uncertainty_cost_avoidance,Cost avoidance,1,31,15,2,122,120,1.0,,1,35,1,35,0,0,5,,0.06559139784946237,,0.09110169491525423,0.0,0.0,0.0,1.0,0.0,0.0
prediction_loss_decoupling,offroute120,offroute120,10,uncertainty_cost_avoidance,Cost avoidance,2,31,15,2,122,120,1.0,,1,34,0,34,0,0,5,,0.06559139784946237,,0.09110169491525423,0.0,0.0,0.0,1.0,0.0,0.0
prediction_loss_decoupling,offroute120,offroute120,10,uncertainty_cost_avoidance,Cost avoidance,3,31,15,2,122,120,1.0,,1,34,0,34,0,0,5,,0.06559139784946237,,0.09110169491525423,0.0,0.0,0.0,1.0,0.0,0.0
prediction_loss_decoupling,offroute120,offroute120,10,uncertainty_cost_avoidance,Cost avoidance,4,31,15,2,122,120,1.0,,1,34,0,34,0,0,5,,0.06559139784946237,,0.09110169491525423,0.0,0.0,0.0,1.0,0.0,0.0
prediction_loss_decoupling,offroute120,offroute120,10,ccra_exact_guard,CCRA exact,0,31,15,2,122,120,1.0,,1,38,4,38,0,0,4,,0.06344086021505377,,0.06991525423728813,4.0,4.0,0.0,1.0,0.03278688524590164,0.0
prediction_loss_decoupling,offroute120,offroute120,10,ccra_exact_guard,CCRA exact,1,31,15,2,122,120,1.0,,1,35,1,35,0,0,5,,0.06290322580645161,,0.0681497175141243,5.0,5.0,0.0,1.0,0.040983606557377046,0.0
prediction_loss_decoupling,offroute120,offroute120,10,ccra_exact_guard,CCRA exact,2,31,15,2,122,120,1.0,,1,34,0,34,0,0,5,,0.06290322580645161,,0.0681497175141243,5.0,5.0,0.0,1.0,0.040983606557377046,0.0
prediction_loss_decoupling,offroute120,offroute120,10,ccra_exact_guard,CCRA exact,3,31,15,2,122,120,1.0,,1,34,0,34,0,0,5,,0.06290322580645161,,0.0681497175141243,5.0,5.0,0.0,1.0,0.040983606557377046,0.0
prediction_loss_decoupling,offroute120,offroute120,10,ccra_exact_guard,CCRA exact,4,31,15,2,122,120,1.0,,1,34,0,34,0,0,5,,0.06290322580645161,,0.0681497175141243,5.0,5.0,0.0,1.0,0.040983606557377046,0.0
prediction_loss_decoupling,offroute120,offroute120,10,ccra_row_guard,CCRA row,0,31,15,2,122,120,1.0,,1,42,4,42,0,0,4,,0.0978494623655914,,0.355225988700565,120.0,30.0,90.0,0.25,0.2459016393442623,0.75
prediction_loss_decoupling,offroute120,offroute120,10,ccra_row_guard,CCRA row,1,31,15,2,122,120,1.0,,1,56,6,56,0,0,10,,0.14516129032258066,,0.3862994350282486,300.0,76.0,224.0,0.25333333333333335,0.6229508196721312,0.7466666666666667
prediction_loss_decoupling,offroute120,offroute120,10,ccra_row_guard,CCRA row,2,31,15,2,122,120,1.0,,0,25,5,26,0,0,15,,0.17634408602150536,,0.4067796610169492,450.0,122.0,328.0,0.27111111111111114,1.0,0.7288888888888889
prediction_loss_decoupling,offroute120,offroute120,10,ccra_row_guard,CCRA row,3,31,15,2,122,120,1.0,,0,0,0,1,0,0,15,,0.17634408602150536,,0.4067796610169492,450.0,122.0,328.0,0.27111111111111114,1.0,0.7288888888888889
prediction_loss_decoupling,offroute120,offroute120,10,ccra_row_guard,CCRA row,4,31,15,2,122,120,1.0,,0,0,0,1,0,0,15,,0.17634408602150536,,0.4067796610169492,450.0,122.0,328.0,0.27111111111111114,1.0,0.7288888888888889
prediction_loss_decoupling,offroute120,offroute120,10,global_action_repair,Global action,0,31,15,2,122,120,1.0,,0,7,3,8,0,0,1,,0.17634408602150536,,0.4067796610169492,450.0,122.0,328.0,0.27111111111111114,1.0,0.7288888888888889
prediction_loss_decoupling,offroute120,offroute120,10,global_action_repair,Global action,1,31,15,2,122,120,1.0,,0,0,0,1,0,0,1,,0.17634408602150536,,0.4067796610169492,450.0,122.0,328.0,0.27111111111111114,1.0,0.7288888888888889
prediction_loss_decoupling,offroute120,offroute120,10,global_action_repair,Global action,2,31,15,2,122,120,1.0,,0,0,0,1,0,0,1,,0.17634408602150536,,0.4067796610169492,450.0,122.0,328.0,0.27111111111111114,1.0,0.7288888888888889
prediction_loss_decoupling,offroute120,offroute120,10,global_action_repair,Global action,3,31,15,2,122,120,1.0,,0,0,0,1,0,0,1,,0.17634408602150536,,0.4067796610169492,450.0,122.0,328.0,0.27111111111111114,1.0,0.7288888888888889
prediction_loss_decoupling,offroute120,offroute120,10,global_action_repair,Global action,4,31,15,2,122,120,1.0,,0,0,0,1,0,0,1,,0.17634408602150536,,0.4067796610169492,450.0,122.0,328.0,0.27111111111111114,1.0,0.7288888888888889
prediction_loss_decoupling,offroute120,offroute120,10,oracle_fault_model,Oracle,0,31,15,2,122,120,1.0,,1,34,0,34,0,0,0,,0.0,,0.0,122.0,122.0,0.0,1.0,1.0,0.0
prediction_loss_decoupling,offroute120,offroute120,10,oracle_fault_model,Oracle,1,31,15,2,122,120,1.0,,1,34,0,34,0,0,0,,0.0,,0.0,122.0,122.0,0.0,1.0,1.0,0.0
prediction_loss_decoupling,offroute120,offroute120,10,oracle_fault_model,Oracle,2,31,15,2,122,120,1.0,,1,34,0,34,0,0,0,,0.0,,0.0,122.0,122.0,0.0,1.0,1.0,0.0
prediction_loss_decoupling,offroute120,offroute120,10,oracle_fault_model,Oracle,3,31,15,2,122,120,1.0,,1,34,0,34,0,0,0,,0.0,,0.0,122.0,122.0,0.0,1.0,1.0,0.0
prediction_loss_decoupling,offroute120,offroute120,10,oracle_fault_model,Oracle,4,31,15,2,122,120,1.0,,1,34,0,34,0,0,0,,0.0,,0.0,122.0,122.0,0.0,1.0,1.0,0.0
prediction_loss_decoupling,offroute120,offroute120,11,nominal_no_repair,Nominal,0,31,15,2,122,120,1.0,,0,180,167,14,0,1,0,,0.06559139784946237,,0.09110169491525423,0.0,0.0,0.0,1.0,0.0,0.0
prediction_loss_decoupling,offroute120,offroute120,11,nominal_no_repair,Nominal,1,31,15,2,122,120,1.0,,0,180,167,14,0,1,0,,0.06559139784946237,,0.09110169491525423,0.0,0.0,0.0,1.0,0.0,0.0
prediction_loss_decoupling,offroute120,offroute120,11,nominal_no_repair,Nominal,2,31,15,2,122,120,1.0,,0,180,167,14,0,1,0,,0.06559139784946237,,0.09110169491525423,0.0,0.0,0.0,1.0,0.0,0.0
prediction_loss_decoupling,offroute120,offroute120,11,nominal_no_repair,Nominal,3,31,15,2,122,120,1.0,,0,180,167,14,0,1,0,,0.06559139784946237,,0.09110169491525423,0.0,0.0,0.0,1.0,0.0,0.0
prediction_loss_decoupling,offroute120,offroute120,11,nominal_no_repair,Nominal,4,31,15,2,122,120,1.0,,0,180,167,14,0,1,0,,0.06559139784946237,,0.09110169491525423,0.0,0.0,0.0,1.0,0.0,0.0
prediction_loss_decoupling,offroute120,offroute120,11,shield_only,Shield only,0,31,15,2,122,120,1.0,,0,180,167,15,1,1,1,,0.06559139784946237,,0.09110169491525423,0.0,0.0,0.0,1.0,0.0,0.0
prediction_loss_decoupling,offroute120,offroute120,11,shield_only,Shield only,1,31,15,2,122,120,1.0,,0,180,167,14,1,1,1,,0.06559139784946237,,0.09110169491525423,0.0,0.0,0.0,1.0,0.0,0.0
prediction_loss_decoupling,offroute120,offroute120,11,shield_only,Shield only,2,31,15,2,122,120,1.0,,0,180,167,14,1,1,1,,0.06559139784946237,,0.09110169491525423,0.0,0.0,0.0,1.0,0.0,0.0
prediction_loss_decoupling,offroute120,offroute120,11,shield_only,Shield only,3,31,15,2,122,120,1.0,,0,180,167,14,1,1,1,,0.06559139784946237,,0.09110169491525423,0.0,0.0,0.0,1.0,0.0,0.0
prediction_loss_decoupling,offroute120,offroute120,11,shield_only,Shield only,4,31,15,2,122,120,1.0,,0,180,167,14,1,1,1,,0.06559139784946237,,0.09110169491525423,0.0,0.0,0.0,1.0,0.0,0.0
prediction_loss_decoupling,offroute120,offroute120,11,batch_episode_retrain,Batch episode,0,31,15,2,122,120,1.0,,0,180,167,14,0,1,0,,0.06559139784946237,,0.09110169491525423,0.0,0.0,0.0,1.0,0.0,0.0
prediction_loss_decoupling,offroute120,offroute120,11,batch_episode_retrain,Batch episode,1,31,15,2,122,120,1.0,,0,180,166,15,0,1,1,,0.06505376344086021,,0.08227401129943503,1.0,1.0,0.0,1.0,0.00819672131147541,0.0
prediction_loss_decoupling,offroute120,offroute120,11,batch_episode_retrain,Batch episode,2,31,15,2,122,120,1.0,,0,180,166,15,0,1,2,,0.06451612903225806,,0.08050847457627118,2.0,2.0,0.0,1.0,0.01639344262295082,0.0
prediction_loss_decoupling,offroute120,offroute120,11,batch_episode_retrain,Batch episode,3,31,15,2,122,120,1.0,,0,180,165,16,0,1,3,,0.06397849462365592,,0.07874293785310735,3.0,3.0,0.0,1.0,0.02459016393442623,0.0
prediction_loss_decoupling,offroute120,offroute120,11,batch_episode_retrain,Batch episode,4,31,15,2,122,120,1.0,,0,180,164,17,0,1,4,,0.06344086021505377,,0.07838983050847458,4.0,4.0,0.0,1.0,0.03278688524590164,0.0
prediction_loss_decoupling,offroute120,offroute120,11,threshold_8,Threshold 8,0,31,15,2,122,120,1.0,,1,104,64,104,0,0,8,,0.06129032258064516,,0.06426553672316385,8.0,8.0,0.0,1.0,0.06557377049180328,0.0
prediction_loss_decoupling,offroute120,offroute120,11,threshold_8,Threshold 8,1,31,15,2,122,120,1.0,,1,70,32,70,0,0,12,,0.05913978494623656,,0.0614406779661017,12.0,12.0,0.0,1.0,0.09836065573770492,0.0
prediction_loss_decoupling,offroute120,offroute120,11,threshold_8,Threshold 8,2,31,15,2,122,120,1.0,,1,36,0,36,0,0,12,,0.05913978494623656,,0.0614406779661017,12.0,12.0,0.0,1.0,0.09836065573770492,0.0
prediction_loss_decoupling,offroute120,offroute120,11,threshold_8,Threshold 8,3,31,15,2,122,120,1.0,,1,36,0,36,0,0,12,,0.05913978494623656,,0.0614406779661017,12.0,12.0,0.0,1.0,0.09836065573770492,0.0
prediction_loss_decoupling,offroute120,offroute120,11,threshold_8,Threshold 8,4,31,15,2,122,120,1.0,,1,36,0,36,0,0,12,,0.05913978494623656,,0.0614406779661017,12.0,12.0,0.0,1.0,0.09836065573770492,0.0
prediction_loss_decoupling,offroute120,offroute120,11,uncertainty_cost_avoidance,Cost avoidance,0,31,15,2,122,120,1.0,,1,48,8,48,0,0,8,,0.06559139784946237,,0.09110169491525423,0.0,0.0,0.0,1.0,0.0,0.0
prediction_loss_decoupling,offroute120,offroute120,11,uncertainty_cost_avoidance,Cost avoidance,1,31,15,2,122,120,1.0,,1,42,4,42,0,0,12,,0.06559139784946237,,0.09110169491525423,0.0,0.0,0.0,1.0,0.0,0.0
prediction_loss_decoupling,offroute120,offroute120,11,uncertainty_cost_avoidance,Cost avoidance,2,31,15,2,122,120,1.0,,1,36,0,36,0,0,12,,0.06559139784946237,,0.09110169491525423,0.0,0.0,0.0,1.0,0.0,0.0
prediction_loss_decoupling,offroute120,offroute120,11,uncertainty_cost_avoidance,Cost avoidance,3,31,15,2,122,120,1.0,,1,36,0,36,0,0,12,,0.06559139784946237,,0.09110169491525423,0.0,0.0,0.0,1.0,0.0,0.0
prediction_loss_decoupling,offroute120,offroute120,11,uncertainty_cost_avoidance,Cost avoidance,4,31,15,2,122,120,1.0,,1,36,0,36,0,0,12,,0.06559139784946237,,0.09110169491525423,0.0,0.0,0.0,1.0,0.0,0.0
prediction_loss_decoupling,offroute120,offroute120,11,ccra_exact_guard,CCRA exact,0,31,15,2,122,120,1.0,,1,48,8,48,0,0,8,,0.06129032258064516,,0.06426553672316385,8.0,8.0,0.0,1.0,0.06557377049180328,0.0
prediction_loss_decoupling,offroute120,offroute120,11,ccra_exact_guard,CCRA exact,1,31,15,2,122,120,1.0,,1,42,4,42,0,0,12,,0.05913978494623656,,0.0614406779661017,12.0,12.0,0.0,1.0,0.09836065573770492,0.0
prediction_loss_decoupling,offroute120,offroute120,11,ccra_exact_guard,CCRA exact,2,31,15,2,122,120,1.0,,1,36,0,36,0,0,12,,0.05913978494623656,,0.0614406779661017,12.0,12.0,0.0,1.0,0.09836065573770492,0.0
prediction_loss_decoupling,offroute120,offroute120,11,ccra_exact_guard,CCRA exact,3,31,15,2,122,120,1.0,,1,36,0,36,0,0,12,,0.05913978494623656,,0.0614406779661017,12.0,12.0,0.0,1.0,0.09836065573770492,0.0
prediction_loss_decoupling,offroute120,offroute120,11,ccra_exact_guard,CCRA exact,4,31,15,2,122,120,1.0,,1,36,0,36,0,0,12,,0.05913978494623656,,0.0614406779661017,12.0,12.0,0.0,1.0,0.09836065573770492,0.0
prediction_loss_decoupling,offroute120,offroute120,11,ccra_row_guard,CCRA row,0,31,15,2,122,120,1.0,,1,68,12,68,0,0,12,,0.15591397849462366,,0.393361581920904,360.0,96.0,264.0,0.26666666666666666,0.7868852459016393,0.7333333333333333
prediction_loss_decoupling,offroute120,offroute120,11,ccra_row_guard,CCRA row,1,31,15,2,122,120,1.0,,0,12,3,13,0,0,15,,0.17634408602150536,,0.4067796610169492,450.0,122.0,328.0,0.27111111111111114,1.0,0.7288888888888889
prediction_loss_decoupling,offroute120,offroute120,11,ccra_row_guard,CCRA row,2,31,15,2,122,120,1.0,,0,0,0,1,0,0,15,,0.17634408602150536,,0.4067796610169492,450.0,122.0,328.0,0.27111111111111114,1.0,0.7288888888888889
prediction_loss_decoupling,offroute120,offroute120,11,ccra_row_guard,CCRA row,3,31,15,2,122,120,1.0,,0,0,0,1,0,0,15,,0.17634408602150536,,0.4067796610169492,450.0,122.0,328.0,0.27111111111111114,1.0,0.7288888888888889
prediction_loss_decoupling,offroute120,offroute120,11,ccra_row_guard,CCRA row,4,31,15,2,122,120,1.0,,0,0,0,1,0,0,15,,0.17634408602150536,,0.4067796610169492,450.0,122.0,328.0,0.27111111111111114,1.0,0.7288888888888889
prediction_loss_decoupling,offroute120,offroute120,11,global_action_repair,Global action,0,31,15,2,122,120,1.0,,0,16,3,17,0,0,1,,0.17634408602150536,,0.4067796610169492,450.0,122.0,328.0,0.27111111111111114,1.0,0.7288888888888889
prediction_loss_decoupling,offroute120,offroute120,11,global_action_repair,Global action,1,31,15,2,122,120,1.0,,0,0,0,1,0,0,1,,0.17634408602150536,,0.4067796610169492,450.0,122.0,328.0,0.27111111111111114,1.0,0.7288888888888889
prediction_loss_decoupling,offroute120,offroute120,11,global_action_repair,Global action,2,31,15,2,122,120,1.0,,0,0,0,1,0,0,1,,0.17634408602150536,,0.4067796610169492,450.0,122.0,328.0,0.27111111111111114,1.0,0.7288888888888889
prediction_loss_decoupling,offroute120,offroute120,11,global_action_repair,Global action,3,31,15,2,122,120,1.0,,0,0,0,1,0,0,1,,0.17634408602150536,,0.4067796610169492,450.0,122.0,328.0,0.27111111111111114,1.0,0.7288888888888889
prediction_loss_decoupling,offroute120,offroute120,11,global_action_repair,Global action,4,31,15,2,122,120,1.0,,0,0,0,1,0,0,1,,0.17634408602150536,,0.4067796610169492,450.0,122.0,328.0,0.27111111111111114,1.0,0.7288888888888889
prediction_loss_decoupling,offroute120,offroute120,11,oracle_fault_model,Oracle,0,31,15,2,122,120,1.0,,1,36,0,36,0,0,0,,0.0,,0.0,122.0,122.0,0.0,1.0,1.0,0.0
prediction_loss_decoupling,offroute120,offroute120,11,oracle_fault_model,Oracle,1,31,15,2,122,120,1.0,,1,36,0,36,0,0,0,,0.0,,0.0,122.0,122.0,0.0,1.0,1.0,0.0
prediction_loss_decoupling,offroute120,offroute120,11,oracle_fault_model,Oracle,2,31,15,2,122,120,1.0,,1,36,0,36,0,0,0,,0.0,,0.0,122.0,122.0,0.0,1.0,1.0,0.0
prediction_loss_decoupling,offroute120,offroute120,11,oracle_fault_model,Oracle,3,31,15,2,122,120,1.0,,1,36,0,36,0,0,0,,0.0,,0.0,122.0,122.0,0.0,1.0,1.0,0.0
prediction_loss_decoupling,offroute120,offroute120,11,oracle_fault_model,Oracle,4,31,15,2,122,120,1.0,,1,36,0,36,0,0,0,,0.0,,0.0,122.0,122.0,0.0,1.0,1.0,0.0
prediction_loss_decoupling,offroute120,offroute120,12,nominal_no_repair,Nominal,0,31,15,2,122,120,1.0,,0,180,167,14,0,1,0,,0.06559139784946237,,0.07838983050847458,0.0,0.0,0.0,1.0,0.0,0.0
prediction_loss_decoupling,offroute120,offroute120,12,nominal_no_repair,Nominal,1,31,15,2,122,120,1.0,,0,180,167,14,0,1,0,,0.06559139784946237,,0.07838983050847458,0.0,0.0,0.0,1.0,0.0,0.0
prediction_loss_decoupling,offroute120,offroute120,12,nominal_no_repair,Nominal,2,31,15,2,122,120,1.0,,0,180,167,14,0,1,0,,0.06559139784946237,,0.07838983050847458,0.0,0.0,0.0,1.0,0.0,0.0
prediction_loss_decoupling,offroute120,offroute120,12,nominal_no_repair,Nominal,3,31,15,2,122,120,1.0,,0,180,167,14,0,1,0,,0.06559139784946237,,0.07838983050847458,0.0,0.0,0.0,1.0,0.0,0.0
prediction_loss_decoupling,offroute120,offroute120,12,nominal_no_repair,Nominal,4,31,15,2,122,120,1.0,,0,180,167,14,0,1,0,,0.06559139784946237,,0.07838983050847458,0.0,0.0,0.0,1.0,0.0,0.0
prediction_loss_decoupling,offroute120,offroute120,12,shield_only,Shield only,0,31,15,2,122,120,1.0,,0,180,167,15,1,1,1,,0.06559139784946237,,0.07838983050847458,0.0,0.0,0.0,1.0,0.0,0.0
prediction_loss_decoupling,offroute120,offroute120,12,shield_only,Shield only,1,31,15,2,122,120,1.0,,0,180,167,14,1,1,1,,0.06559139784946237,,0.07838983050847458,0.0,0.0,0.0,1.0,0.0,0.0
prediction_loss_decoupling,offroute120,offroute120,12,shield_only,Shield only,2,31,15,2,122,120,1.0,,0,180,167,14,1,1,1,,0.06559139784946237,,0.07838983050847458,0.0,0.0,0.0,1.0,0.0,0.0
prediction_loss_decoupling,offroute120,offroute120,12,shield_only,Shield only,3,31,15,2,122,120,1.0,,0,180,167,14,1,1,1,,0.06559139784946237,,0.07838983050847458,0.0,0.0,0.0,1.0,0.0,0.0
prediction_loss_decoupling,offroute120,offroute120,12,shield_only,Shield only,4,31,15,2,122,120,1.0,,0,180,167,14,1,1,1,,0.06559139784946237,,0.07838983050847458,0.0,0.0,0.0,1.0,0.0,0.0
prediction_loss_decoupling,offroute120,offroute120,12,batch_episode_retrain,Batch episode,0,31,15,2,122,120,1.0,,0,180,167,14,0,1,0,,0.06559139784946237,,0.07838983050847458,0.0,0.0,0.0,1.0,0.0,0.0
prediction_loss_decoupling,offroute120,offroute120,12,batch_episode_retrain,Batch episode,1,31,15,2,122,120,1.0,,0,180,164,17,0,1,1,,0.06505376344086021,,0.06956214689265537,1.0,1.0,0.0,1.0,0.00819672131147541,0.0
prediction_loss_decoupling,offroute120,offroute120,12,batch_episode_retrain,Batch episode,2,31,15,2,122,120,1.0,,0,180,151,30,0,1,2,,0.06451612903225806,,0.06779661016949153,2.0,2.0,0.0,1.0,0.01639344262295082,0.0
prediction_loss_decoupling,offroute120,offroute120,12,batch_episode_retrain,Batch episode,3,31,15,2,122,120,1.0,,0,180,165,16,0,1,3,,0.06397849462365592,,0.058968926553672314,3.0,3.0,0.0,1.0,0.02459016393442623,0.0
prediction_loss_decoupling,offroute120,offroute120,12,batch_episode_retrain,Batch episode,4,31,15,2,122,120,1.0,,1,34,0,34,0,0,4,,0.06344086021505377,,0.057203389830508475,4.0,4.0,0.0,1.0,0.03278688524590164,0.0
prediction_loss_decoupling,offroute120,offroute120,12,threshold_8,Threshold 8,0,31,15,2,122,120,1.0,,1,58,24,58,0,0,3,,0.06397849462365592,,0.058968926553672314,3.0,3.0,0.0,1.0,0.02459016393442623,0.0
prediction_loss_decoupling,offroute120,offroute120,12,threshold_8,Threshold 8,1,31,15,2,122,120,1.0,,1,42,8,42,0,0,4,,0.06344086021505377,,0.057203389830508475,4.0,4.0,0.0,1.0,0.03278688524590164,0.0
prediction_loss_decoupling,offroute120,offroute120,12,threshold_8,Threshold 8,2,31,15,2,122,120,1.0,,1,34,0,34,0,0,4,,0.06344086021505377,,0.057203389830508475,4.0,4.0,0.0,1.0,0.03278688524590164,0.0
prediction_loss_decoupling,offroute120,offroute120,12,threshold_8,Threshold 8,3,31,15,2,122,120,1.0,,1,34,0,34,0,0,4,,0.06344086021505377,,0.057203389830508475,4.0,4.0,0.0,1.0,0.03278688524590164,0.0
prediction_loss_decoupling,offroute120,offroute120,12,threshold_8,Threshold 8,4,31,15,2,122,120,1.0,,1,34,0,34,0,0,4,,0.06344086021505377,,0.057203389830508475,4.0,4.0,0.0,1.0,0.03278688524590164,0.0
prediction_loss_decoupling,offroute120,offroute120,12,uncertainty_cost_avoidance,Cost avoidance,0,31,15,2,122,120,1.0,,1,37,3,37,0,0,3,,0.06559139784946237,,0.07838983050847458,0.0,0.0,0.0,1.0,0.0,0.0
prediction_loss_decoupling,offroute120,offroute120,12,uncertainty_cost_avoidance,Cost avoidance,1,31,15,2,122,120,1.0,,1,35,1,35,0,0,4,,0.06559139784946237,,0.07838983050847458,0.0,0.0,0.0,1.0,0.0,0.0
prediction_loss_decoupling,offroute120,offroute120,12,uncertainty_cost_avoidance,Cost avoidance,2,31,15,2,122,120,1.0,,1,34,0,34,0,0,4,,0.06559139784946237,,0.07838983050847458,0.0,0.0,0.0,1.0,0.0,0.0
prediction_loss_decoupling,offroute120,offroute120,12,uncertainty_cost_avoidance,Cost avoidance,3,31,15,2,122,120,1.0,,1,34,0,34,0,0,4,,0.06559139784946237,,0.07838983050847458,0.0,0.0,0.0,1.0,0.0,0.0
prediction_loss_decoupling,offroute120,offroute120,12,uncertainty_cost_avoidance,Cost avoidance,4,31,15,2,122,120,1.0,,1,34,0,34,0,0,4,,0.06559139784946237,,0.07838983050847458,0.0,0.0,0.0,1.0,0.0,0.0
prediction_loss_decoupling,offroute120,offroute120,12,ccra_exact_guard,CCRA exact,0,31,15,2,122,120,1.0,,1,37,3,37,0,0,3,,0.06397849462365592,,0.058968926553672314,3.0,3.0,0.0,1.0,0.02459016393442623,0.0
prediction_loss_decoupling,offroute120,offroute120,12,ccra_exact_guard,CCRA exact,1,31,15,2,122,120,1.0,,1,35,1,35,0,0,4,,0.06344086021505377,,0.057203389830508475,4.0,4.0,0.0,1.0,0.03278688524590164,0.0
prediction_loss_decoupling,offroute120,offroute120,12,ccra_exact_guard,CCRA exact,2,31,15,2,122,120,1.0,,1,34,0,34,0,0,4,,0.06344086021505377,,0.057203389830508475,4.0,4.0,0.0,1.0,0.03278688524590164,0.0
prediction_loss_decoupling,offroute120,offroute120,12,ccra_exact_guard,CCRA exact,3,31,15,2,122,120,1.0,,1,34,0,34,0,0,4,,0.06344086021505377,,0.057203389830508475,4.0,4.0,0.0,1.0,0.03278688524590164,0.0
prediction_loss_decoupling,offroute120,offroute120,12,ccra_exact_guard,CCRA exact,4,31,15,2,122,120,1.0,,1,34,0,34,0,0,4,,0.06344086021505377,,0.057203389830508475,4.0,4.0,0.0,1.0,0.03278688524590164,0.0
prediction_loss_decoupling,offroute120,offroute120,12,ccra_row_guard,CCRA row,0,31,15,2,122,120,1.0,,1,51,7,51,0,0,7,,0.11827956989247312,,0.3813559322033898,210.0,56.0,154.0,0.26666666666666666,0.45901639344262296,0.7333333333333333
prediction_loss_decoupling,offroute120,offroute120,12,ccra_row_guard,CCRA row,1,31,15,2,122,120,1.0,,1,62,6,62,0,0,13,,0.15806451612903225,,0.4074858757062147,390.0,109.0,281.0,0.2794871794871795,0.8934426229508197,0.7205128205128205
prediction_loss_decoupling,offroute120,offroute120,12,ccra_row_guard,CCRA row,2,31,15,2,122,120,1.0,,0,14,2,15,0,0,15,,0.17634408602150536,,0.4194915254237288,450.0,122.0,328.0,0.27111111111111114,1.0,0.7288888888888889
prediction_loss_decoupling,offroute120,offroute120,12,ccra_row_guard,CCRA row,3,31,15,2,122,120,1.0,,0,0,0,1,0,0,15,,0.17634408602150536,,0.4194915254237288,450.0,122.0,328.0,0.27111111111111114,1.0,0.7288888888888889
prediction_loss_decoupling,offroute120,offroute120,12,ccra_row_guard,CCRA row,4,31,15,2,122,120,1.0,,0,0,0,1,0,0,15,,0.17634408602150536,,0.4194915254237288,450.0,122.0,328.0,0.27111111111111114,1.0,0.7288888888888889
prediction_loss_decoupling,offroute120,offroute120,12,global_action_repair,Global action,0,31,15,2,122,120,1.0,,0,16,3,17,0,0,1,,0.17634408602150536,,0.4194915254237288,450.0,122.0,328.0,0.27111111111111114,1.0,0.7288888888888889
prediction_loss_decoupling,offroute120,offroute120,12,global_action_repair,Global action,1,31,15,2,122,120,1.0,,0,0,0,1,0,0,1,,0.17634408602150536,,0.4194915254237288,450.0,122.0,328.0,0.27111111111111114,1.0,0.7288888888888889
prediction_loss_decoupling,offroute120,offroute120,12,global_action_repair,Global action,2,31,15,2,122,120,1.0,,0,0,0,1,0,0,1,,0.17634408602150536,,0.4194915254237288,450.0,122.0,328.0,0.27111111111111114,1.0,0.7288888888888889
prediction_loss_decoupling,offroute120,offroute120,12,global_action_repair,Global action,3,31,15,2,122,120,1.0,,0,0,0,1,0,0,1,,0.17634408602150536,,0.4194915254237288,450.0,122.0,328.0,0.27111111111111114,1.0,0.7288888888888889
prediction_loss_decoupling,offroute120,offroute120,12,global_action_repair,Global action,4,31,15,2,122,120,1.0,,0,0,0,1,0,0,1,,0.17634408602150536,,0.4194915254237288,450.0,122.0,328.0,0.27111111111111114,1.0,0.7288888888888889
prediction_loss_decoupling,offroute120,offroute120,12,oracle_fault_model,Oracle,0,31,15,2,122,120,1.0,,1,34,0,34,0,0,0,,0.0,,0.0,122.0,122.0,0.0,1.0,1.0,0.0
prediction_loss_decoupling,offroute120,offroute120,12,oracle_fault_model,Oracle,1,31,15,2,122,120,1.0,,1,34,0,34,0,0,0,,0.0,,0.0,122.0,122.0,0.0,1.0,1.0,0.0
prediction_loss_decoupling,offroute120,offroute120,12,oracle_fault_model,Oracle,2,31,15,2,122,120,1.0,,1,34,0,34,0,0,0,,0.0,,0.0,122.0,122.0,0.0,1.0,1.0,0.0
prediction_loss_decoupling,offroute120,offroute120,12,oracle_fault_model,Oracle,3,31,15,2,122,120,1.0,,1,34,0,34,0,0,0,,0.0,,0.0,122.0,122.0,0.0,1.0,1.0,0.0
prediction_loss_decoupling,offroute120,offroute120,12,oracle_fault_model,Oracle,4,31,15,2,122,120,1.0,,1,34,0,34,0,0,0,,0.0,,0.0,122.0,122.0,0.0,1.0,1.0,0.0
prediction_loss_decoupling,offroute120,offroute120,13,nominal_no_repair,Nominal,0,31,15,2,122,120,1.0,,0,180,173,8,0,1,0,,0.06559139784946237,,0.08121468926553672,0.0,0.0,0.0,1.0,0.0,0.0
prediction_loss_decoupling,offroute120,offroute120,13,nominal_no_repair,Nominal,1,31,15,2,122,120,1.0,,0,180,173,8,0,1,0,,0.06559139784946237,,0.08121468926553672,0.0,0.0,0.0,1.0,0.0,0.0
prediction_loss_decoupling,offroute120,offroute120,13,nominal_no_repair,Nominal,2,31,15,2,122,120,1.0,,0,180,173,8,0,1,0,,0.06559139784946237,,0.08121468926553672,0.0,0.0,0.0,1.0,0.0,0.0
prediction_loss_decoupling,offroute120,offroute120,13,nominal_no_repair,Nominal,3,31,15,2,122,120,1.0,,0,180,173,8,0,1,0,,0.06559139784946237,,0.08121468926553672,0.0,0.0,0.0,1.0,0.0,0.0
prediction_loss_decoupling,offroute120,offroute120,13,nominal_no_repair,Nominal,4,31,15,2,122,120,1.0,,0,180,173,8,0,1,0,,0.06559139784946237,,0.08121468926553672,0.0,0.0,0.0,1.0,0.0,0.0
prediction_loss_decoupling,offroute120,offroute120,13,shield_only,Shield only,0,31,15,2,122,120,1.0,,0,180,173,9,1,1,1,,0.06559139784946237,,0.08121468926553672,0.0,0.0,0.0,1.0,0.0,0.0
prediction_loss_decoupling,offroute120,offroute120,13,shield_only,Shield only,1,31,15,2,122,120,1.0,,0,180,173,8,1,1,1,,0.06559139784946237,,0.08121468926553672,0.0,0.0,0.0,1.0,0.0,0.0
prediction_loss_decoupling,offroute120,offroute120,13,shield_only,Shield only,2,31,15,2,122,120,1.0,,0,180,173,8,1,1,1,,0.06559139784946237,,0.08121468926553672,0.0,0.0,0.0,1.0,0.0,0.0
prediction_loss_decoupling,offroute120,offroute120,13,shield_only,Shield only,3,31,15,2,122,120,1.0,,0,180,173,8,1,1,1,,0.06559139784946237,,0.08121468926553672,0.0,0.0,0.0,1.0,0.0,0.0
prediction_loss_decoupling,offroute120,offroute120,13,shield_only,Shield only,4,31,15,2,122,120,1.0,,0,180,173,8,1,1,1,,0.06559139784946237,,0.08121468926553672,0.0,0.0,0.0,1.0,0.0,0.0
prediction_loss_decoupling,offroute120,offroute120,13,batch_episode_retrain,Batch episode,0,31,15,2,122,120,1.0,,0,180,173,8,0,1,0,,0.06559139784946237,,0.08121468926553672,0.0,0.0,0.0,1.0,0.0,0.0
prediction_loss_decoupling,offroute120,offroute120,13,batch_episode_retrain,Batch episode,1,31,15,2,122,120,1.0,,0,180,166,15,0,1,1,,0.06505376344086021,,0.07238700564971752,1.0,1.0,0.0,1.0,0.00819672131147541,0.0
prediction_loss_decoupling,offroute120,offroute120,13,batch_episode_retrain,Batch episode,2,31,15,2,122,120,1.0,,0,180,158,23,0,1,2,,0.06451612903225806,,0.07062146892655367,2.0,2.0,0.0,1.0,0.01639344262295082,0.0
prediction_loss_decoupling,offroute120,offroute120,13,batch_episode_retrain,Batch episode,3,31,15,2,122,120,1.0,,0,180,171,10,0,1,3,,0.06397849462365592,,0.06179378531073446,3.0,3.0,0.0,1.0,0.02459016393442623,0.0
prediction_loss_decoupling,offroute120,offroute120,13,batch_episode_retrain,Batch episode,4,31,15,2,122,120,1.0,,0,180,156,25,0,1,4,,0.06344086021505377,,0.06002824858757062,4.0,4.0,0.0,1.0,0.03278688524590164,0.0
prediction_loss_decoupling,offroute120,offroute120,13,threshold_8,Threshold 8,0,31,15,2,122,120,1.0,,1,66,32,66,0,0,4,,0.06344086021505377,,0.06002824858757062,4.0,4.0,0.0,1.0,0.03278688524590164,0.0
prediction_loss_decoupling,offroute120,offroute120,13,threshold_8,Threshold 8,1,31,15,2,122,120,1.0,,1,42,8,42,0,0,5,,0.06290322580645161,,0.05826271186440678,5.0,5.0,0.0,1.0,0.040983606557377046,0.0
prediction_loss_decoupling,offroute120,offroute120,13,threshold_8,Threshold 8,2,31,15,2,122,120,1.0,,1,34,0,34,0,0,5,,0.06290322580645161,,0.05826271186440678,5.0,5.0,0.0,1.0,0.040983606557377046,0.0
prediction_loss_decoupling,offroute120,offroute120,13,threshold_8,Threshold 8,3,31,15,2,122,120,1.0,,1,34,0,34,0,0,5,,0.06290322580645161,,0.05826271186440678,5.0,5.0,0.0,1.0,0.040983606557377046,0.0
prediction_loss_decoupling,offroute120,offroute120,13,threshold_8,Threshold 8,4,31,15,2,122,120,1.0,,1,34,0,34,0,0,5,,0.06290322580645161,,0.05826271186440678,5.0,5.0,0.0,1.0,0.040983606557377046,0.0
prediction_loss_decoupling,offroute120,offroute120,13,uncertainty_cost_avoidance,Cost avoidance,0,31,15,2,122,120,1.0,,1,38,4,38,0,0,4,,0.06559139784946237,,0.08121468926553672,0.0,0.0,0.0,1.0,0.0,0.0
prediction_loss_decoupling,offroute120,offroute120,13,uncertainty_cost_avoidance,Cost avoidance,1,31,15,2,122,120,1.0,,1,35,1,35,0,0,5,,0.06559139784946237,,0.08121468926553672,0.0,0.0,0.0,1.0,0.0,0.0
prediction_loss_decoupling,offroute120,offroute120,13,uncertainty_cost_avoidance,Cost avoidance,2,31,15,2,122,120,1.0,,1,34,0,34,0,0,5,,0.06559139784946237,,0.08121468926553672,0.0,0.0,0.0,1.0,0.0,0.0
prediction_loss_decoupling,offroute120,offroute120,13,uncertainty_cost_avoidance,Cost avoidance,3,31,15,2,122,120,1.0,,1,34,0,34,0,0,5,,0.06559139784946237,,0.08121468926553672,0.0,0.0,0.0,1.0,0.0,0.0
prediction_loss_decoupling,offroute120,offroute120,13,uncertainty_cost_avoidance,Cost avoidance,4,31,15,2,122,120,1.0,,1,34,0,34,0,0,5,,0.06559139784946237,,0.08121468926553672,0.0,0.0,0.0,1.0,0.0,0.0
prediction_loss_decoupling,offroute120,offroute120,13,ccra_exact_guard,CCRA exact,0,31,15,2,122,120,1.0,,1,38,4,38,0,0,4,,0.06344086021505377,,0.06002824858757062,4.0,4.0,0.0,1.0,0.03278688524590164,0.0
prediction_loss_decoupling,offroute120,offroute120,13,ccra_exact_guard,CCRA exact,1,31,15,2,122,120,1.0,,1,35,1,35,0,0,5,,0.06290322580645161,,0.05826271186440678,5.0,5.0,0.0,1.0,0.040983606557377046,0.0
prediction_loss_decoupling,offroute120,offroute120,13,ccra_exact_guard,CCRA exact,2,31,15,2,122,120,1.0,,1,34,0,34,0,0,5,,0.06290322580645161,,0.05826271186440678,5.0,5.0,0.0,1.0,0.040983606557377046,0.0
prediction_loss_decoupling,offroute120,offroute120,13,ccra_exact_guard,CCRA exact,3,31,15,2,122,120,1.0,,1,34,0,34,0,0,5,,0.06290322580645161,,0.05826271186440678,5.0,5.0,0.0,1.0,0.040983606557377046,0.0
prediction_loss_decoupling,offroute120,offroute120,13,ccra_exact_guard,CCRA exact,4,31,15,2,122,120,1.0,,1,34,0,34,0,0,5,,0.06290322580645161,,0.05826271186440678,5.0,5.0,0.0,1.0,0.040983606557377046,0.0
prediction_loss_decoupling,offroute120,offroute120,13,ccra_row_guard,CCRA row,0,31,15,2,122,120,1.0,,1,51,7,51,0,0,7,,0.12365591397849462,,0.3820621468926554,210.0,51.0,159.0,0.24285714285714285,0.4180327868852459,0.7571428571428571
prediction_loss_decoupling,offroute120,offroute120,13,ccra_row_guard,CCRA row,1,31,15,2,122,120,1.0,,0,53,8,54,0,0,15,,0.17634408602150536,,0.4166666666666667,450.0,122.0,328.0,0.27111111111111114,1.0,0.7288888888888889
prediction_loss_decoupling,offroute120,offroute120,13,ccra_row_guard,CCRA row,2,31,15,2,122,120,1.0,,0,0,0,1,0,0,15,,0.17634408602150536,,0.4166666666666667,450.0,122.0,328.0,0.27111111111111114,1.0,0.7288888888888889
prediction_loss_decoupling,offroute120,offroute120,13,ccra_row_guard,CCRA row,3,31,15,2,122,120,1.0,,0,0,0,1,0,0,15,,0.17634408602150536,,0.4166666666666667,450.0,122.0,328.0,0.27111111111111114,1.0,0.7288888888888889
prediction_loss_decoupling,offroute120,offroute120,13,ccra_row_guard,CCRA row,4,31,15,2,122,120,1.0,,0,0,0,1,0,0,15,,0.17634408602150536,,0.4166666666666667,450.0,122.0,328.0,0.27111111111111114,1.0,0.7288888888888889
prediction_loss_decoupling,offroute120,offroute120,13,global_action_repair,Global action,0,31,15,2,122,120,1.0,,0,10,3,11,0,0,1,,0.17634408602150536,,0.4166666666666667,450.0,122.0,328.0,0.27111111111111114,1.0,0.7288888888888889
prediction_loss_decoupling,offroute120,offroute120,13,global_action_repair,Global action,1,31,15,2,122,120,1.0,,0,0,0,1,0,0,1,,0.17634408602150536,,0.4166666666666667,450.0,122.0,328.0,0.27111111111111114,1.0,0.7288888888888889
prediction_loss_decoupling,offroute120,offroute120,13,global_action_repair,Global action,2,31,15,2,122,120,1.0,,0,0,0,1,0,0,1,,0.17634408602150536,,0.4166666666666667,450.0,122.0,328.0,0.27111111111111114,1.0,0.7288888888888889
prediction_loss_decoupling,offroute120,offroute120,13,global_action_repair,Global action,3,31,15,2,122,120,1.0,,0,0,0,1,0,0,1,,0.17634408602150536,,0.4166666666666667,450.0,122.0,328.0,0.27111111111111114,1.0,0.7288888888888889
prediction_loss_decoupling,offroute120,offroute120,13,global_action_repair,Global action,4,31,15,2,122,120,1.0,,0,0,0,1,0,0,1,,0.17634408602150536,,0.4166666666666667,450.0,122.0,328.0,0.27111111111111114,1.0,0.7288888888888889
prediction_loss_decoupling,offroute120,offroute120,13,oracle_fault_model,Oracle,0,31,15,2,122,120,1.0,,1,34,0,34,0,0,0,,0.0,,0.0,122.0,122.0,0.0,1.0,1.0,0.0
prediction_loss_decoupling,offroute120,offroute120,13,oracle_fault_model,Oracle,1,31,15,2,122,120,1.0,,1,34,0,34,0,0,0,,0.0,,0.0,122.0,122.0,0.0,1.0,1.0,0.0
prediction_loss_decoupling,offroute120,offroute120,13,oracle_fault_model,Oracle,2,31,15,2,122,120,1.0,,1,34,0,34,0,0,0,,0.0,,0.0,122.0,122.0,0.0,1.0,1.0,0.0
prediction_loss_decoupling,offroute120,offroute120,13,oracle_fault_model,Oracle,3,31,15,2,122,120,1.0,,1,34,0,34,0,0,0,,0.0,,0.0,122.0,122.0,0.0,1.0,1.0,0.0
prediction_loss_decoupling,offroute120,offroute120,13,oracle_fault_model,Oracle,4,31,15,2,122,120,1.0,,1,34,0,34,0,0,0,,0.0,,0.0,122.0,122.0,0.0,1.0,1.0,0.0
prediction_loss_decoupling,offroute120,offroute120,14,nominal_no_repair,Nominal,0,31,15,2,122,120,1.0,,0,180,170,11,0,1,0,,0.06559139784946237,,0.08968926553672317,0.0,0.0,0.0,1.0,0.0,0.0
prediction_loss_decoupling,offroute120,offroute120,14,nominal_no_repair,Nominal,1,31,15,2,122,120,1.0,,0,180,170,11,0,1,0,,0.06559139784946237,,0.08968926553672317,0.0,0.0,0.0,1.0,0.0,0.0
prediction_loss_decoupling,offroute120,offroute120,14,nominal_no_repair,Nominal,2,31,15,2,122,120,1.0,,0,180,170,11,0,1,0,,0.06559139784946237,,0.08968926553672317,0.0,0.0,0.0,1.0,0.0,0.0
prediction_loss_decoupling,offroute120,offroute120,14,nominal_no_repair,Nominal,3,31,15,2,122,120,1.0,,0,180,170,11,0,1,0,,0.06559139784946237,,0.08968926553672317,0.0,0.0,0.0,1.0,0.0,0.0
prediction_loss_decoupling,offroute120,offroute120,14,nominal_no_repair,Nominal,4,31,15,2,122,120,1.0,,0,180,170,11,0,1,0,,0.06559139784946237,,0.08968926553672317,0.0,0.0,0.0,1.0,0.0,0.0
prediction_loss_decoupling,offroute120,offroute120,14,shield_only,Shield only,0,31,15,2,122,120,1.0,,0,180,170,12,1,1,1,,0.06559139784946237,,0.08968926553672317,0.0,0.0,0.0,1.0,0.0,0.0
prediction_loss_decoupling,offroute120,offroute120,14,shield_only,Shield only,1,31,15,2,122,120,1.0,,0,180,170,11,1,1,1,,0.06559139784946237,,0.08968926553672317,0.0,0.0,0.0,1.0,0.0,0.0
prediction_loss_decoupling,offroute120,offroute120,14,shield_only,Shield only,2,31,15,2,122,120,1.0,,0,180,170,11,1,1,1,,0.06559139784946237,,0.08968926553672317,0.0,0.0,0.0,1.0,0.0,0.0
prediction_loss_decoupling,offroute120,offroute120,14,shield_only,Shield only,3,31,15,2,122,120,1.0,,0,180,170,11,1,1,1,,0.06559139784946237,,0.08968926553672317,0.0,0.0,0.0,1.0,0.0,0.0
prediction_loss_decoupling,offroute120,offroute120,14,shield_only,Shield only,4,31,15,2,122,120,1.0,,0,180,170,11,1,1,1,,0.06559139784946237,,0.08968926553672317,0.0,0.0,0.0,1.0,0.0,0.0
prediction_loss_decoupling,offroute120,offroute120,14,batch_episode_retrain,Batch episode,0,31,15,2,122,120,1.0,,0,180,170,11,0,1,0,,0.06559139784946237,,0.08968926553672317,0.0,0.0,0.0,1.0,0.0,0.0
prediction_loss_decoupling,offroute120,offroute120,14,batch_episode_retrain,Batch episode,1,31,15,2,122,120,1.0,,0,180,169,12,0,1,1,,0.06505376344086021,,0.08086158192090395,1.0,1.0,0.0,1.0,0.00819672131147541,0.0
prediction_loss_decoupling,offroute120,offroute120,14,batch_episode_retrain,Batch episode,2,31,15,2,122,120,1.0,,0,180,169,12,0,1,2,,0.06451612903225806,,0.07909604519774012,2.0,2.0,0.0,1.0,0.01639344262295082,0.0
prediction_loss_decoupling,offroute120,offroute120,14,batch_episode_retrain,Batch episode,3,31,15,2,122,120,1.0,,0,180,164,17,0,1,3,,0.06397849462365592,,0.07733050847457627,3.0,3.0,0.0,1.0,0.02459016393442623,0.0
prediction_loss_decoupling,offroute120,offroute120,14,batch_episode_retrain,Batch episode,4,31,15,2,122,120,1.0,,0,180,156,25,0,1,4,,0.06344086021505377,,0.0769774011299435,4.0,4.0,0.0,1.0,0.03278688524590164,0.0
prediction_loss_decoupling,offroute120,offroute120,14,threshold_8,Threshold 8,0,31,15,2,122,120,1.0,,1,112,72,112,0,0,9,,0.06075268817204301,,0.0737994350282486,9.0,9.0,0.0,1.0,0.07377049180327869,0.0
prediction_loss_decoupling,offroute120,offroute120,14,threshold_8,Threshold 8,1,31,15,2,122,120,1.0,,1,50,16,50,0,0,11,,0.05967741935483871,,0.07168079096045198,11.0,11.0,0.0,1.0,0.09016393442622951,0.0
prediction_loss_decoupling,offroute120,offroute120,14,threshold_8,Threshold 8,2,31,15,2,122,120,1.0,,1,34,0,34,0,0,11,,0.05967741935483871,,0.07168079096045198,11.0,11.0,0.0,1.0,0.09016393442622951,0.0
prediction_loss_decoupling,offroute120,offroute120,14,threshold_8,Threshold 8,3,31,15,2,122,120,1.0,,1,34,0,34,0,0,11,,0.05967741935483871,,0.07168079096045198,11.0,11.0,0.0,1.0,0.09016393442622951,0.0
prediction_loss_decoupling,offroute120,offroute120,14,threshold_8,Threshold 8,4,31,15,2,122,120,1.0,,1,34,0,34,0,0,11,,0.05967741935483871,,0.07168079096045198,11.0,11.0,0.0,1.0,0.09016393442622951,0.0
prediction_loss_decoupling,offroute120,offroute120,14,uncertainty_cost_avoidance,Cost avoidance,0,31,15,2,122,120,1.0,,1,49,9,49,0,0,9,,0.06559139784946237,,0.08968926553672317,0.0,0.0,0.0,1.0,0.0,0.0
prediction_loss_decoupling,offroute120,offroute120,14,uncertainty_cost_avoidance,Cost avoidance,1,31,15,2,122,120,1.0,,1,36,2,36,0,0,11,,0.06559139784946237,,0.08968926553672317,0.0,0.0,0.0,1.0,0.0,0.0
prediction_loss_decoupling,offroute120,offroute120,14,uncertainty_cost_avoidance,Cost avoidance,2,31,15,2,122,120,1.0,,1,34,0,34,0,0,11,,0.06559139784946237,,0.08968926553672317,0.0,0.0,0.0,1.0,0.0,0.0
prediction_loss_decoupling,offroute120,offroute120,14,uncertainty_cost_avoidance,Cost avoidance,3,31,15,2,122,120,1.0,,1,34,0,34,0,0,11,,0.06559139784946237,,0.08968926553672317,0.0,0.0,0.0,1.0,0.0,0.0
prediction_loss_decoupling,offroute120,offroute120,14,uncertainty_cost_avoidance,Cost avoidance,4,31,15,2,122,120,1.0,,1,34,0,34,0,0,11,,0.06559139784946237,,0.08968926553672317,0.0,0.0,0.0,1.0,0.0,0.0
prediction_loss_decoupling,offroute120,offroute120,14,ccra_exact_guard,CCRA exact,0,31,15,2,122,120,1.0,,1,49,9,49,0,0,9,,0.06075268817204301,,0.0737994350282486,9.0,9.0,0.0,1.0,0.07377049180327869,0.0
prediction_loss_decoupling,offroute120,offroute120,14,ccra_exact_guard,CCRA exact,1,31,15,2,122,120,1.0,,1,36,2,36,0,0,11,,0.05967741935483871,,0.07168079096045198,11.0,11.0,0.0,1.0,0.09016393442622951,0.0
prediction_loss_decoupling,offroute120,offroute120,14,ccra_exact_guard,CCRA exact,2,31,15,2,122,120,1.0,,1,34,0,34,0,0,11,,0.05967741935483871,,0.07168079096045198,11.0,11.0,0.0,1.0,0.09016393442622951,0.0
prediction_loss_decoupling,offroute120,offroute120,14,ccra_exact_guard,CCRA exact,3,31,15,2,122,120,1.0,,1,34,0,34,0,0,11,,0.05967741935483871,,0.07168079096045198,11.0,11.0,0.0,1.0,0.09016393442622951,0.0
prediction_loss_decoupling,offroute120,offroute120,14,ccra_exact_guard,CCRA exact,4,31,15,2,122,120,1.0,,1,34,0,34,0,0,11,,0.05967741935483871,,0.07168079096045198,11.0,11.0,0.0,1.0,0.09016393442622951,0.0
prediction_loss_decoupling,offroute120,offroute120,14,ccra_row_guard,CCRA row,0,31,15,2,122,120,1.0,,1,59,9,59,0,0,9,,0.13440860215053763,,0.3806497175141243,270.0,71.0,199.0,0.26296296296296295,0.5819672131147541,0.737037037037037
prediction_loss_decoupling,offroute120,offroute120,14,ccra_row_guard,CCRA row,1,31,15,2,122,120,1.0,,0,22,6,23,0,0,15,,0.17634408602150536,,0.4081920903954802,450.0,122.0,328.0,0.27111111111111114,1.0,0.7288888888888889
prediction_loss_decoupling,offroute120,offroute120,14,ccra_row_guard,CCRA row,2,31,15,2,122,120,1.0,,0,0,0,1,0,0,15,,0.17634408602150536,,0.4081920903954802,450.0,122.0,328.0,0.27111111111111114,1.0,0.7288888888888889
prediction_loss_decoupling,offroute120,offroute120,14,ccra_row_guard,CCRA row,3,31,15,2,122,120,1.0,,0,0,0,1,0,0,15,,0.17634408602150536,,0.4081920903954802,450.0,122.0,328.0,0.27111111111111114,1.0,0.7288888888888889
prediction_loss_decoupling,offroute120,offroute120,14,ccra_row_guard,CCRA row,4,31,15,2,122,120,1.0,,0,0,0,1,0,0,15,,0.17634408602150536,,0.4081920903954802,450.0,122.0,328.0,0.27111111111111114,1.0,0.7288888888888889
prediction_loss_decoupling,offroute120,offroute120,14,global_action_repair,Global action,0,31,15,2,122,120,1.0,,0,13,3,14,0,0,1,,0.17634408602150536,,0.4081920903954802,450.0,122.0,328.0,0.27111111111111114,1.0,0.7288888888888889
prediction_loss_decoupling,offroute120,offroute120,14,global_action_repair,Global action,1,31,15,2,122,120,1.0,,0,0,0,1,0,0,1,,0.17634408602150536,,0.4081920903954802,450.0,122.0,328.0,0.27111111111111114,1.0,0.7288888888888889
prediction_loss_decoupling,offroute120,offroute120,14,global_action_repair,Global action,2,31,15,2,122,120,1.0,,0,0,0,1,0,0,1,,0.17634408602150536,,0.4081920903954802,450.0,122.0,328.0,0.27111111111111114,1.0,0.7288888888888889
prediction_loss_decoupling,offroute120,offroute120,14,global_action_repair,Global action,3,31,15,2,122,120,1.0,,0,0,0,1,0,0,1,,0.17634408602150536,,0.4081920903954802,450.0,122.0,328.0,0.27111111111111114,1.0,0.7288888888888889
prediction_loss_decoupling,offroute120,offroute120,14,global_action_repair,Global action,4,31,15,2,122,120,1.0,,0,0,0,1,0,0,1,,0.17634408602150536,,0.4081920903954802,450.0,122.0,328.0,0.27111111111111114,1.0,0.7288888888888889
prediction_loss_decoupling,offroute120,offroute120,14,oracle_fault_model,Oracle,0,31,15,2,122,120,1.0,,1,34,0,34,0,0,0,,0.0,,0.0,122.0,122.0,0.0,1.0,1.0,0.0
prediction_loss_decoupling,offroute120,offroute120,14,oracle_fault_model,Oracle,1,31,15,2,122,120,1.0,,1,34,0,34,0,0,0,,0.0,,0.0,122.0,122.0,0.0,1.0,1.0,0.0
prediction_loss_decoupling,offroute120,offroute120,14,oracle_fault_model,Oracle,2,31,15,2,122,120,1.0,,1,34,0,34,0,0,0,,0.0,,0.0,122.0,122.0,0.0,1.0,1.0,0.0
prediction_loss_decoupling,offroute120,offroute120,14,oracle_fault_model,Oracle,3,31,15,2,122,120,1.0,,1,34,0,34,0,0,0,,0.0,,0.0,122.0,122.0,0.0,1.0,1.0,0.0
prediction_loss_decoupling,offroute120,offroute120,14,oracle_fault_model,Oracle,4,31,15,2,122,120,1.0,,1,34,0,34,0,0,0,,0.0,,0.0,122.0,122.0,0.0,1.0,1.0,0.0
prediction_loss_decoupling,offroute120,offroute120,15,nominal_no_repair,Nominal,0,31,15,2,122,120,1.0,,0,180,178,3,0,1,0,,0.06559139784946237,,0.08545197740112995,0.0,0.0,0.0,1.0,0.0,0.0
prediction_loss_decoupling,offroute120,offroute120,15,nominal_no_repair,Nominal,1,31,15,2,122,120,1.0,,0,180,178,3,0,1,0,,0.06559139784946237,,0.08545197740112995,0.0,0.0,0.0,1.0,0.0,0.0
prediction_loss_decoupling,offroute120,offroute120,15,nominal_no_repair,Nominal,2,31,15,2,122,120,1.0,,0,180,178,3,0,1,0,,0.06559139784946237,,0.08545197740112995,0.0,0.0,0.0,1.0,0.0,0.0
prediction_loss_decoupling,offroute120,offroute120,15,nominal_no_repair,Nominal,3,31,15,2,122,120,1.0,,0,180,178,3,0,1,0,,0.06559139784946237,,0.08545197740112995,0.0,0.0,0.0,1.0,0.0,0.0
prediction_loss_decoupling,offroute120,offroute120,15,nominal_no_repair,Nominal,4,31,15,2,122,120,1.0,,0,180,178,3,0,1,0,,0.06559139784946237,,0.08545197740112995,0.0,0.0,0.0,1.0,0.0,0.0
prediction_loss_decoupling,offroute120,offroute120,15,shield_only,Shield only,0,31,15,2,122,120,1.0,,0,180,178,4,1,1,1,,0.06559139784946237,,0.08545197740112995,0.0,0.0,0.0,1.0,0.0,0.0
prediction_loss_decoupling,offroute120,offroute120,15,shield_only,Shield only,1,31,15,2,122,120,1.0,,0,180,178,3,1,1,1,,0.06559139784946237,,0.08545197740112995,0.0,0.0,0.0,1.0,0.0,0.0
prediction_loss_decoupling,offroute120,offroute120,15,shield_only,Shield only,2,31,15,2,122,120,1.0,,0,180,178,3,1,1,1,,0.06559139784946237,,0.08545197740112995,0.0,0.0,0.0,1.0,0.0,0.0
prediction_loss_decoupling,offroute120,offroute120,15,shield_only,Shield only,3,31,15,2,122,120,1.0,,0,180,178,3,1,1,1,,0.06559139784946237,,0.08545197740112995,0.0,0.0,0.0,1.0,0.0,0.0
prediction_loss_decoupling,offroute120,offroute120,15,shield_only,Shield only,4,31,15,2,122,120,1.0,,0,180,178,3,1,1,1,,0.06559139784946237,,0.08545197740112995,0.0,0.0,0.0,1.0,0.0,0.0
prediction_loss_decoupling,offroute120,offroute120,15,batch_episode_retrain,Batch episode,0,31,15,2,122,120,1.0,,0,180,178,3,0,1,0,,0.06559139784946237,,0.08545197740112995,0.0,0.0,0.0,1.0,0.0,0.0
prediction_loss_decoupling,offroute120,offroute120,15,batch_episode_retrain,Batch episode,1,31,15,2,122,120,1.0,,0,180,177,4,0,1,1,,0.06505376344086021,,0.07662429378531073,1.0,1.0,0.0,1.0,0.00819672131147541,0.0
prediction_loss_decoupling,offroute120,offroute120,15,batch_episode_retrain,Batch episode,2,31,15,2,122,120,1.0,,0,180,172,9,0,1,2,,0.06451612903225806,,0.0748587570621469,2.0,2.0,0.0,1.0,0.01639344262295082,0.0
prediction_loss_decoupling,offroute120,offroute120,15,batch_episode_retrain,Batch episode,3,31,15,2,122,120,1.0,,0,180,166,15,0,1,3,,0.06397849462365592,,0.07309322033898305,3.0,3.0,0.0,1.0,0.02459016393442623,0.0
prediction_loss_decoupling,offroute120,offroute120,15,batch_episode_retrain,Batch episode,4,31,15,2,122,120,1.0,,0,180,165,16,0,1,4,,0.06344086021505377,,0.06426553672316385,4.0,4.0,0.0,1.0,0.03278688524590164,0.0
prediction_loss_decoupling,offroute120,offroute120,15,threshold_8,Threshold 8,0,31,15,2,122,120,1.0,,1,86,48,86,0,0,6,,0.06236559139784946,,0.06073446327683616,6.0,6.0,0.0,1.0,0.04918032786885246,0.0
prediction_loss_decoupling,offroute120,offroute120,15,threshold_8,Threshold 8,1,31,15,2,122,120,1.0,,1,34,0,34,0,0,6,,0.06236559139784946,,0.06073446327683616,6.0,6.0,0.0,1.0,0.04918032786885246,0.0
prediction_loss_decoupling,offroute120,offroute120,15,threshold_8,Threshold 8,2,31,15,2,122,120,1.0,,1,34,0,34,0,0,6,,0.06236559139784946,,0.06073446327683616,6.0,6.0,0.0,1.0,0.04918032786885246,0.0
prediction_loss_decoupling,offroute120,offroute120,15,threshold_8,Threshold 8,3,31,15,2,122,120,1.0,,1,34,0,34,0,0,6,,0.06236559139784946,,0.06073446327683616,6.0,6.0,0.0,1.0,0.04918032786885246,0.0
prediction_loss_decoupling,offroute120,offroute120,15,threshold_8,Threshold 8,4,31,15,2,122,120,1.0,,1,34,0,34,0,0,6,,0.06236559139784946,,0.06073446327683616,6.0,6.0,0.0,1.0,0.04918032786885246,0.0
prediction_loss_decoupling,offroute120,offroute120,15,uncertainty_cost_avoidance,Cost avoidance,0,31,15,2,122,120,1.0,,1,44,6,44,0,0,6,,0.06559139784946237,,0.08545197740112995,0.0,0.0,0.0,1.0,0.0,0.0
prediction_loss_decoupling,offroute120,offroute120,15,uncertainty_cost_avoidance,Cost avoidance,1,31,15,2,122,120,1.0,,1,34,0,34,0,0,6,,0.06559139784946237,,0.08545197740112995,0.0,0.0,0.0,1.0,0.0,0.0
prediction_loss_decoupling,offroute120,offroute120,15,uncertainty_cost_avoidance,Cost avoidance,2,31,15,2,122,120,1.0,,1,34,0,34,0,0,6,,0.06559139784946237,,0.08545197740112995,0.0,0.0,0.0,1.0,0.0,0.0
prediction_loss_decoupling,offroute120,offroute120,15,uncertainty_cost_avoidance,Cost avoidance,3,31,15,2,122,120,1.0,,1,34,0,34,0,0,6,,0.06559139784946237,,0.08545197740112995,0.0,0.0,0.0,1.0,0.0,0.0
prediction_loss_decoupling,offroute120,offroute120,15,uncertainty_cost_avoidance,Cost avoidance,4,31,15,2,122,120,1.0,,1,34,0,34,0,0,6,,0.06559139784946237,,0.08545197740112995,0.0,0.0,0.0,1.0,0.0,0.0
prediction_loss_decoupling,offroute120,offroute120,15,ccra_exact_guard,CCRA exact,0,31,15,2,122,120,1.0,,1,44,6,44,0,0,6,,0.06236559139784946,,0.06073446327683616,6.0,6.0,0.0,1.0,0.04918032786885246,0.0
prediction_loss_decoupling,offroute120,offroute120,15,ccra_exact_guard,CCRA exact,1,31,15,2,122,120,1.0,,1,34,0,34,0,0,6,,0.06236559139784946,,0.06073446327683616,6.0,6.0,0.0,1.0,0.04918032786885246,0.0
prediction_loss_decoupling,offroute120,offroute120,15,ccra_exact_guard,CCRA exact,2,31,15,2,122,120,1.0,,1,34,0,34,0,0,6,,0.06236559139784946,,0.06073446327683616,6.0,6.0,0.0,1.0,0.04918032786885246,0.0
prediction_loss_decoupling,offroute120,offroute120,15,ccra_exact_guard,CCRA exact,3,31,15,2,122,120,1.0,,1,34,0,34,0,0,6,,0.06236559139784946,,0.06073446327683616,6.0,6.0,0.0,1.0,0.04918032786885246,0.0
prediction_loss_decoupling,offroute120,offroute120,15,ccra_exact_guard,CCRA exact,4,31,15,2,122,120,1.0,,1,34,0,34,0,0,6,,0.06236559139784946,,0.06073446327683616,6.0,6.0,0.0,1.0,0.04918032786885246,0.0
prediction_loss_decoupling,offroute120,offroute120,15,ccra_row_guard,CCRA row,0,31,15,2,122,120,1.0,,1,62,10,62,0,0,10,,0.13978494623655913,,0.3884180790960452,300.0,81.0,219.0,0.27,0.6639344262295082,0.73
prediction_loss_decoupling,offroute120,offroute120,15,ccra_row_guard,CCRA row,1,31,15,2,122,120,1.0,,0,26,5,27,0,0,15,,0.17634408602150536,,0.4124293785310734,450.0,122.0,328.0,0.27111111111111114,1.0,0.7288888888888889
prediction_loss_decoupling,offroute120,offroute120,15,ccra_row_guard,CCRA row,2,31,15,2,122,120,1.0,,0,0,0,1,0,0,15,,0.17634408602150536,,0.4124293785310734,450.0,122.0,328.0,0.27111111111111114,1.0,0.7288888888888889
prediction_loss_decoupling,offroute120,offroute120,15,ccra_row_guard,CCRA row,3,31,15,2,122,120,1.0,,0,0,0,1,0,0,15,,0.17634408602150536,,0.4124293785310734,450.0,122.0,328.0,0.27111111111111114,1.0,0.7288888888888889
prediction_loss_decoupling,offroute120,offroute120,15,ccra_row_guard,CCRA row,4,31,15,2,122,120,1.0,,0,0,0,1,0,0,15,,0.17634408602150536,,0.4124293785310734,450.0,122.0,328.0,0.27111111111111114,1.0,0.7288888888888889
prediction_loss_decoupling,offroute120,offroute120,15,global_action_repair,Global action,0,31,15,2,122,120,1.0,,0,5,3,6,0,0,1,,0.17634408602150536,,0.4124293785310734,450.0,122.0,328.0,0.27111111111111114,1.0,0.7288888888888889
prediction_loss_decoupling,offroute120,offroute120,15,global_action_repair,Global action,1,31,15,2,122,120,1.0,,0,0,0,1,0,0,1,,0.17634408602150536,,0.4124293785310734,450.0,122.0,328.0,0.27111111111111114,1.0,0.7288888888888889
prediction_loss_decoupling,offroute120,offroute120,15,global_action_repair,Global action,2,31,15,2,122,120,1.0,,0,0,0,1,0,0,1,,0.17634408602150536,,0.4124293785310734,450.0,122.0,328.0,0.27111111111111114,1.0,0.7288888888888889
prediction_loss_decoupling,offroute120,offroute120,15,global_action_repair,Global action,3,31,15,2,122,120,1.0,,0,0,0,1,0,0,1,,0.17634408602150536,,0.4124293785310734,450.0,122.0,328.0,0.27111111111111114,1.0,0.7288888888888889
prediction_loss_decoupling,offroute120,offroute120,15,global_action_repair,Global action,4,31,15,2,122,120,1.0,,0,0,0,1,0,0,1,,0.17634408602150536,,0.4124293785310734,450.0,122.0,328.0,0.27111111111111114,1.0,0.7288888888888889
prediction_loss_decoupling,offroute120,offroute120,15,oracle_fault_model,Oracle,0,31,15,2,122,120,1.0,,1,34,0,34,0,0,0,,0.0,,0.0,122.0,122.0,0.0,1.0,1.0,0.0
prediction_loss_decoupling,offroute120,offroute120,15,oracle_fault_model,Oracle,1,31,15,2,122,120,1.0,,1,34,0,34,0,0,0,,0.0,,0.0,122.0,122.0,0.0,1.0,1.0,0.0
prediction_loss_decoupling,offroute120,offroute120,15,oracle_fault_model,Oracle,2,31,15,2,122,120,1.0,,1,34,0,34,0,0,0,,0.0,,0.0,122.0,122.0,0.0,1.0,1.0,0.0
prediction_loss_decoupling,offroute120,offroute120,15,oracle_fault_model,Oracle,3,31,15,2,122,120,1.0,,1,34,0,34,0,0,0,,0.0,,0.0,122.0,122.0,0.0,1.0,1.0,0.0
prediction_loss_decoupling,offroute120,offroute120,15,oracle_fault_model,Oracle,4,31,15,2,122,120,1.0,,1,34,0,34,0,0,0,,0.0,,0.0,122.0,122.0,0.0,1.0,1.0,0.0
prediction_loss_decoupling,offroute120,offroute120,16,nominal_no_repair,Nominal,0,31,15,2,122,120,1.0,,0,180,165,16,0,1,0,,0.06559139784946237,,0.08121468926553672,0.0,0.0,0.0,1.0,0.0,0.0
prediction_loss_decoupling,offroute120,offroute120,16,nominal_no_repair,Nominal,1,31,15,2,122,120,1.0,,0,180,165,16,0,1,0,,0.06559139784946237,,0.08121468926553672,0.0,0.0,0.0,1.0,0.0,0.0
prediction_loss_decoupling,offroute120,offroute120,16,nominal_no_repair,Nominal,2,31,15,2,122,120,1.0,,0,180,165,16,0,1,0,,0.06559139784946237,,0.08121468926553672,0.0,0.0,0.0,1.0,0.0,0.0
prediction_loss_decoupling,offroute120,offroute120,16,nominal_no_repair,Nominal,3,31,15,2,122,120,1.0,,0,180,165,16,0,1,0,,0.06559139784946237,,0.08121468926553672,0.0,0.0,0.0,1.0,0.0,0.0
prediction_loss_decoupling,offroute120,offroute120,16,nominal_no_repair,Nominal,4,31,15,2,122,120,1.0,,0,180,165,16,0,1,0,,0.06559139784946237,,0.08121468926553672,0.0,0.0,0.0,1.0,0.0,0.0
prediction_loss_decoupling,offroute120,offroute120,16,shield_only,Shield only,0,31,15,2,122,120,1.0,,0,180,165,17,1,1,1,,0.06559139784946237,,0.08121468926553672,0.0,0.0,0.0,1.0,0.0,0.0
prediction_loss_decoupling,offroute120,offroute120,16,shield_only,Shield only,1,31,15,2,122,120,1.0,,0,180,165,16,1,1,1,,0.06559139784946237,,0.08121468926553672,0.0,0.0,0.0,1.0,0.0,0.0
prediction_loss_decoupling,offroute120,offroute120,16,shield_only,Shield only,2,31,15,2,122,120,1.0,,0,180,165,16,1,1,1,,0.06559139784946237,,0.08121468926553672,0.0,0.0,0.0,1.0,0.0,0.0
prediction_loss_decoupling,offroute120,offroute120,16,shield_only,Shield only,3,31,15,2,122,120,1.0,,0,180,165,16,1,1,1,,0.06559139784946237,,0.08121468926553672,0.0,0.0,0.0,1.0,0.0,0.0
prediction_loss_decoupling,offroute120,offroute120,16,shield_only,Shield only,4,31,15,2,122,120,1.0,,0,180,165,16,1,1,1,,0.06559139784946237,,0.08121468926553672,0.0,0.0,0.0,1.0,0.0,0.0
prediction_loss_decoupling,offroute120,offroute120,16,batch_episode_retrain,Batch episode,0,31,15,2,122,120,1.0,,0,180,165,16,0,1,0,,0.06559139784946237,,0.08121468926553672,0.0,0.0,0.0,1.0,0.0,0.0
prediction_loss_decoupling,offroute120,offroute120,16,batch_episode_retrain,Batch episode,1,31,15,2,122,120,1.0,,0,180,159,22,0,1,1,,0.06505376344086021,,0.07238700564971752,1.0,1.0,0.0,1.0,0.00819672131147541,0.0
prediction_loss_decoupling,offroute120,offroute120,16,batch_episode_retrain,Batch episode,2,31,15,2,122,120,1.0,,1,32,0,32,0,0,2,,0.06451612903225806,,0.07062146892655367,2.0,2.0,0.0,1.0,0.01639344262295082,0.0
prediction_loss_decoupling,offroute120,offroute120,16,batch_episode_retrain,Batch episode,3,31,15,2,122,120,1.0,,1,32,0,32,0,0,2,,0.06451612903225806,,0.07062146892655367,2.0,2.0,0.0,1.0,0.01639344262295082,0.0
prediction_loss_decoupling,offroute120,offroute120,16,batch_episode_retrain,Batch episode,4,31,15,2,122,120,1.0,,1,32,0,32,0,0,2,,0.06451612903225806,,0.07062146892655367,2.0,2.0,0.0,1.0,0.01639344262295082,0.0
prediction_loss_decoupling,offroute120,offroute120,16,threshold_8,Threshold 8,0,31,15,2,122,120,1.0,,1,48,16,48,0,0,2,,0.06451612903225806,,0.07062146892655367,2.0,2.0,0.0,1.0,0.01639344262295082,0.0
prediction_loss_decoupling,offroute120,offroute120,16,threshold_8,Threshold 8,1,31,15,2,122,120,1.0,,1,32,0,32,0,0,2,,0.06451612903225806,,0.07062146892655367,2.0,2.0,0.0,1.0,0.01639344262295082,0.0
prediction_loss_decoupling,offroute120,offroute120,16,threshold_8,Threshold 8,2,31,15,2,122,120,1.0,,1,32,0,32,0,0,2,,0.06451612903225806,,0.07062146892655367,2.0,2.0,0.0,1.0,0.01639344262295082,0.0
prediction_loss_decoupling,offroute120,offroute120,16,threshold_8,Threshold 8,3,31,15,2,122,120,1.0,,1,32,0,32,0,0,2,,0.06451612903225806,,0.07062146892655367,2.0,2.0,0.0,1.0,0.01639344262295082,0.0
prediction_loss_decoupling,offroute120,offroute120,16,threshold_8,Threshold 8,4,31,15,2,122,120,1.0,,1,32,0,32,0,0,2,,0.06451612903225806,,0.07062146892655367,2.0,2.0,0.0,1.0,0.01639344262295082,0.0
prediction_loss_decoupling,offroute120,offroute120,16,uncertainty_cost_avoidance,Cost avoidance,0,31,15,2,122,120,1.0,,1,34,2,34,0,0,2,,0.06559139784946237,,0.08121468926553672,0.0,0.0,0.0,1.0,0.0,0.0
prediction_loss_decoupling,offroute120,offroute120,16,uncertainty_cost_avoidance,Cost avoidance,1,31,15,2,122,120,1.0,,1,32,0,32,0,0,2,,0.06559139784946237,,0.08121468926553672,0.0,0.0,0.0,1.0,0.0,0.0
prediction_loss_decoupling,offroute120,offroute120,16,uncertainty_cost_avoidance,Cost avoidance,2,31,15,2,122,120,1.0,,1,32,0,32,0,0,2,,0.06559139784946237,,0.08121468926553672,0.0,0.0,0.0,1.0,0.0,0.0
prediction_loss_decoupling,offroute120,offroute120,16,uncertainty_cost_avoidance,Cost avoidance,3,31,15,2,122,120,1.0,,1,32,0,32,0,0,2,,0.06559139784946237,,0.08121468926553672,0.0,0.0,0.0,1.0,0.0,0.0
prediction_loss_decoupling,offroute120,offroute120,16,uncertainty_cost_avoidance,Cost avoidance,4,31,15,2,122,120,1.0,,1,32,0,32,0,0,2,,0.06559139784946237,,0.08121468926553672,0.0,0.0,0.0,1.0,0.0,0.0
prediction_loss_decoupling,offroute120,offroute120,16,ccra_exact_guard,CCRA exact,0,31,15,2,122,120,1.0,,1,34,2,34,0,0,2,,0.06451612903225806,,0.07062146892655367,2.0,2.0,0.0,1.0,0.01639344262295082,0.0
prediction_loss_decoupling,offroute120,offroute120,16,ccra_exact_guard,CCRA exact,1,31,15,2,122,120,1.0,,1,32,0,32,0,0,2,,0.06451612903225806,,0.07062146892655367,2.0,2.0,0.0,1.0,0.01639344262295082,0.0
prediction_loss_decoupling,offroute120,offroute120,16,ccra_exact_guard,CCRA exact,2,31,15,2,122,120,1.0,,1,32,0,32,0,0,2,,0.06451612903225806,,0.07062146892655367,2.0,2.0,0.0,1.0,0.01639344262295082,0.0
prediction_loss_decoupling,offroute120,offroute120,16,ccra_exact_guard,CCRA exact,3,31,15,2,122,120,1.0,,1,32,0,32,0,0,2,,0.06451612903225806,,0.07062146892655367,2.0,2.0,0.0,1.0,0.01639344262295082,0.0
prediction_loss_decoupling,offroute120,offroute120,16,ccra_exact_guard,CCRA exact,4,31,15,2,122,120,1.0,,1,32,0,32,0,0,2,,0.06451612903225806,,0.07062146892655367,2.0,2.0,0.0,1.0,0.01639344262295082,0.0
prediction_loss_decoupling,offroute120,offroute120,16,ccra_row_guard,CCRA row,0,31,15,2,122,120,1.0,,1,45,5,45,0,0,5,,0.10752688172043011,,0.3714689265536723,150.0,36.0,114.0,0.24,0.29508196721311475,0.76
prediction_loss_decoupling,offroute120,offroute120,16,ccra_row_guard,CCRA row,1,31,15,2,122,120,1.0,,0,47,10,48,0,0,15,,0.17634408602150536,,0.4166666666666667,450.0,122.0,328.0,0.27111111111111114,1.0,0.7288888888888889
prediction_loss_decoupling,offroute120,offroute120,16,ccra_row_guard,CCRA row,2,31,15,2,122,120,1.0,,0,0,0,1,0,0,15,,0.17634408602150536,,0.4166666666666667,450.0,122.0,328.0,0.27111111111111114,1.0,0.7288888888888889
prediction_loss_decoupling,offroute120,offroute120,16,ccra_row_guard,CCRA row,3,31,15,2,122,120,1.0,,0,0,0,1,0,0,15,,0.17634408602150536,,0.4166666666666667,450.0,122.0,328.0,0.27111111111111114,1.0,0.7288888888888889
prediction_loss_decoupling,offroute120,offroute120,16,ccra_row_guard,CCRA row,4,31,15,2,122,120,1.0,,0,0,0,1,0,0,15,,0.17634408602150536,,0.4166666666666667,450.0,122.0,328.0,0.27111111111111114,1.0,0.7288888888888889
prediction_loss_decoupling,offroute120,offroute120,16,global_action_repair,Global action,0,31,15,2,122,120,1.0,,0,18,3,19,0,0,1,,0.17634408602150536,,0.4166666666666667,450.0,122.0,328.0,0.27111111111111114,1.0,0.7288888888888889
prediction_loss_decoupling,offroute120,offroute120,16,global_action_repair,Global action,1,31,15,2,122,120,1.0,,0,0,0,1,0,0,1,,0.17634408602150536,,0.4166666666666667,450.0,122.0,328.0,0.27111111111111114,1.0,0.7288888888888889
prediction_loss_decoupling,offroute120,offroute120,16,global_action_repair,Global action,2,31,15,2,122,120,1.0,,0,0,0,1,0,0,1,,0.17634408602150536,,0.4166666666666667,450.0,122.0,328.0,0.27111111111111114,1.0,0.7288888888888889
prediction_loss_decoupling,offroute120,offroute120,16,global_action_repair,Global action,3,31,15,2,122,120,1.0,,0,0,0,1,0,0,1,,0.17634408602150536,,0.4166666666666667,450.0,122.0,328.0,0.27111111111111114,1.0,0.7288888888888889
prediction_loss_decoupling,offroute120,offroute120,16,global_action_repair,Global action,4,31,15,2,122,120,1.0,,0,0,0,1,0,0,1,,0.17634408602150536,,0.4166666666666667,450.0,122.0,328.0,0.27111111111111114,1.0,0.7288888888888889
prediction_loss_decoupling,offroute120,offroute120,16,oracle_fault_model,Oracle,0,31,15,2,122,120,1.0,,1,32,0,32,0,0,0,,0.0,,0.0,122.0,122.0,0.0,1.0,1.0,0.0
prediction_loss_decoupling,offroute120,offroute120,16,oracle_fault_model,Oracle,1,31,15,2,122,120,1.0,,1,32,0,32,0,0,0,,0.0,,0.0,122.0,122.0,0.0,1.0,1.0,0.0
prediction_loss_decoupling,offroute120,offroute120,16,oracle_fault_model,Oracle,2,31,15,2,122,120,1.0,,1,32,0,32,0,0,0,,0.0,,0.0,122.0,122.0,0.0,1.0,1.0,0.0
prediction_loss_decoupling,offroute120,offroute120,16,oracle_fault_model,Oracle,3,31,15,2,122,120,1.0,,1,32,0,32,0,0,0,,0.0,,0.0,122.0,122.0,0.0,1.0,1.0,0.0
prediction_loss_decoupling,offroute120,offroute120,16,oracle_fault_model,Oracle,4,31,15,2,122,120,1.0,,1,32,0,32,0,0,0,,0.0,,0.0,122.0,122.0,0.0,1.0,1.0,0.0
prediction_loss_decoupling,offroute120,offroute120,17,nominal_no_repair,Nominal,0,31,15,2,122,120,1.0,,0,180,171,10,0,1,0,,0.06559139784946237,,0.07556497175141243,0.0,0.0,0.0,1.0,0.0,0.0
prediction_loss_decoupling,offroute120,offroute120,17,nominal_no_repair,Nominal,1,31,15,2,122,120,1.0,,0,180,171,10,0,1,0,,0.06559139784946237,,0.07556497175141243,0.0,0.0,0.0,1.0,0.0,0.0
prediction_loss_decoupling,offroute120,offroute120,17,nominal_no_repair,Nominal,2,31,15,2,122,120,1.0,,0,180,171,10,0,1,0,,0.06559139784946237,,0.07556497175141243,0.0,0.0,0.0,1.0,0.0,0.0
prediction_loss_decoupling,offroute120,offroute120,17,nominal_no_repair,Nominal,3,31,15,2,122,120,1.0,,0,180,171,10,0,1,0,,0.06559139784946237,,0.07556497175141243,0.0,0.0,0.0,1.0,0.0,0.0
prediction_loss_decoupling,offroute120,offroute120,17,nominal_no_repair,Nominal,4,31,15,2,122,120,1.0,,0,180,171,10,0,1,0,,0.06559139784946237,,0.07556497175141243,0.0,0.0,0.0,1.0,0.0,0.0
prediction_loss_decoupling,offroute120,offroute120,17,shield_only,Shield only,0,31,15,2,122,120,1.0,,0,180,171,11,1,1,1,,0.06559139784946237,,0.07556497175141243,0.0,0.0,0.0,1.0,0.0,0.0
prediction_loss_decoupling,offroute120,offroute120,17,shield_only,Shield only,1,31,15,2,122,120,1.0,,0,180,171,10,1,1,1,,0.06559139784946237,,0.07556497175141243,0.0,0.0,0.0,1.0,0.0,0.0
prediction_loss_decoupling,offroute120,offroute120,17,shield_only,Shield only,2,31,15,2,122,120,1.0,,0,180,171,10,1,1,1,,0.06559139784946237,,0.07556497175141243,0.0,0.0,0.0,1.0,0.0,0.0
prediction_loss_decoupling,offroute120,offroute120,17,shield_only,Shield only,3,31,15,2,122,120,1.0,,0,180,171,10,1,1,1,,0.06559139784946237,,0.07556497175141243,0.0,0.0,0.0,1.0,0.0,0.0
prediction_loss_decoupling,offroute120,offroute120,17,shield_only,Shield only,4,31,15,2,122,120,1.0,,0,180,171,10,1,1,1,,0.06559139784946237,,0.07556497175141243,0.0,0.0,0.0,1.0,0.0,0.0
prediction_loss_decoupling,offroute120,offroute120,17,batch_episode_retrain,Batch episode,0,31,15,2,122,120,1.0,,0,180,171,10,0,1,0,,0.06559139784946237,,0.07556497175141243,0.0,0.0,0.0,1.0,0.0,0.0
prediction_loss_decoupling,offroute120,offroute120,17,batch_episode_retrain,Batch episode,1,31,15,2,122,120,1.0,,0,180,169,12,0,1,1,,0.06505376344086021,,0.06673728813559322,1.0,1.0,0.0,1.0,0.00819672131147541,0.0
prediction_loss_decoupling,offroute120,offroute120,17,batch_episode_retrain,Batch episode,2,31,15,2,122,120,1.0,,0,180,166,15,0,1,2,,0.06451612903225806,,0.06497175141242938,2.0,2.0,0.0,1.0,0.01639344262295082,0.0
prediction_loss_decoupling,offroute120,offroute120,17,batch_episode_retrain,Batch episode,3,31,15,2,122,120,1.0,,0,180,169,12,0,1,3,,0.06397849462365592,,0.05614406779661017,3.0,3.0,0.0,1.0,0.02459016393442623,0.0
prediction_loss_decoupling,offroute120,offroute120,17,batch_episode_retrain,Batch episode,4,31,15,2,122,120,1.0,,0,180,165,16,0,1,4,,0.06344086021505377,,0.054378531073446326,4.0,4.0,0.0,1.0,0.03278688524590164,0.0
prediction_loss_decoupling,offroute120,offroute120,17,threshold_8,Threshold 8,0,31,15,2,122,120,1.0,,1,76,40,76,0,0,5,,0.06290322580645161,,0.05261299435028249,5.0,5.0,0.0,1.0,0.040983606557377046,0.0
prediction_loss_decoupling,offroute120,offroute120,17,threshold_8,Threshold 8,1,31,15,2,122,120,1.0,,1,42,8,42,0,0,6,,0.06236559139784946,,0.05084745762711865,6.0,6.0,0.0,1.0,0.04918032786885246,0.0
prediction_loss_decoupling,offroute120,offroute120,17,threshold_8,Threshold 8,2,31,15,2,122,120,1.0,,1,34,0,34,0,0,6,,0.06236559139784946,,0.05084745762711865,6.0,6.0,0.0,1.0,0.04918032786885246,0.0
prediction_loss_decoupling,offroute120,offroute120,17,threshold_8,Threshold 8,3,31,15,2,122,120,1.0,,1,34,0,34,0,0,6,,0.06236559139784946,,0.05084745762711865,6.0,6.0,0.0,1.0,0.04918032786885246,0.0
prediction_loss_decoupling,offroute120,offroute120,17,threshold_8,Threshold 8,4,31,15,2,122,120,1.0,,1,34,0,34,0,0,6,,0.06236559139784946,,0.05084745762711865,6.0,6.0,0.0,1.0,0.04918032786885246,0.0
prediction_loss_decoupling,offroute120,offroute120,17,uncertainty_cost_avoidance,Cost avoidance,0,31,15,2,122,120,1.0,,1,41,5,41,0,0,5,,0.06559139784946237,,0.07556497175141243,0.0,0.0,0.0,1.0,0.0,0.0
prediction_loss_decoupling,offroute120,offroute120,17,uncertainty_cost_avoidance,Cost avoidance,1,31,15,2,122,120,1.0,,1,35,1,35,0,0,6,,0.06559139784946237,,0.07556497175141243,0.0,0.0,0.0,1.0,0.0,0.0
prediction_loss_decoupling,offroute120,offroute120,17,uncertainty_cost_avoidance,Cost avoidance,2,31,15,2,122,120,1.0,,1,34,0,34,0,0,6,,0.06559139784946237,,0.07556497175141243,0.0,0.0,0.0,1.0,0.0,0.0
prediction_loss_decoupling,offroute120,offroute120,17,uncertainty_cost_avoidance,Cost avoidance,3,31,15,2,122,120,1.0,,1,34,0,34,0,0,6,,0.06559139784946237,,0.07556497175141243,0.0,0.0,0.0,1.0,0.0,0.0
prediction_loss_decoupling,offroute120,offroute120,17,uncertainty_cost_avoidance,Cost avoidance,4,31,15,2,122,120,1.0,,1,34,0,34,0,0,6,,0.06559139784946237,,0.07556497175141243,0.0,0.0,0.0,1.0,0.0,0.0
prediction_loss_decoupling,offroute120,offroute120,17,ccra_exact_guard,CCRA exact,0,31,15,2,122,120,1.0,,1,41,5,41,0,0,5,,0.06290322580645161,,0.05261299435028249,5.0,5.0,0.0,1.0,0.040983606557377046,0.0
prediction_loss_decoupling,offroute120,offroute120,17,ccra_exact_guard,CCRA exact,1,31,15,2,122,120,1.0,,1,35,1,35,0,0,6,,0.06236559139784946,,0.05084745762711865,6.0,6.0,0.0,1.0,0.04918032786885246,0.0
prediction_loss_decoupling,offroute120,offroute120,17,ccra_exact_guard,CCRA exact,2,31,15,2,122,120,1.0,,1,34,0,34,0,0,6,,0.06236559139784946,,0.05084745762711865,6.0,6.0,0.0,1.0,0.04918032786885246,0.0
prediction_loss_decoupling,offroute120,offroute120,17,ccra_exact_guard,CCRA exact,3,31,15,2,122,120,1.0,,1,34,0,34,0,0,6,,0.06236559139784946,,0.05084745762711865,6.0,6.0,0.0,1.0,0.04918032786885246,0.0
prediction_loss_decoupling,offroute120,offroute120,17,ccra_exact_guard,CCRA exact,4,31,15,2,122,120,1.0,,1,34,0,34,0,0,6,,0.06236559139784946,,0.05084745762711865,6.0,6.0,0.0,1.0,0.04918032786885246,0.0
prediction_loss_decoupling,offroute120,offroute120,17,ccra_row_guard,CCRA row,0,31,15,2,122,120,1.0,,1,51,7,51,0,0,7,,0.12150537634408602,,0.3862994350282486,210.0,53.0,157.0,0.2523809523809524,0.4344262295081967,0.7476190476190476
prediction_loss_decoupling,offroute120,offroute120,17,ccra_row_guard,CCRA row,1,31,15,2,122,120,1.0,,0,43,8,44,0,0,15,,0.17634408602150536,,0.422316384180791,450.0,122.0,328.0,0.27111111111111114,1.0,0.7288888888888889
prediction_loss_decoupling,offroute120,offroute120,17,ccra_row_guard,CCRA row,2,31,15,2,122,120,1.0,,0,0,0,1,0,0,15,,0.17634408602150536,,0.422316384180791,450.0,122.0,328.0,0.27111111111111114,1.0,0.7288888888888889
prediction_loss_decoupling,offroute120,offroute120,17,ccra_row_guard,CCRA row,3,31,15,2,122,120,1.0,,0,0,0,1,0,0,15,,0.17634408602150536,,0.422316384180791,450.0,122.0,328.0,0.27111111111111114,1.0,0.7288888888888889
prediction_loss_decoupling,offroute120,offroute120,17,ccra_row_guard,CCRA row,4,31,15,2,122,120,1.0,,0,0,0,1,0,0,15,,0.17634408602150536,,0.422316384180791,450.0,122.0,328.0,0.27111111111111114,1.0,0.7288888888888889
prediction_loss_decoupling,offroute120,offroute120,17,global_action_repair,Global action,0,31,15,2,122,120,1.0,,0,12,3,13,0,0,1,,0.17634408602150536,,0.422316384180791,450.0,122.0,328.0,0.27111111111111114,1.0,0.7288888888888889
prediction_loss_decoupling,offroute120,offroute120,17,global_action_repair,Global action,1,31,15,2,122,120,1.0,,0,0,0,1,0,0,1,,0.17634408602150536,,0.422316384180791,450.0,122.0,328.0,0.27111111111111114,1.0,0.7288888888888889
prediction_loss_decoupling,offroute120,offroute120,17,global_action_repair,Global action,2,31,15,2,122,120,1.0,,0,0,0,1,0,0,1,,0.17634408602150536,,0.422316384180791,450.0,122.0,328.0,0.27111111111111114,1.0,0.7288888888888889
prediction_loss_decoupling,offroute120,offroute120,17,global_action_repair,Global action,3,31,15,2,122,120,1.0,,0,0,0,1,0,0,1,,0.17634408602150536,,0.422316384180791,450.0,122.0,328.0,0.27111111111111114,1.0,0.7288888888888889
prediction_loss_decoupling,offroute120,offroute120,17,global_action_repair,Global action,4,31,15,2,122,120,1.0,,0,0,0,1,0,0,1,,0.17634408602150536,,0.422316384180791,450.0,122.0,328.0,0.27111111111111114,1.0,0.7288888888888889
prediction_loss_decoupling,offroute120,offroute120,17,oracle_fault_model,Oracle,0,31,15,2,122,120,1.0,,1,34,0,34,0,0,0,,0.0,,0.0,122.0,122.0,0.0,1.0,1.0,0.0
prediction_loss_decoupling,offroute120,offroute120,17,oracle_fault_model,Oracle,1,31,15,2,122,120,1.0,,1,34,0,34,0,0,0,,0.0,,0.0,122.0,122.0,0.0,1.0,1.0,0.0
prediction_loss_decoupling,offroute120,offroute120,17,oracle_fault_model,Oracle,2,31,15,2,122,120,1.0,,1,34,0,34,0,0,0,,0.0,,0.0,122.0,122.0,0.0,1.0,1.0,0.0
prediction_loss_decoupling,offroute120,offroute120,17,oracle_fault_model,Oracle,3,31,15,2,122,120,1.0,,1,34,0,34,0,0,0,,0.0,,0.0,122.0,122.0,0.0,1.0,1.0,0.0
prediction_loss_decoupling,offroute120,offroute120,17,oracle_fault_model,Oracle,4,31,15,2,122,120,1.0,,1,34,0,34,0,0,0,,0.0,,0.0,122.0,122.0,0.0,1.0,1.0,0.0
prediction_loss_decoupling,offroute120,offroute120,18,nominal_no_repair,Nominal,0,31,15,2,122,120,1.0,,0,180,171,10,0,1,0,,0.06559139784946237,,0.07838983050847458,0.0,0.0,0.0,1.0,0.0,0.0
prediction_loss_decoupling,offroute120,offroute120,18,nominal_no_repair,Nominal,1,31,15,2,122,120,1.0,,0,180,171,10,0,1,0,,0.06559139784946237,,0.07838983050847458,0.0,0.0,0.0,1.0,0.0,0.0
prediction_loss_decoupling,offroute120,offroute120,18,nominal_no_repair,Nominal,2,31,15,2,122,120,1.0,,0,180,171,10,0,1,0,,0.06559139784946237,,0.07838983050847458,0.0,0.0,0.0,1.0,0.0,0.0
prediction_loss_decoupling,offroute120,offroute120,18,nominal_no_repair,Nominal,3,31,15,2,122,120,1.0,,0,180,171,10,0,1,0,,0.06559139784946237,,0.07838983050847458,0.0,0.0,0.0,1.0,0.0,0.0
prediction_loss_decoupling,offroute120,offroute120,18,nominal_no_repair,Nominal,4,31,15,2,122,120,1.0,,0,180,171,10,0,1,0,,0.06559139784946237,,0.07838983050847458,0.0,0.0,0.0,1.0,0.0,0.0
prediction_loss_decoupling,offroute120,offroute120,18,shield_only,Shield only,0,31,15,2,122,120,1.0,,0,180,171,11,1,1,1,,0.06559139784946237,,0.07838983050847458,0.0,0.0,0.0,1.0,0.0,0.0
prediction_loss_decoupling,offroute120,offroute120,18,shield_only,Shield only,1,31,15,2,122,120,1.0,,0,180,171,10,1,1,1,,0.06559139784946237,,0.07838983050847458,0.0,0.0,0.0,1.0,0.0,0.0
prediction_loss_decoupling,offroute120,offroute120,18,shield_only,Shield only,2,31,15,2,122,120,1.0,,0,180,171,10,1,1,1,,0.06559139784946237,,0.07838983050847458,0.0,0.0,0.0,1.0,0.0,0.0
prediction_loss_decoupling,offroute120,offroute120,18,shield_only,Shield only,3,31,15,2,122,120,1.0,,0,180,171,10,1,1,1,,0.06559139784946237,,0.07838983050847458,0.0,0.0,0.0,1.0,0.0,0.0
prediction_loss_decoupling,offroute120,offroute120,18,shield_only,Shield only,4,31,15,2,122,120,1.0,,0,180,171,10,1,1,1,,0.06559139784946237,,0.07838983050847458,0.0,0.0,0.0,1.0,0.0,0.0
prediction_loss_decoupling,offroute120,offroute120,18,batch_episode_retrain,Batch episode,0,31,15,2,122,120,1.0,,0,180,171,10,0,1,0,,0.06559139784946237,,0.07838983050847458,0.0,0.0,0.0,1.0,0.0,0.0
prediction_loss_decoupling,offroute120,offroute120,18,batch_episode_retrain,Batch episode,1,31,15,2,122,120,1.0,,0,180,169,12,0,1,1,,0.06505376344086021,,0.06956214689265537,1.0,1.0,0.0,1.0,0.00819672131147541,0.0
prediction_loss_decoupling,offroute120,offroute120,18,batch_episode_retrain,Batch episode,2,31,15,2,122,120,1.0,,0,180,160,21,0,1,2,,0.06451612903225806,,0.06779661016949153,2.0,2.0,0.0,1.0,0.01639344262295082,0.0
prediction_loss_decoupling,offroute120,offroute120,18,batch_episode_retrain,Batch episode,3,31,15,2,122,120,1.0,,0,180,169,12,0,1,3,,0.06397849462365592,,0.058968926553672314,3.0,3.0,0.0,1.0,0.02459016393442623,0.0
prediction_loss_decoupling,offroute120,offroute120,18,batch_episode_retrain,Batch episode,4,31,15,2,122,120,1.0,,0,180,158,23,0,1,4,,0.06344086021505377,,0.057203389830508475,4.0,4.0,0.0,1.0,0.03278688524590164,0.0
prediction_loss_decoupling,offroute120,offroute120,18,threshold_8,Threshold 8,0,31,15,2,122,120,1.0,,1,66,32,66,0,0,4,,0.06344086021505377,,0.057203389830508475,4.0,4.0,0.0,1.0,0.03278688524590164,0.0
prediction_loss_decoupling,offroute120,offroute120,18,threshold_8,Threshold 8,1,31,15,2,122,120,1.0,,1,42,8,42,0,0,5,,0.06290322580645161,,0.055437853107344635,5.0,5.0,0.0,1.0,0.040983606557377046,0.0
prediction_loss_decoupling,offroute120,offroute120,18,threshold_8,Threshold 8,2,31,15,2,122,120,1.0,,1,34,0,34,0,0,5,,0.06290322580645161,,0.055437853107344635,5.0,5.0,0.0,1.0,0.040983606557377046,0.0
prediction_loss_decoupling,offroute120,offroute120,18,threshold_8,Threshold 8,3,31,15,2,122,120,1.0,,1,34,0,34,0,0,5,,0.06290322580645161,,0.055437853107344635,5.0,5.0,0.0,1.0,0.040983606557377046,0.0
prediction_loss_decoupling,offroute120,offroute120,18,threshold_8,Threshold 8,4,31,15,2,122,120,1.0,,1,34,0,34,0,0,5,,0.06290322580645161,,0.055437853107344635,5.0,5.0,0.0,1.0,0.040983606557377046,0.0
prediction_loss_decoupling,offroute120,offroute120,18,uncertainty_cost_avoidance,Cost avoidance,0,31,15,2,122,120,1.0,,1,38,4,38,0,0,4,,0.06559139784946237,,0.07838983050847458,0.0,0.0,0.0,1.0,0.0,0.0
prediction_loss_decoupling,offroute120,offroute120,18,uncertainty_cost_avoidance,Cost avoidance,1,31,15,2,122,120,1.0,,1,35,1,35,0,0,5,,0.06559139784946237,,0.07838983050847458,0.0,0.0,0.0,1.0,0.0,0.0
prediction_loss_decoupling,offroute120,offroute120,18,uncertainty_cost_avoidance,Cost avoidance,2,31,15,2,122,120,1.0,,1,34,0,34,0,0,5,,0.06559139784946237,,0.07838983050847458,0.0,0.0,0.0,1.0,0.0,0.0
prediction_loss_decoupling,offroute120,offroute120,18,uncertainty_cost_avoidance,Cost avoidance,3,31,15,2,122,120,1.0,,1,34,0,34,0,0,5,,0.06559139784946237,,0.07838983050847458,0.0,0.0,0.0,1.0,0.0,0.0
prediction_loss_decoupling,offroute120,offroute120,18,uncertainty_cost_avoidance,Cost avoidance,4,31,15,2,122,120,1.0,,1,34,0,34,0,0,5,,0.06559139784946237,,0.07838983050847458,0.0,0.0,0.0,1.0,0.0,0.0
prediction_loss_decoupling,offroute120,offroute120,18,ccra_exact_guard,CCRA exact,0,31,15,2,122,120,1.0,,1,38,4,38,0,0,4,,0.06344086021505377,,0.057203389830508475,4.0,4.0,0.0,1.0,0.03278688524590164,0.0
prediction_loss_decoupling,offroute120,offroute120,18,ccra_exact_guard,CCRA exact,1,31,15,2,122,120,1.0,,1,35,1,35,0,0,5,,0.06290322580645161,,0.055437853107344635,5.0,5.0,0.0,1.0,0.040983606557377046,0.0
prediction_loss_decoupling,offroute120,offroute120,18,ccra_exact_guard,CCRA exact,2,31,15,2,122,120,1.0,,1,34,0,34,0,0,5,,0.06290322580645161,,0.055437853107344635,5.0,5.0,0.0,1.0,0.040983606557377046,0.0
prediction_loss_decoupling,offroute120,offroute120,18,ccra_exact_guard,CCRA exact,3,31,15,2,122,120,1.0,,1,34,0,34,0,0,5,,0.06290322580645161,,0.055437853107344635,5.0,5.0,0.0,1.0,0.040983606557377046,0.0
prediction_loss_decoupling,offroute120,offroute120,18,ccra_exact_guard,CCRA exact,4,31,15,2,122,120,1.0,,1,34,0,34,0,0,5,,0.06290322580645161,,0.055437853107344635,5.0,5.0,0.0,1.0,0.040983606557377046,0.0
prediction_loss_decoupling,offroute120,offroute120,18,ccra_row_guard,CCRA row,0,31,15,2,122,120,1.0,,0,58,15,59,0,0,15,,0.17634408602150536,,0.4194915254237288,450.0,122.0,328.0,0.27111111111111114,1.0,0.7288888888888889
prediction_loss_decoupling,offroute120,offroute120,18,ccra_row_guard,CCRA row,1,31,15,2,122,120,1.0,,0,0,0,1,0,0,15,,0.17634408602150536,,0.4194915254237288,450.0,122.0,328.0,0.27111111111111114,1.0,0.7288888888888889
prediction_loss_decoupling,offroute120,offroute120,18,ccra_row_guard,CCRA row,2,31,15,2,122,120,1.0,,0,0,0,1,0,0,15,,0.17634408602150536,,0.4194915254237288,450.0,122.0,328.0,0.27111111111111114,1.0,0.7288888888888889
prediction_loss_decoupling,offroute120,offroute120,18,ccra_row_guard,CCRA row,3,31,15,2,122,120,1.0,,0,0,0,1,0,0,15,,0.17634408602150536,,0.4194915254237288,450.0,122.0,328.0,0.27111111111111114,1.0,0.7288888888888889
prediction_loss_decoupling,offroute120,offroute120,18,ccra_row_guard,CCRA row,4,31,15,2,122,120,1.0,,0,0,0,1,0,0,15,,0.17634408602150536,,0.4194915254237288,450.0,122.0,328.0,0.27111111111111114,1.0,0.7288888888888889
prediction_loss_decoupling,offroute120,offroute120,18,global_action_repair,Global action,0,31,15,2,122,120,1.0,,0,12,3,13,0,0,1,,0.17634408602150536,,0.4194915254237288,450.0,122.0,328.0,0.27111111111111114,1.0,0.7288888888888889
prediction_loss_decoupling,offroute120,offroute120,18,global_action_repair,Global action,1,31,15,2,122,120,1.0,,0,0,0,1,0,0,1,,0.17634408602150536,,0.4194915254237288,450.0,122.0,328.0,0.27111111111111114,1.0,0.7288888888888889
prediction_loss_decoupling,offroute120,offroute120,18,global_action_repair,Global action,2,31,15,2,122,120,1.0,,0,0,0,1,0,0,1,,0.17634408602150536,,0.4194915254237288,450.0,122.0,328.0,0.27111111111111114,1.0,0.7288888888888889
prediction_loss_decoupling,offroute120,offroute120,18,global_action_repair,Global action,3,31,15,2,122,120,1.0,,0,0,0,1,0,0,1,,0.17634408602150536,,0.4194915254237288,450.0,122.0,328.0,0.27111111111111114,1.0,0.7288888888888889
prediction_loss_decoupling,offroute120,offroute120,18,global_action_repair,Global action,4,31,15,2,122,120,1.0,,0,0,0,1,0,0,1,,0.17634408602150536,,0.4194915254237288,450.0,122.0,328.0,0.27111111111111114,1.0,0.7288888888888889
prediction_loss_decoupling,offroute120,offroute120,18,oracle_fault_model,Oracle,0,31,15,2,122,120,1.0,,1,34,0,34,0,0,0,,0.0,,0.0,122.0,122.0,0.0,1.0,1.0,0.0
prediction_loss_decoupling,offroute120,offroute120,18,oracle_fault_model,Oracle,1,31,15,2,122,120,1.0,,1,34,0,34,0,0,0,,0.0,,0.0,122.0,122.0,0.0,1.0,1.0,0.0
prediction_loss_decoupling,offroute120,offroute120,18,oracle_fault_model,Oracle,2,31,15,2,122,120,1.0,,1,34,0,34,0,0,0,,0.0,,0.0,122.0,122.0,0.0,1.0,1.0,0.0
prediction_loss_decoupling,offroute120,offroute120,18,oracle_fault_model,Oracle,3,31,15,2,122,120,1.0,,1,34,0,34,0,0,0,,0.0,,0.0,122.0,122.0,0.0,1.0,1.0,0.0
prediction_loss_decoupling,offroute120,offroute120,18,oracle_fault_model,Oracle,4,31,15,2,122,120,1.0,,1,34,0,34,0,0,0,,0.0,,0.0,122.0,122.0,0.0,1.0,1.0,0.0
prediction_loss_decoupling,offroute120,offroute120,19,nominal_no_repair,Nominal,0,31,15,2,122,120,1.0,,0,180,163,18,0,1,0,,0.06559139784946237,,0.09110169491525423,0.0,0.0,0.0,1.0,0.0,0.0
prediction_loss_decoupling,offroute120,offroute120,19,nominal_no_repair,Nominal,1,31,15,2,122,120,1.0,,0,180,163,18,0,1,0,,0.06559139784946237,,0.09110169491525423,0.0,0.0,0.0,1.0,0.0,0.0
prediction_loss_decoupling,offroute120,offroute120,19,nominal_no_repair,Nominal,2,31,15,2,122,120,1.0,,0,180,163,18,0,1,0,,0.06559139784946237,,0.09110169491525423,0.0,0.0,0.0,1.0,0.0,0.0
prediction_loss_decoupling,offroute120,offroute120,19,nominal_no_repair,Nominal,3,31,15,2,122,120,1.0,,0,180,163,18,0,1,0,,0.06559139784946237,,0.09110169491525423,0.0,0.0,0.0,1.0,0.0,0.0
prediction_loss_decoupling,offroute120,offroute120,19,nominal_no_repair,Nominal,4,31,15,2,122,120,1.0,,0,180,163,18,0,1,0,,0.06559139784946237,,0.09110169491525423,0.0,0.0,0.0,1.0,0.0,0.0
prediction_loss_decoupling,offroute120,offroute120,19,shield_only,Shield only,0,31,15,2,122,120,1.0,,0,180,163,19,1,1,1,,0.06559139784946237,,0.09110169491525423,0.0,0.0,0.0,1.0,0.0,0.0
prediction_loss_decoupling,offroute120,offroute120,19,shield_only,Shield only,1,31,15,2,122,120,1.0,,0,180,163,18,1,1,1,,0.06559139784946237,,0.09110169491525423,0.0,0.0,0.0,1.0,0.0,0.0
prediction_loss_decoupling,offroute120,offroute120,19,shield_only,Shield only,2,31,15,2,122,120,1.0,,0,180,163,18,1,1,1,,0.06559139784946237,,0.09110169491525423,0.0,0.0,0.0,1.0,0.0,0.0
prediction_loss_decoupling,offroute120,offroute120,19,shield_only,Shield only,3,31,15,2,122,120,1.0,,0,180,163,18,1,1,1,,0.06559139784946237,,0.09110169491525423,0.0,0.0,0.0,1.0,0.0,0.0
prediction_loss_decoupling,offroute120,offroute120,19,shield_only,Shield only,4,31,15,2,122,120,1.0,,0,180,163,18,1,1,1,,0.06559139784946237,,0.09110169491525423,0.0,0.0,0.0,1.0,0.0,0.0
prediction_loss_decoupling,offroute120,offroute120,19,batch_episode_retrain,Batch episode,0,31,15,2,122,120,1.0,,0,180,163,18,0,1,0,,0.06559139784946237,,0.09110169491525423,0.0,0.0,0.0,1.0,0.0,0.0
prediction_loss_decoupling,offroute120,offroute120,19,batch_episode_retrain,Batch episode,1,31,15,2,122,120,1.0,,0,180,157,24,0,1,1,,0.06505376344086021,,0.08227401129943503,1.0,1.0,0.0,1.0,0.00819672131147541,0.0
prediction_loss_decoupling,offroute120,offroute120,19,batch_episode_retrain,Batch episode,2,31,15,2,122,120,1.0,,0,180,153,28,0,1,2,,0.06451612903225806,,0.08050847457627118,2.0,2.0,0.0,1.0,0.01639344262295082,0.0
prediction_loss_decoupling,offroute120,offroute120,19,batch_episode_retrain,Batch episode,3,31,15,2,122,120,1.0,,0,180,162,19,0,1,3,,0.06397849462365592,,0.07168079096045198,3.0,3.0,0.0,1.0,0.02459016393442623,0.0
prediction_loss_decoupling,offroute120,offroute120,19,batch_episode_retrain,Batch episode,4,31,15,2,122,120,1.0,,0,180,150,31,0,1,4,,0.06344086021505377,,0.06991525423728813,4.0,4.0,0.0,1.0,0.03278688524590164,0.0
prediction_loss_decoupling,offroute120,offroute120,19,threshold_8,Threshold 8,0,31,15,2,122,120,1.0,,1,66,32,66,0,0,4,,0.06344086021505377,,0.06991525423728813,4.0,4.0,0.0,1.0,0.03278688524590164,0.0
prediction_loss_decoupling,offroute120,offroute120,19,threshold_8,Threshold 8,1,31,15,2,122,120,1.0,,1,78,40,78,0,0,9,,0.06075268817204301,,0.06532485875706215,9.0,9.0,0.0,1.0,0.07377049180327869,0.0
prediction_loss_decoupling,offroute120,offroute120,19,threshold_8,Threshold 8,2,31,15,2,122,120,1.0,,1,34,0,34,0,0,9,,0.06075268817204301,,0.06532485875706215,9.0,9.0,0.0,1.0,0.07377049180327869,0.0
prediction_loss_decoupling,offroute120,offroute120,19,threshold_8,Threshold 8,3,31,15,2,122,120,1.0,,1,34,0,34,0,0,9,,0.06075268817204301,,0.06532485875706215,9.0,9.0,0.0,1.0,0.07377049180327869,0.0
prediction_loss_decoupling,offroute120,offroute120,19,threshold_8,Threshold 8,4,31,15,2,122,120,1.0,,1,34,0,34,0,0,9,,0.06075268817204301,,0.06532485875706215,9.0,9.0,0.0,1.0,0.07377049180327869,0.0
prediction_loss_decoupling,offroute120,offroute120,19,uncertainty_cost_avoidance,Cost avoidance,0,31,15,2,122,120,1.0,,1,38,4,38,0,0,4,,0.06559139784946237,,0.09110169491525423,0.0,0.0,0.0,1.0,0.0,0.0
prediction_loss_decoupling,offroute120,offroute120,19,uncertainty_cost_avoidance,Cost avoidance,1,31,15,2,122,120,1.0,,1,43,5,43,0,0,9,,0.06559139784946237,,0.09110169491525423,0.0,0.0,0.0,1.0,0.0,0.0
prediction_loss_decoupling,offroute120,offroute120,19,uncertainty_cost_avoidance,Cost avoidance,2,31,15,2,122,120,1.0,,1,34,0,34,0,0,9,,0.06559139784946237,,0.09110169491525423,0.0,0.0,0.0,1.0,0.0,0.0
prediction_loss_decoupling,offroute120,offroute120,19,uncertainty_cost_avoidance,Cost avoidance,3,31,15,2,122,120,1.0,,1,34,0,34,0,0,9,,0.06559139784946237,,0.09110169491525423,0.0,0.0,0.0,1.0,0.0,0.0
prediction_loss_decoupling,offroute120,offroute120,19,uncertainty_cost_avoidance,Cost avoidance,4,31,15,2,122,120,1.0,,1,34,0,34,0,0,9,,0.06559139784946237,,0.09110169491525423,0.0,0.0,0.0,1.0,0.0,0.0
prediction_loss_decoupling,offroute120,offroute120,19,ccra_exact_guard,CCRA exact,0,31,15,2,122,120,1.0,,1,38,4,38,0,0,4,,0.06344086021505377,,0.06991525423728813,4.0,4.0,0.0,1.0,0.03278688524590164,0.0
prediction_loss_decoupling,offroute120,offroute120,19,ccra_exact_guard,CCRA exact,1,31,15,2,122,120,1.0,,1,43,5,43,0,0,9,,0.06075268817204301,,0.06532485875706215,9.0,9.0,0.0,1.0,0.07377049180327869,0.0
prediction_loss_decoupling,offroute120,offroute120,19,ccra_exact_guard,CCRA exact,2,31,15,2,122,120,1.0,,1,34,0,34,0,0,9,,0.06075268817204301,,0.06532485875706215,9.0,9.0,0.0,1.0,0.07377049180327869,0.0
prediction_loss_decoupling,offroute120,offroute120,19,ccra_exact_guard,CCRA exact,3,31,15,2,122,120,1.0,,1,34,0,34,0,0,9,,0.06075268817204301,,0.06532485875706215,9.0,9.0,0.0,1.0,0.07377049180327869,0.0
prediction_loss_decoupling,offroute120,offroute120,19,ccra_exact_guard,CCRA exact,4,31,15,2,122,120,1.0,,1,34,0,34,0,0,9,,0.06075268817204301,,0.06532485875706215,9.0,9.0,0.0,1.0,0.07377049180327869,0.0
prediction_loss_decoupling,offroute120,offroute120,19,ccra_row_guard,CCRA row,0,31,15,2,122,120,1.0,,1,42,4,42,0,0,4,,0.0956989247311828,,0.3538135593220339,120.0,32.0,88.0,0.26666666666666666,0.26229508196721313,0.7333333333333333
prediction_loss_decoupling,offroute120,offroute120,19,ccra_row_guard,CCRA row,1,31,15,2,122,120,1.0,,0,58,11,59,0,0,15,,0.17634408602150536,,0.4067796610169492,450.0,122.0,328.0,0.27111111111111114,1.0,0.7288888888888889
prediction_loss_decoupling,offroute120,offroute120,19,ccra_row_guard,CCRA row,2,31,15,2,122,120,1.0,,0,0,0,1,0,0,15,,0.17634408602150536,,0.4067796610169492,450.0,122.0,328.0,0.27111111111111114,1.0,0.7288888888888889
prediction_loss_decoupling,offroute120,offroute120,19,ccra_row_guard,CCRA row,3,31,15,2,122,120,1.0,,0,0,0,1,0,0,15,,0.17634408602150536,,0.4067796610169492,450.0,122.0,328.0,0.27111111111111114,1.0,0.7288888888888889
prediction_loss_decoupling,offroute120,offroute120,19,ccra_row_guard,CCRA row,4,31,15,2,122,120,1.0,,0,0,0,1,0,0,15,,0.17634408602150536,,0.4067796610169492,450.0,122.0,328.0,0.27111111111111114,1.0,0.7288888888888889
prediction_loss_decoupling,offroute120,offroute120,19,global_action_repair,Global action,0,31,15,2,122,120,1.0,,0,20,3,21,0,0,1,,0.17634408602150536,,0.4067796610169492,450.0,122.0,328.0,0.27111111111111114,1.0,0.7288888888888889
prediction_loss_decoupling,offroute120,offroute120,19,global_action_repair,Global action,1,31,15,2,122,120,1.0,,0,0,0,1,0,0,1,,0.17634408602150536,,0.4067796610169492,450.0,122.0,328.0,0.27111111111111114,1.0,0.7288888888888889
prediction_loss_decoupling,offroute120,offroute120,19,global_action_repair,Global action,2,31,15,2,122,120,1.0,,0,0,0,1,0,0,1,,0.17634408602150536,,0.4067796610169492,450.0,122.0,328.0,0.27111111111111114,1.0,0.7288888888888889
prediction_loss_decoupling,offroute120,offroute120,19,global_action_repair,Global action,3,31,15,2,122,120,1.0,,0,0,0,1,0,0,1,,0.17634408602150536,,0.4067796610169492,450.0,122.0,328.0,0.27111111111111114,1.0,0.7288888888888889
prediction_loss_decoupling,offroute120,offroute120,19,global_action_repair,Global action,4,31,15,2,122,120,1.0,,0,0,0,1,0,0,1,,0.17634408602150536,,0.4067796610169492,450.0,122.0,328.0,0.27111111111111114,1.0,0.7288888888888889
prediction_loss_decoupling,offroute120,offroute120,19,oracle_fault_model,Oracle,0,31,15,2,122,120,1.0,,1,34,0,34,0,0,0,,0.0,,0.0,122.0,122.0,0.0,1.0,1.0,0.0
prediction_loss_decoupling,offroute120,offroute120,19,oracle_fault_model,Oracle,1,31,15,2,122,120,1.0,,1,34,0,34,0,0,0,,0.0,,0.0,122.0,122.0,0.0,1.0,1.0,0.0
prediction_loss_decoupling,offroute120,offroute120,19,oracle_fault_model,Oracle,2,31,15,2,122,120,1.0,,1,34,0,34,0,0,0,,0.0,,0.0,122.0,122.0,0.0,1.0,1.0,0.0
prediction_loss_decoupling,offroute120,offroute120,19,oracle_fault_model,Oracle,3,31,15,2,122,120,1.0,,1,34,0,34,0,0,0,,0.0,,0.0,122.0,122.0,0.0,1.0,1.0,0.0
prediction_loss_decoupling,offroute120,offroute120,19,oracle_fault_model,Oracle,4,31,15,2,122,120,1.0,,1,34,0,34,0,0,0,,0.0,,0.0,122.0,122.0,0.0,1.0,1.0,0.0
