suite,config_id,env_label,seed,strategy,display,episode,width,height,fault_count,active_fault_count,offroute_fault_count,fault_probability,switch_episode,success,steps,mismatches,replans,shield_blocks,repeated_loop,patch_count,initial_prediction_error,final_prediction_error,initial_control_weighted_error,final_control_weighted_error,blocked_key_count,guard_true_positive,guard_false_positive,guard_precision,guard_recall,false_block_rate
stochastic_contradictions,p0.10,p0.10,0,nominal_no_repair,Nominal,0,31,13,3,3,0,0.1,,1,30,0,30,0,0,0,,0.0001861042183622829,,0.0029024767801857586,0.0,0.0,0.0,1.0,0.0,0.0
stochastic_contradictions,p0.10,p0.10,0,nominal_no_repair,Nominal,1,31,13,3,3,0,0.1,,1,30,0,30,0,0,0,,0.0001861042183622829,,0.0029024767801857586,0.0,0.0,0.0,1.0,0.0,0.0
stochastic_contradictions,p0.10,p0.10,0,nominal_no_repair,Nominal,2,31,13,3,3,0,0.1,,1,30,0,30,0,0,0,,0.0001861042183622829,,0.0029024767801857586,0.0,0.0,0.0,1.0,0.0,0.0
stochastic_contradictions,p0.10,p0.10,0,nominal_no_repair,Nominal,3,31,13,3,3,0,0.1,,1,30,0,30,0,0,0,,0.0001861042183622829,,0.0029024767801857586,0.0,0.0,0.0,1.0,0.0,0.0
stochastic_contradictions,p0.10,p0.10,0,nominal_no_repair,Nominal,4,31,13,3,3,0,0.1,,1,30,0,30,0,0,0,,0.0001861042183622829,,0.0029024767801857586,0.0,0.0,0.0,1.0,0.0,0.0
stochastic_contradictions,p0.10,p0.10,0,nominal_no_repair,Nominal,5,31,13,3,3,0,0.1,,0,220,208,13,0,1,0,,0.0001861042183622829,,0.0029024767801857586,0.0,0.0,0.0,1.0,0.0,0.0
stochastic_contradictions,p0.10,p0.10,0,nominal_no_repair,Nominal,6,31,13,3,3,0,0.1,,1,30,0,30,0,0,0,,0.0001861042183622829,,0.0029024767801857586,0.0,0.0,0.0,1.0,0.0,0.0
stochastic_contradictions,p0.10,p0.10,0,nominal_no_repair,Nominal,7,31,13,3,3,0,0.1,,1,30,0,30,0,0,0,,0.0001861042183622829,,0.0029024767801857586,0.0,0.0,0.0,1.0,0.0,0.0
stochastic_contradictions,p0.10,p0.10,0,threshold_2,Threshold 2,0,31,13,3,3,0,0.1,,1,30,0,30,0,0,0,,0.0001861042183622829,,0.0029024767801857586,0.0,0.0,0.0,1.0,0.0,0.0
stochastic_contradictions,p0.10,p0.10,0,threshold_2,Threshold 2,1,31,13,3,3,0,0.1,,1,30,0,30,0,0,0,,0.0001861042183622829,,0.0029024767801857586,0.0,0.0,0.0,1.0,0.0,0.0
stochastic_contradictions,p0.10,p0.10,0,threshold_2,Threshold 2,2,31,13,3,3,0,0.1,,1,30,0,30,0,0,0,,0.0001861042183622829,,0.0029024767801857586,0.0,0.0,0.0,1.0,0.0,0.0
stochastic_contradictions,p0.10,p0.10,0,threshold_2,Threshold 2,3,31,13,3,3,0,0.1,,1,30,0,30,0,0,0,,0.0001861042183622829,,0.0029024767801857586,0.0,0.0,0.0,1.0,0.0,0.0
stochastic_contradictions,p0.10,p0.10,0,threshold_2,Threshold 2,4,31,13,3,3,0,0.1,,1,30,0,30,0,0,0,,0.0001861042183622829,,0.0029024767801857586,0.0,0.0,0.0,1.0,0.0,0.0
stochastic_contradictions,p0.10,p0.10,0,threshold_2,Threshold 2,5,31,13,3,3,0,0.1,,1,30,0,30,0,0,0,,0.0001861042183622829,,0.0029024767801857586,0.0,0.0,0.0,1.0,0.0,0.0
stochastic_contradictions,p0.10,p0.10,0,threshold_2,Threshold 2,6,31,13,3,3,0,0.1,,1,31,1,31,0,0,0,,0.0001861042183622829,,0.0029024767801857586,0.0,0.0,0.0,1.0,0.0,0.0
stochastic_contradictions,p0.10,p0.10,0,threshold_2,Threshold 2,7,31,13,3,3,0,0.1,,1,31,1,31,0,0,0,,0.0001861042183622829,,0.0029024767801857586,0.0,0.0,0.0,1.0,0.0,0.0
stochastic_contradictions,p0.10,p0.10,0,threshold_4,Threshold 4,0,31,13,3,3,0,0.1,,1,31,1,31,0,0,0,,0.0001861042183622829,,0.0029024767801857586,0.0,0.0,0.0,1.0,0.0,0.0
stochastic_contradictions,p0.10,p0.10,0,threshold_4,Threshold 4,1,31,13,3,3,0,0.1,,1,30,0,30,0,0,0,,0.0001861042183622829,,0.0029024767801857586,0.0,0.0,0.0,1.0,0.0,0.0
stochastic_contradictions,p0.10,p0.10,0,threshold_4,Threshold 4,2,31,13,3,3,0,0.1,,1,30,0,30,0,0,0,,0.0001861042183622829,,0.0029024767801857586,0.0,0.0,0.0,1.0,0.0,0.0
stochastic_contradictions,p0.10,p0.10,0,threshold_4,Threshold 4,3,31,13,3,3,0,0.1,,1,30,0,30,0,0,0,,0.0001861042183622829,,0.0029024767801857586,0.0,0.0,0.0,1.0,0.0,0.0
stochastic_contradictions,p0.10,p0.10,0,threshold_4,Threshold 4,4,31,13,3,3,0,0.1,,1,30,0,30,0,0,0,,0.0001861042183622829,,0.0029024767801857586,0.0,0.0,0.0,1.0,0.0,0.0
stochastic_contradictions,p0.10,p0.10,0,threshold_4,Threshold 4,5,31,13,3,3,0,0.1,,1,30,0,30,0,0,0,,0.0001861042183622829,,0.0029024767801857586,0.0,0.0,0.0,1.0,0.0,0.0
stochastic_contradictions,p0.10,p0.10,0,threshold_4,Threshold 4,6,31,13,3,3,0,0.1,,1,30,0,30,0,0,0,,0.0001861042183622829,,0.0029024767801857586,0.0,0.0,0.0,1.0,0.0,0.0
stochastic_contradictions,p0.10,p0.10,0,threshold_4,Threshold 4,7,31,13,3,3,0,0.1,,1,30,0,30,0,0,0,,0.0001861042183622829,,0.0029024767801857586,0.0,0.0,0.0,1.0,0.0,0.0
stochastic_contradictions,p0.10,p0.10,0,threshold_8,Threshold 8,0,31,13,3,3,0,0.1,,1,30,0,30,0,0,0,,0.0001861042183622829,,0.0029024767801857586,0.0,0.0,0.0,1.0,0.0,0.0
stochastic_contradictions,p0.10,p0.10,0,threshold_8,Threshold 8,1,31,13,3,3,0,0.1,,1,30,0,30,0,0,0,,0.0001861042183622829,,0.0029024767801857586,0.0,0.0,0.0,1.0,0.0,0.0
stochastic_contradictions,p0.10,p0.10,0,threshold_8,Threshold 8,2,31,13,3,3,0,0.1,,1,30,0,30,0,0,0,,0.0001861042183622829,,0.0029024767801857586,0.0,0.0,0.0,1.0,0.0,0.0
stochastic_contradictions,p0.10,p0.10,0,threshold_8,Threshold 8,3,31,13,3,3,0,0.1,,1,30,0,30,0,0,0,,0.0001861042183622829,,0.0029024767801857586,0.0,0.0,0.0,1.0,0.0,0.0
stochastic_contradictions,p0.10,p0.10,0,threshold_8,Threshold 8,4,31,13,3,3,0,0.1,,1,30,0,30,0,0,0,,0.0001861042183622829,,0.0029024767801857586,0.0,0.0,0.0,1.0,0.0,0.0
stochastic_contradictions,p0.10,p0.10,0,threshold_8,Threshold 8,5,31,13,3,3,0,0.1,,1,31,1,31,0,0,0,,0.0001861042183622829,,0.0029024767801857586,0.0,0.0,0.0,1.0,0.0,0.0
stochastic_contradictions,p0.10,p0.10,0,threshold_8,Threshold 8,6,31,13,3,3,0,0.1,,1,30,0,30,0,0,0,,0.0001861042183622829,,0.0029024767801857586,0.0,0.0,0.0,1.0,0.0,0.0
stochastic_contradictions,p0.10,p0.10,0,threshold_8,Threshold 8,7,31,13,3,3,0,0.1,,1,31,1,31,0,0,0,,0.0001861042183622829,,0.0029024767801857586,0.0,0.0,0.0,1.0,0.0,0.0
stochastic_contradictions,p0.10,p0.10,0,ccra_exact_guard,CCRA exact,0,31,13,3,3,0,0.1,,1,33,1,33,0,0,1,,0.0006823821339950373,,0.010642414860681114,1.0,1.0,0.0,1.0,0.3333333333333333,0.0
stochastic_contradictions,p0.10,p0.10,0,ccra_exact_guard,CCRA exact,1,31,13,3,3,0,0.1,,1,32,0,32,0,0,1,,0.0006823821339950373,,0.010642414860681114,1.0,1.0,0.0,1.0,0.3333333333333333,0.0
stochastic_contradictions,p0.10,p0.10,0,ccra_exact_guard,CCRA exact,2,31,13,3,3,0,0.1,,1,32,0,32,0,0,1,,0.0006823821339950373,,0.010642414860681114,1.0,1.0,0.0,1.0,0.3333333333333333,0.0
stochastic_contradictions,p0.10,p0.10,0,ccra_exact_guard,CCRA exact,3,31,13,3,3,0,0.1,,1,32,0,32,0,0,1,,0.0006823821339950373,,0.010642414860681114,1.0,1.0,0.0,1.0,0.3333333333333333,0.0
stochastic_contradictions,p0.10,p0.10,0,ccra_exact_guard,CCRA exact,4,31,13,3,3,0,0.1,,1,33,1,33,0,0,2,,0.0011786600496277917,,0.01838235294117647,2.0,2.0,0.0,1.0,0.6666666666666666,0.0
stochastic_contradictions,p0.10,p0.10,0,ccra_exact_guard,CCRA exact,5,31,13,3,3,0,0.1,,1,32,0,32,0,0,2,,0.0011786600496277917,,0.01838235294117647,2.0,2.0,0.0,1.0,0.6666666666666666,0.0
stochastic_contradictions,p0.10,p0.10,0,ccra_exact_guard,CCRA exact,6,31,13,3,3,0,0.1,,1,32,0,32,0,0,2,,0.0011786600496277917,,0.01838235294117647,2.0,2.0,0.0,1.0,0.6666666666666666,0.0
stochastic_contradictions,p0.10,p0.10,0,ccra_exact_guard,CCRA exact,7,31,13,3,3,0,0.1,,1,32,0,32,0,0,2,,0.0011786600496277917,,0.01838235294117647,2.0,2.0,0.0,1.0,0.6666666666666666,0.0
stochastic_contradictions,p0.10,p0.10,0,uncertainty_cost_avoidance,Cost avoidance,0,31,13,3,3,0,0.1,,1,30,0,30,0,0,0,,0.0001861042183622829,,0.0029024767801857586,0.0,0.0,0.0,1.0,0.0,0.0
stochastic_contradictions,p0.10,p0.10,0,uncertainty_cost_avoidance,Cost avoidance,1,31,13,3,3,0,0.1,,1,33,1,33,0,0,1,,0.0001861042183622829,,0.0029024767801857586,0.0,0.0,0.0,1.0,0.0,0.0
stochastic_contradictions,p0.10,p0.10,0,uncertainty_cost_avoidance,Cost avoidance,2,31,13,3,3,0,0.1,,1,32,0,32,0,0,1,,0.0001861042183622829,,0.0029024767801857586,0.0,0.0,0.0,1.0,0.0,0.0
stochastic_contradictions,p0.10,p0.10,0,uncertainty_cost_avoidance,Cost avoidance,3,31,13,3,3,0,0.1,,1,32,0,32,0,0,1,,0.0001861042183622829,,0.0029024767801857586,0.0,0.0,0.0,1.0,0.0,0.0
stochastic_contradictions,p0.10,p0.10,0,uncertainty_cost_avoidance,Cost avoidance,4,31,13,3,3,0,0.1,,1,32,0,32,0,0,1,,0.0001861042183622829,,0.0029024767801857586,0.0,0.0,0.0,1.0,0.0,0.0
stochastic_contradictions,p0.10,p0.10,0,uncertainty_cost_avoidance,Cost avoidance,5,31,13,3,3,0,0.1,,1,32,0,32,0,0,1,,0.0001861042183622829,,0.0029024767801857586,0.0,0.0,0.0,1.0,0.0,0.0
stochastic_contradictions,p0.10,p0.10,0,uncertainty_cost_avoidance,Cost avoidance,6,31,13,3,3,0,0.1,,1,32,0,32,0,0,1,,0.0001861042183622829,,0.0029024767801857586,0.0,0.0,0.0,1.0,0.0,0.0
stochastic_contradictions,p0.10,p0.10,0,uncertainty_cost_avoidance,Cost avoidance,7,31,13,3,3,0,0.1,,1,32,0,32,0,0,1,,0.0001861042183622829,,0.0029024767801857586,0.0,0.0,0.0,1.0,0.0,0.0
stochastic_contradictions,p0.10,p0.10,0,oracle_fault_model,Oracle,0,31,13,3,3,0,0.1,,1,32,0,32,0,0,0,,0.001674937965260546,,0.026122291021671826,3.0,3.0,0.0,1.0,1.0,0.0
stochastic_contradictions,p0.10,p0.10,0,oracle_fault_model,Oracle,1,31,13,3,3,0,0.1,,1,32,0,32,0,0,0,,0.001674937965260546,,0.026122291021671826,3.0,3.0,0.0,1.0,1.0,0.0
stochastic_contradictions,p0.10,p0.10,0,oracle_fault_model,Oracle,2,31,13,3,3,0,0.1,,1,32,0,32,0,0,0,,0.001674937965260546,,0.026122291021671826,3.0,3.0,0.0,1.0,1.0,0.0
stochastic_contradictions,p0.10,p0.10,0,oracle_fault_model,Oracle,3,31,13,3,3,0,0.1,,1,32,0,32,0,0,0,,0.001674937965260546,,0.026122291021671826,3.0,3.0,0.0,1.0,1.0,0.0
stochastic_contradictions,p0.10,p0.10,0,oracle_fault_model,Oracle,4,31,13,3,3,0,0.1,,1,32,0,32,0,0,0,,0.001674937965260546,,0.026122291021671826,3.0,3.0,0.0,1.0,1.0,0.0
stochastic_contradictions,p0.10,p0.10,0,oracle_fault_model,Oracle,5,31,13,3,3,0,0.1,,1,32,0,32,0,0,0,,0.001674937965260546,,0.026122291021671826,3.0,3.0,0.0,1.0,1.0,0.0
stochastic_contradictions,p0.10,p0.10,0,oracle_fault_model,Oracle,6,31,13,3,3,0,0.1,,1,32,0,32,0,0,0,,0.001674937965260546,,0.026122291021671826,3.0,3.0,0.0,1.0,1.0,0.0
stochastic_contradictions,p0.10,p0.10,0,oracle_fault_model,Oracle,7,31,13,3,3,0,0.1,,1,32,0,32,0,0,0,,0.001674937965260546,,0.026122291021671826,3.0,3.0,0.0,1.0,1.0,0.0
stochastic_contradictions,p0.10,p0.10,1,nominal_no_repair,Nominal,0,31,13,3,3,0,0.1,,1,30,0,30,0,0,0,,0.0001861042183622829,,0.0029024767801857586,0.0,0.0,0.0,1.0,0.0,0.0
stochastic_contradictions,p0.10,p0.10,1,nominal_no_repair,Nominal,1,31,13,3,3,0,0.1,,0,220,203,18,0,1,0,,0.0001861042183622829,,0.0029024767801857586,0.0,0.0,0.0,1.0,0.0,0.0
stochastic_contradictions,p0.10,p0.10,1,nominal_no_repair,Nominal,2,31,13,3,3,0,0.1,,1,30,0,30,0,0,0,,0.0001861042183622829,,0.0029024767801857586,0.0,0.0,0.0,1.0,0.0,0.0
stochastic_contradictions,p0.10,p0.10,1,nominal_no_repair,Nominal,3,31,13,3,3,0,0.1,,1,30,0,30,0,0,0,,0.0001861042183622829,,0.0029024767801857586,0.0,0.0,0.0,1.0,0.0,0.0
stochastic_contradictions,p0.10,p0.10,1,nominal_no_repair,Nominal,4,31,13,3,3,0,0.1,,1,30,0,30,0,0,0,,0.0001861042183622829,,0.0029024767801857586,0.0,0.0,0.0,1.0,0.0,0.0
stochastic_contradictions,p0.10,p0.10,1,nominal_no_repair,Nominal,5,31,13,3,3,0,0.1,,1,30,0,30,0,0,0,,0.0001861042183622829,,0.0029024767801857586,0.0,0.0,0.0,1.0,0.0,0.0
stochastic_contradictions,p0.10,p0.10,1,nominal_no_repair,Nominal,6,31,13,3,3,0,0.1,,1,30,0,30,0,0,0,,0.0001861042183622829,,0.0029024767801857586,0.0,0.0,0.0,1.0,0.0,0.0
stochastic_contradictions,p0.10,p0.10,1,nominal_no_repair,Nominal,7,31,13,3,3,0,0.1,,0,220,206,15,0,1,0,,0.0001861042183622829,,0.0029024767801857586,0.0,0.0,0.0,1.0,0.0,0.0
stochastic_contradictions,p0.10,p0.10,1,threshold_2,Threshold 2,0,31,13,3,3,0,0.1,,1,30,0,30,0,0,0,,0.0001861042183622829,,0.0029024767801857586,0.0,0.0,0.0,1.0,0.0,0.0
stochastic_contradictions,p0.10,p0.10,1,threshold_2,Threshold 2,1,31,13,3,3,0,0.1,,1,31,1,31,0,0,0,,0.0001861042183622829,,0.0029024767801857586,0.0,0.0,0.0,1.0,0.0,0.0
stochastic_contradictions,p0.10,p0.10,1,threshold_2,Threshold 2,2,31,13,3,3,0,0.1,,1,31,1,31,0,0,0,,0.0001861042183622829,,0.0029024767801857586,0.0,0.0,0.0,1.0,0.0,0.0
stochastic_contradictions,p0.10,p0.10,1,threshold_2,Threshold 2,3,31,13,3,3,0,0.1,,1,30,0,30,0,0,0,,0.0001861042183622829,,0.0029024767801857586,0.0,0.0,0.0,1.0,0.0,0.0
stochastic_contradictions,p0.10,p0.10,1,threshold_2,Threshold 2,4,31,13,3,3,0,0.1,,1,30,0,30,0,0,0,,0.0001861042183622829,,0.0029024767801857586,0.0,0.0,0.0,1.0,0.0,0.0
stochastic_contradictions,p0.10,p0.10,1,threshold_2,Threshold 2,5,31,13,3,3,0,0.1,,1,30,0,30,0,0,0,,0.0001861042183622829,,0.0029024767801857586,0.0,0.0,0.0,1.0,0.0,0.0
stochastic_contradictions,p0.10,p0.10,1,threshold_2,Threshold 2,6,31,13,3,3,0,0.1,,1,30,0,30,0,0,0,,0.0001861042183622829,,0.0029024767801857586,0.0,0.0,0.0,1.0,0.0,0.0
stochastic_contradictions,p0.10,p0.10,1,threshold_2,Threshold 2,7,31,13,3,3,0,0.1,,1,30,0,30,0,0,0,,0.0001861042183622829,,0.0029024767801857586,0.0,0.0,0.0,1.0,0.0,0.0
stochastic_contradictions,p0.10,p0.10,1,threshold_4,Threshold 4,0,31,13,3,3,0,0.1,,1,30,0,30,0,0,0,,0.0001861042183622829,,0.0029024767801857586,0.0,0.0,0.0,1.0,0.0,0.0
stochastic_contradictions,p0.10,p0.10,1,threshold_4,Threshold 4,1,31,13,3,3,0,0.1,,1,32,2,32,0,0,0,,0.0001861042183622829,,0.0029024767801857586,0.0,0.0,0.0,1.0,0.0,0.0
stochastic_contradictions,p0.10,p0.10,1,threshold_4,Threshold 4,2,31,13,3,3,0,0.1,,1,30,0,30,0,0,0,,0.0001861042183622829,,0.0029024767801857586,0.0,0.0,0.0,1.0,0.0,0.0
stochastic_contradictions,p0.10,p0.10,1,threshold_4,Threshold 4,3,31,13,3,3,0,0.1,,1,30,0,30,0,0,0,,0.0001861042183622829,,0.0029024767801857586,0.0,0.0,0.0,1.0,0.0,0.0
stochastic_contradictions,p0.10,p0.10,1,threshold_4,Threshold 4,4,31,13,3,3,0,0.1,,1,31,1,31,0,0,0,,0.0001861042183622829,,0.0029024767801857586,0.0,0.0,0.0,1.0,0.0,0.0
stochastic_contradictions,p0.10,p0.10,1,threshold_4,Threshold 4,5,31,13,3,3,0,0.1,,1,31,1,31,0,0,0,,0.0001861042183622829,,0.0029024767801857586,0.0,0.0,0.0,1.0,0.0,0.0
stochastic_contradictions,p0.10,p0.10,1,threshold_4,Threshold 4,6,31,13,3,3,0,0.1,,1,31,1,31,0,0,0,,0.0001861042183622829,,0.0029024767801857586,0.0,0.0,0.0,1.0,0.0,0.0
stochastic_contradictions,p0.10,p0.10,1,threshold_4,Threshold 4,7,31,13,3,3,0,0.1,,1,30,0,30,0,0,0,,0.0001861042183622829,,0.0029024767801857586,0.0,0.0,0.0,1.0,0.0,0.0
stochastic_contradictions,p0.10,p0.10,1,threshold_8,Threshold 8,0,31,13,3,3,0,0.1,,1,30,0,30,0,0,0,,0.0001861042183622829,,0.0029024767801857586,0.0,0.0,0.0,1.0,0.0,0.0
stochastic_contradictions,p0.10,p0.10,1,threshold_8,Threshold 8,1,31,13,3,3,0,0.1,,1,31,1,31,0,0,0,,0.0001861042183622829,,0.0029024767801857586,0.0,0.0,0.0,1.0,0.0,0.0
stochastic_contradictions,p0.10,p0.10,1,threshold_8,Threshold 8,2,31,13,3,3,0,0.1,,1,32,2,32,0,0,0,,0.0001861042183622829,,0.0029024767801857586,0.0,0.0,0.0,1.0,0.0,0.0
stochastic_contradictions,p0.10,p0.10,1,threshold_8,Threshold 8,3,31,13,3,3,0,0.1,,1,30,0,30,0,0,0,,0.0001861042183622829,,0.0029024767801857586,0.0,0.0,0.0,1.0,0.0,0.0
stochastic_contradictions,p0.10,p0.10,1,threshold_8,Threshold 8,4,31,13,3,3,0,0.1,,1,30,0,30,0,0,0,,0.0001861042183622829,,0.0029024767801857586,0.0,0.0,0.0,1.0,0.0,0.0
stochastic_contradictions,p0.10,p0.10,1,threshold_8,Threshold 8,5,31,13,3,3,0,0.1,,1,30,0,30,0,0,0,,0.0001861042183622829,,0.0029024767801857586,0.0,0.0,0.0,1.0,0.0,0.0
stochastic_contradictions,p0.10,p0.10,1,threshold_8,Threshold 8,6,31,13,3,3,0,0.1,,1,30,0,30,0,0,0,,0.0001861042183622829,,0.0029024767801857586,0.0,0.0,0.0,1.0,0.0,0.0
stochastic_contradictions,p0.10,p0.10,1,threshold_8,Threshold 8,7,31,13,3,3,0,0.1,,1,30,0,30,0,0,0,,0.0001861042183622829,,0.0029024767801857586,0.0,0.0,0.0,1.0,0.0,0.0
stochastic_contradictions,p0.10,p0.10,1,ccra_exact_guard,CCRA exact,0,31,13,3,3,0,0.1,,1,30,0,30,0,0,0,,0.0001861042183622829,,0.0029024767801857586,0.0,0.0,0.0,1.0,0.0,0.0
stochastic_contradictions,p0.10,p0.10,1,ccra_exact_guard,CCRA exact,1,31,13,3,3,0,0.1,,1,30,0,30,0,0,0,,0.0001861042183622829,,0.0029024767801857586,0.0,0.0,0.0,1.0,0.0,0.0
stochastic_contradictions,p0.10,p0.10,1,ccra_exact_guard,CCRA exact,2,31,13,3,3,0,0.1,,1,30,0,30,0,0,0,,0.0001861042183622829,,0.0029024767801857586,0.0,0.0,0.0,1.0,0.0,0.0
stochastic_contradictions,p0.10,p0.10,1,ccra_exact_guard,CCRA exact,3,31,13,3,3,0,0.1,,1,30,0,30,0,0,0,,0.0001861042183622829,,0.0029024767801857586,0.0,0.0,0.0,1.0,0.0,0.0
stochastic_contradictions,p0.10,p0.10,1,ccra_exact_guard,CCRA exact,4,31,13,3,3,0,0.1,,1,33,1,33,0,0,1,,0.0006823821339950373,,0.010642414860681114,1.0,1.0,0.0,1.0,0.3333333333333333,0.0
stochastic_contradictions,p0.10,p0.10,1,ccra_exact_guard,CCRA exact,5,31,13,3,3,0,0.1,,1,32,0,32,0,0,1,,0.0006823821339950373,,0.010642414860681114,1.0,1.0,0.0,1.0,0.3333333333333333,0.0
stochastic_contradictions,p0.10,p0.10,1,ccra_exact_guard,CCRA exact,6,31,13,3,3,0,0.1,,1,32,0,32,0,0,1,,0.0006823821339950373,,0.010642414860681114,1.0,1.0,0.0,1.0,0.3333333333333333,0.0
stochastic_contradictions,p0.10,p0.10,1,ccra_exact_guard,CCRA exact,7,31,13,3,3,0,0.1,,1,32,0,32,0,0,1,,0.0006823821339950373,,0.010642414860681114,1.0,1.0,0.0,1.0,0.3333333333333333,0.0
stochastic_contradictions,p0.10,p0.10,1,uncertainty_cost_avoidance,Cost avoidance,0,31,13,3,3,0,0.1,,1,30,0,30,0,0,0,,0.0001861042183622829,,0.0029024767801857586,0.0,0.0,0.0,1.0,0.0,0.0
stochastic_contradictions,p0.10,p0.10,1,uncertainty_cost_avoidance,Cost avoidance,1,31,13,3,3,0,0.1,,1,33,1,33,0,0,1,,0.0001861042183622829,,0.0029024767801857586,0.0,0.0,0.0,1.0,0.0,0.0
stochastic_contradictions,p0.10,p0.10,1,uncertainty_cost_avoidance,Cost avoidance,2,31,13,3,3,0,0.1,,1,32,0,32,0,0,1,,0.0001861042183622829,,0.0029024767801857586,0.0,0.0,0.0,1.0,0.0,0.0
stochastic_contradictions,p0.10,p0.10,1,uncertainty_cost_avoidance,Cost avoidance,3,31,13,3,3,0,0.1,,1,32,0,32,0,0,1,,0.0001861042183622829,,0.0029024767801857586,0.0,0.0,0.0,1.0,0.0,0.0
stochastic_contradictions,p0.10,p0.10,1,uncertainty_cost_avoidance,Cost avoidance,4,31,13,3,3,0,0.1,,1,32,0,32,0,0,1,,0.0001861042183622829,,0.0029024767801857586,0.0,0.0,0.0,1.0,0.0,0.0
stochastic_contradictions,p0.10,p0.10,1,uncertainty_cost_avoidance,Cost avoidance,5,31,13,3,3,0,0.1,,1,32,0,32,0,0,1,,0.0001861042183622829,,0.0029024767801857586,0.0,0.0,0.0,1.0,0.0,0.0
stochastic_contradictions,p0.10,p0.10,1,uncertainty_cost_avoidance,Cost avoidance,6,31,13,3,3,0,0.1,,1,32,0,32,0,0,1,,0.0001861042183622829,,0.0029024767801857586,0.0,0.0,0.0,1.0,0.0,0.0
stochastic_contradictions,p0.10,p0.10,1,uncertainty_cost_avoidance,Cost avoidance,7,31,13,3,3,0,0.1,,1,32,0,32,0,0,1,,0.0001861042183622829,,0.0029024767801857586,0.0,0.0,0.0,1.0,0.0,0.0
stochastic_contradictions,p0.10,p0.10,1,oracle_fault_model,Oracle,0,31,13,3,3,0,0.1,,1,32,0,32,0,0,0,,0.001674937965260546,,0.026122291021671826,3.0,3.0,0.0,1.0,1.0,0.0
stochastic_contradictions,p0.10,p0.10,1,oracle_fault_model,Oracle,1,31,13,3,3,0,0.1,,1,32,0,32,0,0,0,,0.001674937965260546,,0.026122291021671826,3.0,3.0,0.0,1.0,1.0,0.0
stochastic_contradictions,p0.10,p0.10,1,oracle_fault_model,Oracle,2,31,13,3,3,0,0.1,,1,32,0,32,0,0,0,,0.001674937965260546,,0.026122291021671826,3.0,3.0,0.0,1.0,1.0,0.0
stochastic_contradictions,p0.10,p0.10,1,oracle_fault_model,Oracle,3,31,13,3,3,0,0.1,,1,32,0,32,0,0,0,,0.001674937965260546,,0.026122291021671826,3.0,3.0,0.0,1.0,1.0,0.0
stochastic_contradictions,p0.10,p0.10,1,oracle_fault_model,Oracle,4,31,13,3,3,0,0.1,,1,32,0,32,0,0,0,,0.001674937965260546,,0.026122291021671826,3.0,3.0,0.0,1.0,1.0,0.0
stochastic_contradictions,p0.10,p0.10,1,oracle_fault_model,Oracle,5,31,13,3,3,0,0.1,,1,32,0,32,0,0,0,,0.001674937965260546,,0.026122291021671826,3.0,3.0,0.0,1.0,1.0,0.0
stochastic_contradictions,p0.10,p0.10,1,oracle_fault_model,Oracle,6,31,13,3,3,0,0.1,,1,32,0,32,0,0,0,,0.001674937965260546,,0.026122291021671826,3.0,3.0,0.0,1.0,1.0,0.0
stochastic_contradictions,p0.10,p0.10,1,oracle_fault_model,Oracle,7,31,13,3,3,0,0.1,,1,32,0,32,0,0,0,,0.001674937965260546,,0.026122291021671826,3.0,3.0,0.0,1.0,1.0,0.0
stochastic_contradictions,p0.10,p0.10,2,nominal_no_repair,Nominal,0,31,13,3,3,0,0.1,,1,30,0,30,0,0,0,,0.0001861042183622829,,0.0029024767801857586,0.0,0.0,0.0,1.0,0.0,0.0
stochastic_contradictions,p0.10,p0.10,2,nominal_no_repair,Nominal,1,31,13,3,3,0,0.1,,1,30,0,30,0,0,0,,0.0001861042183622829,,0.0029024767801857586,0.0,0.0,0.0,1.0,0.0,0.0
stochastic_contradictions,p0.10,p0.10,2,nominal_no_repair,Nominal,2,31,13,3,3,0,0.1,,1,30,0,30,0,0,0,,0.0001861042183622829,,0.0029024767801857586,0.0,0.0,0.0,1.0,0.0,0.0
stochastic_contradictions,p0.10,p0.10,2,nominal_no_repair,Nominal,3,31,13,3,3,0,0.1,,0,220,200,21,0,1,0,,0.0001861042183622829,,0.0029024767801857586,0.0,0.0,0.0,1.0,0.0,0.0
stochastic_contradictions,p0.10,p0.10,2,nominal_no_repair,Nominal,4,31,13,3,3,0,0.1,,1,30,0,30,0,0,0,,0.0001861042183622829,,0.0029024767801857586,0.0,0.0,0.0,1.0,0.0,0.0
stochastic_contradictions,p0.10,p0.10,2,nominal_no_repair,Nominal,5,31,13,3,3,0,0.1,,0,220,197,24,0,1,0,,0.0001861042183622829,,0.0029024767801857586,0.0,0.0,0.0,1.0,0.0,0.0
stochastic_contradictions,p0.10,p0.10,2,nominal_no_repair,Nominal,6,31,13,3,3,0,0.1,,0,220,199,22,0,1,0,,0.0001861042183622829,,0.0029024767801857586,0.0,0.0,0.0,1.0,0.0,0.0
stochastic_contradictions,p0.10,p0.10,2,nominal_no_repair,Nominal,7,31,13,3,3,0,0.1,,1,30,0,30,0,0,0,,0.0001861042183622829,,0.0029024767801857586,0.0,0.0,0.0,1.0,0.0,0.0
stochastic_contradictions,p0.10,p0.10,2,threshold_2,Threshold 2,0,31,13,3,3,0,0.1,,1,30,0,30,0,0,0,,0.0001861042183622829,,0.0029024767801857586,0.0,0.0,0.0,1.0,0.0,0.0
stochastic_contradictions,p0.10,p0.10,2,threshold_2,Threshold 2,1,31,13,3,3,0,0.1,,1,30,0,30,0,0,0,,0.0001861042183622829,,0.0029024767801857586,0.0,0.0,0.0,1.0,0.0,0.0
stochastic_contradictions,p0.10,p0.10,2,threshold_2,Threshold 2,2,31,13,3,3,0,0.1,,1,34,2,34,0,0,1,,0.0006823821339950373,,0.010642414860681114,1.0,1.0,0.0,1.0,0.3333333333333333,0.0
stochastic_contradictions,p0.10,p0.10,2,threshold_2,Threshold 2,3,31,13,3,3,0,0.1,,1,32,0,32,0,0,1,,0.0006823821339950373,,0.010642414860681114,1.0,1.0,0.0,1.0,0.3333333333333333,0.0
stochastic_contradictions,p0.10,p0.10,2,threshold_2,Threshold 2,4,31,13,3,3,0,0.1,,1,32,0,32,0,0,1,,0.0006823821339950373,,0.010642414860681114,1.0,1.0,0.0,1.0,0.3333333333333333,0.0
stochastic_contradictions,p0.10,p0.10,2,threshold_2,Threshold 2,5,31,13,3,3,0,0.1,,1,32,0,32,0,0,1,,0.0006823821339950373,,0.010642414860681114,1.0,1.0,0.0,1.0,0.3333333333333333,0.0
stochastic_contradictions,p0.10,p0.10,2,threshold_2,Threshold 2,6,31,13,3,3,0,0.1,,1,32,0,32,0,0,1,,0.0006823821339950373,,0.010642414860681114,1.0,1.0,0.0,1.0,0.3333333333333333,0.0
stochastic_contradictions,p0.10,p0.10,2,threshold_2,Threshold 2,7,31,13,3,3,0,0.1,,1,32,0,32,0,0,1,,0.0006823821339950373,,0.010642414860681114,1.0,1.0,0.0,1.0,0.3333333333333333,0.0
stochastic_contradictions,p0.10,p0.10,2,threshold_4,Threshold 4,0,31,13,3,3,0,0.1,,1,30,0,30,0,0,0,,0.0001861042183622829,,0.0029024767801857586,0.0,0.0,0.0,1.0,0.0,0.0
stochastic_contradictions,p0.10,p0.10,2,threshold_4,Threshold 4,1,31,13,3,3,0,0.1,,1,30,0,30,0,0,0,,0.0001861042183622829,,0.0029024767801857586,0.0,0.0,0.0,1.0,0.0,0.0
stochastic_contradictions,p0.10,p0.10,2,threshold_4,Threshold 4,2,31,13,3,3,0,0.1,,1,30,0,30,0,0,0,,0.0001861042183622829,,0.0029024767801857586,0.0,0.0,0.0,1.0,0.0,0.0
stochastic_contradictions,p0.10,p0.10,2,threshold_4,Threshold 4,3,31,13,3,3,0,0.1,,1,30,0,30,0,0,0,,0.0001861042183622829,,0.0029024767801857586,0.0,0.0,0.0,1.0,0.0,0.0
stochastic_contradictions,p0.10,p0.10,2,threshold_4,Threshold 4,4,31,13,3,3,0,0.1,,1,31,1,31,0,0,0,,0.0001861042183622829,,0.0029024767801857586,0.0,0.0,0.0,1.0,0.0,0.0
stochastic_contradictions,p0.10,p0.10,2,threshold_4,Threshold 4,5,31,13,3,3,0,0.1,,1,30,0,30,0,0,0,,0.0001861042183622829,,0.0029024767801857586,0.0,0.0,0.0,1.0,0.0,0.0
stochastic_contradictions,p0.10,p0.10,2,threshold_4,Threshold 4,6,31,13,3,3,0,0.1,,1,30,0,30,0,0,0,,0.0001861042183622829,,0.0029024767801857586,0.0,0.0,0.0,1.0,0.0,0.0
stochastic_contradictions,p0.10,p0.10,2,threshold_4,Threshold 4,7,31,13,3,3,0,0.1,,1,30,0,30,0,0,0,,0.0001861042183622829,,0.0029024767801857586,0.0,0.0,0.0,1.0,0.0,0.0
stochastic_contradictions,p0.10,p0.10,2,threshold_8,Threshold 8,0,31,13,3,3,0,0.1,,1,30,0,30,0,0,0,,0.0001861042183622829,,0.0029024767801857586,0.0,0.0,0.0,1.0,0.0,0.0
stochastic_contradictions,p0.10,p0.10,2,threshold_8,Threshold 8,1,31,13,3,3,0,0.1,,1,31,1,31,0,0,0,,0.0001861042183622829,,0.0029024767801857586,0.0,0.0,0.0,1.0,0.0,0.0
stochastic_contradictions,p0.10,p0.10,2,threshold_8,Threshold 8,2,31,13,3,3,0,0.1,,1,31,1,31,0,0,0,,0.0001861042183622829,,0.0029024767801857586,0.0,0.0,0.0,1.0,0.0,0.0
stochastic_contradictions,p0.10,p0.10,2,threshold_8,Threshold 8,3,31,13,3,3,0,0.1,,1,30,0,30,0,0,0,,0.0001861042183622829,,0.0029024767801857586,0.0,0.0,0.0,1.0,0.0,0.0
stochastic_contradictions,p0.10,p0.10,2,threshold_8,Threshold 8,4,31,13,3,3,0,0.1,,1,30,0,30,0,0,0,,0.0001861042183622829,,0.0029024767801857586,0.0,0.0,0.0,1.0,0.0,0.0
stochastic_contradictions,p0.10,p0.10,2,threshold_8,Threshold 8,5,31,13,3,3,0,0.1,,1,30,0,30,0,0,0,,0.0001861042183622829,,0.0029024767801857586,0.0,0.0,0.0,1.0,0.0,0.0
stochastic_contradictions,p0.10,p0.10,2,threshold_8,Threshold 8,6,31,13,3,3,0,0.1,,1,30,0,30,0,0,0,,0.0001861042183622829,,0.0029024767801857586,0.0,0.0,0.0,1.0,0.0,0.0
stochastic_contradictions,p0.10,p0.10,2,threshold_8,Threshold 8,7,31,13,3,3,0,0.1,,1,30,0,30,0,0,0,,0.0001861042183622829,,0.0029024767801857586,0.0,0.0,0.0,1.0,0.0,0.0
stochastic_contradictions,p0.10,p0.10,2,ccra_exact_guard,CCRA exact,0,31,13,3,3,0,0.1,,1,33,1,33,0,0,1,,0.0006823821339950373,,0.010642414860681114,1.0,1.0,0.0,1.0,0.3333333333333333,0.0
stochastic_contradictions,p0.10,p0.10,2,ccra_exact_guard,CCRA exact,1,31,13,3,3,0,0.1,,1,32,0,32,0,0,1,,0.0006823821339950373,,0.010642414860681114,1.0,1.0,0.0,1.0,0.3333333333333333,0.0
stochastic_contradictions,p0.10,p0.10,2,ccra_exact_guard,CCRA exact,2,31,13,3,3,0,0.1,,1,32,0,32,0,0,1,,0.0006823821339950373,,0.010642414860681114,1.0,1.0,0.0,1.0,0.3333333333333333,0.0
stochastic_contradictions,p0.10,p0.10,2,ccra_exact_guard,CCRA exact,3,31,13,3,3,0,0.1,,1,32,0,32,0,0,1,,0.0006823821339950373,,0.010642414860681114,1.0,1.0,0.0,1.0,0.3333333333333333,0.0
stochastic_contradictions,p0.10,p0.10,2,ccra_exact_guard,CCRA exact,4,31,13,3,3,0,0.1,,1,32,0,32,0,0,1,,0.0006823821339950373,,0.010642414860681114,1.0,1.0,0.0,1.0,0.3333333333333333,0.0
stochastic_contradictions,p0.10,p0.10,2,ccra_exact_guard,CCRA exact,5,31,13,3,3,0,0.1,,1,32,0,32,0,0,1,,0.0006823821339950373,,0.010642414860681114,1.0,1.0,0.0,1.0,0.3333333333333333,0.0
stochastic_contradictions,p0.10,p0.10,2,ccra_exact_guard,CCRA exact,6,31,13,3,3,0,0.1,,1,32,0,32,0,0,1,,0.0006823821339950373,,0.010642414860681114,1.0,1.0,0.0,1.0,0.3333333333333333,0.0
stochastic_contradictions,p0.10,p0.10,2,ccra_exact_guard,CCRA exact,7,31,13,3,3,0,0.1,,1,32,0,32,0,0,1,,0.0006823821339950373,,0.010642414860681114,1.0,1.0,0.0,1.0,0.3333333333333333,0.0
stochastic_contradictions,p0.10,p0.10,2,uncertainty_cost_avoidance,Cost avoidance,0,31,13,3,3,0,0.1,,1,30,0,30,0,0,0,,0.0001861042183622829,,0.0029024767801857586,0.0,0.0,0.0,1.0,0.0,0.0
stochastic_contradictions,p0.10,p0.10,2,uncertainty_cost_avoidance,Cost avoidance,1,31,13,3,3,0,0.1,,1,30,0,30,0,0,0,,0.0001861042183622829,,0.0029024767801857586,0.0,0.0,0.0,1.0,0.0,0.0
stochastic_contradictions,p0.10,p0.10,2,uncertainty_cost_avoidance,Cost avoidance,2,31,13,3,3,0,0.1,,1,33,1,33,0,0,1,,0.0001861042183622829,,0.0029024767801857586,0.0,0.0,0.0,1.0,0.0,0.0
stochastic_contradictions,p0.10,p0.10,2,uncertainty_cost_avoidance,Cost avoidance,3,31,13,3,3,0,0.1,,1,32,0,32,0,0,1,,0.0001861042183622829,,0.0029024767801857586,0.0,0.0,0.0,1.0,0.0,0.0
stochastic_contradictions,p0.10,p0.10,2,uncertainty_cost_avoidance,Cost avoidance,4,31,13,3,3,0,0.1,,1,32,0,32,0,0,1,,0.0001861042183622829,,0.0029024767801857586,0.0,0.0,0.0,1.0,0.0,0.0
stochastic_contradictions,p0.10,p0.10,2,uncertainty_cost_avoidance,Cost avoidance,5,31,13,3,3,0,0.1,,1,32,0,32,0,0,1,,0.0001861042183622829,,0.0029024767801857586,0.0,0.0,0.0,1.0,0.0,0.0
stochastic_contradictions,p0.10,p0.10,2,uncertainty_cost_avoidance,Cost avoidance,6,31,13,3,3,0,0.1,,1,32,0,32,0,0,1,,0.0001861042183622829,,0.0029024767801857586,0.0,0.0,0.0,1.0,0.0,0.0
stochastic_contradictions,p0.10,p0.10,2,uncertainty_cost_avoidance,Cost avoidance,7,31,13,3,3,0,0.1,,1,32,0,32,0,0,1,,0.0001861042183622829,,0.0029024767801857586,0.0,0.0,0.0,1.0,0.0,0.0
stochastic_contradictions,p0.10,p0.10,2,oracle_fault_model,Oracle,0,31,13,3,3,0,0.1,,1,32,0,32,0,0,0,,0.001674937965260546,,0.026122291021671826,3.0,3.0,0.0,1.0,1.0,0.0
stochastic_contradictions,p0.10,p0.10,2,oracle_fault_model,Oracle,1,31,13,3,3,0,0.1,,1,32,0,32,0,0,0,,0.001674937965260546,,0.026122291021671826,3.0,3.0,0.0,1.0,1.0,0.0
stochastic_contradictions,p0.10,p0.10,2,oracle_fault_model,Oracle,2,31,13,3,3,0,0.1,,1,32,0,32,0,0,0,,0.001674937965260546,,0.026122291021671826,3.0,3.0,0.0,1.0,1.0,0.0
stochastic_contradictions,p0.10,p0.10,2,oracle_fault_model,Oracle,3,31,13,3,3,0,0.1,,1,32,0,32,0,0,0,,0.001674937965260546,,0.026122291021671826,3.0,3.0,0.0,1.0,1.0,0.0
stochastic_contradictions,p0.10,p0.10,2,oracle_fault_model,Oracle,4,31,13,3,3,0,0.1,,1,32,0,32,0,0,0,,0.001674937965260546,,0.026122291021671826,3.0,3.0,0.0,1.0,1.0,0.0
stochastic_contradictions,p0.10,p0.10,2,oracle_fault_model,Oracle,5,31,13,3,3,0,0.1,,1,32,0,32,0,0,0,,0.001674937965260546,,0.026122291021671826,3.0,3.0,0.0,1.0,1.0,0.0
stochastic_contradictions,p0.10,p0.10,2,oracle_fault_model,Oracle,6,31,13,3,3,0,0.1,,1,32,0,32,0,0,0,,0.001674937965260546,,0.026122291021671826,3.0,3.0,0.0,1.0,1.0,0.0
stochastic_contradictions,p0.10,p0.10,2,oracle_fault_model,Oracle,7,31,13,3,3,0,0.1,,1,32,0,32,0,0,0,,0.001674937965260546,,0.026122291021671826,3.0,3.0,0.0,1.0,1.0,0.0
stochastic_contradictions,p0.10,p0.10,3,nominal_no_repair,Nominal,0,31,13,3,3,0,0.1,,1,30,0,30,0,0,0,,0.0001861042183622829,,0.0029024767801857586,0.0,0.0,0.0,1.0,0.0,0.0
stochastic_contradictions,p0.10,p0.10,3,nominal_no_repair,Nominal,1,31,13,3,3,0,0.1,,1,30,0,30,0,0,0,,0.0001861042183622829,,0.0029024767801857586,0.0,0.0,0.0,1.0,0.0,0.0
stochastic_contradictions,p0.10,p0.10,3,nominal_no_repair,Nominal,2,31,13,3,3,0,0.1,,0,220,210,11,0,1,0,,0.0001861042183622829,,0.0029024767801857586,0.0,0.0,0.0,1.0,0.0,0.0
stochastic_contradictions,p0.10,p0.10,3,nominal_no_repair,Nominal,3,31,13,3,3,0,0.1,,0,220,215,6,0,1,0,,0.0001861042183622829,,0.0029024767801857586,0.0,0.0,0.0,1.0,0.0,0.0
stochastic_contradictions,p0.10,p0.10,3,nominal_no_repair,Nominal,4,31,13,3,3,0,0.1,,1,30,0,30,0,0,0,,0.0001861042183622829,,0.0029024767801857586,0.0,0.0,0.0,1.0,0.0,0.0
stochastic_contradictions,p0.10,p0.10,3,nominal_no_repair,Nominal,5,31,13,3,3,0,0.1,,1,30,0,30,0,0,0,,0.0001861042183622829,,0.0029024767801857586,0.0,0.0,0.0,1.0,0.0,0.0
stochastic_contradictions,p0.10,p0.10,3,nominal_no_repair,Nominal,6,31,13,3,3,0,0.1,,1,30,0,30,0,0,0,,0.0001861042183622829,,0.0029024767801857586,0.0,0.0,0.0,1.0,0.0,0.0
stochastic_contradictions,p0.10,p0.10,3,nominal_no_repair,Nominal,7,31,13,3,3,0,0.1,,1,30,0,30,0,0,0,,0.0001861042183622829,,0.0029024767801857586,0.0,0.0,0.0,1.0,0.0,0.0
stochastic_contradictions,p0.10,p0.10,3,threshold_2,Threshold 2,0,31,13,3,3,0,0.1,,1,31,1,31,0,0,0,,0.0001861042183622829,,0.0029024767801857586,0.0,0.0,0.0,1.0,0.0,0.0
stochastic_contradictions,p0.10,p0.10,3,threshold_2,Threshold 2,1,31,13,3,3,0,0.1,,1,33,1,33,0,0,1,,0.0006823821339950373,,0.010642414860681114,1.0,1.0,0.0,1.0,0.3333333333333333,0.0
stochastic_contradictions,p0.10,p0.10,3,threshold_2,Threshold 2,2,31,13,3,3,0,0.1,,1,33,1,33,0,0,1,,0.0006823821339950373,,0.010642414860681114,1.0,1.0,0.0,1.0,0.3333333333333333,0.0
stochastic_contradictions,p0.10,p0.10,3,threshold_2,Threshold 2,3,31,13,3,3,0,0.1,,1,32,0,32,0,0,1,,0.0006823821339950373,,0.010642414860681114,1.0,1.0,0.0,1.0,0.3333333333333333,0.0
stochastic_contradictions,p0.10,p0.10,3,threshold_2,Threshold 2,4,31,13,3,3,0,0.1,,1,32,0,32,0,0,1,,0.0006823821339950373,,0.010642414860681114,1.0,1.0,0.0,1.0,0.3333333333333333,0.0
stochastic_contradictions,p0.10,p0.10,3,threshold_2,Threshold 2,5,31,13,3,3,0,0.1,,1,32,0,32,0,0,1,,0.0006823821339950373,,0.010642414860681114,1.0,1.0,0.0,1.0,0.3333333333333333,0.0
stochastic_contradictions,p0.10,p0.10,3,threshold_2,Threshold 2,6,31,13,3,3,0,0.1,,1,32,0,32,0,0,1,,0.0006823821339950373,,0.010642414860681114,1.0,1.0,0.0,1.0,0.3333333333333333,0.0
stochastic_contradictions,p0.10,p0.10,3,threshold_2,Threshold 2,7,31,13,3,3,0,0.1,,1,32,0,32,0,0,1,,0.0006823821339950373,,0.010642414860681114,1.0,1.0,0.0,1.0,0.3333333333333333,0.0
stochastic_contradictions,p0.10,p0.10,3,threshold_4,Threshold 4,0,31,13,3,3,0,0.1,,1,31,1,31,0,0,0,,0.0001861042183622829,,0.0029024767801857586,0.0,0.0,0.0,1.0,0.0,0.0
stochastic_contradictions,p0.10,p0.10,3,threshold_4,Threshold 4,1,31,13,3,3,0,0.1,,1,30,0,30,0,0,0,,0.0001861042183622829,,0.0029024767801857586,0.0,0.0,0.0,1.0,0.0,0.0
stochastic_contradictions,p0.10,p0.10,3,threshold_4,Threshold 4,2,31,13,3,3,0,0.1,,1,31,1,31,0,0,0,,0.0001861042183622829,,0.0029024767801857586,0.0,0.0,0.0,1.0,0.0,0.0
stochastic_contradictions,p0.10,p0.10,3,threshold_4,Threshold 4,3,31,13,3,3,0,0.1,,1,30,0,30,0,0,0,,0.0001861042183622829,,0.0029024767801857586,0.0,0.0,0.0,1.0,0.0,0.0
stochastic_contradictions,p0.10,p0.10,3,threshold_4,Threshold 4,4,31,13,3,3,0,0.1,,1,31,1,31,0,0,0,,0.0001861042183622829,,0.0029024767801857586,0.0,0.0,0.0,1.0,0.0,0.0
stochastic_contradictions,p0.10,p0.10,3,threshold_4,Threshold 4,5,31,13,3,3,0,0.1,,1,30,0,30,0,0,0,,0.0001861042183622829,,0.0029024767801857586,0.0,0.0,0.0,1.0,0.0,0.0
stochastic_contradictions,p0.10,p0.10,3,threshold_4,Threshold 4,6,31,13,3,3,0,0.1,,1,30,0,30,0,0,0,,0.0001861042183622829,,0.0029024767801857586,0.0,0.0,0.0,1.0,0.0,0.0
stochastic_contradictions,p0.10,p0.10,3,threshold_4,Threshold 4,7,31,13,3,3,0,0.1,,1,30,0,30,0,0,0,,0.0001861042183622829,,0.0029024767801857586,0.0,0.0,0.0,1.0,0.0,0.0
stochastic_contradictions,p0.10,p0.10,3,threshold_8,Threshold 8,0,31,13,3,3,0,0.1,,1,31,1,31,0,0,0,,0.0001861042183622829,,0.0029024767801857586,0.0,0.0,0.0,1.0,0.0,0.0
stochastic_contradictions,p0.10,p0.10,3,threshold_8,Threshold 8,1,31,13,3,3,0,0.1,,1,31,1,31,0,0,0,,0.0001861042183622829,,0.0029024767801857586,0.0,0.0,0.0,1.0,0.0,0.0
stochastic_contradictions,p0.10,p0.10,3,threshold_8,Threshold 8,2,31,13,3,3,0,0.1,,1,30,0,30,0,0,0,,0.0001861042183622829,,0.0029024767801857586,0.0,0.0,0.0,1.0,0.0,0.0
stochastic_contradictions,p0.10,p0.10,3,threshold_8,Threshold 8,3,31,13,3,3,0,0.1,,1,31,1,31,0,0,0,,0.0001861042183622829,,0.0029024767801857586,0.0,0.0,0.0,1.0,0.0,0.0
stochastic_contradictions,p0.10,p0.10,3,threshold_8,Threshold 8,4,31,13,3,3,0,0.1,,1,30,0,30,0,0,0,,0.0001861042183622829,,0.0029024767801857586,0.0,0.0,0.0,1.0,0.0,0.0
stochastic_contradictions,p0.10,p0.10,3,threshold_8,Threshold 8,5,31,13,3,3,0,0.1,,1,30,0,30,0,0,0,,0.0001861042183622829,,0.0029024767801857586,0.0,0.0,0.0,1.0,0.0,0.0
stochastic_contradictions,p0.10,p0.10,3,threshold_8,Threshold 8,6,31,13,3,3,0,0.1,,1,30,0,30,0,0,0,,0.0001861042183622829,,0.0029024767801857586,0.0,0.0,0.0,1.0,0.0,0.0
stochastic_contradictions,p0.10,p0.10,3,threshold_8,Threshold 8,7,31,13,3,3,0,0.1,,1,30,0,30,0,0,0,,0.0001861042183622829,,0.0029024767801857586,0.0,0.0,0.0,1.0,0.0,0.0
stochastic_contradictions,p0.10,p0.10,3,ccra_exact_guard,CCRA exact,0,31,13,3,3,0,0.1,,1,30,0,30,0,0,0,,0.0001861042183622829,,0.0029024767801857586,0.0,0.0,0.0,1.0,0.0,0.0
stochastic_contradictions,p0.10,p0.10,3,ccra_exact_guard,CCRA exact,1,31,13,3,3,0,0.1,,1,30,0,30,0,0,0,,0.0001861042183622829,,0.0029024767801857586,0.0,0.0,0.0,1.0,0.0,0.0
stochastic_contradictions,p0.10,p0.10,3,ccra_exact_guard,CCRA exact,2,31,13,3,3,0,0.1,,1,30,0,30,0,0,0,,0.0001861042183622829,,0.0029024767801857586,0.0,0.0,0.0,1.0,0.0,0.0
stochastic_contradictions,p0.10,p0.10,3,ccra_exact_guard,CCRA exact,3,31,13,3,3,0,0.1,,1,33,1,33,0,0,1,,0.0006823821339950373,,0.010642414860681114,1.0,1.0,0.0,1.0,0.3333333333333333,0.0
stochastic_contradictions,p0.10,p0.10,3,ccra_exact_guard,CCRA exact,4,31,13,3,3,0,0.1,,1,32,0,32,0,0,1,,0.0006823821339950373,,0.010642414860681114,1.0,1.0,0.0,1.0,0.3333333333333333,0.0
stochastic_contradictions,p0.10,p0.10,3,ccra_exact_guard,CCRA exact,5,31,13,3,3,0,0.1,,1,32,0,32,0,0,1,,0.0006823821339950373,,0.010642414860681114,1.0,1.0,0.0,1.0,0.3333333333333333,0.0
stochastic_contradictions,p0.10,p0.10,3,ccra_exact_guard,CCRA exact,6,31,13,3,3,0,0.1,,1,32,0,32,0,0,1,,0.0006823821339950373,,0.010642414860681114,1.0,1.0,0.0,1.0,0.3333333333333333,0.0
stochastic_contradictions,p0.10,p0.10,3,ccra_exact_guard,CCRA exact,7,31,13,3,3,0,0.1,,1,32,0,32,0,0,1,,0.0006823821339950373,,0.010642414860681114,1.0,1.0,0.0,1.0,0.3333333333333333,0.0
stochastic_contradictions,p0.10,p0.10,3,uncertainty_cost_avoidance,Cost avoidance,0,31,13,3,3,0,0.1,,1,30,0,30,0,0,0,,0.0001861042183622829,,0.0029024767801857586,0.0,0.0,0.0,1.0,0.0,0.0
stochastic_contradictions,p0.10,p0.10,3,uncertainty_cost_avoidance,Cost avoidance,1,31,13,3,3,0,0.1,,1,30,0,30,0,0,0,,0.0001861042183622829,,0.0029024767801857586,0.0,0.0,0.0,1.0,0.0,0.0
stochastic_contradictions,p0.10,p0.10,3,uncertainty_cost_avoidance,Cost avoidance,2,31,13,3,3,0,0.1,,1,30,0,30,0,0,0,,0.0001861042183622829,,0.0029024767801857586,0.0,0.0,0.0,1.0,0.0,0.0
stochastic_contradictions,p0.10,p0.10,3,uncertainty_cost_avoidance,Cost avoidance,3,31,13,3,3,0,0.1,,1,30,0,30,0,0,0,,0.0001861042183622829,,0.0029024767801857586,0.0,0.0,0.0,1.0,0.0,0.0
stochastic_contradictions,p0.10,p0.10,3,uncertainty_cost_avoidance,Cost avoidance,4,31,13,3,3,0,0.1,,1,33,1,33,0,0,1,,0.0001861042183622829,,0.0029024767801857586,0.0,0.0,0.0,1.0,0.0,0.0
stochastic_contradictions,p0.10,p0.10,3,uncertainty_cost_avoidance,Cost avoidance,5,31,13,3,3,0,0.1,,1,32,0,32,0,0,1,,0.0001861042183622829,,0.0029024767801857586,0.0,0.0,0.0,1.0,0.0,0.0
stochastic_contradictions,p0.10,p0.10,3,uncertainty_cost_avoidance,Cost avoidance,6,31,13,3,3,0,0.1,,1,32,0,32,0,0,1,,0.0001861042183622829,,0.0029024767801857586,0.0,0.0,0.0,1.0,0.0,0.0
stochastic_contradictions,p0.10,p0.10,3,uncertainty_cost_avoidance,Cost avoidance,7,31,13,3,3,0,0.1,,1,32,0,32,0,0,1,,0.0001861042183622829,,0.0029024767801857586,0.0,0.0,0.0,1.0,0.0,0.0
stochastic_contradictions,p0.10,p0.10,3,oracle_fault_model,Oracle,0,31,13,3,3,0,0.1,,1,32,0,32,0,0,0,,0.001674937965260546,,0.026122291021671826,3.0,3.0,0.0,1.0,1.0,0.0
stochastic_contradictions,p0.10,p0.10,3,oracle_fault_model,Oracle,1,31,13,3,3,0,0.1,,1,32,0,32,0,0,0,,0.001674937965260546,,0.026122291021671826,3.0,3.0,0.0,1.0,1.0,0.0
stochastic_contradictions,p0.10,p0.10,3,oracle_fault_model,Oracle,2,31,13,3,3,0,0.1,,1,32,0,32,0,0,0,,0.001674937965260546,,0.026122291021671826,3.0,3.0,0.0,1.0,1.0,0.0
stochastic_contradictions,p0.10,p0.10,3,oracle_fault_model,Oracle,3,31,13,3,3,0,0.1,,1,32,0,32,0,0,0,,0.001674937965260546,,0.026122291021671826,3.0,3.0,0.0,1.0,1.0,0.0
stochastic_contradictions,p0.10,p0.10,3,oracle_fault_model,Oracle,4,31,13,3,3,0,0.1,,1,32,0,32,0,0,0,,0.001674937965260546,,0.026122291021671826,3.0,3.0,0.0,1.0,1.0,0.0
stochastic_contradictions,p0.10,p0.10,3,oracle_fault_model,Oracle,5,31,13,3,3,0,0.1,,1,32,0,32,0,0,0,,0.001674937965260546,,0.026122291021671826,3.0,3.0,0.0,1.0,1.0,0.0
stochastic_contradictions,p0.10,p0.10,3,oracle_fault_model,Oracle,6,31,13,3,3,0,0.1,,1,32,0,32,0,0,0,,0.001674937965260546,,0.026122291021671826,3.0,3.0,0.0,1.0,1.0,0.0
stochastic_contradictions,p0.10,p0.10,3,oracle_fault_model,Oracle,7,31,13,3,3,0,0.1,,1,32,0,32,0,0,0,,0.001674937965260546,,0.026122291021671826,3.0,3.0,0.0,1.0,1.0,0.0
stochastic_contradictions,p0.10,p0.10,4,nominal_no_repair,Nominal,0,31,13,3,3,0,0.1,,1,30,0,30,0,0,0,,0.0001861042183622829,,0.0029024767801857586,0.0,0.0,0.0,1.0,0.0,0.0
stochastic_contradictions,p0.10,p0.10,4,nominal_no_repair,Nominal,1,31,13,3,3,0,0.1,,0,220,200,21,0,1,0,,0.0001861042183622829,,0.0029024767801857586,0.0,0.0,0.0,1.0,0.0,0.0
stochastic_contradictions,p0.10,p0.10,4,nominal_no_repair,Nominal,2,31,13,3,3,0,0.1,,1,30,0,30,0,0,0,,0.0001861042183622829,,0.0029024767801857586,0.0,0.0,0.0,1.0,0.0,0.0
stochastic_contradictions,p0.10,p0.10,4,nominal_no_repair,Nominal,3,31,13,3,3,0,0.1,,0,220,216,5,0,1,0,,0.0001861042183622829,,0.0029024767801857586,0.0,0.0,0.0,1.0,0.0,0.0
stochastic_contradictions,p0.10,p0.10,4,nominal_no_repair,Nominal,4,31,13,3,3,0,0.1,,1,30,0,30,0,0,0,,0.0001861042183622829,,0.0029024767801857586,0.0,0.0,0.0,1.0,0.0,0.0
stochastic_contradictions,p0.10,p0.10,4,nominal_no_repair,Nominal,5,31,13,3,3,0,0.1,,1,30,0,30,0,0,0,,0.0001861042183622829,,0.0029024767801857586,0.0,0.0,0.0,1.0,0.0,0.0
stochastic_contradictions,p0.10,p0.10,4,nominal_no_repair,Nominal,6,31,13,3,3,0,0.1,,1,30,0,30,0,0,0,,0.0001861042183622829,,0.0029024767801857586,0.0,0.0,0.0,1.0,0.0,0.0
stochastic_contradictions,p0.10,p0.10,4,nominal_no_repair,Nominal,7,31,13,3,3,0,0.1,,1,30,0,30,0,0,0,,0.0001861042183622829,,0.0029024767801857586,0.0,0.0,0.0,1.0,0.0,0.0
stochastic_contradictions,p0.10,p0.10,4,threshold_2,Threshold 2,0,31,13,3,3,0,0.1,,1,30,0,30,0,0,0,,0.0001861042183622829,,0.0029024767801857586,0.0,0.0,0.0,1.0,0.0,0.0
stochastic_contradictions,p0.10,p0.10,4,threshold_2,Threshold 2,1,31,13,3,3,0,0.1,,1,30,0,30,0,0,0,,0.0001861042183622829,,0.0029024767801857586,0.0,0.0,0.0,1.0,0.0,0.0
stochastic_contradictions,p0.10,p0.10,4,threshold_2,Threshold 2,2,31,13,3,3,0,0.1,,1,30,0,30,0,0,0,,0.0001861042183622829,,0.0029024767801857586,0.0,0.0,0.0,1.0,0.0,0.0
stochastic_contradictions,p0.10,p0.10,4,threshold_2,Threshold 2,3,31,13,3,3,0,0.1,,1,31,1,31,0,0,0,,0.0001861042183622829,,0.0029024767801857586,0.0,0.0,0.0,1.0,0.0,0.0
stochastic_contradictions,p0.10,p0.10,4,threshold_2,Threshold 2,4,31,13,3,3,0,0.1,,1,30,0,30,0,0,0,,0.0001861042183622829,,0.0029024767801857586,0.0,0.0,0.0,1.0,0.0,0.0
stochastic_contradictions,p0.10,p0.10,4,threshold_2,Threshold 2,5,31,13,3,3,0,0.1,,1,30,0,30,0,0,0,,0.0001861042183622829,,0.0029024767801857586,0.0,0.0,0.0,1.0,0.0,0.0
stochastic_contradictions,p0.10,p0.10,4,threshold_2,Threshold 2,6,31,13,3,3,0,0.1,,1,30,0,30,0,0,0,,0.0001861042183622829,,0.0029024767801857586,0.0,0.0,0.0,1.0,0.0,0.0
stochastic_contradictions,p0.10,p0.10,4,threshold_2,Threshold 2,7,31,13,3,3,0,0.1,,1,30,0,30,0,0,0,,0.0001861042183622829,,0.0029024767801857586,0.0,0.0,0.0,1.0,0.0,0.0
stochastic_contradictions,p0.10,p0.10,4,threshold_4,Threshold 4,0,31,13,3,3,0,0.1,,1,30,0,30,0,0,0,,0.0001861042183622829,,0.0029024767801857586,0.0,0.0,0.0,1.0,0.0,0.0
stochastic_contradictions,p0.10,p0.10,4,threshold_4,Threshold 4,1,31,13,3,3,0,0.1,,1,30,0,30,0,0,0,,0.0001861042183622829,,0.0029024767801857586,0.0,0.0,0.0,1.0,0.0,0.0
stochastic_contradictions,p0.10,p0.10,4,threshold_4,Threshold 4,2,31,13,3,3,0,0.1,,1,32,2,32,0,0,0,,0.0001861042183622829,,0.0029024767801857586,0.0,0.0,0.0,1.0,0.0,0.0
stochastic_contradictions,p0.10,p0.10,4,threshold_4,Threshold 4,3,31,13,3,3,0,0.1,,1,32,2,32,0,0,0,,0.0001861042183622829,,0.0029024767801857586,0.0,0.0,0.0,1.0,0.0,0.0
stochastic_contradictions,p0.10,p0.10,4,threshold_4,Threshold 4,4,31,13,3,3,0,0.1,,1,31,1,31,0,0,0,,0.0001861042183622829,,0.0029024767801857586,0.0,0.0,0.0,1.0,0.0,0.0
stochastic_contradictions,p0.10,p0.10,4,threshold_4,Threshold 4,5,31,13,3,3,0,0.1,,1,33,1,33,0,0,1,,0.0006823821339950373,,0.010642414860681114,1.0,1.0,0.0,1.0,0.3333333333333333,0.0
stochastic_contradictions,p0.10,p0.10,4,threshold_4,Threshold 4,6,31,13,3,3,0,0.1,,1,32,0,32,0,0,1,,0.0006823821339950373,,0.010642414860681114,1.0,1.0,0.0,1.0,0.3333333333333333,0.0
stochastic_contradictions,p0.10,p0.10,4,threshold_4,Threshold 4,7,31,13,3,3,0,0.1,,1,32,0,32,0,0,1,,0.0006823821339950373,,0.010642414860681114,1.0,1.0,0.0,1.0,0.3333333333333333,0.0
stochastic_contradictions,p0.10,p0.10,4,threshold_8,Threshold 8,0,31,13,3,3,0,0.1,,1,31,1,31,0,0,0,,0.0001861042183622829,,0.0029024767801857586,0.0,0.0,0.0,1.0,0.0,0.0
stochastic_contradictions,p0.10,p0.10,4,threshold_8,Threshold 8,1,31,13,3,3,0,0.1,,1,30,0,30,0,0,0,,0.0001861042183622829,,0.0029024767801857586,0.0,0.0,0.0,1.0,0.0,0.0
stochastic_contradictions,p0.10,p0.10,4,threshold_8,Threshold 8,2,31,13,3,3,0,0.1,,1,31,1,31,0,0,0,,0.0001861042183622829,,0.0029024767801857586,0.0,0.0,0.0,1.0,0.0,0.0
stochastic_contradictions,p0.10,p0.10,4,threshold_8,Threshold 8,3,31,13,3,3,0,0.1,,1,30,0,30,0,0,0,,0.0001861042183622829,,0.0029024767801857586,0.0,0.0,0.0,1.0,0.0,0.0
stochastic_contradictions,p0.10,p0.10,4,threshold_8,Threshold 8,4,31,13,3,3,0,0.1,,1,30,0,30,0,0,0,,0.0001861042183622829,,0.0029024767801857586,0.0,0.0,0.0,1.0,0.0,0.0
stochastic_contradictions,p0.10,p0.10,4,threshold_8,Threshold 8,5,31,13,3,3,0,0.1,,1,31,1,31,0,0,0,,0.0001861042183622829,,0.0029024767801857586,0.0,0.0,0.0,1.0,0.0,0.0
stochastic_contradictions,p0.10,p0.10,4,threshold_8,Threshold 8,6,31,13,3,3,0,0.1,,1,30,0,30,0,0,0,,0.0001861042183622829,,0.0029024767801857586,0.0,0.0,0.0,1.0,0.0,0.0
stochastic_contradictions,p0.10,p0.10,4,threshold_8,Threshold 8,7,31,13,3,3,0,0.1,,1,30,0,30,0,0,0,,0.0001861042183622829,,0.0029024767801857586,0.0,0.0,0.0,1.0,0.0,0.0
stochastic_contradictions,p0.10,p0.10,4,ccra_exact_guard,CCRA exact,0,31,13,3,3,0,0.1,,1,30,0,30,0,0,0,,0.0001861042183622829,,0.0029024767801857586,0.0,0.0,0.0,1.0,0.0,0.0
stochastic_contradictions,p0.10,p0.10,4,ccra_exact_guard,CCRA exact,1,31,13,3,3,0,0.1,,1,30,0,30,0,0,0,,0.0001861042183622829,,0.0029024767801857586,0.0,0.0,0.0,1.0,0.0,0.0
stochastic_contradictions,p0.10,p0.10,4,ccra_exact_guard,CCRA exact,2,31,13,3,3,0,0.1,,1,30,0,30,0,0,0,,0.0001861042183622829,,0.0029024767801857586,0.0,0.0,0.0,1.0,0.0,0.0
stochastic_contradictions,p0.10,p0.10,4,ccra_exact_guard,CCRA exact,3,31,13,3,3,0,0.1,,1,30,0,30,0,0,0,,0.0001861042183622829,,0.0029024767801857586,0.0,0.0,0.0,1.0,0.0,0.0
stochastic_contradictions,p0.10,p0.10,4,ccra_exact_guard,CCRA exact,4,31,13,3,3,0,0.1,,1,30,0,30,0,0,0,,0.0001861042183622829,,0.0029024767801857586,0.0,0.0,0.0,1.0,0.0,0.0
stochastic_contradictions,p0.10,p0.10,4,ccra_exact_guard,CCRA exact,5,31,13,3,3,0,0.1,,1,30,0,30,0,0,0,,0.0001861042183622829,,0.0029024767801857586,0.0,0.0,0.0,1.0,0.0,0.0
stochastic_contradictions,p0.10,p0.10,4,ccra_exact_guard,CCRA exact,6,31,13,3,3,0,0.1,,1,30,0,30,0,0,0,,0.0001861042183622829,,0.0029024767801857586,0.0,0.0,0.0,1.0,0.0,0.0
stochastic_contradictions,p0.10,p0.10,4,ccra_exact_guard,CCRA exact,7,31,13,3,3,0,0.1,,1,30,0,30,0,0,0,,0.0001861042183622829,,0.0029024767801857586,0.0,0.0,0.0,1.0,0.0,0.0
stochastic_contradictions,p0.10,p0.10,4,uncertainty_cost_avoidance,Cost avoidance,0,31,13,3,3,0,0.1,,1,33,1,33,0,0,1,,0.0001861042183622829,,0.0029024767801857586,0.0,0.0,0.0,1.0,0.0,0.0
stochastic_contradictions,p0.10,p0.10,4,uncertainty_cost_avoidance,Cost avoidance,1,31,13,3,3,0,0.1,,1,32,0,32,0,0,1,,0.0001861042183622829,,0.0029024767801857586,0.0,0.0,0.0,1.0,0.0,0.0
stochastic_contradictions,p0.10,p0.10,4,uncertainty_cost_avoidance,Cost avoidance,2,31,13,3,3,0,0.1,,1,32,0,32,0,0,1,,0.0001861042183622829,,0.0029024767801857586,0.0,0.0,0.0,1.0,0.0,0.0
stochastic_contradictions,p0.10,p0.10,4,uncertainty_cost_avoidance,Cost avoidance,3,31,13,3,3,0,0.1,,1,32,0,32,0,0,1,,0.0001861042183622829,,0.0029024767801857586,0.0,0.0,0.0,1.0,0.0,0.0
stochastic_contradictions,p0.10,p0.10,4,uncertainty_cost_avoidance,Cost avoidance,4,31,13,3,3,0,0.1,,1,32,0,32,0,0,1,,0.0001861042183622829,,0.0029024767801857586,0.0,0.0,0.0,1.0,0.0,0.0
stochastic_contradictions,p0.10,p0.10,4,uncertainty_cost_avoidance,Cost avoidance,5,31,13,3,3,0,0.1,,1,32,0,32,0,0,1,,0.0001861042183622829,,0.0029024767801857586,0.0,0.0,0.0,1.0,0.0,0.0
stochastic_contradictions,p0.10,p0.10,4,uncertainty_cost_avoidance,Cost avoidance,6,31,13,3,3,0,0.1,,1,32,0,32,0,0,1,,0.0001861042183622829,,0.0029024767801857586,0.0,0.0,0.0,1.0,0.0,0.0
stochastic_contradictions,p0.10,p0.10,4,uncertainty_cost_avoidance,Cost avoidance,7,31,13,3,3,0,0.1,,1,33,1,33,0,0,2,,0.0001861042183622829,,0.0029024767801857586,0.0,0.0,0.0,1.0,0.0,0.0
stochastic_contradictions,p0.10,p0.10,4,oracle_fault_model,Oracle,0,31,13,3,3,0,0.1,,1,32,0,32,0,0,0,,0.001674937965260546,,0.026122291021671826,3.0,3.0,0.0,1.0,1.0,0.0
stochastic_contradictions,p0.10,p0.10,4,oracle_fault_model,Oracle,1,31,13,3,3,0,0.1,,1,32,0,32,0,0,0,,0.001674937965260546,,0.026122291021671826,3.0,3.0,0.0,1.0,1.0,0.0
stochastic_contradictions,p0.10,p0.10,4,oracle_fault_model,Oracle,2,31,13,3,3,0,0.1,,1,32,0,32,0,0,0,,0.001674937965260546,,0.026122291021671826,3.0,3.0,0.0,1.0,1.0,0.0
stochastic_contradictions,p0.10,p0.10,4,oracle_fault_model,Oracle,3,31,13,3,3,0,0.1,,1,32,0,32,0,0,0,,0.001674937965260546,,0.026122291021671826,3.0,3.0,0.0,1.0,1.0,0.0
stochastic_contradictions,p0.10,p0.10,4,oracle_fault_model,Oracle,4,31,13,3,3,0,0.1,,1,32,0,32,0,0,0,,0.001674937965260546,,0.026122291021671826,3.0,3.0,0.0,1.0,1.0,0.0
stochastic_contradictions,p0.10,p0.10,4,oracle_fault_model,Oracle,5,31,13,3,3,0,0.1,,1,32,0,32,0,0,0,,0.001674937965260546,,0.026122291021671826,3.0,3.0,0.0,1.0,1.0,0.0
stochastic_contradictions,p0.10,p0.10,4,oracle_fault_model,Oracle,6,31,13,3,3,0,0.1,,1,32,0,32,0,0,0,,0.001674937965260546,,0.026122291021671826,3.0,3.0,0.0,1.0,1.0,0.0
stochastic_contradictions,p0.10,p0.10,4,oracle_fault_model,Oracle,7,31,13,3,3,0,0.1,,1,32,0,32,0,0,0,,0.001674937965260546,,0.026122291021671826,3.0,3.0,0.0,1.0,1.0,0.0
stochastic_contradictions,p0.10,p0.10,5,nominal_no_repair,Nominal,0,31,13,3,3,0,0.1,,1,30,0,30,0,0,0,,0.0001861042183622829,,0.0029024767801857586,0.0,0.0,0.0,1.0,0.0,0.0
stochastic_contradictions,p0.10,p0.10,5,nominal_no_repair,Nominal,1,31,13,3,3,0,0.1,,1,30,0,30,0,0,0,,0.0001861042183622829,,0.0029024767801857586,0.0,0.0,0.0,1.0,0.0,0.0
stochastic_contradictions,p0.10,p0.10,5,nominal_no_repair,Nominal,2,31,13,3,3,0,0.1,,1,30,0,30,0,0,0,,0.0001861042183622829,,0.0029024767801857586,0.0,0.0,0.0,1.0,0.0,0.0
stochastic_contradictions,p0.10,p0.10,5,nominal_no_repair,Nominal,3,31,13,3,3,0,0.1,,0,220,216,5,0,1,0,,0.0001861042183622829,,0.0029024767801857586,0.0,0.0,0.0,1.0,0.0,0.0
stochastic_contradictions,p0.10,p0.10,5,nominal_no_repair,Nominal,4,31,13,3,3,0,0.1,,1,30,0,30,0,0,0,,0.0001861042183622829,,0.0029024767801857586,0.0,0.0,0.0,1.0,0.0,0.0
stochastic_contradictions,p0.10,p0.10,5,nominal_no_repair,Nominal,5,31,13,3,3,0,0.1,,0,220,196,25,0,1,0,,0.0001861042183622829,,0.0029024767801857586,0.0,0.0,0.0,1.0,0.0,0.0
stochastic_contradictions,p0.10,p0.10,5,nominal_no_repair,Nominal,6,31,13,3,3,0,0.1,,0,220,196,25,0,1,0,,0.0001861042183622829,,0.0029024767801857586,0.0,0.0,0.0,1.0,0.0,0.0
stochastic_contradictions,p0.10,p0.10,5,nominal_no_repair,Nominal,7,31,13,3,3,0,0.1,,1,30,0,30,0,0,0,,0.0001861042183622829,,0.0029024767801857586,0.0,0.0,0.0,1.0,0.0,0.0
stochastic_contradictions,p0.10,p0.10,5,threshold_2,Threshold 2,0,31,13,3,3,0,0.1,,1,31,1,31,0,0,0,,0.0001861042183622829,,0.0029024767801857586,0.0,0.0,0.0,1.0,0.0,0.0
stochastic_contradictions,p0.10,p0.10,5,threshold_2,Threshold 2,1,31,13,3,3,0,0.1,,1,30,0,30,0,0,0,,0.0001861042183622829,,0.0029024767801857586,0.0,0.0,0.0,1.0,0.0,0.0
stochastic_contradictions,p0.10,p0.10,5,threshold_2,Threshold 2,2,31,13,3,3,0,0.1,,1,30,0,30,0,0,0,,0.0001861042183622829,,0.0029024767801857586,0.0,0.0,0.0,1.0,0.0,0.0
stochastic_contradictions,p0.10,p0.10,5,threshold_2,Threshold 2,3,31,13,3,3,0,0.1,,1,30,0,30,0,0,0,,0.0001861042183622829,,0.0029024767801857586,0.0,0.0,0.0,1.0,0.0,0.0
stochastic_contradictions,p0.10,p0.10,5,threshold_2,Threshold 2,4,31,13,3,3,0,0.1,,1,30,0,30,0,0,0,,0.0001861042183622829,,0.0029024767801857586,0.0,0.0,0.0,1.0,0.0,0.0
stochastic_contradictions,p0.10,p0.10,5,threshold_2,Threshold 2,5,31,13,3,3,0,0.1,,1,30,0,30,0,0,0,,0.0001861042183622829,,0.0029024767801857586,0.0,0.0,0.0,1.0,0.0,0.0
stochastic_contradictions,p0.10,p0.10,5,threshold_2,Threshold 2,6,31,13,3,3,0,0.1,,1,31,1,31,0,0,0,,0.0001861042183622829,,0.0029024767801857586,0.0,0.0,0.0,1.0,0.0,0.0
stochastic_contradictions,p0.10,p0.10,5,threshold_2,Threshold 2,7,31,13,3,3,0,0.1,,1,30,0,30,0,0,0,,0.0001861042183622829,,0.0029024767801857586,0.0,0.0,0.0,1.0,0.0,0.0
stochastic_contradictions,p0.10,p0.10,5,threshold_4,Threshold 4,0,31,13,3,3,0,0.1,,1,30,0,30,0,0,0,,0.0001861042183622829,,0.0029024767801857586,0.0,0.0,0.0,1.0,0.0,0.0
stochastic_contradictions,p0.10,p0.10,5,threshold_4,Threshold 4,1,31,13,3,3,0,0.1,,1,31,1,31,0,0,0,,0.0001861042183622829,,0.0029024767801857586,0.0,0.0,0.0,1.0,0.0,0.0
stochastic_contradictions,p0.10,p0.10,5,threshold_4,Threshold 4,2,31,13,3,3,0,0.1,,1,30,0,30,0,0,0,,0.0001861042183622829,,0.0029024767801857586,0.0,0.0,0.0,1.0,0.0,0.0
stochastic_contradictions,p0.10,p0.10,5,threshold_4,Threshold 4,3,31,13,3,3,0,0.1,,1,30,0,30,0,0,0,,0.0001861042183622829,,0.0029024767801857586,0.0,0.0,0.0,1.0,0.0,0.0
stochastic_contradictions,p0.10,p0.10,5,threshold_4,Threshold 4,4,31,13,3,3,0,0.1,,1,30,0,30,0,0,0,,0.0001861042183622829,,0.0029024767801857586,0.0,0.0,0.0,1.0,0.0,0.0
stochastic_contradictions,p0.10,p0.10,5,threshold_4,Threshold 4,5,31,13,3,3,0,0.1,,1,30,0,30,0,0,0,,0.0001861042183622829,,0.0029024767801857586,0.0,0.0,0.0,1.0,0.0,0.0
stochastic_contradictions,p0.10,p0.10,5,threshold_4,Threshold 4,6,31,13,3,3,0,0.1,,1,30,0,30,0,0,0,,0.0001861042183622829,,0.0029024767801857586,0.0,0.0,0.0,1.0,0.0,0.0
stochastic_contradictions,p0.10,p0.10,5,threshold_4,Threshold 4,7,31,13,3,3,0,0.1,,1,31,1,31,0,0,0,,0.0001861042183622829,,0.0029024767801857586,0.0,0.0,0.0,1.0,0.0,0.0
stochastic_contradictions,p0.10,p0.10,5,threshold_8,Threshold 8,0,31,13,3,3,0,0.1,,1,32,2,32,0,0,0,,0.0001861042183622829,,0.0029024767801857586,0.0,0.0,0.0,1.0,0.0,0.0
stochastic_contradictions,p0.10,p0.10,5,threshold_8,Threshold 8,1,31,13,3,3,0,0.1,,1,31,1,31,0,0,0,,0.0001861042183622829,,0.0029024767801857586,0.0,0.0,0.0,1.0,0.0,0.0
stochastic_contradictions,p0.10,p0.10,5,threshold_8,Threshold 8,2,31,13,3,3,0,0.1,,1,30,0,30,0,0,0,,0.0001861042183622829,,0.0029024767801857586,0.0,0.0,0.0,1.0,0.0,0.0
stochastic_contradictions,p0.10,p0.10,5,threshold_8,Threshold 8,3,31,13,3,3,0,0.1,,1,31,1,31,0,0,0,,0.0001861042183622829,,0.0029024767801857586,0.0,0.0,0.0,1.0,0.0,0.0
stochastic_contradictions,p0.10,p0.10,5,threshold_8,Threshold 8,4,31,13,3,3,0,0.1,,1,30,0,30,0,0,0,,0.0001861042183622829,,0.0029024767801857586,0.0,0.0,0.0,1.0,0.0,0.0
stochastic_contradictions,p0.10,p0.10,5,threshold_8,Threshold 8,5,31,13,3,3,0,0.1,,1,31,1,31,0,0,0,,0.0001861042183622829,,0.0029024767801857586,0.0,0.0,0.0,1.0,0.0,0.0
stochastic_contradictions,p0.10,p0.10,5,threshold_8,Threshold 8,6,31,13,3,3,0,0.1,,1,31,1,31,0,0,0,,0.0001861042183622829,,0.0029024767801857586,0.0,0.0,0.0,1.0,0.0,0.0
stochastic_contradictions,p0.10,p0.10,5,threshold_8,Threshold 8,7,31,13,3,3,0,0.1,,1,30,0,30,0,0,0,,0.0001861042183622829,,0.0029024767801857586,0.0,0.0,0.0,1.0,0.0,0.0
stochastic_contradictions,p0.10,p0.10,5,ccra_exact_guard,CCRA exact,0,31,13,3,3,0,0.1,,1,30,0,30,0,0,0,,0.0001861042183622829,,0.0029024767801857586,0.0,0.0,0.0,1.0,0.0,0.0
stochastic_contradictions,p0.10,p0.10,5,ccra_exact_guard,CCRA exact,1,31,13,3,3,0,0.1,,1,30,0,30,0,0,0,,0.0001861042183622829,,0.0029024767801857586,0.0,0.0,0.0,1.0,0.0,0.0
stochastic_contradictions,p0.10,p0.10,5,ccra_exact_guard,CCRA exact,2,31,13,3,3,0,0.1,,1,33,1,33,0,0,1,,0.0006823821339950373,,0.010642414860681114,1.0,1.0,0.0,1.0,0.3333333333333333,0.0
stochastic_contradictions,p0.10,p0.10,5,ccra_exact_guard,CCRA exact,3,31,13,3,3,0,0.1,,1,32,0,32,0,0,1,,0.0006823821339950373,,0.010642414860681114,1.0,1.0,0.0,1.0,0.3333333333333333,0.0
stochastic_contradictions,p0.10,p0.10,5,ccra_exact_guard,CCRA exact,4,31,13,3,3,0,0.1,,1,32,0,32,0,0,1,,0.0006823821339950373,,0.010642414860681114,1.0,1.0,0.0,1.0,0.3333333333333333,0.0
stochastic_contradictions,p0.10,p0.10,5,ccra_exact_guard,CCRA exact,5,31,13,3,3,0,0.1,,1,32,0,32,0,0,1,,0.0006823821339950373,,0.010642414860681114,1.0,1.0,0.0,1.0,0.3333333333333333,0.0
stochastic_contradictions,p0.10,p0.10,5,ccra_exact_guard,CCRA exact,6,31,13,3,3,0,0.1,,1,32,0,32,0,0,1,,0.0006823821339950373,,0.010642414860681114,1.0,1.0,0.0,1.0,0.3333333333333333,0.0
stochastic_contradictions,p0.10,p0.10,5,ccra_exact_guard,CCRA exact,7,31,13,3,3,0,0.1,,1,33,1,33,0,0,2,,0.0011786600496277915,,0.01838235294117647,2.0,2.0,0.0,1.0,0.6666666666666666,0.0
stochastic_contradictions,p0.10,p0.10,5,uncertainty_cost_avoidance,Cost avoidance,0,31,13,3,3,0,0.1,,1,30,0,30,0,0,0,,0.0001861042183622829,,0.0029024767801857586,0.0,0.0,0.0,1.0,0.0,0.0
stochastic_contradictions,p0.10,p0.10,5,uncertainty_cost_avoidance,Cost avoidance,1,31,13,3,3,0,0.1,,1,30,0,30,0,0,0,,0.0001861042183622829,,0.0029024767801857586,0.0,0.0,0.0,1.0,0.0,0.0
stochastic_contradictions,p0.10,p0.10,5,uncertainty_cost_avoidance,Cost avoidance,2,31,13,3,3,0,0.1,,1,30,0,30,0,0,0,,0.0001861042183622829,,0.0029024767801857586,0.0,0.0,0.0,1.0,0.0,0.0
stochastic_contradictions,p0.10,p0.10,5,uncertainty_cost_avoidance,Cost avoidance,3,31,13,3,3,0,0.1,,1,30,0,30,0,0,0,,0.0001861042183622829,,0.0029024767801857586,0.0,0.0,0.0,1.0,0.0,0.0
stochastic_contradictions,p0.10,p0.10,5,uncertainty_cost_avoidance,Cost avoidance,4,31,13,3,3,0,0.1,,1,33,1,33,0,0,1,,0.0001861042183622829,,0.0029024767801857586,0.0,0.0,0.0,1.0,0.0,0.0
stochastic_contradictions,p0.10,p0.10,5,uncertainty_cost_avoidance,Cost avoidance,5,31,13,3,3,0,0.1,,1,33,1,33,0,0,2,,0.0001861042183622829,,0.0029024767801857586,0.0,0.0,0.0,1.0,0.0,0.0
stochastic_contradictions,p0.10,p0.10,5,uncertainty_cost_avoidance,Cost avoidance,6,31,13,3,3,0,0.1,,1,32,0,32,0,0,2,,0.0001861042183622829,,0.0029024767801857586,0.0,0.0,0.0,1.0,0.0,0.0
stochastic_contradictions,p0.10,p0.10,5,uncertainty_cost_avoidance,Cost avoidance,7,31,13,3,3,0,0.1,,1,32,0,32,0,0,2,,0.0001861042183622829,,0.0029024767801857586,0.0,0.0,0.0,1.0,0.0,0.0
stochastic_contradictions,p0.10,p0.10,5,oracle_fault_model,Oracle,0,31,13,3,3,0,0.1,,1,32,0,32,0,0,0,,0.001674937965260546,,0.026122291021671826,3.0,3.0,0.0,1.0,1.0,0.0
stochastic_contradictions,p0.10,p0.10,5,oracle_fault_model,Oracle,1,31,13,3,3,0,0.1,,1,32,0,32,0,0,0,,0.001674937965260546,,0.026122291021671826,3.0,3.0,0.0,1.0,1.0,0.0
stochastic_contradictions,p0.10,p0.10,5,oracle_fault_model,Oracle,2,31,13,3,3,0,0.1,,1,32,0,32,0,0,0,,0.001674937965260546,,0.026122291021671826,3.0,3.0,0.0,1.0,1.0,0.0
stochastic_contradictions,p0.10,p0.10,5,oracle_fault_model,Oracle,3,31,13,3,3,0,0.1,,1,32,0,32,0,0,0,,0.001674937965260546,,0.026122291021671826,3.0,3.0,0.0,1.0,1.0,0.0
stochastic_contradictions,p0.10,p0.10,5,oracle_fault_model,Oracle,4,31,13,3,3,0,0.1,,1,32,0,32,0,0,0,,0.001674937965260546,,0.026122291021671826,3.0,3.0,0.0,1.0,1.0,0.0
stochastic_contradictions,p0.10,p0.10,5,oracle_fault_model,Oracle,5,31,13,3,3,0,0.1,,1,32,0,32,0,0,0,,0.001674937965260546,,0.026122291021671826,3.0,3.0,0.0,1.0,1.0,0.0
stochastic_contradictions,p0.10,p0.10,5,oracle_fault_model,Oracle,6,31,13,3,3,0,0.1,,1,32,0,32,0,0,0,,0.001674937965260546,,0.026122291021671826,3.0,3.0,0.0,1.0,1.0,0.0
stochastic_contradictions,p0.10,p0.10,5,oracle_fault_model,Oracle,7,31,13,3,3,0,0.1,,1,32,0,32,0,0,0,,0.001674937965260546,,0.026122291021671826,3.0,3.0,0.0,1.0,1.0,0.0
stochastic_contradictions,p0.10,p0.10,6,nominal_no_repair,Nominal,0,31,13,3,3,0,0.1,,0,220,216,5,0,1,0,,0.0001861042183622829,,0.0029024767801857586,0.0,0.0,0.0,1.0,0.0,0.0
stochastic_contradictions,p0.10,p0.10,6,nominal_no_repair,Nominal,1,31,13,3,3,0,0.1,,1,30,0,30,0,0,0,,0.0001861042183622829,,0.0029024767801857586,0.0,0.0,0.0,1.0,0.0,0.0
stochastic_contradictions,p0.10,p0.10,6,nominal_no_repair,Nominal,2,31,13,3,3,0,0.1,,1,30,0,30,0,0,0,,0.0001861042183622829,,0.0029024767801857586,0.0,0.0,0.0,1.0,0.0,0.0
stochastic_contradictions,p0.10,p0.10,6,nominal_no_repair,Nominal,3,31,13,3,3,0,0.1,,1,30,0,30,0,0,0,,0.0001861042183622829,,0.0029024767801857586,0.0,0.0,0.0,1.0,0.0,0.0
stochastic_contradictions,p0.10,p0.10,6,nominal_no_repair,Nominal,4,31,13,3,3,0,0.1,,1,30,0,30,0,0,0,,0.0001861042183622829,,0.0029024767801857586,0.0,0.0,0.0,1.0,0.0,0.0
stochastic_contradictions,p0.10,p0.10,6,nominal_no_repair,Nominal,5,31,13,3,3,0,0.1,,0,220,208,13,0,1,0,,0.0001861042183622829,,0.0029024767801857586,0.0,0.0,0.0,1.0,0.0,0.0
stochastic_contradictions,p0.10,p0.10,6,nominal_no_repair,Nominal,6,31,13,3,3,0,0.1,,1,30,0,30,0,0,0,,0.0001861042183622829,,0.0029024767801857586,0.0,0.0,0.0,1.0,0.0,0.0
stochastic_contradictions,p0.10,p0.10,6,nominal_no_repair,Nominal,7,31,13,3,3,0,0.1,,1,30,0,30,0,0,0,,0.0001861042183622829,,0.0029024767801857586,0.0,0.0,0.0,1.0,0.0,0.0
stochastic_contradictions,p0.10,p0.10,6,threshold_2,Threshold 2,0,31,13,3,3,0,0.1,,1,30,0,30,0,0,0,,0.0001861042183622829,,0.0029024767801857586,0.0,0.0,0.0,1.0,0.0,0.0
stochastic_contradictions,p0.10,p0.10,6,threshold_2,Threshold 2,1,31,13,3,3,0,0.1,,1,31,1,31,0,0,0,,0.0001861042183622829,,0.0029024767801857586,0.0,0.0,0.0,1.0,0.0,0.0
stochastic_contradictions,p0.10,p0.10,6,threshold_2,Threshold 2,2,31,13,3,3,0,0.1,,1,30,0,30,0,0,0,,0.0001861042183622829,,0.0029024767801857586,0.0,0.0,0.0,1.0,0.0,0.0
stochastic_contradictions,p0.10,p0.10,6,threshold_2,Threshold 2,3,31,13,3,3,0,0.1,,1,30,0,30,0,0,0,,0.0001861042183622829,,0.0029024767801857586,0.0,0.0,0.0,1.0,0.0,0.0
stochastic_contradictions,p0.10,p0.10,6,threshold_2,Threshold 2,4,31,13,3,3,0,0.1,,1,30,0,30,0,0,0,,0.0001861042183622829,,0.0029024767801857586,0.0,0.0,0.0,1.0,0.0,0.0
stochastic_contradictions,p0.10,p0.10,6,threshold_2,Threshold 2,5,31,13,3,3,0,0.1,,1,30,0,30,0,0,0,,0.0001861042183622829,,0.0029024767801857586,0.0,0.0,0.0,1.0,0.0,0.0
stochastic_contradictions,p0.10,p0.10,6,threshold_2,Threshold 2,6,31,13,3,3,0,0.1,,1,34,2,34,0,0,1,,0.0006823821339950373,,0.010642414860681114,1.0,1.0,0.0,1.0,0.3333333333333333,0.0
stochastic_contradictions,p0.10,p0.10,6,threshold_2,Threshold 2,7,31,13,3,3,0,0.1,,1,32,0,32,0,0,1,,0.0006823821339950373,,0.010642414860681114,1.0,1.0,0.0,1.0,0.3333333333333333,0.0
stochastic_contradictions,p0.10,p0.10,6,threshold_4,Threshold 4,0,31,13,3,3,0,0.1,,1,30,0,30,0,0,0,,0.0001861042183622829,,0.0029024767801857586,0.0,0.0,0.0,1.0,0.0,0.0
stochastic_contradictions,p0.10,p0.10,6,threshold_4,Threshold 4,1,31,13,3,3,0,0.1,,1,31,1,31,0,0,0,,0.0001861042183622829,,0.0029024767801857586,0.0,0.0,0.0,1.0,0.0,0.0
stochastic_contradictions,p0.10,p0.10,6,threshold_4,Threshold 4,2,31,13,3,3,0,0.1,,1,31,1,31,0,0,0,,0.0001861042183622829,,0.0029024767801857586,0.0,0.0,0.0,1.0,0.0,0.0
stochastic_contradictions,p0.10,p0.10,6,threshold_4,Threshold 4,3,31,13,3,3,0,0.1,,1,30,0,30,0,0,0,,0.0001861042183622829,,0.0029024767801857586,0.0,0.0,0.0,1.0,0.0,0.0
stochastic_contradictions,p0.10,p0.10,6,threshold_4,Threshold 4,4,31,13,3,3,0,0.1,,1,30,0,30,0,0,0,,0.0001861042183622829,,0.0029024767801857586,0.0,0.0,0.0,1.0,0.0,0.0
stochastic_contradictions,p0.10,p0.10,6,threshold_4,Threshold 4,5,31,13,3,3,0,0.1,,1,31,1,31,0,0,0,,0.0001861042183622829,,0.0029024767801857586,0.0,0.0,0.0,1.0,0.0,0.0
stochastic_contradictions,p0.10,p0.10,6,threshold_4,Threshold 4,6,31,13,3,3,0,0.1,,1,30,0,30,0,0,0,,0.0001861042183622829,,0.0029024767801857586,0.0,0.0,0.0,1.0,0.0,0.0
stochastic_contradictions,p0.10,p0.10,6,threshold_4,Threshold 4,7,31,13,3,3,0,0.1,,1,30,0,30,0,0,0,,0.0001861042183622829,,0.0029024767801857586,0.0,0.0,0.0,1.0,0.0,0.0
stochastic_contradictions,p0.10,p0.10,6,threshold_8,Threshold 8,0,31,13,3,3,0,0.1,,1,31,1,31,0,0,0,,0.0001861042183622829,,0.0029024767801857586,0.0,0.0,0.0,1.0,0.0,0.0
stochastic_contradictions,p0.10,p0.10,6,threshold_8,Threshold 8,1,31,13,3,3,0,0.1,,1,30,0,30,0,0,0,,0.0001861042183622829,,0.0029024767801857586,0.0,0.0,0.0,1.0,0.0,0.0
stochastic_contradictions,p0.10,p0.10,6,threshold_8,Threshold 8,2,31,13,3,3,0,0.1,,1,31,1,31,0,0,0,,0.0001861042183622829,,0.0029024767801857586,0.0,0.0,0.0,1.0,0.0,0.0
stochastic_contradictions,p0.10,p0.10,6,threshold_8,Threshold 8,3,31,13,3,3,0,0.1,,1,30,0,30,0,0,0,,0.0001861042183622829,,0.0029024767801857586,0.0,0.0,0.0,1.0,0.0,0.0
stochastic_contradictions,p0.10,p0.10,6,threshold_8,Threshold 8,4,31,13,3,3,0,0.1,,1,30,0,30,0,0,0,,0.0001861042183622829,,0.0029024767801857586,0.0,0.0,0.0,1.0,0.0,0.0
stochastic_contradictions,p0.10,p0.10,6,threshold_8,Threshold 8,5,31,13,3,3,0,0.1,,1,30,0,30,0,0,0,,0.0001861042183622829,,0.0029024767801857586,0.0,0.0,0.0,1.0,0.0,0.0
stochastic_contradictions,p0.10,p0.10,6,threshold_8,Threshold 8,6,31,13,3,3,0,0.1,,1,30,0,30,0,0,0,,0.0001861042183622829,,0.0029024767801857586,0.0,0.0,0.0,1.0,0.0,0.0
stochastic_contradictions,p0.10,p0.10,6,threshold_8,Threshold 8,7,31,13,3,3,0,0.1,,1,30,0,30,0,0,0,,0.0001861042183622829,,0.0029024767801857586,0.0,0.0,0.0,1.0,0.0,0.0
stochastic_contradictions,p0.10,p0.10,6,ccra_exact_guard,CCRA exact,0,31,13,3,3,0,0.1,,1,33,1,33,0,0,1,,0.0006823821339950373,,0.010642414860681114,1.0,1.0,0.0,1.0,0.3333333333333333,0.0
stochastic_contradictions,p0.10,p0.10,6,ccra_exact_guard,CCRA exact,1,31,13,3,3,0,0.1,,1,33,1,33,0,0,2,,0.0011786600496277915,,0.01838235294117647,2.0,2.0,0.0,1.0,0.6666666666666666,0.0
stochastic_contradictions,p0.10,p0.10,6,ccra_exact_guard,CCRA exact,2,31,13,3,3,0,0.1,,1,32,0,32,0,0,2,,0.0011786600496277915,,0.01838235294117647,2.0,2.0,0.0,1.0,0.6666666666666666,0.0
stochastic_contradictions,p0.10,p0.10,6,ccra_exact_guard,CCRA exact,3,31,13,3,3,0,0.1,,1,32,0,32,0,0,2,,0.0011786600496277915,,0.01838235294117647,2.0,2.0,0.0,1.0,0.6666666666666666,0.0
stochastic_contradictions,p0.10,p0.10,6,ccra_exact_guard,CCRA exact,4,31,13,3,3,0,0.1,,1,32,0,32,0,0,2,,0.0011786600496277915,,0.01838235294117647,2.0,2.0,0.0,1.0,0.6666666666666666,0.0
stochastic_contradictions,p0.10,p0.10,6,ccra_exact_guard,CCRA exact,5,31,13,3,3,0,0.1,,1,32,0,32,0,0,2,,0.0011786600496277915,,0.01838235294117647,2.0,2.0,0.0,1.0,0.6666666666666666,0.0
stochastic_contradictions,p0.10,p0.10,6,ccra_exact_guard,CCRA exact,6,31,13,3,3,0,0.1,,1,33,1,33,0,0,3,,0.001674937965260546,,0.026122291021671826,3.0,3.0,0.0,1.0,1.0,0.0
stochastic_contradictions,p0.10,p0.10,6,ccra_exact_guard,CCRA exact,7,31,13,3,3,0,0.1,,1,32,0,32,0,0,3,,0.001674937965260546,,0.026122291021671826,3.0,3.0,0.0,1.0,1.0,0.0
stochastic_contradictions,p0.10,p0.10,6,uncertainty_cost_avoidance,Cost avoidance,0,31,13,3,3,0,0.1,,1,30,0,30,0,0,0,,0.0001861042183622829,,0.0029024767801857586,0.0,0.0,0.0,1.0,0.0,0.0
stochastic_contradictions,p0.10,p0.10,6,uncertainty_cost_avoidance,Cost avoidance,1,31,13,3,3,0,0.1,,1,33,1,33,0,0,1,,0.0001861042183622829,,0.0029024767801857586,0.0,0.0,0.0,1.0,0.0,0.0
stochastic_contradictions,p0.10,p0.10,6,uncertainty_cost_avoidance,Cost avoidance,2,31,13,3,3,0,0.1,,1,32,0,32,0,0,1,,0.0001861042183622829,,0.0029024767801857586,0.0,0.0,0.0,1.0,0.0,0.0
stochastic_contradictions,p0.10,p0.10,6,uncertainty_cost_avoidance,Cost avoidance,3,31,13,3,3,0,0.1,,1,32,0,32,0,0,1,,0.0001861042183622829,,0.0029024767801857586,0.0,0.0,0.0,1.0,0.0,0.0
stochastic_contradictions,p0.10,p0.10,6,uncertainty_cost_avoidance,Cost avoidance,4,31,13,3,3,0,0.1,,1,33,1,33,0,0,2,,0.0001861042183622829,,0.0029024767801857586,0.0,0.0,0.0,1.0,0.0,0.0
stochastic_contradictions,p0.10,p0.10,6,uncertainty_cost_avoidance,Cost avoidance,5,31,13,3,3,0,0.1,,1,32,0,32,0,0,2,,0.0001861042183622829,,0.0029024767801857586,0.0,0.0,0.0,1.0,0.0,0.0
stochastic_contradictions,p0.10,p0.10,6,uncertainty_cost_avoidance,Cost avoidance,6,31,13,3,3,0,0.1,,1,32,0,32,0,0,2,,0.0001861042183622829,,0.0029024767801857586,0.0,0.0,0.0,1.0,0.0,0.0
stochastic_contradictions,p0.10,p0.10,6,uncertainty_cost_avoidance,Cost avoidance,7,31,13,3,3,0,0.1,,1,32,0,32,0,0,2,,0.0001861042183622829,,0.0029024767801857586,0.0,0.0,0.0,1.0,0.0,0.0
stochastic_contradictions,p0.10,p0.10,6,oracle_fault_model,Oracle,0,31,13,3,3,0,0.1,,1,32,0,32,0,0,0,,0.001674937965260546,,0.026122291021671826,3.0,3.0,0.0,1.0,1.0,0.0
stochastic_contradictions,p0.10,p0.10,6,oracle_fault_model,Oracle,1,31,13,3,3,0,0.1,,1,32,0,32,0,0,0,,0.001674937965260546,,0.026122291021671826,3.0,3.0,0.0,1.0,1.0,0.0
stochastic_contradictions,p0.10,p0.10,6,oracle_fault_model,Oracle,2,31,13,3,3,0,0.1,,1,32,0,32,0,0,0,,0.001674937965260546,,0.026122291021671826,3.0,3.0,0.0,1.0,1.0,0.0
stochastic_contradictions,p0.10,p0.10,6,oracle_fault_model,Oracle,3,31,13,3,3,0,0.1,,1,32,0,32,0,0,0,,0.001674937965260546,,0.026122291021671826,3.0,3.0,0.0,1.0,1.0,0.0
stochastic_contradictions,p0.10,p0.10,6,oracle_fault_model,Oracle,4,31,13,3,3,0,0.1,,1,32,0,32,0,0,0,,0.001674937965260546,,0.026122291021671826,3.0,3.0,0.0,1.0,1.0,0.0
stochastic_contradictions,p0.10,p0.10,6,oracle_fault_model,Oracle,5,31,13,3,3,0,0.1,,1,32,0,32,0,0,0,,0.001674937965260546,,0.026122291021671826,3.0,3.0,0.0,1.0,1.0,0.0
stochastic_contradictions,p0.10,p0.10,6,oracle_fault_model,Oracle,6,31,13,3,3,0,0.1,,1,32,0,32,0,0,0,,0.001674937965260546,,0.026122291021671826,3.0,3.0,0.0,1.0,1.0,0.0
stochastic_contradictions,p0.10,p0.10,6,oracle_fault_model,Oracle,7,31,13,3,3,0,0.1,,1,32,0,32,0,0,0,,0.001674937965260546,,0.026122291021671826,3.0,3.0,0.0,1.0,1.0,0.0
stochastic_contradictions,p0.10,p0.10,7,nominal_no_repair,Nominal,0,31,13,3,3,0,0.1,,1,30,0,30,0,0,0,,0.0001861042183622829,,0.0029024767801857586,0.0,0.0,0.0,1.0,0.0,0.0
stochastic_contradictions,p0.10,p0.10,7,nominal_no_repair,Nominal,1,31,13,3,3,0,0.1,,1,30,0,30,0,0,0,,0.0001861042183622829,,0.0029024767801857586,0.0,0.0,0.0,1.0,0.0,0.0
stochastic_contradictions,p0.10,p0.10,7,nominal_no_repair,Nominal,2,31,13,3,3,0,0.1,,0,220,211,10,0,1,0,,0.0001861042183622829,,0.0029024767801857586,0.0,0.0,0.0,1.0,0.0,0.0
stochastic_contradictions,p0.10,p0.10,7,nominal_no_repair,Nominal,3,31,13,3,3,0,0.1,,1,30,0,30,0,0,0,,0.0001861042183622829,,0.0029024767801857586,0.0,0.0,0.0,1.0,0.0,0.0
stochastic_contradictions,p0.10,p0.10,7,nominal_no_repair,Nominal,4,31,13,3,3,0,0.1,,0,220,204,17,0,1,0,,0.0001861042183622829,,0.0029024767801857586,0.0,0.0,0.0,1.0,0.0,0.0
stochastic_contradictions,p0.10,p0.10,7,nominal_no_repair,Nominal,5,31,13,3,3,0,0.1,,0,220,203,18,0,1,0,,0.0001861042183622829,,0.0029024767801857586,0.0,0.0,0.0,1.0,0.0,0.0
stochastic_contradictions,p0.10,p0.10,7,nominal_no_repair,Nominal,6,31,13,3,3,0,0.1,,0,220,211,10,0,1,0,,0.0001861042183622829,,0.0029024767801857586,0.0,0.0,0.0,1.0,0.0,0.0
stochastic_contradictions,p0.10,p0.10,7,nominal_no_repair,Nominal,7,31,13,3,3,0,0.1,,1,30,0,30,0,0,0,,0.0001861042183622829,,0.0029024767801857586,0.0,0.0,0.0,1.0,0.0,0.0
stochastic_contradictions,p0.10,p0.10,7,threshold_2,Threshold 2,0,31,13,3,3,0,0.1,,1,30,0,30,0,0,0,,0.0001861042183622829,,0.0029024767801857586,0.0,0.0,0.0,1.0,0.0,0.0
stochastic_contradictions,p0.10,p0.10,7,threshold_2,Threshold 2,1,31,13,3,3,0,0.1,,1,30,0,30,0,0,0,,0.0001861042183622829,,0.0029024767801857586,0.0,0.0,0.0,1.0,0.0,0.0
stochastic_contradictions,p0.10,p0.10,7,threshold_2,Threshold 2,2,31,13,3,3,0,0.1,,1,31,1,31,0,0,0,,0.0001861042183622829,,0.0029024767801857586,0.0,0.0,0.0,1.0,0.0,0.0
stochastic_contradictions,p0.10,p0.10,7,threshold_2,Threshold 2,3,31,13,3,3,0,0.1,,1,31,1,31,0,0,0,,0.0001861042183622829,,0.0029024767801857586,0.0,0.0,0.0,1.0,0.0,0.0
stochastic_contradictions,p0.10,p0.10,7,threshold_2,Threshold 2,4,31,13,3,3,0,0.1,,1,33,1,33,0,0,1,,0.0006823821339950373,,0.010642414860681114,1.0,1.0,0.0,1.0,0.3333333333333333,0.0
stochastic_contradictions,p0.10,p0.10,7,threshold_2,Threshold 2,5,31,13,3,3,0,0.1,,1,32,0,32,0,0,1,,0.0006823821339950373,,0.010642414860681114,1.0,1.0,0.0,1.0,0.3333333333333333,0.0
stochastic_contradictions,p0.10,p0.10,7,threshold_2,Threshold 2,6,31,13,3,3,0,0.1,,1,32,0,32,0,0,1,,0.0006823821339950373,,0.010642414860681114,1.0,1.0,0.0,1.0,0.3333333333333333,0.0
stochastic_contradictions,p0.10,p0.10,7,threshold_2,Threshold 2,7,31,13,3,3,0,0.1,,1,32,0,32,0,0,1,,0.0006823821339950373,,0.010642414860681114,1.0,1.0,0.0,1.0,0.3333333333333333,0.0
stochastic_contradictions,p0.10,p0.10,7,threshold_4,Threshold 4,0,31,13,3,3,0,0.1,,1,30,0,30,0,0,0,,0.0001861042183622829,,0.0029024767801857586,0.0,0.0,0.0,1.0,0.0,0.0
stochastic_contradictions,p0.10,p0.10,7,threshold_4,Threshold 4,1,31,13,3,3,0,0.1,,1,30,0,30,0,0,0,,0.0001861042183622829,,0.0029024767801857586,0.0,0.0,0.0,1.0,0.0,0.0
stochastic_contradictions,p0.10,p0.10,7,threshold_4,Threshold 4,2,31,13,3,3,0,0.1,,1,31,1,31,0,0,0,,0.0001861042183622829,,0.0029024767801857586,0.0,0.0,0.0,1.0,0.0,0.0
stochastic_contradictions,p0.10,p0.10,7,threshold_4,Threshold 4,3,31,13,3,3,0,0.1,,1,30,0,30,0,0,0,,0.0001861042183622829,,0.0029024767801857586,0.0,0.0,0.0,1.0,0.0,0.0
stochastic_contradictions,p0.10,p0.10,7,threshold_4,Threshold 4,4,31,13,3,3,0,0.1,,1,30,0,30,0,0,0,,0.0001861042183622829,,0.0029024767801857586,0.0,0.0,0.0,1.0,0.0,0.0
stochastic_contradictions,p0.10,p0.10,7,threshold_4,Threshold 4,5,31,13,3,3,0,0.1,,1,30,0,30,0,0,0,,0.0001861042183622829,,0.0029024767801857586,0.0,0.0,0.0,1.0,0.0,0.0
stochastic_contradictions,p0.10,p0.10,7,threshold_4,Threshold 4,6,31,13,3,3,0,0.1,,1,31,1,31,0,0,0,,0.0001861042183622829,,0.0029024767801857586,0.0,0.0,0.0,1.0,0.0,0.0
stochastic_contradictions,p0.10,p0.10,7,threshold_4,Threshold 4,7,31,13,3,3,0,0.1,,1,31,1,31,0,0,0,,0.0001861042183622829,,0.0029024767801857586,0.0,0.0,0.0,1.0,0.0,0.0
stochastic_contradictions,p0.10,p0.10,7,threshold_8,Threshold 8,0,31,13,3,3,0,0.1,,1,31,1,31,0,0,0,,0.0001861042183622829,,0.0029024767801857586,0.0,0.0,0.0,1.0,0.0,0.0
stochastic_contradictions,p0.10,p0.10,7,threshold_8,Threshold 8,1,31,13,3,3,0,0.1,,1,30,0,30,0,0,0,,0.0001861042183622829,,0.0029024767801857586,0.0,0.0,0.0,1.0,0.0,0.0
stochastic_contradictions,p0.10,p0.10,7,threshold_8,Threshold 8,2,31,13,3,3,0,0.1,,1,30,0,30,0,0,0,,0.0001861042183622829,,0.0029024767801857586,0.0,0.0,0.0,1.0,0.0,0.0
stochastic_contradictions,p0.10,p0.10,7,threshold_8,Threshold 8,3,31,13,3,3,0,0.1,,1,30,0,30,0,0,0,,0.0001861042183622829,,0.0029024767801857586,0.0,0.0,0.0,1.0,0.0,0.0
stochastic_contradictions,p0.10,p0.10,7,threshold_8,Threshold 8,4,31,13,3,3,0,0.1,,1,30,0,30,0,0,0,,0.0001861042183622829,,0.0029024767801857586,0.0,0.0,0.0,1.0,0.0,0.0
stochastic_contradictions,p0.10,p0.10,7,threshold_8,Threshold 8,5,31,13,3,3,0,0.1,,1,31,1,31,0,0,0,,0.0001861042183622829,,0.0029024767801857586,0.0,0.0,0.0,1.0,0.0,0.0
stochastic_contradictions,p0.10,p0.10,7,threshold_8,Threshold 8,6,31,13,3,3,0,0.1,,1,31,1,31,0,0,0,,0.0001861042183622829,,0.0029024767801857586,0.0,0.0,0.0,1.0,0.0,0.0
stochastic_contradictions,p0.10,p0.10,7,threshold_8,Threshold 8,7,31,13,3,3,0,0.1,,1,30,0,30,0,0,0,,0.0001861042183622829,,0.0029024767801857586,0.0,0.0,0.0,1.0,0.0,0.0
stochastic_contradictions,p0.10,p0.10,7,ccra_exact_guard,CCRA exact,0,31,13,3,3,0,0.1,,1,30,0,30,0,0,0,,0.0001861042183622829,,0.0029024767801857586,0.0,0.0,0.0,1.0,0.0,0.0
stochastic_contradictions,p0.10,p0.10,7,ccra_exact_guard,CCRA exact,1,31,13,3,3,0,0.1,,1,30,0,30,0,0,0,,0.0001861042183622829,,0.0029024767801857586,0.0,0.0,0.0,1.0,0.0,0.0
stochastic_contradictions,p0.10,p0.10,7,ccra_exact_guard,CCRA exact,2,31,13,3,3,0,0.1,,1,33,1,33,0,0,1,,0.0006823821339950373,,0.010642414860681114,1.0,1.0,0.0,1.0,0.3333333333333333,0.0
stochastic_contradictions,p0.10,p0.10,7,ccra_exact_guard,CCRA exact,3,31,13,3,3,0,0.1,,1,32,0,32,0,0,1,,0.0006823821339950373,,0.010642414860681114,1.0,1.0,0.0,1.0,0.3333333333333333,0.0
stochastic_contradictions,p0.10,p0.10,7,ccra_exact_guard,CCRA exact,4,31,13,3,3,0,0.1,,1,32,0,32,0,0,1,,0.0006823821339950373,,0.010642414860681114,1.0,1.0,0.0,1.0,0.3333333333333333,0.0
stochastic_contradictions,p0.10,p0.10,7,ccra_exact_guard,CCRA exact,5,31,13,3,3,0,0.1,,1,32,0,32,0,0,1,,0.0006823821339950373,,0.010642414860681114,1.0,1.0,0.0,1.0,0.3333333333333333,0.0
stochastic_contradictions,p0.10,p0.10,7,ccra_exact_guard,CCRA exact,6,31,13,3,3,0,0.1,,1,32,0,32,0,0,1,,0.0006823821339950373,,0.010642414860681114,1.0,1.0,0.0,1.0,0.3333333333333333,0.0
stochastic_contradictions,p0.10,p0.10,7,ccra_exact_guard,CCRA exact,7,31,13,3,3,0,0.1,,1,33,1,33,0,0,2,,0.0011786600496277915,,0.01838235294117647,2.0,2.0,0.0,1.0,0.6666666666666666,0.0
stochastic_contradictions,p0.10,p0.10,7,uncertainty_cost_avoidance,Cost avoidance,0,31,13,3,3,0,0.1,,1,30,0,30,0,0,0,,0.0001861042183622829,,0.0029024767801857586,0.0,0.0,0.0,1.0,0.0,0.0
stochastic_contradictions,p0.10,p0.10,7,uncertainty_cost_avoidance,Cost avoidance,1,31,13,3,3,0,0.1,,1,30,0,30,0,0,0,,0.0001861042183622829,,0.0029024767801857586,0.0,0.0,0.0,1.0,0.0,0.0
stochastic_contradictions,p0.10,p0.10,7,uncertainty_cost_avoidance,Cost avoidance,2,31,13,3,3,0,0.1,,1,30,0,30,0,0,0,,0.0001861042183622829,,0.0029024767801857586,0.0,0.0,0.0,1.0,0.0,0.0
stochastic_contradictions,p0.10,p0.10,7,uncertainty_cost_avoidance,Cost avoidance,3,31,13,3,3,0,0.1,,1,30,0,30,0,0,0,,0.0001861042183622829,,0.0029024767801857586,0.0,0.0,0.0,1.0,0.0,0.0
stochastic_contradictions,p0.10,p0.10,7,uncertainty_cost_avoidance,Cost avoidance,4,31,13,3,3,0,0.1,,1,30,0,30,0,0,0,,0.0001861042183622829,,0.0029024767801857586,0.0,0.0,0.0,1.0,0.0,0.0
stochastic_contradictions,p0.10,p0.10,7,uncertainty_cost_avoidance,Cost avoidance,5,31,13,3,3,0,0.1,,1,30,0,30,0,0,0,,0.0001861042183622829,,0.0029024767801857586,0.0,0.0,0.0,1.0,0.0,0.0
stochastic_contradictions,p0.10,p0.10,7,uncertainty_cost_avoidance,Cost avoidance,6,31,13,3,3,0,0.1,,1,30,0,30,0,0,0,,0.0001861042183622829,,0.0029024767801857586,0.0,0.0,0.0,1.0,0.0,0.0
stochastic_contradictions,p0.10,p0.10,7,uncertainty_cost_avoidance,Cost avoidance,7,31,13,3,3,0,0.1,,1,30,0,30,0,0,0,,0.0001861042183622829,,0.0029024767801857586,0.0,0.0,0.0,1.0,0.0,0.0
stochastic_contradictions,p0.10,p0.10,7,oracle_fault_model,Oracle,0,31,13,3,3,0,0.1,,1,32,0,32,0,0,0,,0.001674937965260546,,0.026122291021671826,3.0,3.0,0.0,1.0,1.0,0.0
stochastic_contradictions,p0.10,p0.10,7,oracle_fault_model,Oracle,1,31,13,3,3,0,0.1,,1,32,0,32,0,0,0,,0.001674937965260546,,0.026122291021671826,3.0,3.0,0.0,1.0,1.0,0.0
stochastic_contradictions,p0.10,p0.10,7,oracle_fault_model,Oracle,2,31,13,3,3,0,0.1,,1,32,0,32,0,0,0,,0.001674937965260546,,0.026122291021671826,3.0,3.0,0.0,1.0,1.0,0.0
stochastic_contradictions,p0.10,p0.10,7,oracle_fault_model,Oracle,3,31,13,3,3,0,0.1,,1,32,0,32,0,0,0,,0.001674937965260546,,0.026122291021671826,3.0,3.0,0.0,1.0,1.0,0.0
stochastic_contradictions,p0.10,p0.10,7,oracle_fault_model,Oracle,4,31,13,3,3,0,0.1,,1,32,0,32,0,0,0,,0.001674937965260546,,0.026122291021671826,3.0,3.0,0.0,1.0,1.0,0.0
stochastic_contradictions,p0.10,p0.10,7,oracle_fault_model,Oracle,5,31,13,3,3,0,0.1,,1,32,0,32,0,0,0,,0.001674937965260546,,0.026122291021671826,3.0,3.0,0.0,1.0,1.0,0.0
stochastic_contradictions,p0.10,p0.10,7,oracle_fault_model,Oracle,6,31,13,3,3,0,0.1,,1,32,0,32,0,0,0,,0.001674937965260546,,0.026122291021671826,3.0,3.0,0.0,1.0,1.0,0.0
stochastic_contradictions,p0.10,p0.10,7,oracle_fault_model,Oracle,7,31,13,3,3,0,0.1,,1,32,0,32,0,0,0,,0.001674937965260546,,0.026122291021671826,3.0,3.0,0.0,1.0,1.0,0.0
stochastic_contradictions,p0.10,p0.10,8,nominal_no_repair,Nominal,0,31,13,3,3,0,0.1,,1,30,0,30,0,0,0,,0.0001861042183622829,,0.0029024767801857586,0.0,0.0,0.0,1.0,0.0,0.0
stochastic_contradictions,p0.10,p0.10,8,nominal_no_repair,Nominal,1,31,13,3,3,0,0.1,,1,30,0,30,0,0,0,,0.0001861042183622829,,0.0029024767801857586,0.0,0.0,0.0,1.0,0.0,0.0
stochastic_contradictions,p0.10,p0.10,8,nominal_no_repair,Nominal,2,31,13,3,3,0,0.1,,1,30,0,30,0,0,0,,0.0001861042183622829,,0.0029024767801857586,0.0,0.0,0.0,1.0,0.0,0.0
stochastic_contradictions,p0.10,p0.10,8,nominal_no_repair,Nominal,3,31,13,3,3,0,0.1,,1,30,0,30,0,0,0,,0.0001861042183622829,,0.0029024767801857586,0.0,0.0,0.0,1.0,0.0,0.0
stochastic_contradictions,p0.10,p0.10,8,nominal_no_repair,Nominal,4,31,13,3,3,0,0.1,,1,30,0,30,0,0,0,,0.0001861042183622829,,0.0029024767801857586,0.0,0.0,0.0,1.0,0.0,0.0
stochastic_contradictions,p0.10,p0.10,8,nominal_no_repair,Nominal,5,31,13,3,3,0,0.1,,0,220,214,7,0,1,0,,0.0001861042183622829,,0.0029024767801857586,0.0,0.0,0.0,1.0,0.0,0.0
stochastic_contradictions,p0.10,p0.10,8,nominal_no_repair,Nominal,6,31,13,3,3,0,0.1,,0,220,204,17,0,1,0,,0.0001861042183622829,,0.0029024767801857586,0.0,0.0,0.0,1.0,0.0,0.0
stochastic_contradictions,p0.10,p0.10,8,nominal_no_repair,Nominal,7,31,13,3,3,0,0.1,,1,30,0,30,0,0,0,,0.0001861042183622829,,0.0029024767801857586,0.0,0.0,0.0,1.0,0.0,0.0
stochastic_contradictions,p0.10,p0.10,8,threshold_2,Threshold 2,0,31,13,3,3,0,0.1,,1,30,0,30,0,0,0,,0.0001861042183622829,,0.0029024767801857586,0.0,0.0,0.0,1.0,0.0,0.0
stochastic_contradictions,p0.10,p0.10,8,threshold_2,Threshold 2,1,31,13,3,3,0,0.1,,1,30,0,30,0,0,0,,0.0001861042183622829,,0.0029024767801857586,0.0,0.0,0.0,1.0,0.0,0.0
stochastic_contradictions,p0.10,p0.10,8,threshold_2,Threshold 2,2,31,13,3,3,0,0.1,,1,30,0,30,0,0,0,,0.0001861042183622829,,0.0029024767801857586,0.0,0.0,0.0,1.0,0.0,0.0
stochastic_contradictions,p0.10,p0.10,8,threshold_2,Threshold 2,3,31,13,3,3,0,0.1,,1,32,2,32,0,0,0,,0.0001861042183622829,,0.0029024767801857586,0.0,0.0,0.0,1.0,0.0,0.0
stochastic_contradictions,p0.10,p0.10,8,threshold_2,Threshold 2,4,31,13,3,3,0,0.1,,1,30,0,30,0,0,0,,0.0001861042183622829,,0.0029024767801857586,0.0,0.0,0.0,1.0,0.0,0.0
stochastic_contradictions,p0.10,p0.10,8,threshold_2,Threshold 2,5,31,13,3,3,0,0.1,,1,30,0,30,0,0,0,,0.0001861042183622829,,0.0029024767801857586,0.0,0.0,0.0,1.0,0.0,0.0
stochastic_contradictions,p0.10,p0.10,8,threshold_2,Threshold 2,6,31,13,3,3,0,0.1,,1,30,0,30,0,0,0,,0.0001861042183622829,,0.0029024767801857586,0.0,0.0,0.0,1.0,0.0,0.0
stochastic_contradictions,p0.10,p0.10,8,threshold_2,Threshold 2,7,31,13,3,3,0,0.1,,1,30,0,30,0,0,0,,0.0001861042183622829,,0.0029024767801857586,0.0,0.0,0.0,1.0,0.0,0.0
stochastic_contradictions,p0.10,p0.10,8,threshold_4,Threshold 4,0,31,13,3,3,0,0.1,,1,30,0,30,0,0,0,,0.0001861042183622829,,0.0029024767801857586,0.0,0.0,0.0,1.0,0.0,0.0
stochastic_contradictions,p0.10,p0.10,8,threshold_4,Threshold 4,1,31,13,3,3,0,0.1,,1,31,1,31,0,0,0,,0.0001861042183622829,,0.0029024767801857586,0.0,0.0,0.0,1.0,0.0,0.0
stochastic_contradictions,p0.10,p0.10,8,threshold_4,Threshold 4,2,31,13,3,3,0,0.1,,1,30,0,30,0,0,0,,0.0001861042183622829,,0.0029024767801857586,0.0,0.0,0.0,1.0,0.0,0.0
stochastic_contradictions,p0.10,p0.10,8,threshold_4,Threshold 4,3,31,13,3,3,0,0.1,,1,30,0,30,0,0,0,,0.0001861042183622829,,0.0029024767801857586,0.0,0.0,0.0,1.0,0.0,0.0
stochastic_contradictions,p0.10,p0.10,8,threshold_4,Threshold 4,4,31,13,3,3,0,0.1,,1,30,0,30,0,0,0,,0.0001861042183622829,,0.0029024767801857586,0.0,0.0,0.0,1.0,0.0,0.0
stochastic_contradictions,p0.10,p0.10,8,threshold_4,Threshold 4,5,31,13,3,3,0,0.1,,1,30,0,30,0,0,0,,0.0001861042183622829,,0.0029024767801857586,0.0,0.0,0.0,1.0,0.0,0.0
stochastic_contradictions,p0.10,p0.10,8,threshold_4,Threshold 4,6,31,13,3,3,0,0.1,,1,31,1,31,0,0,0,,0.0001861042183622829,,0.0029024767801857586,0.0,0.0,0.0,1.0,0.0,0.0
stochastic_contradictions,p0.10,p0.10,8,threshold_4,Threshold 4,7,31,13,3,3,0,0.1,,1,30,0,30,0,0,0,,0.0001861042183622829,,0.0029024767801857586,0.0,0.0,0.0,1.0,0.0,0.0
stochastic_contradictions,p0.10,p0.10,8,threshold_8,Threshold 8,0,31,13,3,3,0,0.1,,1,30,0,30,0,0,0,,0.0001861042183622829,,0.0029024767801857586,0.0,0.0,0.0,1.0,0.0,0.0
stochastic_contradictions,p0.10,p0.10,8,threshold_8,Threshold 8,1,31,13,3,3,0,0.1,,1,30,0,30,0,0,0,,0.0001861042183622829,,0.0029024767801857586,0.0,0.0,0.0,1.0,0.0,0.0
stochastic_contradictions,p0.10,p0.10,8,threshold_8,Threshold 8,2,31,13,3,3,0,0.1,,1,30,0,30,0,0,0,,0.0001861042183622829,,0.0029024767801857586,0.0,0.0,0.0,1.0,0.0,0.0
stochastic_contradictions,p0.10,p0.10,8,threshold_8,Threshold 8,3,31,13,3,3,0,0.1,,1,30,0,30,0,0,0,,0.0001861042183622829,,0.0029024767801857586,0.0,0.0,0.0,1.0,0.0,0.0
stochastic_contradictions,p0.10,p0.10,8,threshold_8,Threshold 8,4,31,13,3,3,0,0.1,,1,30,0,30,0,0,0,,0.0001861042183622829,,0.0029024767801857586,0.0,0.0,0.0,1.0,0.0,0.0
stochastic_contradictions,p0.10,p0.10,8,threshold_8,Threshold 8,5,31,13,3,3,0,0.1,,1,30,0,30,0,0,0,,0.0001861042183622829,,0.0029024767801857586,0.0,0.0,0.0,1.0,0.0,0.0
stochastic_contradictions,p0.10,p0.10,8,threshold_8,Threshold 8,6,31,13,3,3,0,0.1,,1,30,0,30,0,0,0,,0.0001861042183622829,,0.0029024767801857586,0.0,0.0,0.0,1.0,0.0,0.0
stochastic_contradictions,p0.10,p0.10,8,threshold_8,Threshold 8,7,31,13,3,3,0,0.1,,1,31,1,31,0,0,0,,0.0001861042183622829,,0.0029024767801857586,0.0,0.0,0.0,1.0,0.0,0.0
stochastic_contradictions,p0.10,p0.10,8,ccra_exact_guard,CCRA exact,0,31,13,3,3,0,0.1,,1,33,1,33,0,0,1,,0.0006823821339950373,,0.010642414860681114,1.0,1.0,0.0,1.0,0.3333333333333333,0.0
stochastic_contradictions,p0.10,p0.10,8,ccra_exact_guard,CCRA exact,1,31,13,3,3,0,0.1,,1,32,0,32,0,0,1,,0.0006823821339950373,,0.010642414860681114,1.0,1.0,0.0,1.0,0.3333333333333333,0.0
stochastic_contradictions,p0.10,p0.10,8,ccra_exact_guard,CCRA exact,2,31,13,3,3,0,0.1,,1,32,0,32,0,0,1,,0.0006823821339950373,,0.010642414860681114,1.0,1.0,0.0,1.0,0.3333333333333333,0.0
stochastic_contradictions,p0.10,p0.10,8,ccra_exact_guard,CCRA exact,3,31,13,3,3,0,0.1,,1,32,0,32,0,0,1,,0.0006823821339950373,,0.010642414860681114,1.0,1.0,0.0,1.0,0.3333333333333333,0.0
stochastic_contradictions,p0.10,p0.10,8,ccra_exact_guard,CCRA exact,4,31,13,3,3,0,0.1,,1,32,0,32,0,0,1,,0.0006823821339950373,,0.010642414860681114,1.0,1.0,0.0,1.0,0.3333333333333333,0.0
stochastic_contradictions,p0.10,p0.10,8,ccra_exact_guard,CCRA exact,5,31,13,3,3,0,0.1,,1,32,0,32,0,0,1,,0.0006823821339950373,,0.010642414860681114,1.0,1.0,0.0,1.0,0.3333333333333333,0.0
stochastic_contradictions,p0.10,p0.10,8,ccra_exact_guard,CCRA exact,6,31,13,3,3,0,0.1,,1,32,0,32,0,0,1,,0.0006823821339950373,,0.010642414860681114,1.0,1.0,0.0,1.0,0.3333333333333333,0.0
stochastic_contradictions,p0.10,p0.10,8,ccra_exact_guard,CCRA exact,7,31,13,3,3,0,0.1,,1,32,0,32,0,0,1,,0.0006823821339950373,,0.010642414860681114,1.0,1.0,0.0,1.0,0.3333333333333333,0.0
stochastic_contradictions,p0.10,p0.10,8,uncertainty_cost_avoidance,Cost avoidance,0,31,13,3,3,0,0.1,,1,30,0,30,0,0,0,,0.0001861042183622829,,0.0029024767801857586,0.0,0.0,0.0,1.0,0.0,0.0
stochastic_contradictions,p0.10,p0.10,8,uncertainty_cost_avoidance,Cost avoidance,1,31,13,3,3,0,0.1,,1,30,0,30,0,0,0,,0.0001861042183622829,,0.0029024767801857586,0.0,0.0,0.0,1.0,0.0,0.0
stochastic_contradictions,p0.10,p0.10,8,uncertainty_cost_avoidance,Cost avoidance,2,31,13,3,3,0,0.1,,1,33,1,33,0,0,1,,0.0001861042183622829,,0.0029024767801857586,0.0,0.0,0.0,1.0,0.0,0.0
stochastic_contradictions,p0.10,p0.10,8,uncertainty_cost_avoidance,Cost avoidance,3,31,13,3,3,0,0.1,,1,32,0,32,0,0,1,,0.0001861042183622829,,0.0029024767801857586,0.0,0.0,0.0,1.0,0.0,0.0
stochastic_contradictions,p0.10,p0.10,8,uncertainty_cost_avoidance,Cost avoidance,4,31,13,3,3,0,0.1,,1,32,0,32,0,0,1,,0.0001861042183622829,,0.0029024767801857586,0.0,0.0,0.0,1.0,0.0,0.0
stochastic_contradictions,p0.10,p0.10,8,uncertainty_cost_avoidance,Cost avoidance,5,31,13,3,3,0,0.1,,1,32,0,32,0,0,1,,0.0001861042183622829,,0.0029024767801857586,0.0,0.0,0.0,1.0,0.0,0.0
stochastic_contradictions,p0.10,p0.10,8,uncertainty_cost_avoidance,Cost avoidance,6,31,13,3,3,0,0.1,,1,32,0,32,0,0,1,,0.0001861042183622829,,0.0029024767801857586,0.0,0.0,0.0,1.0,0.0,0.0
stochastic_contradictions,p0.10,p0.10,8,uncertainty_cost_avoidance,Cost avoidance,7,31,13,3,3,0,0.1,,1,32,0,32,0,0,1,,0.0001861042183622829,,0.0029024767801857586,0.0,0.0,0.0,1.0,0.0,0.0
stochastic_contradictions,p0.10,p0.10,8,oracle_fault_model,Oracle,0,31,13,3,3,0,0.1,,1,32,0,32,0,0,0,,0.001674937965260546,,0.026122291021671826,3.0,3.0,0.0,1.0,1.0,0.0
stochastic_contradictions,p0.10,p0.10,8,oracle_fault_model,Oracle,1,31,13,3,3,0,0.1,,1,32,0,32,0,0,0,,0.001674937965260546,,0.026122291021671826,3.0,3.0,0.0,1.0,1.0,0.0
stochastic_contradictions,p0.10,p0.10,8,oracle_fault_model,Oracle,2,31,13,3,3,0,0.1,,1,32,0,32,0,0,0,,0.001674937965260546,,0.026122291021671826,3.0,3.0,0.0,1.0,1.0,0.0
stochastic_contradictions,p0.10,p0.10,8,oracle_fault_model,Oracle,3,31,13,3,3,0,0.1,,1,32,0,32,0,0,0,,0.001674937965260546,,0.026122291021671826,3.0,3.0,0.0,1.0,1.0,0.0
stochastic_contradictions,p0.10,p0.10,8,oracle_fault_model,Oracle,4,31,13,3,3,0,0.1,,1,32,0,32,0,0,0,,0.001674937965260546,,0.026122291021671826,3.0,3.0,0.0,1.0,1.0,0.0
stochastic_contradictions,p0.10,p0.10,8,oracle_fault_model,Oracle,5,31,13,3,3,0,0.1,,1,32,0,32,0,0,0,,0.001674937965260546,,0.026122291021671826,3.0,3.0,0.0,1.0,1.0,0.0
stochastic_contradictions,p0.10,p0.10,8,oracle_fault_model,Oracle,6,31,13,3,3,0,0.1,,1,32,0,32,0,0,0,,0.001674937965260546,,0.026122291021671826,3.0,3.0,0.0,1.0,1.0,0.0
stochastic_contradictions,p0.10,p0.10,8,oracle_fault_model,Oracle,7,31,13,3,3,0,0.1,,1,32,0,32,0,0,0,,0.001674937965260546,,0.026122291021671826,3.0,3.0,0.0,1.0,1.0,0.0
stochastic_contradictions,p0.10,p0.10,9,nominal_no_repair,Nominal,0,31,13,3,3,0,0.1,,0,220,202,19,0,1,0,,0.0001861042183622829,,0.0029024767801857586,0.0,0.0,0.0,1.0,0.0,0.0
stochastic_contradictions,p0.10,p0.10,9,nominal_no_repair,Nominal,1,31,13,3,3,0,0.1,,0,220,204,17,0,1,0,,0.0001861042183622829,,0.0029024767801857586,0.0,0.0,0.0,1.0,0.0,0.0
stochastic_contradictions,p0.10,p0.10,9,nominal_no_repair,Nominal,2,31,13,3,3,0,0.1,,0,220,202,19,0,1,0,,0.0001861042183622829,,0.0029024767801857586,0.0,0.0,0.0,1.0,0.0,0.0
stochastic_contradictions,p0.10,p0.10,9,nominal_no_repair,Nominal,3,31,13,3,3,0,0.1,,0,220,204,17,0,1,0,,0.0001861042183622829,,0.0029024767801857586,0.0,0.0,0.0,1.0,0.0,0.0
stochastic_contradictions,p0.10,p0.10,9,nominal_no_repair,Nominal,4,31,13,3,3,0,0.1,,1,30,0,30,0,0,0,,0.0001861042183622829,,0.0029024767801857586,0.0,0.0,0.0,1.0,0.0,0.0
stochastic_contradictions,p0.10,p0.10,9,nominal_no_repair,Nominal,5,31,13,3,3,0,0.1,,1,30,0,30,0,0,0,,0.0001861042183622829,,0.0029024767801857586,0.0,0.0,0.0,1.0,0.0,0.0
stochastic_contradictions,p0.10,p0.10,9,nominal_no_repair,Nominal,6,31,13,3,3,0,0.1,,1,30,0,30,0,0,0,,0.0001861042183622829,,0.0029024767801857586,0.0,0.0,0.0,1.0,0.0,0.0
stochastic_contradictions,p0.10,p0.10,9,nominal_no_repair,Nominal,7,31,13,3,3,0,0.1,,1,30,0,30,0,0,0,,0.0001861042183622829,,0.0029024767801857586,0.0,0.0,0.0,1.0,0.0,0.0
stochastic_contradictions,p0.10,p0.10,9,threshold_2,Threshold 2,0,31,13,3,3,0,0.1,,1,30,0,30,0,0,0,,0.0001861042183622829,,0.0029024767801857586,0.0,0.0,0.0,1.0,0.0,0.0
stochastic_contradictions,p0.10,p0.10,9,threshold_2,Threshold 2,1,31,13,3,3,0,0.1,,1,31,1,31,0,0,0,,0.0001861042183622829,,0.0029024767801857586,0.0,0.0,0.0,1.0,0.0,0.0
stochastic_contradictions,p0.10,p0.10,9,threshold_2,Threshold 2,2,31,13,3,3,0,0.1,,1,30,0,30,0,0,0,,0.0001861042183622829,,0.0029024767801857586,0.0,0.0,0.0,1.0,0.0,0.0
stochastic_contradictions,p0.10,p0.10,9,threshold_2,Threshold 2,3,31,13,3,3,0,0.1,,1,30,0,30,0,0,0,,0.0001861042183622829,,0.0029024767801857586,0.0,0.0,0.0,1.0,0.0,0.0
stochastic_contradictions,p0.10,p0.10,9,threshold_2,Threshold 2,4,31,13,3,3,0,0.1,,1,30,0,30,0,0,0,,0.0001861042183622829,,0.0029024767801857586,0.0,0.0,0.0,1.0,0.0,0.0
stochastic_contradictions,p0.10,p0.10,9,threshold_2,Threshold 2,5,31,13,3,3,0,0.1,,1,31,1,31,0,0,0,,0.0001861042183622829,,0.0029024767801857586,0.0,0.0,0.0,1.0,0.0,0.0
stochastic_contradictions,p0.10,p0.10,9,threshold_2,Threshold 2,6,31,13,3,3,0,0.1,,1,30,0,30,0,0,0,,0.0001861042183622829,,0.0029024767801857586,0.0,0.0,0.0,1.0,0.0,0.0
stochastic_contradictions,p0.10,p0.10,9,threshold_2,Threshold 2,7,31,13,3,3,0,0.1,,1,30,0,30,0,0,0,,0.0001861042183622829,,0.0029024767801857586,0.0,0.0,0.0,1.0,0.0,0.0
stochastic_contradictions,p0.10,p0.10,9,threshold_4,Threshold 4,0,31,13,3,3,0,0.1,,1,31,1,31,0,0,0,,0.0001861042183622829,,0.0029024767801857586,0.0,0.0,0.0,1.0,0.0,0.0
stochastic_contradictions,p0.10,p0.10,9,threshold_4,Threshold 4,1,31,13,3,3,0,0.1,,1,30,0,30,0,0,0,,0.0001861042183622829,,0.0029024767801857586,0.0,0.0,0.0,1.0,0.0,0.0
stochastic_contradictions,p0.10,p0.10,9,threshold_4,Threshold 4,2,31,13,3,3,0,0.1,,1,31,1,31,0,0,0,,0.0001861042183622829,,0.0029024767801857586,0.0,0.0,0.0,1.0,0.0,0.0
stochastic_contradictions,p0.10,p0.10,9,threshold_4,Threshold 4,3,31,13,3,3,0,0.1,,1,30,0,30,0,0,0,,0.0001861042183622829,,0.0029024767801857586,0.0,0.0,0.0,1.0,0.0,0.0
stochastic_contradictions,p0.10,p0.10,9,threshold_4,Threshold 4,4,31,13,3,3,0,0.1,,1,30,0,30,0,0,0,,0.0001861042183622829,,0.0029024767801857586,0.0,0.0,0.0,1.0,0.0,0.0
stochastic_contradictions,p0.10,p0.10,9,threshold_4,Threshold 4,5,31,13,3,3,0,0.1,,1,30,0,30,0,0,0,,0.0001861042183622829,,0.0029024767801857586,0.0,0.0,0.0,1.0,0.0,0.0
stochastic_contradictions,p0.10,p0.10,9,threshold_4,Threshold 4,6,31,13,3,3,0,0.1,,1,30,0,30,0,0,0,,0.0001861042183622829,,0.0029024767801857586,0.0,0.0,0.0,1.0,0.0,0.0
stochastic_contradictions,p0.10,p0.10,9,threshold_4,Threshold 4,7,31,13,3,3,0,0.1,,1,30,0,30,0,0,0,,0.0001861042183622829,,0.0029024767801857586,0.0,0.0,0.0,1.0,0.0,0.0
stochastic_contradictions,p0.10,p0.10,9,threshold_8,Threshold 8,0,31,13,3,3,0,0.1,,1,30,0,30,0,0,0,,0.0001861042183622829,,0.0029024767801857586,0.0,0.0,0.0,1.0,0.0,0.0
stochastic_contradictions,p0.10,p0.10,9,threshold_8,Threshold 8,1,31,13,3,3,0,0.1,,1,30,0,30,0,0,0,,0.0001861042183622829,,0.0029024767801857586,0.0,0.0,0.0,1.0,0.0,0.0
stochastic_contradictions,p0.10,p0.10,9,threshold_8,Threshold 8,2,31,13,3,3,0,0.1,,1,30,0,30,0,0,0,,0.0001861042183622829,,0.0029024767801857586,0.0,0.0,0.0,1.0,0.0,0.0
stochastic_contradictions,p0.10,p0.10,9,threshold_8,Threshold 8,3,31,13,3,3,0,0.1,,1,30,0,30,0,0,0,,0.0001861042183622829,,0.0029024767801857586,0.0,0.0,0.0,1.0,0.0,0.0
stochastic_contradictions,p0.10,p0.10,9,threshold_8,Threshold 8,4,31,13,3,3,0,0.1,,1,30,0,30,0,0,0,,0.0001861042183622829,,0.0029024767801857586,0.0,0.0,0.0,1.0,0.0,0.0
stochastic_contradictions,p0.10,p0.10,9,threshold_8,Threshold 8,5,31,13,3,3,0,0.1,,1,30,0,30,0,0,0,,0.0001861042183622829,,0.0029024767801857586,0.0,0.0,0.0,1.0,0.0,0.0
stochastic_contradictions,p0.10,p0.10,9,threshold_8,Threshold 8,6,31,13,3,3,0,0.1,,1,30,0,30,0,0,0,,0.0001861042183622829,,0.0029024767801857586,0.0,0.0,0.0,1.0,0.0,0.0
stochastic_contradictions,p0.10,p0.10,9,threshold_8,Threshold 8,7,31,13,3,3,0,0.1,,1,31,1,31,0,0,0,,0.0001861042183622829,,0.0029024767801857586,0.0,0.0,0.0,1.0,0.0,0.0
stochastic_contradictions,p0.10,p0.10,9,ccra_exact_guard,CCRA exact,0,31,13,3,3,0,0.1,,1,30,0,30,0,0,0,,0.0001861042183622829,,0.0029024767801857586,0.0,0.0,0.0,1.0,0.0,0.0
stochastic_contradictions,p0.10,p0.10,9,ccra_exact_guard,CCRA exact,1,31,13,3,3,0,0.1,,1,33,1,33,0,0,1,,0.0006823821339950373,,0.010642414860681114,1.0,1.0,0.0,1.0,0.3333333333333333,0.0
stochastic_contradictions,p0.10,p0.10,9,ccra_exact_guard,CCRA exact,2,31,13,3,3,0,0.1,,1,32,0,32,0,0,1,,0.0006823821339950373,,0.010642414860681114,1.0,1.0,0.0,1.0,0.3333333333333333,0.0
stochastic_contradictions,p0.10,p0.10,9,ccra_exact_guard,CCRA exact,3,31,13,3,3,0,0.1,,1,32,0,32,0,0,1,,0.0006823821339950373,,0.010642414860681114,1.0,1.0,0.0,1.0,0.3333333333333333,0.0
stochastic_contradictions,p0.10,p0.10,9,ccra_exact_guard,CCRA exact,4,31,13,3,3,0,0.1,,1,32,0,32,0,0,1,,0.0006823821339950373,,0.010642414860681114,1.0,1.0,0.0,1.0,0.3333333333333333,0.0
stochastic_contradictions,p0.10,p0.10,9,ccra_exact_guard,CCRA exact,5,31,13,3,3,0,0.1,,1,32,0,32,0,0,1,,0.0006823821339950373,,0.010642414860681114,1.0,1.0,0.0,1.0,0.3333333333333333,0.0
stochastic_contradictions,p0.10,p0.10,9,ccra_exact_guard,CCRA exact,6,31,13,3,3,0,0.1,,1,32,0,32,0,0,1,,0.0006823821339950373,,0.010642414860681114,1.0,1.0,0.0,1.0,0.3333333333333333,0.0
stochastic_contradictions,p0.10,p0.10,9,ccra_exact_guard,CCRA exact,7,31,13,3,3,0,0.1,,1,32,0,32,0,0,1,,0.0006823821339950373,,0.010642414860681114,1.0,1.0,0.0,1.0,0.3333333333333333,0.0
stochastic_contradictions,p0.10,p0.10,9,uncertainty_cost_avoidance,Cost avoidance,0,31,13,3,3,0,0.1,,1,30,0,30,0,0,0,,0.0001861042183622829,,0.0029024767801857586,0.0,0.0,0.0,1.0,0.0,0.0
stochastic_contradictions,p0.10,p0.10,9,uncertainty_cost_avoidance,Cost avoidance,1,31,13,3,3,0,0.1,,1,30,0,30,0,0,0,,0.0001861042183622829,,0.0029024767801857586,0.0,0.0,0.0,1.0,0.0,0.0
stochastic_contradictions,p0.10,p0.10,9,uncertainty_cost_avoidance,Cost avoidance,2,31,13,3,3,0,0.1,,1,30,0,30,0,0,0,,0.0001861042183622829,,0.0029024767801857586,0.0,0.0,0.0,1.0,0.0,0.0
stochastic_contradictions,p0.10,p0.10,9,uncertainty_cost_avoidance,Cost avoidance,3,31,13,3,3,0,0.1,,1,30,0,30,0,0,0,,0.0001861042183622829,,0.0029024767801857586,0.0,0.0,0.0,1.0,0.0,0.0
stochastic_contradictions,p0.10,p0.10,9,uncertainty_cost_avoidance,Cost avoidance,4,31,13,3,3,0,0.1,,1,30,0,30,0,0,0,,0.0001861042183622829,,0.0029024767801857586,0.0,0.0,0.0,1.0,0.0,0.0
stochastic_contradictions,p0.10,p0.10,9,uncertainty_cost_avoidance,Cost avoidance,5,31,13,3,3,0,0.1,,1,30,0,30,0,0,0,,0.0001861042183622829,,0.0029024767801857586,0.0,0.0,0.0,1.0,0.0,0.0
stochastic_contradictions,p0.10,p0.10,9,uncertainty_cost_avoidance,Cost avoidance,6,31,13,3,3,0,0.1,,1,33,1,33,0,0,1,,0.0001861042183622829,,0.0029024767801857586,0.0,0.0,0.0,1.0,0.0,0.0
stochastic_contradictions,p0.10,p0.10,9,uncertainty_cost_avoidance,Cost avoidance,7,31,13,3,3,0,0.1,,1,32,0,32,0,0,1,,0.0001861042183622829,,0.0029024767801857586,0.0,0.0,0.0,1.0,0.0,0.0
stochastic_contradictions,p0.10,p0.10,9,oracle_fault_model,Oracle,0,31,13,3,3,0,0.1,,1,32,0,32,0,0,0,,0.001674937965260546,,0.026122291021671826,3.0,3.0,0.0,1.0,1.0,0.0
stochastic_contradictions,p0.10,p0.10,9,oracle_fault_model,Oracle,1,31,13,3,3,0,0.1,,1,32,0,32,0,0,0,,0.001674937965260546,,0.026122291021671826,3.0,3.0,0.0,1.0,1.0,0.0
stochastic_contradictions,p0.10,p0.10,9,oracle_fault_model,Oracle,2,31,13,3,3,0,0.1,,1,32,0,32,0,0,0,,0.001674937965260546,,0.026122291021671826,3.0,3.0,0.0,1.0,1.0,0.0
stochastic_contradictions,p0.10,p0.10,9,oracle_fault_model,Oracle,3,31,13,3,3,0,0.1,,1,32,0,32,0,0,0,,0.001674937965260546,,0.026122291021671826,3.0,3.0,0.0,1.0,1.0,0.0
stochastic_contradictions,p0.10,p0.10,9,oracle_fault_model,Oracle,4,31,13,3,3,0,0.1,,1,32,0,32,0,0,0,,0.001674937965260546,,0.026122291021671826,3.0,3.0,0.0,1.0,1.0,0.0
stochastic_contradictions,p0.10,p0.10,9,oracle_fault_model,Oracle,5,31,13,3,3,0,0.1,,1,32,0,32,0,0,0,,0.001674937965260546,,0.026122291021671826,3.0,3.0,0.0,1.0,1.0,0.0
stochastic_contradictions,p0.10,p0.10,9,oracle_fault_model,Oracle,6,31,13,3,3,0,0.1,,1,32,0,32,0,0,0,,0.001674937965260546,,0.026122291021671826,3.0,3.0,0.0,1.0,1.0,0.0
stochastic_contradictions,p0.10,p0.10,9,oracle_fault_model,Oracle,7,31,13,3,3,0,0.1,,1,32,0,32,0,0,0,,0.001674937965260546,,0.026122291021671826,3.0,3.0,0.0,1.0,1.0,0.0
stochastic_contradictions,p0.10,p0.10,10,nominal_no_repair,Nominal,0,31,13,3,3,0,0.1,,1,30,0,30,0,0,0,,0.0001861042183622829,,0.0029024767801857586,0.0,0.0,0.0,1.0,0.0,0.0
stochastic_contradictions,p0.10,p0.10,10,nominal_no_repair,Nominal,1,31,13,3,3,0,0.1,,1,30,0,30,0,0,0,,0.0001861042183622829,,0.0029024767801857586,0.0,0.0,0.0,1.0,0.0,0.0
stochastic_contradictions,p0.10,p0.10,10,nominal_no_repair,Nominal,2,31,13,3,3,0,0.1,,1,30,0,30,0,0,0,,0.0001861042183622829,,0.0029024767801857586,0.0,0.0,0.0,1.0,0.0,0.0
stochastic_contradictions,p0.10,p0.10,10,nominal_no_repair,Nominal,3,31,13,3,3,0,0.1,,1,30,0,30,0,0,0,,0.0001861042183622829,,0.0029024767801857586,0.0,0.0,0.0,1.0,0.0,0.0
stochastic_contradictions,p0.10,p0.10,10,nominal_no_repair,Nominal,4,31,13,3,3,0,0.1,,1,30,0,30,0,0,0,,0.0001861042183622829,,0.0029024767801857586,0.0,0.0,0.0,1.0,0.0,0.0
stochastic_contradictions,p0.10,p0.10,10,nominal_no_repair,Nominal,5,31,13,3,3,0,0.1,,1,30,0,30,0,0,0,,0.0001861042183622829,,0.0029024767801857586,0.0,0.0,0.0,1.0,0.0,0.0
stochastic_contradictions,p0.10,p0.10,10,nominal_no_repair,Nominal,6,31,13,3,3,0,0.1,,1,30,0,30,0,0,0,,0.0001861042183622829,,0.0029024767801857586,0.0,0.0,0.0,1.0,0.0,0.0
stochastic_contradictions,p0.10,p0.10,10,nominal_no_repair,Nominal,7,31,13,3,3,0,0.1,,1,30,0,30,0,0,0,,0.0001861042183622829,,0.0029024767801857586,0.0,0.0,0.0,1.0,0.0,0.0
stochastic_contradictions,p0.10,p0.10,10,threshold_2,Threshold 2,0,31,13,3,3,0,0.1,,1,30,0,30,0,0,0,,0.0001861042183622829,,0.0029024767801857586,0.0,0.0,0.0,1.0,0.0,0.0
stochastic_contradictions,p0.10,p0.10,10,threshold_2,Threshold 2,1,31,13,3,3,0,0.1,,1,30,0,30,0,0,0,,0.0001861042183622829,,0.0029024767801857586,0.0,0.0,0.0,1.0,0.0,0.0
stochastic_contradictions,p0.10,p0.10,10,threshold_2,Threshold 2,2,31,13,3,3,0,0.1,,1,31,1,31,0,0,0,,0.0001861042183622829,,0.0029024767801857586,0.0,0.0,0.0,1.0,0.0,0.0
stochastic_contradictions,p0.10,p0.10,10,threshold_2,Threshold 2,3,31,13,3,3,0,0.1,,1,31,1,31,0,0,0,,0.0001861042183622829,,0.0029024767801857586,0.0,0.0,0.0,1.0,0.0,0.0
stochastic_contradictions,p0.10,p0.10,10,threshold_2,Threshold 2,4,31,13,3,3,0,0.1,,1,33,1,33,0,0,1,,0.0006823821339950373,,0.010642414860681114,1.0,1.0,0.0,1.0,0.3333333333333333,0.0
stochastic_contradictions,p0.10,p0.10,10,threshold_2,Threshold 2,5,31,13,3,3,0,0.1,,1,32,0,32,0,0,1,,0.0006823821339950373,,0.010642414860681114,1.0,1.0,0.0,1.0,0.3333333333333333,0.0
stochastic_contradictions,p0.10,p0.10,10,threshold_2,Threshold 2,6,31,13,3,3,0,0.1,,1,32,0,32,0,0,1,,0.0006823821339950373,,0.010642414860681114,1.0,1.0,0.0,1.0,0.3333333333333333,0.0
stochastic_contradictions,p0.10,p0.10,10,threshold_2,Threshold 2,7,31,13,3,3,0,0.1,,1,32,0,32,0,0,1,,0.0006823821339950373,,0.010642414860681114,1.0,1.0,0.0,1.0,0.3333333333333333,0.0
stochastic_contradictions,p0.10,p0.10,10,threshold_4,Threshold 4,0,31,13,3,3,0,0.1,,1,30,0,30,0,0,0,,0.0001861042183622829,,0.0029024767801857586,0.0,0.0,0.0,1.0,0.0,0.0
stochastic_contradictions,p0.10,p0.10,10,threshold_4,Threshold 4,1,31,13,3,3,0,0.1,,1,30,0,30,0,0,0,,0.0001861042183622829,,0.0029024767801857586,0.0,0.0,0.0,1.0,0.0,0.0
stochastic_contradictions,p0.10,p0.10,10,threshold_4,Threshold 4,2,31,13,3,3,0,0.1,,1,30,0,30,0,0,0,,0.0001861042183622829,,0.0029024767801857586,0.0,0.0,0.0,1.0,0.0,0.0
stochastic_contradictions,p0.10,p0.10,10,threshold_4,Threshold 4,3,31,13,3,3,0,0.1,,1,30,0,30,0,0,0,,0.0001861042183622829,,0.0029024767801857586,0.0,0.0,0.0,1.0,0.0,0.0
stochastic_contradictions,p0.10,p0.10,10,threshold_4,Threshold 4,4,31,13,3,3,0,0.1,,1,31,1,31,0,0,0,,0.0001861042183622829,,0.0029024767801857586,0.0,0.0,0.0,1.0,0.0,0.0
stochastic_contradictions,p0.10,p0.10,10,threshold_4,Threshold 4,5,31,13,3,3,0,0.1,,1,31,1,31,0,0,0,,0.0001861042183622829,,0.0029024767801857586,0.0,0.0,0.0,1.0,0.0,0.0
stochastic_contradictions,p0.10,p0.10,10,threshold_4,Threshold 4,6,31,13,3,3,0,0.1,,1,30,0,30,0,0,0,,0.0001861042183622829,,0.0029024767801857586,0.0,0.0,0.0,1.0,0.0,0.0
stochastic_contradictions,p0.10,p0.10,10,threshold_4,Threshold 4,7,31,13,3,3,0,0.1,,1,30,0,30,0,0,0,,0.0001861042183622829,,0.0029024767801857586,0.0,0.0,0.0,1.0,0.0,0.0
stochastic_contradictions,p0.10,p0.10,10,threshold_8,Threshold 8,0,31,13,3,3,0,0.1,,1,31,1,31,0,0,0,,0.0001861042183622829,,0.0029024767801857586,0.0,0.0,0.0,1.0,0.0,0.0
stochastic_contradictions,p0.10,p0.10,10,threshold_8,Threshold 8,1,31,13,3,3,0,0.1,,1,30,0,30,0,0,0,,0.0001861042183622829,,0.0029024767801857586,0.0,0.0,0.0,1.0,0.0,0.0
stochastic_contradictions,p0.10,p0.10,10,threshold_8,Threshold 8,2,31,13,3,3,0,0.1,,1,30,0,30,0,0,0,,0.0001861042183622829,,0.0029024767801857586,0.0,0.0,0.0,1.0,0.0,0.0
stochastic_contradictions,p0.10,p0.10,10,threshold_8,Threshold 8,3,31,13,3,3,0,0.1,,1,32,2,32,0,0,0,,0.0001861042183622829,,0.0029024767801857586,0.0,0.0,0.0,1.0,0.0,0.0
stochastic_contradictions,p0.10,p0.10,10,threshold_8,Threshold 8,4,31,13,3,3,0,0.1,,1,30,0,30,0,0,0,,0.0001861042183622829,,0.0029024767801857586,0.0,0.0,0.0,1.0,0.0,0.0
stochastic_contradictions,p0.10,p0.10,10,threshold_8,Threshold 8,5,31,13,3,3,0,0.1,,1,30,0,30,0,0,0,,0.0001861042183622829,,0.0029024767801857586,0.0,0.0,0.0,1.0,0.0,0.0
stochastic_contradictions,p0.10,p0.10,10,threshold_8,Threshold 8,6,31,13,3,3,0,0.1,,1,30,0,30,0,0,0,,0.0001861042183622829,,0.0029024767801857586,0.0,0.0,0.0,1.0,0.0,0.0
stochastic_contradictions,p0.10,p0.10,10,threshold_8,Threshold 8,7,31,13,3,3,0,0.1,,1,30,0,30,0,0,0,,0.0001861042183622829,,0.0029024767801857586,0.0,0.0,0.0,1.0,0.0,0.0
stochastic_contradictions,p0.10,p0.10,10,ccra_exact_guard,CCRA exact,0,31,13,3,3,0,0.1,,1,30,0,30,0,0,0,,0.0001861042183622829,,0.0029024767801857586,0.0,0.0,0.0,1.0,0.0,0.0
stochastic_contradictions,p0.10,p0.10,10,ccra_exact_guard,CCRA exact,1,31,13,3,3,0,0.1,,1,30,0,30,0,0,0,,0.0001861042183622829,,0.0029024767801857586,0.0,0.0,0.0,1.0,0.0,0.0
stochastic_contradictions,p0.10,p0.10,10,ccra_exact_guard,CCRA exact,2,31,13,3,3,0,0.1,,1,33,1,33,0,0,1,,0.0006823821339950373,,0.010642414860681114,1.0,1.0,0.0,1.0,0.3333333333333333,0.0
stochastic_contradictions,p0.10,p0.10,10,ccra_exact_guard,CCRA exact,3,31,13,3,3,0,0.1,,1,32,0,32,0,0,1,,0.0006823821339950373,,0.010642414860681114,1.0,1.0,0.0,1.0,0.3333333333333333,0.0
stochastic_contradictions,p0.10,p0.10,10,ccra_exact_guard,CCRA exact,4,31,13,3,3,0,0.1,,1,32,0,32,0,0,1,,0.0006823821339950373,,0.010642414860681114,1.0,1.0,0.0,1.0,0.3333333333333333,0.0
stochastic_contradictions,p0.10,p0.10,10,ccra_exact_guard,CCRA exact,5,31,13,3,3,0,0.1,,1,32,0,32,0,0,1,,0.0006823821339950373,,0.010642414860681114,1.0,1.0,0.0,1.0,0.3333333333333333,0.0
stochastic_contradictions,p0.10,p0.10,10,ccra_exact_guard,CCRA exact,6,31,13,3,3,0,0.1,,1,32,0,32,0,0,1,,0.0006823821339950373,,0.010642414860681114,1.0,1.0,0.0,1.0,0.3333333333333333,0.0
stochastic_contradictions,p0.10,p0.10,10,ccra_exact_guard,CCRA exact,7,31,13,3,3,0,0.1,,1,32,0,32,0,0,1,,0.0006823821339950373,,0.010642414860681114,1.0,1.0,0.0,1.0,0.3333333333333333,0.0
stochastic_contradictions,p0.10,p0.10,10,uncertainty_cost_avoidance,Cost avoidance,0,31,13,3,3,0,0.1,,1,33,1,33,0,0,1,,0.0001861042183622829,,0.0029024767801857586,0.0,0.0,0.0,1.0,0.0,0.0
stochastic_contradictions,p0.10,p0.10,10,uncertainty_cost_avoidance,Cost avoidance,1,31,13,3,3,0,0.1,,1,32,0,32,0,0,1,,0.0001861042183622829,,0.0029024767801857586,0.0,0.0,0.0,1.0,0.0,0.0
stochastic_contradictions,p0.10,p0.10,10,uncertainty_cost_avoidance,Cost avoidance,2,31,13,3,3,0,0.1,,1,33,1,33,0,0,2,,0.0001861042183622829,,0.0029024767801857586,0.0,0.0,0.0,1.0,0.0,0.0
stochastic_contradictions,p0.10,p0.10,10,uncertainty_cost_avoidance,Cost avoidance,3,31,13,3,3,0,0.1,,1,32,0,32,0,0,2,,0.0001861042183622829,,0.0029024767801857586,0.0,0.0,0.0,1.0,0.0,0.0
stochastic_contradictions,p0.10,p0.10,10,uncertainty_cost_avoidance,Cost avoidance,4,31,13,3,3,0,0.1,,1,32,0,32,0,0,2,,0.0001861042183622829,,0.0029024767801857586,0.0,0.0,0.0,1.0,0.0,0.0
stochastic_contradictions,p0.10,p0.10,10,uncertainty_cost_avoidance,Cost avoidance,5,31,13,3,3,0,0.1,,1,32,0,32,0,0,2,,0.0001861042183622829,,0.0029024767801857586,0.0,0.0,0.0,1.0,0.0,0.0
stochastic_contradictions,p0.10,p0.10,10,uncertainty_cost_avoidance,Cost avoidance,6,31,13,3,3,0,0.1,,1,32,0,32,0,0,2,,0.0001861042183622829,,0.0029024767801857586,0.0,0.0,0.0,1.0,0.0,0.0
stochastic_contradictions,p0.10,p0.10,10,uncertainty_cost_avoidance,Cost avoidance,7,31,13,3,3,0,0.1,,1,32,0,32,0,0,2,,0.0001861042183622829,,0.0029024767801857586,0.0,0.0,0.0,1.0,0.0,0.0
stochastic_contradictions,p0.10,p0.10,10,oracle_fault_model,Oracle,0,31,13,3,3,0,0.1,,1,32,0,32,0,0,0,,0.001674937965260546,,0.026122291021671826,3.0,3.0,0.0,1.0,1.0,0.0
stochastic_contradictions,p0.10,p0.10,10,oracle_fault_model,Oracle,1,31,13,3,3,0,0.1,,1,32,0,32,0,0,0,,0.001674937965260546,,0.026122291021671826,3.0,3.0,0.0,1.0,1.0,0.0
stochastic_contradictions,p0.10,p0.10,10,oracle_fault_model,Oracle,2,31,13,3,3,0,0.1,,1,32,0,32,0,0,0,,0.001674937965260546,,0.026122291021671826,3.0,3.0,0.0,1.0,1.0,0.0
stochastic_contradictions,p0.10,p0.10,10,oracle_fault_model,Oracle,3,31,13,3,3,0,0.1,,1,32,0,32,0,0,0,,0.001674937965260546,,0.026122291021671826,3.0,3.0,0.0,1.0,1.0,0.0
stochastic_contradictions,p0.10,p0.10,10,oracle_fault_model,Oracle,4,31,13,3,3,0,0.1,,1,32,0,32,0,0,0,,0.001674937965260546,,0.026122291021671826,3.0,3.0,0.0,1.0,1.0,0.0
stochastic_contradictions,p0.10,p0.10,10,oracle_fault_model,Oracle,5,31,13,3,3,0,0.1,,1,32,0,32,0,0,0,,0.001674937965260546,,0.026122291021671826,3.0,3.0,0.0,1.0,1.0,0.0
stochastic_contradictions,p0.10,p0.10,10,oracle_fault_model,Oracle,6,31,13,3,3,0,0.1,,1,32,0,32,0,0,0,,0.001674937965260546,,0.026122291021671826,3.0,3.0,0.0,1.0,1.0,0.0
stochastic_contradictions,p0.10,p0.10,10,oracle_fault_model,Oracle,7,31,13,3,3,0,0.1,,1,32,0,32,0,0,0,,0.001674937965260546,,0.026122291021671826,3.0,3.0,0.0,1.0,1.0,0.0
stochastic_contradictions,p0.10,p0.10,11,nominal_no_repair,Nominal,0,31,13,3,3,0,0.1,,1,30,0,30,0,0,0,,0.0001861042183622829,,0.0029024767801857586,0.0,0.0,0.0,1.0,0.0,0.0
stochastic_contradictions,p0.10,p0.10,11,nominal_no_repair,Nominal,1,31,13,3,3,0,0.1,,1,30,0,30,0,0,0,,0.0001861042183622829,,0.0029024767801857586,0.0,0.0,0.0,1.0,0.0,0.0
stochastic_contradictions,p0.10,p0.10,11,nominal_no_repair,Nominal,2,31,13,3,3,0,0.1,,1,30,0,30,0,0,0,,0.0001861042183622829,,0.0029024767801857586,0.0,0.0,0.0,1.0,0.0,0.0
stochastic_contradictions,p0.10,p0.10,11,nominal_no_repair,Nominal,3,31,13,3,3,0,0.1,,1,30,0,30,0,0,0,,0.0001861042183622829,,0.0029024767801857586,0.0,0.0,0.0,1.0,0.0,0.0
stochastic_contradictions,p0.10,p0.10,11,nominal_no_repair,Nominal,4,31,13,3,3,0,0.1,,1,30,0,30,0,0,0,,0.0001861042183622829,,0.0029024767801857586,0.0,0.0,0.0,1.0,0.0,0.0
stochastic_contradictions,p0.10,p0.10,11,nominal_no_repair,Nominal,5,31,13,3,3,0,0.1,,1,30,0,30,0,0,0,,0.0001861042183622829,,0.0029024767801857586,0.0,0.0,0.0,1.0,0.0,0.0
stochastic_contradictions,p0.10,p0.10,11,nominal_no_repair,Nominal,6,31,13,3,3,0,0.1,,1,30,0,30,0,0,0,,0.0001861042183622829,,0.0029024767801857586,0.0,0.0,0.0,1.0,0.0,0.0
stochastic_contradictions,p0.10,p0.10,11,nominal_no_repair,Nominal,7,31,13,3,3,0,0.1,,1,30,0,30,0,0,0,,0.0001861042183622829,,0.0029024767801857586,0.0,0.0,0.0,1.0,0.0,0.0
stochastic_contradictions,p0.10,p0.10,11,threshold_2,Threshold 2,0,31,13,3,3,0,0.1,,1,30,0,30,0,0,0,,0.0001861042183622829,,0.0029024767801857586,0.0,0.0,0.0,1.0,0.0,0.0
stochastic_contradictions,p0.10,p0.10,11,threshold_2,Threshold 2,1,31,13,3,3,0,0.1,,1,30,0,30,0,0,0,,0.0001861042183622829,,0.0029024767801857586,0.0,0.0,0.0,1.0,0.0,0.0
stochastic_contradictions,p0.10,p0.10,11,threshold_2,Threshold 2,2,31,13,3,3,0,0.1,,1,30,0,30,0,0,0,,0.0001861042183622829,,0.0029024767801857586,0.0,0.0,0.0,1.0,0.0,0.0
stochastic_contradictions,p0.10,p0.10,11,threshold_2,Threshold 2,3,31,13,3,3,0,0.1,,1,30,0,30,0,0,0,,0.0001861042183622829,,0.0029024767801857586,0.0,0.0,0.0,1.0,0.0,0.0
stochastic_contradictions,p0.10,p0.10,11,threshold_2,Threshold 2,4,31,13,3,3,0,0.1,,1,30,0,30,0,0,0,,0.0001861042183622829,,0.0029024767801857586,0.0,0.0,0.0,1.0,0.0,0.0
stochastic_contradictions,p0.10,p0.10,11,threshold_2,Threshold 2,5,31,13,3,3,0,0.1,,1,30,0,30,0,0,0,,0.0001861042183622829,,0.0029024767801857586,0.0,0.0,0.0,1.0,0.0,0.0
stochastic_contradictions,p0.10,p0.10,11,threshold_2,Threshold 2,6,31,13,3,3,0,0.1,,1,30,0,30,0,0,0,,0.0001861042183622829,,0.0029024767801857586,0.0,0.0,0.0,1.0,0.0,0.0
stochastic_contradictions,p0.10,p0.10,11,threshold_2,Threshold 2,7,31,13,3,3,0,0.1,,1,31,1,31,0,0,0,,0.0001861042183622829,,0.0029024767801857586,0.0,0.0,0.0,1.0,0.0,0.0
stochastic_contradictions,p0.10,p0.10,11,threshold_4,Threshold 4,0,31,13,3,3,0,0.1,,1,30,0,30,0,0,0,,0.0001861042183622829,,0.0029024767801857586,0.0,0.0,0.0,1.0,0.0,0.0
stochastic_contradictions,p0.10,p0.10,11,threshold_4,Threshold 4,1,31,13,3,3,0,0.1,,1,30,0,30,0,0,0,,0.0001861042183622829,,0.0029024767801857586,0.0,0.0,0.0,1.0,0.0,0.0
stochastic_contradictions,p0.10,p0.10,11,threshold_4,Threshold 4,2,31,13,3,3,0,0.1,,1,30,0,30,0,0,0,,0.0001861042183622829,,0.0029024767801857586,0.0,0.0,0.0,1.0,0.0,0.0
stochastic_contradictions,p0.10,p0.10,11,threshold_4,Threshold 4,3,31,13,3,3,0,0.1,,1,30,0,30,0,0,0,,0.0001861042183622829,,0.0029024767801857586,0.0,0.0,0.0,1.0,0.0,0.0
stochastic_contradictions,p0.10,p0.10,11,threshold_4,Threshold 4,4,31,13,3,3,0,0.1,,1,32,2,32,0,0,0,,0.0001861042183622829,,0.0029024767801857586,0.0,0.0,0.0,1.0,0.0,0.0
stochastic_contradictions,p0.10,p0.10,11,threshold_4,Threshold 4,5,31,13,3,3,0,0.1,,1,31,1,31,0,0,0,,0.0001861042183622829,,0.0029024767801857586,0.0,0.0,0.0,1.0,0.0,0.0
stochastic_contradictions,p0.10,p0.10,11,threshold_4,Threshold 4,6,31,13,3,3,0,0.1,,1,30,0,30,0,0,0,,0.0001861042183622829,,0.0029024767801857586,0.0,0.0,0.0,1.0,0.0,0.0
stochastic_contradictions,p0.10,p0.10,11,threshold_4,Threshold 4,7,31,13,3,3,0,0.1,,1,31,1,31,0,0,0,,0.0001861042183622829,,0.0029024767801857586,0.0,0.0,0.0,1.0,0.0,0.0
stochastic_contradictions,p0.10,p0.10,11,threshold_8,Threshold 8,0,31,13,3,3,0,0.1,,1,31,1,31,0,0,0,,0.0001861042183622829,,0.0029024767801857586,0.0,0.0,0.0,1.0,0.0,0.0
stochastic_contradictions,p0.10,p0.10,11,threshold_8,Threshold 8,1,31,13,3,3,0,0.1,,1,30,0,30,0,0,0,,0.0001861042183622829,,0.0029024767801857586,0.0,0.0,0.0,1.0,0.0,0.0
stochastic_contradictions,p0.10,p0.10,11,threshold_8,Threshold 8,2,31,13,3,3,0,0.1,,1,30,0,30,0,0,0,,0.0001861042183622829,,0.0029024767801857586,0.0,0.0,0.0,1.0,0.0,0.0
stochastic_contradictions,p0.10,p0.10,11,threshold_8,Threshold 8,3,31,13,3,3,0,0.1,,1,30,0,30,0,0,0,,0.0001861042183622829,,0.0029024767801857586,0.0,0.0,0.0,1.0,0.0,0.0
stochastic_contradictions,p0.10,p0.10,11,threshold_8,Threshold 8,4,31,13,3,3,0,0.1,,1,30,0,30,0,0,0,,0.0001861042183622829,,0.0029024767801857586,0.0,0.0,0.0,1.0,0.0,0.0
stochastic_contradictions,p0.10,p0.10,11,threshold_8,Threshold 8,5,31,13,3,3,0,0.1,,1,30,0,30,0,0,0,,0.0001861042183622829,,0.0029024767801857586,0.0,0.0,0.0,1.0,0.0,0.0
stochastic_contradictions,p0.10,p0.10,11,threshold_8,Threshold 8,6,31,13,3,3,0,0.1,,1,30,0,30,0,0,0,,0.0001861042183622829,,0.0029024767801857586,0.0,0.0,0.0,1.0,0.0,0.0
stochastic_contradictions,p0.10,p0.10,11,threshold_8,Threshold 8,7,31,13,3,3,0,0.1,,1,31,1,31,0,0,0,,0.0001861042183622829,,0.0029024767801857586,0.0,0.0,0.0,1.0,0.0,0.0
stochastic_contradictions,p0.10,p0.10,11,ccra_exact_guard,CCRA exact,0,31,13,3,3,0,0.1,,1,30,0,30,0,0,0,,0.0001861042183622829,,0.0029024767801857586,0.0,0.0,0.0,1.0,0.0,0.0
stochastic_contradictions,p0.10,p0.10,11,ccra_exact_guard,CCRA exact,1,31,13,3,3,0,0.1,,1,30,0,30,0,0,0,,0.0001861042183622829,,0.0029024767801857586,0.0,0.0,0.0,1.0,0.0,0.0
stochastic_contradictions,p0.10,p0.10,11,ccra_exact_guard,CCRA exact,2,31,13,3,3,0,0.1,,1,30,0,30,0,0,0,,0.0001861042183622829,,0.0029024767801857586,0.0,0.0,0.0,1.0,0.0,0.0
stochastic_contradictions,p0.10,p0.10,11,ccra_exact_guard,CCRA exact,3,31,13,3,3,0,0.1,,1,30,0,30,0,0,0,,0.0001861042183622829,,0.0029024767801857586,0.0,0.0,0.0,1.0,0.0,0.0
stochastic_contradictions,p0.10,p0.10,11,ccra_exact_guard,CCRA exact,4,31,13,3,3,0,0.1,,1,30,0,30,0,0,0,,0.0001861042183622829,,0.0029024767801857586,0.0,0.0,0.0,1.0,0.0,0.0
stochastic_contradictions,p0.10,p0.10,11,ccra_exact_guard,CCRA exact,5,31,13,3,3,0,0.1,,1,30,0,30,0,0,0,,0.0001861042183622829,,0.0029024767801857586,0.0,0.0,0.0,1.0,0.0,0.0
stochastic_contradictions,p0.10,p0.10,11,ccra_exact_guard,CCRA exact,6,31,13,3,3,0,0.1,,1,30,0,30,0,0,0,,0.0001861042183622829,,0.0029024767801857586,0.0,0.0,0.0,1.0,0.0,0.0
stochastic_contradictions,p0.10,p0.10,11,ccra_exact_guard,CCRA exact,7,31,13,3,3,0,0.1,,1,30,0,30,0,0,0,,0.0001861042183622829,,0.0029024767801857586,0.0,0.0,0.0,1.0,0.0,0.0
stochastic_contradictions,p0.10,p0.10,11,uncertainty_cost_avoidance,Cost avoidance,0,31,13,3,3,0,0.1,,1,33,1,33,0,0,1,,0.0001861042183622829,,0.0029024767801857586,0.0,0.0,0.0,1.0,0.0,0.0
stochastic_contradictions,p0.10,p0.10,11,uncertainty_cost_avoidance,Cost avoidance,1,31,13,3,3,0,0.1,,1,33,1,33,0,0,2,,0.0001861042183622829,,0.0029024767801857586,0.0,0.0,0.0,1.0,0.0,0.0
stochastic_contradictions,p0.10,p0.10,11,uncertainty_cost_avoidance,Cost avoidance,2,31,13,3,3,0,0.1,,1,32,0,32,0,0,2,,0.0001861042183622829,,0.0029024767801857586,0.0,0.0,0.0,1.0,0.0,0.0
stochastic_contradictions,p0.10,p0.10,11,uncertainty_cost_avoidance,Cost avoidance,3,31,13,3,3,0,0.1,,1,33,1,33,0,0,3,,0.0001861042183622829,,0.0029024767801857586,0.0,0.0,0.0,1.0,0.0,0.0
stochastic_contradictions,p0.10,p0.10,11,uncertainty_cost_avoidance,Cost avoidance,4,31,13,3,3,0,0.1,,1,32,0,32,0,0,3,,0.0001861042183622829,,0.0029024767801857586,0.0,0.0,0.0,1.0,0.0,0.0
stochastic_contradictions,p0.10,p0.10,11,uncertainty_cost_avoidance,Cost avoidance,5,31,13,3,3,0,0.1,,1,32,0,32,0,0,3,,0.0001861042183622829,,0.0029024767801857586,0.0,0.0,0.0,1.0,0.0,0.0
stochastic_contradictions,p0.10,p0.10,11,uncertainty_cost_avoidance,Cost avoidance,6,31,13,3,3,0,0.1,,1,32,0,32,0,0,3,,0.0001861042183622829,,0.0029024767801857586,0.0,0.0,0.0,1.0,0.0,0.0
stochastic_contradictions,p0.10,p0.10,11,uncertainty_cost_avoidance,Cost avoidance,7,31,13,3,3,0,0.1,,1,32,0,32,0,0,3,,0.0001861042183622829,,0.0029024767801857586,0.0,0.0,0.0,1.0,0.0,0.0
stochastic_contradictions,p0.10,p0.10,11,oracle_fault_model,Oracle,0,31,13,3,3,0,0.1,,1,32,0,32,0,0,0,,0.001674937965260546,,0.026122291021671826,3.0,3.0,0.0,1.0,1.0,0.0
stochastic_contradictions,p0.10,p0.10,11,oracle_fault_model,Oracle,1,31,13,3,3,0,0.1,,1,32,0,32,0,0,0,,0.001674937965260546,,0.026122291021671826,3.0,3.0,0.0,1.0,1.0,0.0
stochastic_contradictions,p0.10,p0.10,11,oracle_fault_model,Oracle,2,31,13,3,3,0,0.1,,1,32,0,32,0,0,0,,0.001674937965260546,,0.026122291021671826,3.0,3.0,0.0,1.0,1.0,0.0
stochastic_contradictions,p0.10,p0.10,11,oracle_fault_model,Oracle,3,31,13,3,3,0,0.1,,1,32,0,32,0,0,0,,0.001674937965260546,,0.026122291021671826,3.0,3.0,0.0,1.0,1.0,0.0
stochastic_contradictions,p0.10,p0.10,11,oracle_fault_model,Oracle,4,31,13,3,3,0,0.1,,1,32,0,32,0,0,0,,0.001674937965260546,,0.026122291021671826,3.0,3.0,0.0,1.0,1.0,0.0
stochastic_contradictions,p0.10,p0.10,11,oracle_fault_model,Oracle,5,31,13,3,3,0,0.1,,1,32,0,32,0,0,0,,0.001674937965260546,,0.026122291021671826,3.0,3.0,0.0,1.0,1.0,0.0
stochastic_contradictions,p0.10,p0.10,11,oracle_fault_model,Oracle,6,31,13,3,3,0,0.1,,1,32,0,32,0,0,0,,0.001674937965260546,,0.026122291021671826,3.0,3.0,0.0,1.0,1.0,0.0
stochastic_contradictions,p0.10,p0.10,11,oracle_fault_model,Oracle,7,31,13,3,3,0,0.1,,1,32,0,32,0,0,0,,0.001674937965260546,,0.026122291021671826,3.0,3.0,0.0,1.0,1.0,0.0
stochastic_contradictions,p0.10,p0.10,12,nominal_no_repair,Nominal,0,31,13,3,3,0,0.1,,1,30,0,30,0,0,0,,0.0001861042183622829,,0.0029024767801857586,0.0,0.0,0.0,1.0,0.0,0.0
stochastic_contradictions,p0.10,p0.10,12,nominal_no_repair,Nominal,1,31,13,3,3,0,0.1,,0,220,215,6,0,1,0,,0.0001861042183622829,,0.0029024767801857586,0.0,0.0,0.0,1.0,0.0,0.0
stochastic_contradictions,p0.10,p0.10,12,nominal_no_repair,Nominal,2,31,13,3,3,0,0.1,,1,30,0,30,0,0,0,,0.0001861042183622829,,0.0029024767801857586,0.0,0.0,0.0,1.0,0.0,0.0
stochastic_contradictions,p0.10,p0.10,12,nominal_no_repair,Nominal,3,31,13,3,3,0,0.1,,1,30,0,30,0,0,0,,0.0001861042183622829,,0.0029024767801857586,0.0,0.0,0.0,1.0,0.0,0.0
stochastic_contradictions,p0.10,p0.10,12,nominal_no_repair,Nominal,4,31,13,3,3,0,0.1,,1,30,0,30,0,0,0,,0.0001861042183622829,,0.0029024767801857586,0.0,0.0,0.0,1.0,0.0,0.0
stochastic_contradictions,p0.10,p0.10,12,nominal_no_repair,Nominal,5,31,13,3,3,0,0.1,,1,30,0,30,0,0,0,,0.0001861042183622829,,0.0029024767801857586,0.0,0.0,0.0,1.0,0.0,0.0
stochastic_contradictions,p0.10,p0.10,12,nominal_no_repair,Nominal,6,31,13,3,3,0,0.1,,1,30,0,30,0,0,0,,0.0001861042183622829,,0.0029024767801857586,0.0,0.0,0.0,1.0,0.0,0.0
stochastic_contradictions,p0.10,p0.10,12,nominal_no_repair,Nominal,7,31,13,3,3,0,0.1,,1,30,0,30,0,0,0,,0.0001861042183622829,,0.0029024767801857586,0.0,0.0,0.0,1.0,0.0,0.0
stochastic_contradictions,p0.10,p0.10,12,threshold_2,Threshold 2,0,31,13,3,3,0,0.1,,1,30,0,30,0,0,0,,0.0001861042183622829,,0.0029024767801857586,0.0,0.0,0.0,1.0,0.0,0.0
stochastic_contradictions,p0.10,p0.10,12,threshold_2,Threshold 2,1,31,13,3,3,0,0.1,,1,30,0,30,0,0,0,,0.0001861042183622829,,0.0029024767801857586,0.0,0.0,0.0,1.0,0.0,0.0
stochastic_contradictions,p0.10,p0.10,12,threshold_2,Threshold 2,2,31,13,3,3,0,0.1,,1,30,0,30,0,0,0,,0.0001861042183622829,,0.0029024767801857586,0.0,0.0,0.0,1.0,0.0,0.0
stochastic_contradictions,p0.10,p0.10,12,threshold_2,Threshold 2,3,31,13,3,3,0,0.1,,1,30,0,30,0,0,0,,0.0001861042183622829,,0.0029024767801857586,0.0,0.0,0.0,1.0,0.0,0.0
stochastic_contradictions,p0.10,p0.10,12,threshold_2,Threshold 2,4,31,13,3,3,0,0.1,,1,30,0,30,0,0,0,,0.0001861042183622829,,0.0029024767801857586,0.0,0.0,0.0,1.0,0.0,0.0
stochastic_contradictions,p0.10,p0.10,12,threshold_2,Threshold 2,5,31,13,3,3,0,0.1,,1,31,1,31,0,0,0,,0.0001861042183622829,,0.0029024767801857586,0.0,0.0,0.0,1.0,0.0,0.0
stochastic_contradictions,p0.10,p0.10,12,threshold_2,Threshold 2,6,31,13,3,3,0,0.1,,1,30,0,30,0,0,0,,0.0001861042183622829,,0.0029024767801857586,0.0,0.0,0.0,1.0,0.0,0.0
stochastic_contradictions,p0.10,p0.10,12,threshold_2,Threshold 2,7,31,13,3,3,0,0.1,,1,30,0,30,0,0,0,,0.0001861042183622829,,0.0029024767801857586,0.0,0.0,0.0,1.0,0.0,0.0
stochastic_contradictions,p0.10,p0.10,12,threshold_4,Threshold 4,0,31,13,3,3,0,0.1,,1,31,1,31,0,0,0,,0.0001861042183622829,,0.0029024767801857586,0.0,0.0,0.0,1.0,0.0,0.0
stochastic_contradictions,p0.10,p0.10,12,threshold_4,Threshold 4,1,31,13,3,3,0,0.1,,1,30,0,30,0,0,0,,0.0001861042183622829,,0.0029024767801857586,0.0,0.0,0.0,1.0,0.0,0.0
stochastic_contradictions,p0.10,p0.10,12,threshold_4,Threshold 4,2,31,13,3,3,0,0.1,,1,30,0,30,0,0,0,,0.0001861042183622829,,0.0029024767801857586,0.0,0.0,0.0,1.0,0.0,0.0
stochastic_contradictions,p0.10,p0.10,12,threshold_4,Threshold 4,3,31,13,3,3,0,0.1,,1,30,0,30,0,0,0,,0.0001861042183622829,,0.0029024767801857586,0.0,0.0,0.0,1.0,0.0,0.0
stochastic_contradictions,p0.10,p0.10,12,threshold_4,Threshold 4,4,31,13,3,3,0,0.1,,1,32,2,32,0,0,0,,0.0001861042183622829,,0.0029024767801857586,0.0,0.0,0.0,1.0,0.0,0.0
stochastic_contradictions,p0.10,p0.10,12,threshold_4,Threshold 4,5,31,13,3,3,0,0.1,,1,31,1,31,0,0,0,,0.0001861042183622829,,0.0029024767801857586,0.0,0.0,0.0,1.0,0.0,0.0
stochastic_contradictions,p0.10,p0.10,12,threshold_4,Threshold 4,6,31,13,3,3,0,0.1,,1,30,0,30,0,0,0,,0.0001861042183622829,,0.0029024767801857586,0.0,0.0,0.0,1.0,0.0,0.0
stochastic_contradictions,p0.10,p0.10,12,threshold_4,Threshold 4,7,31,13,3,3,0,0.1,,1,30,0,30,0,0,0,,0.0001861042183622829,,0.0029024767801857586,0.0,0.0,0.0,1.0,0.0,0.0
stochastic_contradictions,p0.10,p0.10,12,threshold_8,Threshold 8,0,31,13,3,3,0,0.1,,1,30,0,30,0,0,0,,0.0001861042183622829,,0.0029024767801857586,0.0,0.0,0.0,1.0,0.0,0.0
stochastic_contradictions,p0.10,p0.10,12,threshold_8,Threshold 8,1,31,13,3,3,0,0.1,,1,30,0,30,0,0,0,,0.0001861042183622829,,0.0029024767801857586,0.0,0.0,0.0,1.0,0.0,0.0
stochastic_contradictions,p0.10,p0.10,12,threshold_8,Threshold 8,2,31,13,3,3,0,0.1,,1,30,0,30,0,0,0,,0.0001861042183622829,,0.0029024767801857586,0.0,0.0,0.0,1.0,0.0,0.0
stochastic_contradictions,p0.10,p0.10,12,threshold_8,Threshold 8,3,31,13,3,3,0,0.1,,1,30,0,30,0,0,0,,0.0001861042183622829,,0.0029024767801857586,0.0,0.0,0.0,1.0,0.0,0.0
stochastic_contradictions,p0.10,p0.10,12,threshold_8,Threshold 8,4,31,13,3,3,0,0.1,,1,30,0,30,0,0,0,,0.0001861042183622829,,0.0029024767801857586,0.0,0.0,0.0,1.0,0.0,0.0
stochastic_contradictions,p0.10,p0.10,12,threshold_8,Threshold 8,5,31,13,3,3,0,0.1,,1,30,0,30,0,0,0,,0.0001861042183622829,,0.0029024767801857586,0.0,0.0,0.0,1.0,0.0,0.0
stochastic_contradictions,p0.10,p0.10,12,threshold_8,Threshold 8,6,31,13,3,3,0,0.1,,1,31,1,31,0,0,0,,0.0001861042183622829,,0.0029024767801857586,0.0,0.0,0.0,1.0,0.0,0.0
stochastic_contradictions,p0.10,p0.10,12,threshold_8,Threshold 8,7,31,13,3,3,0,0.1,,1,30,0,30,0,0,0,,0.0001861042183622829,,0.0029024767801857586,0.0,0.0,0.0,1.0,0.0,0.0
stochastic_contradictions,p0.10,p0.10,12,ccra_exact_guard,CCRA exact,0,31,13,3,3,0,0.1,,1,30,0,30,0,0,0,,0.0001861042183622829,,0.0029024767801857586,0.0,0.0,0.0,1.0,0.0,0.0
stochastic_contradictions,p0.10,p0.10,12,ccra_exact_guard,CCRA exact,1,31,13,3,3,0,0.1,,1,30,0,30,0,0,0,,0.0001861042183622829,,0.0029024767801857586,0.0,0.0,0.0,1.0,0.0,0.0
stochastic_contradictions,p0.10,p0.10,12,ccra_exact_guard,CCRA exact,2,31,13,3,3,0,0.1,,1,30,0,30,0,0,0,,0.0001861042183622829,,0.0029024767801857586,0.0,0.0,0.0,1.0,0.0,0.0
stochastic_contradictions,p0.10,p0.10,12,ccra_exact_guard,CCRA exact,3,31,13,3,3,0,0.1,,1,30,0,30,0,0,0,,0.0001861042183622829,,0.0029024767801857586,0.0,0.0,0.0,1.0,0.0,0.0
stochastic_contradictions,p0.10,p0.10,12,ccra_exact_guard,CCRA exact,4,31,13,3,3,0,0.1,,1,30,0,30,0,0,0,,0.0001861042183622829,,0.0029024767801857586,0.0,0.0,0.0,1.0,0.0,0.0
stochastic_contradictions,p0.10,p0.10,12,ccra_exact_guard,CCRA exact,5,31,13,3,3,0,0.1,,1,30,0,30,0,0,0,,0.0001861042183622829,,0.0029024767801857586,0.0,0.0,0.0,1.0,0.0,0.0
stochastic_contradictions,p0.10,p0.10,12,ccra_exact_guard,CCRA exact,6,31,13,3,3,0,0.1,,1,30,0,30,0,0,0,,0.0001861042183622829,,0.0029024767801857586,0.0,0.0,0.0,1.0,0.0,0.0
stochastic_contradictions,p0.10,p0.10,12,ccra_exact_guard,CCRA exact,7,31,13,3,3,0,0.1,,1,30,0,30,0,0,0,,0.0001861042183622829,,0.0029024767801857586,0.0,0.0,0.0,1.0,0.0,0.0
stochastic_contradictions,p0.10,p0.10,12,uncertainty_cost_avoidance,Cost avoidance,0,31,13,3,3,0,0.1,,1,30,0,30,0,0,0,,0.0001861042183622829,,0.0029024767801857586,0.0,0.0,0.0,1.0,0.0,0.0
stochastic_contradictions,p0.10,p0.10,12,uncertainty_cost_avoidance,Cost avoidance,1,31,13,3,3,0,0.1,,1,30,0,30,0,0,0,,0.0001861042183622829,,0.0029024767801857586,0.0,0.0,0.0,1.0,0.0,0.0
stochastic_contradictions,p0.10,p0.10,12,uncertainty_cost_avoidance,Cost avoidance,2,31,13,3,3,0,0.1,,1,30,0,30,0,0,0,,0.0001861042183622829,,0.0029024767801857586,0.0,0.0,0.0,1.0,0.0,0.0
stochastic_contradictions,p0.10,p0.10,12,uncertainty_cost_avoidance,Cost avoidance,3,31,13,3,3,0,0.1,,1,30,0,30,0,0,0,,0.0001861042183622829,,0.0029024767801857586,0.0,0.0,0.0,1.0,0.0,0.0
stochastic_contradictions,p0.10,p0.10,12,uncertainty_cost_avoidance,Cost avoidance,4,31,13,3,3,0,0.1,,1,33,1,33,0,0,1,,0.0001861042183622829,,0.0029024767801857586,0.0,0.0,0.0,1.0,0.0,0.0
stochastic_contradictions,p0.10,p0.10,12,uncertainty_cost_avoidance,Cost avoidance,5,31,13,3,3,0,0.1,,1,32,0,32,0,0,1,,0.0001861042183622829,,0.0029024767801857586,0.0,0.0,0.0,1.0,0.0,0.0
stochastic_contradictions,p0.10,p0.10,12,uncertainty_cost_avoidance,Cost avoidance,6,31,13,3,3,0,0.1,,1,32,0,32,0,0,1,,0.0001861042183622829,,0.0029024767801857586,0.0,0.0,0.0,1.0,0.0,0.0
stochastic_contradictions,p0.10,p0.10,12,uncertainty_cost_avoidance,Cost avoidance,7,31,13,3,3,0,0.1,,1,32,0,32,0,0,1,,0.0001861042183622829,,0.0029024767801857586,0.0,0.0,0.0,1.0,0.0,0.0
stochastic_contradictions,p0.10,p0.10,12,oracle_fault_model,Oracle,0,31,13,3,3,0,0.1,,1,32,0,32,0,0,0,,0.001674937965260546,,0.026122291021671826,3.0,3.0,0.0,1.0,1.0,0.0
stochastic_contradictions,p0.10,p0.10,12,oracle_fault_model,Oracle,1,31,13,3,3,0,0.1,,1,32,0,32,0,0,0,,0.001674937965260546,,0.026122291021671826,3.0,3.0,0.0,1.0,1.0,0.0
stochastic_contradictions,p0.10,p0.10,12,oracle_fault_model,Oracle,2,31,13,3,3,0,0.1,,1,32,0,32,0,0,0,,0.001674937965260546,,0.026122291021671826,3.0,3.0,0.0,1.0,1.0,0.0
stochastic_contradictions,p0.10,p0.10,12,oracle_fault_model,Oracle,3,31,13,3,3,0,0.1,,1,32,0,32,0,0,0,,0.001674937965260546,,0.026122291021671826,3.0,3.0,0.0,1.0,1.0,0.0
stochastic_contradictions,p0.10,p0.10,12,oracle_fault_model,Oracle,4,31,13,3,3,0,0.1,,1,32,0,32,0,0,0,,0.001674937965260546,,0.026122291021671826,3.0,3.0,0.0,1.0,1.0,0.0
stochastic_contradictions,p0.10,p0.10,12,oracle_fault_model,Oracle,5,31,13,3,3,0,0.1,,1,32,0,32,0,0,0,,0.001674937965260546,,0.026122291021671826,3.0,3.0,0.0,1.0,1.0,0.0
stochastic_contradictions,p0.10,p0.10,12,oracle_fault_model,Oracle,6,31,13,3,3,0,0.1,,1,32,0,32,0,0,0,,0.001674937965260546,,0.026122291021671826,3.0,3.0,0.0,1.0,1.0,0.0
stochastic_contradictions,p0.10,p0.10,12,oracle_fault_model,Oracle,7,31,13,3,3,0,0.1,,1,32,0,32,0,0,0,,0.001674937965260546,,0.026122291021671826,3.0,3.0,0.0,1.0,1.0,0.0
stochastic_contradictions,p0.10,p0.10,13,nominal_no_repair,Nominal,0,31,13,3,3,0,0.1,,0,220,199,22,0,1,0,,0.0001861042183622829,,0.0029024767801857586,0.0,0.0,0.0,1.0,0.0,0.0
stochastic_contradictions,p0.10,p0.10,13,nominal_no_repair,Nominal,1,31,13,3,3,0,0.1,,1,30,0,30,0,0,0,,0.0001861042183622829,,0.0029024767801857586,0.0,0.0,0.0,1.0,0.0,0.0
stochastic_contradictions,p0.10,p0.10,13,nominal_no_repair,Nominal,2,31,13,3,3,0,0.1,,0,220,197,24,0,1,0,,0.0001861042183622829,,0.0029024767801857586,0.0,0.0,0.0,1.0,0.0,0.0
stochastic_contradictions,p0.10,p0.10,13,nominal_no_repair,Nominal,3,31,13,3,3,0,0.1,,0,220,199,22,0,1,0,,0.0001861042183622829,,0.0029024767801857586,0.0,0.0,0.0,1.0,0.0,0.0
stochastic_contradictions,p0.10,p0.10,13,nominal_no_repair,Nominal,4,31,13,3,3,0,0.1,,1,30,0,30,0,0,0,,0.0001861042183622829,,0.0029024767801857586,0.0,0.0,0.0,1.0,0.0,0.0
stochastic_contradictions,p0.10,p0.10,13,nominal_no_repair,Nominal,5,31,13,3,3,0,0.1,,1,30,0,30,0,0,0,,0.0001861042183622829,,0.0029024767801857586,0.0,0.0,0.0,1.0,0.0,0.0
stochastic_contradictions,p0.10,p0.10,13,nominal_no_repair,Nominal,6,31,13,3,3,0,0.1,,0,220,194,27,0,1,0,,0.0001861042183622829,,0.0029024767801857586,0.0,0.0,0.0,1.0,0.0,0.0
stochastic_contradictions,p0.10,p0.10,13,nominal_no_repair,Nominal,7,31,13,3,3,0,0.1,,1,30,0,30,0,0,0,,0.0001861042183622829,,0.0029024767801857586,0.0,0.0,0.0,1.0,0.0,0.0
stochastic_contradictions,p0.10,p0.10,13,threshold_2,Threshold 2,0,31,13,3,3,0,0.1,,1,34,2,34,0,0,1,,0.0006823821339950373,,0.010642414860681114,1.0,1.0,0.0,1.0,0.3333333333333333,0.0
stochastic_contradictions,p0.10,p0.10,13,threshold_2,Threshold 2,1,31,13,3,3,0,0.1,,1,32,0,32,0,0,1,,0.0006823821339950373,,0.010642414860681114,1.0,1.0,0.0,1.0,0.3333333333333333,0.0
stochastic_contradictions,p0.10,p0.10,13,threshold_2,Threshold 2,2,31,13,3,3,0,0.1,,1,33,1,33,0,0,1,,0.0006823821339950373,,0.010642414860681114,1.0,1.0,0.0,1.0,0.3333333333333333,0.0
stochastic_contradictions,p0.10,p0.10,13,threshold_2,Threshold 2,3,31,13,3,3,0,0.1,,1,34,2,34,0,0,2,,0.0011786600496277915,,0.01838235294117647,2.0,2.0,0.0,1.0,0.6666666666666666,0.0
stochastic_contradictions,p0.10,p0.10,13,threshold_2,Threshold 2,4,31,13,3,3,0,0.1,,1,32,0,32,0,0,2,,0.0011786600496277915,,0.01838235294117647,2.0,2.0,0.0,1.0,0.6666666666666666,0.0
stochastic_contradictions,p0.10,p0.10,13,threshold_2,Threshold 2,5,31,13,3,3,0,0.1,,1,32,0,32,0,0,2,,0.0011786600496277915,,0.01838235294117647,2.0,2.0,0.0,1.0,0.6666666666666666,0.0
stochastic_contradictions,p0.10,p0.10,13,threshold_2,Threshold 2,6,31,13,3,3,0,0.1,,1,32,0,32,0,0,2,,0.0011786600496277915,,0.01838235294117647,2.0,2.0,0.0,1.0,0.6666666666666666,0.0
stochastic_contradictions,p0.10,p0.10,13,threshold_2,Threshold 2,7,31,13,3,3,0,0.1,,1,32,0,32,0,0,2,,0.0011786600496277915,,0.01838235294117647,2.0,2.0,0.0,1.0,0.6666666666666666,0.0
stochastic_contradictions,p0.10,p0.10,13,threshold_4,Threshold 4,0,31,13,3,3,0,0.1,,1,30,0,30,0,0,0,,0.0001861042183622829,,0.0029024767801857586,0.0,0.0,0.0,1.0,0.0,0.0
stochastic_contradictions,p0.10,p0.10,13,threshold_4,Threshold 4,1,31,13,3,3,0,0.1,,1,30,0,30,0,0,0,,0.0001861042183622829,,0.0029024767801857586,0.0,0.0,0.0,1.0,0.0,0.0
stochastic_contradictions,p0.10,p0.10,13,threshold_4,Threshold 4,2,31,13,3,3,0,0.1,,1,30,0,30,0,0,0,,0.0001861042183622829,,0.0029024767801857586,0.0,0.0,0.0,1.0,0.0,0.0
stochastic_contradictions,p0.10,p0.10,13,threshold_4,Threshold 4,3,31,13,3,3,0,0.1,,1,30,0,30,0,0,0,,0.0001861042183622829,,0.0029024767801857586,0.0,0.0,0.0,1.0,0.0,0.0
stochastic_contradictions,p0.10,p0.10,13,threshold_4,Threshold 4,4,31,13,3,3,0,0.1,,1,30,0,30,0,0,0,,0.0001861042183622829,,0.0029024767801857586,0.0,0.0,0.0,1.0,0.0,0.0
stochastic_contradictions,p0.10,p0.10,13,threshold_4,Threshold 4,5,31,13,3,3,0,0.1,,1,31,1,31,0,0,0,,0.0001861042183622829,,0.0029024767801857586,0.0,0.0,0.0,1.0,0.0,0.0
stochastic_contradictions,p0.10,p0.10,13,threshold_4,Threshold 4,6,31,13,3,3,0,0.1,,1,30,0,30,0,0,0,,0.0001861042183622829,,0.0029024767801857586,0.0,0.0,0.0,1.0,0.0,0.0
stochastic_contradictions,p0.10,p0.10,13,threshold_4,Threshold 4,7,31,13,3,3,0,0.1,,1,31,1,31,0,0,0,,0.0001861042183622829,,0.0029024767801857586,0.0,0.0,0.0,1.0,0.0,0.0
stochastic_contradictions,p0.10,p0.10,13,threshold_8,Threshold 8,0,31,13,3,3,0,0.1,,1,32,2,32,0,0,0,,0.0001861042183622829,,0.0029024767801857586,0.0,0.0,0.0,1.0,0.0,0.0
stochastic_contradictions,p0.10,p0.10,13,threshold_8,Threshold 8,1,31,13,3,3,0,0.1,,1,30,0,30,0,0,0,,0.0001861042183622829,,0.0029024767801857586,0.0,0.0,0.0,1.0,0.0,0.0
stochastic_contradictions,p0.10,p0.10,13,threshold_8,Threshold 8,2,31,13,3,3,0,0.1,,1,30,0,30,0,0,0,,0.0001861042183622829,,0.0029024767801857586,0.0,0.0,0.0,1.0,0.0,0.0
stochastic_contradictions,p0.10,p0.10,13,threshold_8,Threshold 8,3,31,13,3,3,0,0.1,,1,31,1,31,0,0,0,,0.0001861042183622829,,0.0029024767801857586,0.0,0.0,0.0,1.0,0.0,0.0
stochastic_contradictions,p0.10,p0.10,13,threshold_8,Threshold 8,4,31,13,3,3,0,0.1,,1,31,1,31,0,0,0,,0.0001861042183622829,,0.0029024767801857586,0.0,0.0,0.0,1.0,0.0,0.0
stochastic_contradictions,p0.10,p0.10,13,threshold_8,Threshold 8,5,31,13,3,3,0,0.1,,1,32,2,32,0,0,0,,0.0001861042183622829,,0.0029024767801857586,0.0,0.0,0.0,1.0,0.0,0.0
stochastic_contradictions,p0.10,p0.10,13,threshold_8,Threshold 8,6,31,13,3,3,0,0.1,,1,32,2,32,0,0,0,,0.0001861042183622829,,0.0029024767801857586,0.0,0.0,0.0,1.0,0.0,0.0
stochastic_contradictions,p0.10,p0.10,13,threshold_8,Threshold 8,7,31,13,3,3,0,0.1,,1,30,0,30,0,0,0,,0.0001861042183622829,,0.0029024767801857586,0.0,0.0,0.0,1.0,0.0,0.0
stochastic_contradictions,p0.10,p0.10,13,ccra_exact_guard,CCRA exact,0,31,13,3,3,0,0.1,,1,33,1,33,0,0,1,,0.0006823821339950373,,0.010642414860681114,1.0,1.0,0.0,1.0,0.3333333333333333,0.0
stochastic_contradictions,p0.10,p0.10,13,ccra_exact_guard,CCRA exact,1,31,13,3,3,0,0.1,,1,32,0,32,0,0,1,,0.0006823821339950373,,0.010642414860681114,1.0,1.0,0.0,1.0,0.3333333333333333,0.0
stochastic_contradictions,p0.10,p0.10,13,ccra_exact_guard,CCRA exact,2,31,13,3,3,0,0.1,,1,32,0,32,0,0,1,,0.0006823821339950373,,0.010642414860681114,1.0,1.0,0.0,1.0,0.3333333333333333,0.0
stochastic_contradictions,p0.10,p0.10,13,ccra_exact_guard,CCRA exact,3,31,13,3,3,0,0.1,,1,32,0,32,0,0,1,,0.0006823821339950373,,0.010642414860681114,1.0,1.0,0.0,1.0,0.3333333333333333,0.0
stochastic_contradictions,p0.10,p0.10,13,ccra_exact_guard,CCRA exact,4,31,13,3,3,0,0.1,,1,32,0,32,0,0,1,,0.0006823821339950373,,0.010642414860681114,1.0,1.0,0.0,1.0,0.3333333333333333,0.0
stochastic_contradictions,p0.10,p0.10,13,ccra_exact_guard,CCRA exact,5,31,13,3,3,0,0.1,,1,32,0,32,0,0,1,,0.0006823821339950373,,0.010642414860681114,1.0,1.0,0.0,1.0,0.3333333333333333,0.0
stochastic_contradictions,p0.10,p0.10,13,ccra_exact_guard,CCRA exact,6,31,13,3,3,0,0.1,,1,32,0,32,0,0,1,,0.0006823821339950373,,0.010642414860681114,1.0,1.0,0.0,1.0,0.3333333333333333,0.0
stochastic_contradictions,p0.10,p0.10,13,ccra_exact_guard,CCRA exact,7,31,13,3,3,0,0.1,,1,33,1,33,0,0,2,,0.0011786600496277915,,0.01838235294117647,2.0,2.0,0.0,1.0,0.6666666666666666,0.0
stochastic_contradictions,p0.10,p0.10,13,uncertainty_cost_avoidance,Cost avoidance,0,31,13,3,3,0,0.1,,1,33,1,33,0,0,1,,0.0001861042183622829,,0.0029024767801857586,0.0,0.0,0.0,1.0,0.0,0.0
stochastic_contradictions,p0.10,p0.10,13,uncertainty_cost_avoidance,Cost avoidance,1,31,13,3,3,0,0.1,,1,32,0,32,0,0,1,,0.0001861042183622829,,0.0029024767801857586,0.0,0.0,0.0,1.0,0.0,0.0
stochastic_contradictions,p0.10,p0.10,13,uncertainty_cost_avoidance,Cost avoidance,2,31,13,3,3,0,0.1,,1,32,0,32,0,0,1,,0.0001861042183622829,,0.0029024767801857586,0.0,0.0,0.0,1.0,0.0,0.0
stochastic_contradictions,p0.10,p0.10,13,uncertainty_cost_avoidance,Cost avoidance,3,31,13,3,3,0,0.1,,1,32,0,32,0,0,1,,0.0001861042183622829,,0.0029024767801857586,0.0,0.0,0.0,1.0,0.0,0.0
stochastic_contradictions,p0.10,p0.10,13,uncertainty_cost_avoidance,Cost avoidance,4,31,13,3,3,0,0.1,,1,32,0,32,0,0,1,,0.0001861042183622829,,0.0029024767801857586,0.0,0.0,0.0,1.0,0.0,0.0
stochastic_contradictions,p0.10,p0.10,13,uncertainty_cost_avoidance,Cost avoidance,5,31,13,3,3,0,0.1,,1,32,0,32,0,0,1,,0.0001861042183622829,,0.0029024767801857586,0.0,0.0,0.0,1.0,0.0,0.0
stochastic_contradictions,p0.10,p0.10,13,uncertainty_cost_avoidance,Cost avoidance,6,31,13,3,3,0,0.1,,1,32,0,32,0,0,1,,0.0001861042183622829,,0.0029024767801857586,0.0,0.0,0.0,1.0,0.0,0.0
stochastic_contradictions,p0.10,p0.10,13,uncertainty_cost_avoidance,Cost avoidance,7,31,13,3,3,0,0.1,,1,33,1,33,0,0,2,,0.0001861042183622829,,0.0029024767801857586,0.0,0.0,0.0,1.0,0.0,0.0
stochastic_contradictions,p0.10,p0.10,13,oracle_fault_model,Oracle,0,31,13,3,3,0,0.1,,1,32,0,32,0,0,0,,0.001674937965260546,,0.026122291021671826,3.0,3.0,0.0,1.0,1.0,0.0
stochastic_contradictions,p0.10,p0.10,13,oracle_fault_model,Oracle,1,31,13,3,3,0,0.1,,1,32,0,32,0,0,0,,0.001674937965260546,,0.026122291021671826,3.0,3.0,0.0,1.0,1.0,0.0
stochastic_contradictions,p0.10,p0.10,13,oracle_fault_model,Oracle,2,31,13,3,3,0,0.1,,1,32,0,32,0,0,0,,0.001674937965260546,,0.026122291021671826,3.0,3.0,0.0,1.0,1.0,0.0
stochastic_contradictions,p0.10,p0.10,13,oracle_fault_model,Oracle,3,31,13,3,3,0,0.1,,1,32,0,32,0,0,0,,0.001674937965260546,,0.026122291021671826,3.0,3.0,0.0,1.0,1.0,0.0
stochastic_contradictions,p0.10,p0.10,13,oracle_fault_model,Oracle,4,31,13,3,3,0,0.1,,1,32,0,32,0,0,0,,0.001674937965260546,,0.026122291021671826,3.0,3.0,0.0,1.0,1.0,0.0
stochastic_contradictions,p0.10,p0.10,13,oracle_fault_model,Oracle,5,31,13,3,3,0,0.1,,1,32,0,32,0,0,0,,0.001674937965260546,,0.026122291021671826,3.0,3.0,0.0,1.0,1.0,0.0
stochastic_contradictions,p0.10,p0.10,13,oracle_fault_model,Oracle,6,31,13,3,3,0,0.1,,1,32,0,32,0,0,0,,0.001674937965260546,,0.026122291021671826,3.0,3.0,0.0,1.0,1.0,0.0
stochastic_contradictions,p0.10,p0.10,13,oracle_fault_model,Oracle,7,31,13,3,3,0,0.1,,1,32,0,32,0,0,0,,0.001674937965260546,,0.026122291021671826,3.0,3.0,0.0,1.0,1.0,0.0
stochastic_contradictions,p0.10,p0.10,14,nominal_no_repair,Nominal,0,31,13,3,3,0,0.1,,1,30,0,30,0,0,0,,0.0001861042183622829,,0.0029024767801857586,0.0,0.0,0.0,1.0,0.0,0.0
stochastic_contradictions,p0.10,p0.10,14,nominal_no_repair,Nominal,1,31,13,3,3,0,0.1,,1,30,0,30,0,0,0,,0.0001861042183622829,,0.0029024767801857586,0.0,0.0,0.0,1.0,0.0,0.0
stochastic_contradictions,p0.10,p0.10,14,nominal_no_repair,Nominal,2,31,13,3,3,0,0.1,,1,30,0,30,0,0,0,,0.0001861042183622829,,0.0029024767801857586,0.0,0.0,0.0,1.0,0.0,0.0
stochastic_contradictions,p0.10,p0.10,14,nominal_no_repair,Nominal,3,31,13,3,3,0,0.1,,1,30,0,30,0,0,0,,0.0001861042183622829,,0.0029024767801857586,0.0,0.0,0.0,1.0,0.0,0.0
stochastic_contradictions,p0.10,p0.10,14,nominal_no_repair,Nominal,4,31,13,3,3,0,0.1,,1,30,0,30,0,0,0,,0.0001861042183622829,,0.0029024767801857586,0.0,0.0,0.0,1.0,0.0,0.0
stochastic_contradictions,p0.10,p0.10,14,nominal_no_repair,Nominal,5,31,13,3,3,0,0.1,,0,220,206,15,0,1,0,,0.0001861042183622829,,0.0029024767801857586,0.0,0.0,0.0,1.0,0.0,0.0
stochastic_contradictions,p0.10,p0.10,14,nominal_no_repair,Nominal,6,31,13,3,3,0,0.1,,1,30,0,30,0,0,0,,0.0001861042183622829,,0.0029024767801857586,0.0,0.0,0.0,1.0,0.0,0.0
stochastic_contradictions,p0.10,p0.10,14,nominal_no_repair,Nominal,7,31,13,3,3,0,0.1,,0,220,204,17,0,1,0,,0.0001861042183622829,,0.0029024767801857586,0.0,0.0,0.0,1.0,0.0,0.0
stochastic_contradictions,p0.10,p0.10,14,threshold_2,Threshold 2,0,31,13,3,3,0,0.1,,1,30,0,30,0,0,0,,0.0001861042183622829,,0.0029024767801857586,0.0,0.0,0.0,1.0,0.0,0.0
stochastic_contradictions,p0.10,p0.10,14,threshold_2,Threshold 2,1,31,13,3,3,0,0.1,,1,30,0,30,0,0,0,,0.0001861042183622829,,0.0029024767801857586,0.0,0.0,0.0,1.0,0.0,0.0
stochastic_contradictions,p0.10,p0.10,14,threshold_2,Threshold 2,2,31,13,3,3,0,0.1,,1,31,1,31,0,0,0,,0.0001861042183622829,,0.0029024767801857586,0.0,0.0,0.0,1.0,0.0,0.0
stochastic_contradictions,p0.10,p0.10,14,threshold_2,Threshold 2,3,31,13,3,3,0,0.1,,1,31,1,31,0,0,0,,0.0001861042183622829,,0.0029024767801857586,0.0,0.0,0.0,1.0,0.0,0.0
stochastic_contradictions,p0.10,p0.10,14,threshold_2,Threshold 2,4,31,13,3,3,0,0.1,,1,33,1,33,0,0,1,,0.0006823821339950373,,0.010642414860681114,1.0,1.0,0.0,1.0,0.3333333333333333,0.0
stochastic_contradictions,p0.10,p0.10,14,threshold_2,Threshold 2,5,31,13,3,3,0,0.1,,1,32,0,32,0,0,1,,0.0006823821339950373,,0.010642414860681114,1.0,1.0,0.0,1.0,0.3333333333333333,0.0
stochastic_contradictions,p0.10,p0.10,14,threshold_2,Threshold 2,6,31,13,3,3,0,0.1,,1,32,0,32,0,0,1,,0.0006823821339950373,,0.010642414860681114,1.0,1.0,0.0,1.0,0.3333333333333333,0.0
stochastic_contradictions,p0.10,p0.10,14,threshold_2,Threshold 2,7,31,13,3,3,0,0.1,,1,32,0,32,0,0,1,,0.0006823821339950373,,0.010642414860681114,1.0,1.0,0.0,1.0,0.3333333333333333,0.0
stochastic_contradictions,p0.10,p0.10,14,threshold_4,Threshold 4,0,31,13,3,3,0,0.1,,1,30,0,30,0,0,0,,0.0001861042183622829,,0.0029024767801857586,0.0,0.0,0.0,1.0,0.0,0.0
stochastic_contradictions,p0.10,p0.10,14,threshold_4,Threshold 4,1,31,13,3,3,0,0.1,,1,30,0,30,0,0,0,,0.0001861042183622829,,0.0029024767801857586,0.0,0.0,0.0,1.0,0.0,0.0
stochastic_contradictions,p0.10,p0.10,14,threshold_4,Threshold 4,2,31,13,3,3,0,0.1,,1,30,0,30,0,0,0,,0.0001861042183622829,,0.0029024767801857586,0.0,0.0,0.0,1.0,0.0,0.0
stochastic_contradictions,p0.10,p0.10,14,threshold_4,Threshold 4,3,31,13,3,3,0,0.1,,1,30,0,30,0,0,0,,0.0001861042183622829,,0.0029024767801857586,0.0,0.0,0.0,1.0,0.0,0.0
stochastic_contradictions,p0.10,p0.10,14,threshold_4,Threshold 4,4,31,13,3,3,0,0.1,,1,30,0,30,0,0,0,,0.0001861042183622829,,0.0029024767801857586,0.0,0.0,0.0,1.0,0.0,0.0
stochastic_contradictions,p0.10,p0.10,14,threshold_4,Threshold 4,5,31,13,3,3,0,0.1,,1,30,0,30,0,0,0,,0.0001861042183622829,,0.0029024767801857586,0.0,0.0,0.0,1.0,0.0,0.0
stochastic_contradictions,p0.10,p0.10,14,threshold_4,Threshold 4,6,31,13,3,3,0,0.1,,1,30,0,30,0,0,0,,0.0001861042183622829,,0.0029024767801857586,0.0,0.0,0.0,1.0,0.0,0.0
stochastic_contradictions,p0.10,p0.10,14,threshold_4,Threshold 4,7,31,13,3,3,0,0.1,,1,30,0,30,0,0,0,,0.0001861042183622829,,0.0029024767801857586,0.0,0.0,0.0,1.0,0.0,0.0
stochastic_contradictions,p0.10,p0.10,14,threshold_8,Threshold 8,0,31,13,3,3,0,0.1,,1,30,0,30,0,0,0,,0.0001861042183622829,,0.0029024767801857586,0.0,0.0,0.0,1.0,0.0,0.0
stochastic_contradictions,p0.10,p0.10,14,threshold_8,Threshold 8,1,31,13,3,3,0,0.1,,1,31,1,31,0,0,0,,0.0001861042183622829,,0.0029024767801857586,0.0,0.0,0.0,1.0,0.0,0.0
stochastic_contradictions,p0.10,p0.10,14,threshold_8,Threshold 8,2,31,13,3,3,0,0.1,,1,30,0,30,0,0,0,,0.0001861042183622829,,0.0029024767801857586,0.0,0.0,0.0,1.0,0.0,0.0
stochastic_contradictions,p0.10,p0.10,14,threshold_8,Threshold 8,3,31,13,3,3,0,0.1,,1,30,0,30,0,0,0,,0.0001861042183622829,,0.0029024767801857586,0.0,0.0,0.0,1.0,0.0,0.0
stochastic_contradictions,p0.10,p0.10,14,threshold_8,Threshold 8,4,31,13,3,3,0,0.1,,1,31,1,31,0,0,0,,0.0001861042183622829,,0.0029024767801857586,0.0,0.0,0.0,1.0,0.0,0.0
stochastic_contradictions,p0.10,p0.10,14,threshold_8,Threshold 8,5,31,13,3,3,0,0.1,,1,30,0,30,0,0,0,,0.0001861042183622829,,0.0029024767801857586,0.0,0.0,0.0,1.0,0.0,0.0
stochastic_contradictions,p0.10,p0.10,14,threshold_8,Threshold 8,6,31,13,3,3,0,0.1,,1,31,1,31,0,0,0,,0.0001861042183622829,,0.0029024767801857586,0.0,0.0,0.0,1.0,0.0,0.0
stochastic_contradictions,p0.10,p0.10,14,threshold_8,Threshold 8,7,31,13,3,3,0,0.1,,1,30,0,30,0,0,0,,0.0001861042183622829,,0.0029024767801857586,0.0,0.0,0.0,1.0,0.0,0.0
stochastic_contradictions,p0.10,p0.10,14,ccra_exact_guard,CCRA exact,0,31,13,3,3,0,0.1,,1,30,0,30,0,0,0,,0.0001861042183622829,,0.0029024767801857586,0.0,0.0,0.0,1.0,0.0,0.0
stochastic_contradictions,p0.10,p0.10,14,ccra_exact_guard,CCRA exact,1,31,13,3,3,0,0.1,,1,30,0,30,0,0,0,,0.0001861042183622829,,0.0029024767801857586,0.0,0.0,0.0,1.0,0.0,0.0
stochastic_contradictions,p0.10,p0.10,14,ccra_exact_guard,CCRA exact,2,31,13,3,3,0,0.1,,1,30,0,30,0,0,0,,0.0001861042183622829,,0.0029024767801857586,0.0,0.0,0.0,1.0,0.0,0.0
stochastic_contradictions,p0.10,p0.10,14,ccra_exact_guard,CCRA exact,3,31,13,3,3,0,0.1,,1,30,0,30,0,0,0,,0.0001861042183622829,,0.0029024767801857586,0.0,0.0,0.0,1.0,0.0,0.0
stochastic_contradictions,p0.10,p0.10,14,ccra_exact_guard,CCRA exact,4,31,13,3,3,0,0.1,,1,33,1,33,0,0,1,,0.0006823821339950373,,0.010642414860681114,1.0,1.0,0.0,1.0,0.3333333333333333,0.0
stochastic_contradictions,p0.10,p0.10,14,ccra_exact_guard,CCRA exact,5,31,13,3,3,0,0.1,,1,32,0,32,0,0,1,,0.0006823821339950373,,0.010642414860681114,1.0,1.0,0.0,1.0,0.3333333333333333,0.0
stochastic_contradictions,p0.10,p0.10,14,ccra_exact_guard,CCRA exact,6,31,13,3,3,0,0.1,,1,32,0,32,0,0,1,,0.0006823821339950373,,0.010642414860681114,1.0,1.0,0.0,1.0,0.3333333333333333,0.0
stochastic_contradictions,p0.10,p0.10,14,ccra_exact_guard,CCRA exact,7,31,13,3,3,0,0.1,,1,32,0,32,0,0,1,,0.0006823821339950373,,0.010642414860681114,1.0,1.0,0.0,1.0,0.3333333333333333,0.0
stochastic_contradictions,p0.10,p0.10,14,uncertainty_cost_avoidance,Cost avoidance,0,31,13,3,3,0,0.1,,1,30,0,30,0,0,0,,0.0001861042183622829,,0.0029024767801857586,0.0,0.0,0.0,1.0,0.0,0.0
stochastic_contradictions,p0.10,p0.10,14,uncertainty_cost_avoidance,Cost avoidance,1,31,13,3,3,0,0.1,,1,30,0,30,0,0,0,,0.0001861042183622829,,0.0029024767801857586,0.0,0.0,0.0,1.0,0.0,0.0
stochastic_contradictions,p0.10,p0.10,14,uncertainty_cost_avoidance,Cost avoidance,2,31,13,3,3,0,0.1,,1,30,0,30,0,0,0,,0.0001861042183622829,,0.0029024767801857586,0.0,0.0,0.0,1.0,0.0,0.0
stochastic_contradictions,p0.10,p0.10,14,uncertainty_cost_avoidance,Cost avoidance,3,31,13,3,3,0,0.1,,1,30,0,30,0,0,0,,0.0001861042183622829,,0.0029024767801857586,0.0,0.0,0.0,1.0,0.0,0.0
stochastic_contradictions,p0.10,p0.10,14,uncertainty_cost_avoidance,Cost avoidance,4,31,13,3,3,0,0.1,,1,30,0,30,0,0,0,,0.0001861042183622829,,0.0029024767801857586,0.0,0.0,0.0,1.0,0.0,0.0
stochastic_contradictions,p0.10,p0.10,14,uncertainty_cost_avoidance,Cost avoidance,5,31,13,3,3,0,0.1,,1,30,0,30,0,0,0,,0.0001861042183622829,,0.0029024767801857586,0.0,0.0,0.0,1.0,0.0,0.0
stochastic_contradictions,p0.10,p0.10,14,uncertainty_cost_avoidance,Cost avoidance,6,31,13,3,3,0,0.1,,1,30,0,30,0,0,0,,0.0001861042183622829,,0.0029024767801857586,0.0,0.0,0.0,1.0,0.0,0.0
stochastic_contradictions,p0.10,p0.10,14,uncertainty_cost_avoidance,Cost avoidance,7,31,13,3,3,0,0.1,,1,30,0,30,0,0,0,,0.0001861042183622829,,0.0029024767801857586,0.0,0.0,0.0,1.0,0.0,0.0
stochastic_contradictions,p0.10,p0.10,14,oracle_fault_model,Oracle,0,31,13,3,3,0,0.1,,1,32,0,32,0,0,0,,0.001674937965260546,,0.026122291021671826,3.0,3.0,0.0,1.0,1.0,0.0
stochastic_contradictions,p0.10,p0.10,14,oracle_fault_model,Oracle,1,31,13,3,3,0,0.1,,1,32,0,32,0,0,0,,0.001674937965260546,,0.026122291021671826,3.0,3.0,0.0,1.0,1.0,0.0
stochastic_contradictions,p0.10,p0.10,14,oracle_fault_model,Oracle,2,31,13,3,3,0,0.1,,1,32,0,32,0,0,0,,0.001674937965260546,,0.026122291021671826,3.0,3.0,0.0,1.0,1.0,0.0
stochastic_contradictions,p0.10,p0.10,14,oracle_fault_model,Oracle,3,31,13,3,3,0,0.1,,1,32,0,32,0,0,0,,0.001674937965260546,,0.026122291021671826,3.0,3.0,0.0,1.0,1.0,0.0
stochastic_contradictions,p0.10,p0.10,14,oracle_fault_model,Oracle,4,31,13,3,3,0,0.1,,1,32,0,32,0,0,0,,0.001674937965260546,,0.026122291021671826,3.0,3.0,0.0,1.0,1.0,0.0
stochastic_contradictions,p0.10,p0.10,14,oracle_fault_model,Oracle,5,31,13,3,3,0,0.1,,1,32,0,32,0,0,0,,0.001674937965260546,,0.026122291021671826,3.0,3.0,0.0,1.0,1.0,0.0
stochastic_contradictions,p0.10,p0.10,14,oracle_fault_model,Oracle,6,31,13,3,3,0,0.1,,1,32,0,32,0,0,0,,0.001674937965260546,,0.026122291021671826,3.0,3.0,0.0,1.0,1.0,0.0
stochastic_contradictions,p0.10,p0.10,14,oracle_fault_model,Oracle,7,31,13,3,3,0,0.1,,1,32,0,32,0,0,0,,0.001674937965260546,,0.026122291021671826,3.0,3.0,0.0,1.0,1.0,0.0
stochastic_contradictions,p0.10,p0.10,15,nominal_no_repair,Nominal,0,31,13,3,3,0,0.1,,1,30,0,30,0,0,0,,0.0001861042183622829,,0.0029024767801857586,0.0,0.0,0.0,1.0,0.0,0.0
stochastic_contradictions,p0.10,p0.10,15,nominal_no_repair,Nominal,1,31,13,3,3,0,0.1,,1,30,0,30,0,0,0,,0.0001861042183622829,,0.0029024767801857586,0.0,0.0,0.0,1.0,0.0,0.0
stochastic_contradictions,p0.10,p0.10,15,nominal_no_repair,Nominal,2,31,13,3,3,0,0.1,,1,30,0,30,0,0,0,,0.0001861042183622829,,0.0029024767801857586,0.0,0.0,0.0,1.0,0.0,0.0
stochastic_contradictions,p0.10,p0.10,15,nominal_no_repair,Nominal,3,31,13,3,3,0,0.1,,1,30,0,30,0,0,0,,0.0001861042183622829,,0.0029024767801857586,0.0,0.0,0.0,1.0,0.0,0.0
stochastic_contradictions,p0.10,p0.10,15,nominal_no_repair,Nominal,4,31,13,3,3,0,0.1,,1,30,0,30,0,0,0,,0.0001861042183622829,,0.0029024767801857586,0.0,0.0,0.0,1.0,0.0,0.0
stochastic_contradictions,p0.10,p0.10,15,nominal_no_repair,Nominal,5,31,13,3,3,0,0.1,,1,30,0,30,0,0,0,,0.0001861042183622829,,0.0029024767801857586,0.0,0.0,0.0,1.0,0.0,0.0
stochastic_contradictions,p0.10,p0.10,15,nominal_no_repair,Nominal,6,31,13,3,3,0,0.1,,0,220,215,6,0,1,0,,0.0001861042183622829,,0.0029024767801857586,0.0,0.0,0.0,1.0,0.0,0.0
stochastic_contradictions,p0.10,p0.10,15,nominal_no_repair,Nominal,7,31,13,3,3,0,0.1,,1,30,0,30,0,0,0,,0.0001861042183622829,,0.0029024767801857586,0.0,0.0,0.0,1.0,0.0,0.0
stochastic_contradictions,p0.10,p0.10,15,threshold_2,Threshold 2,0,31,13,3,3,0,0.1,,1,30,0,30,0,0,0,,0.0001861042183622829,,0.0029024767801857586,0.0,0.0,0.0,1.0,0.0,0.0
stochastic_contradictions,p0.10,p0.10,15,threshold_2,Threshold 2,1,31,13,3,3,0,0.1,,1,30,0,30,0,0,0,,0.0001861042183622829,,0.0029024767801857586,0.0,0.0,0.0,1.0,0.0,0.0
stochastic_contradictions,p0.10,p0.10,15,threshold_2,Threshold 2,2,31,13,3,3,0,0.1,,1,30,0,30,0,0,0,,0.0001861042183622829,,0.0029024767801857586,0.0,0.0,0.0,1.0,0.0,0.0
stochastic_contradictions,p0.10,p0.10,15,threshold_2,Threshold 2,3,31,13,3,3,0,0.1,,1,30,0,30,0,0,0,,0.0001861042183622829,,0.0029024767801857586,0.0,0.0,0.0,1.0,0.0,0.0
stochastic_contradictions,p0.10,p0.10,15,threshold_2,Threshold 2,4,31,13,3,3,0,0.1,,1,30,0,30,0,0,0,,0.0001861042183622829,,0.0029024767801857586,0.0,0.0,0.0,1.0,0.0,0.0
stochastic_contradictions,p0.10,p0.10,15,threshold_2,Threshold 2,5,31,13,3,3,0,0.1,,1,30,0,30,0,0,0,,0.0001861042183622829,,0.0029024767801857586,0.0,0.0,0.0,1.0,0.0,0.0
stochastic_contradictions,p0.10,p0.10,15,threshold_2,Threshold 2,6,31,13,3,3,0,0.1,,1,30,0,30,0,0,0,,0.0001861042183622829,,0.0029024767801857586,0.0,0.0,0.0,1.0,0.0,0.0
stochastic_contradictions,p0.10,p0.10,15,threshold_2,Threshold 2,7,31,13,3,3,0,0.1,,1,34,2,34,0,0,1,,0.0006823821339950373,,0.010642414860681114,1.0,1.0,0.0,1.0,0.3333333333333333,0.0
stochastic_contradictions,p0.10,p0.10,15,threshold_4,Threshold 4,0,31,13,3,3,0,0.1,,1,30,0,30,0,0,0,,0.0001861042183622829,,0.0029024767801857586,0.0,0.0,0.0,1.0,0.0,0.0
stochastic_contradictions,p0.10,p0.10,15,threshold_4,Threshold 4,1,31,13,3,3,0,0.1,,1,31,1,31,0,0,0,,0.0001861042183622829,,0.0029024767801857586,0.0,0.0,0.0,1.0,0.0,0.0
stochastic_contradictions,p0.10,p0.10,15,threshold_4,Threshold 4,2,31,13,3,3,0,0.1,,1,30,0,30,0,0,0,,0.0001861042183622829,,0.0029024767801857586,0.0,0.0,0.0,1.0,0.0,0.0
stochastic_contradictions,p0.10,p0.10,15,threshold_4,Threshold 4,3,31,13,3,3,0,0.1,,1,32,2,32,0,0,0,,0.0001861042183622829,,0.0029024767801857586,0.0,0.0,0.0,1.0,0.0,0.0
stochastic_contradictions,p0.10,p0.10,15,threshold_4,Threshold 4,4,31,13,3,3,0,0.1,,1,30,0,30,0,0,0,,0.0001861042183622829,,0.0029024767801857586,0.0,0.0,0.0,1.0,0.0,0.0
stochastic_contradictions,p0.10,p0.10,15,threshold_4,Threshold 4,5,31,13,3,3,0,0.1,,1,31,1,31,0,0,0,,0.0001861042183622829,,0.0029024767801857586,0.0,0.0,0.0,1.0,0.0,0.0
stochastic_contradictions,p0.10,p0.10,15,threshold_4,Threshold 4,6,31,13,3,3,0,0.1,,1,30,0,30,0,0,0,,0.0001861042183622829,,0.0029024767801857586,0.0,0.0,0.0,1.0,0.0,0.0
stochastic_contradictions,p0.10,p0.10,15,threshold_4,Threshold 4,7,31,13,3,3,0,0.1,,1,30,0,30,0,0,0,,0.0001861042183622829,,0.0029024767801857586,0.0,0.0,0.0,1.0,0.0,0.0
stochastic_contradictions,p0.10,p0.10,15,threshold_8,Threshold 8,0,31,13,3,3,0,0.1,,1,31,1,31,0,0,0,,0.0001861042183622829,,0.0029024767801857586,0.0,0.0,0.0,1.0,0.0,0.0
stochastic_contradictions,p0.10,p0.10,15,threshold_8,Threshold 8,1,31,13,3,3,0,0.1,,1,30,0,30,0,0,0,,0.0001861042183622829,,0.0029024767801857586,0.0,0.0,0.0,1.0,0.0,0.0
stochastic_contradictions,p0.10,p0.10,15,threshold_8,Threshold 8,2,31,13,3,3,0,0.1,,1,30,0,30,0,0,0,,0.0001861042183622829,,0.0029024767801857586,0.0,0.0,0.0,1.0,0.0,0.0
stochastic_contradictions,p0.10,p0.10,15,threshold_8,Threshold 8,3,31,13,3,3,0,0.1,,1,30,0,30,0,0,0,,0.0001861042183622829,,0.0029024767801857586,0.0,0.0,0.0,1.0,0.0,0.0
stochastic_contradictions,p0.10,p0.10,15,threshold_8,Threshold 8,4,31,13,3,3,0,0.1,,1,30,0,30,0,0,0,,0.0001861042183622829,,0.0029024767801857586,0.0,0.0,0.0,1.0,0.0,0.0
stochastic_contradictions,p0.10,p0.10,15,threshold_8,Threshold 8,5,31,13,3,3,0,0.1,,1,30,0,30,0,0,0,,0.0001861042183622829,,0.0029024767801857586,0.0,0.0,0.0,1.0,0.0,0.0
stochastic_contradictions,p0.10,p0.10,15,threshold_8,Threshold 8,6,31,13,3,3,0,0.1,,1,31,1,31,0,0,0,,0.0001861042183622829,,0.0029024767801857586,0.0,0.0,0.0,1.0,0.0,0.0
stochastic_contradictions,p0.10,p0.10,15,threshold_8,Threshold 8,7,31,13,3,3,0,0.1,,1,30,0,30,0,0,0,,0.0001861042183622829,,0.0029024767801857586,0.0,0.0,0.0,1.0,0.0,0.0
stochastic_contradictions,p0.10,p0.10,15,ccra_exact_guard,CCRA exact,0,31,13,3,3,0,0.1,,1,30,0,30,0,0,0,,0.0001861042183622829,,0.0029024767801857586,0.0,0.0,0.0,1.0,0.0,0.0
stochastic_contradictions,p0.10,p0.10,15,ccra_exact_guard,CCRA exact,1,31,13,3,3,0,0.1,,1,33,1,33,0,0,1,,0.0006823821339950373,,0.010642414860681114,1.0,1.0,0.0,1.0,0.3333333333333333,0.0
stochastic_contradictions,p0.10,p0.10,15,ccra_exact_guard,CCRA exact,2,31,13,3,3,0,0.1,,1,33,1,33,0,0,2,,0.0011786600496277917,,0.01838235294117647,2.0,2.0,0.0,1.0,0.6666666666666666,0.0
stochastic_contradictions,p0.10,p0.10,15,ccra_exact_guard,CCRA exact,3,31,13,3,3,0,0.1,,1,32,0,32,0,0,2,,0.0011786600496277917,,0.01838235294117647,2.0,2.0,0.0,1.0,0.6666666666666666,0.0
stochastic_contradictions,p0.10,p0.10,15,ccra_exact_guard,CCRA exact,4,31,13,3,3,0,0.1,,1,32,0,32,0,0,2,,0.0011786600496277917,,0.01838235294117647,2.0,2.0,0.0,1.0,0.6666666666666666,0.0
stochastic_contradictions,p0.10,p0.10,15,ccra_exact_guard,CCRA exact,5,31,13,3,3,0,0.1,,1,32,0,32,0,0,2,,0.0011786600496277917,,0.01838235294117647,2.0,2.0,0.0,1.0,0.6666666666666666,0.0
stochastic_contradictions,p0.10,p0.10,15,ccra_exact_guard,CCRA exact,6,31,13,3,3,0,0.1,,1,32,0,32,0,0,2,,0.0011786600496277917,,0.01838235294117647,2.0,2.0,0.0,1.0,0.6666666666666666,0.0
stochastic_contradictions,p0.10,p0.10,15,ccra_exact_guard,CCRA exact,7,31,13,3,3,0,0.1,,1,32,0,32,0,0,2,,0.0011786600496277917,,0.01838235294117647,2.0,2.0,0.0,1.0,0.6666666666666666,0.0
stochastic_contradictions,p0.10,p0.10,15,uncertainty_cost_avoidance,Cost avoidance,0,31,13,3,3,0,0.1,,1,30,0,30,0,0,0,,0.0001861042183622829,,0.0029024767801857586,0.0,0.0,0.0,1.0,0.0,0.0
stochastic_contradictions,p0.10,p0.10,15,uncertainty_cost_avoidance,Cost avoidance,1,31,13,3,3,0,0.1,,1,30,0,30,0,0,0,,0.0001861042183622829,,0.0029024767801857586,0.0,0.0,0.0,1.0,0.0,0.0
stochastic_contradictions,p0.10,p0.10,15,uncertainty_cost_avoidance,Cost avoidance,2,31,13,3,3,0,0.1,,1,33,1,33,0,0,1,,0.0001861042183622829,,0.0029024767801857586,0.0,0.0,0.0,1.0,0.0,0.0
stochastic_contradictions,p0.10,p0.10,15,uncertainty_cost_avoidance,Cost avoidance,3,31,13,3,3,0,0.1,,1,32,0,32,0,0,1,,0.0001861042183622829,,0.0029024767801857586,0.0,0.0,0.0,1.0,0.0,0.0
stochastic_contradictions,p0.10,p0.10,15,uncertainty_cost_avoidance,Cost avoidance,4,31,13,3,3,0,0.1,,1,32,0,32,0,0,1,,0.0001861042183622829,,0.0029024767801857586,0.0,0.0,0.0,1.0,0.0,0.0
stochastic_contradictions,p0.10,p0.10,15,uncertainty_cost_avoidance,Cost avoidance,5,31,13,3,3,0,0.1,,1,32,0,32,0,0,1,,0.0001861042183622829,,0.0029024767801857586,0.0,0.0,0.0,1.0,0.0,0.0
stochastic_contradictions,p0.10,p0.10,15,uncertainty_cost_avoidance,Cost avoidance,6,31,13,3,3,0,0.1,,1,32,0,32,0,0,1,,0.0001861042183622829,,0.0029024767801857586,0.0,0.0,0.0,1.0,0.0,0.0
stochastic_contradictions,p0.10,p0.10,15,uncertainty_cost_avoidance,Cost avoidance,7,31,13,3,3,0,0.1,,1,32,0,32,0,0,1,,0.0001861042183622829,,0.0029024767801857586,0.0,0.0,0.0,1.0,0.0,0.0
stochastic_contradictions,p0.10,p0.10,15,oracle_fault_model,Oracle,0,31,13,3,3,0,0.1,,1,32,0,32,0,0,0,,0.001674937965260546,,0.026122291021671826,3.0,3.0,0.0,1.0,1.0,0.0
stochastic_contradictions,p0.10,p0.10,15,oracle_fault_model,Oracle,1,31,13,3,3,0,0.1,,1,32,0,32,0,0,0,,0.001674937965260546,,0.026122291021671826,3.0,3.0,0.0,1.0,1.0,0.0
stochastic_contradictions,p0.10,p0.10,15,oracle_fault_model,Oracle,2,31,13,3,3,0,0.1,,1,32,0,32,0,0,0,,0.001674937965260546,,0.026122291021671826,3.0,3.0,0.0,1.0,1.0,0.0
stochastic_contradictions,p0.10,p0.10,15,oracle_fault_model,Oracle,3,31,13,3,3,0,0.1,,1,32,0,32,0,0,0,,0.001674937965260546,,0.026122291021671826,3.0,3.0,0.0,1.0,1.0,0.0
stochastic_contradictions,p0.10,p0.10,15,oracle_fault_model,Oracle,4,31,13,3,3,0,0.1,,1,32,0,32,0,0,0,,0.001674937965260546,,0.026122291021671826,3.0,3.0,0.0,1.0,1.0,0.0
stochastic_contradictions,p0.10,p0.10,15,oracle_fault_model,Oracle,5,31,13,3,3,0,0.1,,1,32,0,32,0,0,0,,0.001674937965260546,,0.026122291021671826,3.0,3.0,0.0,1.0,1.0,0.0
stochastic_contradictions,p0.10,p0.10,15,oracle_fault_model,Oracle,6,31,13,3,3,0,0.1,,1,32,0,32,0,0,0,,0.001674937965260546,,0.026122291021671826,3.0,3.0,0.0,1.0,1.0,0.0
stochastic_contradictions,p0.10,p0.10,15,oracle_fault_model,Oracle,7,31,13,3,3,0,0.1,,1,32,0,32,0,0,0,,0.001674937965260546,,0.026122291021671826,3.0,3.0,0.0,1.0,1.0,0.0
stochastic_contradictions,p0.10,p0.10,16,nominal_no_repair,Nominal,0,31,13,3,3,0,0.1,,1,30,0,30,0,0,0,,0.0001861042183622829,,0.0029024767801857586,0.0,0.0,0.0,1.0,0.0,0.0
stochastic_contradictions,p0.10,p0.10,16,nominal_no_repair,Nominal,1,31,13,3,3,0,0.1,,0,220,206,15,0,1,0,,0.0001861042183622829,,0.0029024767801857586,0.0,0.0,0.0,1.0,0.0,0.0
stochastic_contradictions,p0.10,p0.10,16,nominal_no_repair,Nominal,2,31,13,3,3,0,0.1,,1,30,0,30,0,0,0,,0.0001861042183622829,,0.0029024767801857586,0.0,0.0,0.0,1.0,0.0,0.0
stochastic_contradictions,p0.10,p0.10,16,nominal_no_repair,Nominal,3,31,13,3,3,0,0.1,,0,220,206,15,0,1,0,,0.0001861042183622829,,0.0029024767801857586,0.0,0.0,0.0,1.0,0.0,0.0
stochastic_contradictions,p0.10,p0.10,16,nominal_no_repair,Nominal,4,31,13,3,3,0,0.1,,0,220,199,22,0,1,0,,0.0001861042183622829,,0.0029024767801857586,0.0,0.0,0.0,1.0,0.0,0.0
stochastic_contradictions,p0.10,p0.10,16,nominal_no_repair,Nominal,5,31,13,3,3,0,0.1,,1,30,0,30,0,0,0,,0.0001861042183622829,,0.0029024767801857586,0.0,0.0,0.0,1.0,0.0,0.0
stochastic_contradictions,p0.10,p0.10,16,nominal_no_repair,Nominal,6,31,13,3,3,0,0.1,,1,30,0,30,0,0,0,,0.0001861042183622829,,0.0029024767801857586,0.0,0.0,0.0,1.0,0.0,0.0
stochastic_contradictions,p0.10,p0.10,16,nominal_no_repair,Nominal,7,31,13,3,3,0,0.1,,0,220,206,15,0,1,0,,0.0001861042183622829,,0.0029024767801857586,0.0,0.0,0.0,1.0,0.0,0.0
stochastic_contradictions,p0.10,p0.10,16,threshold_2,Threshold 2,0,31,13,3,3,0,0.1,,1,30,0,30,0,0,0,,0.0001861042183622829,,0.0029024767801857586,0.0,0.0,0.0,1.0,0.0,0.0
stochastic_contradictions,p0.10,p0.10,16,threshold_2,Threshold 2,1,31,13,3,3,0,0.1,,1,30,0,30,0,0,0,,0.0001861042183622829,,0.0029024767801857586,0.0,0.0,0.0,1.0,0.0,0.0
stochastic_contradictions,p0.10,p0.10,16,threshold_2,Threshold 2,2,31,13,3,3,0,0.1,,1,30,0,30,0,0,0,,0.0001861042183622829,,0.0029024767801857586,0.0,0.0,0.0,1.0,0.0,0.0
stochastic_contradictions,p0.10,p0.10,16,threshold_2,Threshold 2,3,31,13,3,3,0,0.1,,1,31,1,31,0,0,0,,0.0001861042183622829,,0.0029024767801857586,0.0,0.0,0.0,1.0,0.0,0.0
stochastic_contradictions,p0.10,p0.10,16,threshold_2,Threshold 2,4,31,13,3,3,0,0.1,,1,30,0,30,0,0,0,,0.0001861042183622829,,0.0029024767801857586,0.0,0.0,0.0,1.0,0.0,0.0
stochastic_contradictions,p0.10,p0.10,16,threshold_2,Threshold 2,5,31,13,3,3,0,0.1,,1,30,0,30,0,0,0,,0.0001861042183622829,,0.0029024767801857586,0.0,0.0,0.0,1.0,0.0,0.0
stochastic_contradictions,p0.10,p0.10,16,threshold_2,Threshold 2,6,31,13,3,3,0,0.1,,1,30,0,30,0,0,0,,0.0001861042183622829,,0.0029024767801857586,0.0,0.0,0.0,1.0,0.0,0.0
stochastic_contradictions,p0.10,p0.10,16,threshold_2,Threshold 2,7,31,13,3,3,0,0.1,,1,30,0,30,0,0,0,,0.0001861042183622829,,0.0029024767801857586,0.0,0.0,0.0,1.0,0.0,0.0
stochastic_contradictions,p0.10,p0.10,16,threshold_4,Threshold 4,0,31,13,3,3,0,0.1,,1,30,0,30,0,0,0,,0.0001861042183622829,,0.0029024767801857586,0.0,0.0,0.0,1.0,0.0,0.0
stochastic_contradictions,p0.10,p0.10,16,threshold_4,Threshold 4,1,31,13,3,3,0,0.1,,1,30,0,30,0,0,0,,0.0001861042183622829,,0.0029024767801857586,0.0,0.0,0.0,1.0,0.0,0.0
stochastic_contradictions,p0.10,p0.10,16,threshold_4,Threshold 4,2,31,13,3,3,0,0.1,,1,30,0,30,0,0,0,,0.0001861042183622829,,0.0029024767801857586,0.0,0.0,0.0,1.0,0.0,0.0
stochastic_contradictions,p0.10,p0.10,16,threshold_4,Threshold 4,3,31,13,3,3,0,0.1,,1,30,0,30,0,0,0,,0.0001861042183622829,,0.0029024767801857586,0.0,0.0,0.0,1.0,0.0,0.0
stochastic_contradictions,p0.10,p0.10,16,threshold_4,Threshold 4,4,31,13,3,3,0,0.1,,1,30,0,30,0,0,0,,0.0001861042183622829,,0.0029024767801857586,0.0,0.0,0.0,1.0,0.0,0.0
stochastic_contradictions,p0.10,p0.10,16,threshold_4,Threshold 4,5,31,13,3,3,0,0.1,,1,32,2,32,0,0,0,,0.0001861042183622829,,0.0029024767801857586,0.0,0.0,0.0,1.0,0.0,0.0
stochastic_contradictions,p0.10,p0.10,16,threshold_4,Threshold 4,6,31,13,3,3,0,0.1,,1,30,0,30,0,0,0,,0.0001861042183622829,,0.0029024767801857586,0.0,0.0,0.0,1.0,0.0,0.0
stochastic_contradictions,p0.10,p0.10,16,threshold_4,Threshold 4,7,31,13,3,3,0,0.1,,1,31,1,31,0,0,0,,0.0001861042183622829,,0.0029024767801857586,0.0,0.0,0.0,1.0,0.0,0.0
stochastic_contradictions,p0.10,p0.10,16,threshold_8,Threshold 8,0,31,13,3,3,0,0.1,,1,30,0,30,0,0,0,,0.0001861042183622829,,0.0029024767801857586,0.0,0.0,0.0,1.0,0.0,0.0
stochastic_contradictions,p0.10,p0.10,16,threshold_8,Threshold 8,1,31,13,3,3,0,0.1,,1,31,1,31,0,0,0,,0.0001861042183622829,,0.0029024767801857586,0.0,0.0,0.0,1.0,0.0,0.0
stochastic_contradictions,p0.10,p0.10,16,threshold_8,Threshold 8,2,31,13,3,3,0,0.1,,1,31,1,31,0,0,0,,0.0001861042183622829,,0.0029024767801857586,0.0,0.0,0.0,1.0,0.0,0.0
stochastic_contradictions,p0.10,p0.10,16,threshold_8,Threshold 8,3,31,13,3,3,0,0.1,,1,30,0,30,0,0,0,,0.0001861042183622829,,0.0029024767801857586,0.0,0.0,0.0,1.0,0.0,0.0
stochastic_contradictions,p0.10,p0.10,16,threshold_8,Threshold 8,4,31,13,3,3,0,0.1,,1,31,1,31,0,0,0,,0.0001861042183622829,,0.0029024767801857586,0.0,0.0,0.0,1.0,0.0,0.0
stochastic_contradictions,p0.10,p0.10,16,threshold_8,Threshold 8,5,31,13,3,3,0,0.1,,1,32,2,32,0,0,0,,0.0001861042183622829,,0.0029024767801857586,0.0,0.0,0.0,1.0,0.0,0.0
stochastic_contradictions,p0.10,p0.10,16,threshold_8,Threshold 8,6,31,13,3,3,0,0.1,,1,30,0,30,0,0,0,,0.0001861042183622829,,0.0029024767801857586,0.0,0.0,0.0,1.0,0.0,0.0
stochastic_contradictions,p0.10,p0.10,16,threshold_8,Threshold 8,7,31,13,3,3,0,0.1,,1,30,0,30,0,0,0,,0.0001861042183622829,,0.0029024767801857586,0.0,0.0,0.0,1.0,0.0,0.0
stochastic_contradictions,p0.10,p0.10,16,ccra_exact_guard,CCRA exact,0,31,13,3,3,0,0.1,,1,33,1,33,0,0,1,,0.0006823821339950373,,0.010642414860681114,1.0,1.0,0.0,1.0,0.3333333333333333,0.0
stochastic_contradictions,p0.10,p0.10,16,ccra_exact_guard,CCRA exact,1,31,13,3,3,0,0.1,,1,32,0,32,0,0,1,,0.0006823821339950373,,0.010642414860681114,1.0,1.0,0.0,1.0,0.3333333333333333,0.0
stochastic_contradictions,p0.10,p0.10,16,ccra_exact_guard,CCRA exact,2,31,13,3,3,0,0.1,,1,32,0,32,0,0,1,,0.0006823821339950373,,0.010642414860681114,1.0,1.0,0.0,1.0,0.3333333333333333,0.0
stochastic_contradictions,p0.10,p0.10,16,ccra_exact_guard,CCRA exact,3,31,13,3,3,0,0.1,,1,32,0,32,0,0,1,,0.0006823821339950373,,0.010642414860681114,1.0,1.0,0.0,1.0,0.3333333333333333,0.0
stochastic_contradictions,p0.10,p0.10,16,ccra_exact_guard,CCRA exact,4,31,13,3,3,0,0.1,,1,32,0,32,0,0,1,,0.0006823821339950373,,0.010642414860681114,1.0,1.0,0.0,1.0,0.3333333333333333,0.0
stochastic_contradictions,p0.10,p0.10,16,ccra_exact_guard,CCRA exact,5,31,13,3,3,0,0.1,,1,32,0,32,0,0,1,,0.0006823821339950373,,0.010642414860681114,1.0,1.0,0.0,1.0,0.3333333333333333,0.0
stochastic_contradictions,p0.10,p0.10,16,ccra_exact_guard,CCRA exact,6,31,13,3,3,0,0.1,,1,32,0,32,0,0,1,,0.0006823821339950373,,0.010642414860681114,1.0,1.0,0.0,1.0,0.3333333333333333,0.0
stochastic_contradictions,p0.10,p0.10,16,ccra_exact_guard,CCRA exact,7,31,13,3,3,0,0.1,,1,32,0,32,0,0,1,,0.0006823821339950373,,0.010642414860681114,1.0,1.0,0.0,1.0,0.3333333333333333,0.0
stochastic_contradictions,p0.10,p0.10,16,uncertainty_cost_avoidance,Cost avoidance,0,31,13,3,3,0,0.1,,1,30,0,30,0,0,0,,0.0001861042183622829,,0.0029024767801857586,0.0,0.0,0.0,1.0,0.0,0.0
stochastic_contradictions,p0.10,p0.10,16,uncertainty_cost_avoidance,Cost avoidance,1,31,13,3,3,0,0.1,,1,30,0,30,0,0,0,,0.0001861042183622829,,0.0029024767801857586,0.0,0.0,0.0,1.0,0.0,0.0
stochastic_contradictions,p0.10,p0.10,16,uncertainty_cost_avoidance,Cost avoidance,2,31,13,3,3,0,0.1,,1,30,0,30,0,0,0,,0.0001861042183622829,,0.0029024767801857586,0.0,0.0,0.0,1.0,0.0,0.0
stochastic_contradictions,p0.10,p0.10,16,uncertainty_cost_avoidance,Cost avoidance,3,31,13,3,3,0,0.1,,1,30,0,30,0,0,0,,0.0001861042183622829,,0.0029024767801857586,0.0,0.0,0.0,1.0,0.0,0.0
stochastic_contradictions,p0.10,p0.10,16,uncertainty_cost_avoidance,Cost avoidance,4,31,13,3,3,0,0.1,,1,33,1,33,0,0,1,,0.0001861042183622829,,0.0029024767801857586,0.0,0.0,0.0,1.0,0.0,0.0
stochastic_contradictions,p0.10,p0.10,16,uncertainty_cost_avoidance,Cost avoidance,5,31,13,3,3,0,0.1,,1,32,0,32,0,0,1,,0.0001861042183622829,,0.0029024767801857586,0.0,0.0,0.0,1.0,0.0,0.0
stochastic_contradictions,p0.10,p0.10,16,uncertainty_cost_avoidance,Cost avoidance,6,31,13,3,3,0,0.1,,1,33,1,33,0,0,2,,0.0001861042183622829,,0.0029024767801857586,0.0,0.0,0.0,1.0,0.0,0.0
stochastic_contradictions,p0.10,p0.10,16,uncertainty_cost_avoidance,Cost avoidance,7,31,13,3,3,0,0.1,,1,32,0,32,0,0,2,,0.0001861042183622829,,0.0029024767801857586,0.0,0.0,0.0,1.0,0.0,0.0
stochastic_contradictions,p0.10,p0.10,16,oracle_fault_model,Oracle,0,31,13,3,3,0,0.1,,1,32,0,32,0,0,0,,0.001674937965260546,,0.026122291021671826,3.0,3.0,0.0,1.0,1.0,0.0
stochastic_contradictions,p0.10,p0.10,16,oracle_fault_model,Oracle,1,31,13,3,3,0,0.1,,1,32,0,32,0,0,0,,0.001674937965260546,,0.026122291021671826,3.0,3.0,0.0,1.0,1.0,0.0
stochastic_contradictions,p0.10,p0.10,16,oracle_fault_model,Oracle,2,31,13,3,3,0,0.1,,1,32,0,32,0,0,0,,0.001674937965260546,,0.026122291021671826,3.0,3.0,0.0,1.0,1.0,0.0
stochastic_contradictions,p0.10,p0.10,16,oracle_fault_model,Oracle,3,31,13,3,3,0,0.1,,1,32,0,32,0,0,0,,0.001674937965260546,,0.026122291021671826,3.0,3.0,0.0,1.0,1.0,0.0
stochastic_contradictions,p0.10,p0.10,16,oracle_fault_model,Oracle,4,31,13,3,3,0,0.1,,1,32,0,32,0,0,0,,0.001674937965260546,,0.026122291021671826,3.0,3.0,0.0,1.0,1.0,0.0
stochastic_contradictions,p0.10,p0.10,16,oracle_fault_model,Oracle,5,31,13,3,3,0,0.1,,1,32,0,32,0,0,0,,0.001674937965260546,,0.026122291021671826,3.0,3.0,0.0,1.0,1.0,0.0
stochastic_contradictions,p0.10,p0.10,16,oracle_fault_model,Oracle,6,31,13,3,3,0,0.1,,1,32,0,32,0,0,0,,0.001674937965260546,,0.026122291021671826,3.0,3.0,0.0,1.0,1.0,0.0
stochastic_contradictions,p0.10,p0.10,16,oracle_fault_model,Oracle,7,31,13,3,3,0,0.1,,1,32,0,32,0,0,0,,0.001674937965260546,,0.026122291021671826,3.0,3.0,0.0,1.0,1.0,0.0
stochastic_contradictions,p0.10,p0.10,17,nominal_no_repair,Nominal,0,31,13,3,3,0,0.1,,1,30,0,30,0,0,0,,0.0001861042183622829,,0.0029024767801857586,0.0,0.0,0.0,1.0,0.0,0.0
stochastic_contradictions,p0.10,p0.10,17,nominal_no_repair,Nominal,1,31,13,3,3,0,0.1,,1,30,0,30,0,0,0,,0.0001861042183622829,,0.0029024767801857586,0.0,0.0,0.0,1.0,0.0,0.0
stochastic_contradictions,p0.10,p0.10,17,nominal_no_repair,Nominal,2,31,13,3,3,0,0.1,,0,220,209,12,0,1,0,,0.0001861042183622829,,0.0029024767801857586,0.0,0.0,0.0,1.0,0.0,0.0
stochastic_contradictions,p0.10,p0.10,17,nominal_no_repair,Nominal,3,31,13,3,3,0,0.1,,0,220,209,12,0,1,0,,0.0001861042183622829,,0.0029024767801857586,0.0,0.0,0.0,1.0,0.0,0.0
stochastic_contradictions,p0.10,p0.10,17,nominal_no_repair,Nominal,4,31,13,3,3,0,0.1,,1,30,0,30,0,0,0,,0.0001861042183622829,,0.0029024767801857586,0.0,0.0,0.0,1.0,0.0,0.0
stochastic_contradictions,p0.10,p0.10,17,nominal_no_repair,Nominal,5,31,13,3,3,0,0.1,,0,220,201,20,0,1,0,,0.0001861042183622829,,0.0029024767801857586,0.0,0.0,0.0,1.0,0.0,0.0
stochastic_contradictions,p0.10,p0.10,17,nominal_no_repair,Nominal,6,31,13,3,3,0,0.1,,0,220,209,12,0,1,0,,0.0001861042183622829,,0.0029024767801857586,0.0,0.0,0.0,1.0,0.0,0.0
stochastic_contradictions,p0.10,p0.10,17,nominal_no_repair,Nominal,7,31,13,3,3,0,0.1,,1,30,0,30,0,0,0,,0.0001861042183622829,,0.0029024767801857586,0.0,0.0,0.0,1.0,0.0,0.0
stochastic_contradictions,p0.10,p0.10,17,threshold_2,Threshold 2,0,31,13,3,3,0,0.1,,1,30,0,30,0,0,0,,0.0001861042183622829,,0.0029024767801857586,0.0,0.0,0.0,1.0,0.0,0.0
stochastic_contradictions,p0.10,p0.10,17,threshold_2,Threshold 2,1,31,13,3,3,0,0.1,,1,31,1,31,0,0,0,,0.0001861042183622829,,0.0029024767801857586,0.0,0.0,0.0,1.0,0.0,0.0
stochastic_contradictions,p0.10,p0.10,17,threshold_2,Threshold 2,2,31,13,3,3,0,0.1,,1,31,1,31,0,0,0,,0.0001861042183622829,,0.0029024767801857586,0.0,0.0,0.0,1.0,0.0,0.0
stochastic_contradictions,p0.10,p0.10,17,threshold_2,Threshold 2,3,31,13,3,3,0,0.1,,1,33,1,33,0,0,1,,0.0006823821339950373,,0.010642414860681114,1.0,1.0,0.0,1.0,0.3333333333333333,0.0
stochastic_contradictions,p0.10,p0.10,17,threshold_2,Threshold 2,4,31,13,3,3,0,0.1,,1,32,0,32,0,0,1,,0.0006823821339950373,,0.010642414860681114,1.0,1.0,0.0,1.0,0.3333333333333333,0.0
stochastic_contradictions,p0.10,p0.10,17,threshold_2,Threshold 2,5,31,13,3,3,0,0.1,,1,32,0,32,0,0,1,,0.0006823821339950373,,0.010642414860681114,1.0,1.0,0.0,1.0,0.3333333333333333,0.0
stochastic_contradictions,p0.10,p0.10,17,threshold_2,Threshold 2,6,31,13,3,3,0,0.1,,1,33,1,33,0,0,1,,0.0006823821339950373,,0.010642414860681114,1.0,1.0,0.0,1.0,0.3333333333333333,0.0
stochastic_contradictions,p0.10,p0.10,17,threshold_2,Threshold 2,7,31,13,3,3,0,0.1,,1,32,0,32,0,0,1,,0.0006823821339950373,,0.010642414860681114,1.0,1.0,0.0,1.0,0.3333333333333333,0.0
stochastic_contradictions,p0.10,p0.10,17,threshold_4,Threshold 4,0,31,13,3,3,0,0.1,,1,30,0,30,0,0,0,,0.0001861042183622829,,0.0029024767801857586,0.0,0.0,0.0,1.0,0.0,0.0
stochastic_contradictions,p0.10,p0.10,17,threshold_4,Threshold 4,1,31,13,3,3,0,0.1,,1,31,1,31,0,0,0,,0.0001861042183622829,,0.0029024767801857586,0.0,0.0,0.0,1.0,0.0,0.0
stochastic_contradictions,p0.10,p0.10,17,threshold_4,Threshold 4,2,31,13,3,3,0,0.1,,1,31,1,31,0,0,0,,0.0001861042183622829,,0.0029024767801857586,0.0,0.0,0.0,1.0,0.0,0.0
stochastic_contradictions,p0.10,p0.10,17,threshold_4,Threshold 4,3,31,13,3,3,0,0.1,,1,31,1,31,0,0,0,,0.0001861042183622829,,0.0029024767801857586,0.0,0.0,0.0,1.0,0.0,0.0
stochastic_contradictions,p0.10,p0.10,17,threshold_4,Threshold 4,4,31,13,3,3,0,0.1,,1,31,1,31,0,0,0,,0.0001861042183622829,,0.0029024767801857586,0.0,0.0,0.0,1.0,0.0,0.0
stochastic_contradictions,p0.10,p0.10,17,threshold_4,Threshold 4,5,31,13,3,3,0,0.1,,1,30,0,30,0,0,0,,0.0001861042183622829,,0.0029024767801857586,0.0,0.0,0.0,1.0,0.0,0.0
stochastic_contradictions,p0.10,p0.10,17,threshold_4,Threshold 4,6,31,13,3,3,0,0.1,,1,30,0,30,0,0,0,,0.0001861042183622829,,0.0029024767801857586,0.0,0.0,0.0,1.0,0.0,0.0
stochastic_contradictions,p0.10,p0.10,17,threshold_4,Threshold 4,7,31,13,3,3,0,0.1,,1,30,0,30,0,0,0,,0.0001861042183622829,,0.0029024767801857586,0.0,0.0,0.0,1.0,0.0,0.0
stochastic_contradictions,p0.10,p0.10,17,threshold_8,Threshold 8,0,31,13,3,3,0,0.1,,1,30,0,30,0,0,0,,0.0001861042183622829,,0.0029024767801857586,0.0,0.0,0.0,1.0,0.0,0.0
stochastic_contradictions,p0.10,p0.10,17,threshold_8,Threshold 8,1,31,13,3,3,0,0.1,,1,30,0,30,0,0,0,,0.0001861042183622829,,0.0029024767801857586,0.0,0.0,0.0,1.0,0.0,0.0
stochastic_contradictions,p0.10,p0.10,17,threshold_8,Threshold 8,2,31,13,3,3,0,0.1,,1,30,0,30,0,0,0,,0.0001861042183622829,,0.0029024767801857586,0.0,0.0,0.0,1.0,0.0,0.0
stochastic_contradictions,p0.10,p0.10,17,threshold_8,Threshold 8,3,31,13,3,3,0,0.1,,1,30,0,30,0,0,0,,0.0001861042183622829,,0.0029024767801857586,0.0,0.0,0.0,1.0,0.0,0.0
stochastic_contradictions,p0.10,p0.10,17,threshold_8,Threshold 8,4,31,13,3,3,0,0.1,,1,30,0,30,0,0,0,,0.0001861042183622829,,0.0029024767801857586,0.0,0.0,0.0,1.0,0.0,0.0
stochastic_contradictions,p0.10,p0.10,17,threshold_8,Threshold 8,5,31,13,3,3,0,0.1,,1,32,2,32,0,0,0,,0.0001861042183622829,,0.0029024767801857586,0.0,0.0,0.0,1.0,0.0,0.0
stochastic_contradictions,p0.10,p0.10,17,threshold_8,Threshold 8,6,31,13,3,3,0,0.1,,1,30,0,30,0,0,0,,0.0001861042183622829,,0.0029024767801857586,0.0,0.0,0.0,1.0,0.0,0.0
stochastic_contradictions,p0.10,p0.10,17,threshold_8,Threshold 8,7,31,13,3,3,0,0.1,,1,32,2,32,0,0,0,,0.0001861042183622829,,0.0029024767801857586,0.0,0.0,0.0,1.0,0.0,0.0
stochastic_contradictions,p0.10,p0.10,17,ccra_exact_guard,CCRA exact,0,31,13,3,3,0,0.1,,1,30,0,30,0,0,0,,0.0001861042183622829,,0.0029024767801857586,0.0,0.0,0.0,1.0,0.0,0.0
stochastic_contradictions,p0.10,p0.10,17,ccra_exact_guard,CCRA exact,1,31,13,3,3,0,0.1,,1,30,0,30,0,0,0,,0.0001861042183622829,,0.0029024767801857586,0.0,0.0,0.0,1.0,0.0,0.0
stochastic_contradictions,p0.10,p0.10,17,ccra_exact_guard,CCRA exact,2,31,13,3,3,0,0.1,,1,30,0,30,0,0,0,,0.0001861042183622829,,0.0029024767801857586,0.0,0.0,0.0,1.0,0.0,0.0
stochastic_contradictions,p0.10,p0.10,17,ccra_exact_guard,CCRA exact,3,31,13,3,3,0,0.1,,1,30,0,30,0,0,0,,0.0001861042183622829,,0.0029024767801857586,0.0,0.0,0.0,1.0,0.0,0.0
stochastic_contradictions,p0.10,p0.10,17,ccra_exact_guard,CCRA exact,4,31,13,3,3,0,0.1,,1,33,1,33,0,0,1,,0.0006823821339950373,,0.010642414860681114,1.0,1.0,0.0,1.0,0.3333333333333333,0.0
stochastic_contradictions,p0.10,p0.10,17,ccra_exact_guard,CCRA exact,5,31,13,3,3,0,0.1,,1,32,0,32,0,0,1,,0.0006823821339950373,,0.010642414860681114,1.0,1.0,0.0,1.0,0.3333333333333333,0.0
stochastic_contradictions,p0.10,p0.10,17,ccra_exact_guard,CCRA exact,6,31,13,3,3,0,0.1,,1,32,0,32,0,0,1,,0.0006823821339950373,,0.010642414860681114,1.0,1.0,0.0,1.0,0.3333333333333333,0.0
stochastic_contradictions,p0.10,p0.10,17,ccra_exact_guard,CCRA exact,7,31,13,3,3,0,0.1,,1,32,0,32,0,0,1,,0.0006823821339950373,,0.010642414860681114,1.0,1.0,0.0,1.0,0.3333333333333333,0.0
stochastic_contradictions,p0.10,p0.10,17,uncertainty_cost_avoidance,Cost avoidance,0,31,13,3,3,0,0.1,,1,30,0,30,0,0,0,,0.0001861042183622829,,0.0029024767801857586,0.0,0.0,0.0,1.0,0.0,0.0
stochastic_contradictions,p0.10,p0.10,17,uncertainty_cost_avoidance,Cost avoidance,1,31,13,3,3,0,0.1,,1,30,0,30,0,0,0,,0.0001861042183622829,,0.0029024767801857586,0.0,0.0,0.0,1.0,0.0,0.0
stochastic_contradictions,p0.10,p0.10,17,uncertainty_cost_avoidance,Cost avoidance,2,31,13,3,3,0,0.1,,1,30,0,30,0,0,0,,0.0001861042183622829,,0.0029024767801857586,0.0,0.0,0.0,1.0,0.0,0.0
stochastic_contradictions,p0.10,p0.10,17,uncertainty_cost_avoidance,Cost avoidance,3,31,13,3,3,0,0.1,,1,30,0,30,0,0,0,,0.0001861042183622829,,0.0029024767801857586,0.0,0.0,0.0,1.0,0.0,0.0
stochastic_contradictions,p0.10,p0.10,17,uncertainty_cost_avoidance,Cost avoidance,4,31,13,3,3,0,0.1,,1,30,0,30,0,0,0,,0.0001861042183622829,,0.0029024767801857586,0.0,0.0,0.0,1.0,0.0,0.0
stochastic_contradictions,p0.10,p0.10,17,uncertainty_cost_avoidance,Cost avoidance,5,31,13,3,3,0,0.1,,1,33,1,33,0,0,1,,0.0001861042183622829,,0.0029024767801857586,0.0,0.0,0.0,1.0,0.0,0.0
stochastic_contradictions,p0.10,p0.10,17,uncertainty_cost_avoidance,Cost avoidance,6,31,13,3,3,0,0.1,,1,32,0,32,0,0,1,,0.0001861042183622829,,0.0029024767801857586,0.0,0.0,0.0,1.0,0.0,0.0
stochastic_contradictions,p0.10,p0.10,17,uncertainty_cost_avoidance,Cost avoidance,7,31,13,3,3,0,0.1,,1,32,0,32,0,0,1,,0.0001861042183622829,,0.0029024767801857586,0.0,0.0,0.0,1.0,0.0,0.0
stochastic_contradictions,p0.10,p0.10,17,oracle_fault_model,Oracle,0,31,13,3,3,0,0.1,,1,32,0,32,0,0,0,,0.001674937965260546,,0.026122291021671826,3.0,3.0,0.0,1.0,1.0,0.0
stochastic_contradictions,p0.10,p0.10,17,oracle_fault_model,Oracle,1,31,13,3,3,0,0.1,,1,32,0,32,0,0,0,,0.001674937965260546,,0.026122291021671826,3.0,3.0,0.0,1.0,1.0,0.0
stochastic_contradictions,p0.10,p0.10,17,oracle_fault_model,Oracle,2,31,13,3,3,0,0.1,,1,32,0,32,0,0,0,,0.001674937965260546,,0.026122291021671826,3.0,3.0,0.0,1.0,1.0,0.0
stochastic_contradictions,p0.10,p0.10,17,oracle_fault_model,Oracle,3,31,13,3,3,0,0.1,,1,32,0,32,0,0,0,,0.001674937965260546,,0.026122291021671826,3.0,3.0,0.0,1.0,1.0,0.0
stochastic_contradictions,p0.10,p0.10,17,oracle_fault_model,Oracle,4,31,13,3,3,0,0.1,,1,32,0,32,0,0,0,,0.001674937965260546,,0.026122291021671826,3.0,3.0,0.0,1.0,1.0,0.0
stochastic_contradictions,p0.10,p0.10,17,oracle_fault_model,Oracle,5,31,13,3,3,0,0.1,,1,32,0,32,0,0,0,,0.001674937965260546,,0.026122291021671826,3.0,3.0,0.0,1.0,1.0,0.0
stochastic_contradictions,p0.10,p0.10,17,oracle_fault_model,Oracle,6,31,13,3,3,0,0.1,,1,32,0,32,0,0,0,,0.001674937965260546,,0.026122291021671826,3.0,3.0,0.0,1.0,1.0,0.0
stochastic_contradictions,p0.10,p0.10,17,oracle_fault_model,Oracle,7,31,13,3,3,0,0.1,,1,32,0,32,0,0,0,,0.001674937965260546,,0.026122291021671826,3.0,3.0,0.0,1.0,1.0,0.0
stochastic_contradictions,p0.10,p0.10,18,nominal_no_repair,Nominal,0,31,13,3,3,0,0.1,,1,30,0,30,0,0,0,,0.0001861042183622829,,0.0029024767801857586,0.0,0.0,0.0,1.0,0.0,0.0
stochastic_contradictions,p0.10,p0.10,18,nominal_no_repair,Nominal,1,31,13,3,3,0,0.1,,1,30,0,30,0,0,0,,0.0001861042183622829,,0.0029024767801857586,0.0,0.0,0.0,1.0,0.0,0.0
stochastic_contradictions,p0.10,p0.10,18,nominal_no_repair,Nominal,2,31,13,3,3,0,0.1,,1,30,0,30,0,0,0,,0.0001861042183622829,,0.0029024767801857586,0.0,0.0,0.0,1.0,0.0,0.0
stochastic_contradictions,p0.10,p0.10,18,nominal_no_repair,Nominal,3,31,13,3,3,0,0.1,,1,30,0,30,0,0,0,,0.0001861042183622829,,0.0029024767801857586,0.0,0.0,0.0,1.0,0.0,0.0
stochastic_contradictions,p0.10,p0.10,18,nominal_no_repair,Nominal,4,31,13,3,3,0,0.1,,1,30,0,30,0,0,0,,0.0001861042183622829,,0.0029024767801857586,0.0,0.0,0.0,1.0,0.0,0.0
stochastic_contradictions,p0.10,p0.10,18,nominal_no_repair,Nominal,5,31,13,3,3,0,0.1,,0,220,205,16,0,1,0,,0.0001861042183622829,,0.0029024767801857586,0.0,0.0,0.0,1.0,0.0,0.0
stochastic_contradictions,p0.10,p0.10,18,nominal_no_repair,Nominal,6,31,13,3,3,0,0.1,,0,220,198,23,0,1,0,,0.0001861042183622829,,0.0029024767801857586,0.0,0.0,0.0,1.0,0.0,0.0
stochastic_contradictions,p0.10,p0.10,18,nominal_no_repair,Nominal,7,31,13,3,3,0,0.1,,1,30,0,30,0,0,0,,0.0001861042183622829,,0.0029024767801857586,0.0,0.0,0.0,1.0,0.0,0.0
stochastic_contradictions,p0.10,p0.10,18,threshold_2,Threshold 2,0,31,13,3,3,0,0.1,,1,30,0,30,0,0,0,,0.0001861042183622829,,0.0029024767801857586,0.0,0.0,0.0,1.0,0.0,0.0
stochastic_contradictions,p0.10,p0.10,18,threshold_2,Threshold 2,1,31,13,3,3,0,0.1,,1,31,1,31,0,0,0,,0.0001861042183622829,,0.0029024767801857586,0.0,0.0,0.0,1.0,0.0,0.0
stochastic_contradictions,p0.10,p0.10,18,threshold_2,Threshold 2,2,31,13,3,3,0,0.1,,1,33,1,33,0,0,1,,0.0006823821339950373,,0.010642414860681114,1.0,1.0,0.0,1.0,0.3333333333333333,0.0
stochastic_contradictions,p0.10,p0.10,18,threshold_2,Threshold 2,3,31,13,3,3,0,0.1,,1,33,1,33,0,0,1,,0.0006823821339950373,,0.010642414860681114,1.0,1.0,0.0,1.0,0.3333333333333333,0.0
stochastic_contradictions,p0.10,p0.10,18,threshold_2,Threshold 2,4,31,13,3,3,0,0.1,,1,32,0,32,0,0,1,,0.0006823821339950373,,0.010642414860681114,1.0,1.0,0.0,1.0,0.3333333333333333,0.0
stochastic_contradictions,p0.10,p0.10,18,threshold_2,Threshold 2,5,31,13,3,3,0,0.1,,1,32,0,32,0,0,1,,0.0006823821339950373,,0.010642414860681114,1.0,1.0,0.0,1.0,0.3333333333333333,0.0
stochastic_contradictions,p0.10,p0.10,18,threshold_2,Threshold 2,6,31,13,3,3,0,0.1,,1,32,0,32,0,0,1,,0.0006823821339950373,,0.010642414860681114,1.0,1.0,0.0,1.0,0.3333333333333333,0.0
stochastic_contradictions,p0.10,p0.10,18,threshold_2,Threshold 2,7,31,13,3,3,0,0.1,,1,32,0,32,0,0,1,,0.0006823821339950373,,0.010642414860681114,1.0,1.0,0.0,1.0,0.3333333333333333,0.0
stochastic_contradictions,p0.10,p0.10,18,threshold_4,Threshold 4,0,31,13,3,3,0,0.1,,1,30,0,30,0,0,0,,0.0001861042183622829,,0.0029024767801857586,0.0,0.0,0.0,1.0,0.0,0.0
stochastic_contradictions,p0.10,p0.10,18,threshold_4,Threshold 4,1,31,13,3,3,0,0.1,,1,30,0,30,0,0,0,,0.0001861042183622829,,0.0029024767801857586,0.0,0.0,0.0,1.0,0.0,0.0
stochastic_contradictions,p0.10,p0.10,18,threshold_4,Threshold 4,2,31,13,3,3,0,0.1,,1,30,0,30,0,0,0,,0.0001861042183622829,,0.0029024767801857586,0.0,0.0,0.0,1.0,0.0,0.0
stochastic_contradictions,p0.10,p0.10,18,threshold_4,Threshold 4,3,31,13,3,3,0,0.1,,1,30,0,30,0,0,0,,0.0001861042183622829,,0.0029024767801857586,0.0,0.0,0.0,1.0,0.0,0.0
stochastic_contradictions,p0.10,p0.10,18,threshold_4,Threshold 4,4,31,13,3,3,0,0.1,,1,30,0,30,0,0,0,,0.0001861042183622829,,0.0029024767801857586,0.0,0.0,0.0,1.0,0.0,0.0
stochastic_contradictions,p0.10,p0.10,18,threshold_4,Threshold 4,5,31,13,3,3,0,0.1,,1,30,0,30,0,0,0,,0.0001861042183622829,,0.0029024767801857586,0.0,0.0,0.0,1.0,0.0,0.0
stochastic_contradictions,p0.10,p0.10,18,threshold_4,Threshold 4,6,31,13,3,3,0,0.1,,1,30,0,30,0,0,0,,0.0001861042183622829,,0.0029024767801857586,0.0,0.0,0.0,1.0,0.0,0.0
stochastic_contradictions,p0.10,p0.10,18,threshold_4,Threshold 4,7,31,13,3,3,0,0.1,,1,30,0,30,0,0,0,,0.0001861042183622829,,0.0029024767801857586,0.0,0.0,0.0,1.0,0.0,0.0
stochastic_contradictions,p0.10,p0.10,18,threshold_8,Threshold 8,0,31,13,3,3,0,0.1,,1,30,0,30,0,0,0,,0.0001861042183622829,,0.0029024767801857586,0.0,0.0,0.0,1.0,0.0,0.0
stochastic_contradictions,p0.10,p0.10,18,threshold_8,Threshold 8,1,31,13,3,3,0,0.1,,1,30,0,30,0,0,0,,0.0001861042183622829,,0.0029024767801857586,0.0,0.0,0.0,1.0,0.0,0.0
stochastic_contradictions,p0.10,p0.10,18,threshold_8,Threshold 8,2,31,13,3,3,0,0.1,,1,30,0,30,0,0,0,,0.0001861042183622829,,0.0029024767801857586,0.0,0.0,0.0,1.0,0.0,0.0
stochastic_contradictions,p0.10,p0.10,18,threshold_8,Threshold 8,3,31,13,3,3,0,0.1,,1,30,0,30,0,0,0,,0.0001861042183622829,,0.0029024767801857586,0.0,0.0,0.0,1.0,0.0,0.0
stochastic_contradictions,p0.10,p0.10,18,threshold_8,Threshold 8,4,31,13,3,3,0,0.1,,1,30,0,30,0,0,0,,0.0001861042183622829,,0.0029024767801857586,0.0,0.0,0.0,1.0,0.0,0.0
stochastic_contradictions,p0.10,p0.10,18,threshold_8,Threshold 8,5,31,13,3,3,0,0.1,,1,30,0,30,0,0,0,,0.0001861042183622829,,0.0029024767801857586,0.0,0.0,0.0,1.0,0.0,0.0
stochastic_contradictions,p0.10,p0.10,18,threshold_8,Threshold 8,6,31,13,3,3,0,0.1,,1,31,1,31,0,0,0,,0.0001861042183622829,,0.0029024767801857586,0.0,0.0,0.0,1.0,0.0,0.0
stochastic_contradictions,p0.10,p0.10,18,threshold_8,Threshold 8,7,31,13,3,3,0,0.1,,1,30,0,30,0,0,0,,0.0001861042183622829,,0.0029024767801857586,0.0,0.0,0.0,1.0,0.0,0.0
stochastic_contradictions,p0.10,p0.10,18,ccra_exact_guard,CCRA exact,0,31,13,3,3,0,0.1,,1,30,0,30,0,0,0,,0.0001861042183622829,,0.0029024767801857586,0.0,0.0,0.0,1.0,0.0,0.0
stochastic_contradictions,p0.10,p0.10,18,ccra_exact_guard,CCRA exact,1,31,13,3,3,0,0.1,,1,30,0,30,0,0,0,,0.0001861042183622829,,0.0029024767801857586,0.0,0.0,0.0,1.0,0.0,0.0
stochastic_contradictions,p0.10,p0.10,18,ccra_exact_guard,CCRA exact,2,31,13,3,3,0,0.1,,1,33,1,33,0,0,1,,0.0006823821339950373,,0.010642414860681114,1.0,1.0,0.0,1.0,0.3333333333333333,0.0
stochastic_contradictions,p0.10,p0.10,18,ccra_exact_guard,CCRA exact,3,31,13,3,3,0,0.1,,1,32,0,32,0,0,1,,0.0006823821339950373,,0.010642414860681114,1.0,1.0,0.0,1.0,0.3333333333333333,0.0
stochastic_contradictions,p0.10,p0.10,18,ccra_exact_guard,CCRA exact,4,31,13,3,3,0,0.1,,1,32,0,32,0,0,1,,0.0006823821339950373,,0.010642414860681114,1.0,1.0,0.0,1.0,0.3333333333333333,0.0
stochastic_contradictions,p0.10,p0.10,18,ccra_exact_guard,CCRA exact,5,31,13,3,3,0,0.1,,1,33,1,33,0,0,2,,0.0011786600496277917,,0.01838235294117647,2.0,2.0,0.0,1.0,0.6666666666666666,0.0
stochastic_contradictions,p0.10,p0.10,18,ccra_exact_guard,CCRA exact,6,31,13,3,3,0,0.1,,1,32,0,32,0,0,2,,0.0011786600496277917,,0.01838235294117647,2.0,2.0,0.0,1.0,0.6666666666666666,0.0
stochastic_contradictions,p0.10,p0.10,18,ccra_exact_guard,CCRA exact,7,31,13,3,3,0,0.1,,1,32,0,32,0,0,2,,0.0011786600496277917,,0.01838235294117647,2.0,2.0,0.0,1.0,0.6666666666666666,0.0
stochastic_contradictions,p0.10,p0.10,18,uncertainty_cost_avoidance,Cost avoidance,0,31,13,3,3,0,0.1,,1,30,0,30,0,0,0,,0.0001861042183622829,,0.0029024767801857586,0.0,0.0,0.0,1.0,0.0,0.0
stochastic_contradictions,p0.10,p0.10,18,uncertainty_cost_avoidance,Cost avoidance,1,31,13,3,3,0,0.1,,1,30,0,30,0,0,0,,0.0001861042183622829,,0.0029024767801857586,0.0,0.0,0.0,1.0,0.0,0.0
stochastic_contradictions,p0.10,p0.10,18,uncertainty_cost_avoidance,Cost avoidance,2,31,13,3,3,0,0.1,,1,30,0,30,0,0,0,,0.0001861042183622829,,0.0029024767801857586,0.0,0.0,0.0,1.0,0.0,0.0
stochastic_contradictions,p0.10,p0.10,18,uncertainty_cost_avoidance,Cost avoidance,3,31,13,3,3,0,0.1,,1,33,1,33,0,0,1,,0.0001861042183622829,,0.0029024767801857586,0.0,0.0,0.0,1.0,0.0,0.0
stochastic_contradictions,p0.10,p0.10,18,uncertainty_cost_avoidance,Cost avoidance,4,31,13,3,3,0,0.1,,1,33,1,33,0,0,2,,0.0001861042183622829,,0.0029024767801857586,0.0,0.0,0.0,1.0,0.0,0.0
stochastic_contradictions,p0.10,p0.10,18,uncertainty_cost_avoidance,Cost avoidance,5,31,13,3,3,0,0.1,,1,32,0,32,0,0,2,,0.0001861042183622829,,0.0029024767801857586,0.0,0.0,0.0,1.0,0.0,0.0
stochastic_contradictions,p0.10,p0.10,18,uncertainty_cost_avoidance,Cost avoidance,6,31,13,3,3,0,0.1,,1,32,0,32,0,0,2,,0.0001861042183622829,,0.0029024767801857586,0.0,0.0,0.0,1.0,0.0,0.0
stochastic_contradictions,p0.10,p0.10,18,uncertainty_cost_avoidance,Cost avoidance,7,31,13,3,3,0,0.1,,1,32,0,32,0,0,2,,0.0001861042183622829,,0.0029024767801857586,0.0,0.0,0.0,1.0,0.0,0.0
stochastic_contradictions,p0.10,p0.10,18,oracle_fault_model,Oracle,0,31,13,3,3,0,0.1,,1,32,0,32,0,0,0,,0.001674937965260546,,0.026122291021671826,3.0,3.0,0.0,1.0,1.0,0.0
stochastic_contradictions,p0.10,p0.10,18,oracle_fault_model,Oracle,1,31,13,3,3,0,0.1,,1,32,0,32,0,0,0,,0.001674937965260546,,0.026122291021671826,3.0,3.0,0.0,1.0,1.0,0.0
stochastic_contradictions,p0.10,p0.10,18,oracle_fault_model,Oracle,2,31,13,3,3,0,0.1,,1,32,0,32,0,0,0,,0.001674937965260546,,0.026122291021671826,3.0,3.0,0.0,1.0,1.0,0.0
stochastic_contradictions,p0.10,p0.10,18,oracle_fault_model,Oracle,3,31,13,3,3,0,0.1,,1,32,0,32,0,0,0,,0.001674937965260546,,0.026122291021671826,3.0,3.0,0.0,1.0,1.0,0.0
stochastic_contradictions,p0.10,p0.10,18,oracle_fault_model,Oracle,4,31,13,3,3,0,0.1,,1,32,0,32,0,0,0,,0.001674937965260546,,0.026122291021671826,3.0,3.0,0.0,1.0,1.0,0.0
stochastic_contradictions,p0.10,p0.10,18,oracle_fault_model,Oracle,5,31,13,3,3,0,0.1,,1,32,0,32,0,0,0,,0.001674937965260546,,0.026122291021671826,3.0,3.0,0.0,1.0,1.0,0.0
stochastic_contradictions,p0.10,p0.10,18,oracle_fault_model,Oracle,6,31,13,3,3,0,0.1,,1,32,0,32,0,0,0,,0.001674937965260546,,0.026122291021671826,3.0,3.0,0.0,1.0,1.0,0.0
stochastic_contradictions,p0.10,p0.10,18,oracle_fault_model,Oracle,7,31,13,3,3,0,0.1,,1,32,0,32,0,0,0,,0.001674937965260546,,0.026122291021671826,3.0,3.0,0.0,1.0,1.0,0.0
stochastic_contradictions,p0.10,p0.10,19,nominal_no_repair,Nominal,0,31,13,3,3,0,0.1,,1,30,0,30,0,0,0,,0.0001861042183622829,,0.0029024767801857586,0.0,0.0,0.0,1.0,0.0,0.0
stochastic_contradictions,p0.10,p0.10,19,nominal_no_repair,Nominal,1,31,13,3,3,0,0.1,,1,30,0,30,0,0,0,,0.0001861042183622829,,0.0029024767801857586,0.0,0.0,0.0,1.0,0.0,0.0
stochastic_contradictions,p0.10,p0.10,19,nominal_no_repair,Nominal,2,31,13,3,3,0,0.1,,0,220,195,26,0,1,0,,0.0001861042183622829,,0.0029024767801857586,0.0,0.0,0.0,1.0,0.0,0.0
stochastic_contradictions,p0.10,p0.10,19,nominal_no_repair,Nominal,3,31,13,3,3,0,0.1,,1,30,0,30,0,0,0,,0.0001861042183622829,,0.0029024767801857586,0.0,0.0,0.0,1.0,0.0,0.0
stochastic_contradictions,p0.10,p0.10,19,nominal_no_repair,Nominal,4,31,13,3,3,0,0.1,,1,30,0,30,0,0,0,,0.0001861042183622829,,0.0029024767801857586,0.0,0.0,0.0,1.0,0.0,0.0
stochastic_contradictions,p0.10,p0.10,19,nominal_no_repair,Nominal,5,31,13,3,3,0,0.1,,0,220,195,26,0,1,0,,0.0001861042183622829,,0.0029024767801857586,0.0,0.0,0.0,1.0,0.0,0.0
stochastic_contradictions,p0.10,p0.10,19,nominal_no_repair,Nominal,6,31,13,3,3,0,0.1,,1,30,0,30,0,0,0,,0.0001861042183622829,,0.0029024767801857586,0.0,0.0,0.0,1.0,0.0,0.0
stochastic_contradictions,p0.10,p0.10,19,nominal_no_repair,Nominal,7,31,13,3,3,0,0.1,,1,30,0,30,0,0,0,,0.0001861042183622829,,0.0029024767801857586,0.0,0.0,0.0,1.0,0.0,0.0
stochastic_contradictions,p0.10,p0.10,19,threshold_2,Threshold 2,0,31,13,3,3,0,0.1,,1,30,0,30,0,0,0,,0.0001861042183622829,,0.0029024767801857586,0.0,0.0,0.0,1.0,0.0,0.0
stochastic_contradictions,p0.10,p0.10,19,threshold_2,Threshold 2,1,31,13,3,3,0,0.1,,1,30,0,30,0,0,0,,0.0001861042183622829,,0.0029024767801857586,0.0,0.0,0.0,1.0,0.0,0.0
stochastic_contradictions,p0.10,p0.10,19,threshold_2,Threshold 2,2,31,13,3,3,0,0.1,,1,30,0,30,0,0,0,,0.0001861042183622829,,0.0029024767801857586,0.0,0.0,0.0,1.0,0.0,0.0
stochastic_contradictions,p0.10,p0.10,19,threshold_2,Threshold 2,3,31,13,3,3,0,0.1,,1,30,0,30,0,0,0,,0.0001861042183622829,,0.0029024767801857586,0.0,0.0,0.0,1.0,0.0,0.0
stochastic_contradictions,p0.10,p0.10,19,threshold_2,Threshold 2,4,31,13,3,3,0,0.1,,1,30,0,30,0,0,0,,0.0001861042183622829,,0.0029024767801857586,0.0,0.0,0.0,1.0,0.0,0.0
stochastic_contradictions,p0.10,p0.10,19,threshold_2,Threshold 2,5,31,13,3,3,0,0.1,,1,31,1,31,0,0,0,,0.0001861042183622829,,0.0029024767801857586,0.0,0.0,0.0,1.0,0.0,0.0
stochastic_contradictions,p0.10,p0.10,19,threshold_2,Threshold 2,6,31,13,3,3,0,0.1,,1,30,0,30,0,0,0,,0.0001861042183622829,,0.0029024767801857586,0.0,0.0,0.0,1.0,0.0,0.0
stochastic_contradictions,p0.10,p0.10,19,threshold_2,Threshold 2,7,31,13,3,3,0,0.1,,1,30,0,30,0,0,0,,0.0001861042183622829,,0.0029024767801857586,0.0,0.0,0.0,1.0,0.0,0.0
stochastic_contradictions,p0.10,p0.10,19,threshold_4,Threshold 4,0,31,13,3,3,0,0.1,,1,30,0,30,0,0,0,,0.0001861042183622829,,0.0029024767801857586,0.0,0.0,0.0,1.0,0.0,0.0
stochastic_contradictions,p0.10,p0.10,19,threshold_4,Threshold 4,1,31,13,3,3,0,0.1,,1,30,0,30,0,0,0,,0.0001861042183622829,,0.0029024767801857586,0.0,0.0,0.0,1.0,0.0,0.0
stochastic_contradictions,p0.10,p0.10,19,threshold_4,Threshold 4,2,31,13,3,3,0,0.1,,1,30,0,30,0,0,0,,0.0001861042183622829,,0.0029024767801857586,0.0,0.0,0.0,1.0,0.0,0.0
stochastic_contradictions,p0.10,p0.10,19,threshold_4,Threshold 4,3,31,13,3,3,0,0.1,,1,31,1,31,0,0,0,,0.0001861042183622829,,0.0029024767801857586,0.0,0.0,0.0,1.0,0.0,0.0
stochastic_contradictions,p0.10,p0.10,19,threshold_4,Threshold 4,4,31,13,3,3,0,0.1,,1,30,0,30,0,0,0,,0.0001861042183622829,,0.0029024767801857586,0.0,0.0,0.0,1.0,0.0,0.0
stochastic_contradictions,p0.10,p0.10,19,threshold_4,Threshold 4,5,31,13,3,3,0,0.1,,1,30,0,30,0,0,0,,0.0001861042183622829,,0.0029024767801857586,0.0,0.0,0.0,1.0,0.0,0.0
stochastic_contradictions,p0.10,p0.10,19,threshold_4,Threshold 4,6,31,13,3,3,0,0.1,,1,30,0,30,0,0,0,,0.0001861042183622829,,0.0029024767801857586,0.0,0.0,0.0,1.0,0.0,0.0
stochastic_contradictions,p0.10,p0.10,19,threshold_4,Threshold 4,7,31,13,3,3,0,0.1,,1,31,1,31,0,0,0,,0.0001861042183622829,,0.0029024767801857586,0.0,0.0,0.0,1.0,0.0,0.0
stochastic_contradictions,p0.10,p0.10,19,threshold_8,Threshold 8,0,31,13,3,3,0,0.1,,1,30,0,30,0,0,0,,0.0001861042183622829,,0.0029024767801857586,0.0,0.0,0.0,1.0,0.0,0.0
stochastic_contradictions,p0.10,p0.10,19,threshold_8,Threshold 8,1,31,13,3,3,0,0.1,,1,30,0,30,0,0,0,,0.0001861042183622829,,0.0029024767801857586,0.0,0.0,0.0,1.0,0.0,0.0
stochastic_contradictions,p0.10,p0.10,19,threshold_8,Threshold 8,2,31,13,3,3,0,0.1,,1,30,0,30,0,0,0,,0.0001861042183622829,,0.0029024767801857586,0.0,0.0,0.0,1.0,0.0,0.0
stochastic_contradictions,p0.10,p0.10,19,threshold_8,Threshold 8,3,31,13,3,3,0,0.1,,1,31,1,31,0,0,0,,0.0001861042183622829,,0.0029024767801857586,0.0,0.0,0.0,1.0,0.0,0.0
stochastic_contradictions,p0.10,p0.10,19,threshold_8,Threshold 8,4,31,13,3,3,0,0.1,,1,31,1,31,0,0,0,,0.0001861042183622829,,0.0029024767801857586,0.0,0.0,0.0,1.0,0.0,0.0
stochastic_contradictions,p0.10,p0.10,19,threshold_8,Threshold 8,5,31,13,3,3,0,0.1,,1,30,0,30,0,0,0,,0.0001861042183622829,,0.0029024767801857586,0.0,0.0,0.0,1.0,0.0,0.0
stochastic_contradictions,p0.10,p0.10,19,threshold_8,Threshold 8,6,31,13,3,3,0,0.1,,1,31,1,31,0,0,0,,0.0001861042183622829,,0.0029024767801857586,0.0,0.0,0.0,1.0,0.0,0.0
stochastic_contradictions,p0.10,p0.10,19,threshold_8,Threshold 8,7,31,13,3,3,0,0.1,,1,31,1,31,0,0,0,,0.0001861042183622829,,0.0029024767801857586,0.0,0.0,0.0,1.0,0.0,0.0
stochastic_contradictions,p0.10,p0.10,19,ccra_exact_guard,CCRA exact,0,31,13,3,3,0,0.1,,1,33,1,33,0,0,1,,0.0006823821339950373,,0.010642414860681114,1.0,1.0,0.0,1.0,0.3333333333333333,0.0
stochastic_contradictions,p0.10,p0.10,19,ccra_exact_guard,CCRA exact,1,31,13,3,3,0,0.1,,1,32,0,32,0,0,1,,0.0006823821339950373,,0.010642414860681114,1.0,1.0,0.0,1.0,0.3333333333333333,0.0
stochastic_contradictions,p0.10,p0.10,19,ccra_exact_guard,CCRA exact,2,31,13,3,3,0,0.1,,1,32,0,32,0,0,1,,0.0006823821339950373,,0.010642414860681114,1.0,1.0,0.0,1.0,0.3333333333333333,0.0
stochastic_contradictions,p0.10,p0.10,19,ccra_exact_guard,CCRA exact,3,31,13,3,3,0,0.1,,1,32,0,32,0,0,1,,0.0006823821339950373,,0.010642414860681114,1.0,1.0,0.0,1.0,0.3333333333333333,0.0
stochastic_contradictions,p0.10,p0.10,19,ccra_exact_guard,CCRA exact,4,31,13,3,3,0,0.1,,1,32,0,32,0,0,1,,0.0006823821339950373,,0.010642414860681114,1.0,1.0,0.0,1.0,0.3333333333333333,0.0
stochastic_contradictions,p0.10,p0.10,19,ccra_exact_guard,CCRA exact,5,31,13,3,3,0,0.1,,1,32,0,32,0,0,1,,0.0006823821339950373,,0.010642414860681114,1.0,1.0,0.0,1.0,0.3333333333333333,0.0
stochastic_contradictions,p0.10,p0.10,19,ccra_exact_guard,CCRA exact,6,31,13,3,3,0,0.1,,1,32,0,32,0,0,1,,0.0006823821339950373,,0.010642414860681114,1.0,1.0,0.0,1.0,0.3333333333333333,0.0
stochastic_contradictions,p0.10,p0.10,19,ccra_exact_guard,CCRA exact,7,31,13,3,3,0,0.1,,1,32,0,32,0,0,1,,0.0006823821339950373,,0.010642414860681114,1.0,1.0,0.0,1.0,0.3333333333333333,0.0
stochastic_contradictions,p0.10,p0.10,19,uncertainty_cost_avoidance,Cost avoidance,0,31,13,3,3,0,0.1,,1,33,1,33,0,0,1,,0.0001861042183622829,,0.0029024767801857586,0.0,0.0,0.0,1.0,0.0,0.0
stochastic_contradictions,p0.10,p0.10,19,uncertainty_cost_avoidance,Cost avoidance,1,31,13,3,3,0,0.1,,1,32,0,32,0,0,1,,0.0001861042183622829,,0.0029024767801857586,0.0,0.0,0.0,1.0,0.0,0.0
stochastic_contradictions,p0.10,p0.10,19,uncertainty_cost_avoidance,Cost avoidance,2,31,13,3,3,0,0.1,,1,32,0,32,0,0,1,,0.0001861042183622829,,0.0029024767801857586,0.0,0.0,0.0,1.0,0.0,0.0
stochastic_contradictions,p0.10,p0.10,19,uncertainty_cost_avoidance,Cost avoidance,3,31,13,3,3,0,0.1,,1,33,1,33,0,0,2,,0.0001861042183622829,,0.0029024767801857586,0.0,0.0,0.0,1.0,0.0,0.0
stochastic_contradictions,p0.10,p0.10,19,uncertainty_cost_avoidance,Cost avoidance,4,31,13,3,3,0,0.1,,1,32,0,32,0,0,2,,0.0001861042183622829,,0.0029024767801857586,0.0,0.0,0.0,1.0,0.0,0.0
stochastic_contradictions,p0.10,p0.10,19,uncertainty_cost_avoidance,Cost avoidance,5,31,13,3,3,0,0.1,,1,32,0,32,0,0,2,,0.0001861042183622829,,0.0029024767801857586,0.0,0.0,0.0,1.0,0.0,0.0
stochastic_contradictions,p0.10,p0.10,19,uncertainty_cost_avoidance,Cost avoidance,6,31,13,3,3,0,0.1,,1,32,0,32,0,0,2,,0.0001861042183622829,,0.0029024767801857586,0.0,0.0,0.0,1.0,0.0,0.0
stochastic_contradictions,p0.10,p0.10,19,uncertainty_cost_avoidance,Cost avoidance,7,31,13,3,3,0,0.1,,1,32,0,32,0,0,2,,0.0001861042183622829,,0.0029024767801857586,0.0,0.0,0.0,1.0,0.0,0.0
stochastic_contradictions,p0.10,p0.10,19,oracle_fault_model,Oracle,0,31,13,3,3,0,0.1,,1,32,0,32,0,0,0,,0.001674937965260546,,0.026122291021671826,3.0,3.0,0.0,1.0,1.0,0.0
stochastic_contradictions,p0.10,p0.10,19,oracle_fault_model,Oracle,1,31,13,3,3,0,0.1,,1,32,0,32,0,0,0,,0.001674937965260546,,0.026122291021671826,3.0,3.0,0.0,1.0,1.0,0.0
stochastic_contradictions,p0.10,p0.10,19,oracle_fault_model,Oracle,2,31,13,3,3,0,0.1,,1,32,0,32,0,0,0,,0.001674937965260546,,0.026122291021671826,3.0,3.0,0.0,1.0,1.0,0.0
stochastic_contradictions,p0.10,p0.10,19,oracle_fault_model,Oracle,3,31,13,3,3,0,0.1,,1,32,0,32,0,0,0,,0.001674937965260546,,0.026122291021671826,3.0,3.0,0.0,1.0,1.0,0.0
stochastic_contradictions,p0.10,p0.10,19,oracle_fault_model,Oracle,4,31,13,3,3,0,0.1,,1,32,0,32,0,0,0,,0.001674937965260546,,0.026122291021671826,3.0,3.0,0.0,1.0,1.0,0.0
stochastic_contradictions,p0.10,p0.10,19,oracle_fault_model,Oracle,5,31,13,3,3,0,0.1,,1,32,0,32,0,0,0,,0.001674937965260546,,0.026122291021671826,3.0,3.0,0.0,1.0,1.0,0.0
stochastic_contradictions,p0.10,p0.10,19,oracle_fault_model,Oracle,6,31,13,3,3,0,0.1,,1,32,0,32,0,0,0,,0.001674937965260546,,0.026122291021671826,3.0,3.0,0.0,1.0,1.0,0.0
stochastic_contradictions,p0.10,p0.10,19,oracle_fault_model,Oracle,7,31,13,3,3,0,0.1,,1,32,0,32,0,0,0,,0.001674937965260546,,0.026122291021671826,3.0,3.0,0.0,1.0,1.0,0.0
stochastic_contradictions,p0.25,p0.25,0,nominal_no_repair,Nominal,0,31,13,3,3,0,0.25,,1,30,0,30,0,0,0,,0.0004652605459057072,,0.007256191950464396,0.0,0.0,0.0,1.0,0.0,0.0
stochastic_contradictions,p0.25,p0.25,0,nominal_no_repair,Nominal,1,31,13,3,3,0,0.25,,1,30,0,30,0,0,0,,0.0004652605459057072,,0.007256191950464396,0.0,0.0,0.0,1.0,0.0,0.0
stochastic_contradictions,p0.25,p0.25,0,nominal_no_repair,Nominal,2,31,13,3,3,0,0.25,,1,30,0,30,0,0,0,,0.0004652605459057072,,0.007256191950464396,0.0,0.0,0.0,1.0,0.0,0.0
stochastic_contradictions,p0.25,p0.25,0,nominal_no_repair,Nominal,3,31,13,3,3,0,0.25,,1,30,0,30,0,0,0,,0.0004652605459057072,,0.007256191950464396,0.0,0.0,0.0,1.0,0.0,0.0
stochastic_contradictions,p0.25,p0.25,0,nominal_no_repair,Nominal,4,31,13,3,3,0,0.25,,1,30,0,30,0,0,0,,0.0004652605459057072,,0.007256191950464396,0.0,0.0,0.0,1.0,0.0,0.0
stochastic_contradictions,p0.25,p0.25,0,nominal_no_repair,Nominal,5,31,13,3,3,0,0.25,,0,220,208,13,0,1,0,,0.0004652605459057072,,0.007256191950464396,0.0,0.0,0.0,1.0,0.0,0.0
stochastic_contradictions,p0.25,p0.25,0,nominal_no_repair,Nominal,6,31,13,3,3,0,0.25,,1,30,0,30,0,0,0,,0.0004652605459057072,,0.007256191950464396,0.0,0.0,0.0,1.0,0.0,0.0
stochastic_contradictions,p0.25,p0.25,0,nominal_no_repair,Nominal,7,31,13,3,3,0,0.25,,1,30,0,30,0,0,0,,0.0004652605459057072,,0.007256191950464396,0.0,0.0,0.0,1.0,0.0,0.0
stochastic_contradictions,p0.25,p0.25,0,threshold_2,Threshold 2,0,31,13,3,3,0,0.25,,1,31,1,31,0,0,0,,0.0004652605459057072,,0.007256191950464396,0.0,0.0,0.0,1.0,0.0,0.0
stochastic_contradictions,p0.25,p0.25,0,threshold_2,Threshold 2,1,31,13,3,3,0,0.25,,1,30,0,30,0,0,0,,0.0004652605459057072,,0.007256191950464396,0.0,0.0,0.0,1.0,0.0,0.0
stochastic_contradictions,p0.25,p0.25,0,threshold_2,Threshold 2,2,31,13,3,3,0,0.25,,1,31,1,31,0,0,0,,0.0004652605459057072,,0.007256191950464396,0.0,0.0,0.0,1.0,0.0,0.0
stochastic_contradictions,p0.25,p0.25,0,threshold_2,Threshold 2,3,31,13,3,3,0,0.25,,1,30,0,30,0,0,0,,0.0004652605459057072,,0.007256191950464396,0.0,0.0,0.0,1.0,0.0,0.0
stochastic_contradictions,p0.25,p0.25,0,threshold_2,Threshold 2,4,31,13,3,3,0,0.25,,1,30,0,30,0,0,0,,0.0004652605459057072,,0.007256191950464396,0.0,0.0,0.0,1.0,0.0,0.0
stochastic_contradictions,p0.25,p0.25,0,threshold_2,Threshold 2,5,31,13,3,3,0,0.25,,1,30,0,30,0,0,0,,0.0004652605459057072,,0.007256191950464396,0.0,0.0,0.0,1.0,0.0,0.0
stochastic_contradictions,p0.25,p0.25,0,threshold_2,Threshold 2,6,31,13,3,3,0,0.25,,1,33,1,33,0,0,1,,0.0007754342431761787,,0.012093653250773995,1.0,1.0,0.0,1.0,0.3333333333333333,0.0
stochastic_contradictions,p0.25,p0.25,0,threshold_2,Threshold 2,7,31,13,3,3,0,0.25,,1,33,1,33,0,0,2,,0.0010856079404466502,,0.016931114551083593,2.0,2.0,0.0,1.0,0.6666666666666666,0.0
stochastic_contradictions,p0.25,p0.25,0,threshold_4,Threshold 4,0,31,13,3,3,0,0.25,,1,33,3,33,0,0,0,,0.0004652605459057072,,0.007256191950464396,0.0,0.0,0.0,1.0,0.0,0.0
stochastic_contradictions,p0.25,p0.25,0,threshold_4,Threshold 4,1,31,13,3,3,0,0.25,,1,30,0,30,0,0,0,,0.0004652605459057072,,0.007256191950464396,0.0,0.0,0.0,1.0,0.0,0.0
stochastic_contradictions,p0.25,p0.25,0,threshold_4,Threshold 4,2,31,13,3,3,0,0.25,,1,30,0,30,0,0,0,,0.0004652605459057072,,0.007256191950464396,0.0,0.0,0.0,1.0,0.0,0.0
stochastic_contradictions,p0.25,p0.25,0,threshold_4,Threshold 4,3,31,13,3,3,0,0.25,,1,32,2,32,0,0,0,,0.0004652605459057072,,0.007256191950464396,0.0,0.0,0.0,1.0,0.0,0.0
stochastic_contradictions,p0.25,p0.25,0,threshold_4,Threshold 4,4,31,13,3,3,0,0.25,,1,30,0,30,0,0,0,,0.0004652605459057072,,0.007256191950464396,0.0,0.0,0.0,1.0,0.0,0.0
stochastic_contradictions,p0.25,p0.25,0,threshold_4,Threshold 4,5,31,13,3,3,0,0.25,,1,34,2,34,0,0,1,,0.0007754342431761787,,0.012093653250773995,1.0,1.0,0.0,1.0,0.3333333333333333,0.0
stochastic_contradictions,p0.25,p0.25,0,threshold_4,Threshold 4,6,31,13,3,3,0,0.25,,1,32,0,32,0,0,1,,0.0007754342431761787,,0.012093653250773995,1.0,1.0,0.0,1.0,0.3333333333333333,0.0
stochastic_contradictions,p0.25,p0.25,0,threshold_4,Threshold 4,7,31,13,3,3,0,0.25,,1,32,0,32,0,0,1,,0.0007754342431761787,,0.012093653250773995,1.0,1.0,0.0,1.0,0.3333333333333333,0.0
stochastic_contradictions,p0.25,p0.25,0,threshold_8,Threshold 8,0,31,13,3,3,0,0.25,,1,30,0,30,0,0,0,,0.0004652605459057072,,0.007256191950464396,0.0,0.0,0.0,1.0,0.0,0.0
stochastic_contradictions,p0.25,p0.25,0,threshold_8,Threshold 8,1,31,13,3,3,0,0.25,,1,30,0,30,0,0,0,,0.0004652605459057072,,0.007256191950464396,0.0,0.0,0.0,1.0,0.0,0.0
stochastic_contradictions,p0.25,p0.25,0,threshold_8,Threshold 8,2,31,13,3,3,0,0.25,,1,32,2,32,0,0,0,,0.0004652605459057072,,0.007256191950464396,0.0,0.0,0.0,1.0,0.0,0.0
stochastic_contradictions,p0.25,p0.25,0,threshold_8,Threshold 8,3,31,13,3,3,0,0.25,,1,31,1,31,0,0,0,,0.0004652605459057072,,0.007256191950464396,0.0,0.0,0.0,1.0,0.0,0.0
stochastic_contradictions,p0.25,p0.25,0,threshold_8,Threshold 8,4,31,13,3,3,0,0.25,,1,30,0,30,0,0,0,,0.0004652605459057072,,0.007256191950464396,0.0,0.0,0.0,1.0,0.0,0.0
stochastic_contradictions,p0.25,p0.25,0,threshold_8,Threshold 8,5,31,13,3,3,0,0.25,,1,32,2,32,0,0,0,,0.0004652605459057072,,0.007256191950464396,0.0,0.0,0.0,1.0,0.0,0.0
stochastic_contradictions,p0.25,p0.25,0,threshold_8,Threshold 8,6,31,13,3,3,0,0.25,,1,31,1,31,0,0,0,,0.0004652605459057072,,0.007256191950464396,0.0,0.0,0.0,1.0,0.0,0.0
stochastic_contradictions,p0.25,p0.25,0,threshold_8,Threshold 8,7,31,13,3,3,0,0.25,,1,31,1,31,0,0,0,,0.0004652605459057072,,0.007256191950464396,0.0,0.0,0.0,1.0,0.0,0.0
stochastic_contradictions,p0.25,p0.25,0,ccra_exact_guard,CCRA exact,0,31,13,3,3,0,0.25,,1,33,1,33,0,0,1,,0.0007754342431761787,,0.012093653250773995,1.0,1.0,0.0,1.0,0.3333333333333333,0.0
stochastic_contradictions,p0.25,p0.25,0,ccra_exact_guard,CCRA exact,1,31,13,3,3,0,0.25,,1,32,0,32,0,0,1,,0.0007754342431761787,,0.012093653250773995,1.0,1.0,0.0,1.0,0.3333333333333333,0.0
stochastic_contradictions,p0.25,p0.25,0,ccra_exact_guard,CCRA exact,2,31,13,3,3,0,0.25,,1,32,0,32,0,0,1,,0.0007754342431761787,,0.012093653250773995,1.0,1.0,0.0,1.0,0.3333333333333333,0.0
stochastic_contradictions,p0.25,p0.25,0,ccra_exact_guard,CCRA exact,3,31,13,3,3,0,0.25,,1,32,0,32,0,0,1,,0.0007754342431761787,,0.012093653250773995,1.0,1.0,0.0,1.0,0.3333333333333333,0.0
stochastic_contradictions,p0.25,p0.25,0,ccra_exact_guard,CCRA exact,4,31,13,3,3,0,0.25,,1,33,1,33,0,0,2,,0.0010856079404466502,,0.016931114551083593,2.0,2.0,0.0,1.0,0.6666666666666666,0.0
stochastic_contradictions,p0.25,p0.25,0,ccra_exact_guard,CCRA exact,5,31,13,3,3,0,0.25,,1,32,0,32,0,0,2,,0.0010856079404466502,,0.016931114551083593,2.0,2.0,0.0,1.0,0.6666666666666666,0.0
stochastic_contradictions,p0.25,p0.25,0,ccra_exact_guard,CCRA exact,6,31,13,3,3,0,0.25,,1,32,0,32,0,0,2,,0.0010856079404466502,,0.016931114551083593,2.0,2.0,0.0,1.0,0.6666666666666666,0.0
stochastic_contradictions,p0.25,p0.25,0,ccra_exact_guard,CCRA exact,7,31,13,3,3,0,0.25,,1,32,0,32,0,0,2,,0.0010856079404466502,,0.016931114551083593,2.0,2.0,0.0,1.0,0.6666666666666666,0.0
stochastic_contradictions,p0.25,p0.25,0,uncertainty_cost_avoidance,Cost avoidance,0,31,13,3,3,0,0.25,,1,33,1,33,0,0,1,,0.0004652605459057072,,0.007256191950464396,0.0,0.0,0.0,1.0,0.0,0.0
stochastic_contradictions,p0.25,p0.25,0,uncertainty_cost_avoidance,Cost avoidance,1,31,13,3,3,0,0.25,,1,33,1,33,0,0,2,,0.0004652605459057072,,0.007256191950464396,0.0,0.0,0.0,1.0,0.0,0.0
stochastic_contradictions,p0.25,p0.25,0,uncertainty_cost_avoidance,Cost avoidance,2,31,13,3,3,0,0.25,,1,32,0,32,0,0,2,,0.0004652605459057072,,0.007256191950464396,0.0,0.0,0.0,1.0,0.0,0.0
stochastic_contradictions,p0.25,p0.25,0,uncertainty_cost_avoidance,Cost avoidance,3,31,13,3,3,0,0.25,,1,32,0,32,0,0,2,,0.0004652605459057072,,0.007256191950464396,0.0,0.0,0.0,1.0,0.0,0.0
stochastic_contradictions,p0.25,p0.25,0,uncertainty_cost_avoidance,Cost avoidance,4,31,13,3,3,0,0.25,,1,32,0,32,0,0,2,,0.0004652605459057072,,0.007256191950464396,0.0,0.0,0.0,1.0,0.0,0.0
stochastic_contradictions,p0.25,p0.25,0,uncertainty_cost_avoidance,Cost avoidance,5,31,13,3,3,0,0.25,,1,32,0,32,0,0,2,,0.0004652605459057072,,0.007256191950464396,0.0,0.0,0.0,1.0,0.0,0.0
stochastic_contradictions,p0.25,p0.25,0,uncertainty_cost_avoidance,Cost avoidance,6,31,13,3,3,0,0.25,,1,32,0,32,0,0,2,,0.0004652605459057072,,0.007256191950464396,0.0,0.0,0.0,1.0,0.0,0.0
stochastic_contradictions,p0.25,p0.25,0,uncertainty_cost_avoidance,Cost avoidance,7,31,13,3,3,0,0.25,,1,32,0,32,0,0,2,,0.0004652605459057072,,0.007256191950464396,0.0,0.0,0.0,1.0,0.0,0.0
stochastic_contradictions,p0.25,p0.25,0,oracle_fault_model,Oracle,0,31,13,3,3,0,0.25,,1,32,0,32,0,0,0,,0.0013957816377171215,,0.02176857585139319,3.0,3.0,0.0,1.0,1.0,0.0
stochastic_contradictions,p0.25,p0.25,0,oracle_fault_model,Oracle,1,31,13,3,3,0,0.25,,1,32,0,32,0,0,0,,0.0013957816377171215,,0.02176857585139319,3.0,3.0,0.0,1.0,1.0,0.0
stochastic_contradictions,p0.25,p0.25,0,oracle_fault_model,Oracle,2,31,13,3,3,0,0.25,,1,32,0,32,0,0,0,,0.0013957816377171215,,0.02176857585139319,3.0,3.0,0.0,1.0,1.0,0.0
stochastic_contradictions,p0.25,p0.25,0,oracle_fault_model,Oracle,3,31,13,3,3,0,0.25,,1,32,0,32,0,0,0,,0.0013957816377171215,,0.02176857585139319,3.0,3.0,0.0,1.0,1.0,0.0
stochastic_contradictions,p0.25,p0.25,0,oracle_fault_model,Oracle,4,31,13,3,3,0,0.25,,1,32,0,32,0,0,0,,0.0013957816377171215,,0.02176857585139319,3.0,3.0,0.0,1.0,1.0,0.0
stochastic_contradictions,p0.25,p0.25,0,oracle_fault_model,Oracle,5,31,13,3,3,0,0.25,,1,32,0,32,0,0,0,,0.0013957816377171215,,0.02176857585139319,3.0,3.0,0.0,1.0,1.0,0.0
stochastic_contradictions,p0.25,p0.25,0,oracle_fault_model,Oracle,6,31,13,3,3,0,0.25,,1,32,0,32,0,0,0,,0.0013957816377171215,,0.02176857585139319,3.0,3.0,0.0,1.0,1.0,0.0
stochastic_contradictions,p0.25,p0.25,0,oracle_fault_model,Oracle,7,31,13,3,3,0,0.25,,1,32,0,32,0,0,0,,0.0013957816377171215,,0.02176857585139319,3.0,3.0,0.0,1.0,1.0,0.0
stochastic_contradictions,p0.25,p0.25,1,nominal_no_repair,Nominal,0,31,13,3,3,0,0.25,,1,30,0,30,0,0,0,,0.0004652605459057072,,0.007256191950464396,0.0,0.0,0.0,1.0,0.0,0.0
stochastic_contradictions,p0.25,p0.25,1,nominal_no_repair,Nominal,1,31,13,3,3,0,0.25,,0,220,206,15,0,1,0,,0.0004652605459057072,,0.007256191950464396,0.0,0.0,0.0,1.0,0.0,0.0
stochastic_contradictions,p0.25,p0.25,1,nominal_no_repair,Nominal,2,31,13,3,3,0,0.25,,1,30,0,30,0,0,0,,0.0004652605459057072,,0.007256191950464396,0.0,0.0,0.0,1.0,0.0,0.0
stochastic_contradictions,p0.25,p0.25,1,nominal_no_repair,Nominal,3,31,13,3,3,0,0.25,,1,30,0,30,0,0,0,,0.0004652605459057072,,0.007256191950464396,0.0,0.0,0.0,1.0,0.0,0.0
stochastic_contradictions,p0.25,p0.25,1,nominal_no_repair,Nominal,4,31,13,3,3,0,0.25,,0,220,206,15,0,1,0,,0.0004652605459057072,,0.007256191950464396,0.0,0.0,0.0,1.0,0.0,0.0
stochastic_contradictions,p0.25,p0.25,1,nominal_no_repair,Nominal,5,31,13,3,3,0,0.25,,0,220,194,27,0,1,0,,0.0004652605459057072,,0.007256191950464396,0.0,0.0,0.0,1.0,0.0,0.0
stochastic_contradictions,p0.25,p0.25,1,nominal_no_repair,Nominal,6,31,13,3,3,0,0.25,,1,30,0,30,0,0,0,,0.0004652605459057072,,0.007256191950464396,0.0,0.0,0.0,1.0,0.0,0.0
stochastic_contradictions,p0.25,p0.25,1,nominal_no_repair,Nominal,7,31,13,3,3,0,0.25,,0,220,206,15,0,1,0,,0.0004652605459057072,,0.007256191950464396,0.0,0.0,0.0,1.0,0.0,0.0
stochastic_contradictions,p0.25,p0.25,1,threshold_2,Threshold 2,0,31,13,3,3,0,0.25,,1,30,0,30,0,0,0,,0.0004652605459057072,,0.007256191950464396,0.0,0.0,0.0,1.0,0.0,0.0
stochastic_contradictions,p0.25,p0.25,1,threshold_2,Threshold 2,1,31,13,3,3,0,0.25,,1,34,2,34,0,0,1,,0.0007754342431761787,,0.012093653250773995,1.0,1.0,0.0,1.0,0.3333333333333333,0.0
stochastic_contradictions,p0.25,p0.25,1,threshold_2,Threshold 2,2,31,13,3,3,0,0.25,,1,33,1,33,0,0,1,,0.0007754342431761787,,0.012093653250773995,1.0,1.0,0.0,1.0,0.3333333333333333,0.0
stochastic_contradictions,p0.25,p0.25,1,threshold_2,Threshold 2,3,31,13,3,3,0,0.25,,1,32,0,32,0,0,1,,0.0007754342431761787,,0.012093653250773995,1.0,1.0,0.0,1.0,0.3333333333333333,0.0
stochastic_contradictions,p0.25,p0.25,1,threshold_2,Threshold 2,4,31,13,3,3,0,0.25,,1,32,0,32,0,0,1,,0.0007754342431761787,,0.012093653250773995,1.0,1.0,0.0,1.0,0.3333333333333333,0.0
stochastic_contradictions,p0.25,p0.25,1,threshold_2,Threshold 2,5,31,13,3,3,0,0.25,,1,32,0,32,0,0,1,,0.0007754342431761787,,0.012093653250773995,1.0,1.0,0.0,1.0,0.3333333333333333,0.0
stochastic_contradictions,p0.25,p0.25,1,threshold_2,Threshold 2,6,31,13,3,3,0,0.25,,1,32,0,32,0,0,1,,0.0007754342431761787,,0.012093653250773995,1.0,1.0,0.0,1.0,0.3333333333333333,0.0
stochastic_contradictions,p0.25,p0.25,1,threshold_2,Threshold 2,7,31,13,3,3,0,0.25,,1,32,0,32,0,0,1,,0.0007754342431761787,,0.012093653250773995,1.0,1.0,0.0,1.0,0.3333333333333333,0.0
stochastic_contradictions,p0.25,p0.25,1,threshold_4,Threshold 4,0,31,13,3,3,0,0.25,,1,31,1,31,0,0,0,,0.0004652605459057072,,0.007256191950464396,0.0,0.0,0.0,1.0,0.0,0.0
stochastic_contradictions,p0.25,p0.25,1,threshold_4,Threshold 4,1,31,13,3,3,0,0.25,,1,35,5,35,0,0,0,,0.0004652605459057072,,0.007256191950464396,0.0,0.0,0.0,1.0,0.0,0.0
stochastic_contradictions,p0.25,p0.25,1,threshold_4,Threshold 4,2,31,13,3,3,0,0.25,,1,33,1,33,0,0,1,,0.0007754342431761787,,0.012093653250773995,1.0,1.0,0.0,1.0,0.3333333333333333,0.0
stochastic_contradictions,p0.25,p0.25,1,threshold_4,Threshold 4,3,31,13,3,3,0,0.25,,1,32,0,32,0,0,1,,0.0007754342431761787,,0.012093653250773995,1.0,1.0,0.0,1.0,0.3333333333333333,0.0
stochastic_contradictions,p0.25,p0.25,1,threshold_4,Threshold 4,4,31,13,3,3,0,0.25,,1,32,0,32,0,0,1,,0.0007754342431761787,,0.012093653250773995,1.0,1.0,0.0,1.0,0.3333333333333333,0.0
stochastic_contradictions,p0.25,p0.25,1,threshold_4,Threshold 4,5,31,13,3,3,0,0.25,,1,32,0,32,0,0,1,,0.0007754342431761787,,0.012093653250773995,1.0,1.0,0.0,1.0,0.3333333333333333,0.0
stochastic_contradictions,p0.25,p0.25,1,threshold_4,Threshold 4,6,31,13,3,3,0,0.25,,1,32,0,32,0,0,1,,0.0007754342431761787,,0.012093653250773995,1.0,1.0,0.0,1.0,0.3333333333333333,0.0
stochastic_contradictions,p0.25,p0.25,1,threshold_4,Threshold 4,7,31,13,3,3,0,0.25,,1,32,0,32,0,0,1,,0.0007754342431761787,,0.012093653250773995,1.0,1.0,0.0,1.0,0.3333333333333333,0.0
stochastic_contradictions,p0.25,p0.25,1,threshold_8,Threshold 8,0,31,13,3,3,0,0.25,,1,30,0,30,0,0,0,,0.0004652605459057072,,0.007256191950464396,0.0,0.0,0.0,1.0,0.0,0.0
stochastic_contradictions,p0.25,p0.25,1,threshold_8,Threshold 8,1,31,13,3,3,0,0.25,,1,32,2,32,0,0,0,,0.0004652605459057072,,0.007256191950464396,0.0,0.0,0.0,1.0,0.0,0.0
stochastic_contradictions,p0.25,p0.25,1,threshold_8,Threshold 8,2,31,13,3,3,0,0.25,,1,32,2,32,0,0,0,,0.0004652605459057072,,0.007256191950464396,0.0,0.0,0.0,1.0,0.0,0.0
stochastic_contradictions,p0.25,p0.25,1,threshold_8,Threshold 8,3,31,13,3,3,0,0.25,,1,30,0,30,0,0,0,,0.0004652605459057072,,0.007256191950464396,0.0,0.0,0.0,1.0,0.0,0.0
stochastic_contradictions,p0.25,p0.25,1,threshold_8,Threshold 8,4,31,13,3,3,0,0.25,,1,32,2,32,0,0,0,,0.0004652605459057072,,0.007256191950464396,0.0,0.0,0.0,1.0,0.0,0.0
stochastic_contradictions,p0.25,p0.25,1,threshold_8,Threshold 8,5,31,13,3,3,0,0.25,,1,32,2,32,0,0,0,,0.0004652605459057072,,0.007256191950464396,0.0,0.0,0.0,1.0,0.0,0.0
stochastic_contradictions,p0.25,p0.25,1,threshold_8,Threshold 8,6,31,13,3,3,0,0.25,,1,30,0,30,0,0,0,,0.0004652605459057072,,0.007256191950464396,0.0,0.0,0.0,1.0,0.0,0.0
stochastic_contradictions,p0.25,p0.25,1,threshold_8,Threshold 8,7,31,13,3,3,0,0.25,,1,31,1,31,0,0,0,,0.0004652605459057072,,0.007256191950464396,0.0,0.0,0.0,1.0,0.0,0.0
stochastic_contradictions,p0.25,p0.25,1,ccra_exact_guard,CCRA exact,0,31,13,3,3,0,0.25,,1,33,1,33,0,0,1,,0.0007754342431761787,,0.012093653250773995,1.0,1.0,0.0,1.0,0.3333333333333333,0.0
stochastic_contradictions,p0.25,p0.25,1,ccra_exact_guard,CCRA exact,1,31,13,3,3,0,0.25,,1,32,0,32,0,0,1,,0.0007754342431761787,,0.012093653250773995,1.0,1.0,0.0,1.0,0.3333333333333333,0.0
stochastic_contradictions,p0.25,p0.25,1,ccra_exact_guard,CCRA exact,2,31,13,3,3,0,0.25,,1,32,0,32,0,0,1,,0.0007754342431761787,,0.012093653250773995,1.0,1.0,0.0,1.0,0.3333333333333333,0.0
stochastic_contradictions,p0.25,p0.25,1,ccra_exact_guard,CCRA exact,3,31,13,3,3,0,0.25,,1,32,0,32,0,0,1,,0.0007754342431761787,,0.012093653250773995,1.0,1.0,0.0,1.0,0.3333333333333333,0.0
stochastic_contradictions,p0.25,p0.25,1,ccra_exact_guard,CCRA exact,4,31,13,3,3,0,0.25,,1,32,0,32,0,0,1,,0.0007754342431761787,,0.012093653250773995,1.0,1.0,0.0,1.0,0.3333333333333333,0.0
stochastic_contradictions,p0.25,p0.25,1,ccra_exact_guard,CCRA exact,5,31,13,3,3,0,0.25,,1,32,0,32,0,0,1,,0.0007754342431761787,,0.012093653250773995,1.0,1.0,0.0,1.0,0.3333333333333333,0.0
stochastic_contradictions,p0.25,p0.25,1,ccra_exact_guard,CCRA exact,6,31,13,3,3,0,0.25,,1,32,0,32,0,0,1,,0.0007754342431761787,,0.012093653250773995,1.0,1.0,0.0,1.0,0.3333333333333333,0.0
stochastic_contradictions,p0.25,p0.25,1,ccra_exact_guard,CCRA exact,7,31,13,3,3,0,0.25,,1,32,0,32,0,0,1,,0.0007754342431761787,,0.012093653250773995,1.0,1.0,0.0,1.0,0.3333333333333333,0.0
stochastic_contradictions,p0.25,p0.25,1,uncertainty_cost_avoidance,Cost avoidance,0,31,13,3,3,0,0.25,,1,33,1,33,0,0,1,,0.0004652605459057072,,0.007256191950464396,0.0,0.0,0.0,1.0,0.0,0.0
stochastic_contradictions,p0.25,p0.25,1,uncertainty_cost_avoidance,Cost avoidance,1,31,13,3,3,0,0.25,,1,33,1,33,0,0,2,,0.0004652605459057072,,0.007256191950464396,0.0,0.0,0.0,1.0,0.0,0.0
stochastic_contradictions,p0.25,p0.25,1,uncertainty_cost_avoidance,Cost avoidance,2,31,13,3,3,0,0.25,,1,32,0,32,0,0,2,,0.0004652605459057072,,0.007256191950464396,0.0,0.0,0.0,1.0,0.0,0.0
stochastic_contradictions,p0.25,p0.25,1,uncertainty_cost_avoidance,Cost avoidance,3,31,13,3,3,0,0.25,,1,32,0,32,0,0,2,,0.0004652605459057072,,0.007256191950464396,0.0,0.0,0.0,1.0,0.0,0.0
stochastic_contradictions,p0.25,p0.25,1,uncertainty_cost_avoidance,Cost avoidance,4,31,13,3,3,0,0.25,,1,33,1,33,0,0,3,,0.0004652605459057072,,0.007256191950464396,0.0,0.0,0.0,1.0,0.0,0.0
stochastic_contradictions,p0.25,p0.25,1,uncertainty_cost_avoidance,Cost avoidance,5,31,13,3,3,0,0.25,,1,32,0,32,0,0,3,,0.0004652605459057072,,0.007256191950464396,0.0,0.0,0.0,1.0,0.0,0.0
stochastic_contradictions,p0.25,p0.25,1,uncertainty_cost_avoidance,Cost avoidance,6,31,13,3,3,0,0.25,,1,32,0,32,0,0,3,,0.0004652605459057072,,0.007256191950464396,0.0,0.0,0.0,1.0,0.0,0.0
stochastic_contradictions,p0.25,p0.25,1,uncertainty_cost_avoidance,Cost avoidance,7,31,13,3,3,0,0.25,,1,32,0,32,0,0,3,,0.0004652605459057072,,0.007256191950464396,0.0,0.0,0.0,1.0,0.0,0.0
stochastic_contradictions,p0.25,p0.25,1,oracle_fault_model,Oracle,0,31,13,3,3,0,0.25,,1,32,0,32,0,0,0,,0.0013957816377171215,,0.02176857585139319,3.0,3.0,0.0,1.0,1.0,0.0
stochastic_contradictions,p0.25,p0.25,1,oracle_fault_model,Oracle,1,31,13,3,3,0,0.25,,1,32,0,32,0,0,0,,0.0013957816377171215,,0.02176857585139319,3.0,3.0,0.0,1.0,1.0,0.0
stochastic_contradictions,p0.25,p0.25,1,oracle_fault_model,Oracle,2,31,13,3,3,0,0.25,,1,32,0,32,0,0,0,,0.0013957816377171215,,0.02176857585139319,3.0,3.0,0.0,1.0,1.0,0.0
stochastic_contradictions,p0.25,p0.25,1,oracle_fault_model,Oracle,3,31,13,3,3,0,0.25,,1,32,0,32,0,0,0,,0.0013957816377171215,,0.02176857585139319,3.0,3.0,0.0,1.0,1.0,0.0
stochastic_contradictions,p0.25,p0.25,1,oracle_fault_model,Oracle,4,31,13,3,3,0,0.25,,1,32,0,32,0,0,0,,0.0013957816377171215,,0.02176857585139319,3.0,3.0,0.0,1.0,1.0,0.0
stochastic_contradictions,p0.25,p0.25,1,oracle_fault_model,Oracle,5,31,13,3,3,0,0.25,,1,32,0,32,0,0,0,,0.0013957816377171215,,0.02176857585139319,3.0,3.0,0.0,1.0,1.0,0.0
stochastic_contradictions,p0.25,p0.25,1,oracle_fault_model,Oracle,6,31,13,3,3,0,0.25,,1,32,0,32,0,0,0,,0.0013957816377171215,,0.02176857585139319,3.0,3.0,0.0,1.0,1.0,0.0
stochastic_contradictions,p0.25,p0.25,1,oracle_fault_model,Oracle,7,31,13,3,3,0,0.25,,1,32,0,32,0,0,0,,0.0013957816377171215,,0.02176857585139319,3.0,3.0,0.0,1.0,1.0,0.0
stochastic_contradictions,p0.25,p0.25,2,nominal_no_repair,Nominal,0,31,13,3,3,0,0.25,,1,30,0,30,0,0,0,,0.0004652605459057072,,0.007256191950464396,0.0,0.0,0.0,1.0,0.0,0.0
stochastic_contradictions,p0.25,p0.25,2,nominal_no_repair,Nominal,1,31,13,3,3,0,0.25,,0,220,197,24,0,1,0,,0.0004652605459057072,,0.007256191950464396,0.0,0.0,0.0,1.0,0.0,0.0
stochastic_contradictions,p0.25,p0.25,2,nominal_no_repair,Nominal,2,31,13,3,3,0,0.25,,0,220,200,21,0,1,0,,0.0004652605459057072,,0.007256191950464396,0.0,0.0,0.0,1.0,0.0,0.0
stochastic_contradictions,p0.25,p0.25,2,nominal_no_repair,Nominal,3,31,13,3,3,0,0.25,,0,220,200,21,0,1,0,,0.0004652605459057072,,0.007256191950464396,0.0,0.0,0.0,1.0,0.0,0.0
stochastic_contradictions,p0.25,p0.25,2,nominal_no_repair,Nominal,4,31,13,3,3,0,0.25,,0,220,197,24,0,1,0,,0.0004652605459057072,,0.007256191950464396,0.0,0.0,0.0,1.0,0.0,0.0
stochastic_contradictions,p0.25,p0.25,2,nominal_no_repair,Nominal,5,31,13,3,3,0,0.25,,0,220,199,22,0,1,0,,0.0004652605459057072,,0.007256191950464396,0.0,0.0,0.0,1.0,0.0,0.0
stochastic_contradictions,p0.25,p0.25,2,nominal_no_repair,Nominal,6,31,13,3,3,0,0.25,,0,220,200,21,0,1,0,,0.0004652605459057072,,0.007256191950464396,0.0,0.0,0.0,1.0,0.0,0.0
stochastic_contradictions,p0.25,p0.25,2,nominal_no_repair,Nominal,7,31,13,3,3,0,0.25,,0,220,199,22,0,1,0,,0.0004652605459057072,,0.007256191950464396,0.0,0.0,0.0,1.0,0.0,0.0
stochastic_contradictions,p0.25,p0.25,2,threshold_2,Threshold 2,0,31,13,3,3,0,0.25,,1,30,0,30,0,0,0,,0.0004652605459057072,,0.007256191950464396,0.0,0.0,0.0,1.0,0.0,0.0
stochastic_contradictions,p0.25,p0.25,2,threshold_2,Threshold 2,1,31,13,3,3,0,0.25,,1,30,0,30,0,0,0,,0.0004652605459057072,,0.007256191950464396,0.0,0.0,0.0,1.0,0.0,0.0
stochastic_contradictions,p0.25,p0.25,2,threshold_2,Threshold 2,2,31,13,3,3,0,0.25,,1,34,2,34,0,0,1,,0.0007754342431761787,,0.012093653250773995,1.0,1.0,0.0,1.0,0.3333333333333333,0.0
stochastic_contradictions,p0.25,p0.25,2,threshold_2,Threshold 2,3,31,13,3,3,0,0.25,,1,32,0,32,0,0,1,,0.0007754342431761787,,0.012093653250773995,1.0,1.0,0.0,1.0,0.3333333333333333,0.0
stochastic_contradictions,p0.25,p0.25,2,threshold_2,Threshold 2,4,31,13,3,3,0,0.25,,1,32,0,32,0,0,1,,0.0007754342431761787,,0.012093653250773995,1.0,1.0,0.0,1.0,0.3333333333333333,0.0
stochastic_contradictions,p0.25,p0.25,2,threshold_2,Threshold 2,5,31,13,3,3,0,0.25,,1,32,0,32,0,0,1,,0.0007754342431761787,,0.012093653250773995,1.0,1.0,0.0,1.0,0.3333333333333333,0.0
stochastic_contradictions,p0.25,p0.25,2,threshold_2,Threshold 2,6,31,13,3,3,0,0.25,,1,32,0,32,0,0,1,,0.0007754342431761787,,0.012093653250773995,1.0,1.0,0.0,1.0,0.3333333333333333,0.0
stochastic_contradictions,p0.25,p0.25,2,threshold_2,Threshold 2,7,31,13,3,3,0,0.25,,1,32,0,32,0,0,1,,0.0007754342431761787,,0.012093653250773995,1.0,1.0,0.0,1.0,0.3333333333333333,0.0
stochastic_contradictions,p0.25,p0.25,2,threshold_4,Threshold 4,0,31,13,3,3,0,0.25,,1,30,0,30,0,0,0,,0.0004652605459057072,,0.007256191950464396,0.0,0.0,0.0,1.0,0.0,0.0
stochastic_contradictions,p0.25,p0.25,2,threshold_4,Threshold 4,1,31,13,3,3,0,0.25,,1,31,1,31,0,0,0,,0.0004652605459057072,,0.007256191950464396,0.0,0.0,0.0,1.0,0.0,0.0
stochastic_contradictions,p0.25,p0.25,2,threshold_4,Threshold 4,2,31,13,3,3,0,0.25,,1,32,2,32,0,0,0,,0.0004652605459057072,,0.007256191950464396,0.0,0.0,0.0,1.0,0.0,0.0
stochastic_contradictions,p0.25,p0.25,2,threshold_4,Threshold 4,3,31,13,3,3,0,0.25,,1,31,1,31,0,0,0,,0.0004652605459057072,,0.007256191950464396,0.0,0.0,0.0,1.0,0.0,0.0
stochastic_contradictions,p0.25,p0.25,2,threshold_4,Threshold 4,4,31,13,3,3,0,0.25,,1,31,1,31,0,0,0,,0.0004652605459057072,,0.007256191950464396,0.0,0.0,0.0,1.0,0.0,0.0
stochastic_contradictions,p0.25,p0.25,2,threshold_4,Threshold 4,5,31,13,3,3,0,0.25,,1,30,0,30,0,0,0,,0.0004652605459057072,,0.007256191950464396,0.0,0.0,0.0,1.0,0.0,0.0
stochastic_contradictions,p0.25,p0.25,2,threshold_4,Threshold 4,6,31,13,3,3,0,0.25,,1,34,2,34,0,0,1,,0.0007754342431761787,,0.012093653250773995,1.0,1.0,0.0,1.0,0.3333333333333333,0.0
stochastic_contradictions,p0.25,p0.25,2,threshold_4,Threshold 4,7,31,13,3,3,0,0.25,,1,33,1,33,0,0,1,,0.0007754342431761787,,0.012093653250773995,1.0,1.0,0.0,1.0,0.3333333333333333,0.0
stochastic_contradictions,p0.25,p0.25,2,threshold_8,Threshold 8,0,31,13,3,3,0,0.25,,1,32,2,32,0,0,0,,0.0004652605459057072,,0.007256191950464396,0.0,0.0,0.0,1.0,0.0,0.0
stochastic_contradictions,p0.25,p0.25,2,threshold_8,Threshold 8,1,31,13,3,3,0,0.25,,1,32,2,32,0,0,0,,0.0004652605459057072,,0.007256191950464396,0.0,0.0,0.0,1.0,0.0,0.0
stochastic_contradictions,p0.25,p0.25,2,threshold_8,Threshold 8,2,31,13,3,3,0,0.25,,1,32,2,32,0,0,0,,0.0004652605459057072,,0.007256191950464396,0.0,0.0,0.0,1.0,0.0,0.0
stochastic_contradictions,p0.25,p0.25,2,threshold_8,Threshold 8,3,31,13,3,3,0,0.25,,1,31,1,31,0,0,0,,0.0004652605459057072,,0.007256191950464396,0.0,0.0,0.0,1.0,0.0,0.0
stochastic_contradictions,p0.25,p0.25,2,threshold_8,Threshold 8,4,31,13,3,3,0,0.25,,1,31,1,31,0,0,0,,0.0004652605459057072,,0.007256191950464396,0.0,0.0,0.0,1.0,0.0,0.0
stochastic_contradictions,p0.25,p0.25,2,threshold_8,Threshold 8,5,31,13,3,3,0,0.25,,1,31,1,31,0,0,0,,0.0004652605459057072,,0.007256191950464396,0.0,0.0,0.0,1.0,0.0,0.0
stochastic_contradictions,p0.25,p0.25,2,threshold_8,Threshold 8,6,31,13,3,3,0,0.25,,1,31,1,31,0,0,0,,0.0004652605459057072,,0.007256191950464396,0.0,0.0,0.0,1.0,0.0,0.0
stochastic_contradictions,p0.25,p0.25,2,threshold_8,Threshold 8,7,31,13,3,3,0,0.25,,1,31,1,31,0,0,0,,0.0004652605459057072,,0.007256191950464396,0.0,0.0,0.0,1.0,0.0,0.0
stochastic_contradictions,p0.25,p0.25,2,ccra_exact_guard,CCRA exact,0,31,13,3,3,0,0.25,,1,33,1,33,0,0,1,,0.0007754342431761787,,0.012093653250773995,1.0,1.0,0.0,1.0,0.3333333333333333,0.0
stochastic_contradictions,p0.25,p0.25,2,ccra_exact_guard,CCRA exact,1,31,13,3,3,0,0.25,,1,32,0,32,0,0,1,,0.0007754342431761787,,0.012093653250773995,1.0,1.0,0.0,1.0,0.3333333333333333,0.0
stochastic_contradictions,p0.25,p0.25,2,ccra_exact_guard,CCRA exact,2,31,13,3,3,0,0.25,,1,32,0,32,0,0,1,,0.0007754342431761787,,0.012093653250773995,1.0,1.0,0.0,1.0,0.3333333333333333,0.0
stochastic_contradictions,p0.25,p0.25,2,ccra_exact_guard,CCRA exact,3,31,13,3,3,0,0.25,,1,32,0,32,0,0,1,,0.0007754342431761787,,0.012093653250773995,1.0,1.0,0.0,1.0,0.3333333333333333,0.0
stochastic_contradictions,p0.25,p0.25,2,ccra_exact_guard,CCRA exact,4,31,13,3,3,0,0.25,,1,32,0,32,0,0,1,,0.0007754342431761787,,0.012093653250773995,1.0,1.0,0.0,1.0,0.3333333333333333,0.0
stochastic_contradictions,p0.25,p0.25,2,ccra_exact_guard,CCRA exact,5,31,13,3,3,0,0.25,,1,32,0,32,0,0,1,,0.0007754342431761787,,0.012093653250773995,1.0,1.0,0.0,1.0,0.3333333333333333,0.0
stochastic_contradictions,p0.25,p0.25,2,ccra_exact_guard,CCRA exact,6,31,13,3,3,0,0.25,,1,32,0,32,0,0,1,,0.0007754342431761787,,0.012093653250773995,1.0,1.0,0.0,1.0,0.3333333333333333,0.0
stochastic_contradictions,p0.25,p0.25,2,ccra_exact_guard,CCRA exact,7,31,13,3,3,0,0.25,,1,32,0,32,0,0,1,,0.0007754342431761787,,0.012093653250773995,1.0,1.0,0.0,1.0,0.3333333333333333,0.0
stochastic_contradictions,p0.25,p0.25,2,uncertainty_cost_avoidance,Cost avoidance,0,31,13,3,3,0,0.25,,1,33,1,33,0,0,1,,0.0004652605459057072,,0.007256191950464396,0.0,0.0,0.0,1.0,0.0,0.0
stochastic_contradictions,p0.25,p0.25,2,uncertainty_cost_avoidance,Cost avoidance,1,31,13,3,3,0,0.25,,1,32,0,32,0,0,1,,0.0004652605459057072,,0.007256191950464396,0.0,0.0,0.0,1.0,0.0,0.0
stochastic_contradictions,p0.25,p0.25,2,uncertainty_cost_avoidance,Cost avoidance,2,31,13,3,3,0,0.25,,1,33,1,33,0,0,2,,0.0004652605459057072,,0.007256191950464396,0.0,0.0,0.0,1.0,0.0,0.0
stochastic_contradictions,p0.25,p0.25,2,uncertainty_cost_avoidance,Cost avoidance,3,31,13,3,3,0,0.25,,1,32,0,32,0,0,2,,0.0004652605459057072,,0.007256191950464396,0.0,0.0,0.0,1.0,0.0,0.0
stochastic_contradictions,p0.25,p0.25,2,uncertainty_cost_avoidance,Cost avoidance,4,31,13,3,3,0,0.25,,1,32,0,32,0,0,2,,0.0004652605459057072,,0.007256191950464396,0.0,0.0,0.0,1.0,0.0,0.0
stochastic_contradictions,p0.25,p0.25,2,uncertainty_cost_avoidance,Cost avoidance,5,31,13,3,3,0,0.25,,1,32,0,32,0,0,2,,0.0004652605459057072,,0.007256191950464396,0.0,0.0,0.0,1.0,0.0,0.0
stochastic_contradictions,p0.25,p0.25,2,uncertainty_cost_avoidance,Cost avoidance,6,31,13,3,3,0,0.25,,1,32,0,32,0,0,2,,0.0004652605459057072,,0.007256191950464396,0.0,0.0,0.0,1.0,0.0,0.0
stochastic_contradictions,p0.25,p0.25,2,uncertainty_cost_avoidance,Cost avoidance,7,31,13,3,3,0,0.25,,1,32,0,32,0,0,2,,0.0004652605459057072,,0.007256191950464396,0.0,0.0,0.0,1.0,0.0,0.0
stochastic_contradictions,p0.25,p0.25,2,oracle_fault_model,Oracle,0,31,13,3,3,0,0.25,,1,32,0,32,0,0,0,,0.0013957816377171215,,0.02176857585139319,3.0,3.0,0.0,1.0,1.0,0.0
stochastic_contradictions,p0.25,p0.25,2,oracle_fault_model,Oracle,1,31,13,3,3,0,0.25,,1,32,0,32,0,0,0,,0.0013957816377171215,,0.02176857585139319,3.0,3.0,0.0,1.0,1.0,0.0
stochastic_contradictions,p0.25,p0.25,2,oracle_fault_model,Oracle,2,31,13,3,3,0,0.25,,1,32,0,32,0,0,0,,0.0013957816377171215,,0.02176857585139319,3.0,3.0,0.0,1.0,1.0,0.0
stochastic_contradictions,p0.25,p0.25,2,oracle_fault_model,Oracle,3,31,13,3,3,0,0.25,,1,32,0,32,0,0,0,,0.0013957816377171215,,0.02176857585139319,3.0,3.0,0.0,1.0,1.0,0.0
stochastic_contradictions,p0.25,p0.25,2,oracle_fault_model,Oracle,4,31,13,3,3,0,0.25,,1,32,0,32,0,0,0,,0.0013957816377171215,,0.02176857585139319,3.0,3.0,0.0,1.0,1.0,0.0
stochastic_contradictions,p0.25,p0.25,2,oracle_fault_model,Oracle,5,31,13,3,3,0,0.25,,1,32,0,32,0,0,0,,0.0013957816377171215,,0.02176857585139319,3.0,3.0,0.0,1.0,1.0,0.0
stochastic_contradictions,p0.25,p0.25,2,oracle_fault_model,Oracle,6,31,13,3,3,0,0.25,,1,32,0,32,0,0,0,,0.0013957816377171215,,0.02176857585139319,3.0,3.0,0.0,1.0,1.0,0.0
stochastic_contradictions,p0.25,p0.25,2,oracle_fault_model,Oracle,7,31,13,3,3,0,0.25,,1,32,0,32,0,0,0,,0.0013957816377171215,,0.02176857585139319,3.0,3.0,0.0,1.0,1.0,0.0
stochastic_contradictions,p0.25,p0.25,3,nominal_no_repair,Nominal,0,31,13,3,3,0,0.25,,0,220,215,6,0,1,0,,0.0004652605459057072,,0.007256191950464396,0.0,0.0,0.0,1.0,0.0,0.0
stochastic_contradictions,p0.25,p0.25,3,nominal_no_repair,Nominal,1,31,13,3,3,0,0.25,,0,220,215,6,0,1,0,,0.0004652605459057072,,0.007256191950464396,0.0,0.0,0.0,1.0,0.0,0.0
stochastic_contradictions,p0.25,p0.25,3,nominal_no_repair,Nominal,2,31,13,3,3,0,0.25,,0,220,210,11,0,1,0,,0.0004652605459057072,,0.007256191950464396,0.0,0.0,0.0,1.0,0.0,0.0
stochastic_contradictions,p0.25,p0.25,3,nominal_no_repair,Nominal,3,31,13,3,3,0,0.25,,0,220,215,6,0,1,0,,0.0004652605459057072,,0.007256191950464396,0.0,0.0,0.0,1.0,0.0,0.0
stochastic_contradictions,p0.25,p0.25,3,nominal_no_repair,Nominal,4,31,13,3,3,0,0.25,,1,30,0,30,0,0,0,,0.0004652605459057072,,0.007256191950464396,0.0,0.0,0.0,1.0,0.0,0.0
stochastic_contradictions,p0.25,p0.25,3,nominal_no_repair,Nominal,5,31,13,3,3,0,0.25,,1,30,0,30,0,0,0,,0.0004652605459057072,,0.007256191950464396,0.0,0.0,0.0,1.0,0.0,0.0
stochastic_contradictions,p0.25,p0.25,3,nominal_no_repair,Nominal,6,31,13,3,3,0,0.25,,1,30,0,30,0,0,0,,0.0004652605459057072,,0.007256191950464396,0.0,0.0,0.0,1.0,0.0,0.0
stochastic_contradictions,p0.25,p0.25,3,nominal_no_repair,Nominal,7,31,13,3,3,0,0.25,,0,220,215,6,0,1,0,,0.0004652605459057072,,0.007256191950464396,0.0,0.0,0.0,1.0,0.0,0.0
stochastic_contradictions,p0.25,p0.25,3,threshold_2,Threshold 2,0,31,13,3,3,0,0.25,,1,31,1,31,0,0,0,,0.0004652605459057072,,0.007256191950464396,0.0,0.0,0.0,1.0,0.0,0.0
stochastic_contradictions,p0.25,p0.25,3,threshold_2,Threshold 2,1,31,13,3,3,0,0.25,,1,33,1,33,0,0,1,,0.0007754342431761787,,0.012093653250773995,1.0,1.0,0.0,1.0,0.3333333333333333,0.0
stochastic_contradictions,p0.25,p0.25,3,threshold_2,Threshold 2,2,31,13,3,3,0,0.25,,1,34,2,34,0,0,2,,0.0010856079404466502,,0.016931114551083593,2.0,2.0,0.0,1.0,0.6666666666666666,0.0
stochastic_contradictions,p0.25,p0.25,3,threshold_2,Threshold 2,3,31,13,3,3,0,0.25,,1,32,0,32,0,0,2,,0.0010856079404466502,,0.016931114551083593,2.0,2.0,0.0,1.0,0.6666666666666666,0.0
stochastic_contradictions,p0.25,p0.25,3,threshold_2,Threshold 2,4,31,13,3,3,0,0.25,,1,32,0,32,0,0,2,,0.0010856079404466502,,0.016931114551083593,2.0,2.0,0.0,1.0,0.6666666666666666,0.0
stochastic_contradictions,p0.25,p0.25,3,threshold_2,Threshold 2,5,31,13,3,3,0,0.25,,1,32,0,32,0,0,2,,0.0010856079404466502,,0.016931114551083593,2.0,2.0,0.0,1.0,0.6666666666666666,0.0
stochastic_contradictions,p0.25,p0.25,3,threshold_2,Threshold 2,6,31,13,3,3,0,0.25,,1,32,0,32,0,0,2,,0.0010856079404466502,,0.016931114551083593,2.0,2.0,0.0,1.0,0.6666666666666666,0.0
stochastic_contradictions,p0.25,p0.25,3,threshold_2,Threshold 2,7,31,13,3,3,0,0.25,,1,32,0,32,0,0,2,,0.0010856079404466502,,0.016931114551083593,2.0,2.0,0.0,1.0,0.6666666666666666,0.0
stochastic_contradictions,p0.25,p0.25,3,threshold_4,Threshold 4,0,31,13,3,3,0,0.25,,1,32,2,32,0,0,0,,0.0004652605459057072,,0.007256191950464396,0.0,0.0,0.0,1.0,0.0,0.0
stochastic_contradictions,p0.25,p0.25,3,threshold_4,Threshold 4,1,31,13,3,3,0,0.25,,1,30,0,30,0,0,0,,0.0004652605459057072,,0.007256191950464396,0.0,0.0,0.0,1.0,0.0,0.0
stochastic_contradictions,p0.25,p0.25,3,threshold_4,Threshold 4,2,31,13,3,3,0,0.25,,1,31,1,31,0,0,0,,0.0004652605459057072,,0.007256191950464396,0.0,0.0,0.0,1.0,0.0,0.0
stochastic_contradictions,p0.25,p0.25,3,threshold_4,Threshold 4,3,31,13,3,3,0,0.25,,1,36,4,36,0,0,1,,0.0007754342431761787,,0.012093653250773995,1.0,1.0,0.0,1.0,0.3333333333333333,0.0
stochastic_contradictions,p0.25,p0.25,3,threshold_4,Threshold 4,4,31,13,3,3,0,0.25,,1,34,2,34,0,0,1,,0.0007754342431761787,,0.012093653250773995,1.0,1.0,0.0,1.0,0.3333333333333333,0.0
stochastic_contradictions,p0.25,p0.25,3,threshold_4,Threshold 4,5,31,13,3,3,0,0.25,,1,32,0,32,0,0,1,,0.0007754342431761787,,0.012093653250773995,1.0,1.0,0.0,1.0,0.3333333333333333,0.0
stochastic_contradictions,p0.25,p0.25,3,threshold_4,Threshold 4,6,31,13,3,3,0,0.25,,1,32,0,32,0,0,1,,0.0007754342431761787,,0.012093653250773995,1.0,1.0,0.0,1.0,0.3333333333333333,0.0
stochastic_contradictions,p0.25,p0.25,3,threshold_4,Threshold 4,7,31,13,3,3,0,0.25,,1,32,0,32,0,0,1,,0.0007754342431761787,,0.012093653250773995,1.0,1.0,0.0,1.0,0.3333333333333333,0.0
stochastic_contradictions,p0.25,p0.25,3,threshold_8,Threshold 8,0,31,13,3,3,0,0.25,,1,32,2,32,0,0,0,,0.0004652605459057072,,0.007256191950464396,0.0,0.0,0.0,1.0,0.0,0.0
stochastic_contradictions,p0.25,p0.25,3,threshold_8,Threshold 8,1,31,13,3,3,0,0.25,,1,32,2,32,0,0,0,,0.0004652605459057072,,0.007256191950464396,0.0,0.0,0.0,1.0,0.0,0.0
stochastic_contradictions,p0.25,p0.25,3,threshold_8,Threshold 8,2,31,13,3,3,0,0.25,,1,30,0,30,0,0,0,,0.0004652605459057072,,0.007256191950464396,0.0,0.0,0.0,1.0,0.0,0.0
stochastic_contradictions,p0.25,p0.25,3,threshold_8,Threshold 8,3,31,13,3,3,0,0.25,,1,31,1,31,0,0,0,,0.0004652605459057072,,0.007256191950464396,0.0,0.0,0.0,1.0,0.0,0.0
stochastic_contradictions,p0.25,p0.25,3,threshold_8,Threshold 8,4,31,13,3,3,0,0.25,,1,30,0,30,0,0,0,,0.0004652605459057072,,0.007256191950464396,0.0,0.0,0.0,1.0,0.0,0.0
stochastic_contradictions,p0.25,p0.25,3,threshold_8,Threshold 8,5,31,13,3,3,0,0.25,,1,30,0,30,0,0,0,,0.0004652605459057072,,0.007256191950464396,0.0,0.0,0.0,1.0,0.0,0.0
stochastic_contradictions,p0.25,p0.25,3,threshold_8,Threshold 8,6,31,13,3,3,0,0.25,,1,30,0,30,0,0,0,,0.0004652605459057072,,0.007256191950464396,0.0,0.0,0.0,1.0,0.0,0.0
stochastic_contradictions,p0.25,p0.25,3,threshold_8,Threshold 8,7,31,13,3,3,0,0.25,,1,32,2,32,0,0,0,,0.0004652605459057072,,0.007256191950464396,0.0,0.0,0.0,1.0,0.0,0.0
stochastic_contradictions,p0.25,p0.25,3,ccra_exact_guard,CCRA exact,0,31,13,3,3,0,0.25,,1,33,1,33,0,0,1,,0.0007754342431761787,,0.012093653250773995,1.0,1.0,0.0,1.0,0.3333333333333333,0.0
stochastic_contradictions,p0.25,p0.25,3,ccra_exact_guard,CCRA exact,1,31,13,3,3,0,0.25,,1,32,0,32,0,0,1,,0.0007754342431761787,,0.012093653250773995,1.0,1.0,0.0,1.0,0.3333333333333333,0.0
stochastic_contradictions,p0.25,p0.25,3,ccra_exact_guard,CCRA exact,2,31,13,3,3,0,0.25,,1,33,1,33,0,0,2,,0.0010856079404466502,,0.016931114551083593,2.0,2.0,0.0,1.0,0.6666666666666666,0.0
stochastic_contradictions,p0.25,p0.25,3,ccra_exact_guard,CCRA exact,3,31,13,3,3,0,0.25,,1,33,1,33,0,0,3,,0.0013957816377171215,,0.02176857585139319,3.0,3.0,0.0,1.0,1.0,0.0
stochastic_contradictions,p0.25,p0.25,3,ccra_exact_guard,CCRA exact,4,31,13,3,3,0,0.25,,1,32,0,32,0,0,3,,0.0013957816377171215,,0.02176857585139319,3.0,3.0,0.0,1.0,1.0,0.0
stochastic_contradictions,p0.25,p0.25,3,ccra_exact_guard,CCRA exact,5,31,13,3,3,0,0.25,,1,32,0,32,0,0,3,,0.0013957816377171215,,0.02176857585139319,3.0,3.0,0.0,1.0,1.0,0.0
stochastic_contradictions,p0.25,p0.25,3,ccra_exact_guard,CCRA exact,6,31,13,3,3,0,0.25,,1,32,0,32,0,0,3,,0.0013957816377171215,,0.02176857585139319,3.0,3.0,0.0,1.0,1.0,0.0
stochastic_contradictions,p0.25,p0.25,3,ccra_exact_guard,CCRA exact,7,31,13,3,3,0,0.25,,1,32,0,32,0,0,3,,0.0013957816377171215,,0.02176857585139319,3.0,3.0,0.0,1.0,1.0,0.0
stochastic_contradictions,p0.25,p0.25,3,uncertainty_cost_avoidance,Cost avoidance,0,31,13,3,3,0,0.25,,1,30,0,30,0,0,0,,0.0004652605459057072,,0.007256191950464396,0.0,0.0,0.0,1.0,0.0,0.0
stochastic_contradictions,p0.25,p0.25,3,uncertainty_cost_avoidance,Cost avoidance,1,31,13,3,3,0,0.25,,1,30,0,30,0,0,0,,0.0004652605459057072,,0.007256191950464396,0.0,0.0,0.0,1.0,0.0,0.0
stochastic_contradictions,p0.25,p0.25,3,uncertainty_cost_avoidance,Cost avoidance,2,31,13,3,3,0,0.25,,1,30,0,30,0,0,0,,0.0004652605459057072,,0.007256191950464396,0.0,0.0,0.0,1.0,0.0,0.0
stochastic_contradictions,p0.25,p0.25,3,uncertainty_cost_avoidance,Cost avoidance,3,31,13,3,3,0,0.25,,1,33,1,33,0,0,1,,0.0004652605459057072,,0.007256191950464396,0.0,0.0,0.0,1.0,0.0,0.0
stochastic_contradictions,p0.25,p0.25,3,uncertainty_cost_avoidance,Cost avoidance,4,31,13,3,3,0,0.25,,1,32,0,32,0,0,1,,0.0004652605459057072,,0.007256191950464396,0.0,0.0,0.0,1.0,0.0,0.0
stochastic_contradictions,p0.25,p0.25,3,uncertainty_cost_avoidance,Cost avoidance,5,31,13,3,3,0,0.25,,1,32,0,32,0,0,1,,0.0004652605459057072,,0.007256191950464396,0.0,0.0,0.0,1.0,0.0,0.0
stochastic_contradictions,p0.25,p0.25,3,uncertainty_cost_avoidance,Cost avoidance,6,31,13,3,3,0,0.25,,1,32,0,32,0,0,1,,0.0004652605459057072,,0.007256191950464396,0.0,0.0,0.0,1.0,0.0,0.0
stochastic_contradictions,p0.25,p0.25,3,uncertainty_cost_avoidance,Cost avoidance,7,31,13,3,3,0,0.25,,1,32,0,32,0,0,1,,0.0004652605459057072,,0.007256191950464396,0.0,0.0,0.0,1.0,0.0,0.0
stochastic_contradictions,p0.25,p0.25,3,oracle_fault_model,Oracle,0,31,13,3,3,0,0.25,,1,32,0,32,0,0,0,,0.0013957816377171215,,0.02176857585139319,3.0,3.0,0.0,1.0,1.0,0.0
stochastic_contradictions,p0.25,p0.25,3,oracle_fault_model,Oracle,1,31,13,3,3,0,0.25,,1,32,0,32,0,0,0,,0.0013957816377171215,,0.02176857585139319,3.0,3.0,0.0,1.0,1.0,0.0
stochastic_contradictions,p0.25,p0.25,3,oracle_fault_model,Oracle,2,31,13,3,3,0,0.25,,1,32,0,32,0,0,0,,0.0013957816377171215,,0.02176857585139319,3.0,3.0,0.0,1.0,1.0,0.0
stochastic_contradictions,p0.25,p0.25,3,oracle_fault_model,Oracle,3,31,13,3,3,0,0.25,,1,32,0,32,0,0,0,,0.0013957816377171215,,0.02176857585139319,3.0,3.0,0.0,1.0,1.0,0.0
stochastic_contradictions,p0.25,p0.25,3,oracle_fault_model,Oracle,4,31,13,3,3,0,0.25,,1,32,0,32,0,0,0,,0.0013957816377171215,,0.02176857585139319,3.0,3.0,0.0,1.0,1.0,0.0
stochastic_contradictions,p0.25,p0.25,3,oracle_fault_model,Oracle,5,31,13,3,3,0,0.25,,1,32,0,32,0,0,0,,0.0013957816377171215,,0.02176857585139319,3.0,3.0,0.0,1.0,1.0,0.0
stochastic_contradictions,p0.25,p0.25,3,oracle_fault_model,Oracle,6,31,13,3,3,0,0.25,,1,32,0,32,0,0,0,,0.0013957816377171215,,0.02176857585139319,3.0,3.0,0.0,1.0,1.0,0.0
stochastic_contradictions,p0.25,p0.25,3,oracle_fault_model,Oracle,7,31,13,3,3,0,0.25,,1,32,0,32,0,0,0,,0.0013957816377171215,,0.02176857585139319,3.0,3.0,0.0,1.0,1.0,0.0
stochastic_contradictions,p0.25,p0.25,4,nominal_no_repair,Nominal,0,31,13,3,3,0,0.25,,1,30,0,30,0,0,0,,0.0004652605459057072,,0.007256191950464396,0.0,0.0,0.0,1.0,0.0,0.0
stochastic_contradictions,p0.25,p0.25,4,nominal_no_repair,Nominal,1,31,13,3,3,0,0.25,,0,220,200,21,0,1,0,,0.0004652605459057072,,0.007256191950464396,0.0,0.0,0.0,1.0,0.0,0.0
stochastic_contradictions,p0.25,p0.25,4,nominal_no_repair,Nominal,2,31,13,3,3,0,0.25,,1,30,0,30,0,0,0,,0.0004652605459057072,,0.007256191950464396,0.0,0.0,0.0,1.0,0.0,0.0
stochastic_contradictions,p0.25,p0.25,4,nominal_no_repair,Nominal,3,31,13,3,3,0,0.25,,0,220,216,5,0,1,0,,0.0004652605459057072,,0.007256191950464396,0.0,0.0,0.0,1.0,0.0,0.0
stochastic_contradictions,p0.25,p0.25,4,nominal_no_repair,Nominal,4,31,13,3,3,0,0.25,,1,30,0,30,0,0,0,,0.0004652605459057072,,0.007256191950464396,0.0,0.0,0.0,1.0,0.0,0.0
stochastic_contradictions,p0.25,p0.25,4,nominal_no_repair,Nominal,5,31,13,3,3,0,0.25,,1,30,0,30,0,0,0,,0.0004652605459057072,,0.007256191950464396,0.0,0.0,0.0,1.0,0.0,0.0
stochastic_contradictions,p0.25,p0.25,4,nominal_no_repair,Nominal,6,31,13,3,3,0,0.25,,0,220,216,5,0,1,0,,0.0004652605459057072,,0.007256191950464396,0.0,0.0,0.0,1.0,0.0,0.0
stochastic_contradictions,p0.25,p0.25,4,nominal_no_repair,Nominal,7,31,13,3,3,0,0.25,,1,30,0,30,0,0,0,,0.0004652605459057072,,0.007256191950464396,0.0,0.0,0.0,1.0,0.0,0.0
stochastic_contradictions,p0.25,p0.25,4,threshold_2,Threshold 2,0,31,13,3,3,0,0.25,,1,30,0,30,0,0,0,,0.0004652605459057072,,0.007256191950464396,0.0,0.0,0.0,1.0,0.0,0.0
stochastic_contradictions,p0.25,p0.25,4,threshold_2,Threshold 2,1,31,13,3,3,0,0.25,,1,31,1,31,0,0,0,,0.0004652605459057072,,0.007256191950464396,0.0,0.0,0.0,1.0,0.0,0.0
stochastic_contradictions,p0.25,p0.25,4,threshold_2,Threshold 2,2,31,13,3,3,0,0.25,,1,33,1,33,0,0,1,,0.0007754342431761787,,0.012093653250773995,1.0,1.0,0.0,1.0,0.3333333333333333,0.0
stochastic_contradictions,p0.25,p0.25,4,threshold_2,Threshold 2,3,31,13,3,3,0,0.25,,1,32,0,32,0,0,1,,0.0007754342431761787,,0.012093653250773995,1.0,1.0,0.0,1.0,0.3333333333333333,0.0
stochastic_contradictions,p0.25,p0.25,4,threshold_2,Threshold 2,4,31,13,3,3,0,0.25,,1,32,0,32,0,0,1,,0.0007754342431761787,,0.012093653250773995,1.0,1.0,0.0,1.0,0.3333333333333333,0.0
stochastic_contradictions,p0.25,p0.25,4,threshold_2,Threshold 2,5,31,13,3,3,0,0.25,,1,32,0,32,0,0,1,,0.0007754342431761787,,0.012093653250773995,1.0,1.0,0.0,1.0,0.3333333333333333,0.0
stochastic_contradictions,p0.25,p0.25,4,threshold_2,Threshold 2,6,31,13,3,3,0,0.25,,1,32,0,32,0,0,1,,0.0007754342431761787,,0.012093653250773995,1.0,1.0,0.0,1.0,0.3333333333333333,0.0
stochastic_contradictions,p0.25,p0.25,4,threshold_2,Threshold 2,7,31,13,3,3,0,0.25,,1,32,0,32,0,0,1,,0.0007754342431761787,,0.012093653250773995,1.0,1.0,0.0,1.0,0.3333333333333333,0.0
stochastic_contradictions,p0.25,p0.25,4,threshold_4,Threshold 4,0,31,13,3,3,0,0.25,,1,31,1,31,0,0,0,,0.0004652605459057072,,0.007256191950464396,0.0,0.0,0.0,1.0,0.0,0.0
stochastic_contradictions,p0.25,p0.25,4,threshold_4,Threshold 4,1,31,13,3,3,0,0.25,,1,31,1,31,0,0,0,,0.0004652605459057072,,0.007256191950464396,0.0,0.0,0.0,1.0,0.0,0.0
stochastic_contradictions,p0.25,p0.25,4,threshold_4,Threshold 4,2,31,13,3,3,0,0.25,,1,34,2,34,0,0,1,,0.0007754342431761787,,0.012093653250773995,1.0,1.0,0.0,1.0,0.3333333333333333,0.0
stochastic_contradictions,p0.25,p0.25,4,threshold_4,Threshold 4,3,31,13,3,3,0,0.25,,1,35,3,35,0,0,1,,0.0007754342431761787,,0.012093653250773995,1.0,1.0,0.0,1.0,0.3333333333333333,0.0
stochastic_contradictions,p0.25,p0.25,4,threshold_4,Threshold 4,4,31,13,3,3,0,0.25,,1,33,1,33,0,0,2,,0.0010856079404466502,,0.016931114551083593,2.0,2.0,0.0,1.0,0.6666666666666666,0.0
stochastic_contradictions,p0.25,p0.25,4,threshold_4,Threshold 4,5,31,13,3,3,0,0.25,,1,32,0,32,0,0,2,,0.0010856079404466502,,0.016931114551083593,2.0,2.0,0.0,1.0,0.6666666666666666,0.0
stochastic_contradictions,p0.25,p0.25,4,threshold_4,Threshold 4,6,31,13,3,3,0,0.25,,1,32,0,32,0,0,2,,0.0010856079404466502,,0.016931114551083593,2.0,2.0,0.0,1.0,0.6666666666666666,0.0
stochastic_contradictions,p0.25,p0.25,4,threshold_4,Threshold 4,7,31,13,3,3,0,0.25,,1,32,0,32,0,0,2,,0.0010856079404466502,,0.016931114551083593,2.0,2.0,0.0,1.0,0.6666666666666666,0.0
stochastic_contradictions,p0.25,p0.25,4,threshold_8,Threshold 8,0,31,13,3,3,0,0.25,,1,31,1,31,0,0,0,,0.0004652605459057072,,0.007256191950464396,0.0,0.0,0.0,1.0,0.0,0.0
stochastic_contradictions,p0.25,p0.25,4,threshold_8,Threshold 8,1,31,13,3,3,0,0.25,,1,30,0,30,0,0,0,,0.0004652605459057072,,0.007256191950464396,0.0,0.0,0.0,1.0,0.0,0.0
stochastic_contradictions,p0.25,p0.25,4,threshold_8,Threshold 8,2,31,13,3,3,0,0.25,,1,31,1,31,0,0,0,,0.0004652605459057072,,0.007256191950464396,0.0,0.0,0.0,1.0,0.0,0.0
stochastic_contradictions,p0.25,p0.25,4,threshold_8,Threshold 8,3,31,13,3,3,0,0.25,,1,31,1,31,0,0,0,,0.0004652605459057072,,0.007256191950464396,0.0,0.0,0.0,1.0,0.0,0.0
stochastic_contradictions,p0.25,p0.25,4,threshold_8,Threshold 8,4,31,13,3,3,0,0.25,,1,30,0,30,0,0,0,,0.0004652605459057072,,0.007256191950464396,0.0,0.0,0.0,1.0,0.0,0.0
stochastic_contradictions,p0.25,p0.25,4,threshold_8,Threshold 8,5,31,13,3,3,0,0.25,,1,33,3,33,0,0,0,,0.0004652605459057072,,0.007256191950464396,0.0,0.0,0.0,1.0,0.0,0.0
stochastic_contradictions,p0.25,p0.25,4,threshold_8,Threshold 8,6,31,13,3,3,0,0.25,,1,31,1,31,0,0,0,,0.0004652605459057072,,0.007256191950464396,0.0,0.0,0.0,1.0,0.0,0.0
stochastic_contradictions,p0.25,p0.25,4,threshold_8,Threshold 8,7,31,13,3,3,0,0.25,,1,30,0,30,0,0,0,,0.0004652605459057072,,0.007256191950464396,0.0,0.0,0.0,1.0,0.0,0.0
stochastic_contradictions,p0.25,p0.25,4,ccra_exact_guard,CCRA exact,0,31,13,3,3,0,0.25,,1,30,0,30,0,0,0,,0.0004652605459057072,,0.007256191950464396,0.0,0.0,0.0,1.0,0.0,0.0
stochastic_contradictions,p0.25,p0.25,4,ccra_exact_guard,CCRA exact,1,31,13,3,3,0,0.25,,1,33,1,33,0,0,1,,0.0007754342431761787,,0.012093653250773995,1.0,1.0,0.0,1.0,0.3333333333333333,0.0
stochastic_contradictions,p0.25,p0.25,4,ccra_exact_guard,CCRA exact,2,31,13,3,3,0,0.25,,1,32,0,32,0,0,1,,0.0007754342431761787,,0.012093653250773995,1.0,1.0,0.0,1.0,0.3333333333333333,0.0
stochastic_contradictions,p0.25,p0.25,4,ccra_exact_guard,CCRA exact,3,31,13,3,3,0,0.25,,1,32,0,32,0,0,1,,0.0007754342431761787,,0.012093653250773995,1.0,1.0,0.0,1.0,0.3333333333333333,0.0
stochastic_contradictions,p0.25,p0.25,4,ccra_exact_guard,CCRA exact,4,31,13,3,3,0,0.25,,1,32,0,32,0,0,1,,0.0007754342431761787,,0.012093653250773995,1.0,1.0,0.0,1.0,0.3333333333333333,0.0
stochastic_contradictions,p0.25,p0.25,4,ccra_exact_guard,CCRA exact,5,31,13,3,3,0,0.25,,1,32,0,32,0,0,1,,0.0007754342431761787,,0.012093653250773995,1.0,1.0,0.0,1.0,0.3333333333333333,0.0
stochastic_contradictions,p0.25,p0.25,4,ccra_exact_guard,CCRA exact,6,31,13,3,3,0,0.25,,1,33,1,33,0,0,2,,0.0010856079404466502,,0.016931114551083593,2.0,2.0,0.0,1.0,0.6666666666666666,0.0
stochastic_contradictions,p0.25,p0.25,4,ccra_exact_guard,CCRA exact,7,31,13,3,3,0,0.25,,1,32,0,32,0,0,2,,0.0010856079404466502,,0.016931114551083593,2.0,2.0,0.0,1.0,0.6666666666666666,0.0
stochastic_contradictions,p0.25,p0.25,4,uncertainty_cost_avoidance,Cost avoidance,0,31,13,3,3,0,0.25,,1,33,1,33,0,0,1,,0.0004652605459057072,,0.007256191950464396,0.0,0.0,0.0,1.0,0.0,0.0
stochastic_contradictions,p0.25,p0.25,4,uncertainty_cost_avoidance,Cost avoidance,1,31,13,3,3,0,0.25,,1,32,0,32,0,0,1,,0.0004652605459057072,,0.007256191950464396,0.0,0.0,0.0,1.0,0.0,0.0
stochastic_contradictions,p0.25,p0.25,4,uncertainty_cost_avoidance,Cost avoidance,2,31,13,3,3,0,0.25,,1,32,0,32,0,0,1,,0.0004652605459057072,,0.007256191950464396,0.0,0.0,0.0,1.0,0.0,0.0
stochastic_contradictions,p0.25,p0.25,4,uncertainty_cost_avoidance,Cost avoidance,3,31,13,3,3,0,0.25,,1,32,0,32,0,0,1,,0.0004652605459057072,,0.007256191950464396,0.0,0.0,0.0,1.0,0.0,0.0
stochastic_contradictions,p0.25,p0.25,4,uncertainty_cost_avoidance,Cost avoidance,4,31,13,3,3,0,0.25,,1,32,0,32,0,0,1,,0.0004652605459057072,,0.007256191950464396,0.0,0.0,0.0,1.0,0.0,0.0
stochastic_contradictions,p0.25,p0.25,4,uncertainty_cost_avoidance,Cost avoidance,5,31,13,3,3,0,0.25,,1,32,0,32,0,0,1,,0.0004652605459057072,,0.007256191950464396,0.0,0.0,0.0,1.0,0.0,0.0
stochastic_contradictions,p0.25,p0.25,4,uncertainty_cost_avoidance,Cost avoidance,6,31,13,3,3,0,0.25,,1,32,0,32,0,0,1,,0.0004652605459057072,,0.007256191950464396,0.0,0.0,0.0,1.0,0.0,0.0
stochastic_contradictions,p0.25,p0.25,4,uncertainty_cost_avoidance,Cost avoidance,7,31,13,3,3,0,0.25,,1,33,1,33,0,0,2,,0.0004652605459057072,,0.007256191950464396,0.0,0.0,0.0,1.0,0.0,0.0
stochastic_contradictions,p0.25,p0.25,4,oracle_fault_model,Oracle,0,31,13,3,3,0,0.25,,1,32,0,32,0,0,0,,0.0013957816377171215,,0.02176857585139319,3.0,3.0,0.0,1.0,1.0,0.0
stochastic_contradictions,p0.25,p0.25,4,oracle_fault_model,Oracle,1,31,13,3,3,0,0.25,,1,32,0,32,0,0,0,,0.0013957816377171215,,0.02176857585139319,3.0,3.0,0.0,1.0,1.0,0.0
stochastic_contradictions,p0.25,p0.25,4,oracle_fault_model,Oracle,2,31,13,3,3,0,0.25,,1,32,0,32,0,0,0,,0.0013957816377171215,,0.02176857585139319,3.0,3.0,0.0,1.0,1.0,0.0
stochastic_contradictions,p0.25,p0.25,4,oracle_fault_model,Oracle,3,31,13,3,3,0,0.25,,1,32,0,32,0,0,0,,0.0013957816377171215,,0.02176857585139319,3.0,3.0,0.0,1.0,1.0,0.0
stochastic_contradictions,p0.25,p0.25,4,oracle_fault_model,Oracle,4,31,13,3,3,0,0.25,,1,32,0,32,0,0,0,,0.0013957816377171215,,0.02176857585139319,3.0,3.0,0.0,1.0,1.0,0.0
stochastic_contradictions,p0.25,p0.25,4,oracle_fault_model,Oracle,5,31,13,3,3,0,0.25,,1,32,0,32,0,0,0,,0.0013957816377171215,,0.02176857585139319,3.0,3.0,0.0,1.0,1.0,0.0
stochastic_contradictions,p0.25,p0.25,4,oracle_fault_model,Oracle,6,31,13,3,3,0,0.25,,1,32,0,32,0,0,0,,0.0013957816377171215,,0.02176857585139319,3.0,3.0,0.0,1.0,1.0,0.0
stochastic_contradictions,p0.25,p0.25,4,oracle_fault_model,Oracle,7,31,13,3,3,0,0.25,,1,32,0,32,0,0,0,,0.0013957816377171215,,0.02176857585139319,3.0,3.0,0.0,1.0,1.0,0.0
stochastic_contradictions,p0.25,p0.25,5,nominal_no_repair,Nominal,0,31,13,3,3,0,0.25,,1,30,0,30,0,0,0,,0.0004652605459057072,,0.007256191950464396,0.0,0.0,0.0,1.0,0.0,0.0
stochastic_contradictions,p0.25,p0.25,5,nominal_no_repair,Nominal,1,31,13,3,3,0,0.25,,1,30,0,30,0,0,0,,0.0004652605459057072,,0.007256191950464396,0.0,0.0,0.0,1.0,0.0,0.0
stochastic_contradictions,p0.25,p0.25,5,nominal_no_repair,Nominal,2,31,13,3,3,0,0.25,,1,30,0,30,0,0,0,,0.0004652605459057072,,0.007256191950464396,0.0,0.0,0.0,1.0,0.0,0.0
stochastic_contradictions,p0.25,p0.25,5,nominal_no_repair,Nominal,3,31,13,3,3,0,0.25,,0,220,216,5,0,1,0,,0.0004652605459057072,,0.007256191950464396,0.0,0.0,0.0,1.0,0.0,0.0
stochastic_contradictions,p0.25,p0.25,5,nominal_no_repair,Nominal,4,31,13,3,3,0,0.25,,1,30,0,30,0,0,0,,0.0004652605459057072,,0.007256191950464396,0.0,0.0,0.0,1.0,0.0,0.0
stochastic_contradictions,p0.25,p0.25,5,nominal_no_repair,Nominal,5,31,13,3,3,0,0.25,,0,220,196,25,0,1,0,,0.0004652605459057072,,0.007256191950464396,0.0,0.0,0.0,1.0,0.0,0.0
stochastic_contradictions,p0.25,p0.25,5,nominal_no_repair,Nominal,6,31,13,3,3,0,0.25,,0,220,196,25,0,1,0,,0.0004652605459057072,,0.007256191950464396,0.0,0.0,0.0,1.0,0.0,0.0
stochastic_contradictions,p0.25,p0.25,5,nominal_no_repair,Nominal,7,31,13,3,3,0,0.25,,1,30,0,30,0,0,0,,0.0004652605459057072,,0.007256191950464396,0.0,0.0,0.0,1.0,0.0,0.0
stochastic_contradictions,p0.25,p0.25,5,threshold_2,Threshold 2,0,31,13,3,3,0,0.25,,1,31,1,31,0,0,0,,0.0004652605459057072,,0.007256191950464396,0.0,0.0,0.0,1.0,0.0,0.0
stochastic_contradictions,p0.25,p0.25,5,threshold_2,Threshold 2,1,31,13,3,3,0,0.25,,1,30,0,30,0,0,0,,0.0004652605459057072,,0.007256191950464396,0.0,0.0,0.0,1.0,0.0,0.0
stochastic_contradictions,p0.25,p0.25,5,threshold_2,Threshold 2,2,31,13,3,3,0,0.25,,1,32,2,32,0,0,0,,0.0004652605459057072,,0.007256191950464396,0.0,0.0,0.0,1.0,0.0,0.0
stochastic_contradictions,p0.25,p0.25,5,threshold_2,Threshold 2,3,31,13,3,3,0,0.25,,1,33,1,33,0,0,1,,0.0007754342431761787,,0.012093653250773995,1.0,1.0,0.0,1.0,0.3333333333333333,0.0
stochastic_contradictions,p0.25,p0.25,5,threshold_2,Threshold 2,4,31,13,3,3,0,0.25,,1,32,0,32,0,0,1,,0.0007754342431761787,,0.012093653250773995,1.0,1.0,0.0,1.0,0.3333333333333333,0.0
stochastic_contradictions,p0.25,p0.25,5,threshold_2,Threshold 2,5,31,13,3,3,0,0.25,,1,32,0,32,0,0,1,,0.0007754342431761787,,0.012093653250773995,1.0,1.0,0.0,1.0,0.3333333333333333,0.0
stochastic_contradictions,p0.25,p0.25,5,threshold_2,Threshold 2,6,31,13,3,3,0,0.25,,1,32,0,32,0,0,1,,0.0007754342431761787,,0.012093653250773995,1.0,1.0,0.0,1.0,0.3333333333333333,0.0
stochastic_contradictions,p0.25,p0.25,5,threshold_2,Threshold 2,7,31,13,3,3,0,0.25,,1,32,0,32,0,0,1,,0.0007754342431761787,,0.012093653250773995,1.0,1.0,0.0,1.0,0.3333333333333333,0.0
stochastic_contradictions,p0.25,p0.25,5,threshold_4,Threshold 4,0,31,13,3,3,0,0.25,,1,30,0,30,0,0,0,,0.0004652605459057072,,0.007256191950464396,0.0,0.0,0.0,1.0,0.0,0.0
stochastic_contradictions,p0.25,p0.25,5,threshold_4,Threshold 4,1,31,13,3,3,0,0.25,,1,31,1,31,0,0,0,,0.0004652605459057072,,0.007256191950464396,0.0,0.0,0.0,1.0,0.0,0.0
stochastic_contradictions,p0.25,p0.25,5,threshold_4,Threshold 4,2,31,13,3,3,0,0.25,,1,31,1,31,0,0,0,,0.0004652605459057072,,0.007256191950464396,0.0,0.0,0.0,1.0,0.0,0.0
stochastic_contradictions,p0.25,p0.25,5,threshold_4,Threshold 4,3,31,13,3,3,0,0.25,,1,30,0,30,0,0,0,,0.0004652605459057072,,0.007256191950464396,0.0,0.0,0.0,1.0,0.0,0.0
stochastic_contradictions,p0.25,p0.25,5,threshold_4,Threshold 4,4,31,13,3,3,0,0.25,,1,30,0,30,0,0,0,,0.0004652605459057072,,0.007256191950464396,0.0,0.0,0.0,1.0,0.0,0.0
stochastic_contradictions,p0.25,p0.25,5,threshold_4,Threshold 4,5,31,13,3,3,0,0.25,,1,32,2,32,0,0,0,,0.0004652605459057072,,0.007256191950464396,0.0,0.0,0.0,1.0,0.0,0.0
stochastic_contradictions,p0.25,p0.25,5,threshold_4,Threshold 4,6,31,13,3,3,0,0.25,,1,30,0,30,0,0,0,,0.0004652605459057072,,0.007256191950464396,0.0,0.0,0.0,1.0,0.0,0.0
stochastic_contradictions,p0.25,p0.25,5,threshold_4,Threshold 4,7,31,13,3,3,0,0.25,,1,33,1,33,0,0,1,,0.0007754342431761787,,0.012093653250773995,1.0,1.0,0.0,1.0,0.3333333333333333,0.0
stochastic_contradictions,p0.25,p0.25,5,threshold_8,Threshold 8,0,31,13,3,3,0,0.25,,1,32,2,32,0,0,0,,0.0004652605459057072,,0.007256191950464396,0.0,0.0,0.0,1.0,0.0,0.0
stochastic_contradictions,p0.25,p0.25,5,threshold_8,Threshold 8,1,31,13,3,3,0,0.25,,1,32,2,32,0,0,0,,0.0004652605459057072,,0.007256191950464396,0.0,0.0,0.0,1.0,0.0,0.0
stochastic_contradictions,p0.25,p0.25,5,threshold_8,Threshold 8,2,31,13,3,3,0,0.25,,1,30,0,30,0,0,0,,0.0004652605459057072,,0.007256191950464396,0.0,0.0,0.0,1.0,0.0,0.0
stochastic_contradictions,p0.25,p0.25,5,threshold_8,Threshold 8,3,31,13,3,3,0,0.25,,1,31,1,31,0,0,0,,0.0004652605459057072,,0.007256191950464396,0.0,0.0,0.0,1.0,0.0,0.0
stochastic_contradictions,p0.25,p0.25,5,threshold_8,Threshold 8,4,31,13,3,3,0,0.25,,1,31,1,31,0,0,0,,0.0004652605459057072,,0.007256191950464396,0.0,0.0,0.0,1.0,0.0,0.0
stochastic_contradictions,p0.25,p0.25,5,threshold_8,Threshold 8,5,31,13,3,3,0,0.25,,1,31,1,31,0,0,0,,0.0004652605459057072,,0.007256191950464396,0.0,0.0,0.0,1.0,0.0,0.0
stochastic_contradictions,p0.25,p0.25,5,threshold_8,Threshold 8,6,31,13,3,3,0,0.25,,1,31,1,31,0,0,0,,0.0004652605459057072,,0.007256191950464396,0.0,0.0,0.0,1.0,0.0,0.0
stochastic_contradictions,p0.25,p0.25,5,threshold_8,Threshold 8,7,31,13,3,3,0,0.25,,1,33,3,33,0,0,0,,0.0004652605459057072,,0.007256191950464396,0.0,0.0,0.0,1.0,0.0,0.0
stochastic_contradictions,p0.25,p0.25,5,ccra_exact_guard,CCRA exact,0,31,13,3,3,0,0.25,,1,33,1,33,0,0,1,,0.0007754342431761787,,0.012093653250773995,1.0,1.0,0.0,1.0,0.3333333333333333,0.0
stochastic_contradictions,p0.25,p0.25,5,ccra_exact_guard,CCRA exact,1,31,13,3,3,0,0.25,,1,32,0,32,0,0,1,,0.0007754342431761787,,0.012093653250773995,1.0,1.0,0.0,1.0,0.3333333333333333,0.0
stochastic_contradictions,p0.25,p0.25,5,ccra_exact_guard,CCRA exact,2,31,13,3,3,0,0.25,,1,32,0,32,0,0,1,,0.0007754342431761787,,0.012093653250773995,1.0,1.0,0.0,1.0,0.3333333333333333,0.0
stochastic_contradictions,p0.25,p0.25,5,ccra_exact_guard,CCRA exact,3,31,13,3,3,0,0.25,,1,32,0,32,0,0,1,,0.0007754342431761787,,0.012093653250773995,1.0,1.0,0.0,1.0,0.3333333333333333,0.0
stochastic_contradictions,p0.25,p0.25,5,ccra_exact_guard,CCRA exact,4,31,13,3,3,0,0.25,,1,32,0,32,0,0,1,,0.0007754342431761787,,0.012093653250773995,1.0,1.0,0.0,1.0,0.3333333333333333,0.0
stochastic_contradictions,p0.25,p0.25,5,ccra_exact_guard,CCRA exact,5,31,13,3,3,0,0.25,,1,32,0,32,0,0,1,,0.0007754342431761787,,0.012093653250773995,1.0,1.0,0.0,1.0,0.3333333333333333,0.0
stochastic_contradictions,p0.25,p0.25,5,ccra_exact_guard,CCRA exact,6,31,13,3,3,0,0.25,,1,32,0,32,0,0,1,,0.0007754342431761787,,0.012093653250773995,1.0,1.0,0.0,1.0,0.3333333333333333,0.0
stochastic_contradictions,p0.25,p0.25,5,ccra_exact_guard,CCRA exact,7,31,13,3,3,0,0.25,,1,33,1,33,0,0,2,,0.0010856079404466502,,0.016931114551083593,2.0,2.0,0.0,1.0,0.6666666666666666,0.0
stochastic_contradictions,p0.25,p0.25,5,uncertainty_cost_avoidance,Cost avoidance,0,31,13,3,3,0,0.25,,1,33,1,33,0,0,1,,0.0004652605459057072,,0.007256191950464396,0.0,0.0,0.0,1.0,0.0,0.0
stochastic_contradictions,p0.25,p0.25,5,uncertainty_cost_avoidance,Cost avoidance,1,31,13,3,3,0,0.25,,1,32,0,32,0,0,1,,0.0004652605459057072,,0.007256191950464396,0.0,0.0,0.0,1.0,0.0,0.0
stochastic_contradictions,p0.25,p0.25,5,uncertainty_cost_avoidance,Cost avoidance,2,31,13,3,3,0,0.25,,1,32,0,32,0,0,1,,0.0004652605459057072,,0.007256191950464396,0.0,0.0,0.0,1.0,0.0,0.0
stochastic_contradictions,p0.25,p0.25,5,uncertainty_cost_avoidance,Cost avoidance,3,31,13,3,3,0,0.25,,1,32,0,32,0,0,1,,0.0004652605459057072,,0.007256191950464396,0.0,0.0,0.0,1.0,0.0,0.0
stochastic_contradictions,p0.25,p0.25,5,uncertainty_cost_avoidance,Cost avoidance,4,31,13,3,3,0,0.25,,1,33,1,33,0,0,2,,0.0004652605459057072,,0.007256191950464396,0.0,0.0,0.0,1.0,0.0,0.0
stochastic_contradictions,p0.25,p0.25,5,uncertainty_cost_avoidance,Cost avoidance,5,31,13,3,3,0,0.25,,1,33,1,33,0,0,3,,0.0004652605459057072,,0.007256191950464396,0.0,0.0,0.0,1.0,0.0,0.0
stochastic_contradictions,p0.25,p0.25,5,uncertainty_cost_avoidance,Cost avoidance,6,31,13,3,3,0,0.25,,1,32,0,32,0,0,3,,0.0004652605459057072,,0.007256191950464396,0.0,0.0,0.0,1.0,0.0,0.0
stochastic_contradictions,p0.25,p0.25,5,uncertainty_cost_avoidance,Cost avoidance,7,31,13,3,3,0,0.25,,1,32,0,32,0,0,3,,0.0004652605459057072,,0.007256191950464396,0.0,0.0,0.0,1.0,0.0,0.0
stochastic_contradictions,p0.25,p0.25,5,oracle_fault_model,Oracle,0,31,13,3,3,0,0.25,,1,32,0,32,0,0,0,,0.0013957816377171215,,0.02176857585139319,3.0,3.0,0.0,1.0,1.0,0.0
stochastic_contradictions,p0.25,p0.25,5,oracle_fault_model,Oracle,1,31,13,3,3,0,0.25,,1,32,0,32,0,0,0,,0.0013957816377171215,,0.02176857585139319,3.0,3.0,0.0,1.0,1.0,0.0
stochastic_contradictions,p0.25,p0.25,5,oracle_fault_model,Oracle,2,31,13,3,3,0,0.25,,1,32,0,32,0,0,0,,0.0013957816377171215,,0.02176857585139319,3.0,3.0,0.0,1.0,1.0,0.0
stochastic_contradictions,p0.25,p0.25,5,oracle_fault_model,Oracle,3,31,13,3,3,0,0.25,,1,32,0,32,0,0,0,,0.0013957816377171215,,0.02176857585139319,3.0,3.0,0.0,1.0,1.0,0.0
stochastic_contradictions,p0.25,p0.25,5,oracle_fault_model,Oracle,4,31,13,3,3,0,0.25,,1,32,0,32,0,0,0,,0.0013957816377171215,,0.02176857585139319,3.0,3.0,0.0,1.0,1.0,0.0
stochastic_contradictions,p0.25,p0.25,5,oracle_fault_model,Oracle,5,31,13,3,3,0,0.25,,1,32,0,32,0,0,0,,0.0013957816377171215,,0.02176857585139319,3.0,3.0,0.0,1.0,1.0,0.0
stochastic_contradictions,p0.25,p0.25,5,oracle_fault_model,Oracle,6,31,13,3,3,0,0.25,,1,32,0,32,0,0,0,,0.0013957816377171215,,0.02176857585139319,3.0,3.0,0.0,1.0,1.0,0.0
stochastic_contradictions,p0.25,p0.25,5,oracle_fault_model,Oracle,7,31,13,3,3,0,0.25,,1,32,0,32,0,0,0,,0.0013957816377171215,,0.02176857585139319,3.0,3.0,0.0,1.0,1.0,0.0
stochastic_contradictions,p0.25,p0.25,6,nominal_no_repair,Nominal,0,31,13,3,3,0,0.25,,0,220,216,5,0,1,0,,0.0004652605459057072,,0.007256191950464396,0.0,0.0,0.0,1.0,0.0,0.0
stochastic_contradictions,p0.25,p0.25,6,nominal_no_repair,Nominal,1,31,13,3,3,0,0.25,,0,220,208,13,0,1,0,,0.0004652605459057072,,0.007256191950464396,0.0,0.0,0.0,1.0,0.0,0.0
stochastic_contradictions,p0.25,p0.25,6,nominal_no_repair,Nominal,2,31,13,3,3,0,0.25,,0,220,201,20,0,1,0,,0.0004652605459057072,,0.007256191950464396,0.0,0.0,0.0,1.0,0.0,0.0
stochastic_contradictions,p0.25,p0.25,6,nominal_no_repair,Nominal,3,31,13,3,3,0,0.25,,1,30,0,30,0,0,0,,0.0004652605459057072,,0.007256191950464396,0.0,0.0,0.0,1.0,0.0,0.0
stochastic_contradictions,p0.25,p0.25,6,nominal_no_repair,Nominal,4,31,13,3,3,0,0.25,,0,220,201,20,0,1,0,,0.0004652605459057072,,0.007256191950464396,0.0,0.0,0.0,1.0,0.0,0.0
stochastic_contradictions,p0.25,p0.25,6,nominal_no_repair,Nominal,5,31,13,3,3,0,0.25,,0,220,208,13,0,1,0,,0.0004652605459057072,,0.007256191950464396,0.0,0.0,0.0,1.0,0.0,0.0
stochastic_contradictions,p0.25,p0.25,6,nominal_no_repair,Nominal,6,31,13,3,3,0,0.25,,0,220,208,13,0,1,0,,0.0004652605459057072,,0.007256191950464396,0.0,0.0,0.0,1.0,0.0,0.0
stochastic_contradictions,p0.25,p0.25,6,nominal_no_repair,Nominal,7,31,13,3,3,0,0.25,,0,220,216,5,0,1,0,,0.0004652605459057072,,0.007256191950464396,0.0,0.0,0.0,1.0,0.0,0.0
stochastic_contradictions,p0.25,p0.25,6,threshold_2,Threshold 2,0,31,13,3,3,0,0.25,,1,31,1,31,0,0,0,,0.0004652605459057072,,0.007256191950464396,0.0,0.0,0.0,1.0,0.0,0.0
stochastic_contradictions,p0.25,p0.25,6,threshold_2,Threshold 2,1,31,13,3,3,0,0.25,,1,34,2,34,0,0,1,,0.0007754342431761787,,0.012093653250773995,1.0,1.0,0.0,1.0,0.3333333333333333,0.0
stochastic_contradictions,p0.25,p0.25,6,threshold_2,Threshold 2,2,31,13,3,3,0,0.25,,1,32,0,32,0,0,1,,0.0007754342431761787,,0.012093653250773995,1.0,1.0,0.0,1.0,0.3333333333333333,0.0
stochastic_contradictions,p0.25,p0.25,6,threshold_2,Threshold 2,3,31,13,3,3,0,0.25,,1,32,0,32,0,0,1,,0.0007754342431761787,,0.012093653250773995,1.0,1.0,0.0,1.0,0.3333333333333333,0.0
stochastic_contradictions,p0.25,p0.25,6,threshold_2,Threshold 2,4,31,13,3,3,0,0.25,,1,32,0,32,0,0,1,,0.0007754342431761787,,0.012093653250773995,1.0,1.0,0.0,1.0,0.3333333333333333,0.0
stochastic_contradictions,p0.25,p0.25,6,threshold_2,Threshold 2,5,31,13,3,3,0,0.25,,1,32,0,32,0,0,1,,0.0007754342431761787,,0.012093653250773995,1.0,1.0,0.0,1.0,0.3333333333333333,0.0
stochastic_contradictions,p0.25,p0.25,6,threshold_2,Threshold 2,6,31,13,3,3,0,0.25,,1,32,0,32,0,0,1,,0.0007754342431761787,,0.012093653250773995,1.0,1.0,0.0,1.0,0.3333333333333333,0.0
stochastic_contradictions,p0.25,p0.25,6,threshold_2,Threshold 2,7,31,13,3,3,0,0.25,,1,32,0,32,0,0,1,,0.0007754342431761787,,0.012093653250773995,1.0,1.0,0.0,1.0,0.3333333333333333,0.0
stochastic_contradictions,p0.25,p0.25,6,threshold_4,Threshold 4,0,31,13,3,3,0,0.25,,1,30,0,30,0,0,0,,0.0004652605459057072,,0.007256191950464396,0.0,0.0,0.0,1.0,0.0,0.0
stochastic_contradictions,p0.25,p0.25,6,threshold_4,Threshold 4,1,31,13,3,3,0,0.25,,1,32,2,32,0,0,0,,0.0004652605459057072,,0.007256191950464396,0.0,0.0,0.0,1.0,0.0,0.0
stochastic_contradictions,p0.25,p0.25,6,threshold_4,Threshold 4,2,31,13,3,3,0,0.25,,1,32,2,32,0,0,0,,0.0004652605459057072,,0.007256191950464396,0.0,0.0,0.0,1.0,0.0,0.0
stochastic_contradictions,p0.25,p0.25,6,threshold_4,Threshold 4,3,31,13,3,3,0,0.25,,1,30,0,30,0,0,0,,0.0004652605459057072,,0.007256191950464396,0.0,0.0,0.0,1.0,0.0,0.0
stochastic_contradictions,p0.25,p0.25,6,threshold_4,Threshold 4,4,31,13,3,3,0,0.25,,1,31,1,31,0,0,0,,0.0004652605459057072,,0.007256191950464396,0.0,0.0,0.0,1.0,0.0,0.0
stochastic_contradictions,p0.25,p0.25,6,threshold_4,Threshold 4,5,31,13,3,3,0,0.25,,1,34,2,34,0,0,1,,0.0007754342431761787,,0.012093653250773995,1.0,1.0,0.0,1.0,0.3333333333333333,0.0
stochastic_contradictions,p0.25,p0.25,6,threshold_4,Threshold 4,6,31,13,3,3,0,0.25,,1,32,0,32,0,0,1,,0.0007754342431761787,,0.012093653250773995,1.0,1.0,0.0,1.0,0.3333333333333333,0.0
stochastic_contradictions,p0.25,p0.25,6,threshold_4,Threshold 4,7,31,13,3,3,0,0.25,,1,32,0,32,0,0,1,,0.0007754342431761787,,0.012093653250773995,1.0,1.0,0.0,1.0,0.3333333333333333,0.0
stochastic_contradictions,p0.25,p0.25,6,threshold_8,Threshold 8,0,31,13,3,3,0,0.25,,1,31,1,31,0,0,0,,0.0004652605459057072,,0.007256191950464396,0.0,0.0,0.0,1.0,0.0,0.0
stochastic_contradictions,p0.25,p0.25,6,threshold_8,Threshold 8,1,31,13,3,3,0,0.25,,1,30,0,30,0,0,0,,0.0004652605459057072,,0.007256191950464396,0.0,0.0,0.0,1.0,0.0,0.0
stochastic_contradictions,p0.25,p0.25,6,threshold_8,Threshold 8,2,31,13,3,3,0,0.25,,1,32,2,32,0,0,0,,0.0004652605459057072,,0.007256191950464396,0.0,0.0,0.0,1.0,0.0,0.0
stochastic_contradictions,p0.25,p0.25,6,threshold_8,Threshold 8,3,31,13,3,3,0,0.25,,1,32,2,32,0,0,0,,0.0004652605459057072,,0.007256191950464396,0.0,0.0,0.0,1.0,0.0,0.0
stochastic_contradictions,p0.25,p0.25,6,threshold_8,Threshold 8,4,31,13,3,3,0,0.25,,1,30,0,30,0,0,0,,0.0004652605459057072,,0.007256191950464396,0.0,0.0,0.0,1.0,0.0,0.0
stochastic_contradictions,p0.25,p0.25,6,threshold_8,Threshold 8,5,31,13,3,3,0,0.25,,1,31,1,31,0,0,0,,0.0004652605459057072,,0.007256191950464396,0.0,0.0,0.0,1.0,0.0,0.0
stochastic_contradictions,p0.25,p0.25,6,threshold_8,Threshold 8,6,31,13,3,3,0,0.25,,1,30,0,30,0,0,0,,0.0004652605459057072,,0.007256191950464396,0.0,0.0,0.0,1.0,0.0,0.0
stochastic_contradictions,p0.25,p0.25,6,threshold_8,Threshold 8,7,31,13,3,3,0,0.25,,1,31,1,31,0,0,0,,0.0004652605459057072,,0.007256191950464396,0.0,0.0,0.0,1.0,0.0,0.0
stochastic_contradictions,p0.25,p0.25,6,ccra_exact_guard,CCRA exact,0,31,13,3,3,0,0.25,,1,33,1,33,0,0,1,,0.0007754342431761787,,0.012093653250773995,1.0,1.0,0.0,1.0,0.3333333333333333,0.0
stochastic_contradictions,p0.25,p0.25,6,ccra_exact_guard,CCRA exact,1,31,13,3,3,0,0.25,,1,33,1,33,0,0,2,,0.0010856079404466502,,0.016931114551083593,2.0,2.0,0.0,1.0,0.6666666666666666,0.0
stochastic_contradictions,p0.25,p0.25,6,ccra_exact_guard,CCRA exact,2,31,13,3,3,0,0.25,,1,32,0,32,0,0,2,,0.0010856079404466502,,0.016931114551083593,2.0,2.0,0.0,1.0,0.6666666666666666,0.0
stochastic_contradictions,p0.25,p0.25,6,ccra_exact_guard,CCRA exact,3,31,13,3,3,0,0.25,,1,32,0,32,0,0,2,,0.0010856079404466502,,0.016931114551083593,2.0,2.0,0.0,1.0,0.6666666666666666,0.0
stochastic_contradictions,p0.25,p0.25,6,ccra_exact_guard,CCRA exact,4,31,13,3,3,0,0.25,,1,32,0,32,0,0,2,,0.0010856079404466502,,0.016931114551083593,2.0,2.0,0.0,1.0,0.6666666666666666,0.0
stochastic_contradictions,p0.25,p0.25,6,ccra_exact_guard,CCRA exact,5,31,13,3,3,0,0.25,,1,32,0,32,0,0,2,,0.0010856079404466502,,0.016931114551083593,2.0,2.0,0.0,1.0,0.6666666666666666,0.0
stochastic_contradictions,p0.25,p0.25,6,ccra_exact_guard,CCRA exact,6,31,13,3,3,0,0.25,,1,32,0,32,0,0,2,,0.0010856079404466502,,0.016931114551083593,2.0,2.0,0.0,1.0,0.6666666666666666,0.0
stochastic_contradictions,p0.25,p0.25,6,ccra_exact_guard,CCRA exact,7,31,13,3,3,0,0.25,,1,32,0,32,0,0,2,,0.0010856079404466502,,0.016931114551083593,2.0,2.0,0.0,1.0,0.6666666666666666,0.0
stochastic_contradictions,p0.25,p0.25,6,uncertainty_cost_avoidance,Cost avoidance,0,31,13,3,3,0,0.25,,1,30,0,30,0,0,0,,0.0004652605459057072,,0.007256191950464396,0.0,0.0,0.0,1.0,0.0,0.0
stochastic_contradictions,p0.25,p0.25,6,uncertainty_cost_avoidance,Cost avoidance,1,31,13,3,3,0,0.25,,1,33,1,33,0,0,1,,0.0004652605459057072,,0.007256191950464396,0.0,0.0,0.0,1.0,0.0,0.0
stochastic_contradictions,p0.25,p0.25,6,uncertainty_cost_avoidance,Cost avoidance,2,31,13,3,3,0,0.25,,1,32,0,32,0,0,1,,0.0004652605459057072,,0.007256191950464396,0.0,0.0,0.0,1.0,0.0,0.0
stochastic_contradictions,p0.25,p0.25,6,uncertainty_cost_avoidance,Cost avoidance,3,31,13,3,3,0,0.25,,1,33,1,33,0,0,2,,0.0004652605459057072,,0.007256191950464396,0.0,0.0,0.0,1.0,0.0,0.0
stochastic_contradictions,p0.25,p0.25,6,uncertainty_cost_avoidance,Cost avoidance,4,31,13,3,3,0,0.25,,1,32,0,32,0,0,2,,0.0004652605459057072,,0.007256191950464396,0.0,0.0,0.0,1.0,0.0,0.0
stochastic_contradictions,p0.25,p0.25,6,uncertainty_cost_avoidance,Cost avoidance,5,31,13,3,3,0,0.25,,1,32,0,32,0,0,2,,0.0004652605459057072,,0.007256191950464396,0.0,0.0,0.0,1.0,0.0,0.0
stochastic_contradictions,p0.25,p0.25,6,uncertainty_cost_avoidance,Cost avoidance,6,31,13,3,3,0,0.25,,1,32,0,32,0,0,2,,0.0004652605459057072,,0.007256191950464396,0.0,0.0,0.0,1.0,0.0,0.0
stochastic_contradictions,p0.25,p0.25,6,uncertainty_cost_avoidance,Cost avoidance,7,31,13,3,3,0,0.25,,1,32,0,32,0,0,2,,0.0004652605459057072,,0.007256191950464396,0.0,0.0,0.0,1.0,0.0,0.0
stochastic_contradictions,p0.25,p0.25,6,oracle_fault_model,Oracle,0,31,13,3,3,0,0.25,,1,32,0,32,0,0,0,,0.0013957816377171215,,0.02176857585139319,3.0,3.0,0.0,1.0,1.0,0.0
stochastic_contradictions,p0.25,p0.25,6,oracle_fault_model,Oracle,1,31,13,3,3,0,0.25,,1,32,0,32,0,0,0,,0.0013957816377171215,,0.02176857585139319,3.0,3.0,0.0,1.0,1.0,0.0
stochastic_contradictions,p0.25,p0.25,6,oracle_fault_model,Oracle,2,31,13,3,3,0,0.25,,1,32,0,32,0,0,0,,0.0013957816377171215,,0.02176857585139319,3.0,3.0,0.0,1.0,1.0,0.0
stochastic_contradictions,p0.25,p0.25,6,oracle_fault_model,Oracle,3,31,13,3,3,0,0.25,,1,32,0,32,0,0,0,,0.0013957816377171215,,0.02176857585139319,3.0,3.0,0.0,1.0,1.0,0.0
stochastic_contradictions,p0.25,p0.25,6,oracle_fault_model,Oracle,4,31,13,3,3,0,0.25,,1,32,0,32,0,0,0,,0.0013957816377171215,,0.02176857585139319,3.0,3.0,0.0,1.0,1.0,0.0
stochastic_contradictions,p0.25,p0.25,6,oracle_fault_model,Oracle,5,31,13,3,3,0,0.25,,1,32,0,32,0,0,0,,0.0013957816377171215,,0.02176857585139319,3.0,3.0,0.0,1.0,1.0,0.0
stochastic_contradictions,p0.25,p0.25,6,oracle_fault_model,Oracle,6,31,13,3,3,0,0.25,,1,32,0,32,0,0,0,,0.0013957816377171215,,0.02176857585139319,3.0,3.0,0.0,1.0,1.0,0.0
stochastic_contradictions,p0.25,p0.25,6,oracle_fault_model,Oracle,7,31,13,3,3,0,0.25,,1,32,0,32,0,0,0,,0.0013957816377171215,,0.02176857585139319,3.0,3.0,0.0,1.0,1.0,0.0
stochastic_contradictions,p0.25,p0.25,7,nominal_no_repair,Nominal,0,31,13,3,3,0,0.25,,1,30,0,30,0,0,0,,0.0004652605459057072,,0.007256191950464396,0.0,0.0,0.0,1.0,0.0,0.0
stochastic_contradictions,p0.25,p0.25,7,nominal_no_repair,Nominal,1,31,13,3,3,0,0.25,,0,220,203,18,0,1,0,,0.0004652605459057072,,0.007256191950464396,0.0,0.0,0.0,1.0,0.0,0.0
stochastic_contradictions,p0.25,p0.25,7,nominal_no_repair,Nominal,2,31,13,3,3,0,0.25,,0,220,211,10,0,1,0,,0.0004652605459057072,,0.007256191950464396,0.0,0.0,0.0,1.0,0.0,0.0
stochastic_contradictions,p0.25,p0.25,7,nominal_no_repair,Nominal,3,31,13,3,3,0,0.25,,0,220,204,17,0,1,0,,0.0004652605459057072,,0.007256191950464396,0.0,0.0,0.0,1.0,0.0,0.0
stochastic_contradictions,p0.25,p0.25,7,nominal_no_repair,Nominal,4,31,13,3,3,0,0.25,,0,220,204,17,0,1,0,,0.0004652605459057072,,0.007256191950464396,0.0,0.0,0.0,1.0,0.0,0.0
stochastic_contradictions,p0.25,p0.25,7,nominal_no_repair,Nominal,5,31,13,3,3,0,0.25,,0,220,203,18,0,1,0,,0.0004652605459057072,,0.007256191950464396,0.0,0.0,0.0,1.0,0.0,0.0
stochastic_contradictions,p0.25,p0.25,7,nominal_no_repair,Nominal,6,31,13,3,3,0,0.25,,0,220,211,10,0,1,0,,0.0004652605459057072,,0.007256191950464396,0.0,0.0,0.0,1.0,0.0,0.0
stochastic_contradictions,p0.25,p0.25,7,nominal_no_repair,Nominal,7,31,13,3,3,0,0.25,,1,30,0,30,0,0,0,,0.0004652605459057072,,0.007256191950464396,0.0,0.0,0.0,1.0,0.0,0.0
stochastic_contradictions,p0.25,p0.25,7,threshold_2,Threshold 2,0,31,13,3,3,0,0.25,,1,30,0,30,0,0,0,,0.0004652605459057072,,0.007256191950464396,0.0,0.0,0.0,1.0,0.0,0.0
stochastic_contradictions,p0.25,p0.25,7,threshold_2,Threshold 2,1,31,13,3,3,0,0.25,,1,30,0,30,0,0,0,,0.0004652605459057072,,0.007256191950464396,0.0,0.0,0.0,1.0,0.0,0.0
stochastic_contradictions,p0.25,p0.25,7,threshold_2,Threshold 2,2,31,13,3,3,0,0.25,,1,31,1,31,0,0,0,,0.0004652605459057072,,0.007256191950464396,0.0,0.0,0.0,1.0,0.0,0.0
stochastic_contradictions,p0.25,p0.25,7,threshold_2,Threshold 2,3,31,13,3,3,0,0.25,,1,34,2,34,0,0,1,,0.0007754342431761787,,0.012093653250773995,1.0,1.0,0.0,1.0,0.3333333333333333,0.0
stochastic_contradictions,p0.25,p0.25,7,threshold_2,Threshold 2,4,31,13,3,3,0,0.25,,1,32,0,32,0,0,1,,0.0007754342431761787,,0.012093653250773995,1.0,1.0,0.0,1.0,0.3333333333333333,0.0
stochastic_contradictions,p0.25,p0.25,7,threshold_2,Threshold 2,5,31,13,3,3,0,0.25,,1,32,0,32,0,0,1,,0.0007754342431761787,,0.012093653250773995,1.0,1.0,0.0,1.0,0.3333333333333333,0.0
stochastic_contradictions,p0.25,p0.25,7,threshold_2,Threshold 2,6,31,13,3,3,0,0.25,,1,32,0,32,0,0,1,,0.0007754342431761787,,0.012093653250773995,1.0,1.0,0.0,1.0,0.3333333333333333,0.0
stochastic_contradictions,p0.25,p0.25,7,threshold_2,Threshold 2,7,31,13,3,3,0,0.25,,1,32,0,32,0,0,1,,0.0007754342431761787,,0.012093653250773995,1.0,1.0,0.0,1.0,0.3333333333333333,0.0
stochastic_contradictions,p0.25,p0.25,7,threshold_4,Threshold 4,0,31,13,3,3,0,0.25,,1,32,2,32,0,0,0,,0.0004652605459057072,,0.007256191950464396,0.0,0.0,0.0,1.0,0.0,0.0
stochastic_contradictions,p0.25,p0.25,7,threshold_4,Threshold 4,1,31,13,3,3,0,0.25,,1,30,0,30,0,0,0,,0.0004652605459057072,,0.007256191950464396,0.0,0.0,0.0,1.0,0.0,0.0
stochastic_contradictions,p0.25,p0.25,7,threshold_4,Threshold 4,2,31,13,3,3,0,0.25,,1,34,2,34,0,0,1,,0.0007754342431761787,,0.012093653250773995,1.0,1.0,0.0,1.0,0.3333333333333333,0.0
stochastic_contradictions,p0.25,p0.25,7,threshold_4,Threshold 4,3,31,13,3,3,0,0.25,,1,32,0,32,0,0,1,,0.0007754342431761787,,0.012093653250773995,1.0,1.0,0.0,1.0,0.3333333333333333,0.0
stochastic_contradictions,p0.25,p0.25,7,threshold_4,Threshold 4,4,31,13,3,3,0,0.25,,1,32,0,32,0,0,1,,0.0007754342431761787,,0.012093653250773995,1.0,1.0,0.0,1.0,0.3333333333333333,0.0
stochastic_contradictions,p0.25,p0.25,7,threshold_4,Threshold 4,5,31,13,3,3,0,0.25,,1,32,0,32,0,0,1,,0.0007754342431761787,,0.012093653250773995,1.0,1.0,0.0,1.0,0.3333333333333333,0.0
stochastic_contradictions,p0.25,p0.25,7,threshold_4,Threshold 4,6,31,13,3,3,0,0.25,,1,32,0,32,0,0,1,,0.0007754342431761787,,0.012093653250773995,1.0,1.0,0.0,1.0,0.3333333333333333,0.0
stochastic_contradictions,p0.25,p0.25,7,threshold_4,Threshold 4,7,31,13,3,3,0,0.25,,1,32,0,32,0,0,1,,0.0007754342431761787,,0.012093653250773995,1.0,1.0,0.0,1.0,0.3333333333333333,0.0
stochastic_contradictions,p0.25,p0.25,7,threshold_8,Threshold 8,0,31,13,3,3,0,0.25,,1,33,3,33,0,0,0,,0.0004652605459057072,,0.007256191950464396,0.0,0.0,0.0,1.0,0.0,0.0
stochastic_contradictions,p0.25,p0.25,7,threshold_8,Threshold 8,1,31,13,3,3,0,0.25,,1,30,0,30,0,0,0,,0.0004652605459057072,,0.007256191950464396,0.0,0.0,0.0,1.0,0.0,0.0
stochastic_contradictions,p0.25,p0.25,7,threshold_8,Threshold 8,2,31,13,3,3,0,0.25,,1,30,0,30,0,0,0,,0.0004652605459057072,,0.007256191950464396,0.0,0.0,0.0,1.0,0.0,0.0
stochastic_contradictions,p0.25,p0.25,7,threshold_8,Threshold 8,3,31,13,3,3,0,0.25,,1,30,0,30,0,0,0,,0.0004652605459057072,,0.007256191950464396,0.0,0.0,0.0,1.0,0.0,0.0
stochastic_contradictions,p0.25,p0.25,7,threshold_8,Threshold 8,4,31,13,3,3,0,0.25,,1,30,0,30,0,0,0,,0.0004652605459057072,,0.007256191950464396,0.0,0.0,0.0,1.0,0.0,0.0
stochastic_contradictions,p0.25,p0.25,7,threshold_8,Threshold 8,5,31,13,3,3,0,0.25,,1,33,3,33,0,0,0,,0.0004652605459057072,,0.007256191950464396,0.0,0.0,0.0,1.0,0.0,0.0
stochastic_contradictions,p0.25,p0.25,7,threshold_8,Threshold 8,6,31,13,3,3,0,0.25,,1,32,2,32,0,0,0,,0.0004652605459057072,,0.007256191950464396,0.0,0.0,0.0,1.0,0.0,0.0
stochastic_contradictions,p0.25,p0.25,7,threshold_8,Threshold 8,7,31,13,3,3,0,0.25,,1,30,0,30,0,0,0,,0.0004652605459057072,,0.007256191950464396,0.0,0.0,0.0,1.0,0.0,0.0
stochastic_contradictions,p0.25,p0.25,7,ccra_exact_guard,CCRA exact,0,31,13,3,3,0,0.25,,1,30,0,30,0,0,0,,0.0004652605459057072,,0.007256191950464396,0.0,0.0,0.0,1.0,0.0,0.0
stochastic_contradictions,p0.25,p0.25,7,ccra_exact_guard,CCRA exact,1,31,13,3,3,0,0.25,,1,30,0,30,0,0,0,,0.0004652605459057072,,0.007256191950464396,0.0,0.0,0.0,1.0,0.0,0.0
stochastic_contradictions,p0.25,p0.25,7,ccra_exact_guard,CCRA exact,2,31,13,3,3,0,0.25,,1,33,1,33,0,0,1,,0.0007754342431761787,,0.012093653250773995,1.0,1.0,0.0,1.0,0.3333333333333333,0.0
stochastic_contradictions,p0.25,p0.25,7,ccra_exact_guard,CCRA exact,3,31,13,3,3,0,0.25,,1,32,0,32,0,0,1,,0.0007754342431761787,,0.012093653250773995,1.0,1.0,0.0,1.0,0.3333333333333333,0.0
stochastic_contradictions,p0.25,p0.25,7,ccra_exact_guard,CCRA exact,4,31,13,3,3,0,0.25,,1,32,0,32,0,0,1,,0.0007754342431761787,,0.012093653250773995,1.0,1.0,0.0,1.0,0.3333333333333333,0.0
stochastic_contradictions,p0.25,p0.25,7,ccra_exact_guard,CCRA exact,5,31,13,3,3,0,0.25,,1,32,0,32,0,0,1,,0.0007754342431761787,,0.012093653250773995,1.0,1.0,0.0,1.0,0.3333333333333333,0.0
stochastic_contradictions,p0.25,p0.25,7,ccra_exact_guard,CCRA exact,6,31,13,3,3,0,0.25,,1,32,0,32,0,0,1,,0.0007754342431761787,,0.012093653250773995,1.0,1.0,0.0,1.0,0.3333333333333333,0.0
stochastic_contradictions,p0.25,p0.25,7,ccra_exact_guard,CCRA exact,7,31,13,3,3,0,0.25,,1,33,1,33,0,0,2,,0.0010856079404466502,,0.016931114551083593,2.0,2.0,0.0,1.0,0.6666666666666666,0.0
stochastic_contradictions,p0.25,p0.25,7,uncertainty_cost_avoidance,Cost avoidance,0,31,13,3,3,0,0.25,,1,33,1,33,0,0,1,,0.0004652605459057072,,0.007256191950464396,0.0,0.0,0.0,1.0,0.0,0.0
stochastic_contradictions,p0.25,p0.25,7,uncertainty_cost_avoidance,Cost avoidance,1,31,13,3,3,0,0.25,,1,32,0,32,0,0,1,,0.0004652605459057072,,0.007256191950464396,0.0,0.0,0.0,1.0,0.0,0.0
stochastic_contradictions,p0.25,p0.25,7,uncertainty_cost_avoidance,Cost avoidance,2,31,13,3,3,0,0.25,,1,32,0,32,0,0,1,,0.0004652605459057072,,0.007256191950464396,0.0,0.0,0.0,1.0,0.0,0.0
stochastic_contradictions,p0.25,p0.25,7,uncertainty_cost_avoidance,Cost avoidance,3,31,13,3,3,0,0.25,,1,32,0,32,0,0,1,,0.0004652605459057072,,0.007256191950464396,0.0,0.0,0.0,1.0,0.0,0.0
stochastic_contradictions,p0.25,p0.25,7,uncertainty_cost_avoidance,Cost avoidance,4,31,13,3,3,0,0.25,,1,32,0,32,0,0,1,,0.0004652605459057072,,0.007256191950464396,0.0,0.0,0.0,1.0,0.0,0.0
stochastic_contradictions,p0.25,p0.25,7,uncertainty_cost_avoidance,Cost avoidance,5,31,13,3,3,0,0.25,,1,32,0,32,0,0,1,,0.0004652605459057072,,0.007256191950464396,0.0,0.0,0.0,1.0,0.0,0.0
stochastic_contradictions,p0.25,p0.25,7,uncertainty_cost_avoidance,Cost avoidance,6,31,13,3,3,0,0.25,,1,32,0,32,0,0,1,,0.0004652605459057072,,0.007256191950464396,0.0,0.0,0.0,1.0,0.0,0.0
stochastic_contradictions,p0.25,p0.25,7,uncertainty_cost_avoidance,Cost avoidance,7,31,13,3,3,0,0.25,,1,32,0,32,0,0,1,,0.0004652605459057072,,0.007256191950464396,0.0,0.0,0.0,1.0,0.0,0.0
stochastic_contradictions,p0.25,p0.25,7,oracle_fault_model,Oracle,0,31,13,3,3,0,0.25,,1,32,0,32,0,0,0,,0.0013957816377171215,,0.02176857585139319,3.0,3.0,0.0,1.0,1.0,0.0
stochastic_contradictions,p0.25,p0.25,7,oracle_fault_model,Oracle,1,31,13,3,3,0,0.25,,1,32,0,32,0,0,0,,0.0013957816377171215,,0.02176857585139319,3.0,3.0,0.0,1.0,1.0,0.0
stochastic_contradictions,p0.25,p0.25,7,oracle_fault_model,Oracle,2,31,13,3,3,0,0.25,,1,32,0,32,0,0,0,,0.0013957816377171215,,0.02176857585139319,3.0,3.0,0.0,1.0,1.0,0.0
stochastic_contradictions,p0.25,p0.25,7,oracle_fault_model,Oracle,3,31,13,3,3,0,0.25,,1,32,0,32,0,0,0,,0.0013957816377171215,,0.02176857585139319,3.0,3.0,0.0,1.0,1.0,0.0
stochastic_contradictions,p0.25,p0.25,7,oracle_fault_model,Oracle,4,31,13,3,3,0,0.25,,1,32,0,32,0,0,0,,0.0013957816377171215,,0.02176857585139319,3.0,3.0,0.0,1.0,1.0,0.0
stochastic_contradictions,p0.25,p0.25,7,oracle_fault_model,Oracle,5,31,13,3,3,0,0.25,,1,32,0,32,0,0,0,,0.0013957816377171215,,0.02176857585139319,3.0,3.0,0.0,1.0,1.0,0.0
stochastic_contradictions,p0.25,p0.25,7,oracle_fault_model,Oracle,6,31,13,3,3,0,0.25,,1,32,0,32,0,0,0,,0.0013957816377171215,,0.02176857585139319,3.0,3.0,0.0,1.0,1.0,0.0
stochastic_contradictions,p0.25,p0.25,7,oracle_fault_model,Oracle,7,31,13,3,3,0,0.25,,1,32,0,32,0,0,0,,0.0013957816377171215,,0.02176857585139319,3.0,3.0,0.0,1.0,1.0,0.0
stochastic_contradictions,p0.25,p0.25,8,nominal_no_repair,Nominal,0,31,13,3,3,0,0.25,,0,220,208,13,0,1,0,,0.0004652605459057072,,0.007256191950464396,0.0,0.0,0.0,1.0,0.0,0.0
stochastic_contradictions,p0.25,p0.25,8,nominal_no_repair,Nominal,1,31,13,3,3,0,0.25,,1,30,0,30,0,0,0,,0.0004652605459057072,,0.007256191950464396,0.0,0.0,0.0,1.0,0.0,0.0
stochastic_contradictions,p0.25,p0.25,8,nominal_no_repair,Nominal,2,31,13,3,3,0,0.25,,0,220,208,13,0,1,0,,0.0004652605459057072,,0.007256191950464396,0.0,0.0,0.0,1.0,0.0,0.0
stochastic_contradictions,p0.25,p0.25,8,nominal_no_repair,Nominal,3,31,13,3,3,0,0.25,,1,30,0,30,0,0,0,,0.0004652605459057072,,0.007256191950464396,0.0,0.0,0.0,1.0,0.0,0.0
stochastic_contradictions,p0.25,p0.25,8,nominal_no_repair,Nominal,4,31,13,3,3,0,0.25,,1,30,0,30,0,0,0,,0.0004652605459057072,,0.007256191950464396,0.0,0.0,0.0,1.0,0.0,0.0
stochastic_contradictions,p0.25,p0.25,8,nominal_no_repair,Nominal,5,31,13,3,3,0,0.25,,0,220,214,7,0,1,0,,0.0004652605459057072,,0.007256191950464396,0.0,0.0,0.0,1.0,0.0,0.0
stochastic_contradictions,p0.25,p0.25,8,nominal_no_repair,Nominal,6,31,13,3,3,0,0.25,,0,220,214,7,0,1,0,,0.0004652605459057072,,0.007256191950464396,0.0,0.0,0.0,1.0,0.0,0.0
stochastic_contradictions,p0.25,p0.25,8,nominal_no_repair,Nominal,7,31,13,3,3,0,0.25,,0,220,208,13,0,1,0,,0.0004652605459057072,,0.007256191950464396,0.0,0.0,0.0,1.0,0.0,0.0
stochastic_contradictions,p0.25,p0.25,8,threshold_2,Threshold 2,0,31,13,3,3,0,0.25,,1,30,0,30,0,0,0,,0.0004652605459057072,,0.007256191950464396,0.0,0.0,0.0,1.0,0.0,0.0
stochastic_contradictions,p0.25,p0.25,8,threshold_2,Threshold 2,1,31,13,3,3,0,0.25,,1,30,0,30,0,0,0,,0.0004652605459057072,,0.007256191950464396,0.0,0.0,0.0,1.0,0.0,0.0
stochastic_contradictions,p0.25,p0.25,8,threshold_2,Threshold 2,2,31,13,3,3,0,0.25,,1,31,1,31,0,0,0,,0.0004652605459057072,,0.007256191950464396,0.0,0.0,0.0,1.0,0.0,0.0
stochastic_contradictions,p0.25,p0.25,8,threshold_2,Threshold 2,3,31,13,3,3,0,0.25,,1,33,1,33,0,0,1,,0.0007754342431761787,,0.012093653250773995,1.0,1.0,0.0,1.0,0.3333333333333333,0.0
stochastic_contradictions,p0.25,p0.25,8,threshold_2,Threshold 2,4,31,13,3,3,0,0.25,,1,32,0,32,0,0,1,,0.0007754342431761787,,0.012093653250773995,1.0,1.0,0.0,1.0,0.3333333333333333,0.0
stochastic_contradictions,p0.25,p0.25,8,threshold_2,Threshold 2,5,31,13,3,3,0,0.25,,1,32,0,32,0,0,1,,0.0007754342431761787,,0.012093653250773995,1.0,1.0,0.0,1.0,0.3333333333333333,0.0
stochastic_contradictions,p0.25,p0.25,8,threshold_2,Threshold 2,6,31,13,3,3,0,0.25,,1,32,0,32,0,0,1,,0.0007754342431761787,,0.012093653250773995,1.0,1.0,0.0,1.0,0.3333333333333333,0.0
stochastic_contradictions,p0.25,p0.25,8,threshold_2,Threshold 2,7,31,13,3,3,0,0.25,,1,32,0,32,0,0,1,,0.0007754342431761787,,0.012093653250773995,1.0,1.0,0.0,1.0,0.3333333333333333,0.0
stochastic_contradictions,p0.25,p0.25,8,threshold_4,Threshold 4,0,31,13,3,3,0,0.25,,1,30,0,30,0,0,0,,0.0004652605459057072,,0.007256191950464396,0.0,0.0,0.0,1.0,0.0,0.0
stochastic_contradictions,p0.25,p0.25,8,threshold_4,Threshold 4,1,31,13,3,3,0,0.25,,1,32,2,32,0,0,0,,0.0004652605459057072,,0.007256191950464396,0.0,0.0,0.0,1.0,0.0,0.0
stochastic_contradictions,p0.25,p0.25,8,threshold_4,Threshold 4,2,31,13,3,3,0,0.25,,1,30,0,30,0,0,0,,0.0004652605459057072,,0.007256191950464396,0.0,0.0,0.0,1.0,0.0,0.0
stochastic_contradictions,p0.25,p0.25,8,threshold_4,Threshold 4,3,31,13,3,3,0,0.25,,1,30,0,30,0,0,0,,0.0004652605459057072,,0.007256191950464396,0.0,0.0,0.0,1.0,0.0,0.0
stochastic_contradictions,p0.25,p0.25,8,threshold_4,Threshold 4,4,31,13,3,3,0,0.25,,1,30,0,30,0,0,0,,0.0004652605459057072,,0.007256191950464396,0.0,0.0,0.0,1.0,0.0,0.0
stochastic_contradictions,p0.25,p0.25,8,threshold_4,Threshold 4,5,31,13,3,3,0,0.25,,1,31,1,31,0,0,0,,0.0004652605459057072,,0.007256191950464396,0.0,0.0,0.0,1.0,0.0,0.0
stochastic_contradictions,p0.25,p0.25,8,threshold_4,Threshold 4,6,31,13,3,3,0,0.25,,1,31,1,31,0,0,0,,0.0004652605459057072,,0.007256191950464396,0.0,0.0,0.0,1.0,0.0,0.0
stochastic_contradictions,p0.25,p0.25,8,threshold_4,Threshold 4,7,31,13,3,3,0,0.25,,1,32,2,32,0,0,0,,0.0004652605459057072,,0.007256191950464396,0.0,0.0,0.0,1.0,0.0,0.0
stochastic_contradictions,p0.25,p0.25,8,threshold_8,Threshold 8,0,31,13,3,3,0,0.25,,1,30,0,30,0,0,0,,0.0004652605459057072,,0.007256191950464396,0.0,0.0,0.0,1.0,0.0,0.0
stochastic_contradictions,p0.25,p0.25,8,threshold_8,Threshold 8,1,31,13,3,3,0,0.25,,1,30,0,30,0,0,0,,0.0004652605459057072,,0.007256191950464396,0.0,0.0,0.0,1.0,0.0,0.0
stochastic_contradictions,p0.25,p0.25,8,threshold_8,Threshold 8,2,31,13,3,3,0,0.25,,1,31,1,31,0,0,0,,0.0004652605459057072,,0.007256191950464396,0.0,0.0,0.0,1.0,0.0,0.0
stochastic_contradictions,p0.25,p0.25,8,threshold_8,Threshold 8,3,31,13,3,3,0,0.25,,1,30,0,30,0,0,0,,0.0004652605459057072,,0.007256191950464396,0.0,0.0,0.0,1.0,0.0,0.0
stochastic_contradictions,p0.25,p0.25,8,threshold_8,Threshold 8,4,31,13,3,3,0,0.25,,1,32,2,32,0,0,0,,0.0004652605459057072,,0.007256191950464396,0.0,0.0,0.0,1.0,0.0,0.0
stochastic_contradictions,p0.25,p0.25,8,threshold_8,Threshold 8,5,31,13,3,3,0,0.25,,1,30,0,30,0,0,0,,0.0004652605459057072,,0.007256191950464396,0.0,0.0,0.0,1.0,0.0,0.0
stochastic_contradictions,p0.25,p0.25,8,threshold_8,Threshold 8,6,31,13,3,3,0,0.25,,1,30,0,30,0,0,0,,0.0004652605459057072,,0.007256191950464396,0.0,0.0,0.0,1.0,0.0,0.0
stochastic_contradictions,p0.25,p0.25,8,threshold_8,Threshold 8,7,31,13,3,3,0,0.25,,1,31,1,31,0,0,0,,0.0004652605459057072,,0.007256191950464396,0.0,0.0,0.0,1.0,0.0,0.0
stochastic_contradictions,p0.25,p0.25,8,ccra_exact_guard,CCRA exact,0,31,13,3,3,0,0.25,,1,33,1,33,0,0,1,,0.0007754342431761787,,0.012093653250773995,1.0,1.0,0.0,1.0,0.3333333333333333,0.0
stochastic_contradictions,p0.25,p0.25,8,ccra_exact_guard,CCRA exact,1,31,13,3,3,0,0.25,,1,32,0,32,0,0,1,,0.0007754342431761787,,0.012093653250773995,1.0,1.0,0.0,1.0,0.3333333333333333,0.0
stochastic_contradictions,p0.25,p0.25,8,ccra_exact_guard,CCRA exact,2,31,13,3,3,0,0.25,,1,32,0,32,0,0,1,,0.0007754342431761787,,0.012093653250773995,1.0,1.0,0.0,1.0,0.3333333333333333,0.0
stochastic_contradictions,p0.25,p0.25,8,ccra_exact_guard,CCRA exact,3,31,13,3,3,0,0.25,,1,32,0,32,0,0,1,,0.0007754342431761787,,0.012093653250773995,1.0,1.0,0.0,1.0,0.3333333333333333,0.0
stochastic_contradictions,p0.25,p0.25,8,ccra_exact_guard,CCRA exact,4,31,13,3,3,0,0.25,,1,32,0,32,0,0,1,,0.0007754342431761787,,0.012093653250773995,1.0,1.0,0.0,1.0,0.3333333333333333,0.0
stochastic_contradictions,p0.25,p0.25,8,ccra_exact_guard,CCRA exact,5,31,13,3,3,0,0.25,,1,32,0,32,0,0,1,,0.0007754342431761787,,0.012093653250773995,1.0,1.0,0.0,1.0,0.3333333333333333,0.0
stochastic_contradictions,p0.25,p0.25,8,ccra_exact_guard,CCRA exact,6,31,13,3,3,0,0.25,,1,32,0,32,0,0,1,,0.0007754342431761787,,0.012093653250773995,1.0,1.0,0.0,1.0,0.3333333333333333,0.0
stochastic_contradictions,p0.25,p0.25,8,ccra_exact_guard,CCRA exact,7,31,13,3,3,0,0.25,,1,32,0,32,0,0,1,,0.0007754342431761787,,0.012093653250773995,1.0,1.0,0.0,1.0,0.3333333333333333,0.0
stochastic_contradictions,p0.25,p0.25,8,uncertainty_cost_avoidance,Cost avoidance,0,31,13,3,3,0,0.25,,1,33,1,33,0,0,1,,0.0004652605459057072,,0.007256191950464396,0.0,0.0,0.0,1.0,0.0,0.0
stochastic_contradictions,p0.25,p0.25,8,uncertainty_cost_avoidance,Cost avoidance,1,31,13,3,3,0,0.25,,1,33,1,33,0,0,2,,0.0004652605459057072,,0.007256191950464396,0.0,0.0,0.0,1.0,0.0,0.0
stochastic_contradictions,p0.25,p0.25,8,uncertainty_cost_avoidance,Cost avoidance,2,31,13,3,3,0,0.25,,1,32,0,32,0,0,2,,0.0004652605459057072,,0.007256191950464396,0.0,0.0,0.0,1.0,0.0,0.0
stochastic_contradictions,p0.25,p0.25,8,uncertainty_cost_avoidance,Cost avoidance,3,31,13,3,3,0,0.25,,1,32,0,32,0,0,2,,0.0004652605459057072,,0.007256191950464396,0.0,0.0,0.0,1.0,0.0,0.0
stochastic_contradictions,p0.25,p0.25,8,uncertainty_cost_avoidance,Cost avoidance,4,31,13,3,3,0,0.25,,1,32,0,32,0,0,2,,0.0004652605459057072,,0.007256191950464396,0.0,0.0,0.0,1.0,0.0,0.0
stochastic_contradictions,p0.25,p0.25,8,uncertainty_cost_avoidance,Cost avoidance,5,31,13,3,3,0,0.25,,1,32,0,32,0,0,2,,0.0004652605459057072,,0.007256191950464396,0.0,0.0,0.0,1.0,0.0,0.0
stochastic_contradictions,p0.25,p0.25,8,uncertainty_cost_avoidance,Cost avoidance,6,31,13,3,3,0,0.25,,1,32,0,32,0,0,2,,0.0004652605459057072,,0.007256191950464396,0.0,0.0,0.0,1.0,0.0,0.0
stochastic_contradictions,p0.25,p0.25,8,uncertainty_cost_avoidance,Cost avoidance,7,31,13,3,3,0,0.25,,1,32,0,32,0,0,2,,0.0004652605459057072,,0.007256191950464396,0.0,0.0,0.0,1.0,0.0,0.0
stochastic_contradictions,p0.25,p0.25,8,oracle_fault_model,Oracle,0,31,13,3,3,0,0.25,,1,32,0,32,0,0,0,,0.0013957816377171215,,0.02176857585139319,3.0,3.0,0.0,1.0,1.0,0.0
stochastic_contradictions,p0.25,p0.25,8,oracle_fault_model,Oracle,1,31,13,3,3,0,0.25,,1,32,0,32,0,0,0,,0.0013957816377171215,,0.02176857585139319,3.0,3.0,0.0,1.0,1.0,0.0
stochastic_contradictions,p0.25,p0.25,8,oracle_fault_model,Oracle,2,31,13,3,3,0,0.25,,1,32,0,32,0,0,0,,0.0013957816377171215,,0.02176857585139319,3.0,3.0,0.0,1.0,1.0,0.0
stochastic_contradictions,p0.25,p0.25,8,oracle_fault_model,Oracle,3,31,13,3,3,0,0.25,,1,32,0,32,0,0,0,,0.0013957816377171215,,0.02176857585139319,3.0,3.0,0.0,1.0,1.0,0.0
stochastic_contradictions,p0.25,p0.25,8,oracle_fault_model,Oracle,4,31,13,3,3,0,0.25,,1,32,0,32,0,0,0,,0.0013957816377171215,,0.02176857585139319,3.0,3.0,0.0,1.0,1.0,0.0
stochastic_contradictions,p0.25,p0.25,8,oracle_fault_model,Oracle,5,31,13,3,3,0,0.25,,1,32,0,32,0,0,0,,0.0013957816377171215,,0.02176857585139319,3.0,3.0,0.0,1.0,1.0,0.0
stochastic_contradictions,p0.25,p0.25,8,oracle_fault_model,Oracle,6,31,13,3,3,0,0.25,,1,32,0,32,0,0,0,,0.0013957816377171215,,0.02176857585139319,3.0,3.0,0.0,1.0,1.0,0.0
stochastic_contradictions,p0.25,p0.25,8,oracle_fault_model,Oracle,7,31,13,3,3,0,0.25,,1,32,0,32,0,0,0,,0.0013957816377171215,,0.02176857585139319,3.0,3.0,0.0,1.0,1.0,0.0
stochastic_contradictions,p0.25,p0.25,9,nominal_no_repair,Nominal,0,31,13,3,3,0,0.25,,0,220,202,19,0,1,0,,0.0004652605459057072,,0.007256191950464396,0.0,0.0,0.0,1.0,0.0,0.0
stochastic_contradictions,p0.25,p0.25,9,nominal_no_repair,Nominal,1,31,13,3,3,0,0.25,,0,220,204,17,0,1,0,,0.0004652605459057072,,0.007256191950464396,0.0,0.0,0.0,1.0,0.0,0.0
stochastic_contradictions,p0.25,p0.25,9,nominal_no_repair,Nominal,2,31,13,3,3,0,0.25,,0,220,202,19,0,1,0,,0.0004652605459057072,,0.007256191950464396,0.0,0.0,0.0,1.0,0.0,0.0
stochastic_contradictions,p0.25,p0.25,9,nominal_no_repair,Nominal,3,31,13,3,3,0,0.25,,0,220,204,17,0,1,0,,0.0004652605459057072,,0.007256191950464396,0.0,0.0,0.0,1.0,0.0,0.0
stochastic_contradictions,p0.25,p0.25,9,nominal_no_repair,Nominal,4,31,13,3,3,0,0.25,,1,30,0,30,0,0,0,,0.0004652605459057072,,0.007256191950464396,0.0,0.0,0.0,1.0,0.0,0.0
stochastic_contradictions,p0.25,p0.25,9,nominal_no_repair,Nominal,5,31,13,3,3,0,0.25,,1,30,0,30,0,0,0,,0.0004652605459057072,,0.007256191950464396,0.0,0.0,0.0,1.0,0.0,0.0
stochastic_contradictions,p0.25,p0.25,9,nominal_no_repair,Nominal,6,31,13,3,3,0,0.25,,1,30,0,30,0,0,0,,0.0004652605459057072,,0.007256191950464396,0.0,0.0,0.0,1.0,0.0,0.0
stochastic_contradictions,p0.25,p0.25,9,nominal_no_repair,Nominal,7,31,13,3,3,0,0.25,,0,220,194,27,0,1,0,,0.0004652605459057072,,0.007256191950464396,0.0,0.0,0.0,1.0,0.0,0.0
stochastic_contradictions,p0.25,p0.25,9,threshold_2,Threshold 2,0,31,13,3,3,0,0.25,,1,30,0,30,0,0,0,,0.0004652605459057072,,0.007256191950464396,0.0,0.0,0.0,1.0,0.0,0.0
stochastic_contradictions,p0.25,p0.25,9,threshold_2,Threshold 2,1,31,13,3,3,0,0.25,,1,31,1,31,0,0,0,,0.0004652605459057072,,0.007256191950464396,0.0,0.0,0.0,1.0,0.0,0.0
stochastic_contradictions,p0.25,p0.25,9,threshold_2,Threshold 2,2,31,13,3,3,0,0.25,,1,31,1,31,0,0,0,,0.0004652605459057072,,0.007256191950464396,0.0,0.0,0.0,1.0,0.0,0.0
stochastic_contradictions,p0.25,p0.25,9,threshold_2,Threshold 2,3,31,13,3,3,0,0.25,,1,30,0,30,0,0,0,,0.0004652605459057072,,0.007256191950464396,0.0,0.0,0.0,1.0,0.0,0.0
stochastic_contradictions,p0.25,p0.25,9,threshold_2,Threshold 2,4,31,13,3,3,0,0.25,,1,31,1,31,0,0,0,,0.0004652605459057072,,0.007256191950464396,0.0,0.0,0.0,1.0,0.0,0.0
stochastic_contradictions,p0.25,p0.25,9,threshold_2,Threshold 2,5,31,13,3,3,0,0.25,,1,33,1,33,0,0,1,,0.0007754342431761787,,0.012093653250773995,1.0,1.0,0.0,1.0,0.3333333333333333,0.0
stochastic_contradictions,p0.25,p0.25,9,threshold_2,Threshold 2,6,31,13,3,3,0,0.25,,1,32,0,32,0,0,1,,0.0007754342431761787,,0.012093653250773995,1.0,1.0,0.0,1.0,0.3333333333333333,0.0
stochastic_contradictions,p0.25,p0.25,9,threshold_2,Threshold 2,7,31,13,3,3,0,0.25,,1,32,0,32,0,0,1,,0.0007754342431761787,,0.012093653250773995,1.0,1.0,0.0,1.0,0.3333333333333333,0.0
stochastic_contradictions,p0.25,p0.25,9,threshold_4,Threshold 4,0,31,13,3,3,0,0.25,,1,31,1,31,0,0,0,,0.0004652605459057072,,0.007256191950464396,0.0,0.0,0.0,1.0,0.0,0.0
stochastic_contradictions,p0.25,p0.25,9,threshold_4,Threshold 4,1,31,13,3,3,0,0.25,,1,31,1,31,0,0,0,,0.0004652605459057072,,0.007256191950464396,0.0,0.0,0.0,1.0,0.0,0.0
stochastic_contradictions,p0.25,p0.25,9,threshold_4,Threshold 4,2,31,13,3,3,0,0.25,,1,34,2,34,0,0,1,,0.0007754342431761787,,0.012093653250773995,1.0,1.0,0.0,1.0,0.3333333333333333,0.0
stochastic_contradictions,p0.25,p0.25,9,threshold_4,Threshold 4,3,31,13,3,3,0,0.25,,1,32,0,32,0,0,1,,0.0007754342431761787,,0.012093653250773995,1.0,1.0,0.0,1.0,0.3333333333333333,0.0
stochastic_contradictions,p0.25,p0.25,9,threshold_4,Threshold 4,4,31,13,3,3,0,0.25,,1,32,0,32,0,0,1,,0.0007754342431761787,,0.012093653250773995,1.0,1.0,0.0,1.0,0.3333333333333333,0.0
stochastic_contradictions,p0.25,p0.25,9,threshold_4,Threshold 4,5,31,13,3,3,0,0.25,,1,34,2,34,0,0,1,,0.0007754342431761787,,0.012093653250773995,1.0,1.0,0.0,1.0,0.3333333333333333,0.0
stochastic_contradictions,p0.25,p0.25,9,threshold_4,Threshold 4,6,31,13,3,3,0,0.25,,1,32,0,32,0,0,1,,0.0007754342431761787,,0.012093653250773995,1.0,1.0,0.0,1.0,0.3333333333333333,0.0
stochastic_contradictions,p0.25,p0.25,9,threshold_4,Threshold 4,7,31,13,3,3,0,0.25,,1,32,0,32,0,0,1,,0.0007754342431761787,,0.012093653250773995,1.0,1.0,0.0,1.0,0.3333333333333333,0.0
stochastic_contradictions,p0.25,p0.25,9,threshold_8,Threshold 8,0,31,13,3,3,0,0.25,,1,31,1,31,0,0,0,,0.0004652605459057072,,0.007256191950464396,0.0,0.0,0.0,1.0,0.0,0.0
stochastic_contradictions,p0.25,p0.25,9,threshold_8,Threshold 8,1,31,13,3,3,0,0.25,,1,32,2,32,0,0,0,,0.0004652605459057072,,0.007256191950464396,0.0,0.0,0.0,1.0,0.0,0.0
stochastic_contradictions,p0.25,p0.25,9,threshold_8,Threshold 8,2,31,13,3,3,0,0.25,,1,30,0,30,0,0,0,,0.0004652605459057072,,0.007256191950464396,0.0,0.0,0.0,1.0,0.0,0.0
stochastic_contradictions,p0.25,p0.25,9,threshold_8,Threshold 8,3,31,13,3,3,0,0.25,,1,31,1,31,0,0,0,,0.0004652605459057072,,0.007256191950464396,0.0,0.0,0.0,1.0,0.0,0.0
stochastic_contradictions,p0.25,p0.25,9,threshold_8,Threshold 8,4,31,13,3,3,0,0.25,,1,30,0,30,0,0,0,,0.0004652605459057072,,0.007256191950464396,0.0,0.0,0.0,1.0,0.0,0.0
stochastic_contradictions,p0.25,p0.25,9,threshold_8,Threshold 8,5,31,13,3,3,0,0.25,,1,30,0,30,0,0,0,,0.0004652605459057072,,0.007256191950464396,0.0,0.0,0.0,1.0,0.0,0.0
stochastic_contradictions,p0.25,p0.25,9,threshold_8,Threshold 8,6,31,13,3,3,0,0.25,,1,30,0,30,0,0,0,,0.0004652605459057072,,0.007256191950464396,0.0,0.0,0.0,1.0,0.0,0.0
stochastic_contradictions,p0.25,p0.25,9,threshold_8,Threshold 8,7,31,13,3,3,0,0.25,,1,31,1,31,0,0,0,,0.0004652605459057072,,0.007256191950464396,0.0,0.0,0.0,1.0,0.0,0.0
stochastic_contradictions,p0.25,p0.25,9,ccra_exact_guard,CCRA exact,0,31,13,3,3,0,0.25,,1,30,0,30,0,0,0,,0.0004652605459057072,,0.007256191950464396,0.0,0.0,0.0,1.0,0.0,0.0
stochastic_contradictions,p0.25,p0.25,9,ccra_exact_guard,CCRA exact,1,31,13,3,3,0,0.25,,1,33,1,33,0,0,1,,0.0007754342431761787,,0.012093653250773995,1.0,1.0,0.0,1.0,0.3333333333333333,0.0
stochastic_contradictions,p0.25,p0.25,9,ccra_exact_guard,CCRA exact,2,31,13,3,3,0,0.25,,1,32,0,32,0,0,1,,0.0007754342431761787,,0.012093653250773995,1.0,1.0,0.0,1.0,0.3333333333333333,0.0
stochastic_contradictions,p0.25,p0.25,9,ccra_exact_guard,CCRA exact,3,31,13,3,3,0,0.25,,1,32,0,32,0,0,1,,0.0007754342431761787,,0.012093653250773995,1.0,1.0,0.0,1.0,0.3333333333333333,0.0
stochastic_contradictions,p0.25,p0.25,9,ccra_exact_guard,CCRA exact,4,31,13,3,3,0,0.25,,1,32,0,32,0,0,1,,0.0007754342431761787,,0.012093653250773995,1.0,1.0,0.0,1.0,0.3333333333333333,0.0
stochastic_contradictions,p0.25,p0.25,9,ccra_exact_guard,CCRA exact,5,31,13,3,3,0,0.25,,1,32,0,32,0,0,1,,0.0007754342431761787,,0.012093653250773995,1.0,1.0,0.0,1.0,0.3333333333333333,0.0
stochastic_contradictions,p0.25,p0.25,9,ccra_exact_guard,CCRA exact,6,31,13,3,3,0,0.25,,1,32,0,32,0,0,1,,0.0007754342431761787,,0.012093653250773995,1.0,1.0,0.0,1.0,0.3333333333333333,0.0
stochastic_contradictions,p0.25,p0.25,9,ccra_exact_guard,CCRA exact,7,31,13,3,3,0,0.25,,1,32,0,32,0,0,1,,0.0007754342431761787,,0.012093653250773995,1.0,1.0,0.0,1.0,0.3333333333333333,0.0
stochastic_contradictions,p0.25,p0.25,9,uncertainty_cost_avoidance,Cost avoidance,0,31,13,3,3,0,0.25,,1,33,1,33,0,0,1,,0.0004652605459057072,,0.007256191950464396,0.0,0.0,0.0,1.0,0.0,0.0
stochastic_contradictions,p0.25,p0.25,9,uncertainty_cost_avoidance,Cost avoidance,1,31,13,3,3,0,0.25,,1,32,0,32,0,0,1,,0.0004652605459057072,,0.007256191950464396,0.0,0.0,0.0,1.0,0.0,0.0
stochastic_contradictions,p0.25,p0.25,9,uncertainty_cost_avoidance,Cost avoidance,2,31,13,3,3,0,0.25,,1,32,0,32,0,0,1,,0.0004652605459057072,,0.007256191950464396,0.0,0.0,0.0,1.0,0.0,0.0
stochastic_contradictions,p0.25,p0.25,9,uncertainty_cost_avoidance,Cost avoidance,3,31,13,3,3,0,0.25,,1,32,0,32,0,0,1,,0.0004652605459057072,,0.007256191950464396,0.0,0.0,0.0,1.0,0.0,0.0
stochastic_contradictions,p0.25,p0.25,9,uncertainty_cost_avoidance,Cost avoidance,4,31,13,3,3,0,0.25,,1,32,0,32,0,0,1,,0.0004652605459057072,,0.007256191950464396,0.0,0.0,0.0,1.0,0.0,0.0
stochastic_contradictions,p0.25,p0.25,9,uncertainty_cost_avoidance,Cost avoidance,5,31,13,3,3,0,0.25,,1,32,0,32,0,0,1,,0.0004652605459057072,,0.007256191950464396,0.0,0.0,0.0,1.0,0.0,0.0
stochastic_contradictions,p0.25,p0.25,9,uncertainty_cost_avoidance,Cost avoidance,6,31,13,3,3,0,0.25,,1,32,0,32,0,0,1,,0.0004652605459057072,,0.007256191950464396,0.0,0.0,0.0,1.0,0.0,0.0
stochastic_contradictions,p0.25,p0.25,9,uncertainty_cost_avoidance,Cost avoidance,7,31,13,3,3,0,0.25,,1,32,0,32,0,0,1,,0.0004652605459057072,,0.007256191950464396,0.0,0.0,0.0,1.0,0.0,0.0
stochastic_contradictions,p0.25,p0.25,9,oracle_fault_model,Oracle,0,31,13,3,3,0,0.25,,1,32,0,32,0,0,0,,0.0013957816377171215,,0.02176857585139319,3.0,3.0,0.0,1.0,1.0,0.0
stochastic_contradictions,p0.25,p0.25,9,oracle_fault_model,Oracle,1,31,13,3,3,0,0.25,,1,32,0,32,0,0,0,,0.0013957816377171215,,0.02176857585139319,3.0,3.0,0.0,1.0,1.0,0.0
stochastic_contradictions,p0.25,p0.25,9,oracle_fault_model,Oracle,2,31,13,3,3,0,0.25,,1,32,0,32,0,0,0,,0.0013957816377171215,,0.02176857585139319,3.0,3.0,0.0,1.0,1.0,0.0
stochastic_contradictions,p0.25,p0.25,9,oracle_fault_model,Oracle,3,31,13,3,3,0,0.25,,1,32,0,32,0,0,0,,0.0013957816377171215,,0.02176857585139319,3.0,3.0,0.0,1.0,1.0,0.0
stochastic_contradictions,p0.25,p0.25,9,oracle_fault_model,Oracle,4,31,13,3,3,0,0.25,,1,32,0,32,0,0,0,,0.0013957816377171215,,0.02176857585139319,3.0,3.0,0.0,1.0,1.0,0.0
stochastic_contradictions,p0.25,p0.25,9,oracle_fault_model,Oracle,5,31,13,3,3,0,0.25,,1,32,0,32,0,0,0,,0.0013957816377171215,,0.02176857585139319,3.0,3.0,0.0,1.0,1.0,0.0
stochastic_contradictions,p0.25,p0.25,9,oracle_fault_model,Oracle,6,31,13,3,3,0,0.25,,1,32,0,32,0,0,0,,0.0013957816377171215,,0.02176857585139319,3.0,3.0,0.0,1.0,1.0,0.0
stochastic_contradictions,p0.25,p0.25,9,oracle_fault_model,Oracle,7,31,13,3,3,0,0.25,,1,32,0,32,0,0,0,,0.0013957816377171215,,0.02176857585139319,3.0,3.0,0.0,1.0,1.0,0.0
stochastic_contradictions,p0.25,p0.25,10,nominal_no_repair,Nominal,0,31,13,3,3,0,0.25,,0,220,216,5,0,1,0,,0.0004652605459057072,,0.007256191950464396,0.0,0.0,0.0,1.0,0.0,0.0
stochastic_contradictions,p0.25,p0.25,10,nominal_no_repair,Nominal,1,31,13,3,3,0,0.25,,1,30,0,30,0,0,0,,0.0004652605459057072,,0.007256191950464396,0.0,0.0,0.0,1.0,0.0,0.0
stochastic_contradictions,p0.25,p0.25,10,nominal_no_repair,Nominal,2,31,13,3,3,0,0.25,,1,30,0,30,0,0,0,,0.0004652605459057072,,0.007256191950464396,0.0,0.0,0.0,1.0,0.0,0.0
stochastic_contradictions,p0.25,p0.25,10,nominal_no_repair,Nominal,3,31,13,3,3,0,0.25,,0,220,207,14,0,1,0,,0.0004652605459057072,,0.007256191950464396,0.0,0.0,0.0,1.0,0.0,0.0
stochastic_contradictions,p0.25,p0.25,10,nominal_no_repair,Nominal,4,31,13,3,3,0,0.25,,1,30,0,30,0,0,0,,0.0004652605459057072,,0.007256191950464396,0.0,0.0,0.0,1.0,0.0,0.0
stochastic_contradictions,p0.25,p0.25,10,nominal_no_repair,Nominal,5,31,13,3,3,0,0.25,,1,30,0,30,0,0,0,,0.0004652605459057072,,0.007256191950464396,0.0,0.0,0.0,1.0,0.0,0.0
stochastic_contradictions,p0.25,p0.25,10,nominal_no_repair,Nominal,6,31,13,3,3,0,0.25,,0,220,215,6,0,1,0,,0.0004652605459057072,,0.007256191950464396,0.0,0.0,0.0,1.0,0.0,0.0
stochastic_contradictions,p0.25,p0.25,10,nominal_no_repair,Nominal,7,31,13,3,3,0,0.25,,0,220,215,6,0,1,0,,0.0004652605459057072,,0.007256191950464396,0.0,0.0,0.0,1.0,0.0,0.0
stochastic_contradictions,p0.25,p0.25,10,threshold_2,Threshold 2,0,31,13,3,3,0,0.25,,1,30,0,30,0,0,0,,0.0004652605459057072,,0.007256191950464396,0.0,0.0,0.0,1.0,0.0,0.0
stochastic_contradictions,p0.25,p0.25,10,threshold_2,Threshold 2,1,31,13,3,3,0,0.25,,1,30,0,30,0,0,0,,0.0004652605459057072,,0.007256191950464396,0.0,0.0,0.0,1.0,0.0,0.0
stochastic_contradictions,p0.25,p0.25,10,threshold_2,Threshold 2,2,31,13,3,3,0,0.25,,1,31,1,31,0,0,0,,0.0004652605459057072,,0.007256191950464396,0.0,0.0,0.0,1.0,0.0,0.0
stochastic_contradictions,p0.25,p0.25,10,threshold_2,Threshold 2,3,31,13,3,3,0,0.25,,1,32,2,32,0,0,0,,0.0004652605459057072,,0.007256191950464396,0.0,0.0,0.0,1.0,0.0,0.0
stochastic_contradictions,p0.25,p0.25,10,threshold_2,Threshold 2,4,31,13,3,3,0,0.25,,1,33,1,33,0,0,1,,0.0007754342431761787,,0.012093653250773995,1.0,1.0,0.0,1.0,0.3333333333333333,0.0
stochastic_contradictions,p0.25,p0.25,10,threshold_2,Threshold 2,5,31,13,3,3,0,0.25,,1,32,0,32,0,0,1,,0.0007754342431761787,,0.012093653250773995,1.0,1.0,0.0,1.0,0.3333333333333333,0.0
stochastic_contradictions,p0.25,p0.25,10,threshold_2,Threshold 2,6,31,13,3,3,0,0.25,,1,32,0,32,0,0,1,,0.0007754342431761787,,0.012093653250773995,1.0,1.0,0.0,1.0,0.3333333333333333,0.0
stochastic_contradictions,p0.25,p0.25,10,threshold_2,Threshold 2,7,31,13,3,3,0,0.25,,1,32,0,32,0,0,1,,0.0007754342431761787,,0.012093653250773995,1.0,1.0,0.0,1.0,0.3333333333333333,0.0
stochastic_contradictions,p0.25,p0.25,10,threshold_4,Threshold 4,0,31,13,3,3,0,0.25,,1,30,0,30,0,0,0,,0.0004652605459057072,,0.007256191950464396,0.0,0.0,0.0,1.0,0.0,0.0
stochastic_contradictions,p0.25,p0.25,10,threshold_4,Threshold 4,1,31,13,3,3,0,0.25,,1,32,2,32,0,0,0,,0.0004652605459057072,,0.007256191950464396,0.0,0.0,0.0,1.0,0.0,0.0
stochastic_contradictions,p0.25,p0.25,10,threshold_4,Threshold 4,2,31,13,3,3,0,0.25,,1,30,0,30,0,0,0,,0.0004652605459057072,,0.007256191950464396,0.0,0.0,0.0,1.0,0.0,0.0
stochastic_contradictions,p0.25,p0.25,10,threshold_4,Threshold 4,3,31,13,3,3,0,0.25,,1,32,2,32,0,0,0,,0.0004652605459057072,,0.007256191950464396,0.0,0.0,0.0,1.0,0.0,0.0
stochastic_contradictions,p0.25,p0.25,10,threshold_4,Threshold 4,4,31,13,3,3,0,0.25,,1,33,3,33,0,0,0,,0.0004652605459057072,,0.007256191950464396,0.0,0.0,0.0,1.0,0.0,0.0
stochastic_contradictions,p0.25,p0.25,10,threshold_4,Threshold 4,5,31,13,3,3,0,0.25,,1,34,2,34,0,0,1,,0.0007754342431761787,,0.012093653250773995,1.0,1.0,0.0,1.0,0.3333333333333333,0.0
stochastic_contradictions,p0.25,p0.25,10,threshold_4,Threshold 4,6,31,13,3,3,0,0.25,,1,33,1,33,0,0,2,,0.0010856079404466502,,0.016931114551083593,2.0,2.0,0.0,1.0,0.6666666666666666,0.0
stochastic_contradictions,p0.25,p0.25,10,threshold_4,Threshold 4,7,31,13,3,3,0,0.25,,1,32,0,32,0,0,2,,0.0010856079404466502,,0.016931114551083593,2.0,2.0,0.0,1.0,0.6666666666666666,0.0
stochastic_contradictions,p0.25,p0.25,10,threshold_8,Threshold 8,0,31,13,3,3,0,0.25,,1,34,4,34,0,0,0,,0.0004652605459057072,,0.007256191950464396,0.0,0.0,0.0,1.0,0.0,0.0
stochastic_contradictions,p0.25,p0.25,10,threshold_8,Threshold 8,1,31,13,3,3,0,0.25,,1,33,3,33,0,0,0,,0.0004652605459057072,,0.007256191950464396,0.0,0.0,0.0,1.0,0.0,0.0
stochastic_contradictions,p0.25,p0.25,10,threshold_8,Threshold 8,2,31,13,3,3,0,0.25,,1,30,0,30,0,0,0,,0.0004652605459057072,,0.007256191950464396,0.0,0.0,0.0,1.0,0.0,0.0
stochastic_contradictions,p0.25,p0.25,10,threshold_8,Threshold 8,3,31,13,3,3,0,0.25,,1,33,3,33,0,0,0,,0.0004652605459057072,,0.007256191950464396,0.0,0.0,0.0,1.0,0.0,0.0
stochastic_contradictions,p0.25,p0.25,10,threshold_8,Threshold 8,4,31,13,3,3,0,0.25,,1,31,1,31,0,0,0,,0.0004652605459057072,,0.007256191950464396,0.0,0.0,0.0,1.0,0.0,0.0
stochastic_contradictions,p0.25,p0.25,10,threshold_8,Threshold 8,5,31,13,3,3,0,0.25,,1,30,0,30,0,0,0,,0.0004652605459057072,,0.007256191950464396,0.0,0.0,0.0,1.0,0.0,0.0
stochastic_contradictions,p0.25,p0.25,10,threshold_8,Threshold 8,6,31,13,3,3,0,0.25,,1,30,0,30,0,0,0,,0.0004652605459057072,,0.007256191950464396,0.0,0.0,0.0,1.0,0.0,0.0
stochastic_contradictions,p0.25,p0.25,10,threshold_8,Threshold 8,7,31,13,3,3,0,0.25,,1,32,2,32,0,0,0,,0.0004652605459057072,,0.007256191950464396,0.0,0.0,0.0,1.0,0.0,0.0
stochastic_contradictions,p0.25,p0.25,10,ccra_exact_guard,CCRA exact,0,31,13,3,3,0,0.25,,1,33,1,33,0,0,1,,0.0007754342431761787,,0.012093653250773995,1.0,1.0,0.0,1.0,0.3333333333333333,0.0
stochastic_contradictions,p0.25,p0.25,10,ccra_exact_guard,CCRA exact,1,31,13,3,3,0,0.25,,1,33,1,33,0,0,2,,0.0010856079404466502,,0.016931114551083593,2.0,2.0,0.0,1.0,0.6666666666666666,0.0
stochastic_contradictions,p0.25,p0.25,10,ccra_exact_guard,CCRA exact,2,31,13,3,3,0,0.25,,1,32,0,32,0,0,2,,0.0010856079404466502,,0.016931114551083593,2.0,2.0,0.0,1.0,0.6666666666666666,0.0
stochastic_contradictions,p0.25,p0.25,10,ccra_exact_guard,CCRA exact,3,31,13,3,3,0,0.25,,1,32,0,32,0,0,2,,0.0010856079404466502,,0.016931114551083593,2.0,2.0,0.0,1.0,0.6666666666666666,0.0
stochastic_contradictions,p0.25,p0.25,10,ccra_exact_guard,CCRA exact,4,31,13,3,3,0,0.25,,1,32,0,32,0,0,2,,0.0010856079404466502,,0.016931114551083593,2.0,2.0,0.0,1.0,0.6666666666666666,0.0
stochastic_contradictions,p0.25,p0.25,10,ccra_exact_guard,CCRA exact,5,31,13,3,3,0,0.25,,1,32,0,32,0,0,2,,0.0010856079404466502,,0.016931114551083593,2.0,2.0,0.0,1.0,0.6666666666666666,0.0
stochastic_contradictions,p0.25,p0.25,10,ccra_exact_guard,CCRA exact,6,31,13,3,3,0,0.25,,1,32,0,32,0,0,2,,0.0010856079404466502,,0.016931114551083593,2.0,2.0,0.0,1.0,0.6666666666666666,0.0
stochastic_contradictions,p0.25,p0.25,10,ccra_exact_guard,CCRA exact,7,31,13,3,3,0,0.25,,1,32,0,32,0,0,2,,0.0010856079404466502,,0.016931114551083593,2.0,2.0,0.0,1.0,0.6666666666666666,0.0
stochastic_contradictions,p0.25,p0.25,10,uncertainty_cost_avoidance,Cost avoidance,0,31,13,3,3,0,0.25,,1,33,1,33,0,0,1,,0.0004652605459057072,,0.007256191950464396,0.0,0.0,0.0,1.0,0.0,0.0
stochastic_contradictions,p0.25,p0.25,10,uncertainty_cost_avoidance,Cost avoidance,1,31,13,3,3,0,0.25,,1,32,0,32,0,0,1,,0.0004652605459057072,,0.007256191950464396,0.0,0.0,0.0,1.0,0.0,0.0
stochastic_contradictions,p0.25,p0.25,10,uncertainty_cost_avoidance,Cost avoidance,2,31,13,3,3,0,0.25,,1,33,1,33,0,0,2,,0.0004652605459057072,,0.007256191950464396,0.0,0.0,0.0,1.0,0.0,0.0
stochastic_contradictions,p0.25,p0.25,10,uncertainty_cost_avoidance,Cost avoidance,3,31,13,3,3,0,0.25,,1,32,0,32,0,0,2,,0.0004652605459057072,,0.007256191950464396,0.0,0.0,0.0,1.0,0.0,0.0
stochastic_contradictions,p0.25,p0.25,10,uncertainty_cost_avoidance,Cost avoidance,4,31,13,3,3,0,0.25,,1,32,0,32,0,0,2,,0.0004652605459057072,,0.007256191950464396,0.0,0.0,0.0,1.0,0.0,0.0
stochastic_contradictions,p0.25,p0.25,10,uncertainty_cost_avoidance,Cost avoidance,5,31,13,3,3,0,0.25,,1,32,0,32,0,0,2,,0.0004652605459057072,,0.007256191950464396,0.0,0.0,0.0,1.0,0.0,0.0
stochastic_contradictions,p0.25,p0.25,10,uncertainty_cost_avoidance,Cost avoidance,6,31,13,3,3,0,0.25,,1,32,0,32,0,0,2,,0.0004652605459057072,,0.007256191950464396,0.0,0.0,0.0,1.0,0.0,0.0
stochastic_contradictions,p0.25,p0.25,10,uncertainty_cost_avoidance,Cost avoidance,7,31,13,3,3,0,0.25,,1,32,0,32,0,0,2,,0.0004652605459057072,,0.007256191950464396,0.0,0.0,0.0,1.0,0.0,0.0
stochastic_contradictions,p0.25,p0.25,10,oracle_fault_model,Oracle,0,31,13,3,3,0,0.25,,1,32,0,32,0,0,0,,0.0013957816377171215,,0.02176857585139319,3.0,3.0,0.0,1.0,1.0,0.0
stochastic_contradictions,p0.25,p0.25,10,oracle_fault_model,Oracle,1,31,13,3,3,0,0.25,,1,32,0,32,0,0,0,,0.0013957816377171215,,0.02176857585139319,3.0,3.0,0.0,1.0,1.0,0.0
stochastic_contradictions,p0.25,p0.25,10,oracle_fault_model,Oracle,2,31,13,3,3,0,0.25,,1,32,0,32,0,0,0,,0.0013957816377171215,,0.02176857585139319,3.0,3.0,0.0,1.0,1.0,0.0
stochastic_contradictions,p0.25,p0.25,10,oracle_fault_model,Oracle,3,31,13,3,3,0,0.25,,1,32,0,32,0,0,0,,0.0013957816377171215,,0.02176857585139319,3.0,3.0,0.0,1.0,1.0,0.0
stochastic_contradictions,p0.25,p0.25,10,oracle_fault_model,Oracle,4,31,13,3,3,0,0.25,,1,32,0,32,0,0,0,,0.0013957816377171215,,0.02176857585139319,3.0,3.0,0.0,1.0,1.0,0.0
stochastic_contradictions,p0.25,p0.25,10,oracle_fault_model,Oracle,5,31,13,3,3,0,0.25,,1,32,0,32,0,0,0,,0.0013957816377171215,,0.02176857585139319,3.0,3.0,0.0,1.0,1.0,0.0
stochastic_contradictions,p0.25,p0.25,10,oracle_fault_model,Oracle,6,31,13,3,3,0,0.25,,1,32,0,32,0,0,0,,0.0013957816377171215,,0.02176857585139319,3.0,3.0,0.0,1.0,1.0,0.0
stochastic_contradictions,p0.25,p0.25,10,oracle_fault_model,Oracle,7,31,13,3,3,0,0.25,,1,32,0,32,0,0,0,,0.0013957816377171215,,0.02176857585139319,3.0,3.0,0.0,1.0,1.0,0.0
stochastic_contradictions,p0.25,p0.25,11,nominal_no_repair,Nominal,0,31,13,3,3,0,0.25,,0,220,213,8,0,1,0,,0.0004652605459057072,,0.007256191950464396,0.0,0.0,0.0,1.0,0.0,0.0
stochastic_contradictions,p0.25,p0.25,11,nominal_no_repair,Nominal,1,31,13,3,3,0,0.25,,1,30,0,30,0,0,0,,0.0004652605459057072,,0.007256191950464396,0.0,0.0,0.0,1.0,0.0,0.0
stochastic_contradictions,p0.25,p0.25,11,nominal_no_repair,Nominal,2,31,13,3,3,0,0.25,,1,30,0,30,0,0,0,,0.0004652605459057072,,0.007256191950464396,0.0,0.0,0.0,1.0,0.0,0.0
stochastic_contradictions,p0.25,p0.25,11,nominal_no_repair,Nominal,3,31,13,3,3,0,0.25,,1,30,0,30,0,0,0,,0.0004652605459057072,,0.007256191950464396,0.0,0.0,0.0,1.0,0.0,0.0
stochastic_contradictions,p0.25,p0.25,11,nominal_no_repair,Nominal,4,31,13,3,3,0,0.25,,1,30,0,30,0,0,0,,0.0004652605459057072,,0.007256191950464396,0.0,0.0,0.0,1.0,0.0,0.0
stochastic_contradictions,p0.25,p0.25,11,nominal_no_repair,Nominal,5,31,13,3,3,0,0.25,,1,30,0,30,0,0,0,,0.0004652605459057072,,0.007256191950464396,0.0,0.0,0.0,1.0,0.0,0.0
stochastic_contradictions,p0.25,p0.25,11,nominal_no_repair,Nominal,6,31,13,3,3,0,0.25,,1,30,0,30,0,0,0,,0.0004652605459057072,,0.007256191950464396,0.0,0.0,0.0,1.0,0.0,0.0
stochastic_contradictions,p0.25,p0.25,11,nominal_no_repair,Nominal,7,31,13,3,3,0,0.25,,1,30,0,30,0,0,0,,0.0004652605459057072,,0.007256191950464396,0.0,0.0,0.0,1.0,0.0,0.0
stochastic_contradictions,p0.25,p0.25,11,threshold_2,Threshold 2,0,31,13,3,3,0,0.25,,1,31,1,31,0,0,0,,0.0004652605459057072,,0.007256191950464396,0.0,0.0,0.0,1.0,0.0,0.0
stochastic_contradictions,p0.25,p0.25,11,threshold_2,Threshold 2,1,31,13,3,3,0,0.25,,1,34,2,34,0,0,1,,0.0007754342431761787,,0.012093653250773995,1.0,1.0,0.0,1.0,0.3333333333333333,0.0
stochastic_contradictions,p0.25,p0.25,11,threshold_2,Threshold 2,2,31,13,3,3,0,0.25,,1,32,0,32,0,0,1,,0.0007754342431761787,,0.012093653250773995,1.0,1.0,0.0,1.0,0.3333333333333333,0.0
stochastic_contradictions,p0.25,p0.25,11,threshold_2,Threshold 2,3,31,13,3,3,0,0.25,,1,32,0,32,0,0,1,,0.0007754342431761787,,0.012093653250773995,1.0,1.0,0.0,1.0,0.3333333333333333,0.0
stochastic_contradictions,p0.25,p0.25,11,threshold_2,Threshold 2,4,31,13,3,3,0,0.25,,1,32,0,32,0,0,1,,0.0007754342431761787,,0.012093653250773995,1.0,1.0,0.0,1.0,0.3333333333333333,0.0
stochastic_contradictions,p0.25,p0.25,11,threshold_2,Threshold 2,5,31,13,3,3,0,0.25,,1,32,0,32,0,0,1,,0.0007754342431761787,,0.012093653250773995,1.0,1.0,0.0,1.0,0.3333333333333333,0.0
stochastic_contradictions,p0.25,p0.25,11,threshold_2,Threshold 2,6,31,13,3,3,0,0.25,,1,32,0,32,0,0,1,,0.0007754342431761787,,0.012093653250773995,1.0,1.0,0.0,1.0,0.3333333333333333,0.0
stochastic_contradictions,p0.25,p0.25,11,threshold_2,Threshold 2,7,31,13,3,3,0,0.25,,1,32,0,32,0,0,1,,0.0007754342431761787,,0.012093653250773995,1.0,1.0,0.0,1.0,0.3333333333333333,0.0
stochastic_contradictions,p0.25,p0.25,11,threshold_4,Threshold 4,0,31,13,3,3,0,0.25,,1,30,0,30,0,0,0,,0.0004652605459057072,,0.007256191950464396,0.0,0.0,0.0,1.0,0.0,0.0
stochastic_contradictions,p0.25,p0.25,11,threshold_4,Threshold 4,1,31,13,3,3,0,0.25,,1,30,0,30,0,0,0,,0.0004652605459057072,,0.007256191950464396,0.0,0.0,0.0,1.0,0.0,0.0
stochastic_contradictions,p0.25,p0.25,11,threshold_4,Threshold 4,2,31,13,3,3,0,0.25,,1,31,1,31,0,0,0,,0.0004652605459057072,,0.007256191950464396,0.0,0.0,0.0,1.0,0.0,0.0
stochastic_contradictions,p0.25,p0.25,11,threshold_4,Threshold 4,3,31,13,3,3,0,0.25,,1,30,0,30,0,0,0,,0.0004652605459057072,,0.007256191950464396,0.0,0.0,0.0,1.0,0.0,0.0
stochastic_contradictions,p0.25,p0.25,11,threshold_4,Threshold 4,4,31,13,3,3,0,0.25,,1,32,2,32,0,0,0,,0.0004652605459057072,,0.007256191950464396,0.0,0.0,0.0,1.0,0.0,0.0
stochastic_contradictions,p0.25,p0.25,11,threshold_4,Threshold 4,5,31,13,3,3,0,0.25,,1,32,2,32,0,0,0,,0.0004652605459057072,,0.007256191950464396,0.0,0.0,0.0,1.0,0.0,0.0
stochastic_contradictions,p0.25,p0.25,11,threshold_4,Threshold 4,6,31,13,3,3,0,0.25,,1,31,1,31,0,0,0,,0.0004652605459057072,,0.007256191950464396,0.0,0.0,0.0,1.0,0.0,0.0
stochastic_contradictions,p0.25,p0.25,11,threshold_4,Threshold 4,7,31,13,3,3,0,0.25,,1,32,2,32,0,0,0,,0.0004652605459057072,,0.007256191950464396,0.0,0.0,0.0,1.0,0.0,0.0
stochastic_contradictions,p0.25,p0.25,11,threshold_8,Threshold 8,0,31,13,3,3,0,0.25,,1,31,1,31,0,0,0,,0.0004652605459057072,,0.007256191950464396,0.0,0.0,0.0,1.0,0.0,0.0
stochastic_contradictions,p0.25,p0.25,11,threshold_8,Threshold 8,1,31,13,3,3,0,0.25,,1,30,0,30,0,0,0,,0.0004652605459057072,,0.007256191950464396,0.0,0.0,0.0,1.0,0.0,0.0
stochastic_contradictions,p0.25,p0.25,11,threshold_8,Threshold 8,2,31,13,3,3,0,0.25,,1,30,0,30,0,0,0,,0.0004652605459057072,,0.007256191950464396,0.0,0.0,0.0,1.0,0.0,0.0
stochastic_contradictions,p0.25,p0.25,11,threshold_8,Threshold 8,3,31,13,3,3,0,0.25,,1,30,0,30,0,0,0,,0.0004652605459057072,,0.007256191950464396,0.0,0.0,0.0,1.0,0.0,0.0
stochastic_contradictions,p0.25,p0.25,11,threshold_8,Threshold 8,4,31,13,3,3,0,0.25,,1,30,0,30,0,0,0,,0.0004652605459057072,,0.007256191950464396,0.0,0.0,0.0,1.0,0.0,0.0
stochastic_contradictions,p0.25,p0.25,11,threshold_8,Threshold 8,5,31,13,3,3,0,0.25,,1,30,0,30,0,0,0,,0.0004652605459057072,,0.007256191950464396,0.0,0.0,0.0,1.0,0.0,0.0
stochastic_contradictions,p0.25,p0.25,11,threshold_8,Threshold 8,6,31,13,3,3,0,0.25,,1,30,0,30,0,0,0,,0.0004652605459057072,,0.007256191950464396,0.0,0.0,0.0,1.0,0.0,0.0
stochastic_contradictions,p0.25,p0.25,11,threshold_8,Threshold 8,7,31,13,3,3,0,0.25,,1,31,1,31,0,0,0,,0.0004652605459057072,,0.007256191950464396,0.0,0.0,0.0,1.0,0.0,0.0
stochastic_contradictions,p0.25,p0.25,11,ccra_exact_guard,CCRA exact,0,31,13,3,3,0,0.25,,1,33,1,33,0,0,1,,0.0007754342431761787,,0.012093653250773995,1.0,1.0,0.0,1.0,0.3333333333333333,0.0
stochastic_contradictions,p0.25,p0.25,11,ccra_exact_guard,CCRA exact,1,31,13,3,3,0,0.25,,1,32,0,32,0,0,1,,0.0007754342431761787,,0.012093653250773995,1.0,1.0,0.0,1.0,0.3333333333333333,0.0
stochastic_contradictions,p0.25,p0.25,11,ccra_exact_guard,CCRA exact,2,31,13,3,3,0,0.25,,1,33,1,33,0,0,2,,0.0010856079404466502,,0.016931114551083593,2.0,2.0,0.0,1.0,0.6666666666666666,0.0
stochastic_contradictions,p0.25,p0.25,11,ccra_exact_guard,CCRA exact,3,31,13,3,3,0,0.25,,1,32,0,32,0,0,2,,0.0010856079404466502,,0.016931114551083593,2.0,2.0,0.0,1.0,0.6666666666666666,0.0
stochastic_contradictions,p0.25,p0.25,11,ccra_exact_guard,CCRA exact,4,31,13,3,3,0,0.25,,1,32,0,32,0,0,2,,0.0010856079404466502,,0.016931114551083593,2.0,2.0,0.0,1.0,0.6666666666666666,0.0
stochastic_contradictions,p0.25,p0.25,11,ccra_exact_guard,CCRA exact,5,31,13,3,3,0,0.25,,1,32,0,32,0,0,2,,0.0010856079404466502,,0.016931114551083593,2.0,2.0,0.0,1.0,0.6666666666666666,0.0
stochastic_contradictions,p0.25,p0.25,11,ccra_exact_guard,CCRA exact,6,31,13,3,3,0,0.25,,1,32,0,32,0,0,2,,0.0010856079404466502,,0.016931114551083593,2.0,2.0,0.0,1.0,0.6666666666666666,0.0
stochastic_contradictions,p0.25,p0.25,11,ccra_exact_guard,CCRA exact,7,31,13,3,3,0,0.25,,1,32,0,32,0,0,2,,0.0010856079404466502,,0.016931114551083593,2.0,2.0,0.0,1.0,0.6666666666666666,0.0
stochastic_contradictions,p0.25,p0.25,11,uncertainty_cost_avoidance,Cost avoidance,0,31,13,3,3,0,0.25,,1,33,1,33,0,0,1,,0.0004652605459057072,,0.007256191950464396,0.0,0.0,0.0,1.0,0.0,0.0
stochastic_contradictions,p0.25,p0.25,11,uncertainty_cost_avoidance,Cost avoidance,1,31,13,3,3,0,0.25,,1,33,1,33,0,0,2,,0.0004652605459057072,,0.007256191950464396,0.0,0.0,0.0,1.0,0.0,0.0
stochastic_contradictions,p0.25,p0.25,11,uncertainty_cost_avoidance,Cost avoidance,2,31,13,3,3,0,0.25,,1,32,0,32,0,0,2,,0.0004652605459057072,,0.007256191950464396,0.0,0.0,0.0,1.0,0.0,0.0
stochastic_contradictions,p0.25,p0.25,11,uncertainty_cost_avoidance,Cost avoidance,3,31,13,3,3,0,0.25,,1,33,1,33,0,0,3,,0.0004652605459057072,,0.007256191950464396,0.0,0.0,0.0,1.0,0.0,0.0
stochastic_contradictions,p0.25,p0.25,11,uncertainty_cost_avoidance,Cost avoidance,4,31,13,3,3,0,0.25,,1,32,0,32,0,0,3,,0.0004652605459057072,,0.007256191950464396,0.0,0.0,0.0,1.0,0.0,0.0
stochastic_contradictions,p0.25,p0.25,11,uncertainty_cost_avoidance,Cost avoidance,5,31,13,3,3,0,0.25,,1,32,0,32,0,0,3,,0.0004652605459057072,,0.007256191950464396,0.0,0.0,0.0,1.0,0.0,0.0
stochastic_contradictions,p0.25,p0.25,11,uncertainty_cost_avoidance,Cost avoidance,6,31,13,3,3,0,0.25,,1,32,0,32,0,0,3,,0.0004652605459057072,,0.007256191950464396,0.0,0.0,0.0,1.0,0.0,0.0
stochastic_contradictions,p0.25,p0.25,11,uncertainty_cost_avoidance,Cost avoidance,7,31,13,3,3,0,0.25,,1,32,0,32,0,0,3,,0.0004652605459057072,,0.007256191950464396,0.0,0.0,0.0,1.0,0.0,0.0
stochastic_contradictions,p0.25,p0.25,11,oracle_fault_model,Oracle,0,31,13,3,3,0,0.25,,1,32,0,32,0,0,0,,0.0013957816377171215,,0.02176857585139319,3.0,3.0,0.0,1.0,1.0,0.0
stochastic_contradictions,p0.25,p0.25,11,oracle_fault_model,Oracle,1,31,13,3,3,0,0.25,,1,32,0,32,0,0,0,,0.0013957816377171215,,0.02176857585139319,3.0,3.0,0.0,1.0,1.0,0.0
stochastic_contradictions,p0.25,p0.25,11,oracle_fault_model,Oracle,2,31,13,3,3,0,0.25,,1,32,0,32,0,0,0,,0.0013957816377171215,,0.02176857585139319,3.0,3.0,0.0,1.0,1.0,0.0
stochastic_contradictions,p0.25,p0.25,11,oracle_fault_model,Oracle,3,31,13,3,3,0,0.25,,1,32,0,32,0,0,0,,0.0013957816377171215,,0.02176857585139319,3.0,3.0,0.0,1.0,1.0,0.0
stochastic_contradictions,p0.25,p0.25,11,oracle_fault_model,Oracle,4,31,13,3,3,0,0.25,,1,32,0,32,0,0,0,,0.0013957816377171215,,0.02176857585139319,3.0,3.0,0.0,1.0,1.0,0.0
stochastic_contradictions,p0.25,p0.25,11,oracle_fault_model,Oracle,5,31,13,3,3,0,0.25,,1,32,0,32,0,0,0,,0.0013957816377171215,,0.02176857585139319,3.0,3.0,0.0,1.0,1.0,0.0
stochastic_contradictions,p0.25,p0.25,11,oracle_fault_model,Oracle,6,31,13,3,3,0,0.25,,1,32,0,32,0,0,0,,0.0013957816377171215,,0.02176857585139319,3.0,3.0,0.0,1.0,1.0,0.0
stochastic_contradictions,p0.25,p0.25,11,oracle_fault_model,Oracle,7,31,13,3,3,0,0.25,,1,32,0,32,0,0,0,,0.0013957816377171215,,0.02176857585139319,3.0,3.0,0.0,1.0,1.0,0.0
stochastic_contradictions,p0.25,p0.25,12,nominal_no_repair,Nominal,0,31,13,3,3,0,0.25,,0,220,214,7,0,1,0,,0.0004652605459057072,,0.007256191950464396,0.0,0.0,0.0,1.0,0.0,0.0
stochastic_contradictions,p0.25,p0.25,12,nominal_no_repair,Nominal,1,31,13,3,3,0,0.25,,0,220,215,6,0,1,0,,0.0004652605459057072,,0.007256191950464396,0.0,0.0,0.0,1.0,0.0,0.0
stochastic_contradictions,p0.25,p0.25,12,nominal_no_repair,Nominal,2,31,13,3,3,0,0.25,,0,220,195,26,0,1,0,,0.0004652605459057072,,0.007256191950464396,0.0,0.0,0.0,1.0,0.0,0.0
stochastic_contradictions,p0.25,p0.25,12,nominal_no_repair,Nominal,3,31,13,3,3,0,0.25,,1,30,0,30,0,0,0,,0.0004652605459057072,,0.007256191950464396,0.0,0.0,0.0,1.0,0.0,0.0
stochastic_contradictions,p0.25,p0.25,12,nominal_no_repair,Nominal,4,31,13,3,3,0,0.25,,0,220,215,6,0,1,0,,0.0004652605459057072,,0.007256191950464396,0.0,0.0,0.0,1.0,0.0,0.0
stochastic_contradictions,p0.25,p0.25,12,nominal_no_repair,Nominal,5,31,13,3,3,0,0.25,,1,30,0,30,0,0,0,,0.0004652605459057072,,0.007256191950464396,0.0,0.0,0.0,1.0,0.0,0.0
stochastic_contradictions,p0.25,p0.25,12,nominal_no_repair,Nominal,6,31,13,3,3,0,0.25,,1,30,0,30,0,0,0,,0.0004652605459057072,,0.007256191950464396,0.0,0.0,0.0,1.0,0.0,0.0
stochastic_contradictions,p0.25,p0.25,12,nominal_no_repair,Nominal,7,31,13,3,3,0,0.25,,1,30,0,30,0,0,0,,0.0004652605459057072,,0.007256191950464396,0.0,0.0,0.0,1.0,0.0,0.0
stochastic_contradictions,p0.25,p0.25,12,threshold_2,Threshold 2,0,31,13,3,3,0,0.25,,1,30,0,30,0,0,0,,0.0004652605459057072,,0.007256191950464396,0.0,0.0,0.0,1.0,0.0,0.0
stochastic_contradictions,p0.25,p0.25,12,threshold_2,Threshold 2,1,31,13,3,3,0,0.25,,1,30,0,30,0,0,0,,0.0004652605459057072,,0.007256191950464396,0.0,0.0,0.0,1.0,0.0,0.0
stochastic_contradictions,p0.25,p0.25,12,threshold_2,Threshold 2,2,31,13,3,3,0,0.25,,1,30,0,30,0,0,0,,0.0004652605459057072,,0.007256191950464396,0.0,0.0,0.0,1.0,0.0,0.0
stochastic_contradictions,p0.25,p0.25,12,threshold_2,Threshold 2,3,31,13,3,3,0,0.25,,1,30,0,30,0,0,0,,0.0004652605459057072,,0.007256191950464396,0.0,0.0,0.0,1.0,0.0,0.0
stochastic_contradictions,p0.25,p0.25,12,threshold_2,Threshold 2,4,31,13,3,3,0,0.25,,1,30,0,30,0,0,0,,0.0004652605459057072,,0.007256191950464396,0.0,0.0,0.0,1.0,0.0,0.0
stochastic_contradictions,p0.25,p0.25,12,threshold_2,Threshold 2,5,31,13,3,3,0,0.25,,1,31,1,31,0,0,0,,0.0004652605459057072,,0.007256191950464396,0.0,0.0,0.0,1.0,0.0,0.0
stochastic_contradictions,p0.25,p0.25,12,threshold_2,Threshold 2,6,31,13,3,3,0,0.25,,1,30,0,30,0,0,0,,0.0004652605459057072,,0.007256191950464396,0.0,0.0,0.0,1.0,0.0,0.0
stochastic_contradictions,p0.25,p0.25,12,threshold_2,Threshold 2,7,31,13,3,3,0,0.25,,1,34,2,34,0,0,1,,0.0007754342431761787,,0.012093653250773995,1.0,1.0,0.0,1.0,0.3333333333333333,0.0
stochastic_contradictions,p0.25,p0.25,12,threshold_4,Threshold 4,0,31,13,3,3,0,0.25,,1,31,1,31,0,0,0,,0.0004652605459057072,,0.007256191950464396,0.0,0.0,0.0,1.0,0.0,0.0
stochastic_contradictions,p0.25,p0.25,12,threshold_4,Threshold 4,1,31,13,3,3,0,0.25,,1,30,0,30,0,0,0,,0.0004652605459057072,,0.007256191950464396,0.0,0.0,0.0,1.0,0.0,0.0
stochastic_contradictions,p0.25,p0.25,12,threshold_4,Threshold 4,2,31,13,3,3,0,0.25,,1,30,0,30,0,0,0,,0.0004652605459057072,,0.007256191950464396,0.0,0.0,0.0,1.0,0.0,0.0
stochastic_contradictions,p0.25,p0.25,12,threshold_4,Threshold 4,3,31,13,3,3,0,0.25,,1,31,1,31,0,0,0,,0.0004652605459057072,,0.007256191950464396,0.0,0.0,0.0,1.0,0.0,0.0
stochastic_contradictions,p0.25,p0.25,12,threshold_4,Threshold 4,4,31,13,3,3,0,0.25,,1,32,2,32,0,0,0,,0.0004652605459057072,,0.007256191950464396,0.0,0.0,0.0,1.0,0.0,0.0
stochastic_contradictions,p0.25,p0.25,12,threshold_4,Threshold 4,5,31,13,3,3,0,0.25,,1,32,2,32,0,0,0,,0.0004652605459057072,,0.007256191950464396,0.0,0.0,0.0,1.0,0.0,0.0
stochastic_contradictions,p0.25,p0.25,12,threshold_4,Threshold 4,6,31,13,3,3,0,0.25,,1,32,2,32,0,0,0,,0.0004652605459057072,,0.007256191950464396,0.0,0.0,0.0,1.0,0.0,0.0
stochastic_contradictions,p0.25,p0.25,12,threshold_4,Threshold 4,7,31,13,3,3,0,0.25,,1,33,1,33,0,0,1,,0.0007754342431761787,,0.012093653250773995,1.0,1.0,0.0,1.0,0.3333333333333333,0.0
stochastic_contradictions,p0.25,p0.25,12,threshold_8,Threshold 8,0,31,13,3,3,0,0.25,,1,30,0,30,0,0,0,,0.0004652605459057072,,0.007256191950464396,0.0,0.0,0.0,1.0,0.0,0.0
stochastic_contradictions,p0.25,p0.25,12,threshold_8,Threshold 8,1,31,13,3,3,0,0.25,,1,30,0,30,0,0,0,,0.0004652605459057072,,0.007256191950464396,0.0,0.0,0.0,1.0,0.0,0.0
stochastic_contradictions,p0.25,p0.25,12,threshold_8,Threshold 8,2,31,13,3,3,0,0.25,,1,31,1,31,0,0,0,,0.0004652605459057072,,0.007256191950464396,0.0,0.0,0.0,1.0,0.0,0.0
stochastic_contradictions,p0.25,p0.25,12,threshold_8,Threshold 8,3,31,13,3,3,0,0.25,,1,31,1,31,0,0,0,,0.0004652605459057072,,0.007256191950464396,0.0,0.0,0.0,1.0,0.0,0.0
stochastic_contradictions,p0.25,p0.25,12,threshold_8,Threshold 8,4,31,13,3,3,0,0.25,,1,30,0,30,0,0,0,,0.0004652605459057072,,0.007256191950464396,0.0,0.0,0.0,1.0,0.0,0.0
stochastic_contradictions,p0.25,p0.25,12,threshold_8,Threshold 8,5,31,13,3,3,0,0.25,,1,30,0,30,0,0,0,,0.0004652605459057072,,0.007256191950464396,0.0,0.0,0.0,1.0,0.0,0.0
stochastic_contradictions,p0.25,p0.25,12,threshold_8,Threshold 8,6,31,13,3,3,0,0.25,,1,32,2,32,0,0,0,,0.0004652605459057072,,0.007256191950464396,0.0,0.0,0.0,1.0,0.0,0.0
stochastic_contradictions,p0.25,p0.25,12,threshold_8,Threshold 8,7,31,13,3,3,0,0.25,,1,30,0,30,0,0,0,,0.0004652605459057072,,0.007256191950464396,0.0,0.0,0.0,1.0,0.0,0.0
stochastic_contradictions,p0.25,p0.25,12,ccra_exact_guard,CCRA exact,0,31,13,3,3,0,0.25,,1,30,0,30,0,0,0,,0.0004652605459057072,,0.007256191950464396,0.0,0.0,0.0,1.0,0.0,0.0
stochastic_contradictions,p0.25,p0.25,12,ccra_exact_guard,CCRA exact,1,31,13,3,3,0,0.25,,1,30,0,30,0,0,0,,0.0004652605459057072,,0.007256191950464396,0.0,0.0,0.0,1.0,0.0,0.0
stochastic_contradictions,p0.25,p0.25,12,ccra_exact_guard,CCRA exact,2,31,13,3,3,0,0.25,,1,30,0,30,0,0,0,,0.0004652605459057072,,0.007256191950464396,0.0,0.0,0.0,1.0,0.0,0.0
stochastic_contradictions,p0.25,p0.25,12,ccra_exact_guard,CCRA exact,3,31,13,3,3,0,0.25,,1,30,0,30,0,0,0,,0.0004652605459057072,,0.007256191950464396,0.0,0.0,0.0,1.0,0.0,0.0
stochastic_contradictions,p0.25,p0.25,12,ccra_exact_guard,CCRA exact,4,31,13,3,3,0,0.25,,1,30,0,30,0,0,0,,0.0004652605459057072,,0.007256191950464396,0.0,0.0,0.0,1.0,0.0,0.0
stochastic_contradictions,p0.25,p0.25,12,ccra_exact_guard,CCRA exact,5,31,13,3,3,0,0.25,,1,33,1,33,0,0,1,,0.0007754342431761787,,0.012093653250773995,1.0,1.0,0.0,1.0,0.3333333333333333,0.0
stochastic_contradictions,p0.25,p0.25,12,ccra_exact_guard,CCRA exact,6,31,13,3,3,0,0.25,,1,32,0,32,0,0,1,,0.0007754342431761787,,0.012093653250773995,1.0,1.0,0.0,1.0,0.3333333333333333,0.0
stochastic_contradictions,p0.25,p0.25,12,ccra_exact_guard,CCRA exact,7,31,13,3,3,0,0.25,,1,32,0,32,0,0,1,,0.0007754342431761787,,0.012093653250773995,1.0,1.0,0.0,1.0,0.3333333333333333,0.0
stochastic_contradictions,p0.25,p0.25,12,uncertainty_cost_avoidance,Cost avoidance,0,31,13,3,3,0,0.25,,1,30,0,30,0,0,0,,0.0004652605459057072,,0.007256191950464396,0.0,0.0,0.0,1.0,0.0,0.0
stochastic_contradictions,p0.25,p0.25,12,uncertainty_cost_avoidance,Cost avoidance,1,31,13,3,3,0,0.25,,1,33,1,33,0,0,1,,0.0004652605459057072,,0.007256191950464396,0.0,0.0,0.0,1.0,0.0,0.0
stochastic_contradictions,p0.25,p0.25,12,uncertainty_cost_avoidance,Cost avoidance,2,31,13,3,3,0,0.25,,1,32,0,32,0,0,1,,0.0004652605459057072,,0.007256191950464396,0.0,0.0,0.0,1.0,0.0,0.0
stochastic_contradictions,p0.25,p0.25,12,uncertainty_cost_avoidance,Cost avoidance,3,31,13,3,3,0,0.25,,1,32,0,32,0,0,1,,0.0004652605459057072,,0.007256191950464396,0.0,0.0,0.0,1.0,0.0,0.0
stochastic_contradictions,p0.25,p0.25,12,uncertainty_cost_avoidance,Cost avoidance,4,31,13,3,3,0,0.25,,1,33,1,33,0,0,2,,0.0004652605459057072,,0.007256191950464396,0.0,0.0,0.0,1.0,0.0,0.0
stochastic_contradictions,p0.25,p0.25,12,uncertainty_cost_avoidance,Cost avoidance,5,31,13,3,3,0,0.25,,1,32,0,32,0,0,2,,0.0004652605459057072,,0.007256191950464396,0.0,0.0,0.0,1.0,0.0,0.0
stochastic_contradictions,p0.25,p0.25,12,uncertainty_cost_avoidance,Cost avoidance,6,31,13,3,3,0,0.25,,1,32,0,32,0,0,2,,0.0004652605459057072,,0.007256191950464396,0.0,0.0,0.0,1.0,0.0,0.0
stochastic_contradictions,p0.25,p0.25,12,uncertainty_cost_avoidance,Cost avoidance,7,31,13,3,3,0,0.25,,1,32,0,32,0,0,2,,0.0004652605459057072,,0.007256191950464396,0.0,0.0,0.0,1.0,0.0,0.0
stochastic_contradictions,p0.25,p0.25,12,oracle_fault_model,Oracle,0,31,13,3,3,0,0.25,,1,32,0,32,0,0,0,,0.0013957816377171215,,0.02176857585139319,3.0,3.0,0.0,1.0,1.0,0.0
stochastic_contradictions,p0.25,p0.25,12,oracle_fault_model,Oracle,1,31,13,3,3,0,0.25,,1,32,0,32,0,0,0,,0.0013957816377171215,,0.02176857585139319,3.0,3.0,0.0,1.0,1.0,0.0
stochastic_contradictions,p0.25,p0.25,12,oracle_fault_model,Oracle,2,31,13,3,3,0,0.25,,1,32,0,32,0,0,0,,0.0013957816377171215,,0.02176857585139319,3.0,3.0,0.0,1.0,1.0,0.0
stochastic_contradictions,p0.25,p0.25,12,oracle_fault_model,Oracle,3,31,13,3,3,0,0.25,,1,32,0,32,0,0,0,,0.0013957816377171215,,0.02176857585139319,3.0,3.0,0.0,1.0,1.0,0.0
stochastic_contradictions,p0.25,p0.25,12,oracle_fault_model,Oracle,4,31,13,3,3,0,0.25,,1,32,0,32,0,0,0,,0.0013957816377171215,,0.02176857585139319,3.0,3.0,0.0,1.0,1.0,0.0
stochastic_contradictions,p0.25,p0.25,12,oracle_fault_model,Oracle,5,31,13,3,3,0,0.25,,1,32,0,32,0,0,0,,0.0013957816377171215,,0.02176857585139319,3.0,3.0,0.0,1.0,1.0,0.0
stochastic_contradictions,p0.25,p0.25,12,oracle_fault_model,Oracle,6,31,13,3,3,0,0.25,,1,32,0,32,0,0,0,,0.0013957816377171215,,0.02176857585139319,3.0,3.0,0.0,1.0,1.0,0.0
stochastic_contradictions,p0.25,p0.25,12,oracle_fault_model,Oracle,7,31,13,3,3,0,0.25,,1,32,0,32,0,0,0,,0.0013957816377171215,,0.02176857585139319,3.0,3.0,0.0,1.0,1.0,0.0
stochastic_contradictions,p0.25,p0.25,13,nominal_no_repair,Nominal,0,31,13,3,3,0,0.25,,0,220,199,22,0,1,0,,0.0004652605459057072,,0.007256191950464396,0.0,0.0,0.0,1.0,0.0,0.0
stochastic_contradictions,p0.25,p0.25,13,nominal_no_repair,Nominal,1,31,13,3,3,0,0.25,,1,30,0,30,0,0,0,,0.0004652605459057072,,0.007256191950464396,0.0,0.0,0.0,1.0,0.0,0.0
stochastic_contradictions,p0.25,p0.25,13,nominal_no_repair,Nominal,2,31,13,3,3,0,0.25,,0,220,197,24,0,1,0,,0.0004652605459057072,,0.007256191950464396,0.0,0.0,0.0,1.0,0.0,0.0
stochastic_contradictions,p0.25,p0.25,13,nominal_no_repair,Nominal,3,31,13,3,3,0,0.25,,0,220,199,22,0,1,0,,0.0004652605459057072,,0.007256191950464396,0.0,0.0,0.0,1.0,0.0,0.0
stochastic_contradictions,p0.25,p0.25,13,nominal_no_repair,Nominal,4,31,13,3,3,0,0.25,,0,220,199,22,0,1,0,,0.0004652605459057072,,0.007256191950464396,0.0,0.0,0.0,1.0,0.0,0.0
stochastic_contradictions,p0.25,p0.25,13,nominal_no_repair,Nominal,5,31,13,3,3,0,0.25,,1,30,0,30,0,0,0,,0.0004652605459057072,,0.007256191950464396,0.0,0.0,0.0,1.0,0.0,0.0
stochastic_contradictions,p0.25,p0.25,13,nominal_no_repair,Nominal,6,31,13,3,3,0,0.25,,0,220,197,24,0,1,0,,0.0004652605459057072,,0.007256191950464396,0.0,0.0,0.0,1.0,0.0,0.0
stochastic_contradictions,p0.25,p0.25,13,nominal_no_repair,Nominal,7,31,13,3,3,0,0.25,,0,220,194,27,0,1,0,,0.0004652605459057072,,0.007256191950464396,0.0,0.0,0.0,1.0,0.0,0.0
stochastic_contradictions,p0.25,p0.25,13,threshold_2,Threshold 2,0,31,13,3,3,0,0.25,,1,34,2,34,0,0,1,,0.0007754342431761787,,0.012093653250773995,1.0,1.0,0.0,1.0,0.3333333333333333,0.0
stochastic_contradictions,p0.25,p0.25,13,threshold_2,Threshold 2,1,31,13,3,3,0,0.25,,1,32,0,32,0,0,1,,0.0007754342431761787,,0.012093653250773995,1.0,1.0,0.0,1.0,0.3333333333333333,0.0
stochastic_contradictions,p0.25,p0.25,13,threshold_2,Threshold 2,2,31,13,3,3,0,0.25,,1,33,1,33,0,0,1,,0.0007754342431761787,,0.012093653250773995,1.0,1.0,0.0,1.0,0.3333333333333333,0.0
stochastic_contradictions,p0.25,p0.25,13,threshold_2,Threshold 2,3,31,13,3,3,0,0.25,,1,34,2,34,0,0,2,,0.0010856079404466502,,0.016931114551083593,2.0,2.0,0.0,1.0,0.6666666666666666,0.0
stochastic_contradictions,p0.25,p0.25,13,threshold_2,Threshold 2,4,31,13,3,3,0,0.25,,1,32,0,32,0,0,2,,0.0010856079404466502,,0.016931114551083593,2.0,2.0,0.0,1.0,0.6666666666666666,0.0
stochastic_contradictions,p0.25,p0.25,13,threshold_2,Threshold 2,5,31,13,3,3,0,0.25,,1,32,0,32,0,0,2,,0.0010856079404466502,,0.016931114551083593,2.0,2.0,0.0,1.0,0.6666666666666666,0.0
stochastic_contradictions,p0.25,p0.25,13,threshold_2,Threshold 2,6,31,13,3,3,0,0.25,,1,32,0,32,0,0,2,,0.0010856079404466502,,0.016931114551083593,2.0,2.0,0.0,1.0,0.6666666666666666,0.0
stochastic_contradictions,p0.25,p0.25,13,threshold_2,Threshold 2,7,31,13,3,3,0,0.25,,1,32,0,32,0,0,2,,0.0010856079404466502,,0.016931114551083593,2.0,2.0,0.0,1.0,0.6666666666666666,0.0
stochastic_contradictions,p0.25,p0.25,13,threshold_4,Threshold 4,0,31,13,3,3,0,0.25,,1,30,0,30,0,0,0,,0.0004652605459057072,,0.007256191950464396,0.0,0.0,0.0,1.0,0.0,0.0
stochastic_contradictions,p0.25,p0.25,13,threshold_4,Threshold 4,1,31,13,3,3,0,0.25,,1,30,0,30,0,0,0,,0.0004652605459057072,,0.007256191950464396,0.0,0.0,0.0,1.0,0.0,0.0
stochastic_contradictions,p0.25,p0.25,13,threshold_4,Threshold 4,2,31,13,3,3,0,0.25,,1,31,1,31,0,0,0,,0.0004652605459057072,,0.007256191950464396,0.0,0.0,0.0,1.0,0.0,0.0
stochastic_contradictions,p0.25,p0.25,13,threshold_4,Threshold 4,3,31,13,3,3,0,0.25,,1,30,0,30,0,0,0,,0.0004652605459057072,,0.007256191950464396,0.0,0.0,0.0,1.0,0.0,0.0
stochastic_contradictions,p0.25,p0.25,13,threshold_4,Threshold 4,4,31,13,3,3,0,0.25,,1,31,1,31,0,0,0,,0.0004652605459057072,,0.007256191950464396,0.0,0.0,0.0,1.0,0.0,0.0
stochastic_contradictions,p0.25,p0.25,13,threshold_4,Threshold 4,5,31,13,3,3,0,0.25,,1,31,1,31,0,0,0,,0.0004652605459057072,,0.007256191950464396,0.0,0.0,0.0,1.0,0.0,0.0
stochastic_contradictions,p0.25,p0.25,13,threshold_4,Threshold 4,6,31,13,3,3,0,0.25,,1,30,0,30,0,0,0,,0.0004652605459057072,,0.007256191950464396,0.0,0.0,0.0,1.0,0.0,0.0
stochastic_contradictions,p0.25,p0.25,13,threshold_4,Threshold 4,7,31,13,3,3,0,0.25,,1,33,3,33,0,0,0,,0.0004652605459057072,,0.007256191950464396,0.0,0.0,0.0,1.0,0.0,0.0
stochastic_contradictions,p0.25,p0.25,13,threshold_8,Threshold 8,0,31,13,3,3,0,0.25,,1,32,2,32,0,0,0,,0.0004652605459057072,,0.007256191950464396,0.0,0.0,0.0,1.0,0.0,0.0
stochastic_contradictions,p0.25,p0.25,13,threshold_8,Threshold 8,1,31,13,3,3,0,0.25,,1,33,3,33,0,0,0,,0.0004652605459057072,,0.007256191950464396,0.0,0.0,0.0,1.0,0.0,0.0
stochastic_contradictions,p0.25,p0.25,13,threshold_8,Threshold 8,2,31,13,3,3,0,0.25,,1,30,0,30,0,0,0,,0.0004652605459057072,,0.007256191950464396,0.0,0.0,0.0,1.0,0.0,0.0
stochastic_contradictions,p0.25,p0.25,13,threshold_8,Threshold 8,3,31,13,3,3,0,0.25,,1,32,2,32,0,0,0,,0.0004652605459057072,,0.007256191950464396,0.0,0.0,0.0,1.0,0.0,0.0
stochastic_contradictions,p0.25,p0.25,13,threshold_8,Threshold 8,4,31,13,3,3,0,0.25,,1,32,2,32,0,0,0,,0.0004652605459057072,,0.007256191950464396,0.0,0.0,0.0,1.0,0.0,0.0
stochastic_contradictions,p0.25,p0.25,13,threshold_8,Threshold 8,5,31,13,3,3,0,0.25,,1,33,3,33,0,0,0,,0.0004652605459057072,,0.007256191950464396,0.0,0.0,0.0,1.0,0.0,0.0
stochastic_contradictions,p0.25,p0.25,13,threshold_8,Threshold 8,6,31,13,3,3,0,0.25,,1,32,2,32,0,0,0,,0.0004652605459057072,,0.007256191950464396,0.0,0.0,0.0,1.0,0.0,0.0
stochastic_contradictions,p0.25,p0.25,13,threshold_8,Threshold 8,7,31,13,3,3,0,0.25,,1,30,0,30,0,0,0,,0.0004652605459057072,,0.007256191950464396,0.0,0.0,0.0,1.0,0.0,0.0
stochastic_contradictions,p0.25,p0.25,13,ccra_exact_guard,CCRA exact,0,31,13,3,3,0,0.25,,1,33,1,33,0,0,1,,0.0007754342431761787,,0.012093653250773995,1.0,1.0,0.0,1.0,0.3333333333333333,0.0
stochastic_contradictions,p0.25,p0.25,13,ccra_exact_guard,CCRA exact,1,31,13,3,3,0,0.25,,1,33,1,33,0,0,2,,0.0010856079404466502,,0.016931114551083593,2.0,2.0,0.0,1.0,0.6666666666666666,0.0
stochastic_contradictions,p0.25,p0.25,13,ccra_exact_guard,CCRA exact,2,31,13,3,3,0,0.25,,1,32,0,32,0,0,2,,0.0010856079404466502,,0.016931114551083593,2.0,2.0,0.0,1.0,0.6666666666666666,0.0
stochastic_contradictions,p0.25,p0.25,13,ccra_exact_guard,CCRA exact,3,31,13,3,3,0,0.25,,1,32,0,32,0,0,2,,0.0010856079404466502,,0.016931114551083593,2.0,2.0,0.0,1.0,0.6666666666666666,0.0
stochastic_contradictions,p0.25,p0.25,13,ccra_exact_guard,CCRA exact,4,31,13,3,3,0,0.25,,1,32,0,32,0,0,2,,0.0010856079404466502,,0.016931114551083593,2.0,2.0,0.0,1.0,0.6666666666666666,0.0
stochastic_contradictions,p0.25,p0.25,13,ccra_exact_guard,CCRA exact,5,31,13,3,3,0,0.25,,1,32,0,32,0,0,2,,0.0010856079404466502,,0.016931114551083593,2.0,2.0,0.0,1.0,0.6666666666666666,0.0
stochastic_contradictions,p0.25,p0.25,13,ccra_exact_guard,CCRA exact,6,31,13,3,3,0,0.25,,1,32,0,32,0,0,2,,0.0010856079404466502,,0.016931114551083593,2.0,2.0,0.0,1.0,0.6666666666666666,0.0
stochastic_contradictions,p0.25,p0.25,13,ccra_exact_guard,CCRA exact,7,31,13,3,3,0,0.25,,1,32,0,32,0,0,2,,0.0010856079404466502,,0.016931114551083593,2.0,2.0,0.0,1.0,0.6666666666666666,0.0
stochastic_contradictions,p0.25,p0.25,13,uncertainty_cost_avoidance,Cost avoidance,0,31,13,3,3,0,0.25,,1,33,1,33,0,0,1,,0.0004652605459057072,,0.007256191950464396,0.0,0.0,0.0,1.0,0.0,0.0
stochastic_contradictions,p0.25,p0.25,13,uncertainty_cost_avoidance,Cost avoidance,1,31,13,3,3,0,0.25,,1,32,0,32,0,0,1,,0.0004652605459057072,,0.007256191950464396,0.0,0.0,0.0,1.0,0.0,0.0
stochastic_contradictions,p0.25,p0.25,13,uncertainty_cost_avoidance,Cost avoidance,2,31,13,3,3,0,0.25,,1,33,1,33,0,0,2,,0.0004652605459057072,,0.007256191950464396,0.0,0.0,0.0,1.0,0.0,0.0
stochastic_contradictions,p0.25,p0.25,13,uncertainty_cost_avoidance,Cost avoidance,3,31,13,3,3,0,0.25,,1,32,0,32,0,0,2,,0.0004652605459057072,,0.007256191950464396,0.0,0.0,0.0,1.0,0.0,0.0
stochastic_contradictions,p0.25,p0.25,13,uncertainty_cost_avoidance,Cost avoidance,4,31,13,3,3,0,0.25,,1,32,0,32,0,0,2,,0.0004652605459057072,,0.007256191950464396,0.0,0.0,0.0,1.0,0.0,0.0
stochastic_contradictions,p0.25,p0.25,13,uncertainty_cost_avoidance,Cost avoidance,5,31,13,3,3,0,0.25,,1,32,0,32,0,0,2,,0.0004652605459057072,,0.007256191950464396,0.0,0.0,0.0,1.0,0.0,0.0
stochastic_contradictions,p0.25,p0.25,13,uncertainty_cost_avoidance,Cost avoidance,6,31,13,3,3,0,0.25,,1,32,0,32,0,0,2,,0.0004652605459057072,,0.007256191950464396,0.0,0.0,0.0,1.0,0.0,0.0
stochastic_contradictions,p0.25,p0.25,13,uncertainty_cost_avoidance,Cost avoidance,7,31,13,3,3,0,0.25,,1,32,0,32,0,0,2,,0.0004652605459057072,,0.007256191950464396,0.0,0.0,0.0,1.0,0.0,0.0
stochastic_contradictions,p0.25,p0.25,13,oracle_fault_model,Oracle,0,31,13,3,3,0,0.25,,1,32,0,32,0,0,0,,0.0013957816377171215,,0.02176857585139319,3.0,3.0,0.0,1.0,1.0,0.0
stochastic_contradictions,p0.25,p0.25,13,oracle_fault_model,Oracle,1,31,13,3,3,0,0.25,,1,32,0,32,0,0,0,,0.0013957816377171215,,0.02176857585139319,3.0,3.0,0.0,1.0,1.0,0.0
stochastic_contradictions,p0.25,p0.25,13,oracle_fault_model,Oracle,2,31,13,3,3,0,0.25,,1,32,0,32,0,0,0,,0.0013957816377171215,,0.02176857585139319,3.0,3.0,0.0,1.0,1.0,0.0
stochastic_contradictions,p0.25,p0.25,13,oracle_fault_model,Oracle,3,31,13,3,3,0,0.25,,1,32,0,32,0,0,0,,0.0013957816377171215,,0.02176857585139319,3.0,3.0,0.0,1.0,1.0,0.0
stochastic_contradictions,p0.25,p0.25,13,oracle_fault_model,Oracle,4,31,13,3,3,0,0.25,,1,32,0,32,0,0,0,,0.0013957816377171215,,0.02176857585139319,3.0,3.0,0.0,1.0,1.0,0.0
stochastic_contradictions,p0.25,p0.25,13,oracle_fault_model,Oracle,5,31,13,3,3,0,0.25,,1,32,0,32,0,0,0,,0.0013957816377171215,,0.02176857585139319,3.0,3.0,0.0,1.0,1.0,0.0
stochastic_contradictions,p0.25,p0.25,13,oracle_fault_model,Oracle,6,31,13,3,3,0,0.25,,1,32,0,32,0,0,0,,0.0013957816377171215,,0.02176857585139319,3.0,3.0,0.0,1.0,1.0,0.0
stochastic_contradictions,p0.25,p0.25,13,oracle_fault_model,Oracle,7,31,13,3,3,0,0.25,,1,32,0,32,0,0,0,,0.0013957816377171215,,0.02176857585139319,3.0,3.0,0.0,1.0,1.0,0.0
stochastic_contradictions,p0.25,p0.25,14,nominal_no_repair,Nominal,0,31,13,3,3,0,0.25,,1,30,0,30,0,0,0,,0.0004652605459057072,,0.007256191950464396,0.0,0.0,0.0,1.0,0.0,0.0
stochastic_contradictions,p0.25,p0.25,14,nominal_no_repair,Nominal,1,31,13,3,3,0,0.25,,0,220,206,15,0,1,0,,0.0004652605459057072,,0.007256191950464396,0.0,0.0,0.0,1.0,0.0,0.0
stochastic_contradictions,p0.25,p0.25,14,nominal_no_repair,Nominal,2,31,13,3,3,0,0.25,,1,30,0,30,0,0,0,,0.0004652605459057072,,0.007256191950464396,0.0,0.0,0.0,1.0,0.0,0.0
stochastic_contradictions,p0.25,p0.25,14,nominal_no_repair,Nominal,3,31,13,3,3,0,0.25,,1,30,0,30,0,0,0,,0.0004652605459057072,,0.007256191950464396,0.0,0.0,0.0,1.0,0.0,0.0
stochastic_contradictions,p0.25,p0.25,14,nominal_no_repair,Nominal,4,31,13,3,3,0,0.25,,1,30,0,30,0,0,0,,0.0004652605459057072,,0.007256191950464396,0.0,0.0,0.0,1.0,0.0,0.0
stochastic_contradictions,p0.25,p0.25,14,nominal_no_repair,Nominal,5,31,13,3,3,0,0.25,,0,220,206,15,0,1,0,,0.0004652605459057072,,0.007256191950464396,0.0,0.0,0.0,1.0,0.0,0.0
stochastic_contradictions,p0.25,p0.25,14,nominal_no_repair,Nominal,6,31,13,3,3,0,0.25,,1,30,0,30,0,0,0,,0.0004652605459057072,,0.007256191950464396,0.0,0.0,0.0,1.0,0.0,0.0
stochastic_contradictions,p0.25,p0.25,14,nominal_no_repair,Nominal,7,31,13,3,3,0,0.25,,0,220,204,17,0,1,0,,0.0004652605459057072,,0.007256191950464396,0.0,0.0,0.0,1.0,0.0,0.0
stochastic_contradictions,p0.25,p0.25,14,threshold_2,Threshold 2,0,31,13,3,3,0,0.25,,1,30,0,30,0,0,0,,0.0004652605459057072,,0.007256191950464396,0.0,0.0,0.0,1.0,0.0,0.0
stochastic_contradictions,p0.25,p0.25,14,threshold_2,Threshold 2,1,31,13,3,3,0,0.25,,1,30,0,30,0,0,0,,0.0004652605459057072,,0.007256191950464396,0.0,0.0,0.0,1.0,0.0,0.0
stochastic_contradictions,p0.25,p0.25,14,threshold_2,Threshold 2,2,31,13,3,3,0,0.25,,1,34,2,34,0,0,1,,0.0007754342431761787,,0.012093653250773995,1.0,1.0,0.0,1.0,0.3333333333333333,0.0
stochastic_contradictions,p0.25,p0.25,14,threshold_2,Threshold 2,3,31,13,3,3,0,0.25,,1,34,2,34,0,0,2,,0.0010856079404466502,,0.016931114551083593,2.0,2.0,0.0,1.0,0.6666666666666666,0.0
stochastic_contradictions,p0.25,p0.25,14,threshold_2,Threshold 2,4,31,13,3,3,0,0.25,,1,32,0,32,0,0,2,,0.0010856079404466502,,0.016931114551083593,2.0,2.0,0.0,1.0,0.6666666666666666,0.0
stochastic_contradictions,p0.25,p0.25,14,threshold_2,Threshold 2,5,31,13,3,3,0,0.25,,1,32,0,32,0,0,2,,0.0010856079404466502,,0.016931114551083593,2.0,2.0,0.0,1.0,0.6666666666666666,0.0
stochastic_contradictions,p0.25,p0.25,14,threshold_2,Threshold 2,6,31,13,3,3,0,0.25,,1,32,0,32,0,0,2,,0.0010856079404466502,,0.016931114551083593,2.0,2.0,0.0,1.0,0.6666666666666666,0.0
stochastic_contradictions,p0.25,p0.25,14,threshold_2,Threshold 2,7,31,13,3,3,0,0.25,,1,32,0,32,0,0,2,,0.0010856079404466502,,0.016931114551083593,2.0,2.0,0.0,1.0,0.6666666666666666,0.0
stochastic_contradictions,p0.25,p0.25,14,threshold_4,Threshold 4,0,31,13,3,3,0,0.25,,1,30,0,30,0,0,0,,0.0004652605459057072,,0.007256191950464396,0.0,0.0,0.0,1.0,0.0,0.0
stochastic_contradictions,p0.25,p0.25,14,threshold_4,Threshold 4,1,31,13,3,3,0,0.25,,1,30,0,30,0,0,0,,0.0004652605459057072,,0.007256191950464396,0.0,0.0,0.0,1.0,0.0,0.0
stochastic_contradictions,p0.25,p0.25,14,threshold_4,Threshold 4,2,31,13,3,3,0,0.25,,1,31,1,31,0,0,0,,0.0004652605459057072,,0.007256191950464396,0.0,0.0,0.0,1.0,0.0,0.0
stochastic_contradictions,p0.25,p0.25,14,threshold_4,Threshold 4,3,31,13,3,3,0,0.25,,1,30,0,30,0,0,0,,0.0004652605459057072,,0.007256191950464396,0.0,0.0,0.0,1.0,0.0,0.0
stochastic_contradictions,p0.25,p0.25,14,threshold_4,Threshold 4,4,31,13,3,3,0,0.25,,1,30,0,30,0,0,0,,0.0004652605459057072,,0.007256191950464396,0.0,0.0,0.0,1.0,0.0,0.0
stochastic_contradictions,p0.25,p0.25,14,threshold_4,Threshold 4,5,31,13,3,3,0,0.25,,1,30,0,30,0,0,0,,0.0004652605459057072,,0.007256191950464396,0.0,0.0,0.0,1.0,0.0,0.0
stochastic_contradictions,p0.25,p0.25,14,threshold_4,Threshold 4,6,31,13,3,3,0,0.25,,1,30,0,30,0,0,0,,0.0004652605459057072,,0.007256191950464396,0.0,0.0,0.0,1.0,0.0,0.0
stochastic_contradictions,p0.25,p0.25,14,threshold_4,Threshold 4,7,31,13,3,3,0,0.25,,1,30,0,30,0,0,0,,0.0004652605459057072,,0.007256191950464396,0.0,0.0,0.0,1.0,0.0,0.0
stochastic_contradictions,p0.25,p0.25,14,threshold_8,Threshold 8,0,31,13,3,3,0,0.25,,1,30,0,30,0,0,0,,0.0004652605459057072,,0.007256191950464396,0.0,0.0,0.0,1.0,0.0,0.0
stochastic_contradictions,p0.25,p0.25,14,threshold_8,Threshold 8,1,31,13,3,3,0,0.25,,1,32,2,32,0,0,0,,0.0004652605459057072,,0.007256191950464396,0.0,0.0,0.0,1.0,0.0,0.0
stochastic_contradictions,p0.25,p0.25,14,threshold_8,Threshold 8,2,31,13,3,3,0,0.25,,1,30,0,30,0,0,0,,0.0004652605459057072,,0.007256191950464396,0.0,0.0,0.0,1.0,0.0,0.0
stochastic_contradictions,p0.25,p0.25,14,threshold_8,Threshold 8,3,31,13,3,3,0,0.25,,1,30,0,30,0,0,0,,0.0004652605459057072,,0.007256191950464396,0.0,0.0,0.0,1.0,0.0,0.0
stochastic_contradictions,p0.25,p0.25,14,threshold_8,Threshold 8,4,31,13,3,3,0,0.25,,1,31,1,31,0,0,0,,0.0004652605459057072,,0.007256191950464396,0.0,0.0,0.0,1.0,0.0,0.0
stochastic_contradictions,p0.25,p0.25,14,threshold_8,Threshold 8,5,31,13,3,3,0,0.25,,1,32,2,32,0,0,0,,0.0004652605459057072,,0.007256191950464396,0.0,0.0,0.0,1.0,0.0,0.0
stochastic_contradictions,p0.25,p0.25,14,threshold_8,Threshold 8,6,31,13,3,3,0,0.25,,1,32,2,32,0,0,0,,0.0004652605459057072,,0.007256191950464396,0.0,0.0,0.0,1.0,0.0,0.0
stochastic_contradictions,p0.25,p0.25,14,threshold_8,Threshold 8,7,31,13,3,3,0,0.25,,1,30,0,30,0,0,0,,0.0004652605459057072,,0.007256191950464396,0.0,0.0,0.0,1.0,0.0,0.0
stochastic_contradictions,p0.25,p0.25,14,ccra_exact_guard,CCRA exact,0,31,13,3,3,0,0.25,,1,33,1,33,0,0,1,,0.0007754342431761787,,0.012093653250773995,1.0,1.0,0.0,1.0,0.3333333333333333,0.0
stochastic_contradictions,p0.25,p0.25,14,ccra_exact_guard,CCRA exact,1,31,13,3,3,0,0.25,,1,32,0,32,0,0,1,,0.0007754342431761787,,0.012093653250773995,1.0,1.0,0.0,1.0,0.3333333333333333,0.0
stochastic_contradictions,p0.25,p0.25,14,ccra_exact_guard,CCRA exact,2,31,13,3,3,0,0.25,,1,32,0,32,0,0,1,,0.0007754342431761787,,0.012093653250773995,1.0,1.0,0.0,1.0,0.3333333333333333,0.0
stochastic_contradictions,p0.25,p0.25,14,ccra_exact_guard,CCRA exact,3,31,13,3,3,0,0.25,,1,32,0,32,0,0,1,,0.0007754342431761787,,0.012093653250773995,1.0,1.0,0.0,1.0,0.3333333333333333,0.0
stochastic_contradictions,p0.25,p0.25,14,ccra_exact_guard,CCRA exact,4,31,13,3,3,0,0.25,,1,33,1,33,0,0,2,,0.0010856079404466502,,0.016931114551083593,2.0,2.0,0.0,1.0,0.6666666666666666,0.0
stochastic_contradictions,p0.25,p0.25,14,ccra_exact_guard,CCRA exact,5,31,13,3,3,0,0.25,,1,32,0,32,0,0,2,,0.0010856079404466502,,0.016931114551083593,2.0,2.0,0.0,1.0,0.6666666666666666,0.0
stochastic_contradictions,p0.25,p0.25,14,ccra_exact_guard,CCRA exact,6,31,13,3,3,0,0.25,,1,32,0,32,0,0,2,,0.0010856079404466502,,0.016931114551083593,2.0,2.0,0.0,1.0,0.6666666666666666,0.0
stochastic_contradictions,p0.25,p0.25,14,ccra_exact_guard,CCRA exact,7,31,13,3,3,0,0.25,,1,32,0,32,0,0,2,,0.0010856079404466502,,0.016931114551083593,2.0,2.0,0.0,1.0,0.6666666666666666,0.0
stochastic_contradictions,p0.25,p0.25,14,uncertainty_cost_avoidance,Cost avoidance,0,31,13,3,3,0,0.25,,1,30,0,30,0,0,0,,0.0004652605459057072,,0.007256191950464396,0.0,0.0,0.0,1.0,0.0,0.0
stochastic_contradictions,p0.25,p0.25,14,uncertainty_cost_avoidance,Cost avoidance,1,31,13,3,3,0,0.25,,1,30,0,30,0,0,0,,0.0004652605459057072,,0.007256191950464396,0.0,0.0,0.0,1.0,0.0,0.0
stochastic_contradictions,p0.25,p0.25,14,uncertainty_cost_avoidance,Cost avoidance,2,31,13,3,3,0,0.25,,1,30,0,30,0,0,0,,0.0004652605459057072,,0.007256191950464396,0.0,0.0,0.0,1.0,0.0,0.0
stochastic_contradictions,p0.25,p0.25,14,uncertainty_cost_avoidance,Cost avoidance,3,31,13,3,3,0,0.25,,1,30,0,30,0,0,0,,0.0004652605459057072,,0.007256191950464396,0.0,0.0,0.0,1.0,0.0,0.0
stochastic_contradictions,p0.25,p0.25,14,uncertainty_cost_avoidance,Cost avoidance,4,31,13,3,3,0,0.25,,1,33,1,33,0,0,1,,0.0004652605459057072,,0.007256191950464396,0.0,0.0,0.0,1.0,0.0,0.0
stochastic_contradictions,p0.25,p0.25,14,uncertainty_cost_avoidance,Cost avoidance,5,31,13,3,3,0,0.25,,1,32,0,32,0,0,1,,0.0004652605459057072,,0.007256191950464396,0.0,0.0,0.0,1.0,0.0,0.0
stochastic_contradictions,p0.25,p0.25,14,uncertainty_cost_avoidance,Cost avoidance,6,31,13,3,3,0,0.25,,1,33,1,33,0,0,2,,0.0004652605459057072,,0.007256191950464396,0.0,0.0,0.0,1.0,0.0,0.0
stochastic_contradictions,p0.25,p0.25,14,uncertainty_cost_avoidance,Cost avoidance,7,31,13,3,3,0,0.25,,1,32,0,32,0,0,2,,0.0004652605459057072,,0.007256191950464396,0.0,0.0,0.0,1.0,0.0,0.0
stochastic_contradictions,p0.25,p0.25,14,oracle_fault_model,Oracle,0,31,13,3,3,0,0.25,,1,32,0,32,0,0,0,,0.0013957816377171215,,0.02176857585139319,3.0,3.0,0.0,1.0,1.0,0.0
stochastic_contradictions,p0.25,p0.25,14,oracle_fault_model,Oracle,1,31,13,3,3,0,0.25,,1,32,0,32,0,0,0,,0.0013957816377171215,,0.02176857585139319,3.0,3.0,0.0,1.0,1.0,0.0
stochastic_contradictions,p0.25,p0.25,14,oracle_fault_model,Oracle,2,31,13,3,3,0,0.25,,1,32,0,32,0,0,0,,0.0013957816377171215,,0.02176857585139319,3.0,3.0,0.0,1.0,1.0,0.0
stochastic_contradictions,p0.25,p0.25,14,oracle_fault_model,Oracle,3,31,13,3,3,0,0.25,,1,32,0,32,0,0,0,,0.0013957816377171215,,0.02176857585139319,3.0,3.0,0.0,1.0,1.0,0.0
stochastic_contradictions,p0.25,p0.25,14,oracle_fault_model,Oracle,4,31,13,3,3,0,0.25,,1,32,0,32,0,0,0,,0.0013957816377171215,,0.02176857585139319,3.0,3.0,0.0,1.0,1.0,0.0
stochastic_contradictions,p0.25,p0.25,14,oracle_fault_model,Oracle,5,31,13,3,3,0,0.25,,1,32,0,32,0,0,0,,0.0013957816377171215,,0.02176857585139319,3.0,3.0,0.0,1.0,1.0,0.0
stochastic_contradictions,p0.25,p0.25,14,oracle_fault_model,Oracle,6,31,13,3,3,0,0.25,,1,32,0,32,0,0,0,,0.0013957816377171215,,0.02176857585139319,3.0,3.0,0.0,1.0,1.0,0.0
stochastic_contradictions,p0.25,p0.25,14,oracle_fault_model,Oracle,7,31,13,3,3,0,0.25,,1,32,0,32,0,0,0,,0.0013957816377171215,,0.02176857585139319,3.0,3.0,0.0,1.0,1.0,0.0
stochastic_contradictions,p0.25,p0.25,15,nominal_no_repair,Nominal,0,31,13,3,3,0,0.25,,0,220,202,19,0,1,0,,0.0004652605459057072,,0.007256191950464396,0.0,0.0,0.0,1.0,0.0,0.0
stochastic_contradictions,p0.25,p0.25,15,nominal_no_repair,Nominal,1,31,13,3,3,0,0.25,,1,30,0,30,0,0,0,,0.0004652605459057072,,0.007256191950464396,0.0,0.0,0.0,1.0,0.0,0.0
stochastic_contradictions,p0.25,p0.25,15,nominal_no_repair,Nominal,2,31,13,3,3,0,0.25,,0,220,202,19,0,1,0,,0.0004652605459057072,,0.007256191950464396,0.0,0.0,0.0,1.0,0.0,0.0
stochastic_contradictions,p0.25,p0.25,15,nominal_no_repair,Nominal,3,31,13,3,3,0,0.25,,0,220,195,26,0,1,0,,0.0004652605459057072,,0.007256191950464396,0.0,0.0,0.0,1.0,0.0,0.0
stochastic_contradictions,p0.25,p0.25,15,nominal_no_repair,Nominal,4,31,13,3,3,0,0.25,,0,220,195,26,0,1,0,,0.0004652605459057072,,0.007256191950464396,0.0,0.0,0.0,1.0,0.0,0.0
stochastic_contradictions,p0.25,p0.25,15,nominal_no_repair,Nominal,5,31,13,3,3,0,0.25,,1,30,0,30,0,0,0,,0.0004652605459057072,,0.007256191950464396,0.0,0.0,0.0,1.0,0.0,0.0
stochastic_contradictions,p0.25,p0.25,15,nominal_no_repair,Nominal,6,31,13,3,3,0,0.25,,0,220,215,6,0,1,0,,0.0004652605459057072,,0.007256191950464396,0.0,0.0,0.0,1.0,0.0,0.0
stochastic_contradictions,p0.25,p0.25,15,nominal_no_repair,Nominal,7,31,13,3,3,0,0.25,,1,30,0,30,0,0,0,,0.0004652605459057072,,0.007256191950464396,0.0,0.0,0.0,1.0,0.0,0.0
stochastic_contradictions,p0.25,p0.25,15,threshold_2,Threshold 2,0,31,13,3,3,0,0.25,,1,31,1,31,0,0,0,,0.0004652605459057072,,0.007256191950464396,0.0,0.0,0.0,1.0,0.0,0.0
stochastic_contradictions,p0.25,p0.25,15,threshold_2,Threshold 2,1,31,13,3,3,0,0.25,,1,30,0,30,0,0,0,,0.0004652605459057072,,0.007256191950464396,0.0,0.0,0.0,1.0,0.0,0.0
stochastic_contradictions,p0.25,p0.25,15,threshold_2,Threshold 2,2,31,13,3,3,0,0.25,,1,31,1,31,0,0,0,,0.0004652605459057072,,0.007256191950464396,0.0,0.0,0.0,1.0,0.0,0.0
stochastic_contradictions,p0.25,p0.25,15,threshold_2,Threshold 2,3,31,13,3,3,0,0.25,,1,30,0,30,0,0,0,,0.0004652605459057072,,0.007256191950464396,0.0,0.0,0.0,1.0,0.0,0.0
stochastic_contradictions,p0.25,p0.25,15,threshold_2,Threshold 2,4,31,13,3,3,0,0.25,,1,30,0,30,0,0,0,,0.0004652605459057072,,0.007256191950464396,0.0,0.0,0.0,1.0,0.0,0.0
stochastic_contradictions,p0.25,p0.25,15,threshold_2,Threshold 2,5,31,13,3,3,0,0.25,,1,30,0,30,0,0,0,,0.0004652605459057072,,0.007256191950464396,0.0,0.0,0.0,1.0,0.0,0.0
stochastic_contradictions,p0.25,p0.25,15,threshold_2,Threshold 2,6,31,13,3,3,0,0.25,,1,30,0,30,0,0,0,,0.0004652605459057072,,0.007256191950464396,0.0,0.0,0.0,1.0,0.0,0.0
stochastic_contradictions,p0.25,p0.25,15,threshold_2,Threshold 2,7,31,13,3,3,0,0.25,,1,33,1,33,0,0,1,,0.0007754342431761787,,0.012093653250773995,1.0,1.0,0.0,1.0,0.3333333333333333,0.0
stochastic_contradictions,p0.25,p0.25,15,threshold_4,Threshold 4,0,31,13,3,3,0,0.25,,1,30,0,30,0,0,0,,0.0004652605459057072,,0.007256191950464396,0.0,0.0,0.0,1.0,0.0,0.0
stochastic_contradictions,p0.25,p0.25,15,threshold_4,Threshold 4,1,31,13,3,3,0,0.25,,1,32,2,32,0,0,0,,0.0004652605459057072,,0.007256191950464396,0.0,0.0,0.0,1.0,0.0,0.0
stochastic_contradictions,p0.25,p0.25,15,threshold_4,Threshold 4,2,31,13,3,3,0,0.25,,1,30,0,30,0,0,0,,0.0004652605459057072,,0.007256191950464396,0.0,0.0,0.0,1.0,0.0,0.0
stochastic_contradictions,p0.25,p0.25,15,threshold_4,Threshold 4,3,31,13,3,3,0,0.25,,1,32,2,32,0,0,0,,0.0004652605459057072,,0.007256191950464396,0.0,0.0,0.0,1.0,0.0,0.0
stochastic_contradictions,p0.25,p0.25,15,threshold_4,Threshold 4,4,31,13,3,3,0,0.25,,1,33,3,33,0,0,0,,0.0004652605459057072,,0.007256191950464396,0.0,0.0,0.0,1.0,0.0,0.0
stochastic_contradictions,p0.25,p0.25,15,threshold_4,Threshold 4,5,31,13,3,3,0,0.25,,1,33,1,33,0,0,1,,0.0007754342431761787,,0.012093653250773995,1.0,1.0,0.0,1.0,0.3333333333333333,0.0
stochastic_contradictions,p0.25,p0.25,15,threshold_4,Threshold 4,6,31,13,3,3,0,0.25,,1,32,0,32,0,0,1,,0.0007754342431761787,,0.012093653250773995,1.0,1.0,0.0,1.0,0.3333333333333333,0.0
stochastic_contradictions,p0.25,p0.25,15,threshold_4,Threshold 4,7,31,13,3,3,0,0.25,,1,32,0,32,0,0,1,,0.0007754342431761787,,0.012093653250773995,1.0,1.0,0.0,1.0,0.3333333333333333,0.0
stochastic_contradictions,p0.25,p0.25,15,threshold_8,Threshold 8,0,31,13,3,3,0,0.25,,1,31,1,31,0,0,0,,0.0004652605459057072,,0.007256191950464396,0.0,0.0,0.0,1.0,0.0,0.0
stochastic_contradictions,p0.25,p0.25,15,threshold_8,Threshold 8,1,31,13,3,3,0,0.25,,1,31,1,31,0,0,0,,0.0004652605459057072,,0.007256191950464396,0.0,0.0,0.0,1.0,0.0,0.0
stochastic_contradictions,p0.25,p0.25,15,threshold_8,Threshold 8,2,31,13,3,3,0,0.25,,1,31,1,31,0,0,0,,0.0004652605459057072,,0.007256191950464396,0.0,0.0,0.0,1.0,0.0,0.0
stochastic_contradictions,p0.25,p0.25,15,threshold_8,Threshold 8,3,31,13,3,3,0,0.25,,1,33,3,33,0,0,0,,0.0004652605459057072,,0.007256191950464396,0.0,0.0,0.0,1.0,0.0,0.0
stochastic_contradictions,p0.25,p0.25,15,threshold_8,Threshold 8,4,31,13,3,3,0,0.25,,1,30,0,30,0,0,0,,0.0004652605459057072,,0.007256191950464396,0.0,0.0,0.0,1.0,0.0,0.0
stochastic_contradictions,p0.25,p0.25,15,threshold_8,Threshold 8,5,31,13,3,3,0,0.25,,1,30,0,30,0,0,0,,0.0004652605459057072,,0.007256191950464396,0.0,0.0,0.0,1.0,0.0,0.0
stochastic_contradictions,p0.25,p0.25,15,threshold_8,Threshold 8,6,31,13,3,3,0,0.25,,1,31,1,31,0,0,0,,0.0004652605459057072,,0.007256191950464396,0.0,0.0,0.0,1.0,0.0,0.0
stochastic_contradictions,p0.25,p0.25,15,threshold_8,Threshold 8,7,31,13,3,3,0,0.25,,1,32,2,32,0,0,0,,0.0004652605459057072,,0.007256191950464396,0.0,0.0,0.0,1.0,0.0,0.0
stochastic_contradictions,p0.25,p0.25,15,ccra_exact_guard,CCRA exact,0,31,13,3,3,0,0.25,,1,33,1,33,0,0,1,,0.0007754342431761787,,0.012093653250773995,1.0,1.0,0.0,1.0,0.3333333333333333,0.0
stochastic_contradictions,p0.25,p0.25,15,ccra_exact_guard,CCRA exact,1,31,13,3,3,0,0.25,,1,32,0,32,0,0,1,,0.0007754342431761787,,0.012093653250773995,1.0,1.0,0.0,1.0,0.3333333333333333,0.0
stochastic_contradictions,p0.25,p0.25,15,ccra_exact_guard,CCRA exact,2,31,13,3,3,0,0.25,,1,32,0,32,0,0,1,,0.0007754342431761787,,0.012093653250773995,1.0,1.0,0.0,1.0,0.3333333333333333,0.0
stochastic_contradictions,p0.25,p0.25,15,ccra_exact_guard,CCRA exact,3,31,13,3,3,0,0.25,,1,32,0,32,0,0,1,,0.0007754342431761787,,0.012093653250773995,1.0,1.0,0.0,1.0,0.3333333333333333,0.0
stochastic_contradictions,p0.25,p0.25,15,ccra_exact_guard,CCRA exact,4,31,13,3,3,0,0.25,,1,32,0,32,0,0,1,,0.0007754342431761787,,0.012093653250773995,1.0,1.0,0.0,1.0,0.3333333333333333,0.0
stochastic_contradictions,p0.25,p0.25,15,ccra_exact_guard,CCRA exact,5,31,13,3,3,0,0.25,,1,32,0,32,0,0,1,,0.0007754342431761787,,0.012093653250773995,1.0,1.0,0.0,1.0,0.3333333333333333,0.0
stochastic_contradictions,p0.25,p0.25,15,ccra_exact_guard,CCRA exact,6,31,13,3,3,0,0.25,,1,32,0,32,0,0,1,,0.0007754342431761787,,0.012093653250773995,1.0,1.0,0.0,1.0,0.3333333333333333,0.0
stochastic_contradictions,p0.25,p0.25,15,ccra_exact_guard,CCRA exact,7,31,13,3,3,0,0.25,,1,32,0,32,0,0,1,,0.0007754342431761787,,0.012093653250773995,1.0,1.0,0.0,1.0,0.3333333333333333,0.0
stochastic_contradictions,p0.25,p0.25,15,uncertainty_cost_avoidance,Cost avoidance,0,31,13,3,3,0,0.25,,1,30,0,30,0,0,0,,0.0004652605459057072,,0.007256191950464396,0.0,0.0,0.0,1.0,0.0,0.0
stochastic_contradictions,p0.25,p0.25,15,uncertainty_cost_avoidance,Cost avoidance,1,31,13,3,3,0,0.25,,1,30,0,30,0,0,0,,0.0004652605459057072,,0.007256191950464396,0.0,0.0,0.0,1.0,0.0,0.0
stochastic_contradictions,p0.25,p0.25,15,uncertainty_cost_avoidance,Cost avoidance,2,31,13,3,3,0,0.25,,1,33,1,33,0,0,1,,0.0004652605459057072,,0.007256191950464396,0.0,0.0,0.0,1.0,0.0,0.0
stochastic_contradictions,p0.25,p0.25,15,uncertainty_cost_avoidance,Cost avoidance,3,31,13,3,3,0,0.25,,1,32,0,32,0,0,1,,0.0004652605459057072,,0.007256191950464396,0.0,0.0,0.0,1.0,0.0,0.0
stochastic_contradictions,p0.25,p0.25,15,uncertainty_cost_avoidance,Cost avoidance,4,31,13,3,3,0,0.25,,1,33,1,33,0,0,2,,0.0004652605459057072,,0.007256191950464396,0.0,0.0,0.0,1.0,0.0,0.0
stochastic_contradictions,p0.25,p0.25,15,uncertainty_cost_avoidance,Cost avoidance,5,31,13,3,3,0,0.25,,1,32,0,32,0,0,2,,0.0004652605459057072,,0.007256191950464396,0.0,0.0,0.0,1.0,0.0,0.0
stochastic_contradictions,p0.25,p0.25,15,uncertainty_cost_avoidance,Cost avoidance,6,31,13,3,3,0,0.25,,1,32,0,32,0,0,2,,0.0004652605459057072,,0.007256191950464396,0.0,0.0,0.0,1.0,0.0,0.0
stochastic_contradictions,p0.25,p0.25,15,uncertainty_cost_avoidance,Cost avoidance,7,31,13,3,3,0,0.25,,1,32,0,32,0,0,2,,0.0004652605459057072,,0.007256191950464396,0.0,0.0,0.0,1.0,0.0,0.0
stochastic_contradictions,p0.25,p0.25,15,oracle_fault_model,Oracle,0,31,13,3,3,0,0.25,,1,32,0,32,0,0,0,,0.0013957816377171215,,0.02176857585139319,3.0,3.0,0.0,1.0,1.0,0.0
stochastic_contradictions,p0.25,p0.25,15,oracle_fault_model,Oracle,1,31,13,3,3,0,0.25,,1,32,0,32,0,0,0,,0.0013957816377171215,,0.02176857585139319,3.0,3.0,0.0,1.0,1.0,0.0
stochastic_contradictions,p0.25,p0.25,15,oracle_fault_model,Oracle,2,31,13,3,3,0,0.25,,1,32,0,32,0,0,0,,0.0013957816377171215,,0.02176857585139319,3.0,3.0,0.0,1.0,1.0,0.0
stochastic_contradictions,p0.25,p0.25,15,oracle_fault_model,Oracle,3,31,13,3,3,0,0.25,,1,32,0,32,0,0,0,,0.0013957816377171215,,0.02176857585139319,3.0,3.0,0.0,1.0,1.0,0.0
stochastic_contradictions,p0.25,p0.25,15,oracle_fault_model,Oracle,4,31,13,3,3,0,0.25,,1,32,0,32,0,0,0,,0.0013957816377171215,,0.02176857585139319,3.0,3.0,0.0,1.0,1.0,0.0
stochastic_contradictions,p0.25,p0.25,15,oracle_fault_model,Oracle,5,31,13,3,3,0,0.25,,1,32,0,32,0,0,0,,0.0013957816377171215,,0.02176857585139319,3.0,3.0,0.0,1.0,1.0,0.0
stochastic_contradictions,p0.25,p0.25,15,oracle_fault_model,Oracle,6,31,13,3,3,0,0.25,,1,32,0,32,0,0,0,,0.0013957816377171215,,0.02176857585139319,3.0,3.0,0.0,1.0,1.0,0.0
stochastic_contradictions,p0.25,p0.25,15,oracle_fault_model,Oracle,7,31,13,3,3,0,0.25,,1,32,0,32,0,0,0,,0.0013957816377171215,,0.02176857585139319,3.0,3.0,0.0,1.0,1.0,0.0
stochastic_contradictions,p0.25,p0.25,16,nominal_no_repair,Nominal,0,31,13,3,3,0,0.25,,0,220,218,3,0,1,0,,0.0004652605459057072,,0.007256191950464396,0.0,0.0,0.0,1.0,0.0,0.0
stochastic_contradictions,p0.25,p0.25,16,nominal_no_repair,Nominal,1,31,13,3,3,0,0.25,,0,220,206,15,0,1,0,,0.0004652605459057072,,0.007256191950464396,0.0,0.0,0.0,1.0,0.0,0.0
stochastic_contradictions,p0.25,p0.25,16,nominal_no_repair,Nominal,2,31,13,3,3,0,0.25,,0,220,206,15,0,1,0,,0.0004652605459057072,,0.007256191950464396,0.0,0.0,0.0,1.0,0.0,0.0
stochastic_contradictions,p0.25,p0.25,16,nominal_no_repair,Nominal,3,31,13,3,3,0,0.25,,0,220,206,15,0,1,0,,0.0004652605459057072,,0.007256191950464396,0.0,0.0,0.0,1.0,0.0,0.0
stochastic_contradictions,p0.25,p0.25,16,nominal_no_repair,Nominal,4,31,13,3,3,0,0.25,,0,220,199,22,0,1,0,,0.0004652605459057072,,0.007256191950464396,0.0,0.0,0.0,1.0,0.0,0.0
stochastic_contradictions,p0.25,p0.25,16,nominal_no_repair,Nominal,5,31,13,3,3,0,0.25,,1,30,0,30,0,0,0,,0.0004652605459057072,,0.007256191950464396,0.0,0.0,0.0,1.0,0.0,0.0
stochastic_contradictions,p0.25,p0.25,16,nominal_no_repair,Nominal,6,31,13,3,3,0,0.25,,0,220,218,3,0,1,0,,0.0004652605459057072,,0.007256191950464396,0.0,0.0,0.0,1.0,0.0,0.0
stochastic_contradictions,p0.25,p0.25,16,nominal_no_repair,Nominal,7,31,13,3,3,0,0.25,,0,220,206,15,0,1,0,,0.0004652605459057072,,0.007256191950464396,0.0,0.0,0.0,1.0,0.0,0.0
stochastic_contradictions,p0.25,p0.25,16,threshold_2,Threshold 2,0,31,13,3,3,0,0.25,,1,34,2,34,0,0,1,,0.0007754342431761787,,0.012093653250773995,1.0,1.0,0.0,1.0,0.3333333333333333,0.0
stochastic_contradictions,p0.25,p0.25,16,threshold_2,Threshold 2,1,31,13,3,3,0,0.25,,1,33,1,33,0,0,1,,0.0007754342431761787,,0.012093653250773995,1.0,1.0,0.0,1.0,0.3333333333333333,0.0
stochastic_contradictions,p0.25,p0.25,16,threshold_2,Threshold 2,2,31,13,3,3,0,0.25,,1,33,1,33,0,0,1,,0.0007754342431761787,,0.012093653250773995,1.0,1.0,0.0,1.0,0.3333333333333333,0.0
stochastic_contradictions,p0.25,p0.25,16,threshold_2,Threshold 2,3,31,13,3,3,0,0.25,,1,33,1,33,0,0,2,,0.0010856079404466502,,0.016931114551083593,2.0,2.0,0.0,1.0,0.6666666666666666,0.0
stochastic_contradictions,p0.25,p0.25,16,threshold_2,Threshold 2,4,31,13,3,3,0,0.25,,1,32,0,32,0,0,2,,0.0010856079404466502,,0.016931114551083593,2.0,2.0,0.0,1.0,0.6666666666666666,0.0
stochastic_contradictions,p0.25,p0.25,16,threshold_2,Threshold 2,5,31,13,3,3,0,0.25,,1,32,0,32,0,0,2,,0.0010856079404466502,,0.016931114551083593,2.0,2.0,0.0,1.0,0.6666666666666666,0.0
stochastic_contradictions,p0.25,p0.25,16,threshold_2,Threshold 2,6,31,13,3,3,0,0.25,,1,32,0,32,0,0,2,,0.0010856079404466502,,0.016931114551083593,2.0,2.0,0.0,1.0,0.6666666666666666,0.0
stochastic_contradictions,p0.25,p0.25,16,threshold_2,Threshold 2,7,31,13,3,3,0,0.25,,1,32,0,32,0,0,2,,0.0010856079404466502,,0.016931114551083593,2.0,2.0,0.0,1.0,0.6666666666666666,0.0
stochastic_contradictions,p0.25,p0.25,16,threshold_4,Threshold 4,0,31,13,3,3,0,0.25,,1,30,0,30,0,0,0,,0.0004652605459057072,,0.007256191950464396,0.0,0.0,0.0,1.0,0.0,0.0
stochastic_contradictions,p0.25,p0.25,16,threshold_4,Threshold 4,1,31,13,3,3,0,0.25,,1,30,0,30,0,0,0,,0.0004652605459057072,,0.007256191950464396,0.0,0.0,0.0,1.0,0.0,0.0
stochastic_contradictions,p0.25,p0.25,16,threshold_4,Threshold 4,2,31,13,3,3,0,0.25,,1,30,0,30,0,0,0,,0.0004652605459057072,,0.007256191950464396,0.0,0.0,0.0,1.0,0.0,0.0
stochastic_contradictions,p0.25,p0.25,16,threshold_4,Threshold 4,3,31,13,3,3,0,0.25,,1,30,0,30,0,0,0,,0.0004652605459057072,,0.007256191950464396,0.0,0.0,0.0,1.0,0.0,0.0
stochastic_contradictions,p0.25,p0.25,16,threshold_4,Threshold 4,4,31,13,3,3,0,0.25,,1,31,1,31,0,0,0,,0.0004652605459057072,,0.007256191950464396,0.0,0.0,0.0,1.0,0.0,0.0
stochastic_contradictions,p0.25,p0.25,16,threshold_4,Threshold 4,5,31,13,3,3,0,0.25,,1,32,2,32,0,0,0,,0.0004652605459057072,,0.007256191950464396,0.0,0.0,0.0,1.0,0.0,0.0
stochastic_contradictions,p0.25,p0.25,16,threshold_4,Threshold 4,6,31,13,3,3,0,0.25,,1,30,0,30,0,0,0,,0.0004652605459057072,,0.007256191950464396,0.0,0.0,0.0,1.0,0.0,0.0
stochastic_contradictions,p0.25,p0.25,16,threshold_4,Threshold 4,7,31,13,3,3,0,0.25,,1,35,3,35,0,0,1,,0.0007754342431761787,,0.012093653250773995,1.0,1.0,0.0,1.0,0.3333333333333333,0.0
stochastic_contradictions,p0.25,p0.25,16,threshold_8,Threshold 8,0,31,13,3,3,0,0.25,,1,30,0,30,0,0,0,,0.0004652605459057072,,0.007256191950464396,0.0,0.0,0.0,1.0,0.0,0.0
stochastic_contradictions,p0.25,p0.25,16,threshold_8,Threshold 8,1,31,13,3,3,0,0.25,,1,31,1,31,0,0,0,,0.0004652605459057072,,0.007256191950464396,0.0,0.0,0.0,1.0,0.0,0.0
stochastic_contradictions,p0.25,p0.25,16,threshold_8,Threshold 8,2,31,13,3,3,0,0.25,,1,31,1,31,0,0,0,,0.0004652605459057072,,0.007256191950464396,0.0,0.0,0.0,1.0,0.0,0.0
stochastic_contradictions,p0.25,p0.25,16,threshold_8,Threshold 8,3,31,13,3,3,0,0.25,,1,30,0,30,0,0,0,,0.0004652605459057072,,0.007256191950464396,0.0,0.0,0.0,1.0,0.0,0.0
stochastic_contradictions,p0.25,p0.25,16,threshold_8,Threshold 8,4,31,13,3,3,0,0.25,,1,31,1,31,0,0,0,,0.0004652605459057072,,0.007256191950464396,0.0,0.0,0.0,1.0,0.0,0.0
stochastic_contradictions,p0.25,p0.25,16,threshold_8,Threshold 8,5,31,13,3,3,0,0.25,,1,32,2,32,0,0,0,,0.0004652605459057072,,0.007256191950464396,0.0,0.0,0.0,1.0,0.0,0.0
stochastic_contradictions,p0.25,p0.25,16,threshold_8,Threshold 8,6,31,13,3,3,0,0.25,,1,34,4,34,0,0,0,,0.0004652605459057072,,0.007256191950464396,0.0,0.0,0.0,1.0,0.0,0.0
stochastic_contradictions,p0.25,p0.25,16,threshold_8,Threshold 8,7,31,13,3,3,0,0.25,,1,30,0,30,0,0,0,,0.0004652605459057072,,0.007256191950464396,0.0,0.0,0.0,1.0,0.0,0.0
stochastic_contradictions,p0.25,p0.25,16,ccra_exact_guard,CCRA exact,0,31,13,3,3,0,0.25,,1,33,1,33,0,0,1,,0.0007754342431761787,,0.012093653250773995,1.0,1.0,0.0,1.0,0.3333333333333333,0.0
stochastic_contradictions,p0.25,p0.25,16,ccra_exact_guard,CCRA exact,1,31,13,3,3,0,0.25,,1,32,0,32,0,0,1,,0.0007754342431761787,,0.012093653250773995,1.0,1.0,0.0,1.0,0.3333333333333333,0.0
stochastic_contradictions,p0.25,p0.25,16,ccra_exact_guard,CCRA exact,2,31,13,3,3,0,0.25,,1,32,0,32,0,0,1,,0.0007754342431761787,,0.012093653250773995,1.0,1.0,0.0,1.0,0.3333333333333333,0.0
stochastic_contradictions,p0.25,p0.25,16,ccra_exact_guard,CCRA exact,3,31,13,3,3,0,0.25,,1,32,0,32,0,0,1,,0.0007754342431761787,,0.012093653250773995,1.0,1.0,0.0,1.0,0.3333333333333333,0.0
stochastic_contradictions,p0.25,p0.25,16,ccra_exact_guard,CCRA exact,4,31,13,3,3,0,0.25,,1,32,0,32,0,0,1,,0.0007754342431761787,,0.012093653250773995,1.0,1.0,0.0,1.0,0.3333333333333333,0.0
stochastic_contradictions,p0.25,p0.25,16,ccra_exact_guard,CCRA exact,5,31,13,3,3,0,0.25,,1,32,0,32,0,0,1,,0.0007754342431761787,,0.012093653250773995,1.0,1.0,0.0,1.0,0.3333333333333333,0.0
stochastic_contradictions,p0.25,p0.25,16,ccra_exact_guard,CCRA exact,6,31,13,3,3,0,0.25,,1,32,0,32,0,0,1,,0.0007754342431761787,,0.012093653250773995,1.0,1.0,0.0,1.0,0.3333333333333333,0.0
stochastic_contradictions,p0.25,p0.25,16,ccra_exact_guard,CCRA exact,7,31,13,3,3,0,0.25,,1,32,0,32,0,0,1,,0.0007754342431761787,,0.012093653250773995,1.0,1.0,0.0,1.0,0.3333333333333333,0.0
stochastic_contradictions,p0.25,p0.25,16,uncertainty_cost_avoidance,Cost avoidance,0,31,13,3,3,0,0.25,,1,33,1,33,0,0,1,,0.0004652605459057072,,0.007256191950464396,0.0,0.0,0.0,1.0,0.0,0.0
stochastic_contradictions,p0.25,p0.25,16,uncertainty_cost_avoidance,Cost avoidance,1,31,13,3,3,0,0.25,,1,33,1,33,0,0,2,,0.0004652605459057072,,0.007256191950464396,0.0,0.0,0.0,1.0,0.0,0.0
stochastic_contradictions,p0.25,p0.25,16,uncertainty_cost_avoidance,Cost avoidance,2,31,13,3,3,0,0.25,,1,33,1,33,0,0,3,,0.0004652605459057072,,0.007256191950464396,0.0,0.0,0.0,1.0,0.0,0.0
stochastic_contradictions,p0.25,p0.25,16,uncertainty_cost_avoidance,Cost avoidance,3,31,13,3,3,0,0.25,,1,32,0,32,0,0,3,,0.0004652605459057072,,0.007256191950464396,0.0,0.0,0.0,1.0,0.0,0.0
stochastic_contradictions,p0.25,p0.25,16,uncertainty_cost_avoidance,Cost avoidance,4,31,13,3,3,0,0.25,,1,32,0,32,0,0,3,,0.0004652605459057072,,0.007256191950464396,0.0,0.0,0.0,1.0,0.0,0.0
stochastic_contradictions,p0.25,p0.25,16,uncertainty_cost_avoidance,Cost avoidance,5,31,13,3,3,0,0.25,,1,32,0,32,0,0,3,,0.0004652605459057072,,0.007256191950464396,0.0,0.0,0.0,1.0,0.0,0.0
stochastic_contradictions,p0.25,p0.25,16,uncertainty_cost_avoidance,Cost avoidance,6,31,13,3,3,0,0.25,,1,32,0,32,0,0,3,,0.0004652605459057072,,0.007256191950464396,0.0,0.0,0.0,1.0,0.0,0.0
stochastic_contradictions,p0.25,p0.25,16,uncertainty_cost_avoidance,Cost avoidance,7,31,13,3,3,0,0.25,,1,32,0,32,0,0,3,,0.0004652605459057072,,0.007256191950464396,0.0,0.0,0.0,1.0,0.0,0.0
stochastic_contradictions,p0.25,p0.25,16,oracle_fault_model,Oracle,0,31,13,3,3,0,0.25,,1,32,0,32,0,0,0,,0.0013957816377171215,,0.02176857585139319,3.0,3.0,0.0,1.0,1.0,0.0
stochastic_contradictions,p0.25,p0.25,16,oracle_fault_model,Oracle,1,31,13,3,3,0,0.25,,1,32,0,32,0,0,0,,0.0013957816377171215,,0.02176857585139319,3.0,3.0,0.0,1.0,1.0,0.0
stochastic_contradictions,p0.25,p0.25,16,oracle_fault_model,Oracle,2,31,13,3,3,0,0.25,,1,32,0,32,0,0,0,,0.0013957816377171215,,0.02176857585139319,3.0,3.0,0.0,1.0,1.0,0.0
stochastic_contradictions,p0.25,p0.25,16,oracle_fault_model,Oracle,3,31,13,3,3,0,0.25,,1,32,0,32,0,0,0,,0.0013957816377171215,,0.02176857585139319,3.0,3.0,0.0,1.0,1.0,0.0
stochastic_contradictions,p0.25,p0.25,16,oracle_fault_model,Oracle,4,31,13,3,3,0,0.25,,1,32,0,32,0,0,0,,0.0013957816377171215,,0.02176857585139319,3.0,3.0,0.0,1.0,1.0,0.0
stochastic_contradictions,p0.25,p0.25,16,oracle_fault_model,Oracle,5,31,13,3,3,0,0.25,,1,32,0,32,0,0,0,,0.0013957816377171215,,0.02176857585139319,3.0,3.0,0.0,1.0,1.0,0.0
stochastic_contradictions,p0.25,p0.25,16,oracle_fault_model,Oracle,6,31,13,3,3,0,0.25,,1,32,0,32,0,0,0,,0.0013957816377171215,,0.02176857585139319,3.0,3.0,0.0,1.0,1.0,0.0
stochastic_contradictions,p0.25,p0.25,16,oracle_fault_model,Oracle,7,31,13,3,3,0,0.25,,1,32,0,32,0,0,0,,0.0013957816377171215,,0.02176857585139319,3.0,3.0,0.0,1.0,1.0,0.0
stochastic_contradictions,p0.25,p0.25,17,nominal_no_repair,Nominal,0,31,13,3,3,0,0.25,,1,30,0,30,0,0,0,,0.0004652605459057072,,0.007256191950464396,0.0,0.0,0.0,1.0,0.0,0.0
stochastic_contradictions,p0.25,p0.25,17,nominal_no_repair,Nominal,1,31,13,3,3,0,0.25,,1,30,0,30,0,0,0,,0.0004652605459057072,,0.007256191950464396,0.0,0.0,0.0,1.0,0.0,0.0
stochastic_contradictions,p0.25,p0.25,17,nominal_no_repair,Nominal,2,31,13,3,3,0,0.25,,0,220,209,12,0,1,0,,0.0004652605459057072,,0.007256191950464396,0.0,0.0,0.0,1.0,0.0,0.0
stochastic_contradictions,p0.25,p0.25,17,nominal_no_repair,Nominal,3,31,13,3,3,0,0.25,,0,220,209,12,0,1,0,,0.0004652605459057072,,0.007256191950464396,0.0,0.0,0.0,1.0,0.0,0.0
stochastic_contradictions,p0.25,p0.25,17,nominal_no_repair,Nominal,4,31,13,3,3,0,0.25,,1,30,0,30,0,0,0,,0.0004652605459057072,,0.007256191950464396,0.0,0.0,0.0,1.0,0.0,0.0
stochastic_contradictions,p0.25,p0.25,17,nominal_no_repair,Nominal,5,31,13,3,3,0,0.25,,0,220,201,20,0,1,0,,0.0004652605459057072,,0.007256191950464396,0.0,0.0,0.0,1.0,0.0,0.0
stochastic_contradictions,p0.25,p0.25,17,nominal_no_repair,Nominal,6,31,13,3,3,0,0.25,,0,220,209,12,0,1,0,,0.0004652605459057072,,0.007256191950464396,0.0,0.0,0.0,1.0,0.0,0.0
stochastic_contradictions,p0.25,p0.25,17,nominal_no_repair,Nominal,7,31,13,3,3,0,0.25,,1,30,0,30,0,0,0,,0.0004652605459057072,,0.007256191950464396,0.0,0.0,0.0,1.0,0.0,0.0
stochastic_contradictions,p0.25,p0.25,17,threshold_2,Threshold 2,0,31,13,3,3,0,0.25,,1,30,0,30,0,0,0,,0.0004652605459057072,,0.007256191950464396,0.0,0.0,0.0,1.0,0.0,0.0
stochastic_contradictions,p0.25,p0.25,17,threshold_2,Threshold 2,1,31,13,3,3,0,0.25,,1,32,2,32,0,0,0,,0.0004652605459057072,,0.007256191950464396,0.0,0.0,0.0,1.0,0.0,0.0
stochastic_contradictions,p0.25,p0.25,17,threshold_2,Threshold 2,2,31,13,3,3,0,0.25,,1,31,1,31,0,0,0,,0.0004652605459057072,,0.007256191950464396,0.0,0.0,0.0,1.0,0.0,0.0
stochastic_contradictions,p0.25,p0.25,17,threshold_2,Threshold 2,3,31,13,3,3,0,0.25,,1,33,1,33,0,0,1,,0.0007754342431761787,,0.012093653250773995,1.0,1.0,0.0,1.0,0.3333333333333333,0.0
stochastic_contradictions,p0.25,p0.25,17,threshold_2,Threshold 2,4,31,13,3,3,0,0.25,,1,32,0,32,0,0,1,,0.0007754342431761787,,0.012093653250773995,1.0,1.0,0.0,1.0,0.3333333333333333,0.0
stochastic_contradictions,p0.25,p0.25,17,threshold_2,Threshold 2,5,31,13,3,3,0,0.25,,1,33,1,33,0,0,2,,0.0010856079404466502,,0.016931114551083593,2.0,2.0,0.0,1.0,0.6666666666666666,0.0
stochastic_contradictions,p0.25,p0.25,17,threshold_2,Threshold 2,6,31,13,3,3,0,0.25,,1,32,0,32,0,0,2,,0.0010856079404466502,,0.016931114551083593,2.0,2.0,0.0,1.0,0.6666666666666666,0.0
stochastic_contradictions,p0.25,p0.25,17,threshold_2,Threshold 2,7,31,13,3,3,0,0.25,,1,32,0,32,0,0,2,,0.0010856079404466502,,0.016931114551083593,2.0,2.0,0.0,1.0,0.6666666666666666,0.0
stochastic_contradictions,p0.25,p0.25,17,threshold_4,Threshold 4,0,31,13,3,3,0,0.25,,1,31,1,31,0,0,0,,0.0004652605459057072,,0.007256191950464396,0.0,0.0,0.0,1.0,0.0,0.0
stochastic_contradictions,p0.25,p0.25,17,threshold_4,Threshold 4,1,31,13,3,3,0,0.25,,1,31,1,31,0,0,0,,0.0004652605459057072,,0.007256191950464396,0.0,0.0,0.0,1.0,0.0,0.0
stochastic_contradictions,p0.25,p0.25,17,threshold_4,Threshold 4,2,31,13,3,3,0,0.25,,1,31,1,31,0,0,0,,0.0004652605459057072,,0.007256191950464396,0.0,0.0,0.0,1.0,0.0,0.0
stochastic_contradictions,p0.25,p0.25,17,threshold_4,Threshold 4,3,31,13,3,3,0,0.25,,1,31,1,31,0,0,0,,0.0004652605459057072,,0.007256191950464396,0.0,0.0,0.0,1.0,0.0,0.0
stochastic_contradictions,p0.25,p0.25,17,threshold_4,Threshold 4,4,31,13,3,3,0,0.25,,1,32,2,32,0,0,0,,0.0004652605459057072,,0.007256191950464396,0.0,0.0,0.0,1.0,0.0,0.0
stochastic_contradictions,p0.25,p0.25,17,threshold_4,Threshold 4,5,31,13,3,3,0,0.25,,1,30,0,30,0,0,0,,0.0004652605459057072,,0.007256191950464396,0.0,0.0,0.0,1.0,0.0,0.0
stochastic_contradictions,p0.25,p0.25,17,threshold_4,Threshold 4,6,31,13,3,3,0,0.25,,1,30,0,30,0,0,0,,0.0004652605459057072,,0.007256191950464396,0.0,0.0,0.0,1.0,0.0,0.0
stochastic_contradictions,p0.25,p0.25,17,threshold_4,Threshold 4,7,31,13,3,3,0,0.25,,1,30,0,30,0,0,0,,0.0004652605459057072,,0.007256191950464396,0.0,0.0,0.0,1.0,0.0,0.0
stochastic_contradictions,p0.25,p0.25,17,threshold_8,Threshold 8,0,31,13,3,3,0,0.25,,1,30,0,30,0,0,0,,0.0004652605459057072,,0.007256191950464396,0.0,0.0,0.0,1.0,0.0,0.0
stochastic_contradictions,p0.25,p0.25,17,threshold_8,Threshold 8,1,31,13,3,3,0,0.25,,1,30,0,30,0,0,0,,0.0004652605459057072,,0.007256191950464396,0.0,0.0,0.0,1.0,0.0,0.0
stochastic_contradictions,p0.25,p0.25,17,threshold_8,Threshold 8,2,31,13,3,3,0,0.25,,1,30,0,30,0,0,0,,0.0004652605459057072,,0.007256191950464396,0.0,0.0,0.0,1.0,0.0,0.0
stochastic_contradictions,p0.25,p0.25,17,threshold_8,Threshold 8,3,31,13,3,3,0,0.25,,1,30,0,30,0,0,0,,0.0004652605459057072,,0.007256191950464396,0.0,0.0,0.0,1.0,0.0,0.0
stochastic_contradictions,p0.25,p0.25,17,threshold_8,Threshold 8,4,31,13,3,3,0,0.25,,1,30,0,30,0,0,0,,0.0004652605459057072,,0.007256191950464396,0.0,0.0,0.0,1.0,0.0,0.0
stochastic_contradictions,p0.25,p0.25,17,threshold_8,Threshold 8,5,31,13,3,3,0,0.25,,1,33,3,33,0,0,0,,0.0004652605459057072,,0.007256191950464396,0.0,0.0,0.0,1.0,0.0,0.0
stochastic_contradictions,p0.25,p0.25,17,threshold_8,Threshold 8,6,31,13,3,3,0,0.25,,1,30,0,30,0,0,0,,0.0004652605459057072,,0.007256191950464396,0.0,0.0,0.0,1.0,0.0,0.0
stochastic_contradictions,p0.25,p0.25,17,threshold_8,Threshold 8,7,31,13,3,3,0,0.25,,1,33,3,33,0,0,0,,0.0004652605459057072,,0.007256191950464396,0.0,0.0,0.0,1.0,0.0,0.0
stochastic_contradictions,p0.25,p0.25,17,ccra_exact_guard,CCRA exact,0,31,13,3,3,0,0.25,,1,30,0,30,0,0,0,,0.0004652605459057072,,0.007256191950464396,0.0,0.0,0.0,1.0,0.0,0.0
stochastic_contradictions,p0.25,p0.25,17,ccra_exact_guard,CCRA exact,1,31,13,3,3,0,0.25,,1,33,1,33,0,0,1,,0.0007754342431761787,,0.012093653250773995,1.0,1.0,0.0,1.0,0.3333333333333333,0.0
stochastic_contradictions,p0.25,p0.25,17,ccra_exact_guard,CCRA exact,2,31,13,3,3,0,0.25,,1,32,0,32,0,0,1,,0.0007754342431761787,,0.012093653250773995,1.0,1.0,0.0,1.0,0.3333333333333333,0.0
stochastic_contradictions,p0.25,p0.25,17,ccra_exact_guard,CCRA exact,3,31,13,3,3,0,0.25,,1,32,0,32,0,0,1,,0.0007754342431761787,,0.012093653250773995,1.0,1.0,0.0,1.0,0.3333333333333333,0.0
stochastic_contradictions,p0.25,p0.25,17,ccra_exact_guard,CCRA exact,4,31,13,3,3,0,0.25,,1,33,1,33,0,0,2,,0.0010856079404466502,,0.016931114551083593,2.0,2.0,0.0,1.0,0.6666666666666666,0.0
stochastic_contradictions,p0.25,p0.25,17,ccra_exact_guard,CCRA exact,5,31,13,3,3,0,0.25,,1,32,0,32,0,0,2,,0.0010856079404466502,,0.016931114551083593,2.0,2.0,0.0,1.0,0.6666666666666666,0.0
stochastic_contradictions,p0.25,p0.25,17,ccra_exact_guard,CCRA exact,6,31,13,3,3,0,0.25,,1,32,0,32,0,0,2,,0.0010856079404466502,,0.016931114551083593,2.0,2.0,0.0,1.0,0.6666666666666666,0.0
stochastic_contradictions,p0.25,p0.25,17,ccra_exact_guard,CCRA exact,7,31,13,3,3,0,0.25,,1,32,0,32,0,0,2,,0.0010856079404466502,,0.016931114551083593,2.0,2.0,0.0,1.0,0.6666666666666666,0.0
stochastic_contradictions,p0.25,p0.25,17,uncertainty_cost_avoidance,Cost avoidance,0,31,13,3,3,0,0.25,,1,30,0,30,0,0,0,,0.0004652605459057072,,0.007256191950464396,0.0,0.0,0.0,1.0,0.0,0.0
stochastic_contradictions,p0.25,p0.25,17,uncertainty_cost_avoidance,Cost avoidance,1,31,13,3,3,0,0.25,,1,33,1,33,0,0,1,,0.0004652605459057072,,0.007256191950464396,0.0,0.0,0.0,1.0,0.0,0.0
stochastic_contradictions,p0.25,p0.25,17,uncertainty_cost_avoidance,Cost avoidance,2,31,13,3,3,0,0.25,,1,32,0,32,0,0,1,,0.0004652605459057072,,0.007256191950464396,0.0,0.0,0.0,1.0,0.0,0.0
stochastic_contradictions,p0.25,p0.25,17,uncertainty_cost_avoidance,Cost avoidance,3,31,13,3,3,0,0.25,,1,32,0,32,0,0,1,,0.0004652605459057072,,0.007256191950464396,0.0,0.0,0.0,1.0,0.0,0.0
stochastic_contradictions,p0.25,p0.25,17,uncertainty_cost_avoidance,Cost avoidance,4,31,13,3,3,0,0.25,,1,32,0,32,0,0,1,,0.0004652605459057072,,0.007256191950464396,0.0,0.0,0.0,1.0,0.0,0.0
stochastic_contradictions,p0.25,p0.25,17,uncertainty_cost_avoidance,Cost avoidance,5,31,13,3,3,0,0.25,,1,33,1,33,0,0,2,,0.0004652605459057072,,0.007256191950464396,0.0,0.0,0.0,1.0,0.0,0.0
stochastic_contradictions,p0.25,p0.25,17,uncertainty_cost_avoidance,Cost avoidance,6,31,13,3,3,0,0.25,,1,32,0,32,0,0,2,,0.0004652605459057072,,0.007256191950464396,0.0,0.0,0.0,1.0,0.0,0.0
stochastic_contradictions,p0.25,p0.25,17,uncertainty_cost_avoidance,Cost avoidance,7,31,13,3,3,0,0.25,,1,32,0,32,0,0,2,,0.0004652605459057072,,0.007256191950464396,0.0,0.0,0.0,1.0,0.0,0.0
stochastic_contradictions,p0.25,p0.25,17,oracle_fault_model,Oracle,0,31,13,3,3,0,0.25,,1,32,0,32,0,0,0,,0.0013957816377171215,,0.02176857585139319,3.0,3.0,0.0,1.0,1.0,0.0
stochastic_contradictions,p0.25,p0.25,17,oracle_fault_model,Oracle,1,31,13,3,3,0,0.25,,1,32,0,32,0,0,0,,0.0013957816377171215,,0.02176857585139319,3.0,3.0,0.0,1.0,1.0,0.0
stochastic_contradictions,p0.25,p0.25,17,oracle_fault_model,Oracle,2,31,13,3,3,0,0.25,,1,32,0,32,0,0,0,,0.0013957816377171215,,0.02176857585139319,3.0,3.0,0.0,1.0,1.0,0.0
stochastic_contradictions,p0.25,p0.25,17,oracle_fault_model,Oracle,3,31,13,3,3,0,0.25,,1,32,0,32,0,0,0,,0.0013957816377171215,,0.02176857585139319,3.0,3.0,0.0,1.0,1.0,0.0
stochastic_contradictions,p0.25,p0.25,17,oracle_fault_model,Oracle,4,31,13,3,3,0,0.25,,1,32,0,32,0,0,0,,0.0013957816377171215,,0.02176857585139319,3.0,3.0,0.0,1.0,1.0,0.0
stochastic_contradictions,p0.25,p0.25,17,oracle_fault_model,Oracle,5,31,13,3,3,0,0.25,,1,32,0,32,0,0,0,,0.0013957816377171215,,0.02176857585139319,3.0,3.0,0.0,1.0,1.0,0.0
stochastic_contradictions,p0.25,p0.25,17,oracle_fault_model,Oracle,6,31,13,3,3,0,0.25,,1,32,0,32,0,0,0,,0.0013957816377171215,,0.02176857585139319,3.0,3.0,0.0,1.0,1.0,0.0
stochastic_contradictions,p0.25,p0.25,17,oracle_fault_model,Oracle,7,31,13,3,3,0,0.25,,1,32,0,32,0,0,0,,0.0013957816377171215,,0.02176857585139319,3.0,3.0,0.0,1.0,1.0,0.0
stochastic_contradictions,p0.25,p0.25,18,nominal_no_repair,Nominal,0,31,13,3,3,0,0.25,,0,220,205,16,0,1,0,,0.0004652605459057072,,0.007256191950464396,0.0,0.0,0.0,1.0,0.0,0.0
stochastic_contradictions,p0.25,p0.25,18,nominal_no_repair,Nominal,1,31,13,3,3,0,0.25,,0,220,211,10,0,1,0,,0.0004652605459057072,,0.007256191950464396,0.0,0.0,0.0,1.0,0.0,0.0
stochastic_contradictions,p0.25,p0.25,18,nominal_no_repair,Nominal,2,31,13,3,3,0,0.25,,0,220,198,23,0,1,0,,0.0004652605459057072,,0.007256191950464396,0.0,0.0,0.0,1.0,0.0,0.0
stochastic_contradictions,p0.25,p0.25,18,nominal_no_repair,Nominal,3,31,13,3,3,0,0.25,,1,30,0,30,0,0,0,,0.0004652605459057072,,0.007256191950464396,0.0,0.0,0.0,1.0,0.0,0.0
stochastic_contradictions,p0.25,p0.25,18,nominal_no_repair,Nominal,4,31,13,3,3,0,0.25,,0,220,205,16,0,1,0,,0.0004652605459057072,,0.007256191950464396,0.0,0.0,0.0,1.0,0.0,0.0
stochastic_contradictions,p0.25,p0.25,18,nominal_no_repair,Nominal,5,31,13,3,3,0,0.25,,0,220,205,16,0,1,0,,0.0004652605459057072,,0.007256191950464396,0.0,0.0,0.0,1.0,0.0,0.0
stochastic_contradictions,p0.25,p0.25,18,nominal_no_repair,Nominal,6,31,13,3,3,0,0.25,,0,220,198,23,0,1,0,,0.0004652605459057072,,0.007256191950464396,0.0,0.0,0.0,1.0,0.0,0.0
stochastic_contradictions,p0.25,p0.25,18,nominal_no_repair,Nominal,7,31,13,3,3,0,0.25,,1,30,0,30,0,0,0,,0.0004652605459057072,,0.007256191950464396,0.0,0.0,0.0,1.0,0.0,0.0
stochastic_contradictions,p0.25,p0.25,18,threshold_2,Threshold 2,0,31,13,3,3,0,0.25,,1,34,2,34,0,0,1,,0.0007754342431761787,,0.012093653250773995,1.0,1.0,0.0,1.0,0.3333333333333333,0.0
stochastic_contradictions,p0.25,p0.25,18,threshold_2,Threshold 2,1,31,13,3,3,0,0.25,,1,34,2,34,0,0,2,,0.0010856079404466502,,0.016931114551083593,2.0,2.0,0.0,1.0,0.6666666666666666,0.0
stochastic_contradictions,p0.25,p0.25,18,threshold_2,Threshold 2,2,31,13,3,3,0,0.25,,1,32,0,32,0,0,2,,0.0010856079404466502,,0.016931114551083593,2.0,2.0,0.0,1.0,0.6666666666666666,0.0
stochastic_contradictions,p0.25,p0.25,18,threshold_2,Threshold 2,3,31,13,3,3,0,0.25,,1,32,0,32,0,0,2,,0.0010856079404466502,,0.016931114551083593,2.0,2.0,0.0,1.0,0.6666666666666666,0.0
stochastic_contradictions,p0.25,p0.25,18,threshold_2,Threshold 2,4,31,13,3,3,0,0.25,,1,32,0,32,0,0,2,,0.0010856079404466502,,0.016931114551083593,2.0,2.0,0.0,1.0,0.6666666666666666,0.0
stochastic_contradictions,p0.25,p0.25,18,threshold_2,Threshold 2,5,31,13,3,3,0,0.25,,1,32,0,32,0,0,2,,0.0010856079404466502,,0.016931114551083593,2.0,2.0,0.0,1.0,0.6666666666666666,0.0
stochastic_contradictions,p0.25,p0.25,18,threshold_2,Threshold 2,6,31,13,3,3,0,0.25,,1,32,0,32,0,0,2,,0.0010856079404466502,,0.016931114551083593,2.0,2.0,0.0,1.0,0.6666666666666666,0.0
stochastic_contradictions,p0.25,p0.25,18,threshold_2,Threshold 2,7,31,13,3,3,0,0.25,,1,32,0,32,0,0,2,,0.0010856079404466502,,0.016931114551083593,2.0,2.0,0.0,1.0,0.6666666666666666,0.0
stochastic_contradictions,p0.25,p0.25,18,threshold_4,Threshold 4,0,31,13,3,3,0,0.25,,1,30,0,30,0,0,0,,0.0004652605459057072,,0.007256191950464396,0.0,0.0,0.0,1.0,0.0,0.0
stochastic_contradictions,p0.25,p0.25,18,threshold_4,Threshold 4,1,31,13,3,3,0,0.25,,1,30,0,30,0,0,0,,0.0004652605459057072,,0.007256191950464396,0.0,0.0,0.0,1.0,0.0,0.0
stochastic_contradictions,p0.25,p0.25,18,threshold_4,Threshold 4,2,31,13,3,3,0,0.25,,1,32,2,32,0,0,0,,0.0004652605459057072,,0.007256191950464396,0.0,0.0,0.0,1.0,0.0,0.0
stochastic_contradictions,p0.25,p0.25,18,threshold_4,Threshold 4,3,31,13,3,3,0,0.25,,1,30,0,30,0,0,0,,0.0004652605459057072,,0.007256191950464396,0.0,0.0,0.0,1.0,0.0,0.0
stochastic_contradictions,p0.25,p0.25,18,threshold_4,Threshold 4,4,31,13,3,3,0,0.25,,1,30,0,30,0,0,0,,0.0004652605459057072,,0.007256191950464396,0.0,0.0,0.0,1.0,0.0,0.0
stochastic_contradictions,p0.25,p0.25,18,threshold_4,Threshold 4,5,31,13,3,3,0,0.25,,1,31,1,31,0,0,0,,0.0004652605459057072,,0.007256191950464396,0.0,0.0,0.0,1.0,0.0,0.0
stochastic_contradictions,p0.25,p0.25,18,threshold_4,Threshold 4,6,31,13,3,3,0,0.25,,1,32,2,32,0,0,0,,0.0004652605459057072,,0.007256191950464396,0.0,0.0,0.0,1.0,0.0,0.0
stochastic_contradictions,p0.25,p0.25,18,threshold_4,Threshold 4,7,31,13,3,3,0,0.25,,1,30,0,30,0,0,0,,0.0004652605459057072,,0.007256191950464396,0.0,0.0,0.0,1.0,0.0,0.0
stochastic_contradictions,p0.25,p0.25,18,threshold_8,Threshold 8,0,31,13,3,3,0,0.25,,1,31,1,31,0,0,0,,0.0004652605459057072,,0.007256191950464396,0.0,0.0,0.0,1.0,0.0,0.0
stochastic_contradictions,p0.25,p0.25,18,threshold_8,Threshold 8,1,31,13,3,3,0,0.25,,1,31,1,31,0,0,0,,0.0004652605459057072,,0.007256191950464396,0.0,0.0,0.0,1.0,0.0,0.0
stochastic_contradictions,p0.25,p0.25,18,threshold_8,Threshold 8,2,31,13,3,3,0,0.25,,1,30,0,30,0,0,0,,0.0004652605459057072,,0.007256191950464396,0.0,0.0,0.0,1.0,0.0,0.0
stochastic_contradictions,p0.25,p0.25,18,threshold_8,Threshold 8,3,31,13,3,3,0,0.25,,1,31,1,31,0,0,0,,0.0004652605459057072,,0.007256191950464396,0.0,0.0,0.0,1.0,0.0,0.0
stochastic_contradictions,p0.25,p0.25,18,threshold_8,Threshold 8,4,31,13,3,3,0,0.25,,1,30,0,30,0,0,0,,0.0004652605459057072,,0.007256191950464396,0.0,0.0,0.0,1.0,0.0,0.0
stochastic_contradictions,p0.25,p0.25,18,threshold_8,Threshold 8,5,31,13,3,3,0,0.25,,1,33,3,33,0,0,0,,0.0004652605459057072,,0.007256191950464396,0.0,0.0,0.0,1.0,0.0,0.0
stochastic_contradictions,p0.25,p0.25,18,threshold_8,Threshold 8,6,31,13,3,3,0,0.25,,1,31,1,31,0,0,0,,0.0004652605459057072,,0.007256191950464396,0.0,0.0,0.0,1.0,0.0,0.0
stochastic_contradictions,p0.25,p0.25,18,threshold_8,Threshold 8,7,31,13,3,3,0,0.25,,1,30,0,30,0,0,0,,0.0004652605459057072,,0.007256191950464396,0.0,0.0,0.0,1.0,0.0,0.0
stochastic_contradictions,p0.25,p0.25,18,ccra_exact_guard,CCRA exact,0,31,13,3,3,0,0.25,,1,30,0,30,0,0,0,,0.0004652605459057072,,0.007256191950464396,0.0,0.0,0.0,1.0,0.0,0.0
stochastic_contradictions,p0.25,p0.25,18,ccra_exact_guard,CCRA exact,1,31,13,3,3,0,0.25,,1,30,0,30,0,0,0,,0.0004652605459057072,,0.007256191950464396,0.0,0.0,0.0,1.0,0.0,0.0
stochastic_contradictions,p0.25,p0.25,18,ccra_exact_guard,CCRA exact,2,31,13,3,3,0,0.25,,1,33,1,33,0,0,1,,0.0007754342431761787,,0.012093653250773995,1.0,1.0,0.0,1.0,0.3333333333333333,0.0
stochastic_contradictions,p0.25,p0.25,18,ccra_exact_guard,CCRA exact,3,31,13,3,3,0,0.25,,1,32,0,32,0,0,1,,0.0007754342431761787,,0.012093653250773995,1.0,1.0,0.0,1.0,0.3333333333333333,0.0
stochastic_contradictions,p0.25,p0.25,18,ccra_exact_guard,CCRA exact,4,31,13,3,3,0,0.25,,1,33,1,33,0,0,2,,0.0010856079404466502,,0.016931114551083593,2.0,2.0,0.0,1.0,0.6666666666666666,0.0
stochastic_contradictions,p0.25,p0.25,18,ccra_exact_guard,CCRA exact,5,31,13,3,3,0,0.25,,1,32,0,32,0,0,2,,0.0010856079404466502,,0.016931114551083593,2.0,2.0,0.0,1.0,0.6666666666666666,0.0
stochastic_contradictions,p0.25,p0.25,18,ccra_exact_guard,CCRA exact,6,31,13,3,3,0,0.25,,1,32,0,32,0,0,2,,0.0010856079404466502,,0.016931114551083593,2.0,2.0,0.0,1.0,0.6666666666666666,0.0
stochastic_contradictions,p0.25,p0.25,18,ccra_exact_guard,CCRA exact,7,31,13,3,3,0,0.25,,1,32,0,32,0,0,2,,0.0010856079404466502,,0.016931114551083593,2.0,2.0,0.0,1.0,0.6666666666666666,0.0
stochastic_contradictions,p0.25,p0.25,18,uncertainty_cost_avoidance,Cost avoidance,0,31,13,3,3,0,0.25,,1,30,0,30,0,0,0,,0.0004652605459057072,,0.007256191950464396,0.0,0.0,0.0,1.0,0.0,0.0
stochastic_contradictions,p0.25,p0.25,18,uncertainty_cost_avoidance,Cost avoidance,1,31,13,3,3,0,0.25,,1,33,1,33,0,0,1,,0.0004652605459057072,,0.007256191950464396,0.0,0.0,0.0,1.0,0.0,0.0
stochastic_contradictions,p0.25,p0.25,18,uncertainty_cost_avoidance,Cost avoidance,2,31,13,3,3,0,0.25,,1,32,0,32,0,0,1,,0.0004652605459057072,,0.007256191950464396,0.0,0.0,0.0,1.0,0.0,0.0
stochastic_contradictions,p0.25,p0.25,18,uncertainty_cost_avoidance,Cost avoidance,3,31,13,3,3,0,0.25,,1,32,0,32,0,0,1,,0.0004652605459057072,,0.007256191950464396,0.0,0.0,0.0,1.0,0.0,0.0
stochastic_contradictions,p0.25,p0.25,18,uncertainty_cost_avoidance,Cost avoidance,4,31,13,3,3,0,0.25,,1,33,1,33,0,0,2,,0.0004652605459057072,,0.007256191950464396,0.0,0.0,0.0,1.0,0.0,0.0
stochastic_contradictions,p0.25,p0.25,18,uncertainty_cost_avoidance,Cost avoidance,5,31,13,3,3,0,0.25,,1,32,0,32,0,0,2,,0.0004652605459057072,,0.007256191950464396,0.0,0.0,0.0,1.0,0.0,0.0
stochastic_contradictions,p0.25,p0.25,18,uncertainty_cost_avoidance,Cost avoidance,6,31,13,3,3,0,0.25,,1,32,0,32,0,0,2,,0.0004652605459057072,,0.007256191950464396,0.0,0.0,0.0,1.0,0.0,0.0
stochastic_contradictions,p0.25,p0.25,18,uncertainty_cost_avoidance,Cost avoidance,7,31,13,3,3,0,0.25,,1,32,0,32,0,0,2,,0.0004652605459057072,,0.007256191950464396,0.0,0.0,0.0,1.0,0.0,0.0
stochastic_contradictions,p0.25,p0.25,18,oracle_fault_model,Oracle,0,31,13,3,3,0,0.25,,1,32,0,32,0,0,0,,0.0013957816377171215,,0.02176857585139319,3.0,3.0,0.0,1.0,1.0,0.0
stochastic_contradictions,p0.25,p0.25,18,oracle_fault_model,Oracle,1,31,13,3,3,0,0.25,,1,32,0,32,0,0,0,,0.0013957816377171215,,0.02176857585139319,3.0,3.0,0.0,1.0,1.0,0.0
stochastic_contradictions,p0.25,p0.25,18,oracle_fault_model,Oracle,2,31,13,3,3,0,0.25,,1,32,0,32,0,0,0,,0.0013957816377171215,,0.02176857585139319,3.0,3.0,0.0,1.0,1.0,0.0
stochastic_contradictions,p0.25,p0.25,18,oracle_fault_model,Oracle,3,31,13,3,3,0,0.25,,1,32,0,32,0,0,0,,0.0013957816377171215,,0.02176857585139319,3.0,3.0,0.0,1.0,1.0,0.0
stochastic_contradictions,p0.25,p0.25,18,oracle_fault_model,Oracle,4,31,13,3,3,0,0.25,,1,32,0,32,0,0,0,,0.0013957816377171215,,0.02176857585139319,3.0,3.0,0.0,1.0,1.0,0.0
stochastic_contradictions,p0.25,p0.25,18,oracle_fault_model,Oracle,5,31,13,3,3,0,0.25,,1,32,0,32,0,0,0,,0.0013957816377171215,,0.02176857585139319,3.0,3.0,0.0,1.0,1.0,0.0
stochastic_contradictions,p0.25,p0.25,18,oracle_fault_model,Oracle,6,31,13,3,3,0,0.25,,1,32,0,32,0,0,0,,0.0013957816377171215,,0.02176857585139319,3.0,3.0,0.0,1.0,1.0,0.0
stochastic_contradictions,p0.25,p0.25,18,oracle_fault_model,Oracle,7,31,13,3,3,0,0.25,,1,32,0,32,0,0,0,,0.0013957816377171215,,0.02176857585139319,3.0,3.0,0.0,1.0,1.0,0.0
stochastic_contradictions,p0.25,p0.25,19,nominal_no_repair,Nominal,0,31,13,3,3,0,0.25,,0,220,195,26,0,1,0,,0.0004652605459057072,,0.007256191950464396,0.0,0.0,0.0,1.0,0.0,0.0
stochastic_contradictions,p0.25,p0.25,19,nominal_no_repair,Nominal,1,31,13,3,3,0,0.25,,1,30,0,30,0,0,0,,0.0004652605459057072,,0.007256191950464396,0.0,0.0,0.0,1.0,0.0,0.0
stochastic_contradictions,p0.25,p0.25,19,nominal_no_repair,Nominal,2,31,13,3,3,0,0.25,,0,220,195,26,0,1,0,,0.0004652605459057072,,0.007256191950464396,0.0,0.0,0.0,1.0,0.0,0.0
stochastic_contradictions,p0.25,p0.25,19,nominal_no_repair,Nominal,3,31,13,3,3,0,0.25,,0,220,195,26,0,1,0,,0.0004652605459057072,,0.007256191950464396,0.0,0.0,0.0,1.0,0.0,0.0
stochastic_contradictions,p0.25,p0.25,19,nominal_no_repair,Nominal,4,31,13,3,3,0,0.25,,0,220,207,14,0,1,0,,0.0004652605459057072,,0.007256191950464396,0.0,0.0,0.0,1.0,0.0,0.0
stochastic_contradictions,p0.25,p0.25,19,nominal_no_repair,Nominal,5,31,13,3,3,0,0.25,,0,220,195,26,0,1,0,,0.0004652605459057072,,0.007256191950464396,0.0,0.0,0.0,1.0,0.0,0.0
stochastic_contradictions,p0.25,p0.25,19,nominal_no_repair,Nominal,6,31,13,3,3,0,0.25,,0,220,214,7,0,1,0,,0.0004652605459057072,,0.007256191950464396,0.0,0.0,0.0,1.0,0.0,0.0
stochastic_contradictions,p0.25,p0.25,19,nominal_no_repair,Nominal,7,31,13,3,3,0,0.25,,0,220,207,14,0,1,0,,0.0004652605459057072,,0.007256191950464396,0.0,0.0,0.0,1.0,0.0,0.0
stochastic_contradictions,p0.25,p0.25,19,threshold_2,Threshold 2,0,31,13,3,3,0,0.25,,1,30,0,30,0,0,0,,0.0004652605459057072,,0.007256191950464396,0.0,0.0,0.0,1.0,0.0,0.0
stochastic_contradictions,p0.25,p0.25,19,threshold_2,Threshold 2,1,31,13,3,3,0,0.25,,1,30,0,30,0,0,0,,0.0004652605459057072,,0.007256191950464396,0.0,0.0,0.0,1.0,0.0,0.0
stochastic_contradictions,p0.25,p0.25,19,threshold_2,Threshold 2,2,31,13,3,3,0,0.25,,1,31,1,31,0,0,0,,0.0004652605459057072,,0.007256191950464396,0.0,0.0,0.0,1.0,0.0,0.0
stochastic_contradictions,p0.25,p0.25,19,threshold_2,Threshold 2,3,31,13,3,3,0,0.25,,1,30,0,30,0,0,0,,0.0004652605459057072,,0.007256191950464396,0.0,0.0,0.0,1.0,0.0,0.0
stochastic_contradictions,p0.25,p0.25,19,threshold_2,Threshold 2,4,31,13,3,3,0,0.25,,1,30,0,30,0,0,0,,0.0004652605459057072,,0.007256191950464396,0.0,0.0,0.0,1.0,0.0,0.0
stochastic_contradictions,p0.25,p0.25,19,threshold_2,Threshold 2,5,31,13,3,3,0,0.25,,1,32,2,32,0,0,0,,0.0004652605459057072,,0.007256191950464396,0.0,0.0,0.0,1.0,0.0,0.0
stochastic_contradictions,p0.25,p0.25,19,threshold_2,Threshold 2,6,31,13,3,3,0,0.25,,1,33,1,33,0,0,1,,0.0007754342431761787,,0.012093653250773995,1.0,1.0,0.0,1.0,0.3333333333333333,0.0
stochastic_contradictions,p0.25,p0.25,19,threshold_2,Threshold 2,7,31,13,3,3,0,0.25,,1,32,0,32,0,0,1,,0.0007754342431761787,,0.012093653250773995,1.0,1.0,0.0,1.0,0.3333333333333333,0.0
stochastic_contradictions,p0.25,p0.25,19,threshold_4,Threshold 4,0,31,13,3,3,0,0.25,,1,30,0,30,0,0,0,,0.0004652605459057072,,0.007256191950464396,0.0,0.0,0.0,1.0,0.0,0.0
stochastic_contradictions,p0.25,p0.25,19,threshold_4,Threshold 4,1,31,13,3,3,0,0.25,,1,31,1,31,0,0,0,,0.0004652605459057072,,0.007256191950464396,0.0,0.0,0.0,1.0,0.0,0.0
stochastic_contradictions,p0.25,p0.25,19,threshold_4,Threshold 4,2,31,13,3,3,0,0.25,,1,30,0,30,0,0,0,,0.0004652605459057072,,0.007256191950464396,0.0,0.0,0.0,1.0,0.0,0.0
stochastic_contradictions,p0.25,p0.25,19,threshold_4,Threshold 4,3,31,13,3,3,0,0.25,,1,33,3,33,0,0,0,,0.0004652605459057072,,0.007256191950464396,0.0,0.0,0.0,1.0,0.0,0.0
stochastic_contradictions,p0.25,p0.25,19,threshold_4,Threshold 4,4,31,13,3,3,0,0.25,,1,32,2,32,0,0,0,,0.0004652605459057072,,0.007256191950464396,0.0,0.0,0.0,1.0,0.0,0.0
stochastic_contradictions,p0.25,p0.25,19,threshold_4,Threshold 4,5,31,13,3,3,0,0.25,,1,30,0,30,0,0,0,,0.0004652605459057072,,0.007256191950464396,0.0,0.0,0.0,1.0,0.0,0.0
stochastic_contradictions,p0.25,p0.25,19,threshold_4,Threshold 4,6,31,13,3,3,0,0.25,,1,30,0,30,0,0,0,,0.0004652605459057072,,0.007256191950464396,0.0,0.0,0.0,1.0,0.0,0.0
stochastic_contradictions,p0.25,p0.25,19,threshold_4,Threshold 4,7,31,13,3,3,0,0.25,,1,33,1,33,0,0,1,,0.0007754342431761787,,0.012093653250773995,1.0,1.0,0.0,1.0,0.3333333333333333,0.0
stochastic_contradictions,p0.25,p0.25,19,threshold_8,Threshold 8,0,31,13,3,3,0,0.25,,1,30,0,30,0,0,0,,0.0004652605459057072,,0.007256191950464396,0.0,0.0,0.0,1.0,0.0,0.0
stochastic_contradictions,p0.25,p0.25,19,threshold_8,Threshold 8,1,31,13,3,3,0,0.25,,1,31,1,31,0,0,0,,0.0004652605459057072,,0.007256191950464396,0.0,0.0,0.0,1.0,0.0,0.0
stochastic_contradictions,p0.25,p0.25,19,threshold_8,Threshold 8,2,31,13,3,3,0,0.25,,1,30,0,30,0,0,0,,0.0004652605459057072,,0.007256191950464396,0.0,0.0,0.0,1.0,0.0,0.0
stochastic_contradictions,p0.25,p0.25,19,threshold_8,Threshold 8,3,31,13,3,3,0,0.25,,1,31,1,31,0,0,0,,0.0004652605459057072,,0.007256191950464396,0.0,0.0,0.0,1.0,0.0,0.0
stochastic_contradictions,p0.25,p0.25,19,threshold_8,Threshold 8,4,31,13,3,3,0,0.25,,1,31,1,31,0,0,0,,0.0004652605459057072,,0.007256191950464396,0.0,0.0,0.0,1.0,0.0,0.0
stochastic_contradictions,p0.25,p0.25,19,threshold_8,Threshold 8,5,31,13,3,3,0,0.25,,1,30,0,30,0,0,0,,0.0004652605459057072,,0.007256191950464396,0.0,0.0,0.0,1.0,0.0,0.0
stochastic_contradictions,p0.25,p0.25,19,threshold_8,Threshold 8,6,31,13,3,3,0,0.25,,1,31,1,31,0,0,0,,0.0004652605459057072,,0.007256191950464396,0.0,0.0,0.0,1.0,0.0,0.0
stochastic_contradictions,p0.25,p0.25,19,threshold_8,Threshold 8,7,31,13,3,3,0,0.25,,1,31,1,31,0,0,0,,0.0004652605459057072,,0.007256191950464396,0.0,0.0,0.0,1.0,0.0,0.0
stochastic_contradictions,p0.25,p0.25,19,ccra_exact_guard,CCRA exact,0,31,13,3,3,0,0.25,,1,33,1,33,0,0,1,,0.0007754342431761787,,0.012093653250773995,1.0,1.0,0.0,1.0,0.3333333333333333,0.0
stochastic_contradictions,p0.25,p0.25,19,ccra_exact_guard,CCRA exact,1,31,13,3,3,0,0.25,,1,32,0,32,0,0,1,,0.0007754342431761787,,0.012093653250773995,1.0,1.0,0.0,1.0,0.3333333333333333,0.0
stochastic_contradictions,p0.25,p0.25,19,ccra_exact_guard,CCRA exact,2,31,13,3,3,0,0.25,,1,32,0,32,0,0,1,,0.0007754342431761787,,0.012093653250773995,1.0,1.0,0.0,1.0,0.3333333333333333,0.0
stochastic_contradictions,p0.25,p0.25,19,ccra_exact_guard,CCRA exact,3,31,13,3,3,0,0.25,,1,32,0,32,0,0,1,,0.0007754342431761787,,0.012093653250773995,1.0,1.0,0.0,1.0,0.3333333333333333,0.0
stochastic_contradictions,p0.25,p0.25,19,ccra_exact_guard,CCRA exact,4,31,13,3,3,0,0.25,,1,32,0,32,0,0,1,,0.0007754342431761787,,0.012093653250773995,1.0,1.0,0.0,1.0,0.3333333333333333,0.0
stochastic_contradictions,p0.25,p0.25,19,ccra_exact_guard,CCRA exact,5,31,13,3,3,0,0.25,,1,32,0,32,0,0,1,,0.0007754342431761787,,0.012093653250773995,1.0,1.0,0.0,1.0,0.3333333333333333,0.0
stochastic_contradictions,p0.25,p0.25,19,ccra_exact_guard,CCRA exact,6,31,13,3,3,0,0.25,,1,32,0,32,0,0,1,,0.0007754342431761787,,0.012093653250773995,1.0,1.0,0.0,1.0,0.3333333333333333,0.0
stochastic_contradictions,p0.25,p0.25,19,ccra_exact_guard,CCRA exact,7,31,13,3,3,0,0.25,,1,32,0,32,0,0,1,,0.0007754342431761787,,0.012093653250773995,1.0,1.0,0.0,1.0,0.3333333333333333,0.0
stochastic_contradictions,p0.25,p0.25,19,uncertainty_cost_avoidance,Cost avoidance,0,31,13,3,3,0,0.25,,1,33,1,33,0,0,1,,0.0004652605459057072,,0.007256191950464396,0.0,0.0,0.0,1.0,0.0,0.0
stochastic_contradictions,p0.25,p0.25,19,uncertainty_cost_avoidance,Cost avoidance,1,31,13,3,3,0,0.25,,1,33,1,33,0,0,2,,0.0004652605459057072,,0.007256191950464396,0.0,0.0,0.0,1.0,0.0,0.0
stochastic_contradictions,p0.25,p0.25,19,uncertainty_cost_avoidance,Cost avoidance,2,31,13,3,3,0,0.25,,1,32,0,32,0,0,2,,0.0004652605459057072,,0.007256191950464396,0.0,0.0,0.0,1.0,0.0,0.0
stochastic_contradictions,p0.25,p0.25,19,uncertainty_cost_avoidance,Cost avoidance,3,31,13,3,3,0,0.25,,1,32,0,32,0,0,2,,0.0004652605459057072,,0.007256191950464396,0.0,0.0,0.0,1.0,0.0,0.0
stochastic_contradictions,p0.25,p0.25,19,uncertainty_cost_avoidance,Cost avoidance,4,31,13,3,3,0,0.25,,1,32,0,32,0,0,2,,0.0004652605459057072,,0.007256191950464396,0.0,0.0,0.0,1.0,0.0,0.0
stochastic_contradictions,p0.25,p0.25,19,uncertainty_cost_avoidance,Cost avoidance,5,31,13,3,3,0,0.25,,1,32,0,32,0,0,2,,0.0004652605459057072,,0.007256191950464396,0.0,0.0,0.0,1.0,0.0,0.0
stochastic_contradictions,p0.25,p0.25,19,uncertainty_cost_avoidance,Cost avoidance,6,31,13,3,3,0,0.25,,1,32,0,32,0,0,2,,0.0004652605459057072,,0.007256191950464396,0.0,0.0,0.0,1.0,0.0,0.0
stochastic_contradictions,p0.25,p0.25,19,uncertainty_cost_avoidance,Cost avoidance,7,31,13,3,3,0,0.25,,1,32,0,32,0,0,2,,0.0004652605459057072,,0.007256191950464396,0.0,0.0,0.0,1.0,0.0,0.0
stochastic_contradictions,p0.25,p0.25,19,oracle_fault_model,Oracle,0,31,13,3,3,0,0.25,,1,32,0,32,0,0,0,,0.0013957816377171215,,0.02176857585139319,3.0,3.0,0.0,1.0,1.0,0.0
stochastic_contradictions,p0.25,p0.25,19,oracle_fault_model,Oracle,1,31,13,3,3,0,0.25,,1,32,0,32,0,0,0,,0.0013957816377171215,,0.02176857585139319,3.0,3.0,0.0,1.0,1.0,0.0
stochastic_contradictions,p0.25,p0.25,19,oracle_fault_model,Oracle,2,31,13,3,3,0,0.25,,1,32,0,32,0,0,0,,0.0013957816377171215,,0.02176857585139319,3.0,3.0,0.0,1.0,1.0,0.0
stochastic_contradictions,p0.25,p0.25,19,oracle_fault_model,Oracle,3,31,13,3,3,0,0.25,,1,32,0,32,0,0,0,,0.0013957816377171215,,0.02176857585139319,3.0,3.0,0.0,1.0,1.0,0.0
stochastic_contradictions,p0.25,p0.25,19,oracle_fault_model,Oracle,4,31,13,3,3,0,0.25,,1,32,0,32,0,0,0,,0.0013957816377171215,,0.02176857585139319,3.0,3.0,0.0,1.0,1.0,0.0
stochastic_contradictions,p0.25,p0.25,19,oracle_fault_model,Oracle,5,31,13,3,3,0,0.25,,1,32,0,32,0,0,0,,0.0013957816377171215,,0.02176857585139319,3.0,3.0,0.0,1.0,1.0,0.0
stochastic_contradictions,p0.25,p0.25,19,oracle_fault_model,Oracle,6,31,13,3,3,0,0.25,,1,32,0,32,0,0,0,,0.0013957816377171215,,0.02176857585139319,3.0,3.0,0.0,1.0,1.0,0.0
stochastic_contradictions,p0.25,p0.25,19,oracle_fault_model,Oracle,7,31,13,3,3,0,0.25,,1,32,0,32,0,0,0,,0.0013957816377171215,,0.02176857585139319,3.0,3.0,0.0,1.0,1.0,0.0
stochastic_contradictions,p0.50,p0.50,0,nominal_no_repair,Nominal,0,31,13,3,3,0,0.5,,0,220,206,15,0,1,0,,0.0009305210918114144,,0.014512383900928792,0.0,0.0,0.0,1.0,0.0,0.0
stochastic_contradictions,p0.50,p0.50,0,nominal_no_repair,Nominal,1,31,13,3,3,0,0.5,,0,220,208,13,0,1,0,,0.0009305210918114144,,0.014512383900928792,0.0,0.0,0.0,1.0,0.0,0.0
stochastic_contradictions,p0.50,p0.50,0,nominal_no_repair,Nominal,2,31,13,3,3,0,0.5,,1,30,0,30,0,0,0,,0.0009305210918114144,,0.014512383900928792,0.0,0.0,0.0,1.0,0.0,0.0
stochastic_contradictions,p0.50,p0.50,0,nominal_no_repair,Nominal,3,31,13,3,3,0,0.5,,1,30,0,30,0,0,0,,0.0009305210918114144,,0.014512383900928792,0.0,0.0,0.0,1.0,0.0,0.0
stochastic_contradictions,p0.50,p0.50,0,nominal_no_repair,Nominal,4,31,13,3,3,0,0.5,,0,220,218,3,0,1,0,,0.0009305210918114144,,0.014512383900928792,0.0,0.0,0.0,1.0,0.0,0.0
stochastic_contradictions,p0.50,p0.50,0,nominal_no_repair,Nominal,5,31,13,3,3,0,0.5,,0,220,208,13,0,1,0,,0.0009305210918114144,,0.014512383900928792,0.0,0.0,0.0,1.0,0.0,0.0
stochastic_contradictions,p0.50,p0.50,0,nominal_no_repair,Nominal,6,31,13,3,3,0,0.5,,0,220,218,3,0,1,0,,0.0009305210918114144,,0.014512383900928792,0.0,0.0,0.0,1.0,0.0,0.0
stochastic_contradictions,p0.50,p0.50,0,nominal_no_repair,Nominal,7,31,13,3,3,0,0.5,,1,30,0,30,0,0,0,,0.0009305210918114144,,0.014512383900928792,0.0,0.0,0.0,1.0,0.0,0.0
stochastic_contradictions,p0.50,p0.50,0,threshold_2,Threshold 2,0,31,13,3,3,0,0.5,,1,31,1,31,0,0,0,,0.0009305210918114144,,0.014512383900928792,0.0,0.0,0.0,1.0,0.0,0.0
stochastic_contradictions,p0.50,p0.50,0,threshold_2,Threshold 2,1,31,13,3,3,0,0.5,,1,31,1,31,0,0,0,,0.0009305210918114144,,0.014512383900928792,0.0,0.0,0.0,1.0,0.0,0.0
stochastic_contradictions,p0.50,p0.50,0,threshold_2,Threshold 2,2,31,13,3,3,0,0.5,,1,33,1,33,0,0,1,,0.0009305210918114144,,0.014512383900928792,1.0,1.0,0.0,1.0,0.3333333333333333,0.0
stochastic_contradictions,p0.50,p0.50,0,threshold_2,Threshold 2,3,31,13,3,3,0,0.5,,1,32,0,32,0,0,1,,0.0009305210918114144,,0.014512383900928792,1.0,1.0,0.0,1.0,0.3333333333333333,0.0
stochastic_contradictions,p0.50,p0.50,0,threshold_2,Threshold 2,4,31,13,3,3,0,0.5,,1,32,0,32,0,0,1,,0.0009305210918114144,,0.014512383900928792,1.0,1.0,0.0,1.0,0.3333333333333333,0.0
stochastic_contradictions,p0.50,p0.50,0,threshold_2,Threshold 2,5,31,13,3,3,0,0.5,,1,33,1,33,0,0,2,,0.0009305210918114144,,0.014512383900928792,2.0,2.0,0.0,1.0,0.6666666666666666,0.0
stochastic_contradictions,p0.50,p0.50,0,threshold_2,Threshold 2,6,31,13,3,3,0,0.5,,1,32,0,32,0,0,2,,0.0009305210918114144,,0.014512383900928792,2.0,2.0,0.0,1.0,0.6666666666666666,0.0
stochastic_contradictions,p0.50,p0.50,0,threshold_2,Threshold 2,7,31,13,3,3,0,0.5,,1,32,0,32,0,0,2,,0.0009305210918114144,,0.014512383900928792,2.0,2.0,0.0,1.0,0.6666666666666666,0.0
stochastic_contradictions,p0.50,p0.50,0,threshold_4,Threshold 4,0,31,13,3,3,0,0.5,,1,36,4,36,0,0,1,,0.0009305210918114144,,0.014512383900928792,1.0,1.0,0.0,1.0,0.3333333333333333,0.0
stochastic_contradictions,p0.50,p0.50,0,threshold_4,Threshold 4,1,31,13,3,3,0,0.5,,1,32,0,32,0,0,1,,0.0009305210918114144,,0.014512383900928792,1.0,1.0,0.0,1.0,0.3333333333333333,0.0
stochastic_contradictions,p0.50,p0.50,0,threshold_4,Threshold 4,2,31,13,3,3,0,0.5,,1,33,1,33,0,0,1,,0.0009305210918114144,,0.014512383900928792,1.0,1.0,0.0,1.0,0.3333333333333333,0.0
stochastic_contradictions,p0.50,p0.50,0,threshold_4,Threshold 4,3,31,13,3,3,0,0.5,,1,34,2,34,0,0,1,,0.0009305210918114144,,0.014512383900928792,1.0,1.0,0.0,1.0,0.3333333333333333,0.0
stochastic_contradictions,p0.50,p0.50,0,threshold_4,Threshold 4,4,31,13,3,3,0,0.5,,1,33,1,33,0,0,2,,0.0009305210918114144,,0.014512383900928792,2.0,2.0,0.0,1.0,0.6666666666666666,0.0
stochastic_contradictions,p0.50,p0.50,0,threshold_4,Threshold 4,5,31,13,3,3,0,0.5,,1,32,0,32,0,0,2,,0.0009305210918114144,,0.014512383900928792,2.0,2.0,0.0,1.0,0.6666666666666666,0.0
stochastic_contradictions,p0.50,p0.50,0,threshold_4,Threshold 4,6,31,13,3,3,0,0.5,,1,32,0,32,0,0,2,,0.0009305210918114144,,0.014512383900928792,2.0,2.0,0.0,1.0,0.6666666666666666,0.0
stochastic_contradictions,p0.50,p0.50,0,threshold_4,Threshold 4,7,31,13,3,3,0,0.5,,1,32,0,32,0,0,2,,0.0009305210918114144,,0.014512383900928792,2.0,2.0,0.0,1.0,0.6666666666666666,0.0
stochastic_contradictions,p0.50,p0.50,0,threshold_8,Threshold 8,0,31,13,3,3,0,0.5,,1,31,1,31,0,0,0,,0.0009305210918114144,,0.014512383900928792,0.0,0.0,0.0,1.0,0.0,0.0
stochastic_contradictions,p0.50,p0.50,0,threshold_8,Threshold 8,1,31,13,3,3,0,0.5,,1,33,3,33,0,0,0,,0.0009305210918114144,,0.014512383900928792,0.0,0.0,0.0,1.0,0.0,0.0
stochastic_contradictions,p0.50,p0.50,0,threshold_8,Threshold 8,2,31,13,3,3,0,0.5,,1,36,6,36,0,0,0,,0.0009305210918114144,,0.014512383900928792,0.0,0.0,0.0,1.0,0.0,0.0
stochastic_contradictions,p0.50,p0.50,0,threshold_8,Threshold 8,3,31,13,3,3,0,0.5,,1,33,3,33,0,0,0,,0.0009305210918114144,,0.014512383900928792,0.0,0.0,0.0,1.0,0.0,0.0
stochastic_contradictions,p0.50,p0.50,0,threshold_8,Threshold 8,4,31,13,3,3,0,0.5,,1,30,0,30,0,0,0,,0.0009305210918114144,,0.014512383900928792,0.0,0.0,0.0,1.0,0.0,0.0
stochastic_contradictions,p0.50,p0.50,0,threshold_8,Threshold 8,5,31,13,3,3,0,0.5,,1,33,3,33,0,0,0,,0.0009305210918114144,,0.014512383900928792,0.0,0.0,0.0,1.0,0.0,0.0
stochastic_contradictions,p0.50,p0.50,0,threshold_8,Threshold 8,6,31,13,3,3,0,0.5,,1,33,1,33,0,0,1,,0.0009305210918114144,,0.014512383900928792,1.0,1.0,0.0,1.0,0.3333333333333333,0.0
stochastic_contradictions,p0.50,p0.50,0,threshold_8,Threshold 8,7,31,13,3,3,0,0.5,,1,32,0,32,0,0,1,,0.0009305210918114144,,0.014512383900928792,1.0,1.0,0.0,1.0,0.3333333333333333,0.0
stochastic_contradictions,p0.50,p0.50,0,ccra_exact_guard,CCRA exact,0,31,13,3,3,0,0.5,,1,33,1,33,0,0,1,,0.0009305210918114144,,0.014512383900928792,1.0,1.0,0.0,1.0,0.3333333333333333,0.0
stochastic_contradictions,p0.50,p0.50,0,ccra_exact_guard,CCRA exact,1,31,13,3,3,0,0.5,,1,32,0,32,0,0,1,,0.0009305210918114144,,0.014512383900928792,1.0,1.0,0.0,1.0,0.3333333333333333,0.0
stochastic_contradictions,p0.50,p0.50,0,ccra_exact_guard,CCRA exact,2,31,13,3,3,0,0.5,,1,33,1,33,0,0,2,,0.0009305210918114144,,0.014512383900928792,2.0,2.0,0.0,1.0,0.6666666666666666,0.0
stochastic_contradictions,p0.50,p0.50,0,ccra_exact_guard,CCRA exact,3,31,13,3,3,0,0.5,,1,32,0,32,0,0,2,,0.0009305210918114144,,0.014512383900928792,2.0,2.0,0.0,1.0,0.6666666666666666,0.0
stochastic_contradictions,p0.50,p0.50,0,ccra_exact_guard,CCRA exact,4,31,13,3,3,0,0.5,,1,32,0,32,0,0,2,,0.0009305210918114144,,0.014512383900928792,2.0,2.0,0.0,1.0,0.6666666666666666,0.0
stochastic_contradictions,p0.50,p0.50,0,ccra_exact_guard,CCRA exact,5,31,13,3,3,0,0.5,,1,32,0,32,0,0,2,,0.0009305210918114144,,0.014512383900928792,2.0,2.0,0.0,1.0,0.6666666666666666,0.0
stochastic_contradictions,p0.50,p0.50,0,ccra_exact_guard,CCRA exact,6,31,13,3,3,0,0.5,,1,32,0,32,0,0,2,,0.0009305210918114144,,0.014512383900928792,2.0,2.0,0.0,1.0,0.6666666666666666,0.0
stochastic_contradictions,p0.50,p0.50,0,ccra_exact_guard,CCRA exact,7,31,13,3,3,0,0.5,,1,32,0,32,0,0,2,,0.0009305210918114144,,0.014512383900928792,2.0,2.0,0.0,1.0,0.6666666666666666,0.0
stochastic_contradictions,p0.50,p0.50,0,uncertainty_cost_avoidance,Cost avoidance,0,31,13,3,3,0,0.5,,1,33,1,33,0,0,1,,0.0009305210918114144,,0.014512383900928792,0.0,0.0,0.0,1.0,0.0,0.0
stochastic_contradictions,p0.50,p0.50,0,uncertainty_cost_avoidance,Cost avoidance,1,31,13,3,3,0,0.5,,1,33,1,33,0,0,2,,0.0009305210918114144,,0.014512383900928792,0.0,0.0,0.0,1.0,0.0,0.0
stochastic_contradictions,p0.50,p0.50,0,uncertainty_cost_avoidance,Cost avoidance,2,31,13,3,3,0,0.5,,1,32,0,32,0,0,2,,0.0009305210918114144,,0.014512383900928792,0.0,0.0,0.0,1.0,0.0,0.0
stochastic_contradictions,p0.50,p0.50,0,uncertainty_cost_avoidance,Cost avoidance,3,31,13,3,3,0,0.5,,1,32,0,32,0,0,2,,0.0009305210918114144,,0.014512383900928792,0.0,0.0,0.0,1.0,0.0,0.0
stochastic_contradictions,p0.50,p0.50,0,uncertainty_cost_avoidance,Cost avoidance,4,31,13,3,3,0,0.5,,1,32,0,32,0,0,2,,0.0009305210918114144,,0.014512383900928792,0.0,0.0,0.0,1.0,0.0,0.0
stochastic_contradictions,p0.50,p0.50,0,uncertainty_cost_avoidance,Cost avoidance,5,31,13,3,3,0,0.5,,1,32,0,32,0,0,2,,0.0009305210918114144,,0.014512383900928792,0.0,0.0,0.0,1.0,0.0,0.0
stochastic_contradictions,p0.50,p0.50,0,uncertainty_cost_avoidance,Cost avoidance,6,31,13,3,3,0,0.5,,1,32,0,32,0,0,2,,0.0009305210918114144,,0.014512383900928792,0.0,0.0,0.0,1.0,0.0,0.0
stochastic_contradictions,p0.50,p0.50,0,uncertainty_cost_avoidance,Cost avoidance,7,31,13,3,3,0,0.5,,1,32,0,32,0,0,2,,0.0009305210918114144,,0.014512383900928792,0.0,0.0,0.0,1.0,0.0,0.0
stochastic_contradictions,p0.50,p0.50,0,oracle_fault_model,Oracle,0,31,13,3,3,0,0.5,,1,32,0,32,0,0,0,,0.0009305210918114144,,0.014512383900928792,3.0,3.0,0.0,1.0,1.0,0.0
stochastic_contradictions,p0.50,p0.50,0,oracle_fault_model,Oracle,1,31,13,3,3,0,0.5,,1,32,0,32,0,0,0,,0.0009305210918114144,,0.014512383900928792,3.0,3.0,0.0,1.0,1.0,0.0
stochastic_contradictions,p0.50,p0.50,0,oracle_fault_model,Oracle,2,31,13,3,3,0,0.5,,1,32,0,32,0,0,0,,0.0009305210918114144,,0.014512383900928792,3.0,3.0,0.0,1.0,1.0,0.0
stochastic_contradictions,p0.50,p0.50,0,oracle_fault_model,Oracle,3,31,13,3,3,0,0.5,,1,32,0,32,0,0,0,,0.0009305210918114144,,0.014512383900928792,3.0,3.0,0.0,1.0,1.0,0.0
stochastic_contradictions,p0.50,p0.50,0,oracle_fault_model,Oracle,4,31,13,3,3,0,0.5,,1,32,0,32,0,0,0,,0.0009305210918114144,,0.014512383900928792,3.0,3.0,0.0,1.0,1.0,0.0
stochastic_contradictions,p0.50,p0.50,0,oracle_fault_model,Oracle,5,31,13,3,3,0,0.5,,1,32,0,32,0,0,0,,0.0009305210918114144,,0.014512383900928792,3.0,3.0,0.0,1.0,1.0,0.0
stochastic_contradictions,p0.50,p0.50,0,oracle_fault_model,Oracle,6,31,13,3,3,0,0.5,,1,32,0,32,0,0,0,,0.0009305210918114144,,0.014512383900928792,3.0,3.0,0.0,1.0,1.0,0.0
stochastic_contradictions,p0.50,p0.50,0,oracle_fault_model,Oracle,7,31,13,3,3,0,0.5,,1,32,0,32,0,0,0,,0.0009305210918114144,,0.014512383900928792,3.0,3.0,0.0,1.0,1.0,0.0
stochastic_contradictions,p0.50,p0.50,1,nominal_no_repair,Nominal,0,31,13,3,3,0,0.5,,0,220,206,15,0,1,0,,0.0009305210918114144,,0.014512383900928792,0.0,0.0,0.0,1.0,0.0,0.0
stochastic_contradictions,p0.50,p0.50,1,nominal_no_repair,Nominal,1,31,13,3,3,0,0.5,,0,220,206,15,0,1,0,,0.0009305210918114144,,0.014512383900928792,0.0,0.0,0.0,1.0,0.0,0.0
stochastic_contradictions,p0.50,p0.50,1,nominal_no_repair,Nominal,2,31,13,3,3,0,0.5,,0,220,206,15,0,1,0,,0.0009305210918114144,,0.014512383900928792,0.0,0.0,0.0,1.0,0.0,0.0
stochastic_contradictions,p0.50,p0.50,1,nominal_no_repair,Nominal,3,31,13,3,3,0,0.5,,1,30,0,30,0,0,0,,0.0009305210918114144,,0.014512383900928792,0.0,0.0,0.0,1.0,0.0,0.0
stochastic_contradictions,p0.50,p0.50,1,nominal_no_repair,Nominal,4,31,13,3,3,0,0.5,,0,220,206,15,0,1,0,,0.0009305210918114144,,0.014512383900928792,0.0,0.0,0.0,1.0,0.0,0.0
stochastic_contradictions,p0.50,p0.50,1,nominal_no_repair,Nominal,5,31,13,3,3,0,0.5,,0,220,206,15,0,1,0,,0.0009305210918114144,,0.014512383900928792,0.0,0.0,0.0,1.0,0.0,0.0
stochastic_contradictions,p0.50,p0.50,1,nominal_no_repair,Nominal,6,31,13,3,3,0,0.5,,0,220,203,18,0,1,0,,0.0009305210918114144,,0.014512383900928792,0.0,0.0,0.0,1.0,0.0,0.0
stochastic_contradictions,p0.50,p0.50,1,nominal_no_repair,Nominal,7,31,13,3,3,0,0.5,,0,220,206,15,0,1,0,,0.0009305210918114144,,0.014512383900928792,0.0,0.0,0.0,1.0,0.0,0.0
stochastic_contradictions,p0.50,p0.50,1,threshold_2,Threshold 2,0,31,13,3,3,0,0.5,,1,34,2,34,0,0,1,,0.0009305210918114144,,0.014512383900928792,1.0,1.0,0.0,1.0,0.3333333333333333,0.0
stochastic_contradictions,p0.50,p0.50,1,threshold_2,Threshold 2,1,31,13,3,3,0,0.5,,1,32,0,32,0,0,1,,0.0009305210918114144,,0.014512383900928792,1.0,1.0,0.0,1.0,0.3333333333333333,0.0
stochastic_contradictions,p0.50,p0.50,1,threshold_2,Threshold 2,2,31,13,3,3,0,0.5,,1,32,0,32,0,0,1,,0.0009305210918114144,,0.014512383900928792,1.0,1.0,0.0,1.0,0.3333333333333333,0.0
stochastic_contradictions,p0.50,p0.50,1,threshold_2,Threshold 2,3,31,13,3,3,0,0.5,,1,32,0,32,0,0,1,,0.0009305210918114144,,0.014512383900928792,1.0,1.0,0.0,1.0,0.3333333333333333,0.0
stochastic_contradictions,p0.50,p0.50,1,threshold_2,Threshold 2,4,31,13,3,3,0,0.5,,1,32,0,32,0,0,1,,0.0009305210918114144,,0.014512383900928792,1.0,1.0,0.0,1.0,0.3333333333333333,0.0
stochastic_contradictions,p0.50,p0.50,1,threshold_2,Threshold 2,5,31,13,3,3,0,0.5,,1,32,0,32,0,0,1,,0.0009305210918114144,,0.014512383900928792,1.0,1.0,0.0,1.0,0.3333333333333333,0.0
stochastic_contradictions,p0.50,p0.50,1,threshold_2,Threshold 2,6,31,13,3,3,0,0.5,,1,32,0,32,0,0,1,,0.0009305210918114144,,0.014512383900928792,1.0,1.0,0.0,1.0,0.3333333333333333,0.0
stochastic_contradictions,p0.50,p0.50,1,threshold_2,Threshold 2,7,31,13,3,3,0,0.5,,1,32,0,32,0,0,1,,0.0009305210918114144,,0.014512383900928792,1.0,1.0,0.0,1.0,0.3333333333333333,0.0
stochastic_contradictions,p0.50,p0.50,1,threshold_4,Threshold 4,0,31,13,3,3,0,0.5,,1,34,4,34,0,0,0,,0.0009305210918114144,,0.014512383900928792,0.0,0.0,0.0,1.0,0.0,0.0
stochastic_contradictions,p0.50,p0.50,1,threshold_4,Threshold 4,1,31,13,3,3,0,0.5,,1,36,4,36,0,0,1,,0.0009305210918114144,,0.014512383900928792,1.0,1.0,0.0,1.0,0.3333333333333333,0.0
stochastic_contradictions,p0.50,p0.50,1,threshold_4,Threshold 4,2,31,13,3,3,0,0.5,,1,33,1,33,0,0,2,,0.0009305210918114144,,0.014512383900928792,2.0,2.0,0.0,1.0,0.6666666666666666,0.0
stochastic_contradictions,p0.50,p0.50,1,threshold_4,Threshold 4,3,31,13,3,3,0,0.5,,1,32,0,32,0,0,2,,0.0009305210918114144,,0.014512383900928792,2.0,2.0,0.0,1.0,0.6666666666666666,0.0
stochastic_contradictions,p0.50,p0.50,1,threshold_4,Threshold 4,4,31,13,3,3,0,0.5,,1,32,0,32,0,0,2,,0.0009305210918114144,,0.014512383900928792,2.0,2.0,0.0,1.0,0.6666666666666666,0.0
stochastic_contradictions,p0.50,p0.50,1,threshold_4,Threshold 4,5,31,13,3,3,0,0.5,,1,32,0,32,0,0,2,,0.0009305210918114144,,0.014512383900928792,2.0,2.0,0.0,1.0,0.6666666666666666,0.0
stochastic_contradictions,p0.50,p0.50,1,threshold_4,Threshold 4,6,31,13,3,3,0,0.5,,1,32,0,32,0,0,2,,0.0009305210918114144,,0.014512383900928792,2.0,2.0,0.0,1.0,0.6666666666666666,0.0
stochastic_contradictions,p0.50,p0.50,1,threshold_4,Threshold 4,7,31,13,3,3,0,0.5,,1,32,0,32,0,0,2,,0.0009305210918114144,,0.014512383900928792,2.0,2.0,0.0,1.0,0.6666666666666666,0.0
stochastic_contradictions,p0.50,p0.50,1,threshold_8,Threshold 8,0,31,13,3,3,0,0.5,,1,30,0,30,0,0,0,,0.0009305210918114144,,0.014512383900928792,0.0,0.0,0.0,1.0,0.0,0.0
stochastic_contradictions,p0.50,p0.50,1,threshold_8,Threshold 8,1,31,13,3,3,0,0.5,,1,33,3,33,0,0,0,,0.0009305210918114144,,0.014512383900928792,0.0,0.0,0.0,1.0,0.0,0.0
stochastic_contradictions,p0.50,p0.50,1,threshold_8,Threshold 8,2,31,13,3,3,0,0.5,,1,34,4,34,0,0,0,,0.0009305210918114144,,0.014512383900928792,0.0,0.0,0.0,1.0,0.0,0.0
stochastic_contradictions,p0.50,p0.50,1,threshold_8,Threshold 8,3,31,13,3,3,0,0.5,,1,34,4,34,0,0,0,,0.0009305210918114144,,0.014512383900928792,0.0,0.0,0.0,1.0,0.0,0.0
stochastic_contradictions,p0.50,p0.50,1,threshold_8,Threshold 8,4,31,13,3,3,0,0.5,,1,37,7,37,0,0,0,,0.0009305210918114144,,0.014512383900928792,0.0,0.0,0.0,1.0,0.0,0.0
stochastic_contradictions,p0.50,p0.50,1,threshold_8,Threshold 8,5,31,13,3,3,0,0.5,,1,34,2,34,0,0,1,,0.0009305210918114144,,0.014512383900928792,1.0,1.0,0.0,1.0,0.3333333333333333,0.0
stochastic_contradictions,p0.50,p0.50,1,threshold_8,Threshold 8,6,31,13,3,3,0,0.5,,1,32,0,32,0,0,1,,0.0009305210918114144,,0.014512383900928792,1.0,1.0,0.0,1.0,0.3333333333333333,0.0
stochastic_contradictions,p0.50,p0.50,1,threshold_8,Threshold 8,7,31,13,3,3,0,0.5,,1,33,1,33,0,0,2,,0.0009305210918114144,,0.014512383900928792,2.0,2.0,0.0,1.0,0.6666666666666666,0.0
stochastic_contradictions,p0.50,p0.50,1,ccra_exact_guard,CCRA exact,0,31,13,3,3,0,0.5,,1,33,1,33,0,0,1,,0.0009305210918114144,,0.014512383900928792,1.0,1.0,0.0,1.0,0.3333333333333333,0.0
stochastic_contradictions,p0.50,p0.50,1,ccra_exact_guard,CCRA exact,1,31,13,3,3,0,0.5,,1,32,0,32,0,0,1,,0.0009305210918114144,,0.014512383900928792,1.0,1.0,0.0,1.0,0.3333333333333333,0.0
stochastic_contradictions,p0.50,p0.50,1,ccra_exact_guard,CCRA exact,2,31,13,3,3,0,0.5,,1,32,0,32,0,0,1,,0.0009305210918114144,,0.014512383900928792,1.0,1.0,0.0,1.0,0.3333333333333333,0.0
stochastic_contradictions,p0.50,p0.50,1,ccra_exact_guard,CCRA exact,3,31,13,3,3,0,0.5,,1,32,0,32,0,0,1,,0.0009305210918114144,,0.014512383900928792,1.0,1.0,0.0,1.0,0.3333333333333333,0.0
stochastic_contradictions,p0.50,p0.50,1,ccra_exact_guard,CCRA exact,4,31,13,3,3,0,0.5,,1,32,0,32,0,0,1,,0.0009305210918114144,,0.014512383900928792,1.0,1.0,0.0,1.0,0.3333333333333333,0.0
stochastic_contradictions,p0.50,p0.50,1,ccra_exact_guard,CCRA exact,5,31,13,3,3,0,0.5,,1,32,0,32,0,0,1,,0.0009305210918114144,,0.014512383900928792,1.0,1.0,0.0,1.0,0.3333333333333333,0.0
stochastic_contradictions,p0.50,p0.50,1,ccra_exact_guard,CCRA exact,6,31,13,3,3,0,0.5,,1,32,0,32,0,0,1,,0.0009305210918114144,,0.014512383900928792,1.0,1.0,0.0,1.0,0.3333333333333333,0.0
stochastic_contradictions,p0.50,p0.50,1,ccra_exact_guard,CCRA exact,7,31,13,3,3,0,0.5,,1,32,0,32,0,0,1,,0.0009305210918114144,,0.014512383900928792,1.0,1.0,0.0,1.0,0.3333333333333333,0.0
stochastic_contradictions,p0.50,p0.50,1,uncertainty_cost_avoidance,Cost avoidance,0,31,13,3,3,0,0.5,,1,33,1,33,0,0,1,,0.0009305210918114144,,0.014512383900928792,0.0,0.0,0.0,1.0,0.0,0.0
stochastic_contradictions,p0.50,p0.50,1,uncertainty_cost_avoidance,Cost avoidance,1,31,13,3,3,0,0.5,,1,33,1,33,0,0,2,,0.0009305210918114144,,0.014512383900928792,0.0,0.0,0.0,1.0,0.0,0.0
stochastic_contradictions,p0.50,p0.50,1,uncertainty_cost_avoidance,Cost avoidance,2,31,13,3,3,0,0.5,,1,32,0,32,0,0,2,,0.0009305210918114144,,0.014512383900928792,0.0,0.0,0.0,1.0,0.0,0.0
stochastic_contradictions,p0.50,p0.50,1,uncertainty_cost_avoidance,Cost avoidance,3,31,13,3,3,0,0.5,,1,32,0,32,0,0,2,,0.0009305210918114144,,0.014512383900928792,0.0,0.0,0.0,1.0,0.0,0.0
stochastic_contradictions,p0.50,p0.50,1,uncertainty_cost_avoidance,Cost avoidance,4,31,13,3,3,0,0.5,,1,32,0,32,0,0,2,,0.0009305210918114144,,0.014512383900928792,0.0,0.0,0.0,1.0,0.0,0.0
stochastic_contradictions,p0.50,p0.50,1,uncertainty_cost_avoidance,Cost avoidance,5,31,13,3,3,0,0.5,,1,32,0,32,0,0,2,,0.0009305210918114144,,0.014512383900928792,0.0,0.0,0.0,1.0,0.0,0.0
stochastic_contradictions,p0.50,p0.50,1,uncertainty_cost_avoidance,Cost avoidance,6,31,13,3,3,0,0.5,,1,32,0,32,0,0,2,,0.0009305210918114144,,0.014512383900928792,0.0,0.0,0.0,1.0,0.0,0.0
stochastic_contradictions,p0.50,p0.50,1,uncertainty_cost_avoidance,Cost avoidance,7,31,13,3,3,0,0.5,,1,32,0,32,0,0,2,,0.0009305210918114144,,0.014512383900928792,0.0,0.0,0.0,1.0,0.0,0.0
stochastic_contradictions,p0.50,p0.50,1,oracle_fault_model,Oracle,0,31,13,3,3,0,0.5,,1,32,0,32,0,0,0,,0.0009305210918114144,,0.014512383900928792,3.0,3.0,0.0,1.0,1.0,0.0
stochastic_contradictions,p0.50,p0.50,1,oracle_fault_model,Oracle,1,31,13,3,3,0,0.5,,1,32,0,32,0,0,0,,0.0009305210918114144,,0.014512383900928792,3.0,3.0,0.0,1.0,1.0,0.0
stochastic_contradictions,p0.50,p0.50,1,oracle_fault_model,Oracle,2,31,13,3,3,0,0.5,,1,32,0,32,0,0,0,,0.0009305210918114144,,0.014512383900928792,3.0,3.0,0.0,1.0,1.0,0.0
stochastic_contradictions,p0.50,p0.50,1,oracle_fault_model,Oracle,3,31,13,3,3,0,0.5,,1,32,0,32,0,0,0,,0.0009305210918114144,,0.014512383900928792,3.0,3.0,0.0,1.0,1.0,0.0
stochastic_contradictions,p0.50,p0.50,1,oracle_fault_model,Oracle,4,31,13,3,3,0,0.5,,1,32,0,32,0,0,0,,0.0009305210918114144,,0.014512383900928792,3.0,3.0,0.0,1.0,1.0,0.0
stochastic_contradictions,p0.50,p0.50,1,oracle_fault_model,Oracle,5,31,13,3,3,0,0.5,,1,32,0,32,0,0,0,,0.0009305210918114144,,0.014512383900928792,3.0,3.0,0.0,1.0,1.0,0.0
stochastic_contradictions,p0.50,p0.50,1,oracle_fault_model,Oracle,6,31,13,3,3,0,0.5,,1,32,0,32,0,0,0,,0.0009305210918114144,,0.014512383900928792,3.0,3.0,0.0,1.0,1.0,0.0
stochastic_contradictions,p0.50,p0.50,1,oracle_fault_model,Oracle,7,31,13,3,3,0,0.5,,1,32,0,32,0,0,0,,0.0009305210918114144,,0.014512383900928792,3.0,3.0,0.0,1.0,1.0,0.0
stochastic_contradictions,p0.50,p0.50,2,nominal_no_repair,Nominal,0,31,13,3,3,0,0.5,,0,220,200,21,0,1,0,,0.0009305210918114144,,0.014512383900928792,0.0,0.0,0.0,1.0,0.0,0.0
stochastic_contradictions,p0.50,p0.50,2,nominal_no_repair,Nominal,1,31,13,3,3,0,0.5,,0,220,197,24,0,1,0,,0.0009305210918114144,,0.014512383900928792,0.0,0.0,0.0,1.0,0.0,0.0
stochastic_contradictions,p0.50,p0.50,2,nominal_no_repair,Nominal,2,31,13,3,3,0,0.5,,0,220,200,21,0,1,0,,0.0009305210918114144,,0.014512383900928792,0.0,0.0,0.0,1.0,0.0,0.0
stochastic_contradictions,p0.50,p0.50,2,nominal_no_repair,Nominal,3,31,13,3,3,0,0.5,,0,220,200,21,0,1,0,,0.0009305210918114144,,0.014512383900928792,0.0,0.0,0.0,1.0,0.0,0.0
stochastic_contradictions,p0.50,p0.50,2,nominal_no_repair,Nominal,4,31,13,3,3,0,0.5,,0,220,199,22,0,1,0,,0.0009305210918114144,,0.014512383900928792,0.0,0.0,0.0,1.0,0.0,0.0
stochastic_contradictions,p0.50,p0.50,2,nominal_no_repair,Nominal,5,31,13,3,3,0,0.5,,0,220,199,22,0,1,0,,0.0009305210918114144,,0.014512383900928792,0.0,0.0,0.0,1.0,0.0,0.0
stochastic_contradictions,p0.50,p0.50,2,nominal_no_repair,Nominal,6,31,13,3,3,0,0.5,,0,220,200,21,0,1,0,,0.0009305210918114144,,0.014512383900928792,0.0,0.0,0.0,1.0,0.0,0.0
stochastic_contradictions,p0.50,p0.50,2,nominal_no_repair,Nominal,7,31,13,3,3,0,0.5,,0,220,199,22,0,1,0,,0.0009305210918114144,,0.014512383900928792,0.0,0.0,0.0,1.0,0.0,0.0
stochastic_contradictions,p0.50,p0.50,2,threshold_2,Threshold 2,0,31,13,3,3,0,0.5,,1,30,0,30,0,0,0,,0.0009305210918114144,,0.014512383900928792,0.0,0.0,0.0,1.0,0.0,0.0
stochastic_contradictions,p0.50,p0.50,2,threshold_2,Threshold 2,1,31,13,3,3,0,0.5,,1,34,2,34,0,0,1,,0.0009305210918114144,,0.014512383900928792,1.0,1.0,0.0,1.0,0.3333333333333333,0.0
stochastic_contradictions,p0.50,p0.50,2,threshold_2,Threshold 2,2,31,13,3,3,0,0.5,,1,34,2,34,0,0,2,,0.0009305210918114144,,0.014512383900928792,2.0,2.0,0.0,1.0,0.6666666666666666,0.0
stochastic_contradictions,p0.50,p0.50,2,threshold_2,Threshold 2,3,31,13,3,3,0,0.5,,1,32,0,32,0,0,2,,0.0009305210918114144,,0.014512383900928792,2.0,2.0,0.0,1.0,0.6666666666666666,0.0
stochastic_contradictions,p0.50,p0.50,2,threshold_2,Threshold 2,4,31,13,3,3,0,0.5,,1,32,0,32,0,0,2,,0.0009305210918114144,,0.014512383900928792,2.0,2.0,0.0,1.0,0.6666666666666666,0.0
stochastic_contradictions,p0.50,p0.50,2,threshold_2,Threshold 2,5,31,13,3,3,0,0.5,,1,32,0,32,0,0,2,,0.0009305210918114144,,0.014512383900928792,2.0,2.0,0.0,1.0,0.6666666666666666,0.0
stochastic_contradictions,p0.50,p0.50,2,threshold_2,Threshold 2,6,31,13,3,3,0,0.5,,1,32,0,32,0,0,2,,0.0009305210918114144,,0.014512383900928792,2.0,2.0,0.0,1.0,0.6666666666666666,0.0
stochastic_contradictions,p0.50,p0.50,2,threshold_2,Threshold 2,7,31,13,3,3,0,0.5,,1,32,0,32,0,0,2,,0.0009305210918114144,,0.014512383900928792,2.0,2.0,0.0,1.0,0.6666666666666666,0.0
stochastic_contradictions,p0.50,p0.50,2,threshold_4,Threshold 4,0,31,13,3,3,0,0.5,,1,37,5,37,0,0,1,,0.0009305210918114144,,0.014512383900928792,1.0,1.0,0.0,1.0,0.3333333333333333,0.0
stochastic_contradictions,p0.50,p0.50,2,threshold_4,Threshold 4,1,31,13,3,3,0,0.5,,1,34,2,34,0,0,1,,0.0009305210918114144,,0.014512383900928792,1.0,1.0,0.0,1.0,0.3333333333333333,0.0
stochastic_contradictions,p0.50,p0.50,2,threshold_4,Threshold 4,2,31,13,3,3,0,0.5,,1,35,3,35,0,0,2,,0.0009305210918114144,,0.014512383900928792,2.0,2.0,0.0,1.0,0.6666666666666666,0.0
stochastic_contradictions,p0.50,p0.50,2,threshold_4,Threshold 4,3,31,13,3,3,0,0.5,,1,34,2,34,0,0,3,,0.0009305210918114144,,0.014512383900928792,3.0,3.0,0.0,1.0,1.0,0.0
stochastic_contradictions,p0.50,p0.50,2,threshold_4,Threshold 4,4,31,13,3,3,0,0.5,,1,32,0,32,0,0,3,,0.0009305210918114144,,0.014512383900928792,3.0,3.0,0.0,1.0,1.0,0.0
stochastic_contradictions,p0.50,p0.50,2,threshold_4,Threshold 4,5,31,13,3,3,0,0.5,,1,32,0,32,0,0,3,,0.0009305210918114144,,0.014512383900928792,3.0,3.0,0.0,1.0,1.0,0.0
stochastic_contradictions,p0.50,p0.50,2,threshold_4,Threshold 4,6,31,13,3,3,0,0.5,,1,32,0,32,0,0,3,,0.0009305210918114144,,0.014512383900928792,3.0,3.0,0.0,1.0,1.0,0.0
stochastic_contradictions,p0.50,p0.50,2,threshold_4,Threshold 4,7,31,13,3,3,0,0.5,,1,32,0,32,0,0,3,,0.0009305210918114144,,0.014512383900928792,3.0,3.0,0.0,1.0,1.0,0.0
stochastic_contradictions,p0.50,p0.50,2,threshold_8,Threshold 8,0,31,13,3,3,0,0.5,,1,38,8,38,0,0,0,,0.0009305210918114144,,0.014512383900928792,0.0,0.0,0.0,1.0,0.0,0.0
stochastic_contradictions,p0.50,p0.50,2,threshold_8,Threshold 8,1,31,13,3,3,0,0.5,,1,33,1,33,0,0,1,,0.0009305210918114144,,0.014512383900928792,1.0,1.0,0.0,1.0,0.3333333333333333,0.0
stochastic_contradictions,p0.50,p0.50,2,threshold_8,Threshold 8,2,31,13,3,3,0,0.5,,1,38,6,38,0,0,1,,0.0009305210918114144,,0.014512383900928792,1.0,1.0,0.0,1.0,0.3333333333333333,0.0
stochastic_contradictions,p0.50,p0.50,2,threshold_8,Threshold 8,3,31,13,3,3,0,0.5,,1,38,6,38,0,0,2,,0.0009305210918114144,,0.014512383900928792,2.0,2.0,0.0,1.0,0.6666666666666666,0.0
stochastic_contradictions,p0.50,p0.50,2,threshold_8,Threshold 8,4,31,13,3,3,0,0.5,,1,32,0,32,0,0,2,,0.0009305210918114144,,0.014512383900928792,2.0,2.0,0.0,1.0,0.6666666666666666,0.0
stochastic_contradictions,p0.50,p0.50,2,threshold_8,Threshold 8,5,31,13,3,3,0,0.5,,1,32,0,32,0,0,2,,0.0009305210918114144,,0.014512383900928792,2.0,2.0,0.0,1.0,0.6666666666666666,0.0
stochastic_contradictions,p0.50,p0.50,2,threshold_8,Threshold 8,6,31,13,3,3,0,0.5,,1,34,2,34,0,0,2,,0.0009305210918114144,,0.014512383900928792,2.0,2.0,0.0,1.0,0.6666666666666666,0.0
stochastic_contradictions,p0.50,p0.50,2,threshold_8,Threshold 8,7,31,13,3,3,0,0.5,,1,32,0,32,0,0,2,,0.0009305210918114144,,0.014512383900928792,2.0,2.0,0.0,1.0,0.6666666666666666,0.0
stochastic_contradictions,p0.50,p0.50,2,ccra_exact_guard,CCRA exact,0,31,13,3,3,0,0.5,,1,33,1,33,0,0,1,,0.0009305210918114144,,0.014512383900928792,1.0,1.0,0.0,1.0,0.3333333333333333,0.0
stochastic_contradictions,p0.50,p0.50,2,ccra_exact_guard,CCRA exact,1,31,13,3,3,0,0.5,,1,32,0,32,0,0,1,,0.0009305210918114144,,0.014512383900928792,1.0,1.0,0.0,1.0,0.3333333333333333,0.0
stochastic_contradictions,p0.50,p0.50,2,ccra_exact_guard,CCRA exact,2,31,13,3,3,0,0.5,,1,32,0,32,0,0,1,,0.0009305210918114144,,0.014512383900928792,1.0,1.0,0.0,1.0,0.3333333333333333,0.0
stochastic_contradictions,p0.50,p0.50,2,ccra_exact_guard,CCRA exact,3,31,13,3,3,0,0.5,,1,32,0,32,0,0,1,,0.0009305210918114144,,0.014512383900928792,1.0,1.0,0.0,1.0,0.3333333333333333,0.0
stochastic_contradictions,p0.50,p0.50,2,ccra_exact_guard,CCRA exact,4,31,13,3,3,0,0.5,,1,32,0,32,0,0,1,,0.0009305210918114144,,0.014512383900928792,1.0,1.0,0.0,1.0,0.3333333333333333,0.0
stochastic_contradictions,p0.50,p0.50,2,ccra_exact_guard,CCRA exact,5,31,13,3,3,0,0.5,,1,32,0,32,0,0,1,,0.0009305210918114144,,0.014512383900928792,1.0,1.0,0.0,1.0,0.3333333333333333,0.0
stochastic_contradictions,p0.50,p0.50,2,ccra_exact_guard,CCRA exact,6,31,13,3,3,0,0.5,,1,32,0,32,0,0,1,,0.0009305210918114144,,0.014512383900928792,1.0,1.0,0.0,1.0,0.3333333333333333,0.0
stochastic_contradictions,p0.50,p0.50,2,ccra_exact_guard,CCRA exact,7,31,13,3,3,0,0.5,,1,32,0,32,0,0,1,,0.0009305210918114144,,0.014512383900928792,1.0,1.0,0.0,1.0,0.3333333333333333,0.0
stochastic_contradictions,p0.50,p0.50,2,uncertainty_cost_avoidance,Cost avoidance,0,31,13,3,3,0,0.5,,1,33,1,33,0,0,1,,0.0009305210918114144,,0.014512383900928792,0.0,0.0,0.0,1.0,0.0,0.0
stochastic_contradictions,p0.50,p0.50,2,uncertainty_cost_avoidance,Cost avoidance,1,31,13,3,3,0,0.5,,1,32,0,32,0,0,1,,0.0009305210918114144,,0.014512383900928792,0.0,0.0,0.0,1.0,0.0,0.0
stochastic_contradictions,p0.50,p0.50,2,uncertainty_cost_avoidance,Cost avoidance,2,31,13,3,3,0,0.5,,1,33,1,33,0,0,2,,0.0009305210918114144,,0.014512383900928792,0.0,0.0,0.0,1.0,0.0,0.0
stochastic_contradictions,p0.50,p0.50,2,uncertainty_cost_avoidance,Cost avoidance,3,31,13,3,3,0,0.5,,1,32,0,32,0,0,2,,0.0009305210918114144,,0.014512383900928792,0.0,0.0,0.0,1.0,0.0,0.0
stochastic_contradictions,p0.50,p0.50,2,uncertainty_cost_avoidance,Cost avoidance,4,31,13,3,3,0,0.5,,1,32,0,32,0,0,2,,0.0009305210918114144,,0.014512383900928792,0.0,0.0,0.0,1.0,0.0,0.0
stochastic_contradictions,p0.50,p0.50,2,uncertainty_cost_avoidance,Cost avoidance,5,31,13,3,3,0,0.5,,1,32,0,32,0,0,2,,0.0009305210918114144,,0.014512383900928792,0.0,0.0,0.0,1.0,0.0,0.0
stochastic_contradictions,p0.50,p0.50,2,uncertainty_cost_avoidance,Cost avoidance,6,31,13,3,3,0,0.5,,1,32,0,32,0,0,2,,0.0009305210918114144,,0.014512383900928792,0.0,0.0,0.0,1.0,0.0,0.0
stochastic_contradictions,p0.50,p0.50,2,uncertainty_cost_avoidance,Cost avoidance,7,31,13,3,3,0,0.5,,1,32,0,32,0,0,2,,0.0009305210918114144,,0.014512383900928792,0.0,0.0,0.0,1.0,0.0,0.0
stochastic_contradictions,p0.50,p0.50,2,oracle_fault_model,Oracle,0,31,13,3,3,0,0.5,,1,32,0,32,0,0,0,,0.0009305210918114144,,0.014512383900928792,3.0,3.0,0.0,1.0,1.0,0.0
stochastic_contradictions,p0.50,p0.50,2,oracle_fault_model,Oracle,1,31,13,3,3,0,0.5,,1,32,0,32,0,0,0,,0.0009305210918114144,,0.014512383900928792,3.0,3.0,0.0,1.0,1.0,0.0
stochastic_contradictions,p0.50,p0.50,2,oracle_fault_model,Oracle,2,31,13,3,3,0,0.5,,1,32,0,32,0,0,0,,0.0009305210918114144,,0.014512383900928792,3.0,3.0,0.0,1.0,1.0,0.0
stochastic_contradictions,p0.50,p0.50,2,oracle_fault_model,Oracle,3,31,13,3,3,0,0.5,,1,32,0,32,0,0,0,,0.0009305210918114144,,0.014512383900928792,3.0,3.0,0.0,1.0,1.0,0.0
stochastic_contradictions,p0.50,p0.50,2,oracle_fault_model,Oracle,4,31,13,3,3,0,0.5,,1,32,0,32,0,0,0,,0.0009305210918114144,,0.014512383900928792,3.0,3.0,0.0,1.0,1.0,0.0
stochastic_contradictions,p0.50,p0.50,2,oracle_fault_model,Oracle,5,31,13,3,3,0,0.5,,1,32,0,32,0,0,0,,0.0009305210918114144,,0.014512383900928792,3.0,3.0,0.0,1.0,1.0,0.0
stochastic_contradictions,p0.50,p0.50,2,oracle_fault_model,Oracle,6,31,13,3,3,0,0.5,,1,32,0,32,0,0,0,,0.0009305210918114144,,0.014512383900928792,3.0,3.0,0.0,1.0,1.0,0.0
stochastic_contradictions,p0.50,p0.50,2,oracle_fault_model,Oracle,7,31,13,3,3,0,0.5,,1,32,0,32,0,0,0,,0.0009305210918114144,,0.014512383900928792,3.0,3.0,0.0,1.0,1.0,0.0
stochastic_contradictions,p0.50,p0.50,3,nominal_no_repair,Nominal,0,31,13,3,3,0,0.5,,0,220,216,5,0,1,0,,0.0009305210918114144,,0.014512383900928792,0.0,0.0,0.0,1.0,0.0,0.0
stochastic_contradictions,p0.50,p0.50,3,nominal_no_repair,Nominal,1,31,13,3,3,0,0.5,,0,220,215,6,0,1,0,,0.0009305210918114144,,0.014512383900928792,0.0,0.0,0.0,1.0,0.0,0.0
stochastic_contradictions,p0.50,p0.50,3,nominal_no_repair,Nominal,2,31,13,3,3,0,0.5,,0,220,210,11,0,1,0,,0.0009305210918114144,,0.014512383900928792,0.0,0.0,0.0,1.0,0.0,0.0
stochastic_contradictions,p0.50,p0.50,3,nominal_no_repair,Nominal,3,31,13,3,3,0,0.5,,0,220,216,5,0,1,0,,0.0009305210918114144,,0.014512383900928792,0.0,0.0,0.0,1.0,0.0,0.0
stochastic_contradictions,p0.50,p0.50,3,nominal_no_repair,Nominal,4,31,13,3,3,0,0.5,,1,30,0,30,0,0,0,,0.0009305210918114144,,0.014512383900928792,0.0,0.0,0.0,1.0,0.0,0.0
stochastic_contradictions,p0.50,p0.50,3,nominal_no_repair,Nominal,5,31,13,3,3,0,0.5,,0,220,210,11,0,1,0,,0.0009305210918114144,,0.014512383900928792,0.0,0.0,0.0,1.0,0.0,0.0
stochastic_contradictions,p0.50,p0.50,3,nominal_no_repair,Nominal,6,31,13,3,3,0,0.5,,0,220,210,11,0,1,0,,0.0009305210918114144,,0.014512383900928792,0.0,0.0,0.0,1.0,0.0,0.0
stochastic_contradictions,p0.50,p0.50,3,nominal_no_repair,Nominal,7,31,13,3,3,0,0.5,,0,220,215,6,0,1,0,,0.0009305210918114144,,0.014512383900928792,0.0,0.0,0.0,1.0,0.0,0.0
stochastic_contradictions,p0.50,p0.50,3,threshold_2,Threshold 2,0,31,13,3,3,0,0.5,,1,34,2,34,0,0,1,,0.0009305210918114144,,0.014512383900928792,1.0,1.0,0.0,1.0,0.3333333333333333,0.0
stochastic_contradictions,p0.50,p0.50,3,threshold_2,Threshold 2,1,31,13,3,3,0,0.5,,1,32,0,32,0,0,1,,0.0009305210918114144,,0.014512383900928792,1.0,1.0,0.0,1.0,0.3333333333333333,0.0
stochastic_contradictions,p0.50,p0.50,3,threshold_2,Threshold 2,2,31,13,3,3,0,0.5,,1,34,2,34,0,0,2,,0.0009305210918114144,,0.014512383900928792,2.0,2.0,0.0,1.0,0.6666666666666666,0.0
stochastic_contradictions,p0.50,p0.50,3,threshold_2,Threshold 2,3,31,13,3,3,0,0.5,,1,32,0,32,0,0,2,,0.0009305210918114144,,0.014512383900928792,2.0,2.0,0.0,1.0,0.6666666666666666,0.0
stochastic_contradictions,p0.50,p0.50,3,threshold_2,Threshold 2,4,31,13,3,3,0,0.5,,1,32,0,32,0,0,2,,0.0009305210918114144,,0.014512383900928792,2.0,2.0,0.0,1.0,0.6666666666666666,0.0
stochastic_contradictions,p0.50,p0.50,3,threshold_2,Threshold 2,5,31,13,3,3,0,0.5,,1,32,0,32,0,0,2,,0.0009305210918114144,,0.014512383900928792,2.0,2.0,0.0,1.0,0.6666666666666666,0.0
stochastic_contradictions,p0.50,p0.50,3,threshold_2,Threshold 2,6,31,13,3,3,0,0.5,,1,32,0,32,0,0,2,,0.0009305210918114144,,0.014512383900928792,2.0,2.0,0.0,1.0,0.6666666666666666,0.0
stochastic_contradictions,p0.50,p0.50,3,threshold_2,Threshold 2,7,31,13,3,3,0,0.5,,1,32,0,32,0,0,2,,0.0009305210918114144,,0.014512383900928792,2.0,2.0,0.0,1.0,0.6666666666666666,0.0
stochastic_contradictions,p0.50,p0.50,3,threshold_4,Threshold 4,0,31,13,3,3,0,0.5,,1,36,4,36,0,0,1,,0.0009305210918114144,,0.014512383900928792,1.0,1.0,0.0,1.0,0.3333333333333333,0.0
stochastic_contradictions,p0.50,p0.50,3,threshold_4,Threshold 4,1,31,13,3,3,0,0.5,,1,32,0,32,0,0,1,,0.0009305210918114144,,0.014512383900928792,1.0,1.0,0.0,1.0,0.3333333333333333,0.0
stochastic_contradictions,p0.50,p0.50,3,threshold_4,Threshold 4,2,31,13,3,3,0,0.5,,1,33,1,33,0,0,1,,0.0009305210918114144,,0.014512383900928792,1.0,1.0,0.0,1.0,0.3333333333333333,0.0
stochastic_contradictions,p0.50,p0.50,3,threshold_4,Threshold 4,3,31,13,3,3,0,0.5,,1,32,0,32,0,0,1,,0.0009305210918114144,,0.014512383900928792,1.0,1.0,0.0,1.0,0.3333333333333333,0.0
stochastic_contradictions,p0.50,p0.50,3,threshold_4,Threshold 4,4,31,13,3,3,0,0.5,,1,35,3,35,0,0,2,,0.0009305210918114144,,0.014512383900928792,2.0,2.0,0.0,1.0,0.6666666666666666,0.0
stochastic_contradictions,p0.50,p0.50,3,threshold_4,Threshold 4,5,31,13,3,3,0,0.5,,1,32,0,32,0,0,2,,0.0009305210918114144,,0.014512383900928792,2.0,2.0,0.0,1.0,0.6666666666666666,0.0
stochastic_contradictions,p0.50,p0.50,3,threshold_4,Threshold 4,6,31,13,3,3,0,0.5,,1,32,0,32,0,0,2,,0.0009305210918114144,,0.014512383900928792,2.0,2.0,0.0,1.0,0.6666666666666666,0.0
stochastic_contradictions,p0.50,p0.50,3,threshold_4,Threshold 4,7,31,13,3,3,0,0.5,,1,32,0,32,0,0,2,,0.0009305210918114144,,0.014512383900928792,2.0,2.0,0.0,1.0,0.6666666666666666,0.0
stochastic_contradictions,p0.50,p0.50,3,threshold_8,Threshold 8,0,31,13,3,3,0,0.5,,1,33,3,33,0,0,0,,0.0009305210918114144,,0.014512383900928792,0.0,0.0,0.0,1.0,0.0,0.0
stochastic_contradictions,p0.50,p0.50,3,threshold_8,Threshold 8,1,31,13,3,3,0,0.5,,1,38,8,38,0,0,0,,0.0009305210918114144,,0.014512383900928792,0.0,0.0,0.0,1.0,0.0,0.0
stochastic_contradictions,p0.50,p0.50,3,threshold_8,Threshold 8,2,31,13,3,3,0,0.5,,1,30,0,30,0,0,0,,0.0009305210918114144,,0.014512383900928792,0.0,0.0,0.0,1.0,0.0,0.0
stochastic_contradictions,p0.50,p0.50,3,threshold_8,Threshold 8,3,31,13,3,3,0,0.5,,1,31,1,31,0,0,0,,0.0009305210918114144,,0.014512383900928792,0.0,0.0,0.0,1.0,0.0,0.0
stochastic_contradictions,p0.50,p0.50,3,threshold_8,Threshold 8,4,31,13,3,3,0,0.5,,1,31,1,31,0,0,0,,0.0009305210918114144,,0.014512383900928792,0.0,0.0,0.0,1.0,0.0,0.0
stochastic_contradictions,p0.50,p0.50,3,threshold_8,Threshold 8,5,31,13,3,3,0,0.5,,1,32,2,32,0,0,0,,0.0009305210918114144,,0.014512383900928792,0.0,0.0,0.0,1.0,0.0,0.0
stochastic_contradictions,p0.50,p0.50,3,threshold_8,Threshold 8,6,31,13,3,3,0,0.5,,1,32,2,32,0,0,0,,0.0009305210918114144,,0.014512383900928792,0.0,0.0,0.0,1.0,0.0,0.0
stochastic_contradictions,p0.50,p0.50,3,threshold_8,Threshold 8,7,31,13,3,3,0,0.5,,1,36,4,36,0,0,1,,0.0009305210918114144,,0.014512383900928792,1.0,1.0,0.0,1.0,0.3333333333333333,0.0
stochastic_contradictions,p0.50,p0.50,3,ccra_exact_guard,CCRA exact,0,31,13,3,3,0,0.5,,1,33,1,33,0,0,1,,0.0009305210918114144,,0.014512383900928792,1.0,1.0,0.0,1.0,0.3333333333333333,0.0
stochastic_contradictions,p0.50,p0.50,3,ccra_exact_guard,CCRA exact,1,31,13,3,3,0,0.5,,1,32,0,32,0,0,1,,0.0009305210918114144,,0.014512383900928792,1.0,1.0,0.0,1.0,0.3333333333333333,0.0
stochastic_contradictions,p0.50,p0.50,3,ccra_exact_guard,CCRA exact,2,31,13,3,3,0,0.5,,1,32,0,32,0,0,1,,0.0009305210918114144,,0.014512383900928792,1.0,1.0,0.0,1.0,0.3333333333333333,0.0
stochastic_contradictions,p0.50,p0.50,3,ccra_exact_guard,CCRA exact,3,31,13,3,3,0,0.5,,1,33,1,33,0,0,2,,0.0009305210918114144,,0.014512383900928792,2.0,2.0,0.0,1.0,0.6666666666666666,0.0
stochastic_contradictions,p0.50,p0.50,3,ccra_exact_guard,CCRA exact,4,31,13,3,3,0,0.5,,1,32,0,32,0,0,2,,0.0009305210918114144,,0.014512383900928792,2.0,2.0,0.0,1.0,0.6666666666666666,0.0
stochastic_contradictions,p0.50,p0.50,3,ccra_exact_guard,CCRA exact,5,31,13,3,3,0,0.5,,1,32,0,32,0,0,2,,0.0009305210918114144,,0.014512383900928792,2.0,2.0,0.0,1.0,0.6666666666666666,0.0
stochastic_contradictions,p0.50,p0.50,3,ccra_exact_guard,CCRA exact,6,31,13,3,3,0,0.5,,1,32,0,32,0,0,2,,0.0009305210918114144,,0.014512383900928792,2.0,2.0,0.0,1.0,0.6666666666666666,0.0
stochastic_contradictions,p0.50,p0.50,3,ccra_exact_guard,CCRA exact,7,31,13,3,3,0,0.5,,1,32,0,32,0,0,2,,0.0009305210918114144,,0.014512383900928792,2.0,2.0,0.0,1.0,0.6666666666666666,0.0
stochastic_contradictions,p0.50,p0.50,3,uncertainty_cost_avoidance,Cost avoidance,0,31,13,3,3,0,0.5,,1,33,1,33,0,0,1,,0.0009305210918114144,,0.014512383900928792,0.0,0.0,0.0,1.0,0.0,0.0
stochastic_contradictions,p0.50,p0.50,3,uncertainty_cost_avoidance,Cost avoidance,1,31,13,3,3,0,0.5,,1,32,0,32,0,0,1,,0.0009305210918114144,,0.014512383900928792,0.0,0.0,0.0,1.0,0.0,0.0
stochastic_contradictions,p0.50,p0.50,3,uncertainty_cost_avoidance,Cost avoidance,2,31,13,3,3,0,0.5,,1,33,1,33,0,0,2,,0.0009305210918114144,,0.014512383900928792,0.0,0.0,0.0,1.0,0.0,0.0
stochastic_contradictions,p0.50,p0.50,3,uncertainty_cost_avoidance,Cost avoidance,3,31,13,3,3,0,0.5,,1,32,0,32,0,0,2,,0.0009305210918114144,,0.014512383900928792,0.0,0.0,0.0,1.0,0.0,0.0
stochastic_contradictions,p0.50,p0.50,3,uncertainty_cost_avoidance,Cost avoidance,4,31,13,3,3,0,0.5,,1,32,0,32,0,0,2,,0.0009305210918114144,,0.014512383900928792,0.0,0.0,0.0,1.0,0.0,0.0
stochastic_contradictions,p0.50,p0.50,3,uncertainty_cost_avoidance,Cost avoidance,5,31,13,3,3,0,0.5,,1,32,0,32,0,0,2,,0.0009305210918114144,,0.014512383900928792,0.0,0.0,0.0,1.0,0.0,0.0
stochastic_contradictions,p0.50,p0.50,3,uncertainty_cost_avoidance,Cost avoidance,6,31,13,3,3,0,0.5,,1,32,0,32,0,0,2,,0.0009305210918114144,,0.014512383900928792,0.0,0.0,0.0,1.0,0.0,0.0
stochastic_contradictions,p0.50,p0.50,3,uncertainty_cost_avoidance,Cost avoidance,7,31,13,3,3,0,0.5,,1,32,0,32,0,0,2,,0.0009305210918114144,,0.014512383900928792,0.0,0.0,0.0,1.0,0.0,0.0
stochastic_contradictions,p0.50,p0.50,3,oracle_fault_model,Oracle,0,31,13,3,3,0,0.5,,1,32,0,32,0,0,0,,0.0009305210918114144,,0.014512383900928792,3.0,3.0,0.0,1.0,1.0,0.0
stochastic_contradictions,p0.50,p0.50,3,oracle_fault_model,Oracle,1,31,13,3,3,0,0.5,,1,32,0,32,0,0,0,,0.0009305210918114144,,0.014512383900928792,3.0,3.0,0.0,1.0,1.0,0.0
stochastic_contradictions,p0.50,p0.50,3,oracle_fault_model,Oracle,2,31,13,3,3,0,0.5,,1,32,0,32,0,0,0,,0.0009305210918114144,,0.014512383900928792,3.0,3.0,0.0,1.0,1.0,0.0
stochastic_contradictions,p0.50,p0.50,3,oracle_fault_model,Oracle,3,31,13,3,3,0,0.5,,1,32,0,32,0,0,0,,0.0009305210918114144,,0.014512383900928792,3.0,3.0,0.0,1.0,1.0,0.0
stochastic_contradictions,p0.50,p0.50,3,oracle_fault_model,Oracle,4,31,13,3,3,0,0.5,,1,32,0,32,0,0,0,,0.0009305210918114144,,0.014512383900928792,3.0,3.0,0.0,1.0,1.0,0.0
stochastic_contradictions,p0.50,p0.50,3,oracle_fault_model,Oracle,5,31,13,3,3,0,0.5,,1,32,0,32,0,0,0,,0.0009305210918114144,,0.014512383900928792,3.0,3.0,0.0,1.0,1.0,0.0
stochastic_contradictions,p0.50,p0.50,3,oracle_fault_model,Oracle,6,31,13,3,3,0,0.5,,1,32,0,32,0,0,0,,0.0009305210918114144,,0.014512383900928792,3.0,3.0,0.0,1.0,1.0,0.0
stochastic_contradictions,p0.50,p0.50,3,oracle_fault_model,Oracle,7,31,13,3,3,0,0.5,,1,32,0,32,0,0,0,,0.0009305210918114144,,0.014512383900928792,3.0,3.0,0.0,1.0,1.0,0.0
stochastic_contradictions,p0.50,p0.50,4,nominal_no_repair,Nominal,0,31,13,3,3,0,0.5,,0,220,201,20,0,1,0,,0.0009305210918114144,,0.014512383900928792,0.0,0.0,0.0,1.0,0.0,0.0
stochastic_contradictions,p0.50,p0.50,4,nominal_no_repair,Nominal,1,31,13,3,3,0,0.5,,0,220,201,20,0,1,0,,0.0009305210918114144,,0.014512383900928792,0.0,0.0,0.0,1.0,0.0,0.0
stochastic_contradictions,p0.50,p0.50,4,nominal_no_repair,Nominal,2,31,13,3,3,0,0.5,,0,220,200,21,0,1,0,,0.0009305210918114144,,0.014512383900928792,0.0,0.0,0.0,1.0,0.0,0.0
stochastic_contradictions,p0.50,p0.50,4,nominal_no_repair,Nominal,3,31,13,3,3,0,0.5,,0,220,216,5,0,1,0,,0.0009305210918114144,,0.014512383900928792,0.0,0.0,0.0,1.0,0.0,0.0
stochastic_contradictions,p0.50,p0.50,4,nominal_no_repair,Nominal,4,31,13,3,3,0,0.5,,0,220,216,5,0,1,0,,0.0009305210918114144,,0.014512383900928792,0.0,0.0,0.0,1.0,0.0,0.0
stochastic_contradictions,p0.50,p0.50,4,nominal_no_repair,Nominal,5,31,13,3,3,0,0.5,,1,30,0,30,0,0,0,,0.0009305210918114144,,0.014512383900928792,0.0,0.0,0.0,1.0,0.0,0.0
stochastic_contradictions,p0.50,p0.50,4,nominal_no_repair,Nominal,6,31,13,3,3,0,0.5,,0,220,216,5,0,1,0,,0.0009305210918114144,,0.014512383900928792,0.0,0.0,0.0,1.0,0.0,0.0
stochastic_contradictions,p0.50,p0.50,4,nominal_no_repair,Nominal,7,31,13,3,3,0,0.5,,0,220,216,5,0,1,0,,0.0009305210918114144,,0.014512383900928792,0.0,0.0,0.0,1.0,0.0,0.0
stochastic_contradictions,p0.50,p0.50,4,threshold_2,Threshold 2,0,31,13,3,3,0,0.5,,1,30,0,30,0,0,0,,0.0009305210918114144,,0.014512383900928792,0.0,0.0,0.0,1.0,0.0,0.0
stochastic_contradictions,p0.50,p0.50,4,threshold_2,Threshold 2,1,31,13,3,3,0,0.5,,1,34,2,34,0,0,1,,0.0009305210918114144,,0.014512383900928792,1.0,1.0,0.0,1.0,0.3333333333333333,0.0
stochastic_contradictions,p0.50,p0.50,4,threshold_2,Threshold 2,2,31,13,3,3,0,0.5,,1,32,0,32,0,0,1,,0.0009305210918114144,,0.014512383900928792,1.0,1.0,0.0,1.0,0.3333333333333333,0.0
stochastic_contradictions,p0.50,p0.50,4,threshold_2,Threshold 2,3,31,13,3,3,0,0.5,,1,32,0,32,0,0,1,,0.0009305210918114144,,0.014512383900928792,1.0,1.0,0.0,1.0,0.3333333333333333,0.0
stochastic_contradictions,p0.50,p0.50,4,threshold_2,Threshold 2,4,31,13,3,3,0,0.5,,1,32,0,32,0,0,1,,0.0009305210918114144,,0.014512383900928792,1.0,1.0,0.0,1.0,0.3333333333333333,0.0
stochastic_contradictions,p0.50,p0.50,4,threshold_2,Threshold 2,5,31,13,3,3,0,0.5,,1,32,0,32,0,0,1,,0.0009305210918114144,,0.014512383900928792,1.0,1.0,0.0,1.0,0.3333333333333333,0.0
stochastic_contradictions,p0.50,p0.50,4,threshold_2,Threshold 2,6,31,13,3,3,0,0.5,,1,32,0,32,0,0,1,,0.0009305210918114144,,0.014512383900928792,1.0,1.0,0.0,1.0,0.3333333333333333,0.0
stochastic_contradictions,p0.50,p0.50,4,threshold_2,Threshold 2,7,31,13,3,3,0,0.5,,1,32,0,32,0,0,1,,0.0009305210918114144,,0.014512383900928792,1.0,1.0,0.0,1.0,0.3333333333333333,0.0
stochastic_contradictions,p0.50,p0.50,4,threshold_4,Threshold 4,0,31,13,3,3,0,0.5,,1,38,6,38,0,0,1,,0.0009305210918114144,,0.014512383900928792,1.0,1.0,0.0,1.0,0.3333333333333333,0.0
stochastic_contradictions,p0.50,p0.50,4,threshold_4,Threshold 4,1,31,13,3,3,0,0.5,,1,36,4,36,0,0,2,,0.0009305210918114144,,0.014512383900928792,2.0,2.0,0.0,1.0,0.6666666666666666,0.0
stochastic_contradictions,p0.50,p0.50,4,threshold_4,Threshold 4,2,31,13,3,3,0,0.5,,1,34,2,34,0,0,3,,0.0009305210918114144,,0.014512383900928792,3.0,3.0,0.0,1.0,1.0,0.0
stochastic_contradictions,p0.50,p0.50,4,threshold_4,Threshold 4,3,31,13,3,3,0,0.5,,1,32,0,32,0,0,3,,0.0009305210918114144,,0.014512383900928792,3.0,3.0,0.0,1.0,1.0,0.0
stochastic_contradictions,p0.50,p0.50,4,threshold_4,Threshold 4,4,31,13,3,3,0,0.5,,1,32,0,32,0,0,3,,0.0009305210918114144,,0.014512383900928792,3.0,3.0,0.0,1.0,1.0,0.0
stochastic_contradictions,p0.50,p0.50,4,threshold_4,Threshold 4,5,31,13,3,3,0,0.5,,1,32,0,32,0,0,3,,0.0009305210918114144,,0.014512383900928792,3.0,3.0,0.0,1.0,1.0,0.0
stochastic_contradictions,p0.50,p0.50,4,threshold_4,Threshold 4,6,31,13,3,3,0,0.5,,1,32,0,32,0,0,3,,0.0009305210918114144,,0.014512383900928792,3.0,3.0,0.0,1.0,1.0,0.0
stochastic_contradictions,p0.50,p0.50,4,threshold_4,Threshold 4,7,31,13,3,3,0,0.5,,1,32,0,32,0,0,3,,0.0009305210918114144,,0.014512383900928792,3.0,3.0,0.0,1.0,1.0,0.0
stochastic_contradictions,p0.50,p0.50,4,threshold_8,Threshold 8,0,31,13,3,3,0,0.5,,1,33,3,33,0,0,0,,0.0009305210918114144,,0.014512383900928792,0.0,0.0,0.0,1.0,0.0,0.0
stochastic_contradictions,p0.50,p0.50,4,threshold_8,Threshold 8,1,31,13,3,3,0,0.5,,1,30,0,30,0,0,0,,0.0009305210918114144,,0.014512383900928792,0.0,0.0,0.0,1.0,0.0,0.0
stochastic_contradictions,p0.50,p0.50,4,threshold_8,Threshold 8,2,31,13,3,3,0,0.5,,1,31,1,31,0,0,0,,0.0009305210918114144,,0.014512383900928792,0.0,0.0,0.0,1.0,0.0,0.0
stochastic_contradictions,p0.50,p0.50,4,threshold_8,Threshold 8,3,31,13,3,3,0,0.5,,1,31,1,31,0,0,0,,0.0009305210918114144,,0.014512383900928792,0.0,0.0,0.0,1.0,0.0,0.0
stochastic_contradictions,p0.50,p0.50,4,threshold_8,Threshold 8,4,31,13,3,3,0,0.5,,1,34,4,34,0,0,0,,0.0009305210918114144,,0.014512383900928792,0.0,0.0,0.0,1.0,0.0,0.0
stochastic_contradictions,p0.50,p0.50,4,threshold_8,Threshold 8,5,31,13,3,3,0,0.5,,1,33,3,33,0,0,0,,0.0009305210918114144,,0.014512383900928792,0.0,0.0,0.0,1.0,0.0,0.0
stochastic_contradictions,p0.50,p0.50,4,threshold_8,Threshold 8,6,31,13,3,3,0,0.5,,1,40,8,40,0,0,1,,0.0009305210918114144,,0.014512383900928792,1.0,1.0,0.0,1.0,0.3333333333333333,0.0
stochastic_contradictions,p0.50,p0.50,4,threshold_8,Threshold 8,7,31,13,3,3,0,0.5,,1,32,0,32,0,0,1,,0.0009305210918114144,,0.014512383900928792,1.0,1.0,0.0,1.0,0.3333333333333333,0.0
stochastic_contradictions,p0.50,p0.50,4,ccra_exact_guard,CCRA exact,0,31,13,3,3,0,0.5,,1,33,1,33,0,0,1,,0.0009305210918114144,,0.014512383900928792,1.0,1.0,0.0,1.0,0.3333333333333333,0.0
stochastic_contradictions,p0.50,p0.50,4,ccra_exact_guard,CCRA exact,1,31,13,3,3,0,0.5,,1,32,0,32,0,0,1,,0.0009305210918114144,,0.014512383900928792,1.0,1.0,0.0,1.0,0.3333333333333333,0.0
stochastic_contradictions,p0.50,p0.50,4,ccra_exact_guard,CCRA exact,2,31,13,3,3,0,0.5,,1,32,0,32,0,0,1,,0.0009305210918114144,,0.014512383900928792,1.0,1.0,0.0,1.0,0.3333333333333333,0.0
stochastic_contradictions,p0.50,p0.50,4,ccra_exact_guard,CCRA exact,3,31,13,3,3,0,0.5,,1,32,0,32,0,0,1,,0.0009305210918114144,,0.014512383900928792,1.0,1.0,0.0,1.0,0.3333333333333333,0.0
stochastic_contradictions,p0.50,p0.50,4,ccra_exact_guard,CCRA exact,4,31,13,3,3,0,0.5,,1,32,0,32,0,0,1,,0.0009305210918114144,,0.014512383900928792,1.0,1.0,0.0,1.0,0.3333333333333333,0.0
stochastic_contradictions,p0.50,p0.50,4,ccra_exact_guard,CCRA exact,5,31,13,3,3,0,0.5,,1,32,0,32,0,0,1,,0.0009305210918114144,,0.014512383900928792,1.0,1.0,0.0,1.0,0.3333333333333333,0.0
stochastic_contradictions,p0.50,p0.50,4,ccra_exact_guard,CCRA exact,6,31,13,3,3,0,0.5,,1,32,0,32,0,0,1,,0.0009305210918114144,,0.014512383900928792,1.0,1.0,0.0,1.0,0.3333333333333333,0.0
stochastic_contradictions,p0.50,p0.50,4,ccra_exact_guard,CCRA exact,7,31,13,3,3,0,0.5,,1,32,0,32,0,0,1,,0.0009305210918114144,,0.014512383900928792,1.0,1.0,0.0,1.0,0.3333333333333333,0.0
stochastic_contradictions,p0.50,p0.50,4,uncertainty_cost_avoidance,Cost avoidance,0,31,13,3,3,0,0.5,,1,33,1,33,0,0,1,,0.0009305210918114144,,0.014512383900928792,0.0,0.0,0.0,1.0,0.0,0.0
stochastic_contradictions,p0.50,p0.50,4,uncertainty_cost_avoidance,Cost avoidance,1,31,13,3,3,0,0.5,,1,33,1,33,0,0,2,,0.0009305210918114144,,0.014512383900928792,0.0,0.0,0.0,1.0,0.0,0.0
stochastic_contradictions,p0.50,p0.50,4,uncertainty_cost_avoidance,Cost avoidance,2,31,13,3,3,0,0.5,,1,32,0,32,0,0,2,,0.0009305210918114144,,0.014512383900928792,0.0,0.0,0.0,1.0,0.0,0.0
stochastic_contradictions,p0.50,p0.50,4,uncertainty_cost_avoidance,Cost avoidance,3,31,13,3,3,0,0.5,,1,32,0,32,0,0,2,,0.0009305210918114144,,0.014512383900928792,0.0,0.0,0.0,1.0,0.0,0.0
stochastic_contradictions,p0.50,p0.50,4,uncertainty_cost_avoidance,Cost avoidance,4,31,13,3,3,0,0.5,,1,32,0,32,0,0,2,,0.0009305210918114144,,0.014512383900928792,0.0,0.0,0.0,1.0,0.0,0.0
stochastic_contradictions,p0.50,p0.50,4,uncertainty_cost_avoidance,Cost avoidance,5,31,13,3,3,0,0.5,,1,32,0,32,0,0,2,,0.0009305210918114144,,0.014512383900928792,0.0,0.0,0.0,1.0,0.0,0.0
stochastic_contradictions,p0.50,p0.50,4,uncertainty_cost_avoidance,Cost avoidance,6,31,13,3,3,0,0.5,,1,32,0,32,0,0,2,,0.0009305210918114144,,0.014512383900928792,0.0,0.0,0.0,1.0,0.0,0.0
stochastic_contradictions,p0.50,p0.50,4,uncertainty_cost_avoidance,Cost avoidance,7,31,13,3,3,0,0.5,,1,32,0,32,0,0,2,,0.0009305210918114144,,0.014512383900928792,0.0,0.0,0.0,1.0,0.0,0.0
stochastic_contradictions,p0.50,p0.50,4,oracle_fault_model,Oracle,0,31,13,3,3,0,0.5,,1,32,0,32,0,0,0,,0.0009305210918114144,,0.014512383900928792,3.0,3.0,0.0,1.0,1.0,0.0
stochastic_contradictions,p0.50,p0.50,4,oracle_fault_model,Oracle,1,31,13,3,3,0,0.5,,1,32,0,32,0,0,0,,0.0009305210918114144,,0.014512383900928792,3.0,3.0,0.0,1.0,1.0,0.0
stochastic_contradictions,p0.50,p0.50,4,oracle_fault_model,Oracle,2,31,13,3,3,0,0.5,,1,32,0,32,0,0,0,,0.0009305210918114144,,0.014512383900928792,3.0,3.0,0.0,1.0,1.0,0.0
stochastic_contradictions,p0.50,p0.50,4,oracle_fault_model,Oracle,3,31,13,3,3,0,0.5,,1,32,0,32,0,0,0,,0.0009305210918114144,,0.014512383900928792,3.0,3.0,0.0,1.0,1.0,0.0
stochastic_contradictions,p0.50,p0.50,4,oracle_fault_model,Oracle,4,31,13,3,3,0,0.5,,1,32,0,32,0,0,0,,0.0009305210918114144,,0.014512383900928792,3.0,3.0,0.0,1.0,1.0,0.0
stochastic_contradictions,p0.50,p0.50,4,oracle_fault_model,Oracle,5,31,13,3,3,0,0.5,,1,32,0,32,0,0,0,,0.0009305210918114144,,0.014512383900928792,3.0,3.0,0.0,1.0,1.0,0.0
stochastic_contradictions,p0.50,p0.50,4,oracle_fault_model,Oracle,6,31,13,3,3,0,0.5,,1,32,0,32,0,0,0,,0.0009305210918114144,,0.014512383900928792,3.0,3.0,0.0,1.0,1.0,0.0
stochastic_contradictions,p0.50,p0.50,4,oracle_fault_model,Oracle,7,31,13,3,3,0,0.5,,1,32,0,32,0,0,0,,0.0009305210918114144,,0.014512383900928792,3.0,3.0,0.0,1.0,1.0,0.0
stochastic_contradictions,p0.50,p0.50,5,nominal_no_repair,Nominal,0,31,13,3,3,0,0.5,,0,220,216,5,0,1,0,,0.0009305210918114144,,0.014512383900928792,0.0,0.0,0.0,1.0,0.0,0.0
stochastic_contradictions,p0.50,p0.50,5,nominal_no_repair,Nominal,1,31,13,3,3,0,0.5,,1,30,0,30,0,0,0,,0.0009305210918114144,,0.014512383900928792,0.0,0.0,0.0,1.0,0.0,0.0
stochastic_contradictions,p0.50,p0.50,5,nominal_no_repair,Nominal,2,31,13,3,3,0,0.5,,1,30,0,30,0,0,0,,0.0009305210918114144,,0.014512383900928792,0.0,0.0,0.0,1.0,0.0,0.0
stochastic_contradictions,p0.50,p0.50,5,nominal_no_repair,Nominal,3,31,13,3,3,0,0.5,,0,220,216,5,0,1,0,,0.0009305210918114144,,0.014512383900928792,0.0,0.0,0.0,1.0,0.0,0.0
stochastic_contradictions,p0.50,p0.50,5,nominal_no_repair,Nominal,4,31,13,3,3,0,0.5,,1,30,0,30,0,0,0,,0.0009305210918114144,,0.014512383900928792,0.0,0.0,0.0,1.0,0.0,0.0
stochastic_contradictions,p0.50,p0.50,5,nominal_no_repair,Nominal,5,31,13,3,3,0,0.5,,0,220,205,16,0,1,0,,0.0009305210918114144,,0.014512383900928792,0.0,0.0,0.0,1.0,0.0,0.0
stochastic_contradictions,p0.50,p0.50,5,nominal_no_repair,Nominal,6,31,13,3,3,0,0.5,,0,220,196,25,0,1,0,,0.0009305210918114144,,0.014512383900928792,0.0,0.0,0.0,1.0,0.0,0.0
stochastic_contradictions,p0.50,p0.50,5,nominal_no_repair,Nominal,7,31,13,3,3,0,0.5,,0,220,216,5,0,1,0,,0.0009305210918114144,,0.014512383900928792,0.0,0.0,0.0,1.0,0.0,0.0
stochastic_contradictions,p0.50,p0.50,5,threshold_2,Threshold 2,0,31,13,3,3,0,0.5,,1,34,2,34,0,0,1,,0.0009305210918114144,,0.014512383900928792,1.0,1.0,0.0,1.0,0.3333333333333333,0.0
stochastic_contradictions,p0.50,p0.50,5,threshold_2,Threshold 2,1,31,13,3,3,0,0.5,,1,32,0,32,0,0,1,,0.0009305210918114144,,0.014512383900928792,1.0,1.0,0.0,1.0,0.3333333333333333,0.0
stochastic_contradictions,p0.50,p0.50,5,threshold_2,Threshold 2,2,31,13,3,3,0,0.5,,1,32,0,32,0,0,1,,0.0009305210918114144,,0.014512383900928792,1.0,1.0,0.0,1.0,0.3333333333333333,0.0
stochastic_contradictions,p0.50,p0.50,5,threshold_2,Threshold 2,3,31,13,3,3,0,0.5,,1,32,0,32,0,0,1,,0.0009305210918114144,,0.014512383900928792,1.0,1.0,0.0,1.0,0.3333333333333333,0.0
stochastic_contradictions,p0.50,p0.50,5,threshold_2,Threshold 2,4,31,13,3,3,0,0.5,,1,32,0,32,0,0,1,,0.0009305210918114144,,0.014512383900928792,1.0,1.0,0.0,1.0,0.3333333333333333,0.0
stochastic_contradictions,p0.50,p0.50,5,threshold_2,Threshold 2,5,31,13,3,3,0,0.5,,1,32,0,32,0,0,1,,0.0009305210918114144,,0.014512383900928792,1.0,1.0,0.0,1.0,0.3333333333333333,0.0
stochastic_contradictions,p0.50,p0.50,5,threshold_2,Threshold 2,6,31,13,3,3,0,0.5,,1,32,0,32,0,0,1,,0.0009305210918114144,,0.014512383900928792,1.0,1.0,0.0,1.0,0.3333333333333333,0.0
stochastic_contradictions,p0.50,p0.50,5,threshold_2,Threshold 2,7,31,13,3,3,0,0.5,,1,32,0,32,0,0,1,,0.0009305210918114144,,0.014512383900928792,1.0,1.0,0.0,1.0,0.3333333333333333,0.0
stochastic_contradictions,p0.50,p0.50,5,threshold_4,Threshold 4,0,31,13,3,3,0,0.5,,1,32,2,32,0,0,0,,0.0009305210918114144,,0.014512383900928792,0.0,0.0,0.0,1.0,0.0,0.0
stochastic_contradictions,p0.50,p0.50,5,threshold_4,Threshold 4,1,31,13,3,3,0,0.5,,1,35,3,35,0,0,1,,0.0009305210918114144,,0.014512383900928792,1.0,1.0,0.0,1.0,0.3333333333333333,0.0
stochastic_contradictions,p0.50,p0.50,5,threshold_4,Threshold 4,2,31,13,3,3,0,0.5,,1,32,0,32,0,0,1,,0.0009305210918114144,,0.014512383900928792,1.0,1.0,0.0,1.0,0.3333333333333333,0.0
stochastic_contradictions,p0.50,p0.50,5,threshold_4,Threshold 4,3,31,13,3,3,0,0.5,,1,32,0,32,0,0,1,,0.0009305210918114144,,0.014512383900928792,1.0,1.0,0.0,1.0,0.3333333333333333,0.0
stochastic_contradictions,p0.50,p0.50,5,threshold_4,Threshold 4,4,31,13,3,3,0,0.5,,1,32,0,32,0,0,1,,0.0009305210918114144,,0.014512383900928792,1.0,1.0,0.0,1.0,0.3333333333333333,0.0
stochastic_contradictions,p0.50,p0.50,5,threshold_4,Threshold 4,5,31,13,3,3,0,0.5,,1,32,0,32,0,0,1,,0.0009305210918114144,,0.014512383900928792,1.0,1.0,0.0,1.0,0.3333333333333333,0.0
stochastic_contradictions,p0.50,p0.50,5,threshold_4,Threshold 4,6,31,13,3,3,0,0.5,,1,32,0,32,0,0,1,,0.0009305210918114144,,0.014512383900928792,1.0,1.0,0.0,1.0,0.3333333333333333,0.0
stochastic_contradictions,p0.50,p0.50,5,threshold_4,Threshold 4,7,31,13,3,3,0,0.5,,1,32,0,32,0,0,1,,0.0009305210918114144,,0.014512383900928792,1.0,1.0,0.0,1.0,0.3333333333333333,0.0
stochastic_contradictions,p0.50,p0.50,5,threshold_8,Threshold 8,0,31,13,3,3,0,0.5,,1,35,5,35,0,0,0,,0.0009305210918114144,,0.014512383900928792,0.0,0.0,0.0,1.0,0.0,0.0
stochastic_contradictions,p0.50,p0.50,5,threshold_8,Threshold 8,1,31,13,3,3,0,0.5,,1,33,3,33,0,0,0,,0.0009305210918114144,,0.014512383900928792,0.0,0.0,0.0,1.0,0.0,0.0
stochastic_contradictions,p0.50,p0.50,5,threshold_8,Threshold 8,2,31,13,3,3,0,0.5,,1,31,1,31,0,0,0,,0.0009305210918114144,,0.014512383900928792,0.0,0.0,0.0,1.0,0.0,0.0
stochastic_contradictions,p0.50,p0.50,5,threshold_8,Threshold 8,3,31,13,3,3,0,0.5,,1,34,4,34,0,0,0,,0.0009305210918114144,,0.014512383900928792,0.0,0.0,0.0,1.0,0.0,0.0
stochastic_contradictions,p0.50,p0.50,5,threshold_8,Threshold 8,4,31,13,3,3,0,0.5,,1,33,3,33,0,0,0,,0.0009305210918114144,,0.014512383900928792,0.0,0.0,0.0,1.0,0.0,0.0
stochastic_contradictions,p0.50,p0.50,5,threshold_8,Threshold 8,5,31,13,3,3,0,0.5,,1,32,2,32,0,0,0,,0.0009305210918114144,,0.014512383900928792,0.0,0.0,0.0,1.0,0.0,0.0
stochastic_contradictions,p0.50,p0.50,5,threshold_8,Threshold 8,6,31,13,3,3,0,0.5,,1,31,1,31,0,0,0,,0.0009305210918114144,,0.014512383900928792,0.0,0.0,0.0,1.0,0.0,0.0
stochastic_contradictions,p0.50,p0.50,5,threshold_8,Threshold 8,7,31,13,3,3,0,0.5,,1,33,1,33,0,0,1,,0.0009305210918114144,,0.014512383900928792,1.0,1.0,0.0,1.0,0.3333333333333333,0.0
stochastic_contradictions,p0.50,p0.50,5,ccra_exact_guard,CCRA exact,0,31,13,3,3,0,0.5,,1,33,1,33,0,0,1,,0.0009305210918114144,,0.014512383900928792,1.0,1.0,0.0,1.0,0.3333333333333333,0.0
stochastic_contradictions,p0.50,p0.50,5,ccra_exact_guard,CCRA exact,1,31,13,3,3,0,0.5,,1,32,0,32,0,0,1,,0.0009305210918114144,,0.014512383900928792,1.0,1.0,0.0,1.0,0.3333333333333333,0.0
stochastic_contradictions,p0.50,p0.50,5,ccra_exact_guard,CCRA exact,2,31,13,3,3,0,0.5,,1,32,0,32,0,0,1,,0.0009305210918114144,,0.014512383900928792,1.0,1.0,0.0,1.0,0.3333333333333333,0.0
stochastic_contradictions,p0.50,p0.50,5,ccra_exact_guard,CCRA exact,3,31,13,3,3,0,0.5,,1,33,1,33,0,0,2,,0.0009305210918114144,,0.014512383900928792,2.0,2.0,0.0,1.0,0.6666666666666666,0.0
stochastic_contradictions,p0.50,p0.50,5,ccra_exact_guard,CCRA exact,4,31,13,3,3,0,0.5,,1,32,0,32,0,0,2,,0.0009305210918114144,,0.014512383900928792,2.0,2.0,0.0,1.0,0.6666666666666666,0.0
stochastic_contradictions,p0.50,p0.50,5,ccra_exact_guard,CCRA exact,5,31,13,3,3,0,0.5,,1,32,0,32,0,0,2,,0.0009305210918114144,,0.014512383900928792,2.0,2.0,0.0,1.0,0.6666666666666666,0.0
stochastic_contradictions,p0.50,p0.50,5,ccra_exact_guard,CCRA exact,6,31,13,3,3,0,0.5,,1,32,0,32,0,0,2,,0.0009305210918114144,,0.014512383900928792,2.0,2.0,0.0,1.0,0.6666666666666666,0.0
stochastic_contradictions,p0.50,p0.50,5,ccra_exact_guard,CCRA exact,7,31,13,3,3,0,0.5,,1,32,0,32,0,0,2,,0.0009305210918114144,,0.014512383900928792,2.0,2.0,0.0,1.0,0.6666666666666666,0.0
stochastic_contradictions,p0.50,p0.50,5,uncertainty_cost_avoidance,Cost avoidance,0,31,13,3,3,0,0.5,,1,33,1,33,0,0,1,,0.0009305210918114144,,0.014512383900928792,0.0,0.0,0.0,1.0,0.0,0.0
stochastic_contradictions,p0.50,p0.50,5,uncertainty_cost_avoidance,Cost avoidance,1,31,13,3,3,0,0.5,,1,32,0,32,0,0,1,,0.0009305210918114144,,0.014512383900928792,0.0,0.0,0.0,1.0,0.0,0.0
stochastic_contradictions,p0.50,p0.50,5,uncertainty_cost_avoidance,Cost avoidance,2,31,13,3,3,0,0.5,,1,32,0,32,0,0,1,,0.0009305210918114144,,0.014512383900928792,0.0,0.0,0.0,1.0,0.0,0.0
stochastic_contradictions,p0.50,p0.50,5,uncertainty_cost_avoidance,Cost avoidance,3,31,13,3,3,0,0.5,,1,32,0,32,0,0,1,,0.0009305210918114144,,0.014512383900928792,0.0,0.0,0.0,1.0,0.0,0.0
stochastic_contradictions,p0.50,p0.50,5,uncertainty_cost_avoidance,Cost avoidance,4,31,13,3,3,0,0.5,,1,32,0,32,0,0,1,,0.0009305210918114144,,0.014512383900928792,0.0,0.0,0.0,1.0,0.0,0.0
stochastic_contradictions,p0.50,p0.50,5,uncertainty_cost_avoidance,Cost avoidance,5,31,13,3,3,0,0.5,,1,33,1,33,0,0,2,,0.0009305210918114144,,0.014512383900928792,0.0,0.0,0.0,1.0,0.0,0.0
stochastic_contradictions,p0.50,p0.50,5,uncertainty_cost_avoidance,Cost avoidance,6,31,13,3,3,0,0.5,,1,32,0,32,0,0,2,,0.0009305210918114144,,0.014512383900928792,0.0,0.0,0.0,1.0,0.0,0.0
stochastic_contradictions,p0.50,p0.50,5,uncertainty_cost_avoidance,Cost avoidance,7,31,13,3,3,0,0.5,,1,32,0,32,0,0,2,,0.0009305210918114144,,0.014512383900928792,0.0,0.0,0.0,1.0,0.0,0.0
stochastic_contradictions,p0.50,p0.50,5,oracle_fault_model,Oracle,0,31,13,3,3,0,0.5,,1,32,0,32,0,0,0,,0.0009305210918114144,,0.014512383900928792,3.0,3.0,0.0,1.0,1.0,0.0
stochastic_contradictions,p0.50,p0.50,5,oracle_fault_model,Oracle,1,31,13,3,3,0,0.5,,1,32,0,32,0,0,0,,0.0009305210918114144,,0.014512383900928792,3.0,3.0,0.0,1.0,1.0,0.0
stochastic_contradictions,p0.50,p0.50,5,oracle_fault_model,Oracle,2,31,13,3,3,0,0.5,,1,32,0,32,0,0,0,,0.0009305210918114144,,0.014512383900928792,3.0,3.0,0.0,1.0,1.0,0.0
stochastic_contradictions,p0.50,p0.50,5,oracle_fault_model,Oracle,3,31,13,3,3,0,0.5,,1,32,0,32,0,0,0,,0.0009305210918114144,,0.014512383900928792,3.0,3.0,0.0,1.0,1.0,0.0
stochastic_contradictions,p0.50,p0.50,5,oracle_fault_model,Oracle,4,31,13,3,3,0,0.5,,1,32,0,32,0,0,0,,0.0009305210918114144,,0.014512383900928792,3.0,3.0,0.0,1.0,1.0,0.0
stochastic_contradictions,p0.50,p0.50,5,oracle_fault_model,Oracle,5,31,13,3,3,0,0.5,,1,32,0,32,0,0,0,,0.0009305210918114144,,0.014512383900928792,3.0,3.0,0.0,1.0,1.0,0.0
stochastic_contradictions,p0.50,p0.50,5,oracle_fault_model,Oracle,6,31,13,3,3,0,0.5,,1,32,0,32,0,0,0,,0.0009305210918114144,,0.014512383900928792,3.0,3.0,0.0,1.0,1.0,0.0
stochastic_contradictions,p0.50,p0.50,5,oracle_fault_model,Oracle,7,31,13,3,3,0,0.5,,1,32,0,32,0,0,0,,0.0009305210918114144,,0.014512383900928792,3.0,3.0,0.0,1.0,1.0,0.0
stochastic_contradictions,p0.50,p0.50,6,nominal_no_repair,Nominal,0,31,13,3,3,0,0.5,,0,220,216,5,0,1,0,,0.0009305210918114144,,0.014512383900928792,0.0,0.0,0.0,1.0,0.0,0.0
stochastic_contradictions,p0.50,p0.50,6,nominal_no_repair,Nominal,1,31,13,3,3,0,0.5,,0,220,208,13,0,1,0,,0.0009305210918114144,,0.014512383900928792,0.0,0.0,0.0,1.0,0.0,0.0
stochastic_contradictions,p0.50,p0.50,6,nominal_no_repair,Nominal,2,31,13,3,3,0,0.5,,0,220,201,20,0,1,0,,0.0009305210918114144,,0.014512383900928792,0.0,0.0,0.0,1.0,0.0,0.0
stochastic_contradictions,p0.50,p0.50,6,nominal_no_repair,Nominal,3,31,13,3,3,0,0.5,,1,30,0,30,0,0,0,,0.0009305210918114144,,0.014512383900928792,0.0,0.0,0.0,1.0,0.0,0.0
stochastic_contradictions,p0.50,p0.50,6,nominal_no_repair,Nominal,4,31,13,3,3,0,0.5,,0,220,201,20,0,1,0,,0.0009305210918114144,,0.014512383900928792,0.0,0.0,0.0,1.0,0.0,0.0
stochastic_contradictions,p0.50,p0.50,6,nominal_no_repair,Nominal,5,31,13,3,3,0,0.5,,0,220,216,5,0,1,0,,0.0009305210918114144,,0.014512383900928792,0.0,0.0,0.0,1.0,0.0,0.0
stochastic_contradictions,p0.50,p0.50,6,nominal_no_repair,Nominal,6,31,13,3,3,0,0.5,,0,220,208,13,0,1,0,,0.0009305210918114144,,0.014512383900928792,0.0,0.0,0.0,1.0,0.0,0.0
stochastic_contradictions,p0.50,p0.50,6,nominal_no_repair,Nominal,7,31,13,3,3,0,0.5,,0,220,216,5,0,1,0,,0.0009305210918114144,,0.014512383900928792,0.0,0.0,0.0,1.0,0.0,0.0
stochastic_contradictions,p0.50,p0.50,6,threshold_2,Threshold 2,0,31,13,3,3,0,0.5,,1,34,2,34,0,0,1,,0.0009305210918114144,,0.014512383900928792,1.0,1.0,0.0,1.0,0.3333333333333333,0.0
stochastic_contradictions,p0.50,p0.50,6,threshold_2,Threshold 2,1,31,13,3,3,0,0.5,,1,32,0,32,0,0,1,,0.0009305210918114144,,0.014512383900928792,1.0,1.0,0.0,1.0,0.3333333333333333,0.0
stochastic_contradictions,p0.50,p0.50,6,threshold_2,Threshold 2,2,31,13,3,3,0,0.5,,1,32,0,32,0,0,1,,0.0009305210918114144,,0.014512383900928792,1.0,1.0,0.0,1.0,0.3333333333333333,0.0
stochastic_contradictions,p0.50,p0.50,6,threshold_2,Threshold 2,3,31,13,3,3,0,0.5,,1,32,0,32,0,0,1,,0.0009305210918114144,,0.014512383900928792,1.0,1.0,0.0,1.0,0.3333333333333333,0.0
stochastic_contradictions,p0.50,p0.50,6,threshold_2,Threshold 2,4,31,13,3,3,0,0.5,,1,32,0,32,0,0,1,,0.0009305210918114144,,0.014512383900928792,1.0,1.0,0.0,1.0,0.3333333333333333,0.0
stochastic_contradictions,p0.50,p0.50,6,threshold_2,Threshold 2,5,31,13,3,3,0,0.5,,1,32,0,32,0,0,1,,0.0009305210918114144,,0.014512383900928792,1.0,1.0,0.0,1.0,0.3333333333333333,0.0
stochastic_contradictions,p0.50,p0.50,6,threshold_2,Threshold 2,6,31,13,3,3,0,0.5,,1,32,0,32,0,0,1,,0.0009305210918114144,,0.014512383900928792,1.0,1.0,0.0,1.0,0.3333333333333333,0.0
stochastic_contradictions,p0.50,p0.50,6,threshold_2,Threshold 2,7,31,13,3,3,0,0.5,,1,32,0,32,0,0,1,,0.0009305210918114144,,0.014512383900928792,1.0,1.0,0.0,1.0,0.3333333333333333,0.0
stochastic_contradictions,p0.50,p0.50,6,threshold_4,Threshold 4,0,31,13,3,3,0,0.5,,1,30,0,30,0,0,0,,0.0009305210918114144,,0.014512383900928792,0.0,0.0,0.0,1.0,0.0,0.0
stochastic_contradictions,p0.50,p0.50,6,threshold_4,Threshold 4,1,31,13,3,3,0,0.5,,1,35,5,35,0,0,0,,0.0009305210918114144,,0.014512383900928792,0.0,0.0,0.0,1.0,0.0,0.0
stochastic_contradictions,p0.50,p0.50,6,threshold_4,Threshold 4,2,31,13,3,3,0,0.5,,1,33,1,33,0,0,1,,0.0009305210918114144,,0.014512383900928792,1.0,1.0,0.0,1.0,0.3333333333333333,0.0
stochastic_contradictions,p0.50,p0.50,6,threshold_4,Threshold 4,3,31,13,3,3,0,0.5,,1,33,1,33,0,0,1,,0.0009305210918114144,,0.014512383900928792,1.0,1.0,0.0,1.0,0.3333333333333333,0.0
stochastic_contradictions,p0.50,p0.50,6,threshold_4,Threshold 4,4,31,13,3,3,0,0.5,,1,34,2,34,0,0,1,,0.0009305210918114144,,0.014512383900928792,1.0,1.0,0.0,1.0,0.3333333333333333,0.0
stochastic_contradictions,p0.50,p0.50,6,threshold_4,Threshold 4,5,31,13,3,3,0,0.5,,1,33,1,33,0,0,2,,0.0009305210918114144,,0.014512383900928792,2.0,2.0,0.0,1.0,0.6666666666666666,0.0
stochastic_contradictions,p0.50,p0.50,6,threshold_4,Threshold 4,6,31,13,3,3,0,0.5,,1,32,0,32,0,0,2,,0.0009305210918114144,,0.014512383900928792,2.0,2.0,0.0,1.0,0.6666666666666666,0.0
stochastic_contradictions,p0.50,p0.50,6,threshold_4,Threshold 4,7,31,13,3,3,0,0.5,,1,32,0,32,0,0,2,,0.0009305210918114144,,0.014512383900928792,2.0,2.0,0.0,1.0,0.6666666666666666,0.0
stochastic_contradictions,p0.50,p0.50,6,threshold_8,Threshold 8,0,31,13,3,3,0,0.5,,1,33,3,33,0,0,0,,0.0009305210918114144,,0.014512383900928792,0.0,0.0,0.0,1.0,0.0,0.0
stochastic_contradictions,p0.50,p0.50,6,threshold_8,Threshold 8,1,31,13,3,3,0,0.5,,1,32,2,32,0,0,0,,0.0009305210918114144,,0.014512383900928792,0.0,0.0,0.0,1.0,0.0,0.0
stochastic_contradictions,p0.50,p0.50,6,threshold_8,Threshold 8,2,31,13,3,3,0,0.5,,1,33,3,33,0,0,0,,0.0009305210918114144,,0.014512383900928792,0.0,0.0,0.0,1.0,0.0,0.0
stochastic_contradictions,p0.50,p0.50,6,threshold_8,Threshold 8,3,31,13,3,3,0,0.5,,1,34,2,34,0,0,1,,0.0009305210918114144,,0.014512383900928792,1.0,1.0,0.0,1.0,0.3333333333333333,0.0
stochastic_contradictions,p0.50,p0.50,6,threshold_8,Threshold 8,4,31,13,3,3,0,0.5,,1,32,0,32,0,0,1,,0.0009305210918114144,,0.014512383900928792,1.0,1.0,0.0,1.0,0.3333333333333333,0.0
stochastic_contradictions,p0.50,p0.50,6,threshold_8,Threshold 8,5,31,13,3,3,0,0.5,,1,32,0,32,0,0,1,,0.0009305210918114144,,0.014512383900928792,1.0,1.0,0.0,1.0,0.3333333333333333,0.0
stochastic_contradictions,p0.50,p0.50,6,threshold_8,Threshold 8,6,31,13,3,3,0,0.5,,1,32,0,32,0,0,1,,0.0009305210918114144,,0.014512383900928792,1.0,1.0,0.0,1.0,0.3333333333333333,0.0
stochastic_contradictions,p0.50,p0.50,6,threshold_8,Threshold 8,7,31,13,3,3,0,0.5,,1,32,0,32,0,0,1,,0.0009305210918114144,,0.014512383900928792,1.0,1.0,0.0,1.0,0.3333333333333333,0.0
stochastic_contradictions,p0.50,p0.50,6,ccra_exact_guard,CCRA exact,0,31,13,3,3,0,0.5,,1,33,1,33,0,0,1,,0.0009305210918114144,,0.014512383900928792,1.0,1.0,0.0,1.0,0.3333333333333333,0.0
stochastic_contradictions,p0.50,p0.50,6,ccra_exact_guard,CCRA exact,1,31,13,3,3,0,0.5,,1,33,1,33,0,0,2,,0.0009305210918114144,,0.014512383900928792,2.0,2.0,0.0,1.0,0.6666666666666666,0.0
stochastic_contradictions,p0.50,p0.50,6,ccra_exact_guard,CCRA exact,2,31,13,3,3,0,0.5,,1,32,0,32,0,0,2,,0.0009305210918114144,,0.014512383900928792,2.0,2.0,0.0,1.0,0.6666666666666666,0.0
stochastic_contradictions,p0.50,p0.50,6,ccra_exact_guard,CCRA exact,3,31,13,3,3,0,0.5,,1,32,0,32,0,0,2,,0.0009305210918114144,,0.014512383900928792,2.0,2.0,0.0,1.0,0.6666666666666666,0.0
stochastic_contradictions,p0.50,p0.50,6,ccra_exact_guard,CCRA exact,4,31,13,3,3,0,0.5,,1,32,0,32,0,0,2,,0.0009305210918114144,,0.014512383900928792,2.0,2.0,0.0,1.0,0.6666666666666666,0.0
stochastic_contradictions,p0.50,p0.50,6,ccra_exact_guard,CCRA exact,5,31,13,3,3,0,0.5,,1,32,0,32,0,0,2,,0.0009305210918114144,,0.014512383900928792,2.0,2.0,0.0,1.0,0.6666666666666666,0.0
stochastic_contradictions,p0.50,p0.50,6,ccra_exact_guard,CCRA exact,6,31,13,3,3,0,0.5,,1,32,0,32,0,0,2,,0.0009305210918114144,,0.014512383900928792,2.0,2.0,0.0,1.0,0.6666666666666666,0.0
stochastic_contradictions,p0.50,p0.50,6,ccra_exact_guard,CCRA exact,7,31,13,3,3,0,0.5,,1,32,0,32,0,0,2,,0.0009305210918114144,,0.014512383900928792,2.0,2.0,0.0,1.0,0.6666666666666666,0.0
stochastic_contradictions,p0.50,p0.50,6,uncertainty_cost_avoidance,Cost avoidance,0,31,13,3,3,0,0.5,,1,33,1,33,0,0,1,,0.0009305210918114144,,0.014512383900928792,0.0,0.0,0.0,1.0,0.0,0.0
stochastic_contradictions,p0.50,p0.50,6,uncertainty_cost_avoidance,Cost avoidance,1,31,13,3,3,0,0.5,,1,32,0,32,0,0,1,,0.0009305210918114144,,0.014512383900928792,0.0,0.0,0.0,1.0,0.0,0.0
stochastic_contradictions,p0.50,p0.50,6,uncertainty_cost_avoidance,Cost avoidance,2,31,13,3,3,0,0.5,,1,33,1,33,0,0,2,,0.0009305210918114144,,0.014512383900928792,0.0,0.0,0.0,1.0,0.0,0.0
stochastic_contradictions,p0.50,p0.50,6,uncertainty_cost_avoidance,Cost avoidance,3,31,13,3,3,0,0.5,,1,32,0,32,0,0,2,,0.0009305210918114144,,0.014512383900928792,0.0,0.0,0.0,1.0,0.0,0.0
stochastic_contradictions,p0.50,p0.50,6,uncertainty_cost_avoidance,Cost avoidance,4,31,13,3,3,0,0.5,,1,32,0,32,0,0,2,,0.0009305210918114144,,0.014512383900928792,0.0,0.0,0.0,1.0,0.0,0.0
stochastic_contradictions,p0.50,p0.50,6,uncertainty_cost_avoidance,Cost avoidance,5,31,13,3,3,0,0.5,,1,32,0,32,0,0,2,,0.0009305210918114144,,0.014512383900928792,0.0,0.0,0.0,1.0,0.0,0.0
stochastic_contradictions,p0.50,p0.50,6,uncertainty_cost_avoidance,Cost avoidance,6,31,13,3,3,0,0.5,,1,32,0,32,0,0,2,,0.0009305210918114144,,0.014512383900928792,0.0,0.0,0.0,1.0,0.0,0.0
stochastic_contradictions,p0.50,p0.50,6,uncertainty_cost_avoidance,Cost avoidance,7,31,13,3,3,0,0.5,,1,32,0,32,0,0,2,,0.0009305210918114144,,0.014512383900928792,0.0,0.0,0.0,1.0,0.0,0.0
stochastic_contradictions,p0.50,p0.50,6,oracle_fault_model,Oracle,0,31,13,3,3,0,0.5,,1,32,0,32,0,0,0,,0.0009305210918114144,,0.014512383900928792,3.0,3.0,0.0,1.0,1.0,0.0
stochastic_contradictions,p0.50,p0.50,6,oracle_fault_model,Oracle,1,31,13,3,3,0,0.5,,1,32,0,32,0,0,0,,0.0009305210918114144,,0.014512383900928792,3.0,3.0,0.0,1.0,1.0,0.0
stochastic_contradictions,p0.50,p0.50,6,oracle_fault_model,Oracle,2,31,13,3,3,0,0.5,,1,32,0,32,0,0,0,,0.0009305210918114144,,0.014512383900928792,3.0,3.0,0.0,1.0,1.0,0.0
stochastic_contradictions,p0.50,p0.50,6,oracle_fault_model,Oracle,3,31,13,3,3,0,0.5,,1,32,0,32,0,0,0,,0.0009305210918114144,,0.014512383900928792,3.0,3.0,0.0,1.0,1.0,0.0
stochastic_contradictions,p0.50,p0.50,6,oracle_fault_model,Oracle,4,31,13,3,3,0,0.5,,1,32,0,32,0,0,0,,0.0009305210918114144,,0.014512383900928792,3.0,3.0,0.0,1.0,1.0,0.0
stochastic_contradictions,p0.50,p0.50,6,oracle_fault_model,Oracle,5,31,13,3,3,0,0.5,,1,32,0,32,0,0,0,,0.0009305210918114144,,0.014512383900928792,3.0,3.0,0.0,1.0,1.0,0.0
stochastic_contradictions,p0.50,p0.50,6,oracle_fault_model,Oracle,6,31,13,3,3,0,0.5,,1,32,0,32,0,0,0,,0.0009305210918114144,,0.014512383900928792,3.0,3.0,0.0,1.0,1.0,0.0
stochastic_contradictions,p0.50,p0.50,6,oracle_fault_model,Oracle,7,31,13,3,3,0,0.5,,1,32,0,32,0,0,0,,0.0009305210918114144,,0.014512383900928792,3.0,3.0,0.0,1.0,1.0,0.0
stochastic_contradictions,p0.50,p0.50,7,nominal_no_repair,Nominal,0,31,13,3,3,0,0.5,,0,220,211,10,0,1,0,,0.0009305210918114144,,0.014512383900928792,0.0,0.0,0.0,1.0,0.0,0.0
stochastic_contradictions,p0.50,p0.50,7,nominal_no_repair,Nominal,1,31,13,3,3,0,0.5,,0,220,204,17,0,1,0,,0.0009305210918114144,,0.014512383900928792,0.0,0.0,0.0,1.0,0.0,0.0
stochastic_contradictions,p0.50,p0.50,7,nominal_no_repair,Nominal,2,31,13,3,3,0,0.5,,0,220,211,10,0,1,0,,0.0009305210918114144,,0.014512383900928792,0.0,0.0,0.0,1.0,0.0,0.0
stochastic_contradictions,p0.50,p0.50,7,nominal_no_repair,Nominal,3,31,13,3,3,0,0.5,,0,220,211,10,0,1,0,,0.0009305210918114144,,0.014512383900928792,0.0,0.0,0.0,1.0,0.0,0.0
stochastic_contradictions,p0.50,p0.50,7,nominal_no_repair,Nominal,4,31,13,3,3,0,0.5,,0,220,204,17,0,1,0,,0.0009305210918114144,,0.014512383900928792,0.0,0.0,0.0,1.0,0.0,0.0
stochastic_contradictions,p0.50,p0.50,7,nominal_no_repair,Nominal,5,31,13,3,3,0,0.5,,0,220,203,18,0,1,0,,0.0009305210918114144,,0.014512383900928792,0.0,0.0,0.0,1.0,0.0,0.0
stochastic_contradictions,p0.50,p0.50,7,nominal_no_repair,Nominal,6,31,13,3,3,0,0.5,,0,220,211,10,0,1,0,,0.0009305210918114144,,0.014512383900928792,0.0,0.0,0.0,1.0,0.0,0.0
stochastic_contradictions,p0.50,p0.50,7,nominal_no_repair,Nominal,7,31,13,3,3,0,0.5,,0,220,211,10,0,1,0,,0.0009305210918114144,,0.014512383900928792,0.0,0.0,0.0,1.0,0.0,0.0
stochastic_contradictions,p0.50,p0.50,7,threshold_2,Threshold 2,0,31,13,3,3,0,0.5,,1,31,1,31,0,0,0,,0.0009305210918114144,,0.014512383900928792,0.0,0.0,0.0,1.0,0.0,0.0
stochastic_contradictions,p0.50,p0.50,7,threshold_2,Threshold 2,1,31,13,3,3,0,0.5,,1,35,3,35,0,0,1,,0.0009305210918114144,,0.014512383900928792,1.0,1.0,0.0,1.0,0.3333333333333333,0.0
stochastic_contradictions,p0.50,p0.50,7,threshold_2,Threshold 2,2,31,13,3,3,0,0.5,,1,32,0,32,0,0,1,,0.0009305210918114144,,0.014512383900928792,1.0,1.0,0.0,1.0,0.3333333333333333,0.0
stochastic_contradictions,p0.50,p0.50,7,threshold_2,Threshold 2,3,31,13,3,3,0,0.5,,1,33,1,33,0,0,2,,0.0009305210918114144,,0.014512383900928792,2.0,2.0,0.0,1.0,0.6666666666666666,0.0
stochastic_contradictions,p0.50,p0.50,7,threshold_2,Threshold 2,4,31,13,3,3,0,0.5,,1,32,0,32,0,0,2,,0.0009305210918114144,,0.014512383900928792,2.0,2.0,0.0,1.0,0.6666666666666666,0.0
stochastic_contradictions,p0.50,p0.50,7,threshold_2,Threshold 2,5,31,13,3,3,0,0.5,,1,32,0,32,0,0,2,,0.0009305210918114144,,0.014512383900928792,2.0,2.0,0.0,1.0,0.6666666666666666,0.0
stochastic_contradictions,p0.50,p0.50,7,threshold_2,Threshold 2,6,31,13,3,3,0,0.5,,1,32,0,32,0,0,2,,0.0009305210918114144,,0.014512383900928792,2.0,2.0,0.0,1.0,0.6666666666666666,0.0
stochastic_contradictions,p0.50,p0.50,7,threshold_2,Threshold 2,7,31,13,3,3,0,0.5,,1,32,0,32,0,0,2,,0.0009305210918114144,,0.014512383900928792,2.0,2.0,0.0,1.0,0.6666666666666666,0.0
stochastic_contradictions,p0.50,p0.50,7,threshold_4,Threshold 4,0,31,13,3,3,0,0.5,,1,32,2,32,0,0,0,,0.0009305210918114144,,0.014512383900928792,0.0,0.0,0.0,1.0,0.0,0.0
stochastic_contradictions,p0.50,p0.50,7,threshold_4,Threshold 4,1,31,13,3,3,0,0.5,,1,34,2,34,0,0,1,,0.0009305210918114144,,0.014512383900928792,1.0,1.0,0.0,1.0,0.3333333333333333,0.0
stochastic_contradictions,p0.50,p0.50,7,threshold_4,Threshold 4,2,31,13,3,3,0,0.5,,1,32,0,32,0,0,1,,0.0009305210918114144,,0.014512383900928792,1.0,1.0,0.0,1.0,0.3333333333333333,0.0
stochastic_contradictions,p0.50,p0.50,7,threshold_4,Threshold 4,3,31,13,3,3,0,0.5,,1,32,0,32,0,0,1,,0.0009305210918114144,,0.014512383900928792,1.0,1.0,0.0,1.0,0.3333333333333333,0.0
stochastic_contradictions,p0.50,p0.50,7,threshold_4,Threshold 4,4,31,13,3,3,0,0.5,,1,33,1,33,0,0,1,,0.0009305210918114144,,0.014512383900928792,1.0,1.0,0.0,1.0,0.3333333333333333,0.0
stochastic_contradictions,p0.50,p0.50,7,threshold_4,Threshold 4,5,31,13,3,3,0,0.5,,1,35,3,35,0,0,2,,0.0009305210918114144,,0.014512383900928792,2.0,2.0,0.0,1.0,0.6666666666666666,0.0
stochastic_contradictions,p0.50,p0.50,7,threshold_4,Threshold 4,6,31,13,3,3,0,0.5,,1,32,0,32,0,0,2,,0.0009305210918114144,,0.014512383900928792,2.0,2.0,0.0,1.0,0.6666666666666666,0.0
stochastic_contradictions,p0.50,p0.50,7,threshold_4,Threshold 4,7,31,13,3,3,0,0.5,,1,32,0,32,0,0,2,,0.0009305210918114144,,0.014512383900928792,2.0,2.0,0.0,1.0,0.6666666666666666,0.0
stochastic_contradictions,p0.50,p0.50,7,threshold_8,Threshold 8,0,31,13,3,3,0,0.5,,1,33,3,33,0,0,0,,0.0009305210918114144,,0.014512383900928792,0.0,0.0,0.0,1.0,0.0,0.0
stochastic_contradictions,p0.50,p0.50,7,threshold_8,Threshold 8,1,31,13,3,3,0,0.5,,1,32,2,32,0,0,0,,0.0009305210918114144,,0.014512383900928792,0.0,0.0,0.0,1.0,0.0,0.0
stochastic_contradictions,p0.50,p0.50,7,threshold_8,Threshold 8,2,31,13,3,3,0,0.5,,1,31,1,31,0,0,0,,0.0009305210918114144,,0.014512383900928792,0.0,0.0,0.0,1.0,0.0,0.0
stochastic_contradictions,p0.50,p0.50,7,threshold_8,Threshold 8,3,31,13,3,3,0,0.5,,1,30,0,30,0,0,0,,0.0009305210918114144,,0.014512383900928792,0.0,0.0,0.0,1.0,0.0,0.0
stochastic_contradictions,p0.50,p0.50,7,threshold_8,Threshold 8,4,31,13,3,3,0,0.5,,1,33,3,33,0,0,0,,0.0009305210918114144,,0.014512383900928792,0.0,0.0,0.0,1.0,0.0,0.0
stochastic_contradictions,p0.50,p0.50,7,threshold_8,Threshold 8,5,31,13,3,3,0,0.5,,1,35,5,35,0,0,0,,0.0009305210918114144,,0.014512383900928792,0.0,0.0,0.0,1.0,0.0,0.0
stochastic_contradictions,p0.50,p0.50,7,threshold_8,Threshold 8,6,31,13,3,3,0,0.5,,1,33,3,33,0,0,0,,0.0009305210918114144,,0.014512383900928792,0.0,0.0,0.0,1.0,0.0,0.0
stochastic_contradictions,p0.50,p0.50,7,threshold_8,Threshold 8,7,31,13,3,3,0,0.5,,1,30,0,30,0,0,0,,0.0009305210918114144,,0.014512383900928792,0.0,0.0,0.0,1.0,0.0,0.0
stochastic_contradictions,p0.50,p0.50,7,ccra_exact_guard,CCRA exact,0,31,13,3,3,0,0.5,,1,33,1,33,0,0,1,,0.0009305210918114144,,0.014512383900928792,1.0,1.0,0.0,1.0,0.3333333333333333,0.0
stochastic_contradictions,p0.50,p0.50,7,ccra_exact_guard,CCRA exact,1,31,13,3,3,0,0.5,,1,33,1,33,0,0,2,,0.0009305210918114144,,0.014512383900928792,2.0,2.0,0.0,1.0,0.6666666666666666,0.0
stochastic_contradictions,p0.50,p0.50,7,ccra_exact_guard,CCRA exact,2,31,13,3,3,0,0.5,,1,32,0,32,0,0,2,,0.0009305210918114144,,0.014512383900928792,2.0,2.0,0.0,1.0,0.6666666666666666,0.0
stochastic_contradictions,p0.50,p0.50,7,ccra_exact_guard,CCRA exact,3,31,13,3,3,0,0.5,,1,32,0,32,0,0,2,,0.0009305210918114144,,0.014512383900928792,2.0,2.0,0.0,1.0,0.6666666666666666,0.0
stochastic_contradictions,p0.50,p0.50,7,ccra_exact_guard,CCRA exact,4,31,13,3,3,0,0.5,,1,32,0,32,0,0,2,,0.0009305210918114144,,0.014512383900928792,2.0,2.0,0.0,1.0,0.6666666666666666,0.0
stochastic_contradictions,p0.50,p0.50,7,ccra_exact_guard,CCRA exact,5,31,13,3,3,0,0.5,,1,32,0,32,0,0,2,,0.0009305210918114144,,0.014512383900928792,2.0,2.0,0.0,1.0,0.6666666666666666,0.0
stochastic_contradictions,p0.50,p0.50,7,ccra_exact_guard,CCRA exact,6,31,13,3,3,0,0.5,,1,32,0,32,0,0,2,,0.0009305210918114144,,0.014512383900928792,2.0,2.0,0.0,1.0,0.6666666666666666,0.0
stochastic_contradictions,p0.50,p0.50,7,ccra_exact_guard,CCRA exact,7,31,13,3,3,0,0.5,,1,32,0,32,0,0,2,,0.0009305210918114144,,0.014512383900928792,2.0,2.0,0.0,1.0,0.6666666666666666,0.0
stochastic_contradictions,p0.50,p0.50,7,uncertainty_cost_avoidance,Cost avoidance,0,31,13,3,3,0,0.5,,1,33,1,33,0,0,1,,0.0009305210918114144,,0.014512383900928792,0.0,0.0,0.0,1.0,0.0,0.0
stochastic_contradictions,p0.50,p0.50,7,uncertainty_cost_avoidance,Cost avoidance,1,31,13,3,3,0,0.5,,1,32,0,32,0,0,1,,0.0009305210918114144,,0.014512383900928792,0.0,0.0,0.0,1.0,0.0,0.0
stochastic_contradictions,p0.50,p0.50,7,uncertainty_cost_avoidance,Cost avoidance,2,31,13,3,3,0,0.5,,1,32,0,32,0,0,1,,0.0009305210918114144,,0.014512383900928792,0.0,0.0,0.0,1.0,0.0,0.0
stochastic_contradictions,p0.50,p0.50,7,uncertainty_cost_avoidance,Cost avoidance,3,31,13,3,3,0,0.5,,1,32,0,32,0,0,1,,0.0009305210918114144,,0.014512383900928792,0.0,0.0,0.0,1.0,0.0,0.0
stochastic_contradictions,p0.50,p0.50,7,uncertainty_cost_avoidance,Cost avoidance,4,31,13,3,3,0,0.5,,1,32,0,32,0,0,1,,0.0009305210918114144,,0.014512383900928792,0.0,0.0,0.0,1.0,0.0,0.0
stochastic_contradictions,p0.50,p0.50,7,uncertainty_cost_avoidance,Cost avoidance,5,31,13,3,3,0,0.5,,1,32,0,32,0,0,1,,0.0009305210918114144,,0.014512383900928792,0.0,0.0,0.0,1.0,0.0,0.0
stochastic_contradictions,p0.50,p0.50,7,uncertainty_cost_avoidance,Cost avoidance,6,31,13,3,3,0,0.5,,1,32,0,32,0,0,1,,0.0009305210918114144,,0.014512383900928792,0.0,0.0,0.0,1.0,0.0,0.0
stochastic_contradictions,p0.50,p0.50,7,uncertainty_cost_avoidance,Cost avoidance,7,31,13,3,3,0,0.5,,1,32,0,32,0,0,1,,0.0009305210918114144,,0.014512383900928792,0.0,0.0,0.0,1.0,0.0,0.0
stochastic_contradictions,p0.50,p0.50,7,oracle_fault_model,Oracle,0,31,13,3,3,0,0.5,,1,32,0,32,0,0,0,,0.0009305210918114144,,0.014512383900928792,3.0,3.0,0.0,1.0,1.0,0.0
stochastic_contradictions,p0.50,p0.50,7,oracle_fault_model,Oracle,1,31,13,3,3,0,0.5,,1,32,0,32,0,0,0,,0.0009305210918114144,,0.014512383900928792,3.0,3.0,0.0,1.0,1.0,0.0
stochastic_contradictions,p0.50,p0.50,7,oracle_fault_model,Oracle,2,31,13,3,3,0,0.5,,1,32,0,32,0,0,0,,0.0009305210918114144,,0.014512383900928792,3.0,3.0,0.0,1.0,1.0,0.0
stochastic_contradictions,p0.50,p0.50,7,oracle_fault_model,Oracle,3,31,13,3,3,0,0.5,,1,32,0,32,0,0,0,,0.0009305210918114144,,0.014512383900928792,3.0,3.0,0.0,1.0,1.0,0.0
stochastic_contradictions,p0.50,p0.50,7,oracle_fault_model,Oracle,4,31,13,3,3,0,0.5,,1,32,0,32,0,0,0,,0.0009305210918114144,,0.014512383900928792,3.0,3.0,0.0,1.0,1.0,0.0
stochastic_contradictions,p0.50,p0.50,7,oracle_fault_model,Oracle,5,31,13,3,3,0,0.5,,1,32,0,32,0,0,0,,0.0009305210918114144,,0.014512383900928792,3.0,3.0,0.0,1.0,1.0,0.0
stochastic_contradictions,p0.50,p0.50,7,oracle_fault_model,Oracle,6,31,13,3,3,0,0.5,,1,32,0,32,0,0,0,,0.0009305210918114144,,0.014512383900928792,3.0,3.0,0.0,1.0,1.0,0.0
stochastic_contradictions,p0.50,p0.50,7,oracle_fault_model,Oracle,7,31,13,3,3,0,0.5,,1,32,0,32,0,0,0,,0.0009305210918114144,,0.014512383900928792,3.0,3.0,0.0,1.0,1.0,0.0
stochastic_contradictions,p0.50,p0.50,8,nominal_no_repair,Nominal,0,31,13,3,3,0,0.5,,0,220,208,13,0,1,0,,0.0009305210918114144,,0.014512383900928792,0.0,0.0,0.0,1.0,0.0,0.0
stochastic_contradictions,p0.50,p0.50,8,nominal_no_repair,Nominal,1,31,13,3,3,0,0.5,,0,220,204,17,0,1,0,,0.0009305210918114144,,0.014512383900928792,0.0,0.0,0.0,1.0,0.0,0.0
stochastic_contradictions,p0.50,p0.50,8,nominal_no_repair,Nominal,2,31,13,3,3,0,0.5,,0,220,208,13,0,1,0,,0.0009305210918114144,,0.014512383900928792,0.0,0.0,0.0,1.0,0.0,0.0
stochastic_contradictions,p0.50,p0.50,8,nominal_no_repair,Nominal,3,31,13,3,3,0,0.5,,1,30,0,30,0,0,0,,0.0009305210918114144,,0.014512383900928792,0.0,0.0,0.0,1.0,0.0,0.0
stochastic_contradictions,p0.50,p0.50,8,nominal_no_repair,Nominal,4,31,13,3,3,0,0.5,,1,30,0,30,0,0,0,,0.0009305210918114144,,0.014512383900928792,0.0,0.0,0.0,1.0,0.0,0.0
stochastic_contradictions,p0.50,p0.50,8,nominal_no_repair,Nominal,5,31,13,3,3,0,0.5,,0,220,214,7,0,1,0,,0.0009305210918114144,,0.014512383900928792,0.0,0.0,0.0,1.0,0.0,0.0
stochastic_contradictions,p0.50,p0.50,8,nominal_no_repair,Nominal,6,31,13,3,3,0,0.5,,0,220,214,7,0,1,0,,0.0009305210918114144,,0.014512383900928792,0.0,0.0,0.0,1.0,0.0,0.0
stochastic_contradictions,p0.50,p0.50,8,nominal_no_repair,Nominal,7,31,13,3,3,0,0.5,,0,220,208,13,0,1,0,,0.0009305210918114144,,0.014512383900928792,0.0,0.0,0.0,1.0,0.0,0.0
stochastic_contradictions,p0.50,p0.50,8,threshold_2,Threshold 2,0,31,13,3,3,0,0.5,,1,31,1,31,0,0,0,,0.0009305210918114144,,0.014512383900928792,0.0,0.0,0.0,1.0,0.0,0.0
stochastic_contradictions,p0.50,p0.50,8,threshold_2,Threshold 2,1,31,13,3,3,0,0.5,,1,33,1,33,0,0,1,,0.0009305210918114144,,0.014512383900928792,1.0,1.0,0.0,1.0,0.3333333333333333,0.0
stochastic_contradictions,p0.50,p0.50,8,threshold_2,Threshold 2,2,31,13,3,3,0,0.5,,1,33,1,33,0,0,1,,0.0009305210918114144,,0.014512383900928792,1.0,1.0,0.0,1.0,0.3333333333333333,0.0
stochastic_contradictions,p0.50,p0.50,8,threshold_2,Threshold 2,3,31,13,3,3,0,0.5,,1,33,1,33,0,0,2,,0.0009305210918114144,,0.014512383900928792,2.0,2.0,0.0,1.0,0.6666666666666666,0.0
stochastic_contradictions,p0.50,p0.50,8,threshold_2,Threshold 2,4,31,13,3,3,0,0.5,,1,32,0,32,0,0,2,,0.0009305210918114144,,0.014512383900928792,2.0,2.0,0.0,1.0,0.6666666666666666,0.0
stochastic_contradictions,p0.50,p0.50,8,threshold_2,Threshold 2,5,31,13,3,3,0,0.5,,1,32,0,32,0,0,2,,0.0009305210918114144,,0.014512383900928792,2.0,2.0,0.0,1.0,0.6666666666666666,0.0
stochastic_contradictions,p0.50,p0.50,8,threshold_2,Threshold 2,6,31,13,3,3,0,0.5,,1,32,0,32,0,0,2,,0.0009305210918114144,,0.014512383900928792,2.0,2.0,0.0,1.0,0.6666666666666666,0.0
stochastic_contradictions,p0.50,p0.50,8,threshold_2,Threshold 2,7,31,13,3,3,0,0.5,,1,32,0,32,0,0,2,,0.0009305210918114144,,0.014512383900928792,2.0,2.0,0.0,1.0,0.6666666666666666,0.0
stochastic_contradictions,p0.50,p0.50,8,threshold_4,Threshold 4,0,31,13,3,3,0,0.5,,1,33,3,33,0,0,0,,0.0009305210918114144,,0.014512383900928792,0.0,0.0,0.0,1.0,0.0,0.0
stochastic_contradictions,p0.50,p0.50,8,threshold_4,Threshold 4,1,31,13,3,3,0,0.5,,1,34,2,34,0,0,1,,0.0009305210918114144,,0.014512383900928792,1.0,1.0,0.0,1.0,0.3333333333333333,0.0
stochastic_contradictions,p0.50,p0.50,8,threshold_4,Threshold 4,2,31,13,3,3,0,0.5,,1,32,0,32,0,0,1,,0.0009305210918114144,,0.014512383900928792,1.0,1.0,0.0,1.0,0.3333333333333333,0.0
stochastic_contradictions,p0.50,p0.50,8,threshold_4,Threshold 4,3,31,13,3,3,0,0.5,,1,32,0,32,0,0,1,,0.0009305210918114144,,0.014512383900928792,1.0,1.0,0.0,1.0,0.3333333333333333,0.0
stochastic_contradictions,p0.50,p0.50,8,threshold_4,Threshold 4,4,31,13,3,3,0,0.5,,1,32,0,32,0,0,1,,0.0009305210918114144,,0.014512383900928792,1.0,1.0,0.0,1.0,0.3333333333333333,0.0
stochastic_contradictions,p0.50,p0.50,8,threshold_4,Threshold 4,5,31,13,3,3,0,0.5,,1,32,0,32,0,0,1,,0.0009305210918114144,,0.014512383900928792,1.0,1.0,0.0,1.0,0.3333333333333333,0.0
stochastic_contradictions,p0.50,p0.50,8,threshold_4,Threshold 4,6,31,13,3,3,0,0.5,,1,32,0,32,0,0,1,,0.0009305210918114144,,0.014512383900928792,1.0,1.0,0.0,1.0,0.3333333333333333,0.0
stochastic_contradictions,p0.50,p0.50,8,threshold_4,Threshold 4,7,31,13,3,3,0,0.5,,1,32,0,32,0,0,1,,0.0009305210918114144,,0.014512383900928792,1.0,1.0,0.0,1.0,0.3333333333333333,0.0
stochastic_contradictions,p0.50,p0.50,8,threshold_8,Threshold 8,0,31,13,3,3,0,0.5,,1,40,8,40,0,0,1,,0.0009305210918114144,,0.014512383900928792,1.0,1.0,0.0,1.0,0.3333333333333333,0.0
stochastic_contradictions,p0.50,p0.50,8,threshold_8,Threshold 8,1,31,13,3,3,0,0.5,,1,32,0,32,0,0,1,,0.0009305210918114144,,0.014512383900928792,1.0,1.0,0.0,1.0,0.3333333333333333,0.0
stochastic_contradictions,p0.50,p0.50,8,threshold_8,Threshold 8,2,31,13,3,3,0,0.5,,1,34,2,34,0,0,1,,0.0009305210918114144,,0.014512383900928792,1.0,1.0,0.0,1.0,0.3333333333333333,0.0
stochastic_contradictions,p0.50,p0.50,8,threshold_8,Threshold 8,3,31,13,3,3,0,0.5,,1,35,3,35,0,0,1,,0.0009305210918114144,,0.014512383900928792,1.0,1.0,0.0,1.0,0.3333333333333333,0.0
stochastic_contradictions,p0.50,p0.50,8,threshold_8,Threshold 8,4,31,13,3,3,0,0.5,,1,34,2,34,0,0,1,,0.0009305210918114144,,0.014512383900928792,1.0,1.0,0.0,1.0,0.3333333333333333,0.0
stochastic_contradictions,p0.50,p0.50,8,threshold_8,Threshold 8,5,31,13,3,3,0,0.5,,1,32,0,32,0,0,1,,0.0009305210918114144,,0.014512383900928792,1.0,1.0,0.0,1.0,0.3333333333333333,0.0
stochastic_contradictions,p0.50,p0.50,8,threshold_8,Threshold 8,6,31,13,3,3,0,0.5,,1,33,1,33,0,0,1,,0.0009305210918114144,,0.014512383900928792,1.0,1.0,0.0,1.0,0.3333333333333333,0.0
stochastic_contradictions,p0.50,p0.50,8,threshold_8,Threshold 8,7,31,13,3,3,0,0.5,,1,34,2,34,0,0,1,,0.0009305210918114144,,0.014512383900928792,1.0,1.0,0.0,1.0,0.3333333333333333,0.0
stochastic_contradictions,p0.50,p0.50,8,ccra_exact_guard,CCRA exact,0,31,13,3,3,0,0.5,,1,33,1,33,0,0,1,,0.0009305210918114144,,0.014512383900928792,1.0,1.0,0.0,1.0,0.3333333333333333,0.0
stochastic_contradictions,p0.50,p0.50,8,ccra_exact_guard,CCRA exact,1,31,13,3,3,0,0.5,,1,32,0,32,0,0,1,,0.0009305210918114144,,0.014512383900928792,1.0,1.0,0.0,1.0,0.3333333333333333,0.0
stochastic_contradictions,p0.50,p0.50,8,ccra_exact_guard,CCRA exact,2,31,13,3,3,0,0.5,,1,32,0,32,0,0,1,,0.0009305210918114144,,0.014512383900928792,1.0,1.0,0.0,1.0,0.3333333333333333,0.0
stochastic_contradictions,p0.50,p0.50,8,ccra_exact_guard,CCRA exact,3,31,13,3,3,0,0.5,,1,32,0,32,0,0,1,,0.0009305210918114144,,0.014512383900928792,1.0,1.0,0.0,1.0,0.3333333333333333,0.0
stochastic_contradictions,p0.50,p0.50,8,ccra_exact_guard,CCRA exact,4,31,13,3,3,0,0.5,,1,32,0,32,0,0,1,,0.0009305210918114144,,0.014512383900928792,1.0,1.0,0.0,1.0,0.3333333333333333,0.0
stochastic_contradictions,p0.50,p0.50,8,ccra_exact_guard,CCRA exact,5,31,13,3,3,0,0.5,,1,32,0,32,0,0,1,,0.0009305210918114144,,0.014512383900928792,1.0,1.0,0.0,1.0,0.3333333333333333,0.0
stochastic_contradictions,p0.50,p0.50,8,ccra_exact_guard,CCRA exact,6,31,13,3,3,0,0.5,,1,32,0,32,0,0,1,,0.0009305210918114144,,0.014512383900928792,1.0,1.0,0.0,1.0,0.3333333333333333,0.0
stochastic_contradictions,p0.50,p0.50,8,ccra_exact_guard,CCRA exact,7,31,13,3,3,0,0.5,,1,32,0,32,0,0,1,,0.0009305210918114144,,0.014512383900928792,1.0,1.0,0.0,1.0,0.3333333333333333,0.0
stochastic_contradictions,p0.50,p0.50,8,uncertainty_cost_avoidance,Cost avoidance,0,31,13,3,3,0,0.5,,1,33,1,33,0,0,1,,0.0009305210918114144,,0.014512383900928792,0.0,0.0,0.0,1.0,0.0,0.0
stochastic_contradictions,p0.50,p0.50,8,uncertainty_cost_avoidance,Cost avoidance,1,31,13,3,3,0,0.5,,1,32,0,32,0,0,1,,0.0009305210918114144,,0.014512383900928792,0.0,0.0,0.0,1.0,0.0,0.0
stochastic_contradictions,p0.50,p0.50,8,uncertainty_cost_avoidance,Cost avoidance,2,31,13,3,3,0,0.5,,1,32,0,32,0,0,1,,0.0009305210918114144,,0.014512383900928792,0.0,0.0,0.0,1.0,0.0,0.0
stochastic_contradictions,p0.50,p0.50,8,uncertainty_cost_avoidance,Cost avoidance,3,31,13,3,3,0,0.5,,1,32,0,32,0,0,1,,0.0009305210918114144,,0.014512383900928792,0.0,0.0,0.0,1.0,0.0,0.0
stochastic_contradictions,p0.50,p0.50,8,uncertainty_cost_avoidance,Cost avoidance,4,31,13,3,3,0,0.5,,1,32,0,32,0,0,1,,0.0009305210918114144,,0.014512383900928792,0.0,0.0,0.0,1.0,0.0,0.0
stochastic_contradictions,p0.50,p0.50,8,uncertainty_cost_avoidance,Cost avoidance,5,31,13,3,3,0,0.5,,1,32,0,32,0,0,1,,0.0009305210918114144,,0.014512383900928792,0.0,0.0,0.0,1.0,0.0,0.0
stochastic_contradictions,p0.50,p0.50,8,uncertainty_cost_avoidance,Cost avoidance,6,31,13,3,3,0,0.5,,1,32,0,32,0,0,1,,0.0009305210918114144,,0.014512383900928792,0.0,0.0,0.0,1.0,0.0,0.0
stochastic_contradictions,p0.50,p0.50,8,uncertainty_cost_avoidance,Cost avoidance,7,31,13,3,3,0,0.5,,1,32,0,32,0,0,1,,0.0009305210918114144,,0.014512383900928792,0.0,0.0,0.0,1.0,0.0,0.0
stochastic_contradictions,p0.50,p0.50,8,oracle_fault_model,Oracle,0,31,13,3,3,0,0.5,,1,32,0,32,0,0,0,,0.0009305210918114144,,0.014512383900928792,3.0,3.0,0.0,1.0,1.0,0.0
stochastic_contradictions,p0.50,p0.50,8,oracle_fault_model,Oracle,1,31,13,3,3,0,0.5,,1,32,0,32,0,0,0,,0.0009305210918114144,,0.014512383900928792,3.0,3.0,0.0,1.0,1.0,0.0
stochastic_contradictions,p0.50,p0.50,8,oracle_fault_model,Oracle,2,31,13,3,3,0,0.5,,1,32,0,32,0,0,0,,0.0009305210918114144,,0.014512383900928792,3.0,3.0,0.0,1.0,1.0,0.0
stochastic_contradictions,p0.50,p0.50,8,oracle_fault_model,Oracle,3,31,13,3,3,0,0.5,,1,32,0,32,0,0,0,,0.0009305210918114144,,0.014512383900928792,3.0,3.0,0.0,1.0,1.0,0.0
stochastic_contradictions,p0.50,p0.50,8,oracle_fault_model,Oracle,4,31,13,3,3,0,0.5,,1,32,0,32,0,0,0,,0.0009305210918114144,,0.014512383900928792,3.0,3.0,0.0,1.0,1.0,0.0
stochastic_contradictions,p0.50,p0.50,8,oracle_fault_model,Oracle,5,31,13,3,3,0,0.5,,1,32,0,32,0,0,0,,0.0009305210918114144,,0.014512383900928792,3.0,3.0,0.0,1.0,1.0,0.0
stochastic_contradictions,p0.50,p0.50,8,oracle_fault_model,Oracle,6,31,13,3,3,0,0.5,,1,32,0,32,0,0,0,,0.0009305210918114144,,0.014512383900928792,3.0,3.0,0.0,1.0,1.0,0.0
stochastic_contradictions,p0.50,p0.50,8,oracle_fault_model,Oracle,7,31,13,3,3,0,0.5,,1,32,0,32,0,0,0,,0.0009305210918114144,,0.014512383900928792,3.0,3.0,0.0,1.0,1.0,0.0
stochastic_contradictions,p0.50,p0.50,9,nominal_no_repair,Nominal,0,31,13,3,3,0,0.5,,0,220,202,19,0,1,0,,0.0009305210918114144,,0.014512383900928792,0.0,0.0,0.0,1.0,0.0,0.0
stochastic_contradictions,p0.50,p0.50,9,nominal_no_repair,Nominal,1,31,13,3,3,0,0.5,,0,220,204,17,0,1,0,,0.0009305210918114144,,0.014512383900928792,0.0,0.0,0.0,1.0,0.0,0.0
stochastic_contradictions,p0.50,p0.50,9,nominal_no_repair,Nominal,2,31,13,3,3,0,0.5,,0,220,204,17,0,1,0,,0.0009305210918114144,,0.014512383900928792,0.0,0.0,0.0,1.0,0.0,0.0
stochastic_contradictions,p0.50,p0.50,9,nominal_no_repair,Nominal,3,31,13,3,3,0,0.5,,0,220,204,17,0,1,0,,0.0009305210918114144,,0.014512383900928792,0.0,0.0,0.0,1.0,0.0,0.0
stochastic_contradictions,p0.50,p0.50,9,nominal_no_repair,Nominal,4,31,13,3,3,0,0.5,,1,30,0,30,0,0,0,,0.0009305210918114144,,0.014512383900928792,0.0,0.0,0.0,1.0,0.0,0.0
stochastic_contradictions,p0.50,p0.50,9,nominal_no_repair,Nominal,5,31,13,3,3,0,0.5,,1,30,0,30,0,0,0,,0.0009305210918114144,,0.014512383900928792,0.0,0.0,0.0,1.0,0.0,0.0
stochastic_contradictions,p0.50,p0.50,9,nominal_no_repair,Nominal,6,31,13,3,3,0,0.5,,0,220,204,17,0,1,0,,0.0009305210918114144,,0.014512383900928792,0.0,0.0,0.0,1.0,0.0,0.0
stochastic_contradictions,p0.50,p0.50,9,nominal_no_repair,Nominal,7,31,13,3,3,0,0.5,,0,220,194,27,0,1,0,,0.0009305210918114144,,0.014512383900928792,0.0,0.0,0.0,1.0,0.0,0.0
stochastic_contradictions,p0.50,p0.50,9,threshold_2,Threshold 2,0,31,13,3,3,0,0.5,,1,31,1,31,0,0,0,,0.0009305210918114144,,0.014512383900928792,0.0,0.0,0.0,1.0,0.0,0.0
stochastic_contradictions,p0.50,p0.50,9,threshold_2,Threshold 2,1,31,13,3,3,0,0.5,,1,34,2,34,0,0,1,,0.0009305210918114144,,0.014512383900928792,1.0,1.0,0.0,1.0,0.3333333333333333,0.0
stochastic_contradictions,p0.50,p0.50,9,threshold_2,Threshold 2,2,31,13,3,3,0,0.5,,1,34,2,34,0,0,2,,0.0009305210918114144,,0.014512383900928792,2.0,2.0,0.0,1.0,0.6666666666666666,0.0
stochastic_contradictions,p0.50,p0.50,9,threshold_2,Threshold 2,3,31,13,3,3,0,0.5,,1,32,0,32,0,0,2,,0.0009305210918114144,,0.014512383900928792,2.0,2.0,0.0,1.0,0.6666666666666666,0.0
stochastic_contradictions,p0.50,p0.50,9,threshold_2,Threshold 2,4,31,13,3,3,0,0.5,,1,32,0,32,0,0,2,,0.0009305210918114144,,0.014512383900928792,2.0,2.0,0.0,1.0,0.6666666666666666,0.0
stochastic_contradictions,p0.50,p0.50,9,threshold_2,Threshold 2,5,31,13,3,3,0,0.5,,1,32,0,32,0,0,2,,0.0009305210918114144,,0.014512383900928792,2.0,2.0,0.0,1.0,0.6666666666666666,0.0
stochastic_contradictions,p0.50,p0.50,9,threshold_2,Threshold 2,6,31,13,3,3,0,0.5,,1,32,0,32,0,0,2,,0.0009305210918114144,,0.014512383900928792,2.0,2.0,0.0,1.0,0.6666666666666666,0.0
stochastic_contradictions,p0.50,p0.50,9,threshold_2,Threshold 2,7,31,13,3,3,0,0.5,,1,32,0,32,0,0,2,,0.0009305210918114144,,0.014512383900928792,2.0,2.0,0.0,1.0,0.6666666666666666,0.0
stochastic_contradictions,p0.50,p0.50,9,threshold_4,Threshold 4,0,31,13,3,3,0,0.5,,1,33,3,33,0,0,0,,0.0009305210918114144,,0.014512383900928792,0.0,0.0,0.0,1.0,0.0,0.0
stochastic_contradictions,p0.50,p0.50,9,threshold_4,Threshold 4,1,31,13,3,3,0,0.5,,1,33,3,33,0,0,0,,0.0009305210918114144,,0.014512383900928792,0.0,0.0,0.0,1.0,0.0,0.0
stochastic_contradictions,p0.50,p0.50,9,threshold_4,Threshold 4,2,31,13,3,3,0,0.5,,1,34,2,34,0,0,1,,0.0009305210918114144,,0.014512383900928792,1.0,1.0,0.0,1.0,0.3333333333333333,0.0
stochastic_contradictions,p0.50,p0.50,9,threshold_4,Threshold 4,3,31,13,3,3,0,0.5,,1,32,0,32,0,0,1,,0.0009305210918114144,,0.014512383900928792,1.0,1.0,0.0,1.0,0.3333333333333333,0.0
stochastic_contradictions,p0.50,p0.50,9,threshold_4,Threshold 4,4,31,13,3,3,0,0.5,,1,34,2,34,0,0,2,,0.0009305210918114144,,0.014512383900928792,2.0,2.0,0.0,1.0,0.6666666666666666,0.0
stochastic_contradictions,p0.50,p0.50,9,threshold_4,Threshold 4,5,31,13,3,3,0,0.5,,1,32,0,32,0,0,2,,0.0009305210918114144,,0.014512383900928792,2.0,2.0,0.0,1.0,0.6666666666666666,0.0
stochastic_contradictions,p0.50,p0.50,9,threshold_4,Threshold 4,6,31,13,3,3,0,0.5,,1,32,0,32,0,0,2,,0.0009305210918114144,,0.014512383900928792,2.0,2.0,0.0,1.0,0.6666666666666666,0.0
stochastic_contradictions,p0.50,p0.50,9,threshold_4,Threshold 4,7,31,13,3,3,0,0.5,,1,32,0,32,0,0,2,,0.0009305210918114144,,0.014512383900928792,2.0,2.0,0.0,1.0,0.6666666666666666,0.0
stochastic_contradictions,p0.50,p0.50,9,threshold_8,Threshold 8,0,31,13,3,3,0,0.5,,1,33,3,33,0,0,0,,0.0009305210918114144,,0.014512383900928792,0.0,0.0,0.0,1.0,0.0,0.0
stochastic_contradictions,p0.50,p0.50,9,threshold_8,Threshold 8,1,31,13,3,3,0,0.5,,1,34,4,34,0,0,0,,0.0009305210918114144,,0.014512383900928792,0.0,0.0,0.0,1.0,0.0,0.0
stochastic_contradictions,p0.50,p0.50,9,threshold_8,Threshold 8,2,31,13,3,3,0,0.5,,1,30,0,30,0,0,0,,0.0009305210918114144,,0.014512383900928792,0.0,0.0,0.0,1.0,0.0,0.0
stochastic_contradictions,p0.50,p0.50,9,threshold_8,Threshold 8,3,31,13,3,3,0,0.5,,1,32,2,32,0,0,0,,0.0009305210918114144,,0.014512383900928792,0.0,0.0,0.0,1.0,0.0,0.0
stochastic_contradictions,p0.50,p0.50,9,threshold_8,Threshold 8,4,31,13,3,3,0,0.5,,1,30,0,30,0,0,0,,0.0009305210918114144,,0.014512383900928792,0.0,0.0,0.0,1.0,0.0,0.0
stochastic_contradictions,p0.50,p0.50,9,threshold_8,Threshold 8,5,31,13,3,3,0,0.5,,1,30,0,30,0,0,0,,0.0009305210918114144,,0.014512383900928792,0.0,0.0,0.0,1.0,0.0,0.0
stochastic_contradictions,p0.50,p0.50,9,threshold_8,Threshold 8,6,31,13,3,3,0,0.5,,1,35,5,35,0,0,0,,0.0009305210918114144,,0.014512383900928792,0.0,0.0,0.0,1.0,0.0,0.0
stochastic_contradictions,p0.50,p0.50,9,threshold_8,Threshold 8,7,31,13,3,3,0,0.5,,1,33,1,33,0,0,1,,0.0009305210918114144,,0.014512383900928792,1.0,1.0,0.0,1.0,0.3333333333333333,0.0
stochastic_contradictions,p0.50,p0.50,9,ccra_exact_guard,CCRA exact,0,31,13,3,3,0,0.5,,1,33,1,33,0,0,1,,0.0009305210918114144,,0.014512383900928792,1.0,1.0,0.0,1.0,0.3333333333333333,0.0
stochastic_contradictions,p0.50,p0.50,9,ccra_exact_guard,CCRA exact,1,31,13,3,3,0,0.5,,1,33,1,33,0,0,2,,0.0009305210918114144,,0.014512383900928792,2.0,2.0,0.0,1.0,0.6666666666666666,0.0
stochastic_contradictions,p0.50,p0.50,9,ccra_exact_guard,CCRA exact,2,31,13,3,3,0,0.5,,1,32,0,32,0,0,2,,0.0009305210918114144,,0.014512383900928792,2.0,2.0,0.0,1.0,0.6666666666666666,0.0
stochastic_contradictions,p0.50,p0.50,9,ccra_exact_guard,CCRA exact,3,31,13,3,3,0,0.5,,1,32,0,32,0,0,2,,0.0009305210918114144,,0.014512383900928792,2.0,2.0,0.0,1.0,0.6666666666666666,0.0
stochastic_contradictions,p0.50,p0.50,9,ccra_exact_guard,CCRA exact,4,31,13,3,3,0,0.5,,1,32,0,32,0,0,2,,0.0009305210918114144,,0.014512383900928792,2.0,2.0,0.0,1.0,0.6666666666666666,0.0
stochastic_contradictions,p0.50,p0.50,9,ccra_exact_guard,CCRA exact,5,31,13,3,3,0,0.5,,1,32,0,32,0,0,2,,0.0009305210918114144,,0.014512383900928792,2.0,2.0,0.0,1.0,0.6666666666666666,0.0
stochastic_contradictions,p0.50,p0.50,9,ccra_exact_guard,CCRA exact,6,31,13,3,3,0,0.5,,1,32,0,32,0,0,2,,0.0009305210918114144,,0.014512383900928792,2.0,2.0,0.0,1.0,0.6666666666666666,0.0
stochastic_contradictions,p0.50,p0.50,9,ccra_exact_guard,CCRA exact,7,31,13,3,3,0,0.5,,1,32,0,32,0,0,2,,0.0009305210918114144,,0.014512383900928792,2.0,2.0,0.0,1.0,0.6666666666666666,0.0
stochastic_contradictions,p0.50,p0.50,9,uncertainty_cost_avoidance,Cost avoidance,0,31,13,3,3,0,0.5,,1,33,1,33,0,0,1,,0.0009305210918114144,,0.014512383900928792,0.0,0.0,0.0,1.0,0.0,0.0
stochastic_contradictions,p0.50,p0.50,9,uncertainty_cost_avoidance,Cost avoidance,1,31,13,3,3,0,0.5,,1,32,0,32,0,0,1,,0.0009305210918114144,,0.014512383900928792,0.0,0.0,0.0,1.0,0.0,0.0
stochastic_contradictions,p0.50,p0.50,9,uncertainty_cost_avoidance,Cost avoidance,2,31,13,3,3,0,0.5,,1,32,0,32,0,0,1,,0.0009305210918114144,,0.014512383900928792,0.0,0.0,0.0,1.0,0.0,0.0
stochastic_contradictions,p0.50,p0.50,9,uncertainty_cost_avoidance,Cost avoidance,3,31,13,3,3,0,0.5,,1,32,0,32,0,0,1,,0.0009305210918114144,,0.014512383900928792,0.0,0.0,0.0,1.0,0.0,0.0
stochastic_contradictions,p0.50,p0.50,9,uncertainty_cost_avoidance,Cost avoidance,4,31,13,3,3,0,0.5,,1,32,0,32,0,0,1,,0.0009305210918114144,,0.014512383900928792,0.0,0.0,0.0,1.0,0.0,0.0
stochastic_contradictions,p0.50,p0.50,9,uncertainty_cost_avoidance,Cost avoidance,5,31,13,3,3,0,0.5,,1,32,0,32,0,0,1,,0.0009305210918114144,,0.014512383900928792,0.0,0.0,0.0,1.0,0.0,0.0
stochastic_contradictions,p0.50,p0.50,9,uncertainty_cost_avoidance,Cost avoidance,6,31,13,3,3,0,0.5,,1,32,0,32,0,0,1,,0.0009305210918114144,,0.014512383900928792,0.0,0.0,0.0,1.0,0.0,0.0
stochastic_contradictions,p0.50,p0.50,9,uncertainty_cost_avoidance,Cost avoidance,7,31,13,3,3,0,0.5,,1,32,0,32,0,0,1,,0.0009305210918114144,,0.014512383900928792,0.0,0.0,0.0,1.0,0.0,0.0
stochastic_contradictions,p0.50,p0.50,9,oracle_fault_model,Oracle,0,31,13,3,3,0,0.5,,1,32,0,32,0,0,0,,0.0009305210918114144,,0.014512383900928792,3.0,3.0,0.0,1.0,1.0,0.0
stochastic_contradictions,p0.50,p0.50,9,oracle_fault_model,Oracle,1,31,13,3,3,0,0.5,,1,32,0,32,0,0,0,,0.0009305210918114144,,0.014512383900928792,3.0,3.0,0.0,1.0,1.0,0.0
stochastic_contradictions,p0.50,p0.50,9,oracle_fault_model,Oracle,2,31,13,3,3,0,0.5,,1,32,0,32,0,0,0,,0.0009305210918114144,,0.014512383900928792,3.0,3.0,0.0,1.0,1.0,0.0
stochastic_contradictions,p0.50,p0.50,9,oracle_fault_model,Oracle,3,31,13,3,3,0,0.5,,1,32,0,32,0,0,0,,0.0009305210918114144,,0.014512383900928792,3.0,3.0,0.0,1.0,1.0,0.0
stochastic_contradictions,p0.50,p0.50,9,oracle_fault_model,Oracle,4,31,13,3,3,0,0.5,,1,32,0,32,0,0,0,,0.0009305210918114144,,0.014512383900928792,3.0,3.0,0.0,1.0,1.0,0.0
stochastic_contradictions,p0.50,p0.50,9,oracle_fault_model,Oracle,5,31,13,3,3,0,0.5,,1,32,0,32,0,0,0,,0.0009305210918114144,,0.014512383900928792,3.0,3.0,0.0,1.0,1.0,0.0
stochastic_contradictions,p0.50,p0.50,9,oracle_fault_model,Oracle,6,31,13,3,3,0,0.5,,1,32,0,32,0,0,0,,0.0009305210918114144,,0.014512383900928792,3.0,3.0,0.0,1.0,1.0,0.0
stochastic_contradictions,p0.50,p0.50,9,oracle_fault_model,Oracle,7,31,13,3,3,0,0.5,,1,32,0,32,0,0,0,,0.0009305210918114144,,0.014512383900928792,3.0,3.0,0.0,1.0,1.0,0.0
stochastic_contradictions,p0.50,p0.50,10,nominal_no_repair,Nominal,0,31,13,3,3,0,0.5,,0,220,216,5,0,1,0,,0.0009305210918114144,,0.014512383900928792,0.0,0.0,0.0,1.0,0.0,0.0
stochastic_contradictions,p0.50,p0.50,10,nominal_no_repair,Nominal,1,31,13,3,3,0,0.5,,1,30,0,30,0,0,0,,0.0009305210918114144,,0.014512383900928792,0.0,0.0,0.0,1.0,0.0,0.0
stochastic_contradictions,p0.50,p0.50,10,nominal_no_repair,Nominal,2,31,13,3,3,0,0.5,,0,220,207,14,0,1,0,,0.0009305210918114144,,0.014512383900928792,0.0,0.0,0.0,1.0,0.0,0.0
stochastic_contradictions,p0.50,p0.50,10,nominal_no_repair,Nominal,3,31,13,3,3,0,0.5,,0,220,216,5,0,1,0,,0.0009305210918114144,,0.014512383900928792,0.0,0.0,0.0,1.0,0.0,0.0
stochastic_contradictions,p0.50,p0.50,10,nominal_no_repair,Nominal,4,31,13,3,3,0,0.5,,1,30,0,30,0,0,0,,0.0009305210918114144,,0.014512383900928792,0.0,0.0,0.0,1.0,0.0,0.0
stochastic_contradictions,p0.50,p0.50,10,nominal_no_repair,Nominal,5,31,13,3,3,0,0.5,,0,220,216,5,0,1,0,,0.0009305210918114144,,0.014512383900928792,0.0,0.0,0.0,1.0,0.0,0.0
stochastic_contradictions,p0.50,p0.50,10,nominal_no_repair,Nominal,6,31,13,3,3,0,0.5,,0,220,215,6,0,1,0,,0.0009305210918114144,,0.014512383900928792,0.0,0.0,0.0,1.0,0.0,0.0
stochastic_contradictions,p0.50,p0.50,10,nominal_no_repair,Nominal,7,31,13,3,3,0,0.5,,0,220,215,6,0,1,0,,0.0009305210918114144,,0.014512383900928792,0.0,0.0,0.0,1.0,0.0,0.0
stochastic_contradictions,p0.50,p0.50,10,threshold_2,Threshold 2,0,31,13,3,3,0,0.5,,1,34,2,34,0,0,1,,0.0009305210918114144,,0.014512383900928792,1.0,1.0,0.0,1.0,0.3333333333333333,0.0
stochastic_contradictions,p0.50,p0.50,10,threshold_2,Threshold 2,1,31,13,3,3,0,0.5,,1,34,2,34,0,0,2,,0.0009305210918114144,,0.014512383900928792,2.0,2.0,0.0,1.0,0.6666666666666666,0.0
stochastic_contradictions,p0.50,p0.50,10,threshold_2,Threshold 2,2,31,13,3,3,0,0.5,,1,32,0,32,0,0,2,,0.0009305210918114144,,0.014512383900928792,2.0,2.0,0.0,1.0,0.6666666666666666,0.0
stochastic_contradictions,p0.50,p0.50,10,threshold_2,Threshold 2,3,31,13,3,3,0,0.5,,1,32,0,32,0,0,2,,0.0009305210918114144,,0.014512383900928792,2.0,2.0,0.0,1.0,0.6666666666666666,0.0
stochastic_contradictions,p0.50,p0.50,10,threshold_2,Threshold 2,4,31,13,3,3,0,0.5,,1,32,0,32,0,0,2,,0.0009305210918114144,,0.014512383900928792,2.0,2.0,0.0,1.0,0.6666666666666666,0.0
stochastic_contradictions,p0.50,p0.50,10,threshold_2,Threshold 2,5,31,13,3,3,0,0.5,,1,32,0,32,0,0,2,,0.0009305210918114144,,0.014512383900928792,2.0,2.0,0.0,1.0,0.6666666666666666,0.0
stochastic_contradictions,p0.50,p0.50,10,threshold_2,Threshold 2,6,31,13,3,3,0,0.5,,1,32,0,32,0,0,2,,0.0009305210918114144,,0.014512383900928792,2.0,2.0,0.0,1.0,0.6666666666666666,0.0
stochastic_contradictions,p0.50,p0.50,10,threshold_2,Threshold 2,7,31,13,3,3,0,0.5,,1,32,0,32,0,0,2,,0.0009305210918114144,,0.014512383900928792,2.0,2.0,0.0,1.0,0.6666666666666666,0.0
stochastic_contradictions,p0.50,p0.50,10,threshold_4,Threshold 4,0,31,13,3,3,0,0.5,,1,36,6,36,0,0,0,,0.0009305210918114144,,0.014512383900928792,0.0,0.0,0.0,1.0,0.0,0.0
stochastic_contradictions,p0.50,p0.50,10,threshold_4,Threshold 4,1,31,13,3,3,0,0.5,,1,33,1,33,0,0,1,,0.0009305210918114144,,0.014512383900928792,1.0,1.0,0.0,1.0,0.3333333333333333,0.0
stochastic_contradictions,p0.50,p0.50,10,threshold_4,Threshold 4,2,31,13,3,3,0,0.5,,1,33,1,33,0,0,1,,0.0009305210918114144,,0.014512383900928792,1.0,1.0,0.0,1.0,0.3333333333333333,0.0
stochastic_contradictions,p0.50,p0.50,10,threshold_4,Threshold 4,3,31,13,3,3,0,0.5,,1,33,1,33,0,0,1,,0.0009305210918114144,,0.014512383900928792,1.0,1.0,0.0,1.0,0.3333333333333333,0.0
stochastic_contradictions,p0.50,p0.50,10,threshold_4,Threshold 4,4,31,13,3,3,0,0.5,,1,33,1,33,0,0,2,,0.0009305210918114144,,0.014512383900928792,2.0,2.0,0.0,1.0,0.6666666666666666,0.0
stochastic_contradictions,p0.50,p0.50,10,threshold_4,Threshold 4,5,31,13,3,3,0,0.5,,1,32,0,32,0,0,2,,0.0009305210918114144,,0.014512383900928792,2.0,2.0,0.0,1.0,0.6666666666666666,0.0
stochastic_contradictions,p0.50,p0.50,10,threshold_4,Threshold 4,6,31,13,3,3,0,0.5,,1,32,0,32,0,0,2,,0.0009305210918114144,,0.014512383900928792,2.0,2.0,0.0,1.0,0.6666666666666666,0.0
stochastic_contradictions,p0.50,p0.50,10,threshold_4,Threshold 4,7,31,13,3,3,0,0.5,,1,32,0,32,0,0,2,,0.0009305210918114144,,0.014512383900928792,2.0,2.0,0.0,1.0,0.6666666666666666,0.0
stochastic_contradictions,p0.50,p0.50,10,threshold_8,Threshold 8,0,31,13,3,3,0,0.5,,1,36,6,36,0,0,0,,0.0009305210918114144,,0.014512383900928792,0.0,0.0,0.0,1.0,0.0,0.0
stochastic_contradictions,p0.50,p0.50,10,threshold_8,Threshold 8,1,31,13,3,3,0,0.5,,1,35,5,35,0,0,0,,0.0009305210918114144,,0.014512383900928792,0.0,0.0,0.0,1.0,0.0,0.0
stochastic_contradictions,p0.50,p0.50,10,threshold_8,Threshold 8,2,31,13,3,3,0,0.5,,1,30,0,30,0,0,0,,0.0009305210918114144,,0.014512383900928792,0.0,0.0,0.0,1.0,0.0,0.0
stochastic_contradictions,p0.50,p0.50,10,threshold_8,Threshold 8,3,31,13,3,3,0,0.5,,1,37,5,37,0,0,1,,0.0009305210918114144,,0.014512383900928792,1.0,1.0,0.0,1.0,0.3333333333333333,0.0
stochastic_contradictions,p0.50,p0.50,10,threshold_8,Threshold 8,4,31,13,3,3,0,0.5,,1,34,2,34,0,0,1,,0.0009305210918114144,,0.014512383900928792,1.0,1.0,0.0,1.0,0.3333333333333333,0.0
stochastic_contradictions,p0.50,p0.50,10,threshold_8,Threshold 8,5,31,13,3,3,0,0.5,,1,32,0,32,0,0,1,,0.0009305210918114144,,0.014512383900928792,1.0,1.0,0.0,1.0,0.3333333333333333,0.0
stochastic_contradictions,p0.50,p0.50,10,threshold_8,Threshold 8,6,31,13,3,3,0,0.5,,1,34,2,34,0,0,2,,0.0009305210918114144,,0.014512383900928792,2.0,2.0,0.0,1.0,0.6666666666666666,0.0
stochastic_contradictions,p0.50,p0.50,10,threshold_8,Threshold 8,7,31,13,3,3,0,0.5,,1,32,0,32,0,0,2,,0.0009305210918114144,,0.014512383900928792,2.0,2.0,0.0,1.0,0.6666666666666666,0.0
stochastic_contradictions,p0.50,p0.50,10,ccra_exact_guard,CCRA exact,0,31,13,3,3,0,0.5,,1,33,1,33,0,0,1,,0.0009305210918114144,,0.014512383900928792,1.0,1.0,0.0,1.0,0.3333333333333333,0.0
stochastic_contradictions,p0.50,p0.50,10,ccra_exact_guard,CCRA exact,1,31,13,3,3,0,0.5,,1,32,0,32,0,0,1,,0.0009305210918114144,,0.014512383900928792,1.0,1.0,0.0,1.0,0.3333333333333333,0.0
stochastic_contradictions,p0.50,p0.50,10,ccra_exact_guard,CCRA exact,2,31,13,3,3,0,0.5,,1,32,0,32,0,0,1,,0.0009305210918114144,,0.014512383900928792,1.0,1.0,0.0,1.0,0.3333333333333333,0.0
stochastic_contradictions,p0.50,p0.50,10,ccra_exact_guard,CCRA exact,3,31,13,3,3,0,0.5,,1,32,0,32,0,0,1,,0.0009305210918114144,,0.014512383900928792,1.0,1.0,0.0,1.0,0.3333333333333333,0.0
stochastic_contradictions,p0.50,p0.50,10,ccra_exact_guard,CCRA exact,4,31,13,3,3,0,0.5,,1,32,0,32,0,0,1,,0.0009305210918114144,,0.014512383900928792,1.0,1.0,0.0,1.0,0.3333333333333333,0.0
stochastic_contradictions,p0.50,p0.50,10,ccra_exact_guard,CCRA exact,5,31,13,3,3,0,0.5,,1,32,0,32,0,0,1,,0.0009305210918114144,,0.014512383900928792,1.0,1.0,0.0,1.0,0.3333333333333333,0.0
stochastic_contradictions,p0.50,p0.50,10,ccra_exact_guard,CCRA exact,6,31,13,3,3,0,0.5,,1,32,0,32,0,0,1,,0.0009305210918114144,,0.014512383900928792,1.0,1.0,0.0,1.0,0.3333333333333333,0.0
stochastic_contradictions,p0.50,p0.50,10,ccra_exact_guard,CCRA exact,7,31,13,3,3,0,0.5,,1,32,0,32,0,0,1,,0.0009305210918114144,,0.014512383900928792,1.0,1.0,0.0,1.0,0.3333333333333333,0.0
stochastic_contradictions,p0.50,p0.50,10,uncertainty_cost_avoidance,Cost avoidance,0,31,13,3,3,0,0.5,,1,33,1,33,0,0,1,,0.0009305210918114144,,0.014512383900928792,0.0,0.0,0.0,1.0,0.0,0.0
stochastic_contradictions,p0.50,p0.50,10,uncertainty_cost_avoidance,Cost avoidance,1,31,13,3,3,0,0.5,,1,33,1,33,0,0,2,,0.0009305210918114144,,0.014512383900928792,0.0,0.0,0.0,1.0,0.0,0.0
stochastic_contradictions,p0.50,p0.50,10,uncertainty_cost_avoidance,Cost avoidance,2,31,13,3,3,0,0.5,,1,33,1,33,0,0,3,,0.0009305210918114144,,0.014512383900928792,0.0,0.0,0.0,1.0,0.0,0.0
stochastic_contradictions,p0.50,p0.50,10,uncertainty_cost_avoidance,Cost avoidance,3,31,13,3,3,0,0.5,,1,32,0,32,0,0,3,,0.0009305210918114144,,0.014512383900928792,0.0,0.0,0.0,1.0,0.0,0.0
stochastic_contradictions,p0.50,p0.50,10,uncertainty_cost_avoidance,Cost avoidance,4,31,13,3,3,0,0.5,,1,32,0,32,0,0,3,,0.0009305210918114144,,0.014512383900928792,0.0,0.0,0.0,1.0,0.0,0.0
stochastic_contradictions,p0.50,p0.50,10,uncertainty_cost_avoidance,Cost avoidance,5,31,13,3,3,0,0.5,,1,32,0,32,0,0,3,,0.0009305210918114144,,0.014512383900928792,0.0,0.0,0.0,1.0,0.0,0.0
stochastic_contradictions,p0.50,p0.50,10,uncertainty_cost_avoidance,Cost avoidance,6,31,13,3,3,0,0.5,,1,32,0,32,0,0,3,,0.0009305210918114144,,0.014512383900928792,0.0,0.0,0.0,1.0,0.0,0.0
stochastic_contradictions,p0.50,p0.50,10,uncertainty_cost_avoidance,Cost avoidance,7,31,13,3,3,0,0.5,,1,32,0,32,0,0,3,,0.0009305210918114144,,0.014512383900928792,0.0,0.0,0.0,1.0,0.0,0.0
stochastic_contradictions,p0.50,p0.50,10,oracle_fault_model,Oracle,0,31,13,3,3,0,0.5,,1,32,0,32,0,0,0,,0.0009305210918114144,,0.014512383900928792,3.0,3.0,0.0,1.0,1.0,0.0
stochastic_contradictions,p0.50,p0.50,10,oracle_fault_model,Oracle,1,31,13,3,3,0,0.5,,1,32,0,32,0,0,0,,0.0009305210918114144,,0.014512383900928792,3.0,3.0,0.0,1.0,1.0,0.0
stochastic_contradictions,p0.50,p0.50,10,oracle_fault_model,Oracle,2,31,13,3,3,0,0.5,,1,32,0,32,0,0,0,,0.0009305210918114144,,0.014512383900928792,3.0,3.0,0.0,1.0,1.0,0.0
stochastic_contradictions,p0.50,p0.50,10,oracle_fault_model,Oracle,3,31,13,3,3,0,0.5,,1,32,0,32,0,0,0,,0.0009305210918114144,,0.014512383900928792,3.0,3.0,0.0,1.0,1.0,0.0
stochastic_contradictions,p0.50,p0.50,10,oracle_fault_model,Oracle,4,31,13,3,3,0,0.5,,1,32,0,32,0,0,0,,0.0009305210918114144,,0.014512383900928792,3.0,3.0,0.0,1.0,1.0,0.0
stochastic_contradictions,p0.50,p0.50,10,oracle_fault_model,Oracle,5,31,13,3,3,0,0.5,,1,32,0,32,0,0,0,,0.0009305210918114144,,0.014512383900928792,3.0,3.0,0.0,1.0,1.0,0.0
stochastic_contradictions,p0.50,p0.50,10,oracle_fault_model,Oracle,6,31,13,3,3,0,0.5,,1,32,0,32,0,0,0,,0.0009305210918114144,,0.014512383900928792,3.0,3.0,0.0,1.0,1.0,0.0
stochastic_contradictions,p0.50,p0.50,10,oracle_fault_model,Oracle,7,31,13,3,3,0,0.5,,1,32,0,32,0,0,0,,0.0009305210918114144,,0.014512383900928792,3.0,3.0,0.0,1.0,1.0,0.0
stochastic_contradictions,p0.50,p0.50,11,nominal_no_repair,Nominal,0,31,13,3,3,0,0.5,,0,220,213,8,0,1,0,,0.0009305210918114144,,0.014512383900928792,0.0,0.0,0.0,1.0,0.0,0.0
stochastic_contradictions,p0.50,p0.50,11,nominal_no_repair,Nominal,1,31,13,3,3,0,0.5,,0,220,213,8,0,1,0,,0.0009305210918114144,,0.014512383900928792,0.0,0.0,0.0,1.0,0.0,0.0
stochastic_contradictions,p0.50,p0.50,11,nominal_no_repair,Nominal,2,31,13,3,3,0,0.5,,0,220,213,8,0,1,0,,0.0009305210918114144,,0.014512383900928792,0.0,0.0,0.0,1.0,0.0,0.0
stochastic_contradictions,p0.50,p0.50,11,nominal_no_repair,Nominal,3,31,13,3,3,0,0.5,,1,30,0,30,0,0,0,,0.0009305210918114144,,0.014512383900928792,0.0,0.0,0.0,1.0,0.0,0.0
stochastic_contradictions,p0.50,p0.50,11,nominal_no_repair,Nominal,4,31,13,3,3,0,0.5,,0,220,213,8,0,1,0,,0.0009305210918114144,,0.014512383900928792,0.0,0.0,0.0,1.0,0.0,0.0
stochastic_contradictions,p0.50,p0.50,11,nominal_no_repair,Nominal,5,31,13,3,3,0,0.5,,0,220,213,8,0,1,0,,0.0009305210918114144,,0.014512383900928792,0.0,0.0,0.0,1.0,0.0,0.0
stochastic_contradictions,p0.50,p0.50,11,nominal_no_repair,Nominal,6,31,13,3,3,0,0.5,,0,220,213,8,0,1,0,,0.0009305210918114144,,0.014512383900928792,0.0,0.0,0.0,1.0,0.0,0.0
stochastic_contradictions,p0.50,p0.50,11,nominal_no_repair,Nominal,7,31,13,3,3,0,0.5,,1,30,0,30,0,0,0,,0.0009305210918114144,,0.014512383900928792,0.0,0.0,0.0,1.0,0.0,0.0
stochastic_contradictions,p0.50,p0.50,11,threshold_2,Threshold 2,0,31,13,3,3,0,0.5,,1,34,2,34,0,0,1,,0.0009305210918114144,,0.014512383900928792,1.0,1.0,0.0,1.0,0.3333333333333333,0.0
stochastic_contradictions,p0.50,p0.50,11,threshold_2,Threshold 2,1,31,13,3,3,0,0.5,,1,34,2,34,0,0,2,,0.0009305210918114144,,0.014512383900928792,2.0,2.0,0.0,1.0,0.6666666666666666,0.0
stochastic_contradictions,p0.50,p0.50,11,threshold_2,Threshold 2,2,31,13,3,3,0,0.5,,1,32,0,32,0,0,2,,0.0009305210918114144,,0.014512383900928792,2.0,2.0,0.0,1.0,0.6666666666666666,0.0
stochastic_contradictions,p0.50,p0.50,11,threshold_2,Threshold 2,3,31,13,3,3,0,0.5,,1,32,0,32,0,0,2,,0.0009305210918114144,,0.014512383900928792,2.0,2.0,0.0,1.0,0.6666666666666666,0.0
stochastic_contradictions,p0.50,p0.50,11,threshold_2,Threshold 2,4,31,13,3,3,0,0.5,,1,32,0,32,0,0,2,,0.0009305210918114144,,0.014512383900928792,2.0,2.0,0.0,1.0,0.6666666666666666,0.0
stochastic_contradictions,p0.50,p0.50,11,threshold_2,Threshold 2,5,31,13,3,3,0,0.5,,1,32,0,32,0,0,2,,0.0009305210918114144,,0.014512383900928792,2.0,2.0,0.0,1.0,0.6666666666666666,0.0
stochastic_contradictions,p0.50,p0.50,11,threshold_2,Threshold 2,6,31,13,3,3,0,0.5,,1,32,0,32,0,0,2,,0.0009305210918114144,,0.014512383900928792,2.0,2.0,0.0,1.0,0.6666666666666666,0.0
stochastic_contradictions,p0.50,p0.50,11,threshold_2,Threshold 2,7,31,13,3,3,0,0.5,,1,32,0,32,0,0,2,,0.0009305210918114144,,0.014512383900928792,2.0,2.0,0.0,1.0,0.6666666666666666,0.0
stochastic_contradictions,p0.50,p0.50,11,threshold_4,Threshold 4,0,31,13,3,3,0,0.5,,1,32,2,32,0,0,0,,0.0009305210918114144,,0.014512383900928792,0.0,0.0,0.0,1.0,0.0,0.0
stochastic_contradictions,p0.50,p0.50,11,threshold_4,Threshold 4,1,31,13,3,3,0,0.5,,1,31,1,31,0,0,0,,0.0009305210918114144,,0.014512383900928792,0.0,0.0,0.0,1.0,0.0,0.0
stochastic_contradictions,p0.50,p0.50,11,threshold_4,Threshold 4,2,31,13,3,3,0,0.5,,1,32,2,32,0,0,0,,0.0009305210918114144,,0.014512383900928792,0.0,0.0,0.0,1.0,0.0,0.0
stochastic_contradictions,p0.50,p0.50,11,threshold_4,Threshold 4,3,31,13,3,3,0,0.5,,1,33,1,33,0,0,1,,0.0009305210918114144,,0.014512383900928792,1.0,1.0,0.0,1.0,0.3333333333333333,0.0
stochastic_contradictions,p0.50,p0.50,11,threshold_4,Threshold 4,4,31,13,3,3,0,0.5,,1,32,0,32,0,0,1,,0.0009305210918114144,,0.014512383900928792,1.0,1.0,0.0,1.0,0.3333333333333333,0.0
stochastic_contradictions,p0.50,p0.50,11,threshold_4,Threshold 4,5,31,13,3,3,0,0.5,,1,33,1,33,0,0,1,,0.0009305210918114144,,0.014512383900928792,1.0,1.0,0.0,1.0,0.3333333333333333,0.0
stochastic_contradictions,p0.50,p0.50,11,threshold_4,Threshold 4,6,31,13,3,3,0,0.5,,1,32,0,32,0,0,1,,0.0009305210918114144,,0.014512383900928792,1.0,1.0,0.0,1.0,0.3333333333333333,0.0
stochastic_contradictions,p0.50,p0.50,11,threshold_4,Threshold 4,7,31,13,3,3,0,0.5,,1,35,3,35,0,0,2,,0.0009305210918114144,,0.014512383900928792,2.0,2.0,0.0,1.0,0.6666666666666666,0.0
stochastic_contradictions,p0.50,p0.50,11,threshold_8,Threshold 8,0,31,13,3,3,0,0.5,,1,36,6,36,0,0,0,,0.0009305210918114144,,0.014512383900928792,0.0,0.0,0.0,1.0,0.0,0.0
stochastic_contradictions,p0.50,p0.50,11,threshold_8,Threshold 8,1,31,13,3,3,0,0.5,,1,30,0,30,0,0,0,,0.0009305210918114144,,0.014512383900928792,0.0,0.0,0.0,1.0,0.0,0.0
stochastic_contradictions,p0.50,p0.50,11,threshold_8,Threshold 8,2,31,13,3,3,0,0.5,,1,31,1,31,0,0,0,,0.0009305210918114144,,0.014512383900928792,0.0,0.0,0.0,1.0,0.0,0.0
stochastic_contradictions,p0.50,p0.50,11,threshold_8,Threshold 8,3,31,13,3,3,0,0.5,,1,30,0,30,0,0,0,,0.0009305210918114144,,0.014512383900928792,0.0,0.0,0.0,1.0,0.0,0.0
stochastic_contradictions,p0.50,p0.50,11,threshold_8,Threshold 8,4,31,13,3,3,0,0.5,,1,30,0,30,0,0,0,,0.0009305210918114144,,0.014512383900928792,0.0,0.0,0.0,1.0,0.0,0.0
stochastic_contradictions,p0.50,p0.50,11,threshold_8,Threshold 8,5,31,13,3,3,0,0.5,,1,31,1,31,0,0,0,,0.0009305210918114144,,0.014512383900928792,0.0,0.0,0.0,1.0,0.0,0.0
stochastic_contradictions,p0.50,p0.50,11,threshold_8,Threshold 8,6,31,13,3,3,0,0.5,,1,32,2,32,0,0,0,,0.0009305210918114144,,0.014512383900928792,0.0,0.0,0.0,1.0,0.0,0.0
stochastic_contradictions,p0.50,p0.50,11,threshold_8,Threshold 8,7,31,13,3,3,0,0.5,,1,31,1,31,0,0,0,,0.0009305210918114144,,0.014512383900928792,0.0,0.0,0.0,1.0,0.0,0.0
stochastic_contradictions,p0.50,p0.50,11,ccra_exact_guard,CCRA exact,0,31,13,3,3,0,0.5,,1,33,1,33,0,0,1,,0.0009305210918114144,,0.014512383900928792,1.0,1.0,0.0,1.0,0.3333333333333333,0.0
stochastic_contradictions,p0.50,p0.50,11,ccra_exact_guard,CCRA exact,1,31,13,3,3,0,0.5,,1,32,0,32,0,0,1,,0.0009305210918114144,,0.014512383900928792,1.0,1.0,0.0,1.0,0.3333333333333333,0.0
stochastic_contradictions,p0.50,p0.50,11,ccra_exact_guard,CCRA exact,2,31,13,3,3,0,0.5,,1,33,1,33,0,0,2,,0.0009305210918114144,,0.014512383900928792,2.0,2.0,0.0,1.0,0.6666666666666666,0.0
stochastic_contradictions,p0.50,p0.50,11,ccra_exact_guard,CCRA exact,3,31,13,3,3,0,0.5,,1,32,0,32,0,0,2,,0.0009305210918114144,,0.014512383900928792,2.0,2.0,0.0,1.0,0.6666666666666666,0.0
stochastic_contradictions,p0.50,p0.50,11,ccra_exact_guard,CCRA exact,4,31,13,3,3,0,0.5,,1,32,0,32,0,0,2,,0.0009305210918114144,,0.014512383900928792,2.0,2.0,0.0,1.0,0.6666666666666666,0.0
stochastic_contradictions,p0.50,p0.50,11,ccra_exact_guard,CCRA exact,5,31,13,3,3,0,0.5,,1,32,0,32,0,0,2,,0.0009305210918114144,,0.014512383900928792,2.0,2.0,0.0,1.0,0.6666666666666666,0.0
stochastic_contradictions,p0.50,p0.50,11,ccra_exact_guard,CCRA exact,6,31,13,3,3,0,0.5,,1,32,0,32,0,0,2,,0.0009305210918114144,,0.014512383900928792,2.0,2.0,0.0,1.0,0.6666666666666666,0.0
stochastic_contradictions,p0.50,p0.50,11,ccra_exact_guard,CCRA exact,7,31,13,3,3,0,0.5,,1,32,0,32,0,0,2,,0.0009305210918114144,,0.014512383900928792,2.0,2.0,0.0,1.0,0.6666666666666666,0.0
stochastic_contradictions,p0.50,p0.50,11,uncertainty_cost_avoidance,Cost avoidance,0,31,13,3,3,0,0.5,,1,33,1,33,0,0,1,,0.0009305210918114144,,0.014512383900928792,0.0,0.0,0.0,1.0,0.0,0.0
stochastic_contradictions,p0.50,p0.50,11,uncertainty_cost_avoidance,Cost avoidance,1,31,13,3,3,0,0.5,,1,32,0,32,0,0,1,,0.0009305210918114144,,0.014512383900928792,0.0,0.0,0.0,1.0,0.0,0.0
stochastic_contradictions,p0.50,p0.50,11,uncertainty_cost_avoidance,Cost avoidance,2,31,13,3,3,0,0.5,,1,32,0,32,0,0,1,,0.0009305210918114144,,0.014512383900928792,0.0,0.0,0.0,1.0,0.0,0.0
stochastic_contradictions,p0.50,p0.50,11,uncertainty_cost_avoidance,Cost avoidance,3,31,13,3,3,0,0.5,,1,32,0,32,0,0,1,,0.0009305210918114144,,0.014512383900928792,0.0,0.0,0.0,1.0,0.0,0.0
stochastic_contradictions,p0.50,p0.50,11,uncertainty_cost_avoidance,Cost avoidance,4,31,13,3,3,0,0.5,,1,32,0,32,0,0,1,,0.0009305210918114144,,0.014512383900928792,0.0,0.0,0.0,1.0,0.0,0.0
stochastic_contradictions,p0.50,p0.50,11,uncertainty_cost_avoidance,Cost avoidance,5,31,13,3,3,0,0.5,,1,32,0,32,0,0,1,,0.0009305210918114144,,0.014512383900928792,0.0,0.0,0.0,1.0,0.0,0.0
stochastic_contradictions,p0.50,p0.50,11,uncertainty_cost_avoidance,Cost avoidance,6,31,13,3,3,0,0.5,,1,32,0,32,0,0,1,,0.0009305210918114144,,0.014512383900928792,0.0,0.0,0.0,1.0,0.0,0.0
stochastic_contradictions,p0.50,p0.50,11,uncertainty_cost_avoidance,Cost avoidance,7,31,13,3,3,0,0.5,,1,32,0,32,0,0,1,,0.0009305210918114144,,0.014512383900928792,0.0,0.0,0.0,1.0,0.0,0.0
stochastic_contradictions,p0.50,p0.50,11,oracle_fault_model,Oracle,0,31,13,3,3,0,0.5,,1,32,0,32,0,0,0,,0.0009305210918114144,,0.014512383900928792,3.0,3.0,0.0,1.0,1.0,0.0
stochastic_contradictions,p0.50,p0.50,11,oracle_fault_model,Oracle,1,31,13,3,3,0,0.5,,1,32,0,32,0,0,0,,0.0009305210918114144,,0.014512383900928792,3.0,3.0,0.0,1.0,1.0,0.0
stochastic_contradictions,p0.50,p0.50,11,oracle_fault_model,Oracle,2,31,13,3,3,0,0.5,,1,32,0,32,0,0,0,,0.0009305210918114144,,0.014512383900928792,3.0,3.0,0.0,1.0,1.0,0.0
stochastic_contradictions,p0.50,p0.50,11,oracle_fault_model,Oracle,3,31,13,3,3,0,0.5,,1,32,0,32,0,0,0,,0.0009305210918114144,,0.014512383900928792,3.0,3.0,0.0,1.0,1.0,0.0
stochastic_contradictions,p0.50,p0.50,11,oracle_fault_model,Oracle,4,31,13,3,3,0,0.5,,1,32,0,32,0,0,0,,0.0009305210918114144,,0.014512383900928792,3.0,3.0,0.0,1.0,1.0,0.0
stochastic_contradictions,p0.50,p0.50,11,oracle_fault_model,Oracle,5,31,13,3,3,0,0.5,,1,32,0,32,0,0,0,,0.0009305210918114144,,0.014512383900928792,3.0,3.0,0.0,1.0,1.0,0.0
stochastic_contradictions,p0.50,p0.50,11,oracle_fault_model,Oracle,6,31,13,3,3,0,0.5,,1,32,0,32,0,0,0,,0.0009305210918114144,,0.014512383900928792,3.0,3.0,0.0,1.0,1.0,0.0
stochastic_contradictions,p0.50,p0.50,11,oracle_fault_model,Oracle,7,31,13,3,3,0,0.5,,1,32,0,32,0,0,0,,0.0009305210918114144,,0.014512383900928792,3.0,3.0,0.0,1.0,1.0,0.0
stochastic_contradictions,p0.50,p0.50,12,nominal_no_repair,Nominal,0,31,13,3,3,0,0.5,,0,220,214,7,0,1,0,,0.0009305210918114144,,0.014512383900928792,0.0,0.0,0.0,1.0,0.0,0.0
stochastic_contradictions,p0.50,p0.50,12,nominal_no_repair,Nominal,1,31,13,3,3,0,0.5,,0,220,215,6,0,1,0,,0.0009305210918114144,,0.014512383900928792,0.0,0.0,0.0,1.0,0.0,0.0
stochastic_contradictions,p0.50,p0.50,12,nominal_no_repair,Nominal,2,31,13,3,3,0,0.5,,0,220,215,6,0,1,0,,0.0009305210918114144,,0.014512383900928792,0.0,0.0,0.0,1.0,0.0,0.0
stochastic_contradictions,p0.50,p0.50,12,nominal_no_repair,Nominal,3,31,13,3,3,0,0.5,,0,220,214,7,0,1,0,,0.0009305210918114144,,0.014512383900928792,0.0,0.0,0.0,1.0,0.0,0.0
stochastic_contradictions,p0.50,p0.50,12,nominal_no_repair,Nominal,4,31,13,3,3,0,0.5,,0,220,215,6,0,1,0,,0.0009305210918114144,,0.014512383900928792,0.0,0.0,0.0,1.0,0.0,0.0
stochastic_contradictions,p0.50,p0.50,12,nominal_no_repair,Nominal,5,31,13,3,3,0,0.5,,0,220,195,26,0,1,0,,0.0009305210918114144,,0.014512383900928792,0.0,0.0,0.0,1.0,0.0,0.0
stochastic_contradictions,p0.50,p0.50,12,nominal_no_repair,Nominal,6,31,13,3,3,0,0.5,,0,220,195,26,0,1,0,,0.0009305210918114144,,0.014512383900928792,0.0,0.0,0.0,1.0,0.0,0.0
stochastic_contradictions,p0.50,p0.50,12,nominal_no_repair,Nominal,7,31,13,3,3,0,0.5,,0,220,195,26,0,1,0,,0.0009305210918114144,,0.014512383900928792,0.0,0.0,0.0,1.0,0.0,0.0
stochastic_contradictions,p0.50,p0.50,12,threshold_2,Threshold 2,0,31,13,3,3,0,0.5,,1,30,0,30,0,0,0,,0.0009305210918114144,,0.014512383900928792,0.0,0.0,0.0,1.0,0.0,0.0
stochastic_contradictions,p0.50,p0.50,12,threshold_2,Threshold 2,1,31,13,3,3,0,0.5,,1,30,0,30,0,0,0,,0.0009305210918114144,,0.014512383900928792,0.0,0.0,0.0,1.0,0.0,0.0
stochastic_contradictions,p0.50,p0.50,12,threshold_2,Threshold 2,2,31,13,3,3,0,0.5,,1,34,2,34,0,0,1,,0.0009305210918114144,,0.014512383900928792,1.0,1.0,0.0,1.0,0.3333333333333333,0.0
stochastic_contradictions,p0.50,p0.50,12,threshold_2,Threshold 2,3,31,13,3,3,0,0.5,,1,32,0,32,0,0,1,,0.0009305210918114144,,0.014512383900928792,1.0,1.0,0.0,1.0,0.3333333333333333,0.0
stochastic_contradictions,p0.50,p0.50,12,threshold_2,Threshold 2,4,31,13,3,3,0,0.5,,1,32,0,32,0,0,1,,0.0009305210918114144,,0.014512383900928792,1.0,1.0,0.0,1.0,0.3333333333333333,0.0
stochastic_contradictions,p0.50,p0.50,12,threshold_2,Threshold 2,5,31,13,3,3,0,0.5,,1,32,0,32,0,0,1,,0.0009305210918114144,,0.014512383900928792,1.0,1.0,0.0,1.0,0.3333333333333333,0.0
stochastic_contradictions,p0.50,p0.50,12,threshold_2,Threshold 2,6,31,13,3,3,0,0.5,,1,32,0,32,0,0,1,,0.0009305210918114144,,0.014512383900928792,1.0,1.0,0.0,1.0,0.3333333333333333,0.0
stochastic_contradictions,p0.50,p0.50,12,threshold_2,Threshold 2,7,31,13,3,3,0,0.5,,1,32,0,32,0,0,1,,0.0009305210918114144,,0.014512383900928792,1.0,1.0,0.0,1.0,0.3333333333333333,0.0
stochastic_contradictions,p0.50,p0.50,12,threshold_4,Threshold 4,0,31,13,3,3,0,0.5,,1,36,6,36,0,0,0,,0.0009305210918114144,,0.014512383900928792,0.0,0.0,0.0,1.0,0.0,0.0
stochastic_contradictions,p0.50,p0.50,12,threshold_4,Threshold 4,1,31,13,3,3,0,0.5,,1,33,1,33,0,0,1,,0.0009305210918114144,,0.014512383900928792,1.0,1.0,0.0,1.0,0.3333333333333333,0.0
stochastic_contradictions,p0.50,p0.50,12,threshold_4,Threshold 4,2,31,13,3,3,0,0.5,,1,32,0,32,0,0,1,,0.0009305210918114144,,0.014512383900928792,1.0,1.0,0.0,1.0,0.3333333333333333,0.0
stochastic_contradictions,p0.50,p0.50,12,threshold_4,Threshold 4,3,31,13,3,3,0,0.5,,1,32,0,32,0,0,1,,0.0009305210918114144,,0.014512383900928792,1.0,1.0,0.0,1.0,0.3333333333333333,0.0
stochastic_contradictions,p0.50,p0.50,12,threshold_4,Threshold 4,4,31,13,3,3,0,0.5,,1,32,0,32,0,0,1,,0.0009305210918114144,,0.014512383900928792,1.0,1.0,0.0,1.0,0.3333333333333333,0.0
stochastic_contradictions,p0.50,p0.50,12,threshold_4,Threshold 4,5,31,13,3,3,0,0.5,,1,32,0,32,0,0,1,,0.0009305210918114144,,0.014512383900928792,1.0,1.0,0.0,1.0,0.3333333333333333,0.0
stochastic_contradictions,p0.50,p0.50,12,threshold_4,Threshold 4,6,31,13,3,3,0,0.5,,1,32,0,32,0,0,1,,0.0009305210918114144,,0.014512383900928792,1.0,1.0,0.0,1.0,0.3333333333333333,0.0
stochastic_contradictions,p0.50,p0.50,12,threshold_4,Threshold 4,7,31,13,3,3,0,0.5,,1,32,0,32,0,0,1,,0.0009305210918114144,,0.014512383900928792,1.0,1.0,0.0,1.0,0.3333333333333333,0.0
stochastic_contradictions,p0.50,p0.50,12,threshold_8,Threshold 8,0,31,13,3,3,0,0.5,,1,30,0,30,0,0,0,,0.0009305210918114144,,0.014512383900928792,0.0,0.0,0.0,1.0,0.0,0.0
stochastic_contradictions,p0.50,p0.50,12,threshold_8,Threshold 8,1,31,13,3,3,0,0.5,,1,30,0,30,0,0,0,,0.0009305210918114144,,0.014512383900928792,0.0,0.0,0.0,1.0,0.0,0.0
stochastic_contradictions,p0.50,p0.50,12,threshold_8,Threshold 8,2,31,13,3,3,0,0.5,,1,34,4,34,0,0,0,,0.0009305210918114144,,0.014512383900928792,0.0,0.0,0.0,1.0,0.0,0.0
stochastic_contradictions,p0.50,p0.50,12,threshold_8,Threshold 8,3,31,13,3,3,0,0.5,,1,34,4,34,0,0,0,,0.0009305210918114144,,0.014512383900928792,0.0,0.0,0.0,1.0,0.0,0.0
stochastic_contradictions,p0.50,p0.50,12,threshold_8,Threshold 8,4,31,13,3,3,0,0.5,,1,31,1,31,0,0,0,,0.0009305210918114144,,0.014512383900928792,0.0,0.0,0.0,1.0,0.0,0.0
stochastic_contradictions,p0.50,p0.50,12,threshold_8,Threshold 8,5,31,13,3,3,0,0.5,,1,34,4,34,0,0,0,,0.0009305210918114144,,0.014512383900928792,0.0,0.0,0.0,1.0,0.0,0.0
stochastic_contradictions,p0.50,p0.50,12,threshold_8,Threshold 8,6,31,13,3,3,0,0.5,,1,34,2,34,0,0,1,,0.0009305210918114144,,0.014512383900928792,1.0,1.0,0.0,1.0,0.3333333333333333,0.0
stochastic_contradictions,p0.50,p0.50,12,threshold_8,Threshold 8,7,31,13,3,3,0,0.5,,1,32,0,32,0,0,1,,0.0009305210918114144,,0.014512383900928792,1.0,1.0,0.0,1.0,0.3333333333333333,0.0
stochastic_contradictions,p0.50,p0.50,12,ccra_exact_guard,CCRA exact,0,31,13,3,3,0,0.5,,1,33,1,33,0,0,1,,0.0009305210918114144,,0.014512383900928792,1.0,1.0,0.0,1.0,0.3333333333333333,0.0
stochastic_contradictions,p0.50,p0.50,12,ccra_exact_guard,CCRA exact,1,31,13,3,3,0,0.5,,1,32,0,32,0,0,1,,0.0009305210918114144,,0.014512383900928792,1.0,1.0,0.0,1.0,0.3333333333333333,0.0
stochastic_contradictions,p0.50,p0.50,12,ccra_exact_guard,CCRA exact,2,31,13,3,3,0,0.5,,1,32,0,32,0,0,1,,0.0009305210918114144,,0.014512383900928792,1.0,1.0,0.0,1.0,0.3333333333333333,0.0
stochastic_contradictions,p0.50,p0.50,12,ccra_exact_guard,CCRA exact,3,31,13,3,3,0,0.5,,1,32,0,32,0,0,1,,0.0009305210918114144,,0.014512383900928792,1.0,1.0,0.0,1.0,0.3333333333333333,0.0
stochastic_contradictions,p0.50,p0.50,12,ccra_exact_guard,CCRA exact,4,31,13,3,3,0,0.5,,1,32,0,32,0,0,1,,0.0009305210918114144,,0.014512383900928792,1.0,1.0,0.0,1.0,0.3333333333333333,0.0
stochastic_contradictions,p0.50,p0.50,12,ccra_exact_guard,CCRA exact,5,31,13,3,3,0,0.5,,1,32,0,32,0,0,1,,0.0009305210918114144,,0.014512383900928792,1.0,1.0,0.0,1.0,0.3333333333333333,0.0
stochastic_contradictions,p0.50,p0.50,12,ccra_exact_guard,CCRA exact,6,31,13,3,3,0,0.5,,1,32,0,32,0,0,1,,0.0009305210918114144,,0.014512383900928792,1.0,1.0,0.0,1.0,0.3333333333333333,0.0
stochastic_contradictions,p0.50,p0.50,12,ccra_exact_guard,CCRA exact,7,31,13,3,3,0,0.5,,1,32,0,32,0,0,1,,0.0009305210918114144,,0.014512383900928792,1.0,1.0,0.0,1.0,0.3333333333333333,0.0
stochastic_contradictions,p0.50,p0.50,12,uncertainty_cost_avoidance,Cost avoidance,0,31,13,3,3,0,0.5,,1,33,1,33,0,0,1,,0.0009305210918114144,,0.014512383900928792,0.0,0.0,0.0,1.0,0.0,0.0
stochastic_contradictions,p0.50,p0.50,12,uncertainty_cost_avoidance,Cost avoidance,1,31,13,3,3,0,0.5,,1,33,1,33,0,0,2,,0.0009305210918114144,,0.014512383900928792,0.0,0.0,0.0,1.0,0.0,0.0
stochastic_contradictions,p0.50,p0.50,12,uncertainty_cost_avoidance,Cost avoidance,2,31,13,3,3,0,0.5,,1,32,0,32,0,0,2,,0.0009305210918114144,,0.014512383900928792,0.0,0.0,0.0,1.0,0.0,0.0
stochastic_contradictions,p0.50,p0.50,12,uncertainty_cost_avoidance,Cost avoidance,3,31,13,3,3,0,0.5,,1,32,0,32,0,0,2,,0.0009305210918114144,,0.014512383900928792,0.0,0.0,0.0,1.0,0.0,0.0
stochastic_contradictions,p0.50,p0.50,12,uncertainty_cost_avoidance,Cost avoidance,4,31,13,3,3,0,0.5,,1,32,0,32,0,0,2,,0.0009305210918114144,,0.014512383900928792,0.0,0.0,0.0,1.0,0.0,0.0
stochastic_contradictions,p0.50,p0.50,12,uncertainty_cost_avoidance,Cost avoidance,5,31,13,3,3,0,0.5,,1,32,0,32,0,0,2,,0.0009305210918114144,,0.014512383900928792,0.0,0.0,0.0,1.0,0.0,0.0
stochastic_contradictions,p0.50,p0.50,12,uncertainty_cost_avoidance,Cost avoidance,6,31,13,3,3,0,0.5,,1,32,0,32,0,0,2,,0.0009305210918114144,,0.014512383900928792,0.0,0.0,0.0,1.0,0.0,0.0
stochastic_contradictions,p0.50,p0.50,12,uncertainty_cost_avoidance,Cost avoidance,7,31,13,3,3,0,0.5,,1,32,0,32,0,0,2,,0.0009305210918114144,,0.014512383900928792,0.0,0.0,0.0,1.0,0.0,0.0
stochastic_contradictions,p0.50,p0.50,12,oracle_fault_model,Oracle,0,31,13,3,3,0,0.5,,1,32,0,32,0,0,0,,0.0009305210918114144,,0.014512383900928792,3.0,3.0,0.0,1.0,1.0,0.0
stochastic_contradictions,p0.50,p0.50,12,oracle_fault_model,Oracle,1,31,13,3,3,0,0.5,,1,32,0,32,0,0,0,,0.0009305210918114144,,0.014512383900928792,3.0,3.0,0.0,1.0,1.0,0.0
stochastic_contradictions,p0.50,p0.50,12,oracle_fault_model,Oracle,2,31,13,3,3,0,0.5,,1,32,0,32,0,0,0,,0.0009305210918114144,,0.014512383900928792,3.0,3.0,0.0,1.0,1.0,0.0
stochastic_contradictions,p0.50,p0.50,12,oracle_fault_model,Oracle,3,31,13,3,3,0,0.5,,1,32,0,32,0,0,0,,0.0009305210918114144,,0.014512383900928792,3.0,3.0,0.0,1.0,1.0,0.0
stochastic_contradictions,p0.50,p0.50,12,oracle_fault_model,Oracle,4,31,13,3,3,0,0.5,,1,32,0,32,0,0,0,,0.0009305210918114144,,0.014512383900928792,3.0,3.0,0.0,1.0,1.0,0.0
stochastic_contradictions,p0.50,p0.50,12,oracle_fault_model,Oracle,5,31,13,3,3,0,0.5,,1,32,0,32,0,0,0,,0.0009305210918114144,,0.014512383900928792,3.0,3.0,0.0,1.0,1.0,0.0
stochastic_contradictions,p0.50,p0.50,12,oracle_fault_model,Oracle,6,31,13,3,3,0,0.5,,1,32,0,32,0,0,0,,0.0009305210918114144,,0.014512383900928792,3.0,3.0,0.0,1.0,1.0,0.0
stochastic_contradictions,p0.50,p0.50,12,oracle_fault_model,Oracle,7,31,13,3,3,0,0.5,,1,32,0,32,0,0,0,,0.0009305210918114144,,0.014512383900928792,3.0,3.0,0.0,1.0,1.0,0.0
stochastic_contradictions,p0.50,p0.50,13,nominal_no_repair,Nominal,0,31,13,3,3,0,0.5,,0,220,199,22,0,1,0,,0.0009305210918114144,,0.014512383900928792,0.0,0.0,0.0,1.0,0.0,0.0
stochastic_contradictions,p0.50,p0.50,13,nominal_no_repair,Nominal,1,31,13,3,3,0,0.5,,0,220,197,24,0,1,0,,0.0009305210918114144,,0.014512383900928792,0.0,0.0,0.0,1.0,0.0,0.0
stochastic_contradictions,p0.50,p0.50,13,nominal_no_repair,Nominal,2,31,13,3,3,0,0.5,,0,220,197,24,0,1,0,,0.0009305210918114144,,0.014512383900928792,0.0,0.0,0.0,1.0,0.0,0.0
stochastic_contradictions,p0.50,p0.50,13,nominal_no_repair,Nominal,3,31,13,3,3,0,0.5,,0,220,199,22,0,1,0,,0.0009305210918114144,,0.014512383900928792,0.0,0.0,0.0,1.0,0.0,0.0
stochastic_contradictions,p0.50,p0.50,13,nominal_no_repair,Nominal,4,31,13,3,3,0,0.5,,0,220,199,22,0,1,0,,0.0009305210918114144,,0.014512383900928792,0.0,0.0,0.0,1.0,0.0,0.0
stochastic_contradictions,p0.50,p0.50,13,nominal_no_repair,Nominal,5,31,13,3,3,0,0.5,,0,220,199,22,0,1,0,,0.0009305210918114144,,0.014512383900928792,0.0,0.0,0.0,1.0,0.0,0.0
stochastic_contradictions,p0.50,p0.50,13,nominal_no_repair,Nominal,6,31,13,3,3,0,0.5,,0,220,197,24,0,1,0,,0.0009305210918114144,,0.014512383900928792,0.0,0.0,0.0,1.0,0.0,0.0
stochastic_contradictions,p0.50,p0.50,13,nominal_no_repair,Nominal,7,31,13,3,3,0,0.5,,0,220,197,24,0,1,0,,0.0009305210918114144,,0.014512383900928792,0.0,0.0,0.0,1.0,0.0,0.0
stochastic_contradictions,p0.50,p0.50,13,threshold_2,Threshold 2,0,31,13,3,3,0,0.5,,1,34,2,34,0,0,1,,0.0009305210918114144,,0.014512383900928792,1.0,1.0,0.0,1.0,0.3333333333333333,0.0
stochastic_contradictions,p0.50,p0.50,13,threshold_2,Threshold 2,1,31,13,3,3,0,0.5,,1,32,0,32,0,0,1,,0.0009305210918114144,,0.014512383900928792,1.0,1.0,0.0,1.0,0.3333333333333333,0.0
stochastic_contradictions,p0.50,p0.50,13,threshold_2,Threshold 2,2,31,13,3,3,0,0.5,,1,34,2,34,0,0,2,,0.0009305210918114144,,0.014512383900928792,2.0,2.0,0.0,1.0,0.6666666666666666,0.0
stochastic_contradictions,p0.50,p0.50,13,threshold_2,Threshold 2,3,31,13,3,3,0,0.5,,1,34,2,34,0,0,3,,0.0009305210918114144,,0.014512383900928792,3.0,3.0,0.0,1.0,1.0,0.0
stochastic_contradictions,p0.50,p0.50,13,threshold_2,Threshold 2,4,31,13,3,3,0,0.5,,1,32,0,32,0,0,3,,0.0009305210918114144,,0.014512383900928792,3.0,3.0,0.0,1.0,1.0,0.0
stochastic_contradictions,p0.50,p0.50,13,threshold_2,Threshold 2,5,31,13,3,3,0,0.5,,1,32,0,32,0,0,3,,0.0009305210918114144,,0.014512383900928792,3.0,3.0,0.0,1.0,1.0,0.0
stochastic_contradictions,p0.50,p0.50,13,threshold_2,Threshold 2,6,31,13,3,3,0,0.5,,1,32,0,32,0,0,3,,0.0009305210918114144,,0.014512383900928792,3.0,3.0,0.0,1.0,1.0,0.0
stochastic_contradictions,p0.50,p0.50,13,threshold_2,Threshold 2,7,31,13,3,3,0,0.5,,1,32,0,32,0,0,3,,0.0009305210918114144,,0.014512383900928792,3.0,3.0,0.0,1.0,1.0,0.0
stochastic_contradictions,p0.50,p0.50,13,threshold_4,Threshold 4,0,31,13,3,3,0,0.5,,1,33,3,33,0,0,0,,0.0009305210918114144,,0.014512383900928792,0.0,0.0,0.0,1.0,0.0,0.0
stochastic_contradictions,p0.50,p0.50,13,threshold_4,Threshold 4,1,31,13,3,3,0,0.5,,1,30,0,30,0,0,0,,0.0009305210918114144,,0.014512383900928792,0.0,0.0,0.0,1.0,0.0,0.0
stochastic_contradictions,p0.50,p0.50,13,threshold_4,Threshold 4,2,31,13,3,3,0,0.5,,1,33,3,33,0,0,0,,0.0009305210918114144,,0.014512383900928792,0.0,0.0,0.0,1.0,0.0,0.0
stochastic_contradictions,p0.50,p0.50,13,threshold_4,Threshold 4,3,31,13,3,3,0,0.5,,1,33,1,33,0,0,1,,0.0009305210918114144,,0.014512383900928792,1.0,1.0,0.0,1.0,0.3333333333333333,0.0
stochastic_contradictions,p0.50,p0.50,13,threshold_4,Threshold 4,4,31,13,3,3,0,0.5,,1,32,0,32,0,0,1,,0.0009305210918114144,,0.014512383900928792,1.0,1.0,0.0,1.0,0.3333333333333333,0.0
stochastic_contradictions,p0.50,p0.50,13,threshold_4,Threshold 4,5,31,13,3,3,0,0.5,,1,32,0,32,0,0,1,,0.0009305210918114144,,0.014512383900928792,1.0,1.0,0.0,1.0,0.3333333333333333,0.0
stochastic_contradictions,p0.50,p0.50,13,threshold_4,Threshold 4,6,31,13,3,3,0,0.5,,1,32,0,32,0,0,1,,0.0009305210918114144,,0.014512383900928792,1.0,1.0,0.0,1.0,0.3333333333333333,0.0
stochastic_contradictions,p0.50,p0.50,13,threshold_4,Threshold 4,7,31,13,3,3,0,0.5,,1,32,0,32,0,0,1,,0.0009305210918114144,,0.014512383900928792,1.0,1.0,0.0,1.0,0.3333333333333333,0.0
stochastic_contradictions,p0.50,p0.50,13,threshold_8,Threshold 8,0,31,13,3,3,0,0.5,,1,32,2,32,0,0,0,,0.0009305210918114144,,0.014512383900928792,0.0,0.0,0.0,1.0,0.0,0.0
stochastic_contradictions,p0.50,p0.50,13,threshold_8,Threshold 8,1,31,13,3,3,0,0.5,,1,33,3,33,0,0,0,,0.0009305210918114144,,0.014512383900928792,0.0,0.0,0.0,1.0,0.0,0.0
stochastic_contradictions,p0.50,p0.50,13,threshold_8,Threshold 8,2,31,13,3,3,0,0.5,,1,31,1,31,0,0,0,,0.0009305210918114144,,0.014512383900928792,0.0,0.0,0.0,1.0,0.0,0.0
stochastic_contradictions,p0.50,p0.50,13,threshold_8,Threshold 8,3,31,13,3,3,0,0.5,,1,38,6,38,0,0,1,,0.0009305210918114144,,0.014512383900928792,1.0,1.0,0.0,1.0,0.3333333333333333,0.0
stochastic_contradictions,p0.50,p0.50,13,threshold_8,Threshold 8,4,31,13,3,3,0,0.5,,1,34,2,34,0,0,1,,0.0009305210918114144,,0.014512383900928792,1.0,1.0,0.0,1.0,0.3333333333333333,0.0
stochastic_contradictions,p0.50,p0.50,13,threshold_8,Threshold 8,5,31,13,3,3,0,0.5,,1,35,3,35,0,0,2,,0.0009305210918114144,,0.014512383900928792,2.0,2.0,0.0,1.0,0.6666666666666666,0.0
stochastic_contradictions,p0.50,p0.50,13,threshold_8,Threshold 8,6,31,13,3,3,0,0.5,,1,32,0,32,0,0,2,,0.0009305210918114144,,0.014512383900928792,2.0,2.0,0.0,1.0,0.6666666666666666,0.0
stochastic_contradictions,p0.50,p0.50,13,threshold_8,Threshold 8,7,31,13,3,3,0,0.5,,1,32,0,32,0,0,2,,0.0009305210918114144,,0.014512383900928792,2.0,2.0,0.0,1.0,0.6666666666666666,0.0
stochastic_contradictions,p0.50,p0.50,13,ccra_exact_guard,CCRA exact,0,31,13,3,3,0,0.5,,1,33,1,33,0,0,1,,0.0009305210918114144,,0.014512383900928792,1.0,1.0,0.0,1.0,0.3333333333333333,0.0
stochastic_contradictions,p0.50,p0.50,13,ccra_exact_guard,CCRA exact,1,31,13,3,3,0,0.5,,1,32,0,32,0,0,1,,0.0009305210918114144,,0.014512383900928792,1.0,1.0,0.0,1.0,0.3333333333333333,0.0
stochastic_contradictions,p0.50,p0.50,13,ccra_exact_guard,CCRA exact,2,31,13,3,3,0,0.5,,1,32,0,32,0,0,1,,0.0009305210918114144,,0.014512383900928792,1.0,1.0,0.0,1.0,0.3333333333333333,0.0
stochastic_contradictions,p0.50,p0.50,13,ccra_exact_guard,CCRA exact,3,31,13,3,3,0,0.5,,1,32,0,32,0,0,1,,0.0009305210918114144,,0.014512383900928792,1.0,1.0,0.0,1.0,0.3333333333333333,0.0
stochastic_contradictions,p0.50,p0.50,13,ccra_exact_guard,CCRA exact,4,31,13,3,3,0,0.5,,1,32,0,32,0,0,1,,0.0009305210918114144,,0.014512383900928792,1.0,1.0,0.0,1.0,0.3333333333333333,0.0
stochastic_contradictions,p0.50,p0.50,13,ccra_exact_guard,CCRA exact,5,31,13,3,3,0,0.5,,1,32,0,32,0,0,1,,0.0009305210918114144,,0.014512383900928792,1.0,1.0,0.0,1.0,0.3333333333333333,0.0
stochastic_contradictions,p0.50,p0.50,13,ccra_exact_guard,CCRA exact,6,31,13,3,3,0,0.5,,1,32,0,32,0,0,1,,0.0009305210918114144,,0.014512383900928792,1.0,1.0,0.0,1.0,0.3333333333333333,0.0
stochastic_contradictions,p0.50,p0.50,13,ccra_exact_guard,CCRA exact,7,31,13,3,3,0,0.5,,1,32,0,32,0,0,1,,0.0009305210918114144,,0.014512383900928792,1.0,1.0,0.0,1.0,0.3333333333333333,0.0
stochastic_contradictions,p0.50,p0.50,13,uncertainty_cost_avoidance,Cost avoidance,0,31,13,3,3,0,0.5,,1,33,1,33,0,0,1,,0.0009305210918114144,,0.014512383900928792,0.0,0.0,0.0,1.0,0.0,0.0
stochastic_contradictions,p0.50,p0.50,13,uncertainty_cost_avoidance,Cost avoidance,1,31,13,3,3,0,0.5,,1,32,0,32,0,0,1,,0.0009305210918114144,,0.014512383900928792,0.0,0.0,0.0,1.0,0.0,0.0
stochastic_contradictions,p0.50,p0.50,13,uncertainty_cost_avoidance,Cost avoidance,2,31,13,3,3,0,0.5,,1,33,1,33,0,0,2,,0.0009305210918114144,,0.014512383900928792,0.0,0.0,0.0,1.0,0.0,0.0
stochastic_contradictions,p0.50,p0.50,13,uncertainty_cost_avoidance,Cost avoidance,3,31,13,3,3,0,0.5,,1,32,0,32,0,0,2,,0.0009305210918114144,,0.014512383900928792,0.0,0.0,0.0,1.0,0.0,0.0
stochastic_contradictions,p0.50,p0.50,13,uncertainty_cost_avoidance,Cost avoidance,4,31,13,3,3,0,0.5,,1,32,0,32,0,0,2,,0.0009305210918114144,,0.014512383900928792,0.0,0.0,0.0,1.0,0.0,0.0
stochastic_contradictions,p0.50,p0.50,13,uncertainty_cost_avoidance,Cost avoidance,5,31,13,3,3,0,0.5,,1,32,0,32,0,0,2,,0.0009305210918114144,,0.014512383900928792,0.0,0.0,0.0,1.0,0.0,0.0
stochastic_contradictions,p0.50,p0.50,13,uncertainty_cost_avoidance,Cost avoidance,6,31,13,3,3,0,0.5,,1,32,0,32,0,0,2,,0.0009305210918114144,,0.014512383900928792,0.0,0.0,0.0,1.0,0.0,0.0
stochastic_contradictions,p0.50,p0.50,13,uncertainty_cost_avoidance,Cost avoidance,7,31,13,3,3,0,0.5,,1,32,0,32,0,0,2,,0.0009305210918114144,,0.014512383900928792,0.0,0.0,0.0,1.0,0.0,0.0
stochastic_contradictions,p0.50,p0.50,13,oracle_fault_model,Oracle,0,31,13,3,3,0,0.5,,1,32,0,32,0,0,0,,0.0009305210918114144,,0.014512383900928792,3.0,3.0,0.0,1.0,1.0,0.0
stochastic_contradictions,p0.50,p0.50,13,oracle_fault_model,Oracle,1,31,13,3,3,0,0.5,,1,32,0,32,0,0,0,,0.0009305210918114144,,0.014512383900928792,3.0,3.0,0.0,1.0,1.0,0.0
stochastic_contradictions,p0.50,p0.50,13,oracle_fault_model,Oracle,2,31,13,3,3,0,0.5,,1,32,0,32,0,0,0,,0.0009305210918114144,,0.014512383900928792,3.0,3.0,0.0,1.0,1.0,0.0
stochastic_contradictions,p0.50,p0.50,13,oracle_fault_model,Oracle,3,31,13,3,3,0,0.5,,1,32,0,32,0,0,0,,0.0009305210918114144,,0.014512383900928792,3.0,3.0,0.0,1.0,1.0,0.0
stochastic_contradictions,p0.50,p0.50,13,oracle_fault_model,Oracle,4,31,13,3,3,0,0.5,,1,32,0,32,0,0,0,,0.0009305210918114144,,0.014512383900928792,3.0,3.0,0.0,1.0,1.0,0.0
stochastic_contradictions,p0.50,p0.50,13,oracle_fault_model,Oracle,5,31,13,3,3,0,0.5,,1,32,0,32,0,0,0,,0.0009305210918114144,,0.014512383900928792,3.0,3.0,0.0,1.0,1.0,0.0
stochastic_contradictions,p0.50,p0.50,13,oracle_fault_model,Oracle,6,31,13,3,3,0,0.5,,1,32,0,32,0,0,0,,0.0009305210918114144,,0.014512383900928792,3.0,3.0,0.0,1.0,1.0,0.0
stochastic_contradictions,p0.50,p0.50,13,oracle_fault_model,Oracle,7,31,13,3,3,0,0.5,,1,32,0,32,0,0,0,,0.0009305210918114144,,0.014512383900928792,3.0,3.0,0.0,1.0,1.0,0.0
stochastic_contradictions,p0.50,p0.50,14,nominal_no_repair,Nominal,0,31,13,3,3,0,0.5,,0,220,213,8,0,1,0,,0.0009305210918114144,,0.014512383900928792,0.0,0.0,0.0,1.0,0.0,0.0
stochastic_contradictions,p0.50,p0.50,14,nominal_no_repair,Nominal,1,31,13,3,3,0,0.5,,0,220,213,8,0,1,0,,0.0009305210918114144,,0.014512383900928792,0.0,0.0,0.0,1.0,0.0,0.0
stochastic_contradictions,p0.50,p0.50,14,nominal_no_repair,Nominal,2,31,13,3,3,0,0.5,,0,220,213,8,0,1,0,,0.0009305210918114144,,0.014512383900928792,0.0,0.0,0.0,1.0,0.0,0.0
stochastic_contradictions,p0.50,p0.50,14,nominal_no_repair,Nominal,3,31,13,3,3,0,0.5,,0,220,204,17,0,1,0,,0.0009305210918114144,,0.014512383900928792,0.0,0.0,0.0,1.0,0.0,0.0
stochastic_contradictions,p0.50,p0.50,14,nominal_no_repair,Nominal,4,31,13,3,3,0,0.5,,1,30,0,30,0,0,0,,0.0009305210918114144,,0.014512383900928792,0.0,0.0,0.0,1.0,0.0,0.0
stochastic_contradictions,p0.50,p0.50,14,nominal_no_repair,Nominal,5,31,13,3,3,0,0.5,,0,220,213,8,0,1,0,,0.0009305210918114144,,0.014512383900928792,0.0,0.0,0.0,1.0,0.0,0.0
stochastic_contradictions,p0.50,p0.50,14,nominal_no_repair,Nominal,6,31,13,3,3,0,0.5,,0,220,213,8,0,1,0,,0.0009305210918114144,,0.014512383900928792,0.0,0.0,0.0,1.0,0.0,0.0
stochastic_contradictions,p0.50,p0.50,14,nominal_no_repair,Nominal,7,31,13,3,3,0,0.5,,0,220,204,17,0,1,0,,0.0009305210918114144,,0.014512383900928792,0.0,0.0,0.0,1.0,0.0,0.0
stochastic_contradictions,p0.50,p0.50,14,threshold_2,Threshold 2,0,31,13,3,3,0,0.5,,1,30,0,30,0,0,0,,0.0009305210918114144,,0.014512383900928792,0.0,0.0,0.0,1.0,0.0,0.0
stochastic_contradictions,p0.50,p0.50,14,threshold_2,Threshold 2,1,31,13,3,3,0,0.5,,1,30,0,30,0,0,0,,0.0009305210918114144,,0.014512383900928792,0.0,0.0,0.0,1.0,0.0,0.0
stochastic_contradictions,p0.50,p0.50,14,threshold_2,Threshold 2,2,31,13,3,3,0,0.5,,1,34,2,34,0,0,1,,0.0009305210918114144,,0.014512383900928792,1.0,1.0,0.0,1.0,0.3333333333333333,0.0
stochastic_contradictions,p0.50,p0.50,14,threshold_2,Threshold 2,3,31,13,3,3,0,0.5,,1,34,2,34,0,0,2,,0.0009305210918114144,,0.014512383900928792,2.0,2.0,0.0,1.0,0.6666666666666666,0.0
stochastic_contradictions,p0.50,p0.50,14,threshold_2,Threshold 2,4,31,13,3,3,0,0.5,,1,32,0,32,0,0,2,,0.0009305210918114144,,0.014512383900928792,2.0,2.0,0.0,1.0,0.6666666666666666,0.0
stochastic_contradictions,p0.50,p0.50,14,threshold_2,Threshold 2,5,31,13,3,3,0,0.5,,1,32,0,32,0,0,2,,0.0009305210918114144,,0.014512383900928792,2.0,2.0,0.0,1.0,0.6666666666666666,0.0
stochastic_contradictions,p0.50,p0.50,14,threshold_2,Threshold 2,6,31,13,3,3,0,0.5,,1,32,0,32,0,0,2,,0.0009305210918114144,,0.014512383900928792,2.0,2.0,0.0,1.0,0.6666666666666666,0.0
stochastic_contradictions,p0.50,p0.50,14,threshold_2,Threshold 2,7,31,13,3,3,0,0.5,,1,32,0,32,0,0,2,,0.0009305210918114144,,0.014512383900928792,2.0,2.0,0.0,1.0,0.6666666666666666,0.0
stochastic_contradictions,p0.50,p0.50,14,threshold_4,Threshold 4,0,31,13,3,3,0,0.5,,1,31,1,31,0,0,0,,0.0009305210918114144,,0.014512383900928792,0.0,0.0,0.0,1.0,0.0,0.0
stochastic_contradictions,p0.50,p0.50,14,threshold_4,Threshold 4,1,31,13,3,3,0,0.5,,1,31,1,31,0,0,0,,0.0009305210918114144,,0.014512383900928792,0.0,0.0,0.0,1.0,0.0,0.0
stochastic_contradictions,p0.50,p0.50,14,threshold_4,Threshold 4,2,31,13,3,3,0,0.5,,1,32,2,32,0,0,0,,0.0009305210918114144,,0.014512383900928792,0.0,0.0,0.0,1.0,0.0,0.0
stochastic_contradictions,p0.50,p0.50,14,threshold_4,Threshold 4,3,31,13,3,3,0,0.5,,1,30,0,30,0,0,0,,0.0009305210918114144,,0.014512383900928792,0.0,0.0,0.0,1.0,0.0,0.0
stochastic_contradictions,p0.50,p0.50,14,threshold_4,Threshold 4,4,31,13,3,3,0,0.5,,1,31,1,31,0,0,0,,0.0009305210918114144,,0.014512383900928792,0.0,0.0,0.0,1.0,0.0,0.0
stochastic_contradictions,p0.50,p0.50,14,threshold_4,Threshold 4,5,31,13,3,3,0,0.5,,1,30,0,30,0,0,0,,0.0009305210918114144,,0.014512383900928792,0.0,0.0,0.0,1.0,0.0,0.0
stochastic_contradictions,p0.50,p0.50,14,threshold_4,Threshold 4,6,31,13,3,3,0,0.5,,1,31,1,31,0,0,0,,0.0009305210918114144,,0.014512383900928792,0.0,0.0,0.0,1.0,0.0,0.0
stochastic_contradictions,p0.50,p0.50,14,threshold_4,Threshold 4,7,31,13,3,3,0,0.5,,1,34,2,34,0,0,1,,0.0009305210918114144,,0.014512383900928792,1.0,1.0,0.0,1.0,0.3333333333333333,0.0
stochastic_contradictions,p0.50,p0.50,14,threshold_8,Threshold 8,0,31,13,3,3,0,0.5,,1,40,8,40,0,0,1,,0.0009305210918114144,,0.014512383900928792,1.0,1.0,0.0,1.0,0.3333333333333333,0.0
stochastic_contradictions,p0.50,p0.50,14,threshold_8,Threshold 8,1,31,13,3,3,0,0.5,,1,32,0,32,0,0,1,,0.0009305210918114144,,0.014512383900928792,1.0,1.0,0.0,1.0,0.3333333333333333,0.0
stochastic_contradictions,p0.50,p0.50,14,threshold_8,Threshold 8,2,31,13,3,3,0,0.5,,1,32,0,32,0,0,1,,0.0009305210918114144,,0.014512383900928792,1.0,1.0,0.0,1.0,0.3333333333333333,0.0
stochastic_contradictions,p0.50,p0.50,14,threshold_8,Threshold 8,3,31,13,3,3,0,0.5,,1,32,0,32,0,0,1,,0.0009305210918114144,,0.014512383900928792,1.0,1.0,0.0,1.0,0.3333333333333333,0.0
stochastic_contradictions,p0.50,p0.50,14,threshold_8,Threshold 8,4,31,13,3,3,0,0.5,,1,32,0,32,0,0,1,,0.0009305210918114144,,0.014512383900928792,1.0,1.0,0.0,1.0,0.3333333333333333,0.0
stochastic_contradictions,p0.50,p0.50,14,threshold_8,Threshold 8,5,31,13,3,3,0,0.5,,1,32,0,32,0,0,1,,0.0009305210918114144,,0.014512383900928792,1.0,1.0,0.0,1.0,0.3333333333333333,0.0
stochastic_contradictions,p0.50,p0.50,14,threshold_8,Threshold 8,6,31,13,3,3,0,0.5,,1,32,0,32,0,0,1,,0.0009305210918114144,,0.014512383900928792,1.0,1.0,0.0,1.0,0.3333333333333333,0.0
stochastic_contradictions,p0.50,p0.50,14,threshold_8,Threshold 8,7,31,13,3,3,0,0.5,,1,32,0,32,0,0,1,,0.0009305210918114144,,0.014512383900928792,1.0,1.0,0.0,1.0,0.3333333333333333,0.0
stochastic_contradictions,p0.50,p0.50,14,ccra_exact_guard,CCRA exact,0,31,13,3,3,0,0.5,,1,33,1,33,0,0,1,,0.0009305210918114144,,0.014512383900928792,1.0,1.0,0.0,1.0,0.3333333333333333,0.0
stochastic_contradictions,p0.50,p0.50,14,ccra_exact_guard,CCRA exact,1,31,13,3,3,0,0.5,,1,32,0,32,0,0,1,,0.0009305210918114144,,0.014512383900928792,1.0,1.0,0.0,1.0,0.3333333333333333,0.0
stochastic_contradictions,p0.50,p0.50,14,ccra_exact_guard,CCRA exact,2,31,13,3,3,0,0.5,,1,32,0,32,0,0,1,,0.0009305210918114144,,0.014512383900928792,1.0,1.0,0.0,1.0,0.3333333333333333,0.0
stochastic_contradictions,p0.50,p0.50,14,ccra_exact_guard,CCRA exact,3,31,13,3,3,0,0.5,,1,33,1,33,0,0,2,,0.0009305210918114144,,0.014512383900928792,2.0,2.0,0.0,1.0,0.6666666666666666,0.0
stochastic_contradictions,p0.50,p0.50,14,ccra_exact_guard,CCRA exact,4,31,13,3,3,0,0.5,,1,32,0,32,0,0,2,,0.0009305210918114144,,0.014512383900928792,2.0,2.0,0.0,1.0,0.6666666666666666,0.0
stochastic_contradictions,p0.50,p0.50,14,ccra_exact_guard,CCRA exact,5,31,13,3,3,0,0.5,,1,32,0,32,0,0,2,,0.0009305210918114144,,0.014512383900928792,2.0,2.0,0.0,1.0,0.6666666666666666,0.0
stochastic_contradictions,p0.50,p0.50,14,ccra_exact_guard,CCRA exact,6,31,13,3,3,0,0.5,,1,32,0,32,0,0,2,,0.0009305210918114144,,0.014512383900928792,2.0,2.0,0.0,1.0,0.6666666666666666,0.0
stochastic_contradictions,p0.50,p0.50,14,ccra_exact_guard,CCRA exact,7,31,13,3,3,0,0.5,,1,32,0,32,0,0,2,,0.0009305210918114144,,0.014512383900928792,2.0,2.0,0.0,1.0,0.6666666666666666,0.0
stochastic_contradictions,p0.50,p0.50,14,uncertainty_cost_avoidance,Cost avoidance,0,31,13,3,3,0,0.5,,1,33,1,33,0,0,1,,0.0009305210918114144,,0.014512383900928792,0.0,0.0,0.0,1.0,0.0,0.0
stochastic_contradictions,p0.50,p0.50,14,uncertainty_cost_avoidance,Cost avoidance,1,31,13,3,3,0,0.5,,1,32,0,32,0,0,1,,0.0009305210918114144,,0.014512383900928792,0.0,0.0,0.0,1.0,0.0,0.0
stochastic_contradictions,p0.50,p0.50,14,uncertainty_cost_avoidance,Cost avoidance,2,31,13,3,3,0,0.5,,1,32,0,32,0,0,1,,0.0009305210918114144,,0.014512383900928792,0.0,0.0,0.0,1.0,0.0,0.0
stochastic_contradictions,p0.50,p0.50,14,uncertainty_cost_avoidance,Cost avoidance,3,31,13,3,3,0,0.5,,1,32,0,32,0,0,1,,0.0009305210918114144,,0.014512383900928792,0.0,0.0,0.0,1.0,0.0,0.0
stochastic_contradictions,p0.50,p0.50,14,uncertainty_cost_avoidance,Cost avoidance,4,31,13,3,3,0,0.5,,1,32,0,32,0,0,1,,0.0009305210918114144,,0.014512383900928792,0.0,0.0,0.0,1.0,0.0,0.0
stochastic_contradictions,p0.50,p0.50,14,uncertainty_cost_avoidance,Cost avoidance,5,31,13,3,3,0,0.5,,1,32,0,32,0,0,1,,0.0009305210918114144,,0.014512383900928792,0.0,0.0,0.0,1.0,0.0,0.0
stochastic_contradictions,p0.50,p0.50,14,uncertainty_cost_avoidance,Cost avoidance,6,31,13,3,3,0,0.5,,1,32,0,32,0,0,1,,0.0009305210918114144,,0.014512383900928792,0.0,0.0,0.0,1.0,0.0,0.0
stochastic_contradictions,p0.50,p0.50,14,uncertainty_cost_avoidance,Cost avoidance,7,31,13,3,3,0,0.5,,1,32,0,32,0,0,1,,0.0009305210918114144,,0.014512383900928792,0.0,0.0,0.0,1.0,0.0,0.0
stochastic_contradictions,p0.50,p0.50,14,oracle_fault_model,Oracle,0,31,13,3,3,0,0.5,,1,32,0,32,0,0,0,,0.0009305210918114144,,0.014512383900928792,3.0,3.0,0.0,1.0,1.0,0.0
stochastic_contradictions,p0.50,p0.50,14,oracle_fault_model,Oracle,1,31,13,3,3,0,0.5,,1,32,0,32,0,0,0,,0.0009305210918114144,,0.014512383900928792,3.0,3.0,0.0,1.0,1.0,0.0
stochastic_contradictions,p0.50,p0.50,14,oracle_fault_model,Oracle,2,31,13,3,3,0,0.5,,1,32,0,32,0,0,0,,0.0009305210918114144,,0.014512383900928792,3.0,3.0,0.0,1.0,1.0,0.0
stochastic_contradictions,p0.50,p0.50,14,oracle_fault_model,Oracle,3,31,13,3,3,0,0.5,,1,32,0,32,0,0,0,,0.0009305210918114144,,0.014512383900928792,3.0,3.0,0.0,1.0,1.0,0.0
stochastic_contradictions,p0.50,p0.50,14,oracle_fault_model,Oracle,4,31,13,3,3,0,0.5,,1,32,0,32,0,0,0,,0.0009305210918114144,,0.014512383900928792,3.0,3.0,0.0,1.0,1.0,0.0
stochastic_contradictions,p0.50,p0.50,14,oracle_fault_model,Oracle,5,31,13,3,3,0,0.5,,1,32,0,32,0,0,0,,0.0009305210918114144,,0.014512383900928792,3.0,3.0,0.0,1.0,1.0,0.0
stochastic_contradictions,p0.50,p0.50,14,oracle_fault_model,Oracle,6,31,13,3,3,0,0.5,,1,32,0,32,0,0,0,,0.0009305210918114144,,0.014512383900928792,3.0,3.0,0.0,1.0,1.0,0.0
stochastic_contradictions,p0.50,p0.50,14,oracle_fault_model,Oracle,7,31,13,3,3,0,0.5,,1,32,0,32,0,0,0,,0.0009305210918114144,,0.014512383900928792,3.0,3.0,0.0,1.0,1.0,0.0
stochastic_contradictions,p0.50,p0.50,15,nominal_no_repair,Nominal,0,31,13,3,3,0,0.5,,0,220,202,19,0,1,0,,0.0009305210918114144,,0.014512383900928792,0.0,0.0,0.0,1.0,0.0,0.0
stochastic_contradictions,p0.50,p0.50,15,nominal_no_repair,Nominal,1,31,13,3,3,0,0.5,,1,30,0,30,0,0,0,,0.0009305210918114144,,0.014512383900928792,0.0,0.0,0.0,1.0,0.0,0.0
stochastic_contradictions,p0.50,p0.50,15,nominal_no_repair,Nominal,2,31,13,3,3,0,0.5,,0,220,202,19,0,1,0,,0.0009305210918114144,,0.014512383900928792,0.0,0.0,0.0,1.0,0.0,0.0
stochastic_contradictions,p0.50,p0.50,15,nominal_no_repair,Nominal,3,31,13,3,3,0,0.5,,0,220,195,26,0,1,0,,0.0009305210918114144,,0.014512383900928792,0.0,0.0,0.0,1.0,0.0,0.0
stochastic_contradictions,p0.50,p0.50,15,nominal_no_repair,Nominal,4,31,13,3,3,0,0.5,,0,220,202,19,0,1,0,,0.0009305210918114144,,0.014512383900928792,0.0,0.0,0.0,1.0,0.0,0.0
stochastic_contradictions,p0.50,p0.50,15,nominal_no_repair,Nominal,5,31,13,3,3,0,0.5,,0,220,215,6,0,1,0,,0.0009305210918114144,,0.014512383900928792,0.0,0.0,0.0,1.0,0.0,0.0
stochastic_contradictions,p0.50,p0.50,15,nominal_no_repair,Nominal,6,31,13,3,3,0,0.5,,0,220,215,6,0,1,0,,0.0009305210918114144,,0.014512383900928792,0.0,0.0,0.0,1.0,0.0,0.0
stochastic_contradictions,p0.50,p0.50,15,nominal_no_repair,Nominal,7,31,13,3,3,0,0.5,,0,220,202,19,0,1,0,,0.0009305210918114144,,0.014512383900928792,0.0,0.0,0.0,1.0,0.0,0.0
stochastic_contradictions,p0.50,p0.50,15,threshold_2,Threshold 2,0,31,13,3,3,0,0.5,,1,34,2,34,0,0,1,,0.0009305210918114144,,0.014512383900928792,1.0,1.0,0.0,1.0,0.3333333333333333,0.0
stochastic_contradictions,p0.50,p0.50,15,threshold_2,Threshold 2,1,31,13,3,3,0,0.5,,1,32,0,32,0,0,1,,0.0009305210918114144,,0.014512383900928792,1.0,1.0,0.0,1.0,0.3333333333333333,0.0
stochastic_contradictions,p0.50,p0.50,15,threshold_2,Threshold 2,2,31,13,3,3,0,0.5,,1,32,0,32,0,0,1,,0.0009305210918114144,,0.014512383900928792,1.0,1.0,0.0,1.0,0.3333333333333333,0.0
stochastic_contradictions,p0.50,p0.50,15,threshold_2,Threshold 2,3,31,13,3,3,0,0.5,,1,32,0,32,0,0,1,,0.0009305210918114144,,0.014512383900928792,1.0,1.0,0.0,1.0,0.3333333333333333,0.0
stochastic_contradictions,p0.50,p0.50,15,threshold_2,Threshold 2,4,31,13,3,3,0,0.5,,1,32,0,32,0,0,1,,0.0009305210918114144,,0.014512383900928792,1.0,1.0,0.0,1.0,0.3333333333333333,0.0
stochastic_contradictions,p0.50,p0.50,15,threshold_2,Threshold 2,5,31,13,3,3,0,0.5,,1,32,0,32,0,0,1,,0.0009305210918114144,,0.014512383900928792,1.0,1.0,0.0,1.0,0.3333333333333333,0.0
stochastic_contradictions,p0.50,p0.50,15,threshold_2,Threshold 2,6,31,13,3,3,0,0.5,,1,32,0,32,0,0,1,,0.0009305210918114144,,0.014512383900928792,1.0,1.0,0.0,1.0,0.3333333333333333,0.0
stochastic_contradictions,p0.50,p0.50,15,threshold_2,Threshold 2,7,31,13,3,3,0,0.5,,1,32,0,32,0,0,1,,0.0009305210918114144,,0.014512383900928792,1.0,1.0,0.0,1.0,0.3333333333333333,0.0
stochastic_contradictions,p0.50,p0.50,15,threshold_4,Threshold 4,0,31,13,3,3,0,0.5,,1,30,0,30,0,0,0,,0.0009305210918114144,,0.014512383900928792,0.0,0.0,0.0,1.0,0.0,0.0
stochastic_contradictions,p0.50,p0.50,15,threshold_4,Threshold 4,1,31,13,3,3,0,0.5,,1,35,5,35,0,0,0,,0.0009305210918114144,,0.014512383900928792,0.0,0.0,0.0,1.0,0.0,0.0
stochastic_contradictions,p0.50,p0.50,15,threshold_4,Threshold 4,2,31,13,3,3,0,0.5,,1,34,2,34,0,0,1,,0.0009305210918114144,,0.014512383900928792,1.0,1.0,0.0,1.0,0.3333333333333333,0.0
stochastic_contradictions,p0.50,p0.50,15,threshold_4,Threshold 4,3,31,13,3,3,0,0.5,,1,35,3,35,0,0,1,,0.0009305210918114144,,0.014512383900928792,1.0,1.0,0.0,1.0,0.3333333333333333,0.0
stochastic_contradictions,p0.50,p0.50,15,threshold_4,Threshold 4,4,31,13,3,3,0,0.5,,1,33,1,33,0,0,2,,0.0009305210918114144,,0.014512383900928792,2.0,2.0,0.0,1.0,0.6666666666666666,0.0
stochastic_contradictions,p0.50,p0.50,15,threshold_4,Threshold 4,5,31,13,3,3,0,0.5,,1,33,1,33,0,0,3,,0.0009305210918114144,,0.014512383900928792,3.0,3.0,0.0,1.0,1.0,0.0
stochastic_contradictions,p0.50,p0.50,15,threshold_4,Threshold 4,6,31,13,3,3,0,0.5,,1,32,0,32,0,0,3,,0.0009305210918114144,,0.014512383900928792,3.0,3.0,0.0,1.0,1.0,0.0
stochastic_contradictions,p0.50,p0.50,15,threshold_4,Threshold 4,7,31,13,3,3,0,0.5,,1,32,0,32,0,0,3,,0.0009305210918114144,,0.014512383900928792,3.0,3.0,0.0,1.0,1.0,0.0
stochastic_contradictions,p0.50,p0.50,15,threshold_8,Threshold 8,0,31,13,3,3,0,0.5,,1,32,2,32,0,0,0,,0.0009305210918114144,,0.014512383900928792,0.0,0.0,0.0,1.0,0.0,0.0
stochastic_contradictions,p0.50,p0.50,15,threshold_8,Threshold 8,1,31,13,3,3,0,0.5,,1,36,6,36,0,0,0,,0.0009305210918114144,,0.014512383900928792,0.0,0.0,0.0,1.0,0.0,0.0
stochastic_contradictions,p0.50,p0.50,15,threshold_8,Threshold 8,2,31,13,3,3,0,0.5,,1,34,4,34,0,0,0,,0.0009305210918114144,,0.014512383900928792,0.0,0.0,0.0,1.0,0.0,0.0
stochastic_contradictions,p0.50,p0.50,15,threshold_8,Threshold 8,3,31,13,3,3,0,0.5,,1,33,3,33,0,0,0,,0.0009305210918114144,,0.014512383900928792,0.0,0.0,0.0,1.0,0.0,0.0
stochastic_contradictions,p0.50,p0.50,15,threshold_8,Threshold 8,4,31,13,3,3,0,0.5,,1,33,1,33,0,0,1,,0.0009305210918114144,,0.014512383900928792,1.0,1.0,0.0,1.0,0.3333333333333333,0.0
stochastic_contradictions,p0.50,p0.50,15,threshold_8,Threshold 8,5,31,13,3,3,0,0.5,,1,32,0,32,0,0,1,,0.0009305210918114144,,0.014512383900928792,1.0,1.0,0.0,1.0,0.3333333333333333,0.0
stochastic_contradictions,p0.50,p0.50,15,threshold_8,Threshold 8,6,31,13,3,3,0,0.5,,1,32,0,32,0,0,1,,0.0009305210918114144,,0.014512383900928792,1.0,1.0,0.0,1.0,0.3333333333333333,0.0
stochastic_contradictions,p0.50,p0.50,15,threshold_8,Threshold 8,7,31,13,3,3,0,0.5,,1,32,0,32,0,0,1,,0.0009305210918114144,,0.014512383900928792,1.0,1.0,0.0,1.0,0.3333333333333333,0.0
stochastic_contradictions,p0.50,p0.50,15,ccra_exact_guard,CCRA exact,0,31,13,3,3,0,0.5,,1,33,1,33,0,0,1,,0.0009305210918114144,,0.014512383900928792,1.0,1.0,0.0,1.0,0.3333333333333333,0.0
stochastic_contradictions,p0.50,p0.50,15,ccra_exact_guard,CCRA exact,1,31,13,3,3,0,0.5,,1,32,0,32,0,0,1,,0.0009305210918114144,,0.014512383900928792,1.0,1.0,0.0,1.0,0.3333333333333333,0.0
stochastic_contradictions,p0.50,p0.50,15,ccra_exact_guard,CCRA exact,2,31,13,3,3,0,0.5,,1,32,0,32,0,0,1,,0.0009305210918114144,,0.014512383900928792,1.0,1.0,0.0,1.0,0.3333333333333333,0.0
stochastic_contradictions,p0.50,p0.50,15,ccra_exact_guard,CCRA exact,3,31,13,3,3,0,0.5,,1,32,0,32,0,0,1,,0.0009305210918114144,,0.014512383900928792,1.0,1.0,0.0,1.0,0.3333333333333333,0.0
stochastic_contradictions,p0.50,p0.50,15,ccra_exact_guard,CCRA exact,4,31,13,3,3,0,0.5,,1,32,0,32,0,0,1,,0.0009305210918114144,,0.014512383900928792,1.0,1.0,0.0,1.0,0.3333333333333333,0.0
stochastic_contradictions,p0.50,p0.50,15,ccra_exact_guard,CCRA exact,5,31,13,3,3,0,0.5,,1,32,0,32,0,0,1,,0.0009305210918114144,,0.014512383900928792,1.0,1.0,0.0,1.0,0.3333333333333333,0.0
stochastic_contradictions,p0.50,p0.50,15,ccra_exact_guard,CCRA exact,6,31,13,3,3,0,0.5,,1,32,0,32,0,0,1,,0.0009305210918114144,,0.014512383900928792,1.0,1.0,0.0,1.0,0.3333333333333333,0.0
stochastic_contradictions,p0.50,p0.50,15,ccra_exact_guard,CCRA exact,7,31,13,3,3,0,0.5,,1,32,0,32,0,0,1,,0.0009305210918114144,,0.014512383900928792,1.0,1.0,0.0,1.0,0.3333333333333333,0.0
stochastic_contradictions,p0.50,p0.50,15,uncertainty_cost_avoidance,Cost avoidance,0,31,13,3,3,0,0.5,,1,33,1,33,0,0,1,,0.0009305210918114144,,0.014512383900928792,0.0,0.0,0.0,1.0,0.0,0.0
stochastic_contradictions,p0.50,p0.50,15,uncertainty_cost_avoidance,Cost avoidance,1,31,13,3,3,0,0.5,,1,33,1,33,0,0,2,,0.0009305210918114144,,0.014512383900928792,0.0,0.0,0.0,1.0,0.0,0.0
stochastic_contradictions,p0.50,p0.50,15,uncertainty_cost_avoidance,Cost avoidance,2,31,13,3,3,0,0.5,,1,32,0,32,0,0,2,,0.0009305210918114144,,0.014512383900928792,0.0,0.0,0.0,1.0,0.0,0.0
stochastic_contradictions,p0.50,p0.50,15,uncertainty_cost_avoidance,Cost avoidance,3,31,13,3,3,0,0.5,,1,32,0,32,0,0,2,,0.0009305210918114144,,0.014512383900928792,0.0,0.0,0.0,1.0,0.0,0.0
stochastic_contradictions,p0.50,p0.50,15,uncertainty_cost_avoidance,Cost avoidance,4,31,13,3,3,0,0.5,,1,32,0,32,0,0,2,,0.0009305210918114144,,0.014512383900928792,0.0,0.0,0.0,1.0,0.0,0.0
stochastic_contradictions,p0.50,p0.50,15,uncertainty_cost_avoidance,Cost avoidance,5,31,13,3,3,0,0.5,,1,32,0,32,0,0,2,,0.0009305210918114144,,0.014512383900928792,0.0,0.0,0.0,1.0,0.0,0.0
stochastic_contradictions,p0.50,p0.50,15,uncertainty_cost_avoidance,Cost avoidance,6,31,13,3,3,0,0.5,,1,32,0,32,0,0,2,,0.0009305210918114144,,0.014512383900928792,0.0,0.0,0.0,1.0,0.0,0.0
stochastic_contradictions,p0.50,p0.50,15,uncertainty_cost_avoidance,Cost avoidance,7,31,13,3,3,0,0.5,,1,32,0,32,0,0,2,,0.0009305210918114144,,0.014512383900928792,0.0,0.0,0.0,1.0,0.0,0.0
stochastic_contradictions,p0.50,p0.50,15,oracle_fault_model,Oracle,0,31,13,3,3,0,0.5,,1,32,0,32,0,0,0,,0.0009305210918114144,,0.014512383900928792,3.0,3.0,0.0,1.0,1.0,0.0
stochastic_contradictions,p0.50,p0.50,15,oracle_fault_model,Oracle,1,31,13,3,3,0,0.5,,1,32,0,32,0,0,0,,0.0009305210918114144,,0.014512383900928792,3.0,3.0,0.0,1.0,1.0,0.0
stochastic_contradictions,p0.50,p0.50,15,oracle_fault_model,Oracle,2,31,13,3,3,0,0.5,,1,32,0,32,0,0,0,,0.0009305210918114144,,0.014512383900928792,3.0,3.0,0.0,1.0,1.0,0.0
stochastic_contradictions,p0.50,p0.50,15,oracle_fault_model,Oracle,3,31,13,3,3,0,0.5,,1,32,0,32,0,0,0,,0.0009305210918114144,,0.014512383900928792,3.0,3.0,0.0,1.0,1.0,0.0
stochastic_contradictions,p0.50,p0.50,15,oracle_fault_model,Oracle,4,31,13,3,3,0,0.5,,1,32,0,32,0,0,0,,0.0009305210918114144,,0.014512383900928792,3.0,3.0,0.0,1.0,1.0,0.0
stochastic_contradictions,p0.50,p0.50,15,oracle_fault_model,Oracle,5,31,13,3,3,0,0.5,,1,32,0,32,0,0,0,,0.0009305210918114144,,0.014512383900928792,3.0,3.0,0.0,1.0,1.0,0.0
stochastic_contradictions,p0.50,p0.50,15,oracle_fault_model,Oracle,6,31,13,3,3,0,0.5,,1,32,0,32,0,0,0,,0.0009305210918114144,,0.014512383900928792,3.0,3.0,0.0,1.0,1.0,0.0
stochastic_contradictions,p0.50,p0.50,15,oracle_fault_model,Oracle,7,31,13,3,3,0,0.5,,1,32,0,32,0,0,0,,0.0009305210918114144,,0.014512383900928792,3.0,3.0,0.0,1.0,1.0,0.0
stochastic_contradictions,p0.50,p0.50,16,nominal_no_repair,Nominal,0,31,13,3,3,0,0.5,,0,220,218,3,0,1,0,,0.0009305210918114144,,0.014512383900928792,0.0,0.0,0.0,1.0,0.0,0.0
stochastic_contradictions,p0.50,p0.50,16,nominal_no_repair,Nominal,1,31,13,3,3,0,0.5,,0,220,206,15,0,1,0,,0.0009305210918114144,,0.014512383900928792,0.0,0.0,0.0,1.0,0.0,0.0
stochastic_contradictions,p0.50,p0.50,16,nominal_no_repair,Nominal,2,31,13,3,3,0,0.5,,0,220,218,3,0,1,0,,0.0009305210918114144,,0.014512383900928792,0.0,0.0,0.0,1.0,0.0,0.0
stochastic_contradictions,p0.50,p0.50,16,nominal_no_repair,Nominal,3,31,13,3,3,0,0.5,,0,220,206,15,0,1,0,,0.0009305210918114144,,0.014512383900928792,0.0,0.0,0.0,1.0,0.0,0.0
stochastic_contradictions,p0.50,p0.50,16,nominal_no_repair,Nominal,4,31,13,3,3,0,0.5,,0,220,206,15,0,1,0,,0.0009305210918114144,,0.014512383900928792,0.0,0.0,0.0,1.0,0.0,0.0
stochastic_contradictions,p0.50,p0.50,16,nominal_no_repair,Nominal,5,31,13,3,3,0,0.5,,0,220,218,3,0,1,0,,0.0009305210918114144,,0.014512383900928792,0.0,0.0,0.0,1.0,0.0,0.0
stochastic_contradictions,p0.50,p0.50,16,nominal_no_repair,Nominal,6,31,13,3,3,0,0.5,,0,220,218,3,0,1,0,,0.0009305210918114144,,0.014512383900928792,0.0,0.0,0.0,1.0,0.0,0.0
stochastic_contradictions,p0.50,p0.50,16,nominal_no_repair,Nominal,7,31,13,3,3,0,0.5,,0,220,206,15,0,1,0,,0.0009305210918114144,,0.014512383900928792,0.0,0.0,0.0,1.0,0.0,0.0
stochastic_contradictions,p0.50,p0.50,16,threshold_2,Threshold 2,0,31,13,3,3,0,0.5,,1,34,2,34,0,0,1,,0.0009305210918114144,,0.014512383900928792,1.0,1.0,0.0,1.0,0.3333333333333333,0.0
stochastic_contradictions,p0.50,p0.50,16,threshold_2,Threshold 2,1,31,13,3,3,0,0.5,,1,35,3,35,0,0,2,,0.0009305210918114144,,0.014512383900928792,2.0,2.0,0.0,1.0,0.6666666666666666,0.0
stochastic_contradictions,p0.50,p0.50,16,threshold_2,Threshold 2,2,31,13,3,3,0,0.5,,1,32,0,32,0,0,2,,0.0009305210918114144,,0.014512383900928792,2.0,2.0,0.0,1.0,0.6666666666666666,0.0
stochastic_contradictions,p0.50,p0.50,16,threshold_2,Threshold 2,3,31,13,3,3,0,0.5,,1,32,0,32,0,0,2,,0.0009305210918114144,,0.014512383900928792,2.0,2.0,0.0,1.0,0.6666666666666666,0.0
stochastic_contradictions,p0.50,p0.50,16,threshold_2,Threshold 2,4,31,13,3,3,0,0.5,,1,33,1,33,0,0,3,,0.0009305210918114144,,0.014512383900928792,3.0,3.0,0.0,1.0,1.0,0.0
stochastic_contradictions,p0.50,p0.50,16,threshold_2,Threshold 2,5,31,13,3,3,0,0.5,,1,32,0,32,0,0,3,,0.0009305210918114144,,0.014512383900928792,3.0,3.0,0.0,1.0,1.0,0.0
stochastic_contradictions,p0.50,p0.50,16,threshold_2,Threshold 2,6,31,13,3,3,0,0.5,,1,32,0,32,0,0,3,,0.0009305210918114144,,0.014512383900928792,3.0,3.0,0.0,1.0,1.0,0.0
stochastic_contradictions,p0.50,p0.50,16,threshold_2,Threshold 2,7,31,13,3,3,0,0.5,,1,32,0,32,0,0,3,,0.0009305210918114144,,0.014512383900928792,3.0,3.0,0.0,1.0,1.0,0.0
stochastic_contradictions,p0.50,p0.50,16,threshold_4,Threshold 4,0,31,13,3,3,0,0.5,,1,32,2,32,0,0,0,,0.0009305210918114144,,0.014512383900928792,0.0,0.0,0.0,1.0,0.0,0.0
stochastic_contradictions,p0.50,p0.50,16,threshold_4,Threshold 4,1,31,13,3,3,0,0.5,,1,33,3,33,0,0,0,,0.0009305210918114144,,0.014512383900928792,0.0,0.0,0.0,1.0,0.0,0.0
stochastic_contradictions,p0.50,p0.50,16,threshold_4,Threshold 4,2,31,13,3,3,0,0.5,,1,34,2,34,0,0,1,,0.0009305210918114144,,0.014512383900928792,1.0,1.0,0.0,1.0,0.3333333333333333,0.0
stochastic_contradictions,p0.50,p0.50,16,threshold_4,Threshold 4,3,31,13,3,3,0,0.5,,1,32,0,32,0,0,1,,0.0009305210918114144,,0.014512383900928792,1.0,1.0,0.0,1.0,0.3333333333333333,0.0
stochastic_contradictions,p0.50,p0.50,16,threshold_4,Threshold 4,4,31,13,3,3,0,0.5,,1,33,1,33,0,0,2,,0.0009305210918114144,,0.014512383900928792,2.0,2.0,0.0,1.0,0.6666666666666666,0.0
stochastic_contradictions,p0.50,p0.50,16,threshold_4,Threshold 4,5,31,13,3,3,0,0.5,,1,32,0,32,0,0,2,,0.0009305210918114144,,0.014512383900928792,2.0,2.0,0.0,1.0,0.6666666666666666,0.0
stochastic_contradictions,p0.50,p0.50,16,threshold_4,Threshold 4,6,31,13,3,3,0,0.5,,1,32,0,32,0,0,2,,0.0009305210918114144,,0.014512383900928792,2.0,2.0,0.0,1.0,0.6666666666666666,0.0
stochastic_contradictions,p0.50,p0.50,16,threshold_4,Threshold 4,7,31,13,3,3,0,0.5,,1,32,0,32,0,0,2,,0.0009305210918114144,,0.014512383900928792,2.0,2.0,0.0,1.0,0.6666666666666666,0.0
stochastic_contradictions,p0.50,p0.50,16,threshold_8,Threshold 8,0,31,13,3,3,0,0.5,,1,30,0,30,0,0,0,,0.0009305210918114144,,0.014512383900928792,0.0,0.0,0.0,1.0,0.0,0.0
stochastic_contradictions,p0.50,p0.50,16,threshold_8,Threshold 8,1,31,13,3,3,0,0.5,,1,32,2,32,0,0,0,,0.0009305210918114144,,0.014512383900928792,0.0,0.0,0.0,1.0,0.0,0.0
stochastic_contradictions,p0.50,p0.50,16,threshold_8,Threshold 8,2,31,13,3,3,0,0.5,,1,34,4,34,0,0,0,,0.0009305210918114144,,0.014512383900928792,0.0,0.0,0.0,1.0,0.0,0.0
stochastic_contradictions,p0.50,p0.50,16,threshold_8,Threshold 8,3,31,13,3,3,0,0.5,,1,32,2,32,0,0,0,,0.0009305210918114144,,0.014512383900928792,0.0,0.0,0.0,1.0,0.0,0.0
stochastic_contradictions,p0.50,p0.50,16,threshold_8,Threshold 8,4,31,13,3,3,0,0.5,,1,34,4,34,0,0,0,,0.0009305210918114144,,0.014512383900928792,0.0,0.0,0.0,1.0,0.0,0.0
stochastic_contradictions,p0.50,p0.50,16,threshold_8,Threshold 8,5,31,13,3,3,0,0.5,,1,39,7,39,0,0,1,,0.0009305210918114144,,0.014512383900928792,1.0,1.0,0.0,1.0,0.3333333333333333,0.0
stochastic_contradictions,p0.50,p0.50,16,threshold_8,Threshold 8,6,31,13,3,3,0,0.5,,1,32,0,32,0,0,1,,0.0009305210918114144,,0.014512383900928792,1.0,1.0,0.0,1.0,0.3333333333333333,0.0
stochastic_contradictions,p0.50,p0.50,16,threshold_8,Threshold 8,7,31,13,3,3,0,0.5,,1,32,0,32,0,0,1,,0.0009305210918114144,,0.014512383900928792,1.0,1.0,0.0,1.0,0.3333333333333333,0.0
stochastic_contradictions,p0.50,p0.50,16,ccra_exact_guard,CCRA exact,0,31,13,3,3,0,0.5,,1,33,1,33,0,0,1,,0.0009305210918114144,,0.014512383900928792,1.0,1.0,0.0,1.0,0.3333333333333333,0.0
stochastic_contradictions,p0.50,p0.50,16,ccra_exact_guard,CCRA exact,1,31,13,3,3,0,0.5,,1,32,0,32,0,0,1,,0.0009305210918114144,,0.014512383900928792,1.0,1.0,0.0,1.0,0.3333333333333333,0.0
stochastic_contradictions,p0.50,p0.50,16,ccra_exact_guard,CCRA exact,2,31,13,3,3,0,0.5,,1,32,0,32,0,0,1,,0.0009305210918114144,,0.014512383900928792,1.0,1.0,0.0,1.0,0.3333333333333333,0.0
stochastic_contradictions,p0.50,p0.50,16,ccra_exact_guard,CCRA exact,3,31,13,3,3,0,0.5,,1,32,0,32,0,0,1,,0.0009305210918114144,,0.014512383900928792,1.0,1.0,0.0,1.0,0.3333333333333333,0.0
stochastic_contradictions,p0.50,p0.50,16,ccra_exact_guard,CCRA exact,4,31,13,3,3,0,0.5,,1,32,0,32,0,0,1,,0.0009305210918114144,,0.014512383900928792,1.0,1.0,0.0,1.0,0.3333333333333333,0.0
stochastic_contradictions,p0.50,p0.50,16,ccra_exact_guard,CCRA exact,5,31,13,3,3,0,0.5,,1,32,0,32,0,0,1,,0.0009305210918114144,,0.014512383900928792,1.0,1.0,0.0,1.0,0.3333333333333333,0.0
stochastic_contradictions,p0.50,p0.50,16,ccra_exact_guard,CCRA exact,6,31,13,3,3,0,0.5,,1,32,0,32,0,0,1,,0.0009305210918114144,,0.014512383900928792,1.0,1.0,0.0,1.0,0.3333333333333333,0.0
stochastic_contradictions,p0.50,p0.50,16,ccra_exact_guard,CCRA exact,7,31,13,3,3,0,0.5,,1,32,0,32,0,0,1,,0.0009305210918114144,,0.014512383900928792,1.0,1.0,0.0,1.0,0.3333333333333333,0.0
stochastic_contradictions,p0.50,p0.50,16,uncertainty_cost_avoidance,Cost avoidance,0,31,13,3,3,0,0.5,,1,33,1,33,0,0,1,,0.0009305210918114144,,0.014512383900928792,0.0,0.0,0.0,1.0,0.0,0.0
stochastic_contradictions,p0.50,p0.50,16,uncertainty_cost_avoidance,Cost avoidance,1,31,13,3,3,0,0.5,,1,33,1,33,0,0,2,,0.0009305210918114144,,0.014512383900928792,0.0,0.0,0.0,1.0,0.0,0.0
stochastic_contradictions,p0.50,p0.50,16,uncertainty_cost_avoidance,Cost avoidance,2,31,13,3,3,0,0.5,,1,32,0,32,0,0,2,,0.0009305210918114144,,0.014512383900928792,0.0,0.0,0.0,1.0,0.0,0.0
stochastic_contradictions,p0.50,p0.50,16,uncertainty_cost_avoidance,Cost avoidance,3,31,13,3,3,0,0.5,,1,32,0,32,0,0,2,,0.0009305210918114144,,0.014512383900928792,0.0,0.0,0.0,1.0,0.0,0.0
stochastic_contradictions,p0.50,p0.50,16,uncertainty_cost_avoidance,Cost avoidance,4,31,13,3,3,0,0.5,,1,32,0,32,0,0,2,,0.0009305210918114144,,0.014512383900928792,0.0,0.0,0.0,1.0,0.0,0.0
stochastic_contradictions,p0.50,p0.50,16,uncertainty_cost_avoidance,Cost avoidance,5,31,13,3,3,0,0.5,,1,32,0,32,0,0,2,,0.0009305210918114144,,0.014512383900928792,0.0,0.0,0.0,1.0,0.0,0.0
stochastic_contradictions,p0.50,p0.50,16,uncertainty_cost_avoidance,Cost avoidance,6,31,13,3,3,0,0.5,,1,32,0,32,0,0,2,,0.0009305210918114144,,0.014512383900928792,0.0,0.0,0.0,1.0,0.0,0.0
stochastic_contradictions,p0.50,p0.50,16,uncertainty_cost_avoidance,Cost avoidance,7,31,13,3,3,0,0.5,,1,32,0,32,0,0,2,,0.0009305210918114144,,0.014512383900928792,0.0,0.0,0.0,1.0,0.0,0.0
stochastic_contradictions,p0.50,p0.50,16,oracle_fault_model,Oracle,0,31,13,3,3,0,0.5,,1,32,0,32,0,0,0,,0.0009305210918114144,,0.014512383900928792,3.0,3.0,0.0,1.0,1.0,0.0
stochastic_contradictions,p0.50,p0.50,16,oracle_fault_model,Oracle,1,31,13,3,3,0,0.5,,1,32,0,32,0,0,0,,0.0009305210918114144,,0.014512383900928792,3.0,3.0,0.0,1.0,1.0,0.0
stochastic_contradictions,p0.50,p0.50,16,oracle_fault_model,Oracle,2,31,13,3,3,0,0.5,,1,32,0,32,0,0,0,,0.0009305210918114144,,0.014512383900928792,3.0,3.0,0.0,1.0,1.0,0.0
stochastic_contradictions,p0.50,p0.50,16,oracle_fault_model,Oracle,3,31,13,3,3,0,0.5,,1,32,0,32,0,0,0,,0.0009305210918114144,,0.014512383900928792,3.0,3.0,0.0,1.0,1.0,0.0
stochastic_contradictions,p0.50,p0.50,16,oracle_fault_model,Oracle,4,31,13,3,3,0,0.5,,1,32,0,32,0,0,0,,0.0009305210918114144,,0.014512383900928792,3.0,3.0,0.0,1.0,1.0,0.0
stochastic_contradictions,p0.50,p0.50,16,oracle_fault_model,Oracle,5,31,13,3,3,0,0.5,,1,32,0,32,0,0,0,,0.0009305210918114144,,0.014512383900928792,3.0,3.0,0.0,1.0,1.0,0.0
stochastic_contradictions,p0.50,p0.50,16,oracle_fault_model,Oracle,6,31,13,3,3,0,0.5,,1,32,0,32,0,0,0,,0.0009305210918114144,,0.014512383900928792,3.0,3.0,0.0,1.0,1.0,0.0
stochastic_contradictions,p0.50,p0.50,16,oracle_fault_model,Oracle,7,31,13,3,3,0,0.5,,1,32,0,32,0,0,0,,0.0009305210918114144,,0.014512383900928792,3.0,3.0,0.0,1.0,1.0,0.0
stochastic_contradictions,p0.50,p0.50,17,nominal_no_repair,Nominal,0,31,13,3,3,0,0.5,,1,30,0,30,0,0,0,,0.0009305210918114144,,0.014512383900928792,0.0,0.0,0.0,1.0,0.0,0.0
stochastic_contradictions,p0.50,p0.50,17,nominal_no_repair,Nominal,1,31,13,3,3,0,0.5,,0,220,198,23,0,1,0,,0.0009305210918114144,,0.014512383900928792,0.0,0.0,0.0,1.0,0.0,0.0
stochastic_contradictions,p0.50,p0.50,17,nominal_no_repair,Nominal,2,31,13,3,3,0,0.5,,0,220,209,12,0,1,0,,0.0009305210918114144,,0.014512383900928792,0.0,0.0,0.0,1.0,0.0,0.0
stochastic_contradictions,p0.50,p0.50,17,nominal_no_repair,Nominal,3,31,13,3,3,0,0.5,,0,220,209,12,0,1,0,,0.0009305210918114144,,0.014512383900928792,0.0,0.0,0.0,1.0,0.0,0.0
stochastic_contradictions,p0.50,p0.50,17,nominal_no_repair,Nominal,4,31,13,3,3,0,0.5,,1,30,0,30,0,0,0,,0.0009305210918114144,,0.014512383900928792,0.0,0.0,0.0,1.0,0.0,0.0
stochastic_contradictions,p0.50,p0.50,17,nominal_no_repair,Nominal,5,31,13,3,3,0,0.5,,0,220,201,20,0,1,0,,0.0009305210918114144,,0.014512383900928792,0.0,0.0,0.0,1.0,0.0,0.0
stochastic_contradictions,p0.50,p0.50,17,nominal_no_repair,Nominal,6,31,13,3,3,0,0.5,,0,220,209,12,0,1,0,,0.0009305210918114144,,0.014512383900928792,0.0,0.0,0.0,1.0,0.0,0.0
stochastic_contradictions,p0.50,p0.50,17,nominal_no_repair,Nominal,7,31,13,3,3,0,0.5,,1,30,0,30,0,0,0,,0.0009305210918114144,,0.014512383900928792,0.0,0.0,0.0,1.0,0.0,0.0
stochastic_contradictions,p0.50,p0.50,17,threshold_2,Threshold 2,0,31,13,3,3,0,0.5,,1,34,2,34,0,0,1,,0.0009305210918114144,,0.014512383900928792,1.0,1.0,0.0,1.0,0.3333333333333333,0.0
stochastic_contradictions,p0.50,p0.50,17,threshold_2,Threshold 2,1,31,13,3,3,0,0.5,,1,34,2,34,0,0,1,,0.0009305210918114144,,0.014512383900928792,1.0,1.0,0.0,1.0,0.3333333333333333,0.0
stochastic_contradictions,p0.50,p0.50,17,threshold_2,Threshold 2,2,31,13,3,3,0,0.5,,1,32,0,32,0,0,1,,0.0009305210918114144,,0.014512383900928792,1.0,1.0,0.0,1.0,0.3333333333333333,0.0
stochastic_contradictions,p0.50,p0.50,17,threshold_2,Threshold 2,3,31,13,3,3,0,0.5,,1,32,0,32,0,0,1,,0.0009305210918114144,,0.014512383900928792,1.0,1.0,0.0,1.0,0.3333333333333333,0.0
stochastic_contradictions,p0.50,p0.50,17,threshold_2,Threshold 2,4,31,13,3,3,0,0.5,,1,33,1,33,0,0,2,,0.0009305210918114144,,0.014512383900928792,2.0,2.0,0.0,1.0,0.6666666666666666,0.0
stochastic_contradictions,p0.50,p0.50,17,threshold_2,Threshold 2,5,31,13,3,3,0,0.5,,1,32,0,32,0,0,2,,0.0009305210918114144,,0.014512383900928792,2.0,2.0,0.0,1.0,0.6666666666666666,0.0
stochastic_contradictions,p0.50,p0.50,17,threshold_2,Threshold 2,6,31,13,3,3,0,0.5,,1,32,0,32,0,0,2,,0.0009305210918114144,,0.014512383900928792,2.0,2.0,0.0,1.0,0.6666666666666666,0.0
stochastic_contradictions,p0.50,p0.50,17,threshold_2,Threshold 2,7,31,13,3,3,0,0.5,,1,32,0,32,0,0,2,,0.0009305210918114144,,0.014512383900928792,2.0,2.0,0.0,1.0,0.6666666666666666,0.0
stochastic_contradictions,p0.50,p0.50,17,threshold_4,Threshold 4,0,31,13,3,3,0,0.5,,1,33,3,33,0,0,0,,0.0009305210918114144,,0.014512383900928792,0.0,0.0,0.0,1.0,0.0,0.0
stochastic_contradictions,p0.50,p0.50,17,threshold_4,Threshold 4,1,31,13,3,3,0,0.5,,1,33,1,33,0,0,1,,0.0009305210918114144,,0.014512383900928792,1.0,1.0,0.0,1.0,0.3333333333333333,0.0
stochastic_contradictions,p0.50,p0.50,17,threshold_4,Threshold 4,2,31,13,3,3,0,0.5,,1,34,2,34,0,0,1,,0.0009305210918114144,,0.014512383900928792,1.0,1.0,0.0,1.0,0.3333333333333333,0.0
stochastic_contradictions,p0.50,p0.50,17,threshold_4,Threshold 4,3,31,13,3,3,0,0.5,,1,33,1,33,0,0,1,,0.0009305210918114144,,0.014512383900928792,1.0,1.0,0.0,1.0,0.3333333333333333,0.0
stochastic_contradictions,p0.50,p0.50,17,threshold_4,Threshold 4,4,31,13,3,3,0,0.5,,1,34,2,34,0,0,2,,0.0009305210918114144,,0.014512383900928792,2.0,2.0,0.0,1.0,0.6666666666666666,0.0
stochastic_contradictions,p0.50,p0.50,17,threshold_4,Threshold 4,5,31,13,3,3,0,0.5,,1,32,0,32,0,0,2,,0.0009305210918114144,,0.014512383900928792,2.0,2.0,0.0,1.0,0.6666666666666666,0.0
stochastic_contradictions,p0.50,p0.50,17,threshold_4,Threshold 4,6,31,13,3,3,0,0.5,,1,33,1,33,0,0,2,,0.0009305210918114144,,0.014512383900928792,2.0,2.0,0.0,1.0,0.6666666666666666,0.0
stochastic_contradictions,p0.50,p0.50,17,threshold_4,Threshold 4,7,31,13,3,3,0,0.5,,1,33,1,33,0,0,2,,0.0009305210918114144,,0.014512383900928792,2.0,2.0,0.0,1.0,0.6666666666666666,0.0
stochastic_contradictions,p0.50,p0.50,17,threshold_8,Threshold 8,0,31,13,3,3,0,0.5,,1,30,0,30,0,0,0,,0.0009305210918114144,,0.014512383900928792,0.0,0.0,0.0,1.0,0.0,0.0
stochastic_contradictions,p0.50,p0.50,17,threshold_8,Threshold 8,1,31,13,3,3,0,0.5,,1,38,8,38,0,0,0,,0.0009305210918114144,,0.014512383900928792,0.0,0.0,0.0,1.0,0.0,0.0
stochastic_contradictions,p0.50,p0.50,17,threshold_8,Threshold 8,2,31,13,3,3,0,0.5,,1,30,0,30,0,0,0,,0.0009305210918114144,,0.014512383900928792,0.0,0.0,0.0,1.0,0.0,0.0
stochastic_contradictions,p0.50,p0.50,17,threshold_8,Threshold 8,3,31,13,3,3,0,0.5,,1,30,0,30,0,0,0,,0.0009305210918114144,,0.014512383900928792,0.0,0.0,0.0,1.0,0.0,0.0
stochastic_contradictions,p0.50,p0.50,17,threshold_8,Threshold 8,4,31,13,3,3,0,0.5,,1,30,0,30,0,0,0,,0.0009305210918114144,,0.014512383900928792,0.0,0.0,0.0,1.0,0.0,0.0
stochastic_contradictions,p0.50,p0.50,17,threshold_8,Threshold 8,5,31,13,3,3,0,0.5,,1,34,4,34,0,0,0,,0.0009305210918114144,,0.014512383900928792,0.0,0.0,0.0,1.0,0.0,0.0
stochastic_contradictions,p0.50,p0.50,17,threshold_8,Threshold 8,6,31,13,3,3,0,0.5,,1,31,1,31,0,0,0,,0.0009305210918114144,,0.014512383900928792,0.0,0.0,0.0,1.0,0.0,0.0
stochastic_contradictions,p0.50,p0.50,17,threshold_8,Threshold 8,7,31,13,3,3,0,0.5,,1,34,2,34,0,0,1,,0.0009305210918114144,,0.014512383900928792,1.0,1.0,0.0,1.0,0.3333333333333333,0.0
stochastic_contradictions,p0.50,p0.50,17,ccra_exact_guard,CCRA exact,0,31,13,3,3,0,0.5,,1,33,1,33,0,0,1,,0.0009305210918114144,,0.014512383900928792,1.0,1.0,0.0,1.0,0.3333333333333333,0.0
stochastic_contradictions,p0.50,p0.50,17,ccra_exact_guard,CCRA exact,1,31,13,3,3,0,0.5,,1,32,0,32,0,0,1,,0.0009305210918114144,,0.014512383900928792,1.0,1.0,0.0,1.0,0.3333333333333333,0.0
stochastic_contradictions,p0.50,p0.50,17,ccra_exact_guard,CCRA exact,2,31,13,3,3,0,0.5,,1,32,0,32,0,0,1,,0.0009305210918114144,,0.014512383900928792,1.0,1.0,0.0,1.0,0.3333333333333333,0.0
stochastic_contradictions,p0.50,p0.50,17,ccra_exact_guard,CCRA exact,3,31,13,3,3,0,0.5,,1,32,0,32,0,0,1,,0.0009305210918114144,,0.014512383900928792,1.0,1.0,0.0,1.0,0.3333333333333333,0.0
stochastic_contradictions,p0.50,p0.50,17,ccra_exact_guard,CCRA exact,4,31,13,3,3,0,0.5,,1,32,0,32,0,0,1,,0.0009305210918114144,,0.014512383900928792,1.0,1.0,0.0,1.0,0.3333333333333333,0.0
stochastic_contradictions,p0.50,p0.50,17,ccra_exact_guard,CCRA exact,5,31,13,3,3,0,0.5,,1,32,0,32,0,0,1,,0.0009305210918114144,,0.014512383900928792,1.0,1.0,0.0,1.0,0.3333333333333333,0.0
stochastic_contradictions,p0.50,p0.50,17,ccra_exact_guard,CCRA exact,6,31,13,3,3,0,0.5,,1,32,0,32,0,0,1,,0.0009305210918114144,,0.014512383900928792,1.0,1.0,0.0,1.0,0.3333333333333333,0.0
stochastic_contradictions,p0.50,p0.50,17,ccra_exact_guard,CCRA exact,7,31,13,3,3,0,0.5,,1,32,0,32,0,0,1,,0.0009305210918114144,,0.014512383900928792,1.0,1.0,0.0,1.0,0.3333333333333333,0.0
stochastic_contradictions,p0.50,p0.50,17,uncertainty_cost_avoidance,Cost avoidance,0,31,13,3,3,0,0.5,,1,33,1,33,0,0,1,,0.0009305210918114144,,0.014512383900928792,0.0,0.0,0.0,1.0,0.0,0.0
stochastic_contradictions,p0.50,p0.50,17,uncertainty_cost_avoidance,Cost avoidance,1,31,13,3,3,0,0.5,,1,32,0,32,0,0,1,,0.0009305210918114144,,0.014512383900928792,0.0,0.0,0.0,1.0,0.0,0.0
stochastic_contradictions,p0.50,p0.50,17,uncertainty_cost_avoidance,Cost avoidance,2,31,13,3,3,0,0.5,,1,32,0,32,0,0,1,,0.0009305210918114144,,0.014512383900928792,0.0,0.0,0.0,1.0,0.0,0.0
stochastic_contradictions,p0.50,p0.50,17,uncertainty_cost_avoidance,Cost avoidance,3,31,13,3,3,0,0.5,,1,32,0,32,0,0,1,,0.0009305210918114144,,0.014512383900928792,0.0,0.0,0.0,1.0,0.0,0.0
stochastic_contradictions,p0.50,p0.50,17,uncertainty_cost_avoidance,Cost avoidance,4,31,13,3,3,0,0.5,,1,32,0,32,0,0,1,,0.0009305210918114144,,0.014512383900928792,0.0,0.0,0.0,1.0,0.0,0.0
stochastic_contradictions,p0.50,p0.50,17,uncertainty_cost_avoidance,Cost avoidance,5,31,13,3,3,0,0.5,,1,32,0,32,0,0,1,,0.0009305210918114144,,0.014512383900928792,0.0,0.0,0.0,1.0,0.0,0.0
stochastic_contradictions,p0.50,p0.50,17,uncertainty_cost_avoidance,Cost avoidance,6,31,13,3,3,0,0.5,,1,32,0,32,0,0,1,,0.0009305210918114144,,0.014512383900928792,0.0,0.0,0.0,1.0,0.0,0.0
stochastic_contradictions,p0.50,p0.50,17,uncertainty_cost_avoidance,Cost avoidance,7,31,13,3,3,0,0.5,,1,32,0,32,0,0,1,,0.0009305210918114144,,0.014512383900928792,0.0,0.0,0.0,1.0,0.0,0.0
stochastic_contradictions,p0.50,p0.50,17,oracle_fault_model,Oracle,0,31,13,3,3,0,0.5,,1,32,0,32,0,0,0,,0.0009305210918114144,,0.014512383900928792,3.0,3.0,0.0,1.0,1.0,0.0
stochastic_contradictions,p0.50,p0.50,17,oracle_fault_model,Oracle,1,31,13,3,3,0,0.5,,1,32,0,32,0,0,0,,0.0009305210918114144,,0.014512383900928792,3.0,3.0,0.0,1.0,1.0,0.0
stochastic_contradictions,p0.50,p0.50,17,oracle_fault_model,Oracle,2,31,13,3,3,0,0.5,,1,32,0,32,0,0,0,,0.0009305210918114144,,0.014512383900928792,3.0,3.0,0.0,1.0,1.0,0.0
stochastic_contradictions,p0.50,p0.50,17,oracle_fault_model,Oracle,3,31,13,3,3,0,0.5,,1,32,0,32,0,0,0,,0.0009305210918114144,,0.014512383900928792,3.0,3.0,0.0,1.0,1.0,0.0
stochastic_contradictions,p0.50,p0.50,17,oracle_fault_model,Oracle,4,31,13,3,3,0,0.5,,1,32,0,32,0,0,0,,0.0009305210918114144,,0.014512383900928792,3.0,3.0,0.0,1.0,1.0,0.0
stochastic_contradictions,p0.50,p0.50,17,oracle_fault_model,Oracle,5,31,13,3,3,0,0.5,,1,32,0,32,0,0,0,,0.0009305210918114144,,0.014512383900928792,3.0,3.0,0.0,1.0,1.0,0.0
stochastic_contradictions,p0.50,p0.50,17,oracle_fault_model,Oracle,6,31,13,3,3,0,0.5,,1,32,0,32,0,0,0,,0.0009305210918114144,,0.014512383900928792,3.0,3.0,0.0,1.0,1.0,0.0
stochastic_contradictions,p0.50,p0.50,17,oracle_fault_model,Oracle,7,31,13,3,3,0,0.5,,1,32,0,32,0,0,0,,0.0009305210918114144,,0.014512383900928792,3.0,3.0,0.0,1.0,1.0,0.0
stochastic_contradictions,p0.50,p0.50,18,nominal_no_repair,Nominal,0,31,13,3,3,0,0.5,,0,220,205,16,0,1,0,,0.0009305210918114144,,0.014512383900928792,0.0,0.0,0.0,1.0,0.0,0.0
stochastic_contradictions,p0.50,p0.50,18,nominal_no_repair,Nominal,1,31,13,3,3,0,0.5,,0,220,211,10,0,1,0,,0.0009305210918114144,,0.014512383900928792,0.0,0.0,0.0,1.0,0.0,0.0
stochastic_contradictions,p0.50,p0.50,18,nominal_no_repair,Nominal,2,31,13,3,3,0,0.5,,0,220,205,16,0,1,0,,0.0009305210918114144,,0.014512383900928792,0.0,0.0,0.0,1.0,0.0,0.0
stochastic_contradictions,p0.50,p0.50,18,nominal_no_repair,Nominal,3,31,13,3,3,0,0.5,,0,220,205,16,0,1,0,,0.0009305210918114144,,0.014512383900928792,0.0,0.0,0.0,1.0,0.0,0.0
stochastic_contradictions,p0.50,p0.50,18,nominal_no_repair,Nominal,4,31,13,3,3,0,0.5,,0,220,211,10,0,1,0,,0.0009305210918114144,,0.014512383900928792,0.0,0.0,0.0,1.0,0.0,0.0
stochastic_contradictions,p0.50,p0.50,18,nominal_no_repair,Nominal,5,31,13,3,3,0,0.5,,0,220,205,16,0,1,0,,0.0009305210918114144,,0.014512383900928792,0.0,0.0,0.0,1.0,0.0,0.0
stochastic_contradictions,p0.50,p0.50,18,nominal_no_repair,Nominal,6,31,13,3,3,0,0.5,,0,220,205,16,0,1,0,,0.0009305210918114144,,0.014512383900928792,0.0,0.0,0.0,1.0,0.0,0.0
stochastic_contradictions,p0.50,p0.50,18,nominal_no_repair,Nominal,7,31,13,3,3,0,0.5,,0,220,211,10,0,1,0,,0.0009305210918114144,,0.014512383900928792,0.0,0.0,0.0,1.0,0.0,0.0
stochastic_contradictions,p0.50,p0.50,18,threshold_2,Threshold 2,0,31,13,3,3,0,0.5,,1,34,2,34,0,0,1,,0.0009305210918114144,,0.014512383900928792,1.0,1.0,0.0,1.0,0.3333333333333333,0.0
stochastic_contradictions,p0.50,p0.50,18,threshold_2,Threshold 2,1,31,13,3,3,0,0.5,,1,32,0,32,0,0,1,,0.0009305210918114144,,0.014512383900928792,1.0,1.0,0.0,1.0,0.3333333333333333,0.0
stochastic_contradictions,p0.50,p0.50,18,threshold_2,Threshold 2,2,31,13,3,3,0,0.5,,1,32,0,32,0,0,1,,0.0009305210918114144,,0.014512383900928792,1.0,1.0,0.0,1.0,0.3333333333333333,0.0
stochastic_contradictions,p0.50,p0.50,18,threshold_2,Threshold 2,3,31,13,3,3,0,0.5,,1,32,0,32,0,0,1,,0.0009305210918114144,,0.014512383900928792,1.0,1.0,0.0,1.0,0.3333333333333333,0.0
stochastic_contradictions,p0.50,p0.50,18,threshold_2,Threshold 2,4,31,13,3,3,0,0.5,,1,32,0,32,0,0,1,,0.0009305210918114144,,0.014512383900928792,1.0,1.0,0.0,1.0,0.3333333333333333,0.0
stochastic_contradictions,p0.50,p0.50,18,threshold_2,Threshold 2,5,31,13,3,3,0,0.5,,1,32,0,32,0,0,1,,0.0009305210918114144,,0.014512383900928792,1.0,1.0,0.0,1.0,0.3333333333333333,0.0
stochastic_contradictions,p0.50,p0.50,18,threshold_2,Threshold 2,6,31,13,3,3,0,0.5,,1,32,0,32,0,0,1,,0.0009305210918114144,,0.014512383900928792,1.0,1.0,0.0,1.0,0.3333333333333333,0.0
stochastic_contradictions,p0.50,p0.50,18,threshold_2,Threshold 2,7,31,13,3,3,0,0.5,,1,32,0,32,0,0,1,,0.0009305210918114144,,0.014512383900928792,1.0,1.0,0.0,1.0,0.3333333333333333,0.0
stochastic_contradictions,p0.50,p0.50,18,threshold_4,Threshold 4,0,31,13,3,3,0,0.5,,1,37,5,37,0,0,1,,0.0009305210918114144,,0.014512383900928792,1.0,1.0,0.0,1.0,0.3333333333333333,0.0
stochastic_contradictions,p0.50,p0.50,18,threshold_4,Threshold 4,1,31,13,3,3,0,0.5,,1,32,0,32,0,0,1,,0.0009305210918114144,,0.014512383900928792,1.0,1.0,0.0,1.0,0.3333333333333333,0.0
stochastic_contradictions,p0.50,p0.50,18,threshold_4,Threshold 4,2,31,13,3,3,0,0.5,,1,34,2,34,0,0,1,,0.0009305210918114144,,0.014512383900928792,1.0,1.0,0.0,1.0,0.3333333333333333,0.0
stochastic_contradictions,p0.50,p0.50,18,threshold_4,Threshold 4,3,31,13,3,3,0,0.5,,1,33,1,33,0,0,1,,0.0009305210918114144,,0.014512383900928792,1.0,1.0,0.0,1.0,0.3333333333333333,0.0
stochastic_contradictions,p0.50,p0.50,18,threshold_4,Threshold 4,4,31,13,3,3,0,0.5,,1,32,0,32,0,0,1,,0.0009305210918114144,,0.014512383900928792,1.0,1.0,0.0,1.0,0.3333333333333333,0.0
stochastic_contradictions,p0.50,p0.50,18,threshold_4,Threshold 4,5,31,13,3,3,0,0.5,,1,33,1,33,0,0,1,,0.0009305210918114144,,0.014512383900928792,1.0,1.0,0.0,1.0,0.3333333333333333,0.0
stochastic_contradictions,p0.50,p0.50,18,threshold_4,Threshold 4,6,31,13,3,3,0,0.5,,1,33,1,33,0,0,2,,0.0009305210918114144,,0.014512383900928792,2.0,2.0,0.0,1.0,0.6666666666666666,0.0
stochastic_contradictions,p0.50,p0.50,18,threshold_4,Threshold 4,7,31,13,3,3,0,0.5,,1,32,0,32,0,0,2,,0.0009305210918114144,,0.014512383900928792,2.0,2.0,0.0,1.0,0.6666666666666666,0.0
stochastic_contradictions,p0.50,p0.50,18,threshold_8,Threshold 8,0,31,13,3,3,0,0.5,,1,35,5,35,0,0,0,,0.0009305210918114144,,0.014512383900928792,0.0,0.0,0.0,1.0,0.0,0.0
stochastic_contradictions,p0.50,p0.50,18,threshold_8,Threshold 8,1,31,13,3,3,0,0.5,,1,33,3,33,0,0,0,,0.0009305210918114144,,0.014512383900928792,0.0,0.0,0.0,1.0,0.0,0.0
stochastic_contradictions,p0.50,p0.50,18,threshold_8,Threshold 8,2,31,13,3,3,0,0.5,,1,32,2,32,0,0,0,,0.0009305210918114144,,0.014512383900928792,0.0,0.0,0.0,1.0,0.0,0.0
stochastic_contradictions,p0.50,p0.50,18,threshold_8,Threshold 8,3,31,13,3,3,0,0.5,,1,35,3,35,0,0,1,,0.0009305210918114144,,0.014512383900928792,1.0,1.0,0.0,1.0,0.3333333333333333,0.0
stochastic_contradictions,p0.50,p0.50,18,threshold_8,Threshold 8,4,31,13,3,3,0,0.5,,1,32,0,32,0,0,1,,0.0009305210918114144,,0.014512383900928792,1.0,1.0,0.0,1.0,0.3333333333333333,0.0
stochastic_contradictions,p0.50,p0.50,18,threshold_8,Threshold 8,5,31,13,3,3,0,0.5,,1,32,0,32,0,0,1,,0.0009305210918114144,,0.014512383900928792,1.0,1.0,0.0,1.0,0.3333333333333333,0.0
stochastic_contradictions,p0.50,p0.50,18,threshold_8,Threshold 8,6,31,13,3,3,0,0.5,,1,32,0,32,0,0,1,,0.0009305210918114144,,0.014512383900928792,1.0,1.0,0.0,1.0,0.3333333333333333,0.0
stochastic_contradictions,p0.50,p0.50,18,threshold_8,Threshold 8,7,31,13,3,3,0,0.5,,1,32,0,32,0,0,1,,0.0009305210918114144,,0.014512383900928792,1.0,1.0,0.0,1.0,0.3333333333333333,0.0
stochastic_contradictions,p0.50,p0.50,18,ccra_exact_guard,CCRA exact,0,31,13,3,3,0,0.5,,1,30,0,30,0,0,0,,0.0009305210918114144,,0.014512383900928792,0.0,0.0,0.0,1.0,0.0,0.0
stochastic_contradictions,p0.50,p0.50,18,ccra_exact_guard,CCRA exact,1,31,13,3,3,0,0.5,,1,33,1,33,0,0,1,,0.0009305210918114144,,0.014512383900928792,1.0,1.0,0.0,1.0,0.3333333333333333,0.0
stochastic_contradictions,p0.50,p0.50,18,ccra_exact_guard,CCRA exact,2,31,13,3,3,0,0.5,,1,32,0,32,0,0,1,,0.0009305210918114144,,0.014512383900928792,1.0,1.0,0.0,1.0,0.3333333333333333,0.0
stochastic_contradictions,p0.50,p0.50,18,ccra_exact_guard,CCRA exact,3,31,13,3,3,0,0.5,,1,32,0,32,0,0,1,,0.0009305210918114144,,0.014512383900928792,1.0,1.0,0.0,1.0,0.3333333333333333,0.0
stochastic_contradictions,p0.50,p0.50,18,ccra_exact_guard,CCRA exact,4,31,13,3,3,0,0.5,,1,33,1,33,0,0,2,,0.0009305210918114144,,0.014512383900928792,2.0,2.0,0.0,1.0,0.6666666666666666,0.0
stochastic_contradictions,p0.50,p0.50,18,ccra_exact_guard,CCRA exact,5,31,13,3,3,0,0.5,,1,32,0,32,0,0,2,,0.0009305210918114144,,0.014512383900928792,2.0,2.0,0.0,1.0,0.6666666666666666,0.0
stochastic_contradictions,p0.50,p0.50,18,ccra_exact_guard,CCRA exact,6,31,13,3,3,0,0.5,,1,32,0,32,0,0,2,,0.0009305210918114144,,0.014512383900928792,2.0,2.0,0.0,1.0,0.6666666666666666,0.0
stochastic_contradictions,p0.50,p0.50,18,ccra_exact_guard,CCRA exact,7,31,13,3,3,0,0.5,,1,32,0,32,0,0,2,,0.0009305210918114144,,0.014512383900928792,2.0,2.0,0.0,1.0,0.6666666666666666,0.0
stochastic_contradictions,p0.50,p0.50,18,uncertainty_cost_avoidance,Cost avoidance,0,31,13,3,3,0,0.5,,1,33,1,33,0,0,1,,0.0009305210918114144,,0.014512383900928792,0.0,0.0,0.0,1.0,0.0,0.0
stochastic_contradictions,p0.50,p0.50,18,uncertainty_cost_avoidance,Cost avoidance,1,31,13,3,3,0,0.5,,1,32,0,32,0,0,1,,0.0009305210918114144,,0.014512383900928792,0.0,0.0,0.0,1.0,0.0,0.0
stochastic_contradictions,p0.50,p0.50,18,uncertainty_cost_avoidance,Cost avoidance,2,31,13,3,3,0,0.5,,1,32,0,32,0,0,1,,0.0009305210918114144,,0.014512383900928792,0.0,0.0,0.0,1.0,0.0,0.0
stochastic_contradictions,p0.50,p0.50,18,uncertainty_cost_avoidance,Cost avoidance,3,31,13,3,3,0,0.5,,1,32,0,32,0,0,1,,0.0009305210918114144,,0.014512383900928792,0.0,0.0,0.0,1.0,0.0,0.0
stochastic_contradictions,p0.50,p0.50,18,uncertainty_cost_avoidance,Cost avoidance,4,31,13,3,3,0,0.5,,1,33,1,33,0,0,2,,0.0009305210918114144,,0.014512383900928792,0.0,0.0,0.0,1.0,0.0,0.0
stochastic_contradictions,p0.50,p0.50,18,uncertainty_cost_avoidance,Cost avoidance,5,31,13,3,3,0,0.5,,1,32,0,32,0,0,2,,0.0009305210918114144,,0.014512383900928792,0.0,0.0,0.0,1.0,0.0,0.0
stochastic_contradictions,p0.50,p0.50,18,uncertainty_cost_avoidance,Cost avoidance,6,31,13,3,3,0,0.5,,1,32,0,32,0,0,2,,0.0009305210918114144,,0.014512383900928792,0.0,0.0,0.0,1.0,0.0,0.0
stochastic_contradictions,p0.50,p0.50,18,uncertainty_cost_avoidance,Cost avoidance,7,31,13,3,3,0,0.5,,1,32,0,32,0,0,2,,0.0009305210918114144,,0.014512383900928792,0.0,0.0,0.0,1.0,0.0,0.0
stochastic_contradictions,p0.50,p0.50,18,oracle_fault_model,Oracle,0,31,13,3,3,0,0.5,,1,32,0,32,0,0,0,,0.0009305210918114144,,0.014512383900928792,3.0,3.0,0.0,1.0,1.0,0.0
stochastic_contradictions,p0.50,p0.50,18,oracle_fault_model,Oracle,1,31,13,3,3,0,0.5,,1,32,0,32,0,0,0,,0.0009305210918114144,,0.014512383900928792,3.0,3.0,0.0,1.0,1.0,0.0
stochastic_contradictions,p0.50,p0.50,18,oracle_fault_model,Oracle,2,31,13,3,3,0,0.5,,1,32,0,32,0,0,0,,0.0009305210918114144,,0.014512383900928792,3.0,3.0,0.0,1.0,1.0,0.0
stochastic_contradictions,p0.50,p0.50,18,oracle_fault_model,Oracle,3,31,13,3,3,0,0.5,,1,32,0,32,0,0,0,,0.0009305210918114144,,0.014512383900928792,3.0,3.0,0.0,1.0,1.0,0.0
stochastic_contradictions,p0.50,p0.50,18,oracle_fault_model,Oracle,4,31,13,3,3,0,0.5,,1,32,0,32,0,0,0,,0.0009305210918114144,,0.014512383900928792,3.0,3.0,0.0,1.0,1.0,0.0
stochastic_contradictions,p0.50,p0.50,18,oracle_fault_model,Oracle,5,31,13,3,3,0,0.5,,1,32,0,32,0,0,0,,0.0009305210918114144,,0.014512383900928792,3.0,3.0,0.0,1.0,1.0,0.0
stochastic_contradictions,p0.50,p0.50,18,oracle_fault_model,Oracle,6,31,13,3,3,0,0.5,,1,32,0,32,0,0,0,,0.0009305210918114144,,0.014512383900928792,3.0,3.0,0.0,1.0,1.0,0.0
stochastic_contradictions,p0.50,p0.50,18,oracle_fault_model,Oracle,7,31,13,3,3,0,0.5,,1,32,0,32,0,0,0,,0.0009305210918114144,,0.014512383900928792,3.0,3.0,0.0,1.0,1.0,0.0
stochastic_contradictions,p0.50,p0.50,19,nominal_no_repair,Nominal,0,31,13,3,3,0,0.5,,0,220,195,26,0,1,0,,0.0009305210918114144,,0.014512383900928792,0.0,0.0,0.0,1.0,0.0,0.0
stochastic_contradictions,p0.50,p0.50,19,nominal_no_repair,Nominal,1,31,13,3,3,0,0.5,,0,220,195,26,0,1,0,,0.0009305210918114144,,0.014512383900928792,0.0,0.0,0.0,1.0,0.0,0.0
stochastic_contradictions,p0.50,p0.50,19,nominal_no_repair,Nominal,2,31,13,3,3,0,0.5,,0,220,214,7,0,1,0,,0.0009305210918114144,,0.014512383900928792,0.0,0.0,0.0,1.0,0.0,0.0
stochastic_contradictions,p0.50,p0.50,19,nominal_no_repair,Nominal,3,31,13,3,3,0,0.5,,0,220,195,26,0,1,0,,0.0009305210918114144,,0.014512383900928792,0.0,0.0,0.0,1.0,0.0,0.0
stochastic_contradictions,p0.50,p0.50,19,nominal_no_repair,Nominal,4,31,13,3,3,0,0.5,,0,220,214,7,0,1,0,,0.0009305210918114144,,0.014512383900928792,0.0,0.0,0.0,1.0,0.0,0.0
stochastic_contradictions,p0.50,p0.50,19,nominal_no_repair,Nominal,5,31,13,3,3,0,0.5,,0,220,195,26,0,1,0,,0.0009305210918114144,,0.014512383900928792,0.0,0.0,0.0,1.0,0.0,0.0
stochastic_contradictions,p0.50,p0.50,19,nominal_no_repair,Nominal,6,31,13,3,3,0,0.5,,0,220,214,7,0,1,0,,0.0009305210918114144,,0.014512383900928792,0.0,0.0,0.0,1.0,0.0,0.0
stochastic_contradictions,p0.50,p0.50,19,nominal_no_repair,Nominal,7,31,13,3,3,0,0.5,,0,220,207,14,0,1,0,,0.0009305210918114144,,0.014512383900928792,0.0,0.0,0.0,1.0,0.0,0.0
stochastic_contradictions,p0.50,p0.50,19,threshold_2,Threshold 2,0,31,13,3,3,0,0.5,,1,35,3,35,0,0,1,,0.0009305210918114144,,0.014512383900928792,1.0,1.0,0.0,1.0,0.3333333333333333,0.0
stochastic_contradictions,p0.50,p0.50,19,threshold_2,Threshold 2,1,31,13,3,3,0,0.5,,1,33,1,33,0,0,1,,0.0009305210918114144,,0.014512383900928792,1.0,1.0,0.0,1.0,0.3333333333333333,0.0
stochastic_contradictions,p0.50,p0.50,19,threshold_2,Threshold 2,2,31,13,3,3,0,0.5,,1,33,1,33,0,0,2,,0.0009305210918114144,,0.014512383900928792,2.0,2.0,0.0,1.0,0.6666666666666666,0.0
stochastic_contradictions,p0.50,p0.50,19,threshold_2,Threshold 2,3,31,13,3,3,0,0.5,,1,32,0,32,0,0,2,,0.0009305210918114144,,0.014512383900928792,2.0,2.0,0.0,1.0,0.6666666666666666,0.0
stochastic_contradictions,p0.50,p0.50,19,threshold_2,Threshold 2,4,31,13,3,3,0,0.5,,1,32,0,32,0,0,2,,0.0009305210918114144,,0.014512383900928792,2.0,2.0,0.0,1.0,0.6666666666666666,0.0
stochastic_contradictions,p0.50,p0.50,19,threshold_2,Threshold 2,5,31,13,3,3,0,0.5,,1,33,1,33,0,0,3,,0.0009305210918114144,,0.014512383900928792,3.0,3.0,0.0,1.0,1.0,0.0
stochastic_contradictions,p0.50,p0.50,19,threshold_2,Threshold 2,6,31,13,3,3,0,0.5,,1,32,0,32,0,0,3,,0.0009305210918114144,,0.014512383900928792,3.0,3.0,0.0,1.0,1.0,0.0
stochastic_contradictions,p0.50,p0.50,19,threshold_2,Threshold 2,7,31,13,3,3,0,0.5,,1,32,0,32,0,0,3,,0.0009305210918114144,,0.014512383900928792,3.0,3.0,0.0,1.0,1.0,0.0
stochastic_contradictions,p0.50,p0.50,19,threshold_4,Threshold 4,0,31,13,3,3,0,0.5,,1,32,2,32,0,0,0,,0.0009305210918114144,,0.014512383900928792,0.0,0.0,0.0,1.0,0.0,0.0
stochastic_contradictions,p0.50,p0.50,19,threshold_4,Threshold 4,1,31,13,3,3,0,0.5,,1,33,3,33,0,0,0,,0.0009305210918114144,,0.014512383900928792,0.0,0.0,0.0,1.0,0.0,0.0
stochastic_contradictions,p0.50,p0.50,19,threshold_4,Threshold 4,2,31,13,3,3,0,0.5,,1,30,0,30,0,0,0,,0.0009305210918114144,,0.014512383900928792,0.0,0.0,0.0,1.0,0.0,0.0
stochastic_contradictions,p0.50,p0.50,19,threshold_4,Threshold 4,3,31,13,3,3,0,0.5,,1,35,3,35,0,0,1,,0.0009305210918114144,,0.014512383900928792,1.0,1.0,0.0,1.0,0.3333333333333333,0.0
stochastic_contradictions,p0.50,p0.50,19,threshold_4,Threshold 4,4,31,13,3,3,0,0.5,,1,33,1,33,0,0,2,,0.0009305210918114144,,0.014512383900928792,2.0,2.0,0.0,1.0,0.6666666666666666,0.0
stochastic_contradictions,p0.50,p0.50,19,threshold_4,Threshold 4,5,31,13,3,3,0,0.5,,1,32,0,32,0,0,2,,0.0009305210918114144,,0.014512383900928792,2.0,2.0,0.0,1.0,0.6666666666666666,0.0
stochastic_contradictions,p0.50,p0.50,19,threshold_4,Threshold 4,6,31,13,3,3,0,0.5,,1,32,0,32,0,0,2,,0.0009305210918114144,,0.014512383900928792,2.0,2.0,0.0,1.0,0.6666666666666666,0.0
stochastic_contradictions,p0.50,p0.50,19,threshold_4,Threshold 4,7,31,13,3,3,0,0.5,,1,32,0,32,0,0,2,,0.0009305210918114144,,0.014512383900928792,2.0,2.0,0.0,1.0,0.6666666666666666,0.0
stochastic_contradictions,p0.50,p0.50,19,threshold_8,Threshold 8,0,31,13,3,3,0,0.5,,1,32,2,32,0,0,0,,0.0009305210918114144,,0.014512383900928792,0.0,0.0,0.0,1.0,0.0,0.0
stochastic_contradictions,p0.50,p0.50,19,threshold_8,Threshold 8,1,31,13,3,3,0,0.5,,1,31,1,31,0,0,0,,0.0009305210918114144,,0.014512383900928792,0.0,0.0,0.0,1.0,0.0,0.0
stochastic_contradictions,p0.50,p0.50,19,threshold_8,Threshold 8,2,31,13,3,3,0,0.5,,1,30,0,30,0,0,0,,0.0009305210918114144,,0.014512383900928792,0.0,0.0,0.0,1.0,0.0,0.0
stochastic_contradictions,p0.50,p0.50,19,threshold_8,Threshold 8,3,31,13,3,3,0,0.5,,1,31,1,31,0,0,0,,0.0009305210918114144,,0.014512383900928792,0.0,0.0,0.0,1.0,0.0,0.0
stochastic_contradictions,p0.50,p0.50,19,threshold_8,Threshold 8,4,31,13,3,3,0,0.5,,1,33,3,33,0,0,0,,0.0009305210918114144,,0.014512383900928792,0.0,0.0,0.0,1.0,0.0,0.0
stochastic_contradictions,p0.50,p0.50,19,threshold_8,Threshold 8,5,31,13,3,3,0,0.5,,1,35,5,35,0,0,0,,0.0009305210918114144,,0.014512383900928792,0.0,0.0,0.0,1.0,0.0,0.0
stochastic_contradictions,p0.50,p0.50,19,threshold_8,Threshold 8,6,31,13,3,3,0,0.5,,1,35,3,35,0,0,1,,0.0009305210918114144,,0.014512383900928792,1.0,1.0,0.0,1.0,0.3333333333333333,0.0
stochastic_contradictions,p0.50,p0.50,19,threshold_8,Threshold 8,7,31,13,3,3,0,0.5,,1,33,1,33,0,0,1,,0.0009305210918114144,,0.014512383900928792,1.0,1.0,0.0,1.0,0.3333333333333333,0.0
stochastic_contradictions,p0.50,p0.50,19,ccra_exact_guard,CCRA exact,0,31,13,3,3,0,0.5,,1,33,1,33,0,0,1,,0.0009305210918114144,,0.014512383900928792,1.0,1.0,0.0,1.0,0.3333333333333333,0.0
stochastic_contradictions,p0.50,p0.50,19,ccra_exact_guard,CCRA exact,1,31,13,3,3,0,0.5,,1,32,0,32,0,0,1,,0.0009305210918114144,,0.014512383900928792,1.0,1.0,0.0,1.0,0.3333333333333333,0.0
stochastic_contradictions,p0.50,p0.50,19,ccra_exact_guard,CCRA exact,2,31,13,3,3,0,0.5,,1,32,0,32,0,0,1,,0.0009305210918114144,,0.014512383900928792,1.0,1.0,0.0,1.0,0.3333333333333333,0.0
stochastic_contradictions,p0.50,p0.50,19,ccra_exact_guard,CCRA exact,3,31,13,3,3,0,0.5,,1,32,0,32,0,0,1,,0.0009305210918114144,,0.014512383900928792,1.0,1.0,0.0,1.0,0.3333333333333333,0.0
stochastic_contradictions,p0.50,p0.50,19,ccra_exact_guard,CCRA exact,4,31,13,3,3,0,0.5,,1,32,0,32,0,0,1,,0.0009305210918114144,,0.014512383900928792,1.0,1.0,0.0,1.0,0.3333333333333333,0.0
stochastic_contradictions,p0.50,p0.50,19,ccra_exact_guard,CCRA exact,5,31,13,3,3,0,0.5,,1,32,0,32,0,0,1,,0.0009305210918114144,,0.014512383900928792,1.0,1.0,0.0,1.0,0.3333333333333333,0.0
stochastic_contradictions,p0.50,p0.50,19,ccra_exact_guard,CCRA exact,6,31,13,3,3,0,0.5,,1,32,0,32,0,0,1,,0.0009305210918114144,,0.014512383900928792,1.0,1.0,0.0,1.0,0.3333333333333333,0.0
stochastic_contradictions,p0.50,p0.50,19,ccra_exact_guard,CCRA exact,7,31,13,3,3,0,0.5,,1,32,0,32,0,0,1,,0.0009305210918114144,,0.014512383900928792,1.0,1.0,0.0,1.0,0.3333333333333333,0.0
stochastic_contradictions,p0.50,p0.50,19,uncertainty_cost_avoidance,Cost avoidance,0,31,13,3,3,0,0.5,,1,33,1,33,0,0,1,,0.0009305210918114144,,0.014512383900928792,0.0,0.0,0.0,1.0,0.0,0.0
stochastic_contradictions,p0.50,p0.50,19,uncertainty_cost_avoidance,Cost avoidance,1,31,13,3,3,0,0.5,,1,32,0,32,0,0,1,,0.0009305210918114144,,0.014512383900928792,0.0,0.0,0.0,1.0,0.0,0.0
stochastic_contradictions,p0.50,p0.50,19,uncertainty_cost_avoidance,Cost avoidance,2,31,13,3,3,0,0.5,,1,32,0,32,0,0,1,,0.0009305210918114144,,0.014512383900928792,0.0,0.0,0.0,1.0,0.0,0.0
stochastic_contradictions,p0.50,p0.50,19,uncertainty_cost_avoidance,Cost avoidance,3,31,13,3,3,0,0.5,,1,32,0,32,0,0,1,,0.0009305210918114144,,0.014512383900928792,0.0,0.0,0.0,1.0,0.0,0.0
stochastic_contradictions,p0.50,p0.50,19,uncertainty_cost_avoidance,Cost avoidance,4,31,13,3,3,0,0.5,,1,32,0,32,0,0,1,,0.0009305210918114144,,0.014512383900928792,0.0,0.0,0.0,1.0,0.0,0.0
stochastic_contradictions,p0.50,p0.50,19,uncertainty_cost_avoidance,Cost avoidance,5,31,13,3,3,0,0.5,,1,32,0,32,0,0,1,,0.0009305210918114144,,0.014512383900928792,0.0,0.0,0.0,1.0,0.0,0.0
stochastic_contradictions,p0.50,p0.50,19,uncertainty_cost_avoidance,Cost avoidance,6,31,13,3,3,0,0.5,,1,32,0,32,0,0,1,,0.0009305210918114144,,0.014512383900928792,0.0,0.0,0.0,1.0,0.0,0.0
stochastic_contradictions,p0.50,p0.50,19,uncertainty_cost_avoidance,Cost avoidance,7,31,13,3,3,0,0.5,,1,32,0,32,0,0,1,,0.0009305210918114144,,0.014512383900928792,0.0,0.0,0.0,1.0,0.0,0.0
stochastic_contradictions,p0.50,p0.50,19,oracle_fault_model,Oracle,0,31,13,3,3,0,0.5,,1,32,0,32,0,0,0,,0.0009305210918114144,,0.014512383900928792,3.0,3.0,0.0,1.0,1.0,0.0
stochastic_contradictions,p0.50,p0.50,19,oracle_fault_model,Oracle,1,31,13,3,3,0,0.5,,1,32,0,32,0,0,0,,0.0009305210918114144,,0.014512383900928792,3.0,3.0,0.0,1.0,1.0,0.0
stochastic_contradictions,p0.50,p0.50,19,oracle_fault_model,Oracle,2,31,13,3,3,0,0.5,,1,32,0,32,0,0,0,,0.0009305210918114144,,0.014512383900928792,3.0,3.0,0.0,1.0,1.0,0.0
stochastic_contradictions,p0.50,p0.50,19,oracle_fault_model,Oracle,3,31,13,3,3,0,0.5,,1,32,0,32,0,0,0,,0.0009305210918114144,,0.014512383900928792,3.0,3.0,0.0,1.0,1.0,0.0
stochastic_contradictions,p0.50,p0.50,19,oracle_fault_model,Oracle,4,31,13,3,3,0,0.5,,1,32,0,32,0,0,0,,0.0009305210918114144,,0.014512383900928792,3.0,3.0,0.0,1.0,1.0,0.0
stochastic_contradictions,p0.50,p0.50,19,oracle_fault_model,Oracle,5,31,13,3,3,0,0.5,,1,32,0,32,0,0,0,,0.0009305210918114144,,0.014512383900928792,3.0,3.0,0.0,1.0,1.0,0.0
stochastic_contradictions,p0.50,p0.50,19,oracle_fault_model,Oracle,6,31,13,3,3,0,0.5,,1,32,0,32,0,0,0,,0.0009305210918114144,,0.014512383900928792,3.0,3.0,0.0,1.0,1.0,0.0
stochastic_contradictions,p0.50,p0.50,19,oracle_fault_model,Oracle,7,31,13,3,3,0,0.5,,1,32,0,32,0,0,0,,0.0009305210918114144,,0.014512383900928792,3.0,3.0,0.0,1.0,1.0,0.0
stochastic_contradictions,p0.75,p0.75,0,nominal_no_repair,Nominal,0,31,13,3,3,0,0.75,,0,220,218,3,0,1,0,,0.0013957816377171215,,0.02176857585139319,0.0,0.0,0.0,1.0,0.0,0.0
stochastic_contradictions,p0.75,p0.75,0,nominal_no_repair,Nominal,1,31,13,3,3,0,0.75,,0,220,218,3,0,1,0,,0.0013957816377171215,,0.02176857585139319,0.0,0.0,0.0,1.0,0.0,0.0
stochastic_contradictions,p0.75,p0.75,0,nominal_no_repair,Nominal,2,31,13,3,3,0,0.75,,1,30,0,30,0,0,0,,0.0013957816377171215,,0.02176857585139319,0.0,0.0,0.0,1.0,0.0,0.0
stochastic_contradictions,p0.75,p0.75,0,nominal_no_repair,Nominal,3,31,13,3,3,0,0.75,,0,220,206,15,0,1,0,,0.0013957816377171215,,0.02176857585139319,0.0,0.0,0.0,1.0,0.0,0.0
stochastic_contradictions,p0.75,p0.75,0,nominal_no_repair,Nominal,4,31,13,3,3,0,0.75,,0,220,218,3,0,1,0,,0.0013957816377171215,,0.02176857585139319,0.0,0.0,0.0,1.0,0.0,0.0
stochastic_contradictions,p0.75,p0.75,0,nominal_no_repair,Nominal,5,31,13,3,3,0,0.75,,0,220,208,13,0,1,0,,0.0013957816377171215,,0.02176857585139319,0.0,0.0,0.0,1.0,0.0,0.0
stochastic_contradictions,p0.75,p0.75,0,nominal_no_repair,Nominal,6,31,13,3,3,0,0.75,,0,220,218,3,0,1,0,,0.0013957816377171215,,0.02176857585139319,0.0,0.0,0.0,1.0,0.0,0.0
stochastic_contradictions,p0.75,p0.75,0,nominal_no_repair,Nominal,7,31,13,3,3,0,0.75,,0,220,218,3,0,1,0,,0.0013957816377171215,,0.02176857585139319,0.0,0.0,0.0,1.0,0.0,0.0
stochastic_contradictions,p0.75,p0.75,0,threshold_2,Threshold 2,0,31,13,3,3,0,0.75,,1,34,2,34,0,0,1,,0.0010856079404466502,,0.016931114551083593,1.0,1.0,0.0,1.0,0.3333333333333333,0.0
stochastic_contradictions,p0.75,p0.75,0,threshold_2,Threshold 2,1,31,13,3,3,0,0.75,,1,32,0,32,0,0,1,,0.0010856079404466502,,0.016931114551083593,1.0,1.0,0.0,1.0,0.3333333333333333,0.0
stochastic_contradictions,p0.75,p0.75,0,threshold_2,Threshold 2,2,31,13,3,3,0,0.75,,1,32,0,32,0,0,1,,0.0010856079404466502,,0.016931114551083593,1.0,1.0,0.0,1.0,0.3333333333333333,0.0
stochastic_contradictions,p0.75,p0.75,0,threshold_2,Threshold 2,3,31,13,3,3,0,0.75,,1,32,0,32,0,0,1,,0.0010856079404466502,,0.016931114551083593,1.0,1.0,0.0,1.0,0.3333333333333333,0.0
stochastic_contradictions,p0.75,p0.75,0,threshold_2,Threshold 2,4,31,13,3,3,0,0.75,,1,32,0,32,0,0,1,,0.0010856079404466502,,0.016931114551083593,1.0,1.0,0.0,1.0,0.3333333333333333,0.0
stochastic_contradictions,p0.75,p0.75,0,threshold_2,Threshold 2,5,31,13,3,3,0,0.75,,1,32,0,32,0,0,1,,0.0010856079404466502,,0.016931114551083593,1.0,1.0,0.0,1.0,0.3333333333333333,0.0
stochastic_contradictions,p0.75,p0.75,0,threshold_2,Threshold 2,6,31,13,3,3,0,0.75,,1,32,0,32,0,0,1,,0.0010856079404466502,,0.016931114551083593,1.0,1.0,0.0,1.0,0.3333333333333333,0.0
stochastic_contradictions,p0.75,p0.75,0,threshold_2,Threshold 2,7,31,13,3,3,0,0.75,,1,32,0,32,0,0,1,,0.0010856079404466502,,0.016931114551083593,1.0,1.0,0.0,1.0,0.3333333333333333,0.0
stochastic_contradictions,p0.75,p0.75,0,threshold_4,Threshold 4,0,31,13,3,3,0,0.75,,1,36,4,36,0,0,1,,0.0010856079404466502,,0.016931114551083593,1.0,1.0,0.0,1.0,0.3333333333333333,0.0
stochastic_contradictions,p0.75,p0.75,0,threshold_4,Threshold 4,1,31,13,3,3,0,0.75,,1,32,0,32,0,0,1,,0.0010856079404466502,,0.016931114551083593,1.0,1.0,0.0,1.0,0.3333333333333333,0.0
stochastic_contradictions,p0.75,p0.75,0,threshold_4,Threshold 4,2,31,13,3,3,0,0.75,,1,32,0,32,0,0,1,,0.0010856079404466502,,0.016931114551083593,1.0,1.0,0.0,1.0,0.3333333333333333,0.0
stochastic_contradictions,p0.75,p0.75,0,threshold_4,Threshold 4,3,31,13,3,3,0,0.75,,1,32,0,32,0,0,1,,0.0010856079404466502,,0.016931114551083593,1.0,1.0,0.0,1.0,0.3333333333333333,0.0
stochastic_contradictions,p0.75,p0.75,0,threshold_4,Threshold 4,4,31,13,3,3,0,0.75,,1,32,0,32,0,0,1,,0.0010856079404466502,,0.016931114551083593,1.0,1.0,0.0,1.0,0.3333333333333333,0.0
stochastic_contradictions,p0.75,p0.75,0,threshold_4,Threshold 4,5,31,13,3,3,0,0.75,,1,32,0,32,0,0,1,,0.0010856079404466502,,0.016931114551083593,1.0,1.0,0.0,1.0,0.3333333333333333,0.0
stochastic_contradictions,p0.75,p0.75,0,threshold_4,Threshold 4,6,31,13,3,3,0,0.75,,1,32,0,32,0,0,1,,0.0010856079404466502,,0.016931114551083593,1.0,1.0,0.0,1.0,0.3333333333333333,0.0
stochastic_contradictions,p0.75,p0.75,0,threshold_4,Threshold 4,7,31,13,3,3,0,0.75,,1,32,0,32,0,0,1,,0.0010856079404466502,,0.016931114551083593,1.0,1.0,0.0,1.0,0.3333333333333333,0.0
stochastic_contradictions,p0.75,p0.75,0,threshold_8,Threshold 8,0,31,13,3,3,0,0.75,,1,31,1,31,0,0,0,,0.0013957816377171215,,0.02176857585139319,0.0,0.0,0.0,1.0,0.0,0.0
stochastic_contradictions,p0.75,p0.75,0,threshold_8,Threshold 8,1,31,13,3,3,0,0.75,,1,44,12,44,0,0,1,,0.0010856079404466502,,0.016931114551083593,1.0,1.0,0.0,1.0,0.3333333333333333,0.0
stochastic_contradictions,p0.75,p0.75,0,threshold_8,Threshold 8,2,31,13,3,3,0,0.75,,1,36,4,36,0,0,2,,0.0007754342431761787,,0.012093653250773995,2.0,2.0,0.0,1.0,0.6666666666666666,0.0
stochastic_contradictions,p0.75,p0.75,0,threshold_8,Threshold 8,3,31,13,3,3,0,0.75,,1,32,0,32,0,0,2,,0.0007754342431761787,,0.012093653250773995,2.0,2.0,0.0,1.0,0.6666666666666666,0.0
stochastic_contradictions,p0.75,p0.75,0,threshold_8,Threshold 8,4,31,13,3,3,0,0.75,,1,32,0,32,0,0,2,,0.0007754342431761787,,0.012093653250773995,2.0,2.0,0.0,1.0,0.6666666666666666,0.0
stochastic_contradictions,p0.75,p0.75,0,threshold_8,Threshold 8,5,31,13,3,3,0,0.75,,1,32,0,32,0,0,2,,0.0007754342431761787,,0.012093653250773995,2.0,2.0,0.0,1.0,0.6666666666666666,0.0
stochastic_contradictions,p0.75,p0.75,0,threshold_8,Threshold 8,6,31,13,3,3,0,0.75,,1,32,0,32,0,0,2,,0.0007754342431761787,,0.012093653250773995,2.0,2.0,0.0,1.0,0.6666666666666666,0.0
stochastic_contradictions,p0.75,p0.75,0,threshold_8,Threshold 8,7,31,13,3,3,0,0.75,,1,32,0,32,0,0,2,,0.0007754342431761787,,0.012093653250773995,2.0,2.0,0.0,1.0,0.6666666666666666,0.0
stochastic_contradictions,p0.75,p0.75,0,ccra_exact_guard,CCRA exact,0,31,13,3,3,0,0.75,,1,33,1,33,0,0,1,,0.0010856079404466502,,0.016931114551083593,1.0,1.0,0.0,1.0,0.3333333333333333,0.0
stochastic_contradictions,p0.75,p0.75,0,ccra_exact_guard,CCRA exact,1,31,13,3,3,0,0.75,,1,32,0,32,0,0,1,,0.0010856079404466502,,0.016931114551083593,1.0,1.0,0.0,1.0,0.3333333333333333,0.0
stochastic_contradictions,p0.75,p0.75,0,ccra_exact_guard,CCRA exact,2,31,13,3,3,0,0.75,,1,32,0,32,0,0,1,,0.0010856079404466502,,0.016931114551083593,1.0,1.0,0.0,1.0,0.3333333333333333,0.0
stochastic_contradictions,p0.75,p0.75,0,ccra_exact_guard,CCRA exact,3,31,13,3,3,0,0.75,,1,32,0,32,0,0,1,,0.0010856079404466502,,0.016931114551083593,1.0,1.0,0.0,1.0,0.3333333333333333,0.0
stochastic_contradictions,p0.75,p0.75,0,ccra_exact_guard,CCRA exact,4,31,13,3,3,0,0.75,,1,32,0,32,0,0,1,,0.0010856079404466502,,0.016931114551083593,1.0,1.0,0.0,1.0,0.3333333333333333,0.0
stochastic_contradictions,p0.75,p0.75,0,ccra_exact_guard,CCRA exact,5,31,13,3,3,0,0.75,,1,32,0,32,0,0,1,,0.0010856079404466502,,0.016931114551083593,1.0,1.0,0.0,1.0,0.3333333333333333,0.0
stochastic_contradictions,p0.75,p0.75,0,ccra_exact_guard,CCRA exact,6,31,13,3,3,0,0.75,,1,32,0,32,0,0,1,,0.0010856079404466502,,0.016931114551083593,1.0,1.0,0.0,1.0,0.3333333333333333,0.0
stochastic_contradictions,p0.75,p0.75,0,ccra_exact_guard,CCRA exact,7,31,13,3,3,0,0.75,,1,32,0,32,0,0,1,,0.0010856079404466502,,0.016931114551083593,1.0,1.0,0.0,1.0,0.3333333333333333,0.0
stochastic_contradictions,p0.75,p0.75,0,uncertainty_cost_avoidance,Cost avoidance,0,31,13,3,3,0,0.75,,1,33,1,33,0,0,1,,0.0013957816377171215,,0.02176857585139319,0.0,0.0,0.0,1.0,0.0,0.0
stochastic_contradictions,p0.75,p0.75,0,uncertainty_cost_avoidance,Cost avoidance,1,31,13,3,3,0,0.75,,1,32,0,32,0,0,1,,0.0013957816377171215,,0.02176857585139319,0.0,0.0,0.0,1.0,0.0,0.0
stochastic_contradictions,p0.75,p0.75,0,uncertainty_cost_avoidance,Cost avoidance,2,31,13,3,3,0,0.75,,1,32,0,32,0,0,1,,0.0013957816377171215,,0.02176857585139319,0.0,0.0,0.0,1.0,0.0,0.0
stochastic_contradictions,p0.75,p0.75,0,uncertainty_cost_avoidance,Cost avoidance,3,31,13,3,3,0,0.75,,1,32,0,32,0,0,1,,0.0013957816377171215,,0.02176857585139319,0.0,0.0,0.0,1.0,0.0,0.0
stochastic_contradictions,p0.75,p0.75,0,uncertainty_cost_avoidance,Cost avoidance,4,31,13,3,3,0,0.75,,1,32,0,32,0,0,1,,0.0013957816377171215,,0.02176857585139319,0.0,0.0,0.0,1.0,0.0,0.0
stochastic_contradictions,p0.75,p0.75,0,uncertainty_cost_avoidance,Cost avoidance,5,31,13,3,3,0,0.75,,1,32,0,32,0,0,1,,0.0013957816377171215,,0.02176857585139319,0.0,0.0,0.0,1.0,0.0,0.0
stochastic_contradictions,p0.75,p0.75,0,uncertainty_cost_avoidance,Cost avoidance,6,31,13,3,3,0,0.75,,1,32,0,32,0,0,1,,0.0013957816377171215,,0.02176857585139319,0.0,0.0,0.0,1.0,0.0,0.0
stochastic_contradictions,p0.75,p0.75,0,uncertainty_cost_avoidance,Cost avoidance,7,31,13,3,3,0,0.75,,1,32,0,32,0,0,1,,0.0013957816377171215,,0.02176857585139319,0.0,0.0,0.0,1.0,0.0,0.0
stochastic_contradictions,p0.75,p0.75,0,oracle_fault_model,Oracle,0,31,13,3,3,0,0.75,,1,32,0,32,0,0,0,,0.0004652605459057072,,0.007256191950464396,3.0,3.0,0.0,1.0,1.0,0.0
stochastic_contradictions,p0.75,p0.75,0,oracle_fault_model,Oracle,1,31,13,3,3,0,0.75,,1,32,0,32,0,0,0,,0.0004652605459057072,,0.007256191950464396,3.0,3.0,0.0,1.0,1.0,0.0
stochastic_contradictions,p0.75,p0.75,0,oracle_fault_model,Oracle,2,31,13,3,3,0,0.75,,1,32,0,32,0,0,0,,0.0004652605459057072,,0.007256191950464396,3.0,3.0,0.0,1.0,1.0,0.0
stochastic_contradictions,p0.75,p0.75,0,oracle_fault_model,Oracle,3,31,13,3,3,0,0.75,,1,32,0,32,0,0,0,,0.0004652605459057072,,0.007256191950464396,3.0,3.0,0.0,1.0,1.0,0.0
stochastic_contradictions,p0.75,p0.75,0,oracle_fault_model,Oracle,4,31,13,3,3,0,0.75,,1,32,0,32,0,0,0,,0.0004652605459057072,,0.007256191950464396,3.0,3.0,0.0,1.0,1.0,0.0
stochastic_contradictions,p0.75,p0.75,0,oracle_fault_model,Oracle,5,31,13,3,3,0,0.75,,1,32,0,32,0,0,0,,0.0004652605459057072,,0.007256191950464396,3.0,3.0,0.0,1.0,1.0,0.0
stochastic_contradictions,p0.75,p0.75,0,oracle_fault_model,Oracle,6,31,13,3,3,0,0.75,,1,32,0,32,0,0,0,,0.0004652605459057072,,0.007256191950464396,3.0,3.0,0.0,1.0,1.0,0.0
stochastic_contradictions,p0.75,p0.75,0,oracle_fault_model,Oracle,7,31,13,3,3,0,0.75,,1,32,0,32,0,0,0,,0.0004652605459057072,,0.007256191950464396,3.0,3.0,0.0,1.0,1.0,0.0
stochastic_contradictions,p0.75,p0.75,1,nominal_no_repair,Nominal,0,31,13,3,3,0,0.75,,0,220,206,15,0,1,0,,0.0013957816377171215,,0.02176857585139319,0.0,0.0,0.0,1.0,0.0,0.0
stochastic_contradictions,p0.75,p0.75,1,nominal_no_repair,Nominal,1,31,13,3,3,0,0.75,,0,220,206,15,0,1,0,,0.0013957816377171215,,0.02176857585139319,0.0,0.0,0.0,1.0,0.0,0.0
stochastic_contradictions,p0.75,p0.75,1,nominal_no_repair,Nominal,2,31,13,3,3,0,0.75,,0,220,206,15,0,1,0,,0.0013957816377171215,,0.02176857585139319,0.0,0.0,0.0,1.0,0.0,0.0
stochastic_contradictions,p0.75,p0.75,1,nominal_no_repair,Nominal,3,31,13,3,3,0,0.75,,0,220,194,27,0,1,0,,0.0013957816377171215,,0.02176857585139319,0.0,0.0,0.0,1.0,0.0,0.0
stochastic_contradictions,p0.75,p0.75,1,nominal_no_repair,Nominal,4,31,13,3,3,0,0.75,,0,220,206,15,0,1,0,,0.0013957816377171215,,0.02176857585139319,0.0,0.0,0.0,1.0,0.0,0.0
stochastic_contradictions,p0.75,p0.75,1,nominal_no_repair,Nominal,5,31,13,3,3,0,0.75,,0,220,206,15,0,1,0,,0.0013957816377171215,,0.02176857585139319,0.0,0.0,0.0,1.0,0.0,0.0
stochastic_contradictions,p0.75,p0.75,1,nominal_no_repair,Nominal,6,31,13,3,3,0,0.75,,0,220,206,15,0,1,0,,0.0013957816377171215,,0.02176857585139319,0.0,0.0,0.0,1.0,0.0,0.0
stochastic_contradictions,p0.75,p0.75,1,nominal_no_repair,Nominal,7,31,13,3,3,0,0.75,,0,220,206,15,0,1,0,,0.0013957816377171215,,0.02176857585139319,0.0,0.0,0.0,1.0,0.0,0.0
stochastic_contradictions,p0.75,p0.75,1,threshold_2,Threshold 2,0,31,13,3,3,0,0.75,,1,34,2,34,0,0,1,,0.0010856079404466502,,0.016931114551083593,1.0,1.0,0.0,1.0,0.3333333333333333,0.0
stochastic_contradictions,p0.75,p0.75,1,threshold_2,Threshold 2,1,31,13,3,3,0,0.75,,1,32,0,32,0,0,1,,0.0010856079404466502,,0.016931114551083593,1.0,1.0,0.0,1.0,0.3333333333333333,0.0
stochastic_contradictions,p0.75,p0.75,1,threshold_2,Threshold 2,2,31,13,3,3,0,0.75,,1,32,0,32,0,0,1,,0.0010856079404466502,,0.016931114551083593,1.0,1.0,0.0,1.0,0.3333333333333333,0.0
stochastic_contradictions,p0.75,p0.75,1,threshold_2,Threshold 2,3,31,13,3,3,0,0.75,,1,32,0,32,0,0,1,,0.0010856079404466502,,0.016931114551083593,1.0,1.0,0.0,1.0,0.3333333333333333,0.0
stochastic_contradictions,p0.75,p0.75,1,threshold_2,Threshold 2,4,31,13,3,3,0,0.75,,1,32,0,32,0,0,1,,0.0010856079404466502,,0.016931114551083593,1.0,1.0,0.0,1.0,0.3333333333333333,0.0
stochastic_contradictions,p0.75,p0.75,1,threshold_2,Threshold 2,5,31,13,3,3,0,0.75,,1,32,0,32,0,0,1,,0.0010856079404466502,,0.016931114551083593,1.0,1.0,0.0,1.0,0.3333333333333333,0.0
stochastic_contradictions,p0.75,p0.75,1,threshold_2,Threshold 2,6,31,13,3,3,0,0.75,,1,32,0,32,0,0,1,,0.0010856079404466502,,0.016931114551083593,1.0,1.0,0.0,1.0,0.3333333333333333,0.0
stochastic_contradictions,p0.75,p0.75,1,threshold_2,Threshold 2,7,31,13,3,3,0,0.75,,1,32,0,32,0,0,1,,0.0010856079404466502,,0.016931114551083593,1.0,1.0,0.0,1.0,0.3333333333333333,0.0
stochastic_contradictions,p0.75,p0.75,1,threshold_4,Threshold 4,0,31,13,3,3,0,0.75,,1,36,4,36,0,0,1,,0.0010856079404466502,,0.016931114551083593,1.0,1.0,0.0,1.0,0.3333333333333333,0.0
stochastic_contradictions,p0.75,p0.75,1,threshold_4,Threshold 4,1,31,13,3,3,0,0.75,,1,32,0,32,0,0,1,,0.0010856079404466502,,0.016931114551083593,1.0,1.0,0.0,1.0,0.3333333333333333,0.0
stochastic_contradictions,p0.75,p0.75,1,threshold_4,Threshold 4,2,31,13,3,3,0,0.75,,1,32,0,32,0,0,1,,0.0010856079404466502,,0.016931114551083593,1.0,1.0,0.0,1.0,0.3333333333333333,0.0
stochastic_contradictions,p0.75,p0.75,1,threshold_4,Threshold 4,3,31,13,3,3,0,0.75,,1,32,0,32,0,0,1,,0.0010856079404466502,,0.016931114551083593,1.0,1.0,0.0,1.0,0.3333333333333333,0.0
stochastic_contradictions,p0.75,p0.75,1,threshold_4,Threshold 4,4,31,13,3,3,0,0.75,,1,32,0,32,0,0,1,,0.0010856079404466502,,0.016931114551083593,1.0,1.0,0.0,1.0,0.3333333333333333,0.0
stochastic_contradictions,p0.75,p0.75,1,threshold_4,Threshold 4,5,31,13,3,3,0,0.75,,1,32,0,32,0,0,1,,0.0010856079404466502,,0.016931114551083593,1.0,1.0,0.0,1.0,0.3333333333333333,0.0
stochastic_contradictions,p0.75,p0.75,1,threshold_4,Threshold 4,6,31,13,3,3,0,0.75,,1,32,0,32,0,0,1,,0.0010856079404466502,,0.016931114551083593,1.0,1.0,0.0,1.0,0.3333333333333333,0.0
stochastic_contradictions,p0.75,p0.75,1,threshold_4,Threshold 4,7,31,13,3,3,0,0.75,,1,32,0,32,0,0,1,,0.0010856079404466502,,0.016931114551083593,1.0,1.0,0.0,1.0,0.3333333333333333,0.0
stochastic_contradictions,p0.75,p0.75,1,threshold_8,Threshold 8,0,31,13,3,3,0,0.75,,1,41,9,41,0,0,1,,0.0010856079404466502,,0.016931114551083593,1.0,1.0,0.0,1.0,0.3333333333333333,0.0
stochastic_contradictions,p0.75,p0.75,1,threshold_8,Threshold 8,1,31,13,3,3,0,0.75,,1,40,8,40,0,0,1,,0.0010856079404466502,,0.016931114551083593,1.0,1.0,0.0,1.0,0.3333333333333333,0.0
stochastic_contradictions,p0.75,p0.75,1,threshold_8,Threshold 8,2,31,13,3,3,0,0.75,,1,38,6,38,0,0,2,,0.0007754342431761787,,0.012093653250773995,2.0,2.0,0.0,1.0,0.6666666666666666,0.0
stochastic_contradictions,p0.75,p0.75,1,threshold_8,Threshold 8,3,31,13,3,3,0,0.75,,1,33,1,33,0,0,3,,0.0004652605459057072,,0.007256191950464396,3.0,3.0,0.0,1.0,1.0,0.0
stochastic_contradictions,p0.75,p0.75,1,threshold_8,Threshold 8,4,31,13,3,3,0,0.75,,1,32,0,32,0,0,3,,0.0004652605459057072,,0.007256191950464396,3.0,3.0,0.0,1.0,1.0,0.0
stochastic_contradictions,p0.75,p0.75,1,threshold_8,Threshold 8,5,31,13,3,3,0,0.75,,1,32,0,32,0,0,3,,0.0004652605459057072,,0.007256191950464396,3.0,3.0,0.0,1.0,1.0,0.0
stochastic_contradictions,p0.75,p0.75,1,threshold_8,Threshold 8,6,31,13,3,3,0,0.75,,1,32,0,32,0,0,3,,0.0004652605459057072,,0.007256191950464396,3.0,3.0,0.0,1.0,1.0,0.0
stochastic_contradictions,p0.75,p0.75,1,threshold_8,Threshold 8,7,31,13,3,3,0,0.75,,1,32,0,32,0,0,3,,0.0004652605459057072,,0.007256191950464396,3.0,3.0,0.0,1.0,1.0,0.0
stochastic_contradictions,p0.75,p0.75,1,ccra_exact_guard,CCRA exact,0,31,13,3,3,0,0.75,,1,33,1,33,0,0,1,,0.0010856079404466502,,0.016931114551083593,1.0,1.0,0.0,1.0,0.3333333333333333,0.0
stochastic_contradictions,p0.75,p0.75,1,ccra_exact_guard,CCRA exact,1,31,13,3,3,0,0.75,,1,32,0,32,0,0,1,,0.0010856079404466502,,0.016931114551083593,1.0,1.0,0.0,1.0,0.3333333333333333,0.0
stochastic_contradictions,p0.75,p0.75,1,ccra_exact_guard,CCRA exact,2,31,13,3,3,0,0.75,,1,32,0,32,0,0,1,,0.0010856079404466502,,0.016931114551083593,1.0,1.0,0.0,1.0,0.3333333333333333,0.0
stochastic_contradictions,p0.75,p0.75,1,ccra_exact_guard,CCRA exact,3,31,13,3,3,0,0.75,,1,32,0,32,0,0,1,,0.0010856079404466502,,0.016931114551083593,1.0,1.0,0.0,1.0,0.3333333333333333,0.0
stochastic_contradictions,p0.75,p0.75,1,ccra_exact_guard,CCRA exact,4,31,13,3,3,0,0.75,,1,32,0,32,0,0,1,,0.0010856079404466502,,0.016931114551083593,1.0,1.0,0.0,1.0,0.3333333333333333,0.0
stochastic_contradictions,p0.75,p0.75,1,ccra_exact_guard,CCRA exact,5,31,13,3,3,0,0.75,,1,32,0,32,0,0,1,,0.0010856079404466502,,0.016931114551083593,1.0,1.0,0.0,1.0,0.3333333333333333,0.0
stochastic_contradictions,p0.75,p0.75,1,ccra_exact_guard,CCRA exact,6,31,13,3,3,0,0.75,,1,32,0,32,0,0,1,,0.0010856079404466502,,0.016931114551083593,1.0,1.0,0.0,1.0,0.3333333333333333,0.0
stochastic_contradictions,p0.75,p0.75,1,ccra_exact_guard,CCRA exact,7,31,13,3,3,0,0.75,,1,32,0,32,0,0,1,,0.0010856079404466502,,0.016931114551083593,1.0,1.0,0.0,1.0,0.3333333333333333,0.0
stochastic_contradictions,p0.75,p0.75,1,uncertainty_cost_avoidance,Cost avoidance,0,31,13,3,3,0,0.75,,1,33,1,33,0,0,1,,0.0013957816377171215,,0.02176857585139319,0.0,0.0,0.0,1.0,0.0,0.0
stochastic_contradictions,p0.75,p0.75,1,uncertainty_cost_avoidance,Cost avoidance,1,31,13,3,3,0,0.75,,1,33,1,33,0,0,2,,0.0013957816377171215,,0.02176857585139319,0.0,0.0,0.0,1.0,0.0,0.0
stochastic_contradictions,p0.75,p0.75,1,uncertainty_cost_avoidance,Cost avoidance,2,31,13,3,3,0,0.75,,1,32,0,32,0,0,2,,0.0013957816377171215,,0.02176857585139319,0.0,0.0,0.0,1.0,0.0,0.0
stochastic_contradictions,p0.75,p0.75,1,uncertainty_cost_avoidance,Cost avoidance,3,31,13,3,3,0,0.75,,1,32,0,32,0,0,2,,0.0013957816377171215,,0.02176857585139319,0.0,0.0,0.0,1.0,0.0,0.0
stochastic_contradictions,p0.75,p0.75,1,uncertainty_cost_avoidance,Cost avoidance,4,31,13,3,3,0,0.75,,1,32,0,32,0,0,2,,0.0013957816377171215,,0.02176857585139319,0.0,0.0,0.0,1.0,0.0,0.0
stochastic_contradictions,p0.75,p0.75,1,uncertainty_cost_avoidance,Cost avoidance,5,31,13,3,3,0,0.75,,1,32,0,32,0,0,2,,0.0013957816377171215,,0.02176857585139319,0.0,0.0,0.0,1.0,0.0,0.0
stochastic_contradictions,p0.75,p0.75,1,uncertainty_cost_avoidance,Cost avoidance,6,31,13,3,3,0,0.75,,1,32,0,32,0,0,2,,0.0013957816377171215,,0.02176857585139319,0.0,0.0,0.0,1.0,0.0,0.0
stochastic_contradictions,p0.75,p0.75,1,uncertainty_cost_avoidance,Cost avoidance,7,31,13,3,3,0,0.75,,1,32,0,32,0,0,2,,0.0013957816377171215,,0.02176857585139319,0.0,0.0,0.0,1.0,0.0,0.0
stochastic_contradictions,p0.75,p0.75,1,oracle_fault_model,Oracle,0,31,13,3,3,0,0.75,,1,32,0,32,0,0,0,,0.0004652605459057072,,0.007256191950464396,3.0,3.0,0.0,1.0,1.0,0.0
stochastic_contradictions,p0.75,p0.75,1,oracle_fault_model,Oracle,1,31,13,3,3,0,0.75,,1,32,0,32,0,0,0,,0.0004652605459057072,,0.007256191950464396,3.0,3.0,0.0,1.0,1.0,0.0
stochastic_contradictions,p0.75,p0.75,1,oracle_fault_model,Oracle,2,31,13,3,3,0,0.75,,1,32,0,32,0,0,0,,0.0004652605459057072,,0.007256191950464396,3.0,3.0,0.0,1.0,1.0,0.0
stochastic_contradictions,p0.75,p0.75,1,oracle_fault_model,Oracle,3,31,13,3,3,0,0.75,,1,32,0,32,0,0,0,,0.0004652605459057072,,0.007256191950464396,3.0,3.0,0.0,1.0,1.0,0.0
stochastic_contradictions,p0.75,p0.75,1,oracle_fault_model,Oracle,4,31,13,3,3,0,0.75,,1,32,0,32,0,0,0,,0.0004652605459057072,,0.007256191950464396,3.0,3.0,0.0,1.0,1.0,0.0
stochastic_contradictions,p0.75,p0.75,1,oracle_fault_model,Oracle,5,31,13,3,3,0,0.75,,1,32,0,32,0,0,0,,0.0004652605459057072,,0.007256191950464396,3.0,3.0,0.0,1.0,1.0,0.0
stochastic_contradictions,p0.75,p0.75,1,oracle_fault_model,Oracle,6,31,13,3,3,0,0.75,,1,32,0,32,0,0,0,,0.0004652605459057072,,0.007256191950464396,3.0,3.0,0.0,1.0,1.0,0.0
stochastic_contradictions,p0.75,p0.75,1,oracle_fault_model,Oracle,7,31,13,3,3,0,0.75,,1,32,0,32,0,0,0,,0.0004652605459057072,,0.007256191950464396,3.0,3.0,0.0,1.0,1.0,0.0
stochastic_contradictions,p0.75,p0.75,2,nominal_no_repair,Nominal,0,31,13,3,3,0,0.75,,0,220,200,21,0,1,0,,0.0013957816377171215,,0.02176857585139319,0.0,0.0,0.0,1.0,0.0,0.0
stochastic_contradictions,p0.75,p0.75,2,nominal_no_repair,Nominal,1,31,13,3,3,0,0.75,,0,220,199,22,0,1,0,,0.0013957816377171215,,0.02176857585139319,0.0,0.0,0.0,1.0,0.0,0.0
stochastic_contradictions,p0.75,p0.75,2,nominal_no_repair,Nominal,2,31,13,3,3,0,0.75,,0,220,200,21,0,1,0,,0.0013957816377171215,,0.02176857585139319,0.0,0.0,0.0,1.0,0.0,0.0
stochastic_contradictions,p0.75,p0.75,2,nominal_no_repair,Nominal,3,31,13,3,3,0,0.75,,0,220,200,21,0,1,0,,0.0013957816377171215,,0.02176857585139319,0.0,0.0,0.0,1.0,0.0,0.0
stochastic_contradictions,p0.75,p0.75,2,nominal_no_repair,Nominal,4,31,13,3,3,0,0.75,,0,220,200,21,0,1,0,,0.0013957816377171215,,0.02176857585139319,0.0,0.0,0.0,1.0,0.0,0.0
stochastic_contradictions,p0.75,p0.75,2,nominal_no_repair,Nominal,5,31,13,3,3,0,0.75,,0,220,200,21,0,1,0,,0.0013957816377171215,,0.02176857585139319,0.0,0.0,0.0,1.0,0.0,0.0
stochastic_contradictions,p0.75,p0.75,2,nominal_no_repair,Nominal,6,31,13,3,3,0,0.75,,0,220,200,21,0,1,0,,0.0013957816377171215,,0.02176857585139319,0.0,0.0,0.0,1.0,0.0,0.0
stochastic_contradictions,p0.75,p0.75,2,nominal_no_repair,Nominal,7,31,13,3,3,0,0.75,,0,220,200,21,0,1,0,,0.0013957816377171215,,0.02176857585139319,0.0,0.0,0.0,1.0,0.0,0.0
stochastic_contradictions,p0.75,p0.75,2,threshold_2,Threshold 2,0,31,13,3,3,0,0.75,,1,35,3,35,0,0,1,,0.0010856079404466502,,0.016931114551083593,1.0,1.0,0.0,1.0,0.3333333333333333,0.0
stochastic_contradictions,p0.75,p0.75,2,threshold_2,Threshold 2,1,31,13,3,3,0,0.75,,1,33,1,33,0,0,2,,0.0007754342431761787,,0.012093653250773995,2.0,2.0,0.0,1.0,0.6666666666666666,0.0
stochastic_contradictions,p0.75,p0.75,2,threshold_2,Threshold 2,2,31,13,3,3,0,0.75,,1,32,0,32,0,0,2,,0.0007754342431761787,,0.012093653250773995,2.0,2.0,0.0,1.0,0.6666666666666666,0.0
stochastic_contradictions,p0.75,p0.75,2,threshold_2,Threshold 2,3,31,13,3,3,0,0.75,,1,32,0,32,0,0,2,,0.0007754342431761787,,0.012093653250773995,2.0,2.0,0.0,1.0,0.6666666666666666,0.0
stochastic_contradictions,p0.75,p0.75,2,threshold_2,Threshold 2,4,31,13,3,3,0,0.75,,1,32,0,32,0,0,2,,0.0007754342431761787,,0.012093653250773995,2.0,2.0,0.0,1.0,0.6666666666666666,0.0
stochastic_contradictions,p0.75,p0.75,2,threshold_2,Threshold 2,5,31,13,3,3,0,0.75,,1,32,0,32,0,0,2,,0.0007754342431761787,,0.012093653250773995,2.0,2.0,0.0,1.0,0.6666666666666666,0.0
stochastic_contradictions,p0.75,p0.75,2,threshold_2,Threshold 2,6,31,13,3,3,0,0.75,,1,32,0,32,0,0,2,,0.0007754342431761787,,0.012093653250773995,2.0,2.0,0.0,1.0,0.6666666666666666,0.0
stochastic_contradictions,p0.75,p0.75,2,threshold_2,Threshold 2,7,31,13,3,3,0,0.75,,1,32,0,32,0,0,2,,0.0007754342431761787,,0.012093653250773995,2.0,2.0,0.0,1.0,0.6666666666666666,0.0
stochastic_contradictions,p0.75,p0.75,2,threshold_4,Threshold 4,0,31,13,3,3,0,0.75,,1,37,5,37,0,0,1,,0.0010856079404466502,,0.016931114551083593,1.0,1.0,0.0,1.0,0.3333333333333333,0.0
stochastic_contradictions,p0.75,p0.75,2,threshold_4,Threshold 4,1,31,13,3,3,0,0.75,,1,32,0,32,0,0,1,,0.0010856079404466502,,0.016931114551083593,1.0,1.0,0.0,1.0,0.3333333333333333,0.0
stochastic_contradictions,p0.75,p0.75,2,threshold_4,Threshold 4,2,31,13,3,3,0,0.75,,1,35,3,35,0,0,2,,0.0007754342431761787,,0.012093653250773995,2.0,2.0,0.0,1.0,0.6666666666666666,0.0
stochastic_contradictions,p0.75,p0.75,2,threshold_4,Threshold 4,3,31,13,3,3,0,0.75,,1,32,0,32,0,0,2,,0.0007754342431761787,,0.012093653250773995,2.0,2.0,0.0,1.0,0.6666666666666666,0.0
stochastic_contradictions,p0.75,p0.75,2,threshold_4,Threshold 4,4,31,13,3,3,0,0.75,,1,32,0,32,0,0,2,,0.0007754342431761787,,0.012093653250773995,2.0,2.0,0.0,1.0,0.6666666666666666,0.0
stochastic_contradictions,p0.75,p0.75,2,threshold_4,Threshold 4,5,31,13,3,3,0,0.75,,1,32,0,32,0,0,2,,0.0007754342431761787,,0.012093653250773995,2.0,2.0,0.0,1.0,0.6666666666666666,0.0
stochastic_contradictions,p0.75,p0.75,2,threshold_4,Threshold 4,6,31,13,3,3,0,0.75,,1,32,0,32,0,0,2,,0.0007754342431761787,,0.012093653250773995,2.0,2.0,0.0,1.0,0.6666666666666666,0.0
stochastic_contradictions,p0.75,p0.75,2,threshold_4,Threshold 4,7,31,13,3,3,0,0.75,,1,32,0,32,0,0,2,,0.0007754342431761787,,0.012093653250773995,2.0,2.0,0.0,1.0,0.6666666666666666,0.0
stochastic_contradictions,p0.75,p0.75,2,threshold_8,Threshold 8,0,31,13,3,3,0,0.75,,1,41,9,41,0,0,1,,0.0010856079404466502,,0.016931114551083593,1.0,1.0,0.0,1.0,0.3333333333333333,0.0
stochastic_contradictions,p0.75,p0.75,2,threshold_8,Threshold 8,1,31,13,3,3,0,0.75,,1,32,0,32,0,0,1,,0.0010856079404466502,,0.016931114551083593,1.0,1.0,0.0,1.0,0.3333333333333333,0.0
stochastic_contradictions,p0.75,p0.75,2,threshold_8,Threshold 8,2,31,13,3,3,0,0.75,,1,39,7,39,0,0,2,,0.0007754342431761787,,0.012093653250773995,2.0,2.0,0.0,1.0,0.6666666666666666,0.0
stochastic_contradictions,p0.75,p0.75,2,threshold_8,Threshold 8,3,31,13,3,3,0,0.75,,1,32,0,32,0,0,2,,0.0007754342431761787,,0.012093653250773995,2.0,2.0,0.0,1.0,0.6666666666666666,0.0
stochastic_contradictions,p0.75,p0.75,2,threshold_8,Threshold 8,4,31,13,3,3,0,0.75,,1,32,0,32,0,0,2,,0.0007754342431761787,,0.012093653250773995,2.0,2.0,0.0,1.0,0.6666666666666666,0.0
stochastic_contradictions,p0.75,p0.75,2,threshold_8,Threshold 8,5,31,13,3,3,0,0.75,,1,32,0,32,0,0,2,,0.0007754342431761787,,0.012093653250773995,2.0,2.0,0.0,1.0,0.6666666666666666,0.0
stochastic_contradictions,p0.75,p0.75,2,threshold_8,Threshold 8,6,31,13,3,3,0,0.75,,1,32,0,32,0,0,2,,0.0007754342431761787,,0.012093653250773995,2.0,2.0,0.0,1.0,0.6666666666666666,0.0
stochastic_contradictions,p0.75,p0.75,2,threshold_8,Threshold 8,7,31,13,3,3,0,0.75,,1,32,0,32,0,0,2,,0.0007754342431761787,,0.012093653250773995,2.0,2.0,0.0,1.0,0.6666666666666666,0.0
stochastic_contradictions,p0.75,p0.75,2,ccra_exact_guard,CCRA exact,0,31,13,3,3,0,0.75,,1,33,1,33,0,0,1,,0.0010856079404466502,,0.016931114551083593,1.0,1.0,0.0,1.0,0.3333333333333333,0.0
stochastic_contradictions,p0.75,p0.75,2,ccra_exact_guard,CCRA exact,1,31,13,3,3,0,0.75,,1,32,0,32,0,0,1,,0.0010856079404466502,,0.016931114551083593,1.0,1.0,0.0,1.0,0.3333333333333333,0.0
stochastic_contradictions,p0.75,p0.75,2,ccra_exact_guard,CCRA exact,2,31,13,3,3,0,0.75,,1,32,0,32,0,0,1,,0.0010856079404466502,,0.016931114551083593,1.0,1.0,0.0,1.0,0.3333333333333333,0.0
stochastic_contradictions,p0.75,p0.75,2,ccra_exact_guard,CCRA exact,3,31,13,3,3,0,0.75,,1,32,0,32,0,0,1,,0.0010856079404466502,,0.016931114551083593,1.0,1.0,0.0,1.0,0.3333333333333333,0.0
stochastic_contradictions,p0.75,p0.75,2,ccra_exact_guard,CCRA exact,4,31,13,3,3,0,0.75,,1,32,0,32,0,0,1,,0.0010856079404466502,,0.016931114551083593,1.0,1.0,0.0,1.0,0.3333333333333333,0.0
stochastic_contradictions,p0.75,p0.75,2,ccra_exact_guard,CCRA exact,5,31,13,3,3,0,0.75,,1,32,0,32,0,0,1,,0.0010856079404466502,,0.016931114551083593,1.0,1.0,0.0,1.0,0.3333333333333333,0.0
stochastic_contradictions,p0.75,p0.75,2,ccra_exact_guard,CCRA exact,6,31,13,3,3,0,0.75,,1,32,0,32,0,0,1,,0.0010856079404466502,,0.016931114551083593,1.0,1.0,0.0,1.0,0.3333333333333333,0.0
stochastic_contradictions,p0.75,p0.75,2,ccra_exact_guard,CCRA exact,7,31,13,3,3,0,0.75,,1,32,0,32,0,0,1,,0.0010856079404466502,,0.016931114551083593,1.0,1.0,0.0,1.0,0.3333333333333333,0.0
stochastic_contradictions,p0.75,p0.75,2,uncertainty_cost_avoidance,Cost avoidance,0,31,13,3,3,0,0.75,,1,33,1,33,0,0,1,,0.0013957816377171215,,0.02176857585139319,0.0,0.0,0.0,1.0,0.0,0.0
stochastic_contradictions,p0.75,p0.75,2,uncertainty_cost_avoidance,Cost avoidance,1,31,13,3,3,0,0.75,,1,32,0,32,0,0,1,,0.0013957816377171215,,0.02176857585139319,0.0,0.0,0.0,1.0,0.0,0.0
stochastic_contradictions,p0.75,p0.75,2,uncertainty_cost_avoidance,Cost avoidance,2,31,13,3,3,0,0.75,,1,32,0,32,0,0,1,,0.0013957816377171215,,0.02176857585139319,0.0,0.0,0.0,1.0,0.0,0.0
stochastic_contradictions,p0.75,p0.75,2,uncertainty_cost_avoidance,Cost avoidance,3,31,13,3,3,0,0.75,,1,32,0,32,0,0,1,,0.0013957816377171215,,0.02176857585139319,0.0,0.0,0.0,1.0,0.0,0.0
stochastic_contradictions,p0.75,p0.75,2,uncertainty_cost_avoidance,Cost avoidance,4,31,13,3,3,0,0.75,,1,32,0,32,0,0,1,,0.0013957816377171215,,0.02176857585139319,0.0,0.0,0.0,1.0,0.0,0.0
stochastic_contradictions,p0.75,p0.75,2,uncertainty_cost_avoidance,Cost avoidance,5,31,13,3,3,0,0.75,,1,32,0,32,0,0,1,,0.0013957816377171215,,0.02176857585139319,0.0,0.0,0.0,1.0,0.0,0.0
stochastic_contradictions,p0.75,p0.75,2,uncertainty_cost_avoidance,Cost avoidance,6,31,13,3,3,0,0.75,,1,32,0,32,0,0,1,,0.0013957816377171215,,0.02176857585139319,0.0,0.0,0.0,1.0,0.0,0.0
stochastic_contradictions,p0.75,p0.75,2,uncertainty_cost_avoidance,Cost avoidance,7,31,13,3,3,0,0.75,,1,32,0,32,0,0,1,,0.0013957816377171215,,0.02176857585139319,0.0,0.0,0.0,1.0,0.0,0.0
stochastic_contradictions,p0.75,p0.75,2,oracle_fault_model,Oracle,0,31,13,3,3,0,0.75,,1,32,0,32,0,0,0,,0.0004652605459057072,,0.007256191950464396,3.0,3.0,0.0,1.0,1.0,0.0
stochastic_contradictions,p0.75,p0.75,2,oracle_fault_model,Oracle,1,31,13,3,3,0,0.75,,1,32,0,32,0,0,0,,0.0004652605459057072,,0.007256191950464396,3.0,3.0,0.0,1.0,1.0,0.0
stochastic_contradictions,p0.75,p0.75,2,oracle_fault_model,Oracle,2,31,13,3,3,0,0.75,,1,32,0,32,0,0,0,,0.0004652605459057072,,0.007256191950464396,3.0,3.0,0.0,1.0,1.0,0.0
stochastic_contradictions,p0.75,p0.75,2,oracle_fault_model,Oracle,3,31,13,3,3,0,0.75,,1,32,0,32,0,0,0,,0.0004652605459057072,,0.007256191950464396,3.0,3.0,0.0,1.0,1.0,0.0
stochastic_contradictions,p0.75,p0.75,2,oracle_fault_model,Oracle,4,31,13,3,3,0,0.75,,1,32,0,32,0,0,0,,0.0004652605459057072,,0.007256191950464396,3.0,3.0,0.0,1.0,1.0,0.0
stochastic_contradictions,p0.75,p0.75,2,oracle_fault_model,Oracle,5,31,13,3,3,0,0.75,,1,32,0,32,0,0,0,,0.0004652605459057072,,0.007256191950464396,3.0,3.0,0.0,1.0,1.0,0.0
stochastic_contradictions,p0.75,p0.75,2,oracle_fault_model,Oracle,6,31,13,3,3,0,0.75,,1,32,0,32,0,0,0,,0.0004652605459057072,,0.007256191950464396,3.0,3.0,0.0,1.0,1.0,0.0
stochastic_contradictions,p0.75,p0.75,2,oracle_fault_model,Oracle,7,31,13,3,3,0,0.75,,1,32,0,32,0,0,0,,0.0004652605459057072,,0.007256191950464396,3.0,3.0,0.0,1.0,1.0,0.0
stochastic_contradictions,p0.75,p0.75,3,nominal_no_repair,Nominal,0,31,13,3,3,0,0.75,,0,220,216,5,0,1,0,,0.0013957816377171215,,0.02176857585139319,0.0,0.0,0.0,1.0,0.0,0.0
stochastic_contradictions,p0.75,p0.75,3,nominal_no_repair,Nominal,1,31,13,3,3,0,0.75,,0,220,216,5,0,1,0,,0.0013957816377171215,,0.02176857585139319,0.0,0.0,0.0,1.0,0.0,0.0
stochastic_contradictions,p0.75,p0.75,3,nominal_no_repair,Nominal,2,31,13,3,3,0,0.75,,0,220,216,5,0,1,0,,0.0013957816377171215,,0.02176857585139319,0.0,0.0,0.0,1.0,0.0,0.0
stochastic_contradictions,p0.75,p0.75,3,nominal_no_repair,Nominal,3,31,13,3,3,0,0.75,,0,220,216,5,0,1,0,,0.0013957816377171215,,0.02176857585139319,0.0,0.0,0.0,1.0,0.0,0.0
stochastic_contradictions,p0.75,p0.75,3,nominal_no_repair,Nominal,4,31,13,3,3,0,0.75,,0,220,216,5,0,1,0,,0.0013957816377171215,,0.02176857585139319,0.0,0.0,0.0,1.0,0.0,0.0
stochastic_contradictions,p0.75,p0.75,3,nominal_no_repair,Nominal,5,31,13,3,3,0,0.75,,0,220,210,11,0,1,0,,0.0013957816377171215,,0.02176857585139319,0.0,0.0,0.0,1.0,0.0,0.0
stochastic_contradictions,p0.75,p0.75,3,nominal_no_repair,Nominal,6,31,13,3,3,0,0.75,,0,220,215,6,0,1,0,,0.0013957816377171215,,0.02176857585139319,0.0,0.0,0.0,1.0,0.0,0.0
stochastic_contradictions,p0.75,p0.75,3,nominal_no_repair,Nominal,7,31,13,3,3,0,0.75,,0,220,216,5,0,1,0,,0.0013957816377171215,,0.02176857585139319,0.0,0.0,0.0,1.0,0.0,0.0
stochastic_contradictions,p0.75,p0.75,3,threshold_2,Threshold 2,0,31,13,3,3,0,0.75,,1,34,2,34,0,0,1,,0.0010856079404466502,,0.016931114551083593,1.0,1.0,0.0,1.0,0.3333333333333333,0.0
stochastic_contradictions,p0.75,p0.75,3,threshold_2,Threshold 2,1,31,13,3,3,0,0.75,,1,32,0,32,0,0,1,,0.0010856079404466502,,0.016931114551083593,1.0,1.0,0.0,1.0,0.3333333333333333,0.0
stochastic_contradictions,p0.75,p0.75,3,threshold_2,Threshold 2,2,31,13,3,3,0,0.75,,1,34,2,34,0,0,2,,0.0007754342431761787,,0.012093653250773995,2.0,2.0,0.0,1.0,0.6666666666666666,0.0
stochastic_contradictions,p0.75,p0.75,3,threshold_2,Threshold 2,3,31,13,3,3,0,0.75,,1,32,0,32,0,0,2,,0.0007754342431761787,,0.012093653250773995,2.0,2.0,0.0,1.0,0.6666666666666666,0.0
stochastic_contradictions,p0.75,p0.75,3,threshold_2,Threshold 2,4,31,13,3,3,0,0.75,,1,32,0,32,0,0,2,,0.0007754342431761787,,0.012093653250773995,2.0,2.0,0.0,1.0,0.6666666666666666,0.0
stochastic_contradictions,p0.75,p0.75,3,threshold_2,Threshold 2,5,31,13,3,3,0,0.75,,1,32,0,32,0,0,2,,0.0007754342431761787,,0.012093653250773995,2.0,2.0,0.0,1.0,0.6666666666666666,0.0
stochastic_contradictions,p0.75,p0.75,3,threshold_2,Threshold 2,6,31,13,3,3,0,0.75,,1,32,0,32,0,0,2,,0.0007754342431761787,,0.012093653250773995,2.0,2.0,0.0,1.0,0.6666666666666666,0.0
stochastic_contradictions,p0.75,p0.75,3,threshold_2,Threshold 2,7,31,13,3,3,0,0.75,,1,32,0,32,0,0,2,,0.0007754342431761787,,0.012093653250773995,2.0,2.0,0.0,1.0,0.6666666666666666,0.0
stochastic_contradictions,p0.75,p0.75,3,threshold_4,Threshold 4,0,31,13,3,3,0,0.75,,1,36,4,36,0,0,1,,0.0010856079404466502,,0.016931114551083593,1.0,1.0,0.0,1.0,0.3333333333333333,0.0
stochastic_contradictions,p0.75,p0.75,3,threshold_4,Threshold 4,1,31,13,3,3,0,0.75,,1,33,1,33,0,0,1,,0.0010856079404466502,,0.016931114551083593,1.0,1.0,0.0,1.0,0.3333333333333333,0.0
stochastic_contradictions,p0.75,p0.75,3,threshold_4,Threshold 4,2,31,13,3,3,0,0.75,,1,34,2,34,0,0,1,,0.0010856079404466502,,0.016931114551083593,1.0,1.0,0.0,1.0,0.3333333333333333,0.0
stochastic_contradictions,p0.75,p0.75,3,threshold_4,Threshold 4,3,31,13,3,3,0,0.75,,1,33,1,33,0,0,2,,0.0007754342431761787,,0.012093653250773995,2.0,2.0,0.0,1.0,0.6666666666666666,0.0
stochastic_contradictions,p0.75,p0.75,3,threshold_4,Threshold 4,4,31,13,3,3,0,0.75,,1,32,0,32,0,0,2,,0.0007754342431761787,,0.012093653250773995,2.0,2.0,0.0,1.0,0.6666666666666666,0.0
stochastic_contradictions,p0.75,p0.75,3,threshold_4,Threshold 4,5,31,13,3,3,0,0.75,,1,32,0,32,0,0,2,,0.0007754342431761787,,0.012093653250773995,2.0,2.0,0.0,1.0,0.6666666666666666,0.0
stochastic_contradictions,p0.75,p0.75,3,threshold_4,Threshold 4,6,31,13,3,3,0,0.75,,1,32,0,32,0,0,2,,0.0007754342431761787,,0.012093653250773995,2.0,2.0,0.0,1.0,0.6666666666666666,0.0
stochastic_contradictions,p0.75,p0.75,3,threshold_4,Threshold 4,7,31,13,3,3,0,0.75,,1,32,0,32,0,0,2,,0.0007754342431761787,,0.012093653250773995,2.0,2.0,0.0,1.0,0.6666666666666666,0.0
stochastic_contradictions,p0.75,p0.75,3,threshold_8,Threshold 8,0,31,13,3,3,0,0.75,,1,44,12,44,0,0,1,,0.0010856079404466502,,0.016931114551083593,1.0,1.0,0.0,1.0,0.3333333333333333,0.0
stochastic_contradictions,p0.75,p0.75,3,threshold_8,Threshold 8,1,31,13,3,3,0,0.75,,1,35,3,35,0,0,1,,0.0010856079404466502,,0.016931114551083593,1.0,1.0,0.0,1.0,0.3333333333333333,0.0
stochastic_contradictions,p0.75,p0.75,3,threshold_8,Threshold 8,2,31,13,3,3,0,0.75,,1,32,0,32,0,0,1,,0.0010856079404466502,,0.016931114551083593,1.0,1.0,0.0,1.0,0.3333333333333333,0.0
stochastic_contradictions,p0.75,p0.75,3,threshold_8,Threshold 8,3,31,13,3,3,0,0.75,,1,33,1,33,0,0,2,,0.0007754342431761787,,0.012093653250773995,2.0,2.0,0.0,1.0,0.6666666666666666,0.0
stochastic_contradictions,p0.75,p0.75,3,threshold_8,Threshold 8,4,31,13,3,3,0,0.75,,1,32,0,32,0,0,2,,0.0007754342431761787,,0.012093653250773995,2.0,2.0,0.0,1.0,0.6666666666666666,0.0
stochastic_contradictions,p0.75,p0.75,3,threshold_8,Threshold 8,5,31,13,3,3,0,0.75,,1,32,0,32,0,0,2,,0.0007754342431761787,,0.012093653250773995,2.0,2.0,0.0,1.0,0.6666666666666666,0.0
stochastic_contradictions,p0.75,p0.75,3,threshold_8,Threshold 8,6,31,13,3,3,0,0.75,,1,32,0,32,0,0,2,,0.0007754342431761787,,0.012093653250773995,2.0,2.0,0.0,1.0,0.6666666666666666,0.0
stochastic_contradictions,p0.75,p0.75,3,threshold_8,Threshold 8,7,31,13,3,3,0,0.75,,1,32,0,32,0,0,2,,0.0007754342431761787,,0.012093653250773995,2.0,2.0,0.0,1.0,0.6666666666666666,0.0
stochastic_contradictions,p0.75,p0.75,3,ccra_exact_guard,CCRA exact,0,31,13,3,3,0,0.75,,1,33,1,33,0,0,1,,0.0010856079404466502,,0.016931114551083593,1.0,1.0,0.0,1.0,0.3333333333333333,0.0
stochastic_contradictions,p0.75,p0.75,3,ccra_exact_guard,CCRA exact,1,31,13,3,3,0,0.75,,1,32,0,32,0,0,1,,0.0010856079404466502,,0.016931114551083593,1.0,1.0,0.0,1.0,0.3333333333333333,0.0
stochastic_contradictions,p0.75,p0.75,3,ccra_exact_guard,CCRA exact,2,31,13,3,3,0,0.75,,1,33,1,33,0,0,2,,0.0007754342431761787,,0.012093653250773995,2.0,2.0,0.0,1.0,0.6666666666666666,0.0
stochastic_contradictions,p0.75,p0.75,3,ccra_exact_guard,CCRA exact,3,31,13,3,3,0,0.75,,1,32,0,32,0,0,2,,0.0007754342431761787,,0.012093653250773995,2.0,2.0,0.0,1.0,0.6666666666666666,0.0
stochastic_contradictions,p0.75,p0.75,3,ccra_exact_guard,CCRA exact,4,31,13,3,3,0,0.75,,1,32,0,32,0,0,2,,0.0007754342431761787,,0.012093653250773995,2.0,2.0,0.0,1.0,0.6666666666666666,0.0
stochastic_contradictions,p0.75,p0.75,3,ccra_exact_guard,CCRA exact,5,31,13,3,3,0,0.75,,1,32,0,32,0,0,2,,0.0007754342431761787,,0.012093653250773995,2.0,2.0,0.0,1.0,0.6666666666666666,0.0
stochastic_contradictions,p0.75,p0.75,3,ccra_exact_guard,CCRA exact,6,31,13,3,3,0,0.75,,1,32,0,32,0,0,2,,0.0007754342431761787,,0.012093653250773995,2.0,2.0,0.0,1.0,0.6666666666666666,0.0
stochastic_contradictions,p0.75,p0.75,3,ccra_exact_guard,CCRA exact,7,31,13,3,3,0,0.75,,1,32,0,32,0,0,2,,0.0007754342431761787,,0.012093653250773995,2.0,2.0,0.0,1.0,0.6666666666666666,0.0
stochastic_contradictions,p0.75,p0.75,3,uncertainty_cost_avoidance,Cost avoidance,0,31,13,3,3,0,0.75,,1,33,1,33,0,0,1,,0.0013957816377171215,,0.02176857585139319,0.0,0.0,0.0,1.0,0.0,0.0
stochastic_contradictions,p0.75,p0.75,3,uncertainty_cost_avoidance,Cost avoidance,1,31,13,3,3,0,0.75,,1,32,0,32,0,0,1,,0.0013957816377171215,,0.02176857585139319,0.0,0.0,0.0,1.0,0.0,0.0
stochastic_contradictions,p0.75,p0.75,3,uncertainty_cost_avoidance,Cost avoidance,2,31,13,3,3,0,0.75,,1,32,0,32,0,0,1,,0.0013957816377171215,,0.02176857585139319,0.0,0.0,0.0,1.0,0.0,0.0
stochastic_contradictions,p0.75,p0.75,3,uncertainty_cost_avoidance,Cost avoidance,3,31,13,3,3,0,0.75,,1,32,0,32,0,0,1,,0.0013957816377171215,,0.02176857585139319,0.0,0.0,0.0,1.0,0.0,0.0
stochastic_contradictions,p0.75,p0.75,3,uncertainty_cost_avoidance,Cost avoidance,4,31,13,3,3,0,0.75,,1,32,0,32,0,0,1,,0.0013957816377171215,,0.02176857585139319,0.0,0.0,0.0,1.0,0.0,0.0
stochastic_contradictions,p0.75,p0.75,3,uncertainty_cost_avoidance,Cost avoidance,5,31,13,3,3,0,0.75,,1,32,0,32,0,0,1,,0.0013957816377171215,,0.02176857585139319,0.0,0.0,0.0,1.0,0.0,0.0
stochastic_contradictions,p0.75,p0.75,3,uncertainty_cost_avoidance,Cost avoidance,6,31,13,3,3,0,0.75,,1,32,0,32,0,0,1,,0.0013957816377171215,,0.02176857585139319,0.0,0.0,0.0,1.0,0.0,0.0
stochastic_contradictions,p0.75,p0.75,3,uncertainty_cost_avoidance,Cost avoidance,7,31,13,3,3,0,0.75,,1,32,0,32,0,0,1,,0.0013957816377171215,,0.02176857585139319,0.0,0.0,0.0,1.0,0.0,0.0
stochastic_contradictions,p0.75,p0.75,3,oracle_fault_model,Oracle,0,31,13,3,3,0,0.75,,1,32,0,32,0,0,0,,0.0004652605459057072,,0.007256191950464396,3.0,3.0,0.0,1.0,1.0,0.0
stochastic_contradictions,p0.75,p0.75,3,oracle_fault_model,Oracle,1,31,13,3,3,0,0.75,,1,32,0,32,0,0,0,,0.0004652605459057072,,0.007256191950464396,3.0,3.0,0.0,1.0,1.0,0.0
stochastic_contradictions,p0.75,p0.75,3,oracle_fault_model,Oracle,2,31,13,3,3,0,0.75,,1,32,0,32,0,0,0,,0.0004652605459057072,,0.007256191950464396,3.0,3.0,0.0,1.0,1.0,0.0
stochastic_contradictions,p0.75,p0.75,3,oracle_fault_model,Oracle,3,31,13,3,3,0,0.75,,1,32,0,32,0,0,0,,0.0004652605459057072,,0.007256191950464396,3.0,3.0,0.0,1.0,1.0,0.0
stochastic_contradictions,p0.75,p0.75,3,oracle_fault_model,Oracle,4,31,13,3,3,0,0.75,,1,32,0,32,0,0,0,,0.0004652605459057072,,0.007256191950464396,3.0,3.0,0.0,1.0,1.0,0.0
stochastic_contradictions,p0.75,p0.75,3,oracle_fault_model,Oracle,5,31,13,3,3,0,0.75,,1,32,0,32,0,0,0,,0.0004652605459057072,,0.007256191950464396,3.0,3.0,0.0,1.0,1.0,0.0
stochastic_contradictions,p0.75,p0.75,3,oracle_fault_model,Oracle,6,31,13,3,3,0,0.75,,1,32,0,32,0,0,0,,0.0004652605459057072,,0.007256191950464396,3.0,3.0,0.0,1.0,1.0,0.0
stochastic_contradictions,p0.75,p0.75,3,oracle_fault_model,Oracle,7,31,13,3,3,0,0.75,,1,32,0,32,0,0,0,,0.0004652605459057072,,0.007256191950464396,3.0,3.0,0.0,1.0,1.0,0.0
stochastic_contradictions,p0.75,p0.75,4,nominal_no_repair,Nominal,0,31,13,3,3,0,0.75,,0,220,201,20,0,1,0,,0.0013957816377171215,,0.02176857585139319,0.0,0.0,0.0,1.0,0.0,0.0
stochastic_contradictions,p0.75,p0.75,4,nominal_no_repair,Nominal,1,31,13,3,3,0,0.75,,0,220,201,20,0,1,0,,0.0013957816377171215,,0.02176857585139319,0.0,0.0,0.0,1.0,0.0,0.0
stochastic_contradictions,p0.75,p0.75,4,nominal_no_repair,Nominal,2,31,13,3,3,0,0.75,,0,220,216,5,0,1,0,,0.0013957816377171215,,0.02176857585139319,0.0,0.0,0.0,1.0,0.0,0.0
stochastic_contradictions,p0.75,p0.75,4,nominal_no_repair,Nominal,3,31,13,3,3,0,0.75,,0,220,216,5,0,1,0,,0.0013957816377171215,,0.02176857585139319,0.0,0.0,0.0,1.0,0.0,0.0
stochastic_contradictions,p0.75,p0.75,4,nominal_no_repair,Nominal,4,31,13,3,3,0,0.75,,0,220,216,5,0,1,0,,0.0013957816377171215,,0.02176857585139319,0.0,0.0,0.0,1.0,0.0,0.0
stochastic_contradictions,p0.75,p0.75,4,nominal_no_repair,Nominal,5,31,13,3,3,0,0.75,,0,220,201,20,0,1,0,,0.0013957816377171215,,0.02176857585139319,0.0,0.0,0.0,1.0,0.0,0.0
stochastic_contradictions,p0.75,p0.75,4,nominal_no_repair,Nominal,6,31,13,3,3,0,0.75,,0,220,216,5,0,1,0,,0.0013957816377171215,,0.02176857585139319,0.0,0.0,0.0,1.0,0.0,0.0
stochastic_contradictions,p0.75,p0.75,4,nominal_no_repair,Nominal,7,31,13,3,3,0,0.75,,0,220,216,5,0,1,0,,0.0013957816377171215,,0.02176857585139319,0.0,0.0,0.0,1.0,0.0,0.0
stochastic_contradictions,p0.75,p0.75,4,threshold_2,Threshold 2,0,31,13,3,3,0,0.75,,1,34,2,34,0,0,1,,0.0010856079404466502,,0.016931114551083593,1.0,1.0,0.0,1.0,0.3333333333333333,0.0
stochastic_contradictions,p0.75,p0.75,4,threshold_2,Threshold 2,1,31,13,3,3,0,0.75,,1,32,0,32,0,0,1,,0.0010856079404466502,,0.016931114551083593,1.0,1.0,0.0,1.0,0.3333333333333333,0.0
stochastic_contradictions,p0.75,p0.75,4,threshold_2,Threshold 2,2,31,13,3,3,0,0.75,,1,32,0,32,0,0,1,,0.0010856079404466502,,0.016931114551083593,1.0,1.0,0.0,1.0,0.3333333333333333,0.0
stochastic_contradictions,p0.75,p0.75,4,threshold_2,Threshold 2,3,31,13,3,3,0,0.75,,1,32,0,32,0,0,1,,0.0010856079404466502,,0.016931114551083593,1.0,1.0,0.0,1.0,0.3333333333333333,0.0
stochastic_contradictions,p0.75,p0.75,4,threshold_2,Threshold 2,4,31,13,3,3,0,0.75,,1,32,0,32,0,0,1,,0.0010856079404466502,,0.016931114551083593,1.0,1.0,0.0,1.0,0.3333333333333333,0.0
stochastic_contradictions,p0.75,p0.75,4,threshold_2,Threshold 2,5,31,13,3,3,0,0.75,,1,32,0,32,0,0,1,,0.0010856079404466502,,0.016931114551083593,1.0,1.0,0.0,1.0,0.3333333333333333,0.0
stochastic_contradictions,p0.75,p0.75,4,threshold_2,Threshold 2,6,31,13,3,3,0,0.75,,1,32,0,32,0,0,1,,0.0010856079404466502,,0.016931114551083593,1.0,1.0,0.0,1.0,0.3333333333333333,0.0
stochastic_contradictions,p0.75,p0.75,4,threshold_2,Threshold 2,7,31,13,3,3,0,0.75,,1,32,0,32,0,0,1,,0.0010856079404466502,,0.016931114551083593,1.0,1.0,0.0,1.0,0.3333333333333333,0.0
stochastic_contradictions,p0.75,p0.75,4,threshold_4,Threshold 4,0,31,13,3,3,0,0.75,,1,39,7,39,0,0,1,,0.0010856079404466502,,0.016931114551083593,1.0,1.0,0.0,1.0,0.3333333333333333,0.0
stochastic_contradictions,p0.75,p0.75,4,threshold_4,Threshold 4,1,31,13,3,3,0,0.75,,1,33,1,33,0,0,2,,0.0007754342431761787,,0.012093653250773995,2.0,2.0,0.0,1.0,0.6666666666666666,0.0
stochastic_contradictions,p0.75,p0.75,4,threshold_4,Threshold 4,2,31,13,3,3,0,0.75,,1,32,0,32,0,0,2,,0.0007754342431761787,,0.012093653250773995,2.0,2.0,0.0,1.0,0.6666666666666666,0.0
stochastic_contradictions,p0.75,p0.75,4,threshold_4,Threshold 4,3,31,13,3,3,0,0.75,,1,32,0,32,0,0,2,,0.0007754342431761787,,0.012093653250773995,2.0,2.0,0.0,1.0,0.6666666666666666,0.0
stochastic_contradictions,p0.75,p0.75,4,threshold_4,Threshold 4,4,31,13,3,3,0,0.75,,1,32,0,32,0,0,2,,0.0007754342431761787,,0.012093653250773995,2.0,2.0,0.0,1.0,0.6666666666666666,0.0
stochastic_contradictions,p0.75,p0.75,4,threshold_4,Threshold 4,5,31,13,3,3,0,0.75,,1,32,0,32,0,0,2,,0.0007754342431761787,,0.012093653250773995,2.0,2.0,0.0,1.0,0.6666666666666666,0.0
stochastic_contradictions,p0.75,p0.75,4,threshold_4,Threshold 4,6,31,13,3,3,0,0.75,,1,32,0,32,0,0,2,,0.0007754342431761787,,0.012093653250773995,2.0,2.0,0.0,1.0,0.6666666666666666,0.0
stochastic_contradictions,p0.75,p0.75,4,threshold_4,Threshold 4,7,31,13,3,3,0,0.75,,1,32,0,32,0,0,2,,0.0007754342431761787,,0.012093653250773995,2.0,2.0,0.0,1.0,0.6666666666666666,0.0
stochastic_contradictions,p0.75,p0.75,4,threshold_8,Threshold 8,0,31,13,3,3,0,0.75,,1,40,8,40,0,0,1,,0.0010856079404466502,,0.016931114551083593,1.0,1.0,0.0,1.0,0.3333333333333333,0.0
stochastic_contradictions,p0.75,p0.75,4,threshold_8,Threshold 8,1,31,13,3,3,0,0.75,,1,32,0,32,0,0,1,,0.0010856079404466502,,0.016931114551083593,1.0,1.0,0.0,1.0,0.3333333333333333,0.0
stochastic_contradictions,p0.75,p0.75,4,threshold_8,Threshold 8,2,31,13,3,3,0,0.75,,1,32,0,32,0,0,1,,0.0010856079404466502,,0.016931114551083593,1.0,1.0,0.0,1.0,0.3333333333333333,0.0
stochastic_contradictions,p0.75,p0.75,4,threshold_8,Threshold 8,3,31,13,3,3,0,0.75,,1,32,0,32,0,0,1,,0.0010856079404466502,,0.016931114551083593,1.0,1.0,0.0,1.0,0.3333333333333333,0.0
stochastic_contradictions,p0.75,p0.75,4,threshold_8,Threshold 8,4,31,13,3,3,0,0.75,,1,32,0,32,0,0,1,,0.0010856079404466502,,0.016931114551083593,1.0,1.0,0.0,1.0,0.3333333333333333,0.0
stochastic_contradictions,p0.75,p0.75,4,threshold_8,Threshold 8,5,31,13,3,3,0,0.75,,1,32,0,32,0,0,1,,0.0010856079404466502,,0.016931114551083593,1.0,1.0,0.0,1.0,0.3333333333333333,0.0
stochastic_contradictions,p0.75,p0.75,4,threshold_8,Threshold 8,6,31,13,3,3,0,0.75,,1,32,0,32,0,0,1,,0.0010856079404466502,,0.016931114551083593,1.0,1.0,0.0,1.0,0.3333333333333333,0.0
stochastic_contradictions,p0.75,p0.75,4,threshold_8,Threshold 8,7,31,13,3,3,0,0.75,,1,32,0,32,0,0,1,,0.0010856079404466502,,0.016931114551083593,1.0,1.0,0.0,1.0,0.3333333333333333,0.0
stochastic_contradictions,p0.75,p0.75,4,ccra_exact_guard,CCRA exact,0,31,13,3,3,0,0.75,,1,33,1,33,0,0,1,,0.0010856079404466502,,0.016931114551083593,1.0,1.0,0.0,1.0,0.3333333333333333,0.0
stochastic_contradictions,p0.75,p0.75,4,ccra_exact_guard,CCRA exact,1,31,13,3,3,0,0.75,,1,32,0,32,0,0,1,,0.0010856079404466502,,0.016931114551083593,1.0,1.0,0.0,1.0,0.3333333333333333,0.0
stochastic_contradictions,p0.75,p0.75,4,ccra_exact_guard,CCRA exact,2,31,13,3,3,0,0.75,,1,32,0,32,0,0,1,,0.0010856079404466502,,0.016931114551083593,1.0,1.0,0.0,1.0,0.3333333333333333,0.0
stochastic_contradictions,p0.75,p0.75,4,ccra_exact_guard,CCRA exact,3,31,13,3,3,0,0.75,,1,32,0,32,0,0,1,,0.0010856079404466502,,0.016931114551083593,1.0,1.0,0.0,1.0,0.3333333333333333,0.0
stochastic_contradictions,p0.75,p0.75,4,ccra_exact_guard,CCRA exact,4,31,13,3,3,0,0.75,,1,32,0,32,0,0,1,,0.0010856079404466502,,0.016931114551083593,1.0,1.0,0.0,1.0,0.3333333333333333,0.0
stochastic_contradictions,p0.75,p0.75,4,ccra_exact_guard,CCRA exact,5,31,13,3,3,0,0.75,,1,32,0,32,0,0,1,,0.0010856079404466502,,0.016931114551083593,1.0,1.0,0.0,1.0,0.3333333333333333,0.0
stochastic_contradictions,p0.75,p0.75,4,ccra_exact_guard,CCRA exact,6,31,13,3,3,0,0.75,,1,32,0,32,0,0,1,,0.0010856079404466502,,0.016931114551083593,1.0,1.0,0.0,1.0,0.3333333333333333,0.0
stochastic_contradictions,p0.75,p0.75,4,ccra_exact_guard,CCRA exact,7,31,13,3,3,0,0.75,,1,32,0,32,0,0,1,,0.0010856079404466502,,0.016931114551083593,1.0,1.0,0.0,1.0,0.3333333333333333,0.0
stochastic_contradictions,p0.75,p0.75,4,uncertainty_cost_avoidance,Cost avoidance,0,31,13,3,3,0,0.75,,1,33,1,33,0,0,1,,0.0013957816377171215,,0.02176857585139319,0.0,0.0,0.0,1.0,0.0,0.0
stochastic_contradictions,p0.75,p0.75,4,uncertainty_cost_avoidance,Cost avoidance,1,31,13,3,3,0,0.75,,1,32,0,32,0,0,1,,0.0013957816377171215,,0.02176857585139319,0.0,0.0,0.0,1.0,0.0,0.0
stochastic_contradictions,p0.75,p0.75,4,uncertainty_cost_avoidance,Cost avoidance,2,31,13,3,3,0,0.75,,1,32,0,32,0,0,1,,0.0013957816377171215,,0.02176857585139319,0.0,0.0,0.0,1.0,0.0,0.0
stochastic_contradictions,p0.75,p0.75,4,uncertainty_cost_avoidance,Cost avoidance,3,31,13,3,3,0,0.75,,1,32,0,32,0,0,1,,0.0013957816377171215,,0.02176857585139319,0.0,0.0,0.0,1.0,0.0,0.0
stochastic_contradictions,p0.75,p0.75,4,uncertainty_cost_avoidance,Cost avoidance,4,31,13,3,3,0,0.75,,1,32,0,32,0,0,1,,0.0013957816377171215,,0.02176857585139319,0.0,0.0,0.0,1.0,0.0,0.0
stochastic_contradictions,p0.75,p0.75,4,uncertainty_cost_avoidance,Cost avoidance,5,31,13,3,3,0,0.75,,1,32,0,32,0,0,1,,0.0013957816377171215,,0.02176857585139319,0.0,0.0,0.0,1.0,0.0,0.0
stochastic_contradictions,p0.75,p0.75,4,uncertainty_cost_avoidance,Cost avoidance,6,31,13,3,3,0,0.75,,1,32,0,32,0,0,1,,0.0013957816377171215,,0.02176857585139319,0.0,0.0,0.0,1.0,0.0,0.0
stochastic_contradictions,p0.75,p0.75,4,uncertainty_cost_avoidance,Cost avoidance,7,31,13,3,3,0,0.75,,1,32,0,32,0,0,1,,0.0013957816377171215,,0.02176857585139319,0.0,0.0,0.0,1.0,0.0,0.0
stochastic_contradictions,p0.75,p0.75,4,oracle_fault_model,Oracle,0,31,13,3,3,0,0.75,,1,32,0,32,0,0,0,,0.0004652605459057072,,0.007256191950464396,3.0,3.0,0.0,1.0,1.0,0.0
stochastic_contradictions,p0.75,p0.75,4,oracle_fault_model,Oracle,1,31,13,3,3,0,0.75,,1,32,0,32,0,0,0,,0.0004652605459057072,,0.007256191950464396,3.0,3.0,0.0,1.0,1.0,0.0
stochastic_contradictions,p0.75,p0.75,4,oracle_fault_model,Oracle,2,31,13,3,3,0,0.75,,1,32,0,32,0,0,0,,0.0004652605459057072,,0.007256191950464396,3.0,3.0,0.0,1.0,1.0,0.0
stochastic_contradictions,p0.75,p0.75,4,oracle_fault_model,Oracle,3,31,13,3,3,0,0.75,,1,32,0,32,0,0,0,,0.0004652605459057072,,0.007256191950464396,3.0,3.0,0.0,1.0,1.0,0.0
stochastic_contradictions,p0.75,p0.75,4,oracle_fault_model,Oracle,4,31,13,3,3,0,0.75,,1,32,0,32,0,0,0,,0.0004652605459057072,,0.007256191950464396,3.0,3.0,0.0,1.0,1.0,0.0
stochastic_contradictions,p0.75,p0.75,4,oracle_fault_model,Oracle,5,31,13,3,3,0,0.75,,1,32,0,32,0,0,0,,0.0004652605459057072,,0.007256191950464396,3.0,3.0,0.0,1.0,1.0,0.0
stochastic_contradictions,p0.75,p0.75,4,oracle_fault_model,Oracle,6,31,13,3,3,0,0.75,,1,32,0,32,0,0,0,,0.0004652605459057072,,0.007256191950464396,3.0,3.0,0.0,1.0,1.0,0.0
stochastic_contradictions,p0.75,p0.75,4,oracle_fault_model,Oracle,7,31,13,3,3,0,0.75,,1,32,0,32,0,0,0,,0.0004652605459057072,,0.007256191950464396,3.0,3.0,0.0,1.0,1.0,0.0
stochastic_contradictions,p0.75,p0.75,5,nominal_no_repair,Nominal,0,31,13,3,3,0,0.75,,0,220,216,5,0,1,0,,0.0013957816377171215,,0.02176857585139319,0.0,0.0,0.0,1.0,0.0,0.0
stochastic_contradictions,p0.75,p0.75,5,nominal_no_repair,Nominal,1,31,13,3,3,0,0.75,,0,220,216,5,0,1,0,,0.0013957816377171215,,0.02176857585139319,0.0,0.0,0.0,1.0,0.0,0.0
stochastic_contradictions,p0.75,p0.75,5,nominal_no_repair,Nominal,2,31,13,3,3,0,0.75,,0,220,216,5,0,1,0,,0.0013957816377171215,,0.02176857585139319,0.0,0.0,0.0,1.0,0.0,0.0
stochastic_contradictions,p0.75,p0.75,5,nominal_no_repair,Nominal,3,31,13,3,3,0,0.75,,0,220,216,5,0,1,0,,0.0013957816377171215,,0.02176857585139319,0.0,0.0,0.0,1.0,0.0,0.0
stochastic_contradictions,p0.75,p0.75,5,nominal_no_repair,Nominal,4,31,13,3,3,0,0.75,,0,220,216,5,0,1,0,,0.0013957816377171215,,0.02176857585139319,0.0,0.0,0.0,1.0,0.0,0.0
stochastic_contradictions,p0.75,p0.75,5,nominal_no_repair,Nominal,5,31,13,3,3,0,0.75,,0,220,205,16,0,1,0,,0.0013957816377171215,,0.02176857585139319,0.0,0.0,0.0,1.0,0.0,0.0
stochastic_contradictions,p0.75,p0.75,5,nominal_no_repair,Nominal,6,31,13,3,3,0,0.75,,0,220,216,5,0,1,0,,0.0013957816377171215,,0.02176857585139319,0.0,0.0,0.0,1.0,0.0,0.0
stochastic_contradictions,p0.75,p0.75,5,nominal_no_repair,Nominal,7,31,13,3,3,0,0.75,,0,220,216,5,0,1,0,,0.0013957816377171215,,0.02176857585139319,0.0,0.0,0.0,1.0,0.0,0.0
stochastic_contradictions,p0.75,p0.75,5,threshold_2,Threshold 2,0,31,13,3,3,0,0.75,,1,34,2,34,0,0,1,,0.0010856079404466502,,0.016931114551083593,1.0,1.0,0.0,1.0,0.3333333333333333,0.0
stochastic_contradictions,p0.75,p0.75,5,threshold_2,Threshold 2,1,31,13,3,3,0,0.75,,1,32,0,32,0,0,1,,0.0010856079404466502,,0.016931114551083593,1.0,1.0,0.0,1.0,0.3333333333333333,0.0
stochastic_contradictions,p0.75,p0.75,5,threshold_2,Threshold 2,2,31,13,3,3,0,0.75,,1,32,0,32,0,0,1,,0.0010856079404466502,,0.016931114551083593,1.0,1.0,0.0,1.0,0.3333333333333333,0.0
stochastic_contradictions,p0.75,p0.75,5,threshold_2,Threshold 2,3,31,13,3,3,0,0.75,,1,32,0,32,0,0,1,,0.0010856079404466502,,0.016931114551083593,1.0,1.0,0.0,1.0,0.3333333333333333,0.0
stochastic_contradictions,p0.75,p0.75,5,threshold_2,Threshold 2,4,31,13,3,3,0,0.75,,1,32,0,32,0,0,1,,0.0010856079404466502,,0.016931114551083593,1.0,1.0,0.0,1.0,0.3333333333333333,0.0
stochastic_contradictions,p0.75,p0.75,5,threshold_2,Threshold 2,5,31,13,3,3,0,0.75,,1,32,0,32,0,0,1,,0.0010856079404466502,,0.016931114551083593,1.0,1.0,0.0,1.0,0.3333333333333333,0.0
stochastic_contradictions,p0.75,p0.75,5,threshold_2,Threshold 2,6,31,13,3,3,0,0.75,,1,32,0,32,0,0,1,,0.0010856079404466502,,0.016931114551083593,1.0,1.0,0.0,1.0,0.3333333333333333,0.0
stochastic_contradictions,p0.75,p0.75,5,threshold_2,Threshold 2,7,31,13,3,3,0,0.75,,1,32,0,32,0,0,1,,0.0010856079404466502,,0.016931114551083593,1.0,1.0,0.0,1.0,0.3333333333333333,0.0
stochastic_contradictions,p0.75,p0.75,5,threshold_4,Threshold 4,0,31,13,3,3,0,0.75,,1,32,2,32,0,0,0,,0.0013957816377171215,,0.02176857585139319,0.0,0.0,0.0,1.0,0.0,0.0
stochastic_contradictions,p0.75,p0.75,5,threshold_4,Threshold 4,1,31,13,3,3,0,0.75,,1,35,3,35,0,0,1,,0.0010856079404466502,,0.016931114551083593,1.0,1.0,0.0,1.0,0.3333333333333333,0.0
stochastic_contradictions,p0.75,p0.75,5,threshold_4,Threshold 4,2,31,13,3,3,0,0.75,,1,32,0,32,0,0,1,,0.0010856079404466502,,0.016931114551083593,1.0,1.0,0.0,1.0,0.3333333333333333,0.0
stochastic_contradictions,p0.75,p0.75,5,threshold_4,Threshold 4,3,31,13,3,3,0,0.75,,1,32,0,32,0,0,1,,0.0010856079404466502,,0.016931114551083593,1.0,1.0,0.0,1.0,0.3333333333333333,0.0
stochastic_contradictions,p0.75,p0.75,5,threshold_4,Threshold 4,4,31,13,3,3,0,0.75,,1,32,0,32,0,0,1,,0.0010856079404466502,,0.016931114551083593,1.0,1.0,0.0,1.0,0.3333333333333333,0.0
stochastic_contradictions,p0.75,p0.75,5,threshold_4,Threshold 4,5,31,13,3,3,0,0.75,,1,32,0,32,0,0,1,,0.0010856079404466502,,0.016931114551083593,1.0,1.0,0.0,1.0,0.3333333333333333,0.0
stochastic_contradictions,p0.75,p0.75,5,threshold_4,Threshold 4,6,31,13,3,3,0,0.75,,1,32,0,32,0,0,1,,0.0010856079404466502,,0.016931114551083593,1.0,1.0,0.0,1.0,0.3333333333333333,0.0
stochastic_contradictions,p0.75,p0.75,5,threshold_4,Threshold 4,7,31,13,3,3,0,0.75,,1,32,0,32,0,0,1,,0.0010856079404466502,,0.016931114551083593,1.0,1.0,0.0,1.0,0.3333333333333333,0.0
stochastic_contradictions,p0.75,p0.75,5,threshold_8,Threshold 8,0,31,13,3,3,0,0.75,,1,36,6,36,0,0,0,,0.0013957816377171215,,0.02176857585139319,0.0,0.0,0.0,1.0,0.0,0.0
stochastic_contradictions,p0.75,p0.75,5,threshold_8,Threshold 8,1,31,13,3,3,0,0.75,,1,44,12,44,0,0,1,,0.0010856079404466502,,0.016931114551083593,1.0,1.0,0.0,1.0,0.3333333333333333,0.0
stochastic_contradictions,p0.75,p0.75,5,threshold_8,Threshold 8,2,31,13,3,3,0,0.75,,1,33,1,33,0,0,1,,0.0010856079404466502,,0.016931114551083593,1.0,1.0,0.0,1.0,0.3333333333333333,0.0
stochastic_contradictions,p0.75,p0.75,5,threshold_8,Threshold 8,3,31,13,3,3,0,0.75,,1,34,2,34,0,0,2,,0.0007754342431761787,,0.012093653250773995,2.0,2.0,0.0,1.0,0.6666666666666666,0.0
stochastic_contradictions,p0.75,p0.75,5,threshold_8,Threshold 8,4,31,13,3,3,0,0.75,,1,32,0,32,0,0,2,,0.0007754342431761787,,0.012093653250773995,2.0,2.0,0.0,1.0,0.6666666666666666,0.0
stochastic_contradictions,p0.75,p0.75,5,threshold_8,Threshold 8,5,31,13,3,3,0,0.75,,1,32,0,32,0,0,2,,0.0007754342431761787,,0.012093653250773995,2.0,2.0,0.0,1.0,0.6666666666666666,0.0
stochastic_contradictions,p0.75,p0.75,5,threshold_8,Threshold 8,6,31,13,3,3,0,0.75,,1,32,0,32,0,0,2,,0.0007754342431761787,,0.012093653250773995,2.0,2.0,0.0,1.0,0.6666666666666666,0.0
stochastic_contradictions,p0.75,p0.75,5,threshold_8,Threshold 8,7,31,13,3,3,0,0.75,,1,32,0,32,0,0,2,,0.0007754342431761787,,0.012093653250773995,2.0,2.0,0.0,1.0,0.6666666666666666,0.0
stochastic_contradictions,p0.75,p0.75,5,ccra_exact_guard,CCRA exact,0,31,13,3,3,0,0.75,,1,33,1,33,0,0,1,,0.0010856079404466502,,0.016931114551083593,1.0,1.0,0.0,1.0,0.3333333333333333,0.0
stochastic_contradictions,p0.75,p0.75,5,ccra_exact_guard,CCRA exact,1,31,13,3,3,0,0.75,,1,32,0,32,0,0,1,,0.0010856079404466502,,0.016931114551083593,1.0,1.0,0.0,1.0,0.3333333333333333,0.0
stochastic_contradictions,p0.75,p0.75,5,ccra_exact_guard,CCRA exact,2,31,13,3,3,0,0.75,,1,32,0,32,0,0,1,,0.0010856079404466502,,0.016931114551083593,1.0,1.0,0.0,1.0,0.3333333333333333,0.0
stochastic_contradictions,p0.75,p0.75,5,ccra_exact_guard,CCRA exact,3,31,13,3,3,0,0.75,,1,33,1,33,0,0,2,,0.0007754342431761787,,0.012093653250773995,2.0,2.0,0.0,1.0,0.6666666666666666,0.0
stochastic_contradictions,p0.75,p0.75,5,ccra_exact_guard,CCRA exact,4,31,13,3,3,0,0.75,,1,32,0,32,0,0,2,,0.0007754342431761787,,0.012093653250773995,2.0,2.0,0.0,1.0,0.6666666666666666,0.0
stochastic_contradictions,p0.75,p0.75,5,ccra_exact_guard,CCRA exact,5,31,13,3,3,0,0.75,,1,32,0,32,0,0,2,,0.0007754342431761787,,0.012093653250773995,2.0,2.0,0.0,1.0,0.6666666666666666,0.0
stochastic_contradictions,p0.75,p0.75,5,ccra_exact_guard,CCRA exact,6,31,13,3,3,0,0.75,,1,32,0,32,0,0,2,,0.0007754342431761787,,0.012093653250773995,2.0,2.0,0.0,1.0,0.6666666666666666,0.0
stochastic_contradictions,p0.75,p0.75,5,ccra_exact_guard,CCRA exact,7,31,13,3,3,0,0.75,,1,32,0,32,0,0,2,,0.0007754342431761787,,0.012093653250773995,2.0,2.0,0.0,1.0,0.6666666666666666,0.0
stochastic_contradictions,p0.75,p0.75,5,uncertainty_cost_avoidance,Cost avoidance,0,31,13,3,3,0,0.75,,1,33,1,33,0,0,1,,0.0013957816377171215,,0.02176857585139319,0.0,0.0,0.0,1.0,0.0,0.0
stochastic_contradictions,p0.75,p0.75,5,uncertainty_cost_avoidance,Cost avoidance,1,31,13,3,3,0,0.75,,1,32,0,32,0,0,1,,0.0013957816377171215,,0.02176857585139319,0.0,0.0,0.0,1.0,0.0,0.0
stochastic_contradictions,p0.75,p0.75,5,uncertainty_cost_avoidance,Cost avoidance,2,31,13,3,3,0,0.75,,1,32,0,32,0,0,1,,0.0013957816377171215,,0.02176857585139319,0.0,0.0,0.0,1.0,0.0,0.0
stochastic_contradictions,p0.75,p0.75,5,uncertainty_cost_avoidance,Cost avoidance,3,31,13,3,3,0,0.75,,1,32,0,32,0,0,1,,0.0013957816377171215,,0.02176857585139319,0.0,0.0,0.0,1.0,0.0,0.0
stochastic_contradictions,p0.75,p0.75,5,uncertainty_cost_avoidance,Cost avoidance,4,31,13,3,3,0,0.75,,1,32,0,32,0,0,1,,0.0013957816377171215,,0.02176857585139319,0.0,0.0,0.0,1.0,0.0,0.0
stochastic_contradictions,p0.75,p0.75,5,uncertainty_cost_avoidance,Cost avoidance,5,31,13,3,3,0,0.75,,1,32,0,32,0,0,1,,0.0013957816377171215,,0.02176857585139319,0.0,0.0,0.0,1.0,0.0,0.0
stochastic_contradictions,p0.75,p0.75,5,uncertainty_cost_avoidance,Cost avoidance,6,31,13,3,3,0,0.75,,1,32,0,32,0,0,1,,0.0013957816377171215,,0.02176857585139319,0.0,0.0,0.0,1.0,0.0,0.0
stochastic_contradictions,p0.75,p0.75,5,uncertainty_cost_avoidance,Cost avoidance,7,31,13,3,3,0,0.75,,1,32,0,32,0,0,1,,0.0013957816377171215,,0.02176857585139319,0.0,0.0,0.0,1.0,0.0,0.0
stochastic_contradictions,p0.75,p0.75,5,oracle_fault_model,Oracle,0,31,13,3,3,0,0.75,,1,32,0,32,0,0,0,,0.0004652605459057072,,0.007256191950464396,3.0,3.0,0.0,1.0,1.0,0.0
stochastic_contradictions,p0.75,p0.75,5,oracle_fault_model,Oracle,1,31,13,3,3,0,0.75,,1,32,0,32,0,0,0,,0.0004652605459057072,,0.007256191950464396,3.0,3.0,0.0,1.0,1.0,0.0
stochastic_contradictions,p0.75,p0.75,5,oracle_fault_model,Oracle,2,31,13,3,3,0,0.75,,1,32,0,32,0,0,0,,0.0004652605459057072,,0.007256191950464396,3.0,3.0,0.0,1.0,1.0,0.0
stochastic_contradictions,p0.75,p0.75,5,oracle_fault_model,Oracle,3,31,13,3,3,0,0.75,,1,32,0,32,0,0,0,,0.0004652605459057072,,0.007256191950464396,3.0,3.0,0.0,1.0,1.0,0.0
stochastic_contradictions,p0.75,p0.75,5,oracle_fault_model,Oracle,4,31,13,3,3,0,0.75,,1,32,0,32,0,0,0,,0.0004652605459057072,,0.007256191950464396,3.0,3.0,0.0,1.0,1.0,0.0
stochastic_contradictions,p0.75,p0.75,5,oracle_fault_model,Oracle,5,31,13,3,3,0,0.75,,1,32,0,32,0,0,0,,0.0004652605459057072,,0.007256191950464396,3.0,3.0,0.0,1.0,1.0,0.0
stochastic_contradictions,p0.75,p0.75,5,oracle_fault_model,Oracle,6,31,13,3,3,0,0.75,,1,32,0,32,0,0,0,,0.0004652605459057072,,0.007256191950464396,3.0,3.0,0.0,1.0,1.0,0.0
stochastic_contradictions,p0.75,p0.75,5,oracle_fault_model,Oracle,7,31,13,3,3,0,0.75,,1,32,0,32,0,0,0,,0.0004652605459057072,,0.007256191950464396,3.0,3.0,0.0,1.0,1.0,0.0
stochastic_contradictions,p0.75,p0.75,6,nominal_no_repair,Nominal,0,31,13,3,3,0,0.75,,0,220,216,5,0,1,0,,0.0013957816377171215,,0.02176857585139319,0.0,0.0,0.0,1.0,0.0,0.0
stochastic_contradictions,p0.75,p0.75,6,nominal_no_repair,Nominal,1,31,13,3,3,0,0.75,,0,220,208,13,0,1,0,,0.0013957816377171215,,0.02176857585139319,0.0,0.0,0.0,1.0,0.0,0.0
stochastic_contradictions,p0.75,p0.75,6,nominal_no_repair,Nominal,2,31,13,3,3,0,0.75,,0,220,208,13,0,1,0,,0.0013957816377171215,,0.02176857585139319,0.0,0.0,0.0,1.0,0.0,0.0
stochastic_contradictions,p0.75,p0.75,6,nominal_no_repair,Nominal,3,31,13,3,3,0,0.75,,0,220,216,5,0,1,0,,0.0013957816377171215,,0.02176857585139319,0.0,0.0,0.0,1.0,0.0,0.0
stochastic_contradictions,p0.75,p0.75,6,nominal_no_repair,Nominal,4,31,13,3,3,0,0.75,,0,220,216,5,0,1,0,,0.0013957816377171215,,0.02176857585139319,0.0,0.0,0.0,1.0,0.0,0.0
stochastic_contradictions,p0.75,p0.75,6,nominal_no_repair,Nominal,5,31,13,3,3,0,0.75,,0,220,216,5,0,1,0,,0.0013957816377171215,,0.02176857585139319,0.0,0.0,0.0,1.0,0.0,0.0
stochastic_contradictions,p0.75,p0.75,6,nominal_no_repair,Nominal,6,31,13,3,3,0,0.75,,0,220,208,13,0,1,0,,0.0013957816377171215,,0.02176857585139319,0.0,0.0,0.0,1.0,0.0,0.0
stochastic_contradictions,p0.75,p0.75,6,nominal_no_repair,Nominal,7,31,13,3,3,0,0.75,,0,220,216,5,0,1,0,,0.0013957816377171215,,0.02176857585139319,0.0,0.0,0.0,1.0,0.0,0.0
stochastic_contradictions,p0.75,p0.75,6,threshold_2,Threshold 2,0,31,13,3,3,0,0.75,,1,34,2,34,0,0,1,,0.0010856079404466502,,0.016931114551083593,1.0,1.0,0.0,1.0,0.3333333333333333,0.0
stochastic_contradictions,p0.75,p0.75,6,threshold_2,Threshold 2,1,31,13,3,3,0,0.75,,1,32,0,32,0,0,1,,0.0010856079404466502,,0.016931114551083593,1.0,1.0,0.0,1.0,0.3333333333333333,0.0
stochastic_contradictions,p0.75,p0.75,6,threshold_2,Threshold 2,2,31,13,3,3,0,0.75,,1,32,0,32,0,0,1,,0.0010856079404466502,,0.016931114551083593,1.0,1.0,0.0,1.0,0.3333333333333333,0.0
stochastic_contradictions,p0.75,p0.75,6,threshold_2,Threshold 2,3,31,13,3,3,0,0.75,,1,32,0,32,0,0,1,,0.0010856079404466502,,0.016931114551083593,1.0,1.0,0.0,1.0,0.3333333333333333,0.0
stochastic_contradictions,p0.75,p0.75,6,threshold_2,Threshold 2,4,31,13,3,3,0,0.75,,1,32,0,32,0,0,1,,0.0010856079404466502,,0.016931114551083593,1.0,1.0,0.0,1.0,0.3333333333333333,0.0
stochastic_contradictions,p0.75,p0.75,6,threshold_2,Threshold 2,5,31,13,3,3,0,0.75,,1,32,0,32,0,0,1,,0.0010856079404466502,,0.016931114551083593,1.0,1.0,0.0,1.0,0.3333333333333333,0.0
stochastic_contradictions,p0.75,p0.75,6,threshold_2,Threshold 2,6,31,13,3,3,0,0.75,,1,32,0,32,0,0,1,,0.0010856079404466502,,0.016931114551083593,1.0,1.0,0.0,1.0,0.3333333333333333,0.0
stochastic_contradictions,p0.75,p0.75,6,threshold_2,Threshold 2,7,31,13,3,3,0,0.75,,1,32,0,32,0,0,1,,0.0010856079404466502,,0.016931114551083593,1.0,1.0,0.0,1.0,0.3333333333333333,0.0
stochastic_contradictions,p0.75,p0.75,6,threshold_4,Threshold 4,0,31,13,3,3,0,0.75,,1,31,1,31,0,0,0,,0.0013957816377171215,,0.02176857585139319,0.0,0.0,0.0,1.0,0.0,0.0
stochastic_contradictions,p0.75,p0.75,6,threshold_4,Threshold 4,1,31,13,3,3,0,0.75,,1,39,7,39,0,0,1,,0.0010856079404466502,,0.016931114551083593,1.0,1.0,0.0,1.0,0.3333333333333333,0.0
stochastic_contradictions,p0.75,p0.75,6,threshold_4,Threshold 4,2,31,13,3,3,0,0.75,,1,33,1,33,0,0,2,,0.0007754342431761787,,0.012093653250773995,2.0,2.0,0.0,1.0,0.6666666666666666,0.0
stochastic_contradictions,p0.75,p0.75,6,threshold_4,Threshold 4,3,31,13,3,3,0,0.75,,1,32,0,32,0,0,2,,0.0007754342431761787,,0.012093653250773995,2.0,2.0,0.0,1.0,0.6666666666666666,0.0
stochastic_contradictions,p0.75,p0.75,6,threshold_4,Threshold 4,4,31,13,3,3,0,0.75,,1,32,0,32,0,0,2,,0.0007754342431761787,,0.012093653250773995,2.0,2.0,0.0,1.0,0.6666666666666666,0.0
stochastic_contradictions,p0.75,p0.75,6,threshold_4,Threshold 4,5,31,13,3,3,0,0.75,,1,32,0,32,0,0,2,,0.0007754342431761787,,0.012093653250773995,2.0,2.0,0.0,1.0,0.6666666666666666,0.0
stochastic_contradictions,p0.75,p0.75,6,threshold_4,Threshold 4,6,31,13,3,3,0,0.75,,1,32,0,32,0,0,2,,0.0007754342431761787,,0.012093653250773995,2.0,2.0,0.0,1.0,0.6666666666666666,0.0
stochastic_contradictions,p0.75,p0.75,6,threshold_4,Threshold 4,7,31,13,3,3,0,0.75,,1,32,0,32,0,0,2,,0.0007754342431761787,,0.012093653250773995,2.0,2.0,0.0,1.0,0.6666666666666666,0.0
stochastic_contradictions,p0.75,p0.75,6,threshold_8,Threshold 8,0,31,13,3,3,0,0.75,,1,35,5,35,0,0,0,,0.0013957816377171215,,0.02176857585139319,0.0,0.0,0.0,1.0,0.0,0.0
stochastic_contradictions,p0.75,p0.75,6,threshold_8,Threshold 8,1,31,13,3,3,0,0.75,,1,35,5,35,0,0,0,,0.0013957816377171215,,0.02176857585139319,0.0,0.0,0.0,1.0,0.0,0.0
stochastic_contradictions,p0.75,p0.75,6,threshold_8,Threshold 8,2,31,13,3,3,0,0.75,,1,33,1,33,0,0,1,,0.0010856079404466502,,0.016931114551083593,1.0,1.0,0.0,1.0,0.3333333333333333,0.0
stochastic_contradictions,p0.75,p0.75,6,threshold_8,Threshold 8,3,31,13,3,3,0,0.75,,1,32,0,32,0,0,1,,0.0010856079404466502,,0.016931114551083593,1.0,1.0,0.0,1.0,0.3333333333333333,0.0
stochastic_contradictions,p0.75,p0.75,6,threshold_8,Threshold 8,4,31,13,3,3,0,0.75,,1,32,0,32,0,0,1,,0.0010856079404466502,,0.016931114551083593,1.0,1.0,0.0,1.0,0.3333333333333333,0.0
stochastic_contradictions,p0.75,p0.75,6,threshold_8,Threshold 8,5,31,13,3,3,0,0.75,,1,32,0,32,0,0,1,,0.0010856079404466502,,0.016931114551083593,1.0,1.0,0.0,1.0,0.3333333333333333,0.0
stochastic_contradictions,p0.75,p0.75,6,threshold_8,Threshold 8,6,31,13,3,3,0,0.75,,1,32,0,32,0,0,1,,0.0010856079404466502,,0.016931114551083593,1.0,1.0,0.0,1.0,0.3333333333333333,0.0
stochastic_contradictions,p0.75,p0.75,6,threshold_8,Threshold 8,7,31,13,3,3,0,0.75,,1,32,0,32,0,0,1,,0.0010856079404466502,,0.016931114551083593,1.0,1.0,0.0,1.0,0.3333333333333333,0.0
stochastic_contradictions,p0.75,p0.75,6,ccra_exact_guard,CCRA exact,0,31,13,3,3,0,0.75,,1,33,1,33,0,0,1,,0.0010856079404466502,,0.016931114551083593,1.0,1.0,0.0,1.0,0.3333333333333333,0.0
stochastic_contradictions,p0.75,p0.75,6,ccra_exact_guard,CCRA exact,1,31,13,3,3,0,0.75,,1,33,1,33,0,0,2,,0.0007754342431761787,,0.012093653250773995,2.0,2.0,0.0,1.0,0.6666666666666666,0.0
stochastic_contradictions,p0.75,p0.75,6,ccra_exact_guard,CCRA exact,2,31,13,3,3,0,0.75,,1,32,0,32,0,0,2,,0.0007754342431761787,,0.012093653250773995,2.0,2.0,0.0,1.0,0.6666666666666666,0.0
stochastic_contradictions,p0.75,p0.75,6,ccra_exact_guard,CCRA exact,3,31,13,3,3,0,0.75,,1,32,0,32,0,0,2,,0.0007754342431761787,,0.012093653250773995,2.0,2.0,0.0,1.0,0.6666666666666666,0.0
stochastic_contradictions,p0.75,p0.75,6,ccra_exact_guard,CCRA exact,4,31,13,3,3,0,0.75,,1,32,0,32,0,0,2,,0.0007754342431761787,,0.012093653250773995,2.0,2.0,0.0,1.0,0.6666666666666666,0.0
stochastic_contradictions,p0.75,p0.75,6,ccra_exact_guard,CCRA exact,5,31,13,3,3,0,0.75,,1,32,0,32,0,0,2,,0.0007754342431761787,,0.012093653250773995,2.0,2.0,0.0,1.0,0.6666666666666666,0.0
stochastic_contradictions,p0.75,p0.75,6,ccra_exact_guard,CCRA exact,6,31,13,3,3,0,0.75,,1,32,0,32,0,0,2,,0.0007754342431761787,,0.012093653250773995,2.0,2.0,0.0,1.0,0.6666666666666666,0.0
stochastic_contradictions,p0.75,p0.75,6,ccra_exact_guard,CCRA exact,7,31,13,3,3,0,0.75,,1,32,0,32,0,0,2,,0.0007754342431761787,,0.012093653250773995,2.0,2.0,0.0,1.0,0.6666666666666666,0.0
stochastic_contradictions,p0.75,p0.75,6,uncertainty_cost_avoidance,Cost avoidance,0,31,13,3,3,0,0.75,,1,33,1,33,0,0,1,,0.0013957816377171215,,0.02176857585139319,0.0,0.0,0.0,1.0,0.0,0.0
stochastic_contradictions,p0.75,p0.75,6,uncertainty_cost_avoidance,Cost avoidance,1,31,13,3,3,0,0.75,,1,32,0,32,0,0,1,,0.0013957816377171215,,0.02176857585139319,0.0,0.0,0.0,1.0,0.0,0.0
stochastic_contradictions,p0.75,p0.75,6,uncertainty_cost_avoidance,Cost avoidance,2,31,13,3,3,0,0.75,,1,33,1,33,0,0,2,,0.0013957816377171215,,0.02176857585139319,0.0,0.0,0.0,1.0,0.0,0.0
stochastic_contradictions,p0.75,p0.75,6,uncertainty_cost_avoidance,Cost avoidance,3,31,13,3,3,0,0.75,,1,32,0,32,0,0,2,,0.0013957816377171215,,0.02176857585139319,0.0,0.0,0.0,1.0,0.0,0.0
stochastic_contradictions,p0.75,p0.75,6,uncertainty_cost_avoidance,Cost avoidance,4,31,13,3,3,0,0.75,,1,32,0,32,0,0,2,,0.0013957816377171215,,0.02176857585139319,0.0,0.0,0.0,1.0,0.0,0.0
stochastic_contradictions,p0.75,p0.75,6,uncertainty_cost_avoidance,Cost avoidance,5,31,13,3,3,0,0.75,,1,32,0,32,0,0,2,,0.0013957816377171215,,0.02176857585139319,0.0,0.0,0.0,1.0,0.0,0.0
stochastic_contradictions,p0.75,p0.75,6,uncertainty_cost_avoidance,Cost avoidance,6,31,13,3,3,0,0.75,,1,32,0,32,0,0,2,,0.0013957816377171215,,0.02176857585139319,0.0,0.0,0.0,1.0,0.0,0.0
stochastic_contradictions,p0.75,p0.75,6,uncertainty_cost_avoidance,Cost avoidance,7,31,13,3,3,0,0.75,,1,32,0,32,0,0,2,,0.0013957816377171215,,0.02176857585139319,0.0,0.0,0.0,1.0,0.0,0.0
stochastic_contradictions,p0.75,p0.75,6,oracle_fault_model,Oracle,0,31,13,3,3,0,0.75,,1,32,0,32,0,0,0,,0.0004652605459057072,,0.007256191950464396,3.0,3.0,0.0,1.0,1.0,0.0
stochastic_contradictions,p0.75,p0.75,6,oracle_fault_model,Oracle,1,31,13,3,3,0,0.75,,1,32,0,32,0,0,0,,0.0004652605459057072,,0.007256191950464396,3.0,3.0,0.0,1.0,1.0,0.0
stochastic_contradictions,p0.75,p0.75,6,oracle_fault_model,Oracle,2,31,13,3,3,0,0.75,,1,32,0,32,0,0,0,,0.0004652605459057072,,0.007256191950464396,3.0,3.0,0.0,1.0,1.0,0.0
stochastic_contradictions,p0.75,p0.75,6,oracle_fault_model,Oracle,3,31,13,3,3,0,0.75,,1,32,0,32,0,0,0,,0.0004652605459057072,,0.007256191950464396,3.0,3.0,0.0,1.0,1.0,0.0
stochastic_contradictions,p0.75,p0.75,6,oracle_fault_model,Oracle,4,31,13,3,3,0,0.75,,1,32,0,32,0,0,0,,0.0004652605459057072,,0.007256191950464396,3.0,3.0,0.0,1.0,1.0,0.0
stochastic_contradictions,p0.75,p0.75,6,oracle_fault_model,Oracle,5,31,13,3,3,0,0.75,,1,32,0,32,0,0,0,,0.0004652605459057072,,0.007256191950464396,3.0,3.0,0.0,1.0,1.0,0.0
stochastic_contradictions,p0.75,p0.75,6,oracle_fault_model,Oracle,6,31,13,3,3,0,0.75,,1,32,0,32,0,0,0,,0.0004652605459057072,,0.007256191950464396,3.0,3.0,0.0,1.0,1.0,0.0
stochastic_contradictions,p0.75,p0.75,6,oracle_fault_model,Oracle,7,31,13,3,3,0,0.75,,1,32,0,32,0,0,0,,0.0004652605459057072,,0.007256191950464396,3.0,3.0,0.0,1.0,1.0,0.0
stochastic_contradictions,p0.75,p0.75,7,nominal_no_repair,Nominal,0,31,13,3,3,0,0.75,,0,220,211,10,0,1,0,,0.0013957816377171215,,0.02176857585139319,0.0,0.0,0.0,1.0,0.0,0.0
stochastic_contradictions,p0.75,p0.75,7,nominal_no_repair,Nominal,1,31,13,3,3,0,0.75,,0,220,211,10,0,1,0,,0.0013957816377171215,,0.02176857585139319,0.0,0.0,0.0,1.0,0.0,0.0
stochastic_contradictions,p0.75,p0.75,7,nominal_no_repair,Nominal,2,31,13,3,3,0,0.75,,0,220,211,10,0,1,0,,0.0013957816377171215,,0.02176857585139319,0.0,0.0,0.0,1.0,0.0,0.0
stochastic_contradictions,p0.75,p0.75,7,nominal_no_repair,Nominal,3,31,13,3,3,0,0.75,,0,220,211,10,0,1,0,,0.0013957816377171215,,0.02176857585139319,0.0,0.0,0.0,1.0,0.0,0.0
stochastic_contradictions,p0.75,p0.75,7,nominal_no_repair,Nominal,4,31,13,3,3,0,0.75,,0,220,204,17,0,1,0,,0.0013957816377171215,,0.02176857585139319,0.0,0.0,0.0,1.0,0.0,0.0
stochastic_contradictions,p0.75,p0.75,7,nominal_no_repair,Nominal,5,31,13,3,3,0,0.75,,0,220,211,10,0,1,0,,0.0013957816377171215,,0.02176857585139319,0.0,0.0,0.0,1.0,0.0,0.0
stochastic_contradictions,p0.75,p0.75,7,nominal_no_repair,Nominal,6,31,13,3,3,0,0.75,,0,220,211,10,0,1,0,,0.0013957816377171215,,0.02176857585139319,0.0,0.0,0.0,1.0,0.0,0.0
stochastic_contradictions,p0.75,p0.75,7,nominal_no_repair,Nominal,7,31,13,3,3,0,0.75,,0,220,211,10,0,1,0,,0.0013957816377171215,,0.02176857585139319,0.0,0.0,0.0,1.0,0.0,0.0
stochastic_contradictions,p0.75,p0.75,7,threshold_2,Threshold 2,0,31,13,3,3,0,0.75,,1,34,2,34,0,0,1,,0.0010856079404466502,,0.016931114551083593,1.0,1.0,0.0,1.0,0.3333333333333333,0.0
stochastic_contradictions,p0.75,p0.75,7,threshold_2,Threshold 2,1,31,13,3,3,0,0.75,,1,32,0,32,0,0,1,,0.0010856079404466502,,0.016931114551083593,1.0,1.0,0.0,1.0,0.3333333333333333,0.0
stochastic_contradictions,p0.75,p0.75,7,threshold_2,Threshold 2,2,31,13,3,3,0,0.75,,1,32,0,32,0,0,1,,0.0010856079404466502,,0.016931114551083593,1.0,1.0,0.0,1.0,0.3333333333333333,0.0
stochastic_contradictions,p0.75,p0.75,7,threshold_2,Threshold 2,3,31,13,3,3,0,0.75,,1,32,0,32,0,0,1,,0.0010856079404466502,,0.016931114551083593,1.0,1.0,0.0,1.0,0.3333333333333333,0.0
stochastic_contradictions,p0.75,p0.75,7,threshold_2,Threshold 2,4,31,13,3,3,0,0.75,,1,32,0,32,0,0,1,,0.0010856079404466502,,0.016931114551083593,1.0,1.0,0.0,1.0,0.3333333333333333,0.0
stochastic_contradictions,p0.75,p0.75,7,threshold_2,Threshold 2,5,31,13,3,3,0,0.75,,1,32,0,32,0,0,1,,0.0010856079404466502,,0.016931114551083593,1.0,1.0,0.0,1.0,0.3333333333333333,0.0
stochastic_contradictions,p0.75,p0.75,7,threshold_2,Threshold 2,6,31,13,3,3,0,0.75,,1,32,0,32,0,0,1,,0.0010856079404466502,,0.016931114551083593,1.0,1.0,0.0,1.0,0.3333333333333333,0.0
stochastic_contradictions,p0.75,p0.75,7,threshold_2,Threshold 2,7,31,13,3,3,0,0.75,,1,32,0,32,0,0,1,,0.0010856079404466502,,0.016931114551083593,1.0,1.0,0.0,1.0,0.3333333333333333,0.0
stochastic_contradictions,p0.75,p0.75,7,threshold_4,Threshold 4,0,31,13,3,3,0,0.75,,1,36,6,36,0,0,0,,0.0013957816377171215,,0.02176857585139319,0.0,0.0,0.0,1.0,0.0,0.0
stochastic_contradictions,p0.75,p0.75,7,threshold_4,Threshold 4,1,31,13,3,3,0,0.75,,1,36,4,36,0,0,1,,0.0010856079404466502,,0.016931114551083593,1.0,1.0,0.0,1.0,0.3333333333333333,0.0
stochastic_contradictions,p0.75,p0.75,7,threshold_4,Threshold 4,2,31,13,3,3,0,0.75,,1,32,0,32,0,0,1,,0.0010856079404466502,,0.016931114551083593,1.0,1.0,0.0,1.0,0.3333333333333333,0.0
stochastic_contradictions,p0.75,p0.75,7,threshold_4,Threshold 4,3,31,13,3,3,0,0.75,,1,32,0,32,0,0,1,,0.0010856079404466502,,0.016931114551083593,1.0,1.0,0.0,1.0,0.3333333333333333,0.0
stochastic_contradictions,p0.75,p0.75,7,threshold_4,Threshold 4,4,31,13,3,3,0,0.75,,1,32,0,32,0,0,1,,0.0010856079404466502,,0.016931114551083593,1.0,1.0,0.0,1.0,0.3333333333333333,0.0
stochastic_contradictions,p0.75,p0.75,7,threshold_4,Threshold 4,5,31,13,3,3,0,0.75,,1,32,0,32,0,0,1,,0.0010856079404466502,,0.016931114551083593,1.0,1.0,0.0,1.0,0.3333333333333333,0.0
stochastic_contradictions,p0.75,p0.75,7,threshold_4,Threshold 4,6,31,13,3,3,0,0.75,,1,32,0,32,0,0,1,,0.0010856079404466502,,0.016931114551083593,1.0,1.0,0.0,1.0,0.3333333333333333,0.0
stochastic_contradictions,p0.75,p0.75,7,threshold_4,Threshold 4,7,31,13,3,3,0,0.75,,1,32,0,32,0,0,1,,0.0010856079404466502,,0.016931114551083593,1.0,1.0,0.0,1.0,0.3333333333333333,0.0
stochastic_contradictions,p0.75,p0.75,7,threshold_8,Threshold 8,0,31,13,3,3,0,0.75,,1,44,14,44,0,0,0,,0.0013957816377171215,,0.02176857585139319,0.0,0.0,0.0,1.0,0.0,0.0
stochastic_contradictions,p0.75,p0.75,7,threshold_8,Threshold 8,1,31,13,3,3,0,0.75,,1,36,4,36,0,0,1,,0.0010856079404466502,,0.016931114551083593,1.0,1.0,0.0,1.0,0.3333333333333333,0.0
stochastic_contradictions,p0.75,p0.75,7,threshold_8,Threshold 8,2,31,13,3,3,0,0.75,,1,34,2,34,0,0,1,,0.0010856079404466502,,0.016931114551083593,1.0,1.0,0.0,1.0,0.3333333333333333,0.0
stochastic_contradictions,p0.75,p0.75,7,threshold_8,Threshold 8,3,31,13,3,3,0,0.75,,1,34,2,34,0,0,1,,0.0010856079404466502,,0.016931114551083593,1.0,1.0,0.0,1.0,0.3333333333333333,0.0
stochastic_contradictions,p0.75,p0.75,7,threshold_8,Threshold 8,4,31,13,3,3,0,0.75,,1,33,1,33,0,0,2,,0.0007754342431761787,,0.012093653250773995,2.0,2.0,0.0,1.0,0.6666666666666666,0.0
stochastic_contradictions,p0.75,p0.75,7,threshold_8,Threshold 8,5,31,13,3,3,0,0.75,,1,32,0,32,0,0,2,,0.0007754342431761787,,0.012093653250773995,2.0,2.0,0.0,1.0,0.6666666666666666,0.0
stochastic_contradictions,p0.75,p0.75,7,threshold_8,Threshold 8,6,31,13,3,3,0,0.75,,1,32,0,32,0,0,2,,0.0007754342431761787,,0.012093653250773995,2.0,2.0,0.0,1.0,0.6666666666666666,0.0
stochastic_contradictions,p0.75,p0.75,7,threshold_8,Threshold 8,7,31,13,3,3,0,0.75,,1,32,0,32,0,0,2,,0.0007754342431761787,,0.012093653250773995,2.0,2.0,0.0,1.0,0.6666666666666666,0.0
stochastic_contradictions,p0.75,p0.75,7,ccra_exact_guard,CCRA exact,0,31,13,3,3,0,0.75,,1,33,1,33,0,0,1,,0.0010856079404466502,,0.016931114551083593,1.0,1.0,0.0,1.0,0.3333333333333333,0.0
stochastic_contradictions,p0.75,p0.75,7,ccra_exact_guard,CCRA exact,1,31,13,3,3,0,0.75,,1,33,1,33,0,0,2,,0.0007754342431761787,,0.012093653250773995,2.0,2.0,0.0,1.0,0.6666666666666666,0.0
stochastic_contradictions,p0.75,p0.75,7,ccra_exact_guard,CCRA exact,2,31,13,3,3,0,0.75,,1,32,0,32,0,0,2,,0.0007754342431761787,,0.012093653250773995,2.0,2.0,0.0,1.0,0.6666666666666666,0.0
stochastic_contradictions,p0.75,p0.75,7,ccra_exact_guard,CCRA exact,3,31,13,3,3,0,0.75,,1,32,0,32,0,0,2,,0.0007754342431761787,,0.012093653250773995,2.0,2.0,0.0,1.0,0.6666666666666666,0.0
stochastic_contradictions,p0.75,p0.75,7,ccra_exact_guard,CCRA exact,4,31,13,3,3,0,0.75,,1,32,0,32,0,0,2,,0.0007754342431761787,,0.012093653250773995,2.0,2.0,0.0,1.0,0.6666666666666666,0.0
stochastic_contradictions,p0.75,p0.75,7,ccra_exact_guard,CCRA exact,5,31,13,3,3,0,0.75,,1,32,0,32,0,0,2,,0.0007754342431761787,,0.012093653250773995,2.0,2.0,0.0,1.0,0.6666666666666666,0.0
stochastic_contradictions,p0.75,p0.75,7,ccra_exact_guard,CCRA exact,6,31,13,3,3,0,0.75,,1,32,0,32,0,0,2,,0.0007754342431761787,,0.012093653250773995,2.0,2.0,0.0,1.0,0.6666666666666666,0.0
stochastic_contradictions,p0.75,p0.75,7,ccra_exact_guard,CCRA exact,7,31,13,3,3,0,0.75,,1,32,0,32,0,0,2,,0.0007754342431761787,,0.012093653250773995,2.0,2.0,0.0,1.0,0.6666666666666666,0.0
stochastic_contradictions,p0.75,p0.75,7,uncertainty_cost_avoidance,Cost avoidance,0,31,13,3,3,0,0.75,,1,33,1,33,0,0,1,,0.0013957816377171215,,0.02176857585139319,0.0,0.0,0.0,1.0,0.0,0.0
stochastic_contradictions,p0.75,p0.75,7,uncertainty_cost_avoidance,Cost avoidance,1,31,13,3,3,0,0.75,,1,32,0,32,0,0,1,,0.0013957816377171215,,0.02176857585139319,0.0,0.0,0.0,1.0,0.0,0.0
stochastic_contradictions,p0.75,p0.75,7,uncertainty_cost_avoidance,Cost avoidance,2,31,13,3,3,0,0.75,,1,32,0,32,0,0,1,,0.0013957816377171215,,0.02176857585139319,0.0,0.0,0.0,1.0,0.0,0.0
stochastic_contradictions,p0.75,p0.75,7,uncertainty_cost_avoidance,Cost avoidance,3,31,13,3,3,0,0.75,,1,32,0,32,0,0,1,,0.0013957816377171215,,0.02176857585139319,0.0,0.0,0.0,1.0,0.0,0.0
stochastic_contradictions,p0.75,p0.75,7,uncertainty_cost_avoidance,Cost avoidance,4,31,13,3,3,0,0.75,,1,32,0,32,0,0,1,,0.0013957816377171215,,0.02176857585139319,0.0,0.0,0.0,1.0,0.0,0.0
stochastic_contradictions,p0.75,p0.75,7,uncertainty_cost_avoidance,Cost avoidance,5,31,13,3,3,0,0.75,,1,32,0,32,0,0,1,,0.0013957816377171215,,0.02176857585139319,0.0,0.0,0.0,1.0,0.0,0.0
stochastic_contradictions,p0.75,p0.75,7,uncertainty_cost_avoidance,Cost avoidance,6,31,13,3,3,0,0.75,,1,32,0,32,0,0,1,,0.0013957816377171215,,0.02176857585139319,0.0,0.0,0.0,1.0,0.0,0.0
stochastic_contradictions,p0.75,p0.75,7,uncertainty_cost_avoidance,Cost avoidance,7,31,13,3,3,0,0.75,,1,32,0,32,0,0,1,,0.0013957816377171215,,0.02176857585139319,0.0,0.0,0.0,1.0,0.0,0.0
stochastic_contradictions,p0.75,p0.75,7,oracle_fault_model,Oracle,0,31,13,3,3,0,0.75,,1,32,0,32,0,0,0,,0.0004652605459057072,,0.007256191950464396,3.0,3.0,0.0,1.0,1.0,0.0
stochastic_contradictions,p0.75,p0.75,7,oracle_fault_model,Oracle,1,31,13,3,3,0,0.75,,1,32,0,32,0,0,0,,0.0004652605459057072,,0.007256191950464396,3.0,3.0,0.0,1.0,1.0,0.0
stochastic_contradictions,p0.75,p0.75,7,oracle_fault_model,Oracle,2,31,13,3,3,0,0.75,,1,32,0,32,0,0,0,,0.0004652605459057072,,0.007256191950464396,3.0,3.0,0.0,1.0,1.0,0.0
stochastic_contradictions,p0.75,p0.75,7,oracle_fault_model,Oracle,3,31,13,3,3,0,0.75,,1,32,0,32,0,0,0,,0.0004652605459057072,,0.007256191950464396,3.0,3.0,0.0,1.0,1.0,0.0
stochastic_contradictions,p0.75,p0.75,7,oracle_fault_model,Oracle,4,31,13,3,3,0,0.75,,1,32,0,32,0,0,0,,0.0004652605459057072,,0.007256191950464396,3.0,3.0,0.0,1.0,1.0,0.0
stochastic_contradictions,p0.75,p0.75,7,oracle_fault_model,Oracle,5,31,13,3,3,0,0.75,,1,32,0,32,0,0,0,,0.0004652605459057072,,0.007256191950464396,3.0,3.0,0.0,1.0,1.0,0.0
stochastic_contradictions,p0.75,p0.75,7,oracle_fault_model,Oracle,6,31,13,3,3,0,0.75,,1,32,0,32,0,0,0,,0.0004652605459057072,,0.007256191950464396,3.0,3.0,0.0,1.0,1.0,0.0
stochastic_contradictions,p0.75,p0.75,7,oracle_fault_model,Oracle,7,31,13,3,3,0,0.75,,1,32,0,32,0,0,0,,0.0004652605459057072,,0.007256191950464396,3.0,3.0,0.0,1.0,1.0,0.0
stochastic_contradictions,p0.75,p0.75,8,nominal_no_repair,Nominal,0,31,13,3,3,0,0.75,,0,220,214,7,0,1,0,,0.0013957816377171215,,0.02176857585139319,0.0,0.0,0.0,1.0,0.0,0.0
stochastic_contradictions,p0.75,p0.75,8,nominal_no_repair,Nominal,1,31,13,3,3,0,0.75,,0,220,208,13,0,1,0,,0.0013957816377171215,,0.02176857585139319,0.0,0.0,0.0,1.0,0.0,0.0
stochastic_contradictions,p0.75,p0.75,8,nominal_no_repair,Nominal,2,31,13,3,3,0,0.75,,0,220,208,13,0,1,0,,0.0013957816377171215,,0.02176857585139319,0.0,0.0,0.0,1.0,0.0,0.0
stochastic_contradictions,p0.75,p0.75,8,nominal_no_repair,Nominal,3,31,13,3,3,0,0.75,,0,220,214,7,0,1,0,,0.0013957816377171215,,0.02176857585139319,0.0,0.0,0.0,1.0,0.0,0.0
stochastic_contradictions,p0.75,p0.75,8,nominal_no_repair,Nominal,4,31,13,3,3,0,0.75,,0,220,208,13,0,1,0,,0.0013957816377171215,,0.02176857585139319,0.0,0.0,0.0,1.0,0.0,0.0
stochastic_contradictions,p0.75,p0.75,8,nominal_no_repair,Nominal,5,31,13,3,3,0,0.75,,0,220,214,7,0,1,0,,0.0013957816377171215,,0.02176857585139319,0.0,0.0,0.0,1.0,0.0,0.0
stochastic_contradictions,p0.75,p0.75,8,nominal_no_repair,Nominal,6,31,13,3,3,0,0.75,,0,220,214,7,0,1,0,,0.0013957816377171215,,0.02176857585139319,0.0,0.0,0.0,1.0,0.0,0.0
stochastic_contradictions,p0.75,p0.75,8,nominal_no_repair,Nominal,7,31,13,3,3,0,0.75,,0,220,214,7,0,1,0,,0.0013957816377171215,,0.02176857585139319,0.0,0.0,0.0,1.0,0.0,0.0
stochastic_contradictions,p0.75,p0.75,8,threshold_2,Threshold 2,0,31,13,3,3,0,0.75,,1,35,3,35,0,0,1,,0.0010856079404466502,,0.016931114551083593,1.0,1.0,0.0,1.0,0.3333333333333333,0.0
stochastic_contradictions,p0.75,p0.75,8,threshold_2,Threshold 2,1,31,13,3,3,0,0.75,,1,33,1,33,0,0,2,,0.0007754342431761787,,0.012093653250773995,2.0,2.0,0.0,1.0,0.6666666666666666,0.0
stochastic_contradictions,p0.75,p0.75,8,threshold_2,Threshold 2,2,31,13,3,3,0,0.75,,1,32,0,32,0,0,2,,0.0007754342431761787,,0.012093653250773995,2.0,2.0,0.0,1.0,0.6666666666666666,0.0
stochastic_contradictions,p0.75,p0.75,8,threshold_2,Threshold 2,3,31,13,3,3,0,0.75,,1,32,0,32,0,0,2,,0.0007754342431761787,,0.012093653250773995,2.0,2.0,0.0,1.0,0.6666666666666666,0.0
stochastic_contradictions,p0.75,p0.75,8,threshold_2,Threshold 2,4,31,13,3,3,0,0.75,,1,32,0,32,0,0,2,,0.0007754342431761787,,0.012093653250773995,2.0,2.0,0.0,1.0,0.6666666666666666,0.0
stochastic_contradictions,p0.75,p0.75,8,threshold_2,Threshold 2,5,31,13,3,3,0,0.75,,1,32,0,32,0,0,2,,0.0007754342431761787,,0.012093653250773995,2.0,2.0,0.0,1.0,0.6666666666666666,0.0
stochastic_contradictions,p0.75,p0.75,8,threshold_2,Threshold 2,6,31,13,3,3,0,0.75,,1,32,0,32,0,0,2,,0.0007754342431761787,,0.012093653250773995,2.0,2.0,0.0,1.0,0.6666666666666666,0.0
stochastic_contradictions,p0.75,p0.75,8,threshold_2,Threshold 2,7,31,13,3,3,0,0.75,,1,32,0,32,0,0,2,,0.0007754342431761787,,0.012093653250773995,2.0,2.0,0.0,1.0,0.6666666666666666,0.0
stochastic_contradictions,p0.75,p0.75,8,threshold_4,Threshold 4,0,31,13,3,3,0,0.75,,1,39,7,39,0,0,1,,0.0010856079404466502,,0.016931114551083593,1.0,1.0,0.0,1.0,0.3333333333333333,0.0
stochastic_contradictions,p0.75,p0.75,8,threshold_4,Threshold 4,1,31,13,3,3,0,0.75,,1,34,2,34,0,0,2,,0.0007754342431761787,,0.012093653250773995,2.0,2.0,0.0,1.0,0.6666666666666666,0.0
stochastic_contradictions,p0.75,p0.75,8,threshold_4,Threshold 4,2,31,13,3,3,0,0.75,,1,32,0,32,0,0,2,,0.0007754342431761787,,0.012093653250773995,2.0,2.0,0.0,1.0,0.6666666666666666,0.0
stochastic_contradictions,p0.75,p0.75,8,threshold_4,Threshold 4,3,31,13,3,3,0,0.75,,1,32,0,32,0,0,2,,0.0007754342431761787,,0.012093653250773995,2.0,2.0,0.0,1.0,0.6666666666666666,0.0
stochastic_contradictions,p0.75,p0.75,8,threshold_4,Threshold 4,4,31,13,3,3,0,0.75,,1,32,0,32,0,0,2,,0.0007754342431761787,,0.012093653250773995,2.0,2.0,0.0,1.0,0.6666666666666666,0.0
stochastic_contradictions,p0.75,p0.75,8,threshold_4,Threshold 4,5,31,13,3,3,0,0.75,,1,32,0,32,0,0,2,,0.0007754342431761787,,0.012093653250773995,2.0,2.0,0.0,1.0,0.6666666666666666,0.0
stochastic_contradictions,p0.75,p0.75,8,threshold_4,Threshold 4,6,31,13,3,3,0,0.75,,1,32,0,32,0,0,2,,0.0007754342431761787,,0.012093653250773995,2.0,2.0,0.0,1.0,0.6666666666666666,0.0
stochastic_contradictions,p0.75,p0.75,8,threshold_4,Threshold 4,7,31,13,3,3,0,0.75,,1,32,0,32,0,0,2,,0.0007754342431761787,,0.012093653250773995,2.0,2.0,0.0,1.0,0.6666666666666666,0.0
stochastic_contradictions,p0.75,p0.75,8,threshold_8,Threshold 8,0,31,13,3,3,0,0.75,,1,40,8,40,0,0,1,,0.0010856079404466502,,0.016931114551083593,1.0,1.0,0.0,1.0,0.3333333333333333,0.0
stochastic_contradictions,p0.75,p0.75,8,threshold_8,Threshold 8,1,31,13,3,3,0,0.75,,1,32,0,32,0,0,1,,0.0010856079404466502,,0.016931114551083593,1.0,1.0,0.0,1.0,0.3333333333333333,0.0
stochastic_contradictions,p0.75,p0.75,8,threshold_8,Threshold 8,2,31,13,3,3,0,0.75,,1,32,0,32,0,0,1,,0.0010856079404466502,,0.016931114551083593,1.0,1.0,0.0,1.0,0.3333333333333333,0.0
stochastic_contradictions,p0.75,p0.75,8,threshold_8,Threshold 8,3,31,13,3,3,0,0.75,,1,32,0,32,0,0,1,,0.0010856079404466502,,0.016931114551083593,1.0,1.0,0.0,1.0,0.3333333333333333,0.0
stochastic_contradictions,p0.75,p0.75,8,threshold_8,Threshold 8,4,31,13,3,3,0,0.75,,1,32,0,32,0,0,1,,0.0010856079404466502,,0.016931114551083593,1.0,1.0,0.0,1.0,0.3333333333333333,0.0
stochastic_contradictions,p0.75,p0.75,8,threshold_8,Threshold 8,5,31,13,3,3,0,0.75,,1,32,0,32,0,0,1,,0.0010856079404466502,,0.016931114551083593,1.0,1.0,0.0,1.0,0.3333333333333333,0.0
stochastic_contradictions,p0.75,p0.75,8,threshold_8,Threshold 8,6,31,13,3,3,0,0.75,,1,32,0,32,0,0,1,,0.0010856079404466502,,0.016931114551083593,1.0,1.0,0.0,1.0,0.3333333333333333,0.0
stochastic_contradictions,p0.75,p0.75,8,threshold_8,Threshold 8,7,31,13,3,3,0,0.75,,1,32,0,32,0,0,1,,0.0010856079404466502,,0.016931114551083593,1.0,1.0,0.0,1.0,0.3333333333333333,0.0
stochastic_contradictions,p0.75,p0.75,8,ccra_exact_guard,CCRA exact,0,31,13,3,3,0,0.75,,1,33,1,33,0,0,1,,0.0010856079404466502,,0.016931114551083593,1.0,1.0,0.0,1.0,0.3333333333333333,0.0
stochastic_contradictions,p0.75,p0.75,8,ccra_exact_guard,CCRA exact,1,31,13,3,3,0,0.75,,1,32,0,32,0,0,1,,0.0010856079404466502,,0.016931114551083593,1.0,1.0,0.0,1.0,0.3333333333333333,0.0
stochastic_contradictions,p0.75,p0.75,8,ccra_exact_guard,CCRA exact,2,31,13,3,3,0,0.75,,1,32,0,32,0,0,1,,0.0010856079404466502,,0.016931114551083593,1.0,1.0,0.0,1.0,0.3333333333333333,0.0
stochastic_contradictions,p0.75,p0.75,8,ccra_exact_guard,CCRA exact,3,31,13,3,3,0,0.75,,1,32,0,32,0,0,1,,0.0010856079404466502,,0.016931114551083593,1.0,1.0,0.0,1.0,0.3333333333333333,0.0
stochastic_contradictions,p0.75,p0.75,8,ccra_exact_guard,CCRA exact,4,31,13,3,3,0,0.75,,1,32,0,32,0,0,1,,0.0010856079404466502,,0.016931114551083593,1.0,1.0,0.0,1.0,0.3333333333333333,0.0
stochastic_contradictions,p0.75,p0.75,8,ccra_exact_guard,CCRA exact,5,31,13,3,3,0,0.75,,1,32,0,32,0,0,1,,0.0010856079404466502,,0.016931114551083593,1.0,1.0,0.0,1.0,0.3333333333333333,0.0
stochastic_contradictions,p0.75,p0.75,8,ccra_exact_guard,CCRA exact,6,31,13,3,3,0,0.75,,1,32,0,32,0,0,1,,0.0010856079404466502,,0.016931114551083593,1.0,1.0,0.0,1.0,0.3333333333333333,0.0
stochastic_contradictions,p0.75,p0.75,8,ccra_exact_guard,CCRA exact,7,31,13,3,3,0,0.75,,1,32,0,32,0,0,1,,0.0010856079404466502,,0.016931114551083593,1.0,1.0,0.0,1.0,0.3333333333333333,0.0
stochastic_contradictions,p0.75,p0.75,8,uncertainty_cost_avoidance,Cost avoidance,0,31,13,3,3,0,0.75,,1,33,1,33,0,0,1,,0.0013957816377171215,,0.02176857585139319,0.0,0.0,0.0,1.0,0.0,0.0
stochastic_contradictions,p0.75,p0.75,8,uncertainty_cost_avoidance,Cost avoidance,1,31,13,3,3,0,0.75,,1,32,0,32,0,0,1,,0.0013957816377171215,,0.02176857585139319,0.0,0.0,0.0,1.0,0.0,0.0
stochastic_contradictions,p0.75,p0.75,8,uncertainty_cost_avoidance,Cost avoidance,2,31,13,3,3,0,0.75,,1,32,0,32,0,0,1,,0.0013957816377171215,,0.02176857585139319,0.0,0.0,0.0,1.0,0.0,0.0
stochastic_contradictions,p0.75,p0.75,8,uncertainty_cost_avoidance,Cost avoidance,3,31,13,3,3,0,0.75,,1,32,0,32,0,0,1,,0.0013957816377171215,,0.02176857585139319,0.0,0.0,0.0,1.0,0.0,0.0
stochastic_contradictions,p0.75,p0.75,8,uncertainty_cost_avoidance,Cost avoidance,4,31,13,3,3,0,0.75,,1,32,0,32,0,0,1,,0.0013957816377171215,,0.02176857585139319,0.0,0.0,0.0,1.0,0.0,0.0
stochastic_contradictions,p0.75,p0.75,8,uncertainty_cost_avoidance,Cost avoidance,5,31,13,3,3,0,0.75,,1,32,0,32,0,0,1,,0.0013957816377171215,,0.02176857585139319,0.0,0.0,0.0,1.0,0.0,0.0
stochastic_contradictions,p0.75,p0.75,8,uncertainty_cost_avoidance,Cost avoidance,6,31,13,3,3,0,0.75,,1,32,0,32,0,0,1,,0.0013957816377171215,,0.02176857585139319,0.0,0.0,0.0,1.0,0.0,0.0
stochastic_contradictions,p0.75,p0.75,8,uncertainty_cost_avoidance,Cost avoidance,7,31,13,3,3,0,0.75,,1,32,0,32,0,0,1,,0.0013957816377171215,,0.02176857585139319,0.0,0.0,0.0,1.0,0.0,0.0
stochastic_contradictions,p0.75,p0.75,8,oracle_fault_model,Oracle,0,31,13,3,3,0,0.75,,1,32,0,32,0,0,0,,0.0004652605459057072,,0.007256191950464396,3.0,3.0,0.0,1.0,1.0,0.0
stochastic_contradictions,p0.75,p0.75,8,oracle_fault_model,Oracle,1,31,13,3,3,0,0.75,,1,32,0,32,0,0,0,,0.0004652605459057072,,0.007256191950464396,3.0,3.0,0.0,1.0,1.0,0.0
stochastic_contradictions,p0.75,p0.75,8,oracle_fault_model,Oracle,2,31,13,3,3,0,0.75,,1,32,0,32,0,0,0,,0.0004652605459057072,,0.007256191950464396,3.0,3.0,0.0,1.0,1.0,0.0
stochastic_contradictions,p0.75,p0.75,8,oracle_fault_model,Oracle,3,31,13,3,3,0,0.75,,1,32,0,32,0,0,0,,0.0004652605459057072,,0.007256191950464396,3.0,3.0,0.0,1.0,1.0,0.0
stochastic_contradictions,p0.75,p0.75,8,oracle_fault_model,Oracle,4,31,13,3,3,0,0.75,,1,32,0,32,0,0,0,,0.0004652605459057072,,0.007256191950464396,3.0,3.0,0.0,1.0,1.0,0.0
stochastic_contradictions,p0.75,p0.75,8,oracle_fault_model,Oracle,5,31,13,3,3,0,0.75,,1,32,0,32,0,0,0,,0.0004652605459057072,,0.007256191950464396,3.0,3.0,0.0,1.0,1.0,0.0
stochastic_contradictions,p0.75,p0.75,8,oracle_fault_model,Oracle,6,31,13,3,3,0,0.75,,1,32,0,32,0,0,0,,0.0004652605459057072,,0.007256191950464396,3.0,3.0,0.0,1.0,1.0,0.0
stochastic_contradictions,p0.75,p0.75,8,oracle_fault_model,Oracle,7,31,13,3,3,0,0.75,,1,32,0,32,0,0,0,,0.0004652605459057072,,0.007256191950464396,3.0,3.0,0.0,1.0,1.0,0.0
stochastic_contradictions,p0.75,p0.75,9,nominal_no_repair,Nominal,0,31,13,3,3,0,0.75,,0,220,202,19,0,1,0,,0.0013957816377171215,,0.02176857585139319,0.0,0.0,0.0,1.0,0.0,0.0
stochastic_contradictions,p0.75,p0.75,9,nominal_no_repair,Nominal,1,31,13,3,3,0,0.75,,0,220,204,17,0,1,0,,0.0013957816377171215,,0.02176857585139319,0.0,0.0,0.0,1.0,0.0,0.0
stochastic_contradictions,p0.75,p0.75,9,nominal_no_repair,Nominal,2,31,13,3,3,0,0.75,,0,220,204,17,0,1,0,,0.0013957816377171215,,0.02176857585139319,0.0,0.0,0.0,1.0,0.0,0.0
stochastic_contradictions,p0.75,p0.75,9,nominal_no_repair,Nominal,3,31,13,3,3,0,0.75,,0,220,204,17,0,1,0,,0.0013957816377171215,,0.02176857585139319,0.0,0.0,0.0,1.0,0.0,0.0
stochastic_contradictions,p0.75,p0.75,9,nominal_no_repair,Nominal,4,31,13,3,3,0,0.75,,0,220,204,17,0,1,0,,0.0013957816377171215,,0.02176857585139319,0.0,0.0,0.0,1.0,0.0,0.0
stochastic_contradictions,p0.75,p0.75,9,nominal_no_repair,Nominal,5,31,13,3,3,0,0.75,,0,220,202,19,0,1,0,,0.0013957816377171215,,0.02176857585139319,0.0,0.0,0.0,1.0,0.0,0.0
stochastic_contradictions,p0.75,p0.75,9,nominal_no_repair,Nominal,6,31,13,3,3,0,0.75,,0,220,204,17,0,1,0,,0.0013957816377171215,,0.02176857585139319,0.0,0.0,0.0,1.0,0.0,0.0
stochastic_contradictions,p0.75,p0.75,9,nominal_no_repair,Nominal,7,31,13,3,3,0,0.75,,0,220,194,27,0,1,0,,0.0013957816377171215,,0.02176857585139319,0.0,0.0,0.0,1.0,0.0,0.0
stochastic_contradictions,p0.75,p0.75,9,threshold_2,Threshold 2,0,31,13,3,3,0,0.75,,1,36,4,36,0,0,1,,0.0010856079404466502,,0.016931114551083593,1.0,1.0,0.0,1.0,0.3333333333333333,0.0
stochastic_contradictions,p0.75,p0.75,9,threshold_2,Threshold 2,1,31,13,3,3,0,0.75,,1,33,1,33,0,0,2,,0.0007754342431761787,,0.012093653250773995,2.0,2.0,0.0,1.0,0.6666666666666666,0.0
stochastic_contradictions,p0.75,p0.75,9,threshold_2,Threshold 2,2,31,13,3,3,0,0.75,,1,32,0,32,0,0,2,,0.0007754342431761787,,0.012093653250773995,2.0,2.0,0.0,1.0,0.6666666666666666,0.0
stochastic_contradictions,p0.75,p0.75,9,threshold_2,Threshold 2,3,31,13,3,3,0,0.75,,1,32,0,32,0,0,2,,0.0007754342431761787,,0.012093653250773995,2.0,2.0,0.0,1.0,0.6666666666666666,0.0
stochastic_contradictions,p0.75,p0.75,9,threshold_2,Threshold 2,4,31,13,3,3,0,0.75,,1,32,0,32,0,0,2,,0.0007754342431761787,,0.012093653250773995,2.0,2.0,0.0,1.0,0.6666666666666666,0.0
stochastic_contradictions,p0.75,p0.75,9,threshold_2,Threshold 2,5,31,13,3,3,0,0.75,,1,32,0,32,0,0,2,,0.0007754342431761787,,0.012093653250773995,2.0,2.0,0.0,1.0,0.6666666666666666,0.0
stochastic_contradictions,p0.75,p0.75,9,threshold_2,Threshold 2,6,31,13,3,3,0,0.75,,1,32,0,32,0,0,2,,0.0007754342431761787,,0.012093653250773995,2.0,2.0,0.0,1.0,0.6666666666666666,0.0
stochastic_contradictions,p0.75,p0.75,9,threshold_2,Threshold 2,7,31,13,3,3,0,0.75,,1,32,0,32,0,0,2,,0.0007754342431761787,,0.012093653250773995,2.0,2.0,0.0,1.0,0.6666666666666666,0.0
stochastic_contradictions,p0.75,p0.75,9,threshold_4,Threshold 4,0,31,13,3,3,0,0.75,,1,33,3,33,0,0,0,,0.0013957816377171215,,0.02176857585139319,0.0,0.0,0.0,1.0,0.0,0.0
stochastic_contradictions,p0.75,p0.75,9,threshold_4,Threshold 4,1,31,13,3,3,0,0.75,,1,36,4,36,0,0,1,,0.0010856079404466502,,0.016931114551083593,1.0,1.0,0.0,1.0,0.3333333333333333,0.0
stochastic_contradictions,p0.75,p0.75,9,threshold_4,Threshold 4,2,31,13,3,3,0,0.75,,1,32,0,32,0,0,1,,0.0010856079404466502,,0.016931114551083593,1.0,1.0,0.0,1.0,0.3333333333333333,0.0
stochastic_contradictions,p0.75,p0.75,9,threshold_4,Threshold 4,3,31,13,3,3,0,0.75,,1,32,0,32,0,0,1,,0.0010856079404466502,,0.016931114551083593,1.0,1.0,0.0,1.0,0.3333333333333333,0.0
stochastic_contradictions,p0.75,p0.75,9,threshold_4,Threshold 4,4,31,13,3,3,0,0.75,,1,32,0,32,0,0,1,,0.0010856079404466502,,0.016931114551083593,1.0,1.0,0.0,1.0,0.3333333333333333,0.0
stochastic_contradictions,p0.75,p0.75,9,threshold_4,Threshold 4,5,31,13,3,3,0,0.75,,1,32,0,32,0,0,1,,0.0010856079404466502,,0.016931114551083593,1.0,1.0,0.0,1.0,0.3333333333333333,0.0
stochastic_contradictions,p0.75,p0.75,9,threshold_4,Threshold 4,6,31,13,3,3,0,0.75,,1,32,0,32,0,0,1,,0.0010856079404466502,,0.016931114551083593,1.0,1.0,0.0,1.0,0.3333333333333333,0.0
stochastic_contradictions,p0.75,p0.75,9,threshold_4,Threshold 4,7,31,13,3,3,0,0.75,,1,32,0,32,0,0,1,,0.0010856079404466502,,0.016931114551083593,1.0,1.0,0.0,1.0,0.3333333333333333,0.0
stochastic_contradictions,p0.75,p0.75,9,threshold_8,Threshold 8,0,31,13,3,3,0,0.75,,1,45,13,45,0,0,1,,0.0010856079404466502,,0.016931114551083593,1.0,1.0,0.0,1.0,0.3333333333333333,0.0
stochastic_contradictions,p0.75,p0.75,9,threshold_8,Threshold 8,1,31,13,3,3,0,0.75,,1,33,1,33,0,0,1,,0.0010856079404466502,,0.016931114551083593,1.0,1.0,0.0,1.0,0.3333333333333333,0.0
stochastic_contradictions,p0.75,p0.75,9,threshold_8,Threshold 8,2,31,13,3,3,0,0.75,,1,33,1,33,0,0,1,,0.0010856079404466502,,0.016931114551083593,1.0,1.0,0.0,1.0,0.3333333333333333,0.0
stochastic_contradictions,p0.75,p0.75,9,threshold_8,Threshold 8,3,31,13,3,3,0,0.75,,1,33,1,33,0,0,2,,0.0007754342431761787,,0.012093653250773995,2.0,2.0,0.0,1.0,0.6666666666666666,0.0
stochastic_contradictions,p0.75,p0.75,9,threshold_8,Threshold 8,4,31,13,3,3,0,0.75,,1,32,0,32,0,0,2,,0.0007754342431761787,,0.012093653250773995,2.0,2.0,0.0,1.0,0.6666666666666666,0.0
stochastic_contradictions,p0.75,p0.75,9,threshold_8,Threshold 8,5,31,13,3,3,0,0.75,,1,32,0,32,0,0,2,,0.0007754342431761787,,0.012093653250773995,2.0,2.0,0.0,1.0,0.6666666666666666,0.0
stochastic_contradictions,p0.75,p0.75,9,threshold_8,Threshold 8,6,31,13,3,3,0,0.75,,1,32,0,32,0,0,2,,0.0007754342431761787,,0.012093653250773995,2.0,2.0,0.0,1.0,0.6666666666666666,0.0
stochastic_contradictions,p0.75,p0.75,9,threshold_8,Threshold 8,7,31,13,3,3,0,0.75,,1,32,0,32,0,0,2,,0.0007754342431761787,,0.012093653250773995,2.0,2.0,0.0,1.0,0.6666666666666666,0.0
stochastic_contradictions,p0.75,p0.75,9,ccra_exact_guard,CCRA exact,0,31,13,3,3,0,0.75,,1,33,1,33,0,0,1,,0.0010856079404466502,,0.016931114551083593,1.0,1.0,0.0,1.0,0.3333333333333333,0.0
stochastic_contradictions,p0.75,p0.75,9,ccra_exact_guard,CCRA exact,1,31,13,3,3,0,0.75,,1,32,0,32,0,0,1,,0.0010856079404466502,,0.016931114551083593,1.0,1.0,0.0,1.0,0.3333333333333333,0.0
stochastic_contradictions,p0.75,p0.75,9,ccra_exact_guard,CCRA exact,2,31,13,3,3,0,0.75,,1,32,0,32,0,0,1,,0.0010856079404466502,,0.016931114551083593,1.0,1.0,0.0,1.0,0.3333333333333333,0.0
stochastic_contradictions,p0.75,p0.75,9,ccra_exact_guard,CCRA exact,3,31,13,3,3,0,0.75,,1,32,0,32,0,0,1,,0.0010856079404466502,,0.016931114551083593,1.0,1.0,0.0,1.0,0.3333333333333333,0.0
stochastic_contradictions,p0.75,p0.75,9,ccra_exact_guard,CCRA exact,4,31,13,3,3,0,0.75,,1,32,0,32,0,0,1,,0.0010856079404466502,,0.016931114551083593,1.0,1.0,0.0,1.0,0.3333333333333333,0.0
stochastic_contradictions,p0.75,p0.75,9,ccra_exact_guard,CCRA exact,5,31,13,3,3,0,0.75,,1,32,0,32,0,0,1,,0.0010856079404466502,,0.016931114551083593,1.0,1.0,0.0,1.0,0.3333333333333333,0.0
stochastic_contradictions,p0.75,p0.75,9,ccra_exact_guard,CCRA exact,6,31,13,3,3,0,0.75,,1,32,0,32,0,0,1,,0.0010856079404466502,,0.016931114551083593,1.0,1.0,0.0,1.0,0.3333333333333333,0.0
stochastic_contradictions,p0.75,p0.75,9,ccra_exact_guard,CCRA exact,7,31,13,3,3,0,0.75,,1,32,0,32,0,0,1,,0.0010856079404466502,,0.016931114551083593,1.0,1.0,0.0,1.0,0.3333333333333333,0.0
stochastic_contradictions,p0.75,p0.75,9,uncertainty_cost_avoidance,Cost avoidance,0,31,13,3,3,0,0.75,,1,33,1,33,0,0,1,,0.0013957816377171215,,0.02176857585139319,0.0,0.0,0.0,1.0,0.0,0.0
stochastic_contradictions,p0.75,p0.75,9,uncertainty_cost_avoidance,Cost avoidance,1,31,13,3,3,0,0.75,,1,32,0,32,0,0,1,,0.0013957816377171215,,0.02176857585139319,0.0,0.0,0.0,1.0,0.0,0.0
stochastic_contradictions,p0.75,p0.75,9,uncertainty_cost_avoidance,Cost avoidance,2,31,13,3,3,0,0.75,,1,32,0,32,0,0,1,,0.0013957816377171215,,0.02176857585139319,0.0,0.0,0.0,1.0,0.0,0.0
stochastic_contradictions,p0.75,p0.75,9,uncertainty_cost_avoidance,Cost avoidance,3,31,13,3,3,0,0.75,,1,32,0,32,0,0,1,,0.0013957816377171215,,0.02176857585139319,0.0,0.0,0.0,1.0,0.0,0.0
stochastic_contradictions,p0.75,p0.75,9,uncertainty_cost_avoidance,Cost avoidance,4,31,13,3,3,0,0.75,,1,32,0,32,0,0,1,,0.0013957816377171215,,0.02176857585139319,0.0,0.0,0.0,1.0,0.0,0.0
stochastic_contradictions,p0.75,p0.75,9,uncertainty_cost_avoidance,Cost avoidance,5,31,13,3,3,0,0.75,,1,32,0,32,0,0,1,,0.0013957816377171215,,0.02176857585139319,0.0,0.0,0.0,1.0,0.0,0.0
stochastic_contradictions,p0.75,p0.75,9,uncertainty_cost_avoidance,Cost avoidance,6,31,13,3,3,0,0.75,,1,32,0,32,0,0,1,,0.0013957816377171215,,0.02176857585139319,0.0,0.0,0.0,1.0,0.0,0.0
stochastic_contradictions,p0.75,p0.75,9,uncertainty_cost_avoidance,Cost avoidance,7,31,13,3,3,0,0.75,,1,32,0,32,0,0,1,,0.0013957816377171215,,0.02176857585139319,0.0,0.0,0.0,1.0,0.0,0.0
stochastic_contradictions,p0.75,p0.75,9,oracle_fault_model,Oracle,0,31,13,3,3,0,0.75,,1,32,0,32,0,0,0,,0.0004652605459057072,,0.007256191950464396,3.0,3.0,0.0,1.0,1.0,0.0
stochastic_contradictions,p0.75,p0.75,9,oracle_fault_model,Oracle,1,31,13,3,3,0,0.75,,1,32,0,32,0,0,0,,0.0004652605459057072,,0.007256191950464396,3.0,3.0,0.0,1.0,1.0,0.0
stochastic_contradictions,p0.75,p0.75,9,oracle_fault_model,Oracle,2,31,13,3,3,0,0.75,,1,32,0,32,0,0,0,,0.0004652605459057072,,0.007256191950464396,3.0,3.0,0.0,1.0,1.0,0.0
stochastic_contradictions,p0.75,p0.75,9,oracle_fault_model,Oracle,3,31,13,3,3,0,0.75,,1,32,0,32,0,0,0,,0.0004652605459057072,,0.007256191950464396,3.0,3.0,0.0,1.0,1.0,0.0
stochastic_contradictions,p0.75,p0.75,9,oracle_fault_model,Oracle,4,31,13,3,3,0,0.75,,1,32,0,32,0,0,0,,0.0004652605459057072,,0.007256191950464396,3.0,3.0,0.0,1.0,1.0,0.0
stochastic_contradictions,p0.75,p0.75,9,oracle_fault_model,Oracle,5,31,13,3,3,0,0.75,,1,32,0,32,0,0,0,,0.0004652605459057072,,0.007256191950464396,3.0,3.0,0.0,1.0,1.0,0.0
stochastic_contradictions,p0.75,p0.75,9,oracle_fault_model,Oracle,6,31,13,3,3,0,0.75,,1,32,0,32,0,0,0,,0.0004652605459057072,,0.007256191950464396,3.0,3.0,0.0,1.0,1.0,0.0
stochastic_contradictions,p0.75,p0.75,9,oracle_fault_model,Oracle,7,31,13,3,3,0,0.75,,1,32,0,32,0,0,0,,0.0004652605459057072,,0.007256191950464396,3.0,3.0,0.0,1.0,1.0,0.0
stochastic_contradictions,p0.75,p0.75,10,nominal_no_repair,Nominal,0,31,13,3,3,0,0.75,,0,220,216,5,0,1,0,,0.0013957816377171215,,0.02176857585139319,0.0,0.0,0.0,1.0,0.0,0.0
stochastic_contradictions,p0.75,p0.75,10,nominal_no_repair,Nominal,1,31,13,3,3,0,0.75,,0,220,216,5,0,1,0,,0.0013957816377171215,,0.02176857585139319,0.0,0.0,0.0,1.0,0.0,0.0
stochastic_contradictions,p0.75,p0.75,10,nominal_no_repair,Nominal,2,31,13,3,3,0,0.75,,0,220,207,14,0,1,0,,0.0013957816377171215,,0.02176857585139319,0.0,0.0,0.0,1.0,0.0,0.0
stochastic_contradictions,p0.75,p0.75,10,nominal_no_repair,Nominal,3,31,13,3,3,0,0.75,,0,220,216,5,0,1,0,,0.0013957816377171215,,0.02176857585139319,0.0,0.0,0.0,1.0,0.0,0.0
stochastic_contradictions,p0.75,p0.75,10,nominal_no_repair,Nominal,4,31,13,3,3,0,0.75,,0,220,207,14,0,1,0,,0.0013957816377171215,,0.02176857585139319,0.0,0.0,0.0,1.0,0.0,0.0
stochastic_contradictions,p0.75,p0.75,10,nominal_no_repair,Nominal,5,31,13,3,3,0,0.75,,0,220,216,5,0,1,0,,0.0013957816377171215,,0.02176857585139319,0.0,0.0,0.0,1.0,0.0,0.0
stochastic_contradictions,p0.75,p0.75,10,nominal_no_repair,Nominal,6,31,13,3,3,0,0.75,,0,220,216,5,0,1,0,,0.0013957816377171215,,0.02176857585139319,0.0,0.0,0.0,1.0,0.0,0.0
stochastic_contradictions,p0.75,p0.75,10,nominal_no_repair,Nominal,7,31,13,3,3,0,0.75,,0,220,216,5,0,1,0,,0.0013957816377171215,,0.02176857585139319,0.0,0.0,0.0,1.0,0.0,0.0
stochastic_contradictions,p0.75,p0.75,10,threshold_2,Threshold 2,0,31,13,3,3,0,0.75,,1,34,2,34,0,0,1,,0.0010856079404466502,,0.016931114551083593,1.0,1.0,0.0,1.0,0.3333333333333333,0.0
stochastic_contradictions,p0.75,p0.75,10,threshold_2,Threshold 2,1,31,13,3,3,0,0.75,,1,34,2,34,0,0,2,,0.0007754342431761787,,0.012093653250773995,2.0,2.0,0.0,1.0,0.6666666666666666,0.0
stochastic_contradictions,p0.75,p0.75,10,threshold_2,Threshold 2,2,31,13,3,3,0,0.75,,1,32,0,32,0,0,2,,0.0007754342431761787,,0.012093653250773995,2.0,2.0,0.0,1.0,0.6666666666666666,0.0
stochastic_contradictions,p0.75,p0.75,10,threshold_2,Threshold 2,3,31,13,3,3,0,0.75,,1,32,0,32,0,0,2,,0.0007754342431761787,,0.012093653250773995,2.0,2.0,0.0,1.0,0.6666666666666666,0.0
stochastic_contradictions,p0.75,p0.75,10,threshold_2,Threshold 2,4,31,13,3,3,0,0.75,,1,32,0,32,0,0,2,,0.0007754342431761787,,0.012093653250773995,2.0,2.0,0.0,1.0,0.6666666666666666,0.0
stochastic_contradictions,p0.75,p0.75,10,threshold_2,Threshold 2,5,31,13,3,3,0,0.75,,1,32,0,32,0,0,2,,0.0007754342431761787,,0.012093653250773995,2.0,2.0,0.0,1.0,0.6666666666666666,0.0
stochastic_contradictions,p0.75,p0.75,10,threshold_2,Threshold 2,6,31,13,3,3,0,0.75,,1,32,0,32,0,0,2,,0.0007754342431761787,,0.012093653250773995,2.0,2.0,0.0,1.0,0.6666666666666666,0.0
stochastic_contradictions,p0.75,p0.75,10,threshold_2,Threshold 2,7,31,13,3,3,0,0.75,,1,32,0,32,0,0,2,,0.0007754342431761787,,0.012093653250773995,2.0,2.0,0.0,1.0,0.6666666666666666,0.0
stochastic_contradictions,p0.75,p0.75,10,threshold_4,Threshold 4,0,31,13,3,3,0,0.75,,1,37,5,37,0,0,1,,0.0010856079404466502,,0.016931114551083593,1.0,1.0,0.0,1.0,0.3333333333333333,0.0
stochastic_contradictions,p0.75,p0.75,10,threshold_4,Threshold 4,1,31,13,3,3,0,0.75,,1,34,2,34,0,0,1,,0.0010856079404466502,,0.016931114551083593,1.0,1.0,0.0,1.0,0.3333333333333333,0.0
stochastic_contradictions,p0.75,p0.75,10,threshold_4,Threshold 4,2,31,13,3,3,0,0.75,,1,33,1,33,0,0,2,,0.0007754342431761787,,0.012093653250773995,2.0,2.0,0.0,1.0,0.6666666666666666,0.0
stochastic_contradictions,p0.75,p0.75,10,threshold_4,Threshold 4,3,31,13,3,3,0,0.75,,1,32,0,32,0,0,2,,0.0007754342431761787,,0.012093653250773995,2.0,2.0,0.0,1.0,0.6666666666666666,0.0
stochastic_contradictions,p0.75,p0.75,10,threshold_4,Threshold 4,4,31,13,3,3,0,0.75,,1,32,0,32,0,0,2,,0.0007754342431761787,,0.012093653250773995,2.0,2.0,0.0,1.0,0.6666666666666666,0.0
stochastic_contradictions,p0.75,p0.75,10,threshold_4,Threshold 4,5,31,13,3,3,0,0.75,,1,32,0,32,0,0,2,,0.0007754342431761787,,0.012093653250773995,2.0,2.0,0.0,1.0,0.6666666666666666,0.0
stochastic_contradictions,p0.75,p0.75,10,threshold_4,Threshold 4,6,31,13,3,3,0,0.75,,1,32,0,32,0,0,2,,0.0007754342431761787,,0.012093653250773995,2.0,2.0,0.0,1.0,0.6666666666666666,0.0
stochastic_contradictions,p0.75,p0.75,10,threshold_4,Threshold 4,7,31,13,3,3,0,0.75,,1,32,0,32,0,0,2,,0.0007754342431761787,,0.012093653250773995,2.0,2.0,0.0,1.0,0.6666666666666666,0.0
stochastic_contradictions,p0.75,p0.75,10,threshold_8,Threshold 8,0,31,13,3,3,0,0.75,,1,42,12,42,0,0,0,,0.0013957816377171215,,0.02176857585139319,0.0,0.0,0.0,1.0,0.0,0.0
stochastic_contradictions,p0.75,p0.75,10,threshold_8,Threshold 8,1,31,13,3,3,0,0.75,,1,36,6,36,0,0,0,,0.0013957816377171215,,0.02176857585139319,0.0,0.0,0.0,1.0,0.0,0.0
stochastic_contradictions,p0.75,p0.75,10,threshold_8,Threshold 8,2,31,13,3,3,0,0.75,,1,30,0,30,0,0,0,,0.0013957816377171215,,0.02176857585139319,0.0,0.0,0.0,1.0,0.0,0.0
stochastic_contradictions,p0.75,p0.75,10,threshold_8,Threshold 8,3,31,13,3,3,0,0.75,,1,35,3,35,0,0,1,,0.0010856079404466502,,0.016931114551083593,1.0,1.0,0.0,1.0,0.3333333333333333,0.0
stochastic_contradictions,p0.75,p0.75,10,threshold_8,Threshold 8,4,31,13,3,3,0,0.75,,1,32,0,32,0,0,1,,0.0010856079404466502,,0.016931114551083593,1.0,1.0,0.0,1.0,0.3333333333333333,0.0
stochastic_contradictions,p0.75,p0.75,10,threshold_8,Threshold 8,5,31,13,3,3,0,0.75,,1,32,0,32,0,0,1,,0.0010856079404466502,,0.016931114551083593,1.0,1.0,0.0,1.0,0.3333333333333333,0.0
stochastic_contradictions,p0.75,p0.75,10,threshold_8,Threshold 8,6,31,13,3,3,0,0.75,,1,32,0,32,0,0,1,,0.0010856079404466502,,0.016931114551083593,1.0,1.0,0.0,1.0,0.3333333333333333,0.0
stochastic_contradictions,p0.75,p0.75,10,threshold_8,Threshold 8,7,31,13,3,3,0,0.75,,1,32,0,32,0,0,1,,0.0010856079404466502,,0.016931114551083593,1.0,1.0,0.0,1.0,0.3333333333333333,0.0
stochastic_contradictions,p0.75,p0.75,10,ccra_exact_guard,CCRA exact,0,31,13,3,3,0,0.75,,1,33,1,33,0,0,1,,0.0010856079404466502,,0.016931114551083593,1.0,1.0,0.0,1.0,0.3333333333333333,0.0
stochastic_contradictions,p0.75,p0.75,10,ccra_exact_guard,CCRA exact,1,31,13,3,3,0,0.75,,1,32,0,32,0,0,1,,0.0010856079404466502,,0.016931114551083593,1.0,1.0,0.0,1.0,0.3333333333333333,0.0
stochastic_contradictions,p0.75,p0.75,10,ccra_exact_guard,CCRA exact,2,31,13,3,3,0,0.75,,1,32,0,32,0,0,1,,0.0010856079404466502,,0.016931114551083593,1.0,1.0,0.0,1.0,0.3333333333333333,0.0
stochastic_contradictions,p0.75,p0.75,10,ccra_exact_guard,CCRA exact,3,31,13,3,3,0,0.75,,1,32,0,32,0,0,1,,0.0010856079404466502,,0.016931114551083593,1.0,1.0,0.0,1.0,0.3333333333333333,0.0
stochastic_contradictions,p0.75,p0.75,10,ccra_exact_guard,CCRA exact,4,31,13,3,3,0,0.75,,1,32,0,32,0,0,1,,0.0010856079404466502,,0.016931114551083593,1.0,1.0,0.0,1.0,0.3333333333333333,0.0
stochastic_contradictions,p0.75,p0.75,10,ccra_exact_guard,CCRA exact,5,31,13,3,3,0,0.75,,1,32,0,32,0,0,1,,0.0010856079404466502,,0.016931114551083593,1.0,1.0,0.0,1.0,0.3333333333333333,0.0
stochastic_contradictions,p0.75,p0.75,10,ccra_exact_guard,CCRA exact,6,31,13,3,3,0,0.75,,1,32,0,32,0,0,1,,0.0010856079404466502,,0.016931114551083593,1.0,1.0,0.0,1.0,0.3333333333333333,0.0
stochastic_contradictions,p0.75,p0.75,10,ccra_exact_guard,CCRA exact,7,31,13,3,3,0,0.75,,1,32,0,32,0,0,1,,0.0010856079404466502,,0.016931114551083593,1.0,1.0,0.0,1.0,0.3333333333333333,0.0
stochastic_contradictions,p0.75,p0.75,10,uncertainty_cost_avoidance,Cost avoidance,0,31,13,3,3,0,0.75,,1,33,1,33,0,0,1,,0.0013957816377171215,,0.02176857585139319,0.0,0.0,0.0,1.0,0.0,0.0
stochastic_contradictions,p0.75,p0.75,10,uncertainty_cost_avoidance,Cost avoidance,1,31,13,3,3,0,0.75,,1,33,1,33,0,0,2,,0.0013957816377171215,,0.02176857585139319,0.0,0.0,0.0,1.0,0.0,0.0
stochastic_contradictions,p0.75,p0.75,10,uncertainty_cost_avoidance,Cost avoidance,2,31,13,3,3,0,0.75,,1,33,1,33,0,0,3,,0.0013957816377171215,,0.02176857585139319,0.0,0.0,0.0,1.0,0.0,0.0
stochastic_contradictions,p0.75,p0.75,10,uncertainty_cost_avoidance,Cost avoidance,3,31,13,3,3,0,0.75,,1,32,0,32,0,0,3,,0.0013957816377171215,,0.02176857585139319,0.0,0.0,0.0,1.0,0.0,0.0
stochastic_contradictions,p0.75,p0.75,10,uncertainty_cost_avoidance,Cost avoidance,4,31,13,3,3,0,0.75,,1,32,0,32,0,0,3,,0.0013957816377171215,,0.02176857585139319,0.0,0.0,0.0,1.0,0.0,0.0
stochastic_contradictions,p0.75,p0.75,10,uncertainty_cost_avoidance,Cost avoidance,5,31,13,3,3,0,0.75,,1,32,0,32,0,0,3,,0.0013957816377171215,,0.02176857585139319,0.0,0.0,0.0,1.0,0.0,0.0
stochastic_contradictions,p0.75,p0.75,10,uncertainty_cost_avoidance,Cost avoidance,6,31,13,3,3,0,0.75,,1,32,0,32,0,0,3,,0.0013957816377171215,,0.02176857585139319,0.0,0.0,0.0,1.0,0.0,0.0
stochastic_contradictions,p0.75,p0.75,10,uncertainty_cost_avoidance,Cost avoidance,7,31,13,3,3,0,0.75,,1,32,0,32,0,0,3,,0.0013957816377171215,,0.02176857585139319,0.0,0.0,0.0,1.0,0.0,0.0
stochastic_contradictions,p0.75,p0.75,10,oracle_fault_model,Oracle,0,31,13,3,3,0,0.75,,1,32,0,32,0,0,0,,0.0004652605459057072,,0.007256191950464396,3.0,3.0,0.0,1.0,1.0,0.0
stochastic_contradictions,p0.75,p0.75,10,oracle_fault_model,Oracle,1,31,13,3,3,0,0.75,,1,32,0,32,0,0,0,,0.0004652605459057072,,0.007256191950464396,3.0,3.0,0.0,1.0,1.0,0.0
stochastic_contradictions,p0.75,p0.75,10,oracle_fault_model,Oracle,2,31,13,3,3,0,0.75,,1,32,0,32,0,0,0,,0.0004652605459057072,,0.007256191950464396,3.0,3.0,0.0,1.0,1.0,0.0
stochastic_contradictions,p0.75,p0.75,10,oracle_fault_model,Oracle,3,31,13,3,3,0,0.75,,1,32,0,32,0,0,0,,0.0004652605459057072,,0.007256191950464396,3.0,3.0,0.0,1.0,1.0,0.0
stochastic_contradictions,p0.75,p0.75,10,oracle_fault_model,Oracle,4,31,13,3,3,0,0.75,,1,32,0,32,0,0,0,,0.0004652605459057072,,0.007256191950464396,3.0,3.0,0.0,1.0,1.0,0.0
stochastic_contradictions,p0.75,p0.75,10,oracle_fault_model,Oracle,5,31,13,3,3,0,0.75,,1,32,0,32,0,0,0,,0.0004652605459057072,,0.007256191950464396,3.0,3.0,0.0,1.0,1.0,0.0
stochastic_contradictions,p0.75,p0.75,10,oracle_fault_model,Oracle,6,31,13,3,3,0,0.75,,1,32,0,32,0,0,0,,0.0004652605459057072,,0.007256191950464396,3.0,3.0,0.0,1.0,1.0,0.0
stochastic_contradictions,p0.75,p0.75,10,oracle_fault_model,Oracle,7,31,13,3,3,0,0.75,,1,32,0,32,0,0,0,,0.0004652605459057072,,0.007256191950464396,3.0,3.0,0.0,1.0,1.0,0.0
stochastic_contradictions,p0.75,p0.75,11,nominal_no_repair,Nominal,0,31,13,3,3,0,0.75,,0,220,213,8,0,1,0,,0.0013957816377171215,,0.02176857585139319,0.0,0.0,0.0,1.0,0.0,0.0
stochastic_contradictions,p0.75,p0.75,11,nominal_no_repair,Nominal,1,31,13,3,3,0,0.75,,0,220,213,8,0,1,0,,0.0013957816377171215,,0.02176857585139319,0.0,0.0,0.0,1.0,0.0,0.0
stochastic_contradictions,p0.75,p0.75,11,nominal_no_repair,Nominal,2,31,13,3,3,0,0.75,,0,220,213,8,0,1,0,,0.0013957816377171215,,0.02176857585139319,0.0,0.0,0.0,1.0,0.0,0.0
stochastic_contradictions,p0.75,p0.75,11,nominal_no_repair,Nominal,3,31,13,3,3,0,0.75,,0,220,213,8,0,1,0,,0.0013957816377171215,,0.02176857585139319,0.0,0.0,0.0,1.0,0.0,0.0
stochastic_contradictions,p0.75,p0.75,11,nominal_no_repair,Nominal,4,31,13,3,3,0,0.75,,0,220,213,8,0,1,0,,0.0013957816377171215,,0.02176857585139319,0.0,0.0,0.0,1.0,0.0,0.0
stochastic_contradictions,p0.75,p0.75,11,nominal_no_repair,Nominal,5,31,13,3,3,0,0.75,,0,220,213,8,0,1,0,,0.0013957816377171215,,0.02176857585139319,0.0,0.0,0.0,1.0,0.0,0.0
stochastic_contradictions,p0.75,p0.75,11,nominal_no_repair,Nominal,6,31,13,3,3,0,0.75,,0,220,213,8,0,1,0,,0.0013957816377171215,,0.02176857585139319,0.0,0.0,0.0,1.0,0.0,0.0
stochastic_contradictions,p0.75,p0.75,11,nominal_no_repair,Nominal,7,31,13,3,3,0,0.75,,1,30,0,30,0,0,0,,0.0013957816377171215,,0.02176857585139319,0.0,0.0,0.0,1.0,0.0,0.0
stochastic_contradictions,p0.75,p0.75,11,threshold_2,Threshold 2,0,31,13,3,3,0,0.75,,1,34,2,34,0,0,1,,0.0010856079404466502,,0.016931114551083593,1.0,1.0,0.0,1.0,0.3333333333333333,0.0
stochastic_contradictions,p0.75,p0.75,11,threshold_2,Threshold 2,1,31,13,3,3,0,0.75,,1,34,2,34,0,0,2,,0.0007754342431761787,,0.012093653250773995,2.0,2.0,0.0,1.0,0.6666666666666666,0.0
stochastic_contradictions,p0.75,p0.75,11,threshold_2,Threshold 2,2,31,13,3,3,0,0.75,,1,32,0,32,0,0,2,,0.0007754342431761787,,0.012093653250773995,2.0,2.0,0.0,1.0,0.6666666666666666,0.0
stochastic_contradictions,p0.75,p0.75,11,threshold_2,Threshold 2,3,31,13,3,3,0,0.75,,1,32,0,32,0,0,2,,0.0007754342431761787,,0.012093653250773995,2.0,2.0,0.0,1.0,0.6666666666666666,0.0
stochastic_contradictions,p0.75,p0.75,11,threshold_2,Threshold 2,4,31,13,3,3,0,0.75,,1,32,0,32,0,0,2,,0.0007754342431761787,,0.012093653250773995,2.0,2.0,0.0,1.0,0.6666666666666666,0.0
stochastic_contradictions,p0.75,p0.75,11,threshold_2,Threshold 2,5,31,13,3,3,0,0.75,,1,32,0,32,0,0,2,,0.0007754342431761787,,0.012093653250773995,2.0,2.0,0.0,1.0,0.6666666666666666,0.0
stochastic_contradictions,p0.75,p0.75,11,threshold_2,Threshold 2,6,31,13,3,3,0,0.75,,1,32,0,32,0,0,2,,0.0007754342431761787,,0.012093653250773995,2.0,2.0,0.0,1.0,0.6666666666666666,0.0
stochastic_contradictions,p0.75,p0.75,11,threshold_2,Threshold 2,7,31,13,3,3,0,0.75,,1,32,0,32,0,0,2,,0.0007754342431761787,,0.012093653250773995,2.0,2.0,0.0,1.0,0.6666666666666666,0.0
stochastic_contradictions,p0.75,p0.75,11,threshold_4,Threshold 4,0,31,13,3,3,0,0.75,,1,32,2,32,0,0,0,,0.0013957816377171215,,0.02176857585139319,0.0,0.0,0.0,1.0,0.0,0.0
stochastic_contradictions,p0.75,p0.75,11,threshold_4,Threshold 4,1,31,13,3,3,0,0.75,,1,36,4,36,0,0,1,,0.0010856079404466502,,0.016931114551083593,1.0,1.0,0.0,1.0,0.3333333333333333,0.0
stochastic_contradictions,p0.75,p0.75,11,threshold_4,Threshold 4,2,31,13,3,3,0,0.75,,1,32,0,32,0,0,1,,0.0010856079404466502,,0.016931114551083593,1.0,1.0,0.0,1.0,0.3333333333333333,0.0
stochastic_contradictions,p0.75,p0.75,11,threshold_4,Threshold 4,3,31,13,3,3,0,0.75,,1,32,0,32,0,0,1,,0.0010856079404466502,,0.016931114551083593,1.0,1.0,0.0,1.0,0.3333333333333333,0.0
stochastic_contradictions,p0.75,p0.75,11,threshold_4,Threshold 4,4,31,13,3,3,0,0.75,,1,32,0,32,0,0,1,,0.0010856079404466502,,0.016931114551083593,1.0,1.0,0.0,1.0,0.3333333333333333,0.0
stochastic_contradictions,p0.75,p0.75,11,threshold_4,Threshold 4,5,31,13,3,3,0,0.75,,1,32,0,32,0,0,1,,0.0010856079404466502,,0.016931114551083593,1.0,1.0,0.0,1.0,0.3333333333333333,0.0
stochastic_contradictions,p0.75,p0.75,11,threshold_4,Threshold 4,6,31,13,3,3,0,0.75,,1,32,0,32,0,0,1,,0.0010856079404466502,,0.016931114551083593,1.0,1.0,0.0,1.0,0.3333333333333333,0.0
stochastic_contradictions,p0.75,p0.75,11,threshold_4,Threshold 4,7,31,13,3,3,0,0.75,,1,32,0,32,0,0,1,,0.0010856079404466502,,0.016931114551083593,1.0,1.0,0.0,1.0,0.3333333333333333,0.0
stochastic_contradictions,p0.75,p0.75,11,threshold_8,Threshold 8,0,31,13,3,3,0,0.75,,1,38,8,38,0,0,0,,0.0013957816377171215,,0.02176857585139319,0.0,0.0,0.0,1.0,0.0,0.0
stochastic_contradictions,p0.75,p0.75,11,threshold_8,Threshold 8,1,31,13,3,3,0,0.75,,1,33,1,33,0,0,1,,0.0010856079404466502,,0.016931114551083593,1.0,1.0,0.0,1.0,0.3333333333333333,0.0
stochastic_contradictions,p0.75,p0.75,11,threshold_8,Threshold 8,2,31,13,3,3,0,0.75,,1,32,0,32,0,0,1,,0.0010856079404466502,,0.016931114551083593,1.0,1.0,0.0,1.0,0.3333333333333333,0.0
stochastic_contradictions,p0.75,p0.75,11,threshold_8,Threshold 8,3,31,13,3,3,0,0.75,,1,32,0,32,0,0,1,,0.0010856079404466502,,0.016931114551083593,1.0,1.0,0.0,1.0,0.3333333333333333,0.0
stochastic_contradictions,p0.75,p0.75,11,threshold_8,Threshold 8,4,31,13,3,3,0,0.75,,1,32,0,32,0,0,1,,0.0010856079404466502,,0.016931114551083593,1.0,1.0,0.0,1.0,0.3333333333333333,0.0
stochastic_contradictions,p0.75,p0.75,11,threshold_8,Threshold 8,5,31,13,3,3,0,0.75,,1,32,0,32,0,0,1,,0.0010856079404466502,,0.016931114551083593,1.0,1.0,0.0,1.0,0.3333333333333333,0.0
stochastic_contradictions,p0.75,p0.75,11,threshold_8,Threshold 8,6,31,13,3,3,0,0.75,,1,32,0,32,0,0,1,,0.0010856079404466502,,0.016931114551083593,1.0,1.0,0.0,1.0,0.3333333333333333,0.0
stochastic_contradictions,p0.75,p0.75,11,threshold_8,Threshold 8,7,31,13,3,3,0,0.75,,1,32,0,32,0,0,1,,0.0010856079404466502,,0.016931114551083593,1.0,1.0,0.0,1.0,0.3333333333333333,0.0
stochastic_contradictions,p0.75,p0.75,11,ccra_exact_guard,CCRA exact,0,31,13,3,3,0,0.75,,1,33,1,33,0,0,1,,0.0010856079404466502,,0.016931114551083593,1.0,1.0,0.0,1.0,0.3333333333333333,0.0
stochastic_contradictions,p0.75,p0.75,11,ccra_exact_guard,CCRA exact,1,31,13,3,3,0,0.75,,1,33,1,33,0,0,2,,0.0007754342431761787,,0.012093653250773995,2.0,2.0,0.0,1.0,0.6666666666666666,0.0
stochastic_contradictions,p0.75,p0.75,11,ccra_exact_guard,CCRA exact,2,31,13,3,3,0,0.75,,1,33,1,33,0,0,3,,0.0004652605459057072,,0.007256191950464396,3.0,3.0,0.0,1.0,1.0,0.0
stochastic_contradictions,p0.75,p0.75,11,ccra_exact_guard,CCRA exact,3,31,13,3,3,0,0.75,,1,32,0,32,0,0,3,,0.0004652605459057072,,0.007256191950464396,3.0,3.0,0.0,1.0,1.0,0.0
stochastic_contradictions,p0.75,p0.75,11,ccra_exact_guard,CCRA exact,4,31,13,3,3,0,0.75,,1,32,0,32,0,0,3,,0.0004652605459057072,,0.007256191950464396,3.0,3.0,0.0,1.0,1.0,0.0
stochastic_contradictions,p0.75,p0.75,11,ccra_exact_guard,CCRA exact,5,31,13,3,3,0,0.75,,1,32,0,32,0,0,3,,0.0004652605459057072,,0.007256191950464396,3.0,3.0,0.0,1.0,1.0,0.0
stochastic_contradictions,p0.75,p0.75,11,ccra_exact_guard,CCRA exact,6,31,13,3,3,0,0.75,,1,32,0,32,0,0,3,,0.0004652605459057072,,0.007256191950464396,3.0,3.0,0.0,1.0,1.0,0.0
stochastic_contradictions,p0.75,p0.75,11,ccra_exact_guard,CCRA exact,7,31,13,3,3,0,0.75,,1,32,0,32,0,0,3,,0.0004652605459057072,,0.007256191950464396,3.0,3.0,0.0,1.0,1.0,0.0
stochastic_contradictions,p0.75,p0.75,11,uncertainty_cost_avoidance,Cost avoidance,0,31,13,3,3,0,0.75,,1,33,1,33,0,0,1,,0.0013957816377171215,,0.02176857585139319,0.0,0.0,0.0,1.0,0.0,0.0
stochastic_contradictions,p0.75,p0.75,11,uncertainty_cost_avoidance,Cost avoidance,1,31,13,3,3,0,0.75,,1,32,0,32,0,0,1,,0.0013957816377171215,,0.02176857585139319,0.0,0.0,0.0,1.0,0.0,0.0
stochastic_contradictions,p0.75,p0.75,11,uncertainty_cost_avoidance,Cost avoidance,2,31,13,3,3,0,0.75,,1,32,0,32,0,0,1,,0.0013957816377171215,,0.02176857585139319,0.0,0.0,0.0,1.0,0.0,0.0
stochastic_contradictions,p0.75,p0.75,11,uncertainty_cost_avoidance,Cost avoidance,3,31,13,3,3,0,0.75,,1,32,0,32,0,0,1,,0.0013957816377171215,,0.02176857585139319,0.0,0.0,0.0,1.0,0.0,0.0
stochastic_contradictions,p0.75,p0.75,11,uncertainty_cost_avoidance,Cost avoidance,4,31,13,3,3,0,0.75,,1,32,0,32,0,0,1,,0.0013957816377171215,,0.02176857585139319,0.0,0.0,0.0,1.0,0.0,0.0
stochastic_contradictions,p0.75,p0.75,11,uncertainty_cost_avoidance,Cost avoidance,5,31,13,3,3,0,0.75,,1,32,0,32,0,0,1,,0.0013957816377171215,,0.02176857585139319,0.0,0.0,0.0,1.0,0.0,0.0
stochastic_contradictions,p0.75,p0.75,11,uncertainty_cost_avoidance,Cost avoidance,6,31,13,3,3,0,0.75,,1,32,0,32,0,0,1,,0.0013957816377171215,,0.02176857585139319,0.0,0.0,0.0,1.0,0.0,0.0
stochastic_contradictions,p0.75,p0.75,11,uncertainty_cost_avoidance,Cost avoidance,7,31,13,3,3,0,0.75,,1,32,0,32,0,0,1,,0.0013957816377171215,,0.02176857585139319,0.0,0.0,0.0,1.0,0.0,0.0
stochastic_contradictions,p0.75,p0.75,11,oracle_fault_model,Oracle,0,31,13,3,3,0,0.75,,1,32,0,32,0,0,0,,0.0004652605459057072,,0.007256191950464396,3.0,3.0,0.0,1.0,1.0,0.0
stochastic_contradictions,p0.75,p0.75,11,oracle_fault_model,Oracle,1,31,13,3,3,0,0.75,,1,32,0,32,0,0,0,,0.0004652605459057072,,0.007256191950464396,3.0,3.0,0.0,1.0,1.0,0.0
stochastic_contradictions,p0.75,p0.75,11,oracle_fault_model,Oracle,2,31,13,3,3,0,0.75,,1,32,0,32,0,0,0,,0.0004652605459057072,,0.007256191950464396,3.0,3.0,0.0,1.0,1.0,0.0
stochastic_contradictions,p0.75,p0.75,11,oracle_fault_model,Oracle,3,31,13,3,3,0,0.75,,1,32,0,32,0,0,0,,0.0004652605459057072,,0.007256191950464396,3.0,3.0,0.0,1.0,1.0,0.0
stochastic_contradictions,p0.75,p0.75,11,oracle_fault_model,Oracle,4,31,13,3,3,0,0.75,,1,32,0,32,0,0,0,,0.0004652605459057072,,0.007256191950464396,3.0,3.0,0.0,1.0,1.0,0.0
stochastic_contradictions,p0.75,p0.75,11,oracle_fault_model,Oracle,5,31,13,3,3,0,0.75,,1,32,0,32,0,0,0,,0.0004652605459057072,,0.007256191950464396,3.0,3.0,0.0,1.0,1.0,0.0
stochastic_contradictions,p0.75,p0.75,11,oracle_fault_model,Oracle,6,31,13,3,3,0,0.75,,1,32,0,32,0,0,0,,0.0004652605459057072,,0.007256191950464396,3.0,3.0,0.0,1.0,1.0,0.0
stochastic_contradictions,p0.75,p0.75,11,oracle_fault_model,Oracle,7,31,13,3,3,0,0.75,,1,32,0,32,0,0,0,,0.0004652605459057072,,0.007256191950464396,3.0,3.0,0.0,1.0,1.0,0.0
stochastic_contradictions,p0.75,p0.75,12,nominal_no_repair,Nominal,0,31,13,3,3,0,0.75,,0,220,214,7,0,1,0,,0.0013957816377171215,,0.02176857585139319,0.0,0.0,0.0,1.0,0.0,0.0
stochastic_contradictions,p0.75,p0.75,12,nominal_no_repair,Nominal,1,31,13,3,3,0,0.75,,0,220,215,6,0,1,0,,0.0013957816377171215,,0.02176857585139319,0.0,0.0,0.0,1.0,0.0,0.0
stochastic_contradictions,p0.75,p0.75,12,nominal_no_repair,Nominal,2,31,13,3,3,0,0.75,,0,220,215,6,0,1,0,,0.0013957816377171215,,0.02176857585139319,0.0,0.0,0.0,1.0,0.0,0.0
stochastic_contradictions,p0.75,p0.75,12,nominal_no_repair,Nominal,3,31,13,3,3,0,0.75,,0,220,214,7,0,1,0,,0.0013957816377171215,,0.02176857585139319,0.0,0.0,0.0,1.0,0.0,0.0
stochastic_contradictions,p0.75,p0.75,12,nominal_no_repair,Nominal,4,31,13,3,3,0,0.75,,0,220,215,6,0,1,0,,0.0013957816377171215,,0.02176857585139319,0.0,0.0,0.0,1.0,0.0,0.0
stochastic_contradictions,p0.75,p0.75,12,nominal_no_repair,Nominal,5,31,13,3,3,0,0.75,,0,220,215,6,0,1,0,,0.0013957816377171215,,0.02176857585139319,0.0,0.0,0.0,1.0,0.0,0.0
stochastic_contradictions,p0.75,p0.75,12,nominal_no_repair,Nominal,6,31,13,3,3,0,0.75,,0,220,214,7,0,1,0,,0.0013957816377171215,,0.02176857585139319,0.0,0.0,0.0,1.0,0.0,0.0
stochastic_contradictions,p0.75,p0.75,12,nominal_no_repair,Nominal,7,31,13,3,3,0,0.75,,0,220,214,7,0,1,0,,0.0013957816377171215,,0.02176857585139319,0.0,0.0,0.0,1.0,0.0,0.0
stochastic_contradictions,p0.75,p0.75,12,threshold_2,Threshold 2,0,31,13,3,3,0,0.75,,1,34,2,34,0,0,1,,0.0010856079404466502,,0.016931114551083593,1.0,1.0,0.0,1.0,0.3333333333333333,0.0
stochastic_contradictions,p0.75,p0.75,12,threshold_2,Threshold 2,1,31,13,3,3,0,0.75,,1,32,0,32,0,0,1,,0.0010856079404466502,,0.016931114551083593,1.0,1.0,0.0,1.0,0.3333333333333333,0.0
stochastic_contradictions,p0.75,p0.75,12,threshold_2,Threshold 2,2,31,13,3,3,0,0.75,,1,32,0,32,0,0,1,,0.0010856079404466502,,0.016931114551083593,1.0,1.0,0.0,1.0,0.3333333333333333,0.0
stochastic_contradictions,p0.75,p0.75,12,threshold_2,Threshold 2,3,31,13,3,3,0,0.75,,1,32,0,32,0,0,1,,0.0010856079404466502,,0.016931114551083593,1.0,1.0,0.0,1.0,0.3333333333333333,0.0
stochastic_contradictions,p0.75,p0.75,12,threshold_2,Threshold 2,4,31,13,3,3,0,0.75,,1,32,0,32,0,0,1,,0.0010856079404466502,,0.016931114551083593,1.0,1.0,0.0,1.0,0.3333333333333333,0.0
stochastic_contradictions,p0.75,p0.75,12,threshold_2,Threshold 2,5,31,13,3,3,0,0.75,,1,32,0,32,0,0,1,,0.0010856079404466502,,0.016931114551083593,1.0,1.0,0.0,1.0,0.3333333333333333,0.0
stochastic_contradictions,p0.75,p0.75,12,threshold_2,Threshold 2,6,31,13,3,3,0,0.75,,1,32,0,32,0,0,1,,0.0010856079404466502,,0.016931114551083593,1.0,1.0,0.0,1.0,0.3333333333333333,0.0
stochastic_contradictions,p0.75,p0.75,12,threshold_2,Threshold 2,7,31,13,3,3,0,0.75,,1,32,0,32,0,0,1,,0.0010856079404466502,,0.016931114551083593,1.0,1.0,0.0,1.0,0.3333333333333333,0.0
stochastic_contradictions,p0.75,p0.75,12,threshold_4,Threshold 4,0,31,13,3,3,0,0.75,,1,36,4,36,0,0,1,,0.0010856079404466502,,0.016931114551083593,1.0,1.0,0.0,1.0,0.3333333333333333,0.0
stochastic_contradictions,p0.75,p0.75,12,threshold_4,Threshold 4,1,31,13,3,3,0,0.75,,1,32,0,32,0,0,1,,0.0010856079404466502,,0.016931114551083593,1.0,1.0,0.0,1.0,0.3333333333333333,0.0
stochastic_contradictions,p0.75,p0.75,12,threshold_4,Threshold 4,2,31,13,3,3,0,0.75,,1,32,0,32,0,0,1,,0.0010856079404466502,,0.016931114551083593,1.0,1.0,0.0,1.0,0.3333333333333333,0.0
stochastic_contradictions,p0.75,p0.75,12,threshold_4,Threshold 4,3,31,13,3,3,0,0.75,,1,32,0,32,0,0,1,,0.0010856079404466502,,0.016931114551083593,1.0,1.0,0.0,1.0,0.3333333333333333,0.0
stochastic_contradictions,p0.75,p0.75,12,threshold_4,Threshold 4,4,31,13,3,3,0,0.75,,1,32,0,32,0,0,1,,0.0010856079404466502,,0.016931114551083593,1.0,1.0,0.0,1.0,0.3333333333333333,0.0
stochastic_contradictions,p0.75,p0.75,12,threshold_4,Threshold 4,5,31,13,3,3,0,0.75,,1,32,0,32,0,0,1,,0.0010856079404466502,,0.016931114551083593,1.0,1.0,0.0,1.0,0.3333333333333333,0.0
stochastic_contradictions,p0.75,p0.75,12,threshold_4,Threshold 4,6,31,13,3,3,0,0.75,,1,32,0,32,0,0,1,,0.0010856079404466502,,0.016931114551083593,1.0,1.0,0.0,1.0,0.3333333333333333,0.0
stochastic_contradictions,p0.75,p0.75,12,threshold_4,Threshold 4,7,31,13,3,3,0,0.75,,1,32,0,32,0,0,1,,0.0010856079404466502,,0.016931114551083593,1.0,1.0,0.0,1.0,0.3333333333333333,0.0
stochastic_contradictions,p0.75,p0.75,12,threshold_8,Threshold 8,0,31,13,3,3,0,0.75,,1,40,8,40,0,0,1,,0.0010856079404466502,,0.016931114551083593,1.0,1.0,0.0,1.0,0.3333333333333333,0.0
stochastic_contradictions,p0.75,p0.75,12,threshold_8,Threshold 8,1,31,13,3,3,0,0.75,,1,32,0,32,0,0,1,,0.0010856079404466502,,0.016931114551083593,1.0,1.0,0.0,1.0,0.3333333333333333,0.0
stochastic_contradictions,p0.75,p0.75,12,threshold_8,Threshold 8,2,31,13,3,3,0,0.75,,1,39,7,39,0,0,1,,0.0010856079404466502,,0.016931114551083593,1.0,1.0,0.0,1.0,0.3333333333333333,0.0
stochastic_contradictions,p0.75,p0.75,12,threshold_8,Threshold 8,3,31,13,3,3,0,0.75,,1,33,1,33,0,0,2,,0.0007754342431761787,,0.012093653250773995,2.0,2.0,0.0,1.0,0.6666666666666666,0.0
stochastic_contradictions,p0.75,p0.75,12,threshold_8,Threshold 8,4,31,13,3,3,0,0.75,,1,32,0,32,0,0,2,,0.0007754342431761787,,0.012093653250773995,2.0,2.0,0.0,1.0,0.6666666666666666,0.0
stochastic_contradictions,p0.75,p0.75,12,threshold_8,Threshold 8,5,31,13,3,3,0,0.75,,1,32,0,32,0,0,2,,0.0007754342431761787,,0.012093653250773995,2.0,2.0,0.0,1.0,0.6666666666666666,0.0
stochastic_contradictions,p0.75,p0.75,12,threshold_8,Threshold 8,6,31,13,3,3,0,0.75,,1,32,0,32,0,0,2,,0.0007754342431761787,,0.012093653250773995,2.0,2.0,0.0,1.0,0.6666666666666666,0.0
stochastic_contradictions,p0.75,p0.75,12,threshold_8,Threshold 8,7,31,13,3,3,0,0.75,,1,32,0,32,0,0,2,,0.0007754342431761787,,0.012093653250773995,2.0,2.0,0.0,1.0,0.6666666666666666,0.0
stochastic_contradictions,p0.75,p0.75,12,ccra_exact_guard,CCRA exact,0,31,13,3,3,0,0.75,,1,33,1,33,0,0,1,,0.0010856079404466502,,0.016931114551083593,1.0,1.0,0.0,1.0,0.3333333333333333,0.0
stochastic_contradictions,p0.75,p0.75,12,ccra_exact_guard,CCRA exact,1,31,13,3,3,0,0.75,,1,32,0,32,0,0,1,,0.0010856079404466502,,0.016931114551083593,1.0,1.0,0.0,1.0,0.3333333333333333,0.0
stochastic_contradictions,p0.75,p0.75,12,ccra_exact_guard,CCRA exact,2,31,13,3,3,0,0.75,,1,32,0,32,0,0,1,,0.0010856079404466502,,0.016931114551083593,1.0,1.0,0.0,1.0,0.3333333333333333,0.0
stochastic_contradictions,p0.75,p0.75,12,ccra_exact_guard,CCRA exact,3,31,13,3,3,0,0.75,,1,32,0,32,0,0,1,,0.0010856079404466502,,0.016931114551083593,1.0,1.0,0.0,1.0,0.3333333333333333,0.0
stochastic_contradictions,p0.75,p0.75,12,ccra_exact_guard,CCRA exact,4,31,13,3,3,0,0.75,,1,32,0,32,0,0,1,,0.0010856079404466502,,0.016931114551083593,1.0,1.0,0.0,1.0,0.3333333333333333,0.0
stochastic_contradictions,p0.75,p0.75,12,ccra_exact_guard,CCRA exact,5,31,13,3,3,0,0.75,,1,32,0,32,0,0,1,,0.0010856079404466502,,0.016931114551083593,1.0,1.0,0.0,1.0,0.3333333333333333,0.0
stochastic_contradictions,p0.75,p0.75,12,ccra_exact_guard,CCRA exact,6,31,13,3,3,0,0.75,,1,32,0,32,0,0,1,,0.0010856079404466502,,0.016931114551083593,1.0,1.0,0.0,1.0,0.3333333333333333,0.0
stochastic_contradictions,p0.75,p0.75,12,ccra_exact_guard,CCRA exact,7,31,13,3,3,0,0.75,,1,32,0,32,0,0,1,,0.0010856079404466502,,0.016931114551083593,1.0,1.0,0.0,1.0,0.3333333333333333,0.0
stochastic_contradictions,p0.75,p0.75,12,uncertainty_cost_avoidance,Cost avoidance,0,31,13,3,3,0,0.75,,1,33,1,33,0,0,1,,0.0013957816377171215,,0.02176857585139319,0.0,0.0,0.0,1.0,0.0,0.0
stochastic_contradictions,p0.75,p0.75,12,uncertainty_cost_avoidance,Cost avoidance,1,31,13,3,3,0,0.75,,1,32,0,32,0,0,1,,0.0013957816377171215,,0.02176857585139319,0.0,0.0,0.0,1.0,0.0,0.0
stochastic_contradictions,p0.75,p0.75,12,uncertainty_cost_avoidance,Cost avoidance,2,31,13,3,3,0,0.75,,1,32,0,32,0,0,1,,0.0013957816377171215,,0.02176857585139319,0.0,0.0,0.0,1.0,0.0,0.0
stochastic_contradictions,p0.75,p0.75,12,uncertainty_cost_avoidance,Cost avoidance,3,31,13,3,3,0,0.75,,1,32,0,32,0,0,1,,0.0013957816377171215,,0.02176857585139319,0.0,0.0,0.0,1.0,0.0,0.0
stochastic_contradictions,p0.75,p0.75,12,uncertainty_cost_avoidance,Cost avoidance,4,31,13,3,3,0,0.75,,1,32,0,32,0,0,1,,0.0013957816377171215,,0.02176857585139319,0.0,0.0,0.0,1.0,0.0,0.0
stochastic_contradictions,p0.75,p0.75,12,uncertainty_cost_avoidance,Cost avoidance,5,31,13,3,3,0,0.75,,1,32,0,32,0,0,1,,0.0013957816377171215,,0.02176857585139319,0.0,0.0,0.0,1.0,0.0,0.0
stochastic_contradictions,p0.75,p0.75,12,uncertainty_cost_avoidance,Cost avoidance,6,31,13,3,3,0,0.75,,1,32,0,32,0,0,1,,0.0013957816377171215,,0.02176857585139319,0.0,0.0,0.0,1.0,0.0,0.0
stochastic_contradictions,p0.75,p0.75,12,uncertainty_cost_avoidance,Cost avoidance,7,31,13,3,3,0,0.75,,1,32,0,32,0,0,1,,0.0013957816377171215,,0.02176857585139319,0.0,0.0,0.0,1.0,0.0,0.0
stochastic_contradictions,p0.75,p0.75,12,oracle_fault_model,Oracle,0,31,13,3,3,0,0.75,,1,32,0,32,0,0,0,,0.0004652605459057072,,0.007256191950464396,3.0,3.0,0.0,1.0,1.0,0.0
stochastic_contradictions,p0.75,p0.75,12,oracle_fault_model,Oracle,1,31,13,3,3,0,0.75,,1,32,0,32,0,0,0,,0.0004652605459057072,,0.007256191950464396,3.0,3.0,0.0,1.0,1.0,0.0
stochastic_contradictions,p0.75,p0.75,12,oracle_fault_model,Oracle,2,31,13,3,3,0,0.75,,1,32,0,32,0,0,0,,0.0004652605459057072,,0.007256191950464396,3.0,3.0,0.0,1.0,1.0,0.0
stochastic_contradictions,p0.75,p0.75,12,oracle_fault_model,Oracle,3,31,13,3,3,0,0.75,,1,32,0,32,0,0,0,,0.0004652605459057072,,0.007256191950464396,3.0,3.0,0.0,1.0,1.0,0.0
stochastic_contradictions,p0.75,p0.75,12,oracle_fault_model,Oracle,4,31,13,3,3,0,0.75,,1,32,0,32,0,0,0,,0.0004652605459057072,,0.007256191950464396,3.0,3.0,0.0,1.0,1.0,0.0
stochastic_contradictions,p0.75,p0.75,12,oracle_fault_model,Oracle,5,31,13,3,3,0,0.75,,1,32,0,32,0,0,0,,0.0004652605459057072,,0.007256191950464396,3.0,3.0,0.0,1.0,1.0,0.0
stochastic_contradictions,p0.75,p0.75,12,oracle_fault_model,Oracle,6,31,13,3,3,0,0.75,,1,32,0,32,0,0,0,,0.0004652605459057072,,0.007256191950464396,3.0,3.0,0.0,1.0,1.0,0.0
stochastic_contradictions,p0.75,p0.75,12,oracle_fault_model,Oracle,7,31,13,3,3,0,0.75,,1,32,0,32,0,0,0,,0.0004652605459057072,,0.007256191950464396,3.0,3.0,0.0,1.0,1.0,0.0
stochastic_contradictions,p0.75,p0.75,13,nominal_no_repair,Nominal,0,31,13,3,3,0,0.75,,0,220,199,22,0,1,0,,0.0013957816377171215,,0.02176857585139319,0.0,0.0,0.0,1.0,0.0,0.0
stochastic_contradictions,p0.75,p0.75,13,nominal_no_repair,Nominal,1,31,13,3,3,0,0.75,,0,220,199,22,0,1,0,,0.0013957816377171215,,0.02176857585139319,0.0,0.0,0.0,1.0,0.0,0.0
stochastic_contradictions,p0.75,p0.75,13,nominal_no_repair,Nominal,2,31,13,3,3,0,0.75,,0,220,197,24,0,1,0,,0.0013957816377171215,,0.02176857585139319,0.0,0.0,0.0,1.0,0.0,0.0
stochastic_contradictions,p0.75,p0.75,13,nominal_no_repair,Nominal,3,31,13,3,3,0,0.75,,0,220,199,22,0,1,0,,0.0013957816377171215,,0.02176857585139319,0.0,0.0,0.0,1.0,0.0,0.0
stochastic_contradictions,p0.75,p0.75,13,nominal_no_repair,Nominal,4,31,13,3,3,0,0.75,,0,220,199,22,0,1,0,,0.0013957816377171215,,0.02176857585139319,0.0,0.0,0.0,1.0,0.0,0.0
stochastic_contradictions,p0.75,p0.75,13,nominal_no_repair,Nominal,5,31,13,3,3,0,0.75,,0,220,199,22,0,1,0,,0.0013957816377171215,,0.02176857585139319,0.0,0.0,0.0,1.0,0.0,0.0
stochastic_contradictions,p0.75,p0.75,13,nominal_no_repair,Nominal,6,31,13,3,3,0,0.75,,0,220,199,22,0,1,0,,0.0013957816377171215,,0.02176857585139319,0.0,0.0,0.0,1.0,0.0,0.0
stochastic_contradictions,p0.75,p0.75,13,nominal_no_repair,Nominal,7,31,13,3,3,0,0.75,,0,220,199,22,0,1,0,,0.0013957816377171215,,0.02176857585139319,0.0,0.0,0.0,1.0,0.0,0.0
stochastic_contradictions,p0.75,p0.75,13,threshold_2,Threshold 2,0,31,13,3,3,0,0.75,,1,34,2,34,0,0,1,,0.0010856079404466502,,0.016931114551083593,1.0,1.0,0.0,1.0,0.3333333333333333,0.0
stochastic_contradictions,p0.75,p0.75,13,threshold_2,Threshold 2,1,31,13,3,3,0,0.75,,1,34,2,34,0,0,2,,0.0007754342431761787,,0.012093653250773995,2.0,2.0,0.0,1.0,0.6666666666666666,0.0
stochastic_contradictions,p0.75,p0.75,13,threshold_2,Threshold 2,2,31,13,3,3,0,0.75,,1,32,0,32,0,0,2,,0.0007754342431761787,,0.012093653250773995,2.0,2.0,0.0,1.0,0.6666666666666666,0.0
stochastic_contradictions,p0.75,p0.75,13,threshold_2,Threshold 2,3,31,13,3,3,0,0.75,,1,32,0,32,0,0,2,,0.0007754342431761787,,0.012093653250773995,2.0,2.0,0.0,1.0,0.6666666666666666,0.0
stochastic_contradictions,p0.75,p0.75,13,threshold_2,Threshold 2,4,31,13,3,3,0,0.75,,1,32,0,32,0,0,2,,0.0007754342431761787,,0.012093653250773995,2.0,2.0,0.0,1.0,0.6666666666666666,0.0
stochastic_contradictions,p0.75,p0.75,13,threshold_2,Threshold 2,5,31,13,3,3,0,0.75,,1,32,0,32,0,0,2,,0.0007754342431761787,,0.012093653250773995,2.0,2.0,0.0,1.0,0.6666666666666666,0.0
stochastic_contradictions,p0.75,p0.75,13,threshold_2,Threshold 2,6,31,13,3,3,0,0.75,,1,32,0,32,0,0,2,,0.0007754342431761787,,0.012093653250773995,2.0,2.0,0.0,1.0,0.6666666666666666,0.0
stochastic_contradictions,p0.75,p0.75,13,threshold_2,Threshold 2,7,31,13,3,3,0,0.75,,1,32,0,32,0,0,2,,0.0007754342431761787,,0.012093653250773995,2.0,2.0,0.0,1.0,0.6666666666666666,0.0
stochastic_contradictions,p0.75,p0.75,13,threshold_4,Threshold 4,0,31,13,3,3,0,0.75,,1,36,4,36,0,0,1,,0.0010856079404466502,,0.016931114551083593,1.0,1.0,0.0,1.0,0.3333333333333333,0.0
stochastic_contradictions,p0.75,p0.75,13,threshold_4,Threshold 4,1,31,13,3,3,0,0.75,,1,32,0,32,0,0,1,,0.0010856079404466502,,0.016931114551083593,1.0,1.0,0.0,1.0,0.3333333333333333,0.0
stochastic_contradictions,p0.75,p0.75,13,threshold_4,Threshold 4,2,31,13,3,3,0,0.75,,1,32,0,32,0,0,1,,0.0010856079404466502,,0.016931114551083593,1.0,1.0,0.0,1.0,0.3333333333333333,0.0
stochastic_contradictions,p0.75,p0.75,13,threshold_4,Threshold 4,3,31,13,3,3,0,0.75,,1,32,0,32,0,0,1,,0.0010856079404466502,,0.016931114551083593,1.0,1.0,0.0,1.0,0.3333333333333333,0.0
stochastic_contradictions,p0.75,p0.75,13,threshold_4,Threshold 4,4,31,13,3,3,0,0.75,,1,32,0,32,0,0,1,,0.0010856079404466502,,0.016931114551083593,1.0,1.0,0.0,1.0,0.3333333333333333,0.0
stochastic_contradictions,p0.75,p0.75,13,threshold_4,Threshold 4,5,31,13,3,3,0,0.75,,1,32,0,32,0,0,1,,0.0010856079404466502,,0.016931114551083593,1.0,1.0,0.0,1.0,0.3333333333333333,0.0
stochastic_contradictions,p0.75,p0.75,13,threshold_4,Threshold 4,6,31,13,3,3,0,0.75,,1,32,0,32,0,0,1,,0.0010856079404466502,,0.016931114551083593,1.0,1.0,0.0,1.0,0.3333333333333333,0.0
stochastic_contradictions,p0.75,p0.75,13,threshold_4,Threshold 4,7,31,13,3,3,0,0.75,,1,32,0,32,0,0,1,,0.0010856079404466502,,0.016931114551083593,1.0,1.0,0.0,1.0,0.3333333333333333,0.0
stochastic_contradictions,p0.75,p0.75,13,threshold_8,Threshold 8,0,31,13,3,3,0,0.75,,1,41,9,41,0,0,1,,0.0010856079404466502,,0.016931114551083593,1.0,1.0,0.0,1.0,0.3333333333333333,0.0
stochastic_contradictions,p0.75,p0.75,13,threshold_8,Threshold 8,1,31,13,3,3,0,0.75,,1,35,3,35,0,0,1,,0.0010856079404466502,,0.016931114551083593,1.0,1.0,0.0,1.0,0.3333333333333333,0.0
stochastic_contradictions,p0.75,p0.75,13,threshold_8,Threshold 8,2,31,13,3,3,0,0.75,,1,33,1,33,0,0,1,,0.0010856079404466502,,0.016931114551083593,1.0,1.0,0.0,1.0,0.3333333333333333,0.0
stochastic_contradictions,p0.75,p0.75,13,threshold_8,Threshold 8,3,31,13,3,3,0,0.75,,1,35,3,35,0,0,2,,0.0007754342431761787,,0.012093653250773995,2.0,2.0,0.0,1.0,0.6666666666666666,0.0
stochastic_contradictions,p0.75,p0.75,13,threshold_8,Threshold 8,4,31,13,3,3,0,0.75,,1,32,0,32,0,0,2,,0.0007754342431761787,,0.012093653250773995,2.0,2.0,0.0,1.0,0.6666666666666666,0.0
stochastic_contradictions,p0.75,p0.75,13,threshold_8,Threshold 8,5,31,13,3,3,0,0.75,,1,32,0,32,0,0,2,,0.0007754342431761787,,0.012093653250773995,2.0,2.0,0.0,1.0,0.6666666666666666,0.0
stochastic_contradictions,p0.75,p0.75,13,threshold_8,Threshold 8,6,31,13,3,3,0,0.75,,1,32,0,32,0,0,2,,0.0007754342431761787,,0.012093653250773995,2.0,2.0,0.0,1.0,0.6666666666666666,0.0
stochastic_contradictions,p0.75,p0.75,13,threshold_8,Threshold 8,7,31,13,3,3,0,0.75,,1,32,0,32,0,0,2,,0.0007754342431761787,,0.012093653250773995,2.0,2.0,0.0,1.0,0.6666666666666666,0.0
stochastic_contradictions,p0.75,p0.75,13,ccra_exact_guard,CCRA exact,0,31,13,3,3,0,0.75,,1,33,1,33,0,0,1,,0.0010856079404466502,,0.016931114551083593,1.0,1.0,0.0,1.0,0.3333333333333333,0.0
stochastic_contradictions,p0.75,p0.75,13,ccra_exact_guard,CCRA exact,1,31,13,3,3,0,0.75,,1,32,0,32,0,0,1,,0.0010856079404466502,,0.016931114551083593,1.0,1.0,0.0,1.0,0.3333333333333333,0.0
stochastic_contradictions,p0.75,p0.75,13,ccra_exact_guard,CCRA exact,2,31,13,3,3,0,0.75,,1,32,0,32,0,0,1,,0.0010856079404466502,,0.016931114551083593,1.0,1.0,0.0,1.0,0.3333333333333333,0.0
stochastic_contradictions,p0.75,p0.75,13,ccra_exact_guard,CCRA exact,3,31,13,3,3,0,0.75,,1,32,0,32,0,0,1,,0.0010856079404466502,,0.016931114551083593,1.0,1.0,0.0,1.0,0.3333333333333333,0.0
stochastic_contradictions,p0.75,p0.75,13,ccra_exact_guard,CCRA exact,4,31,13,3,3,0,0.75,,1,32,0,32,0,0,1,,0.0010856079404466502,,0.016931114551083593,1.0,1.0,0.0,1.0,0.3333333333333333,0.0
stochastic_contradictions,p0.75,p0.75,13,ccra_exact_guard,CCRA exact,5,31,13,3,3,0,0.75,,1,32,0,32,0,0,1,,0.0010856079404466502,,0.016931114551083593,1.0,1.0,0.0,1.0,0.3333333333333333,0.0
stochastic_contradictions,p0.75,p0.75,13,ccra_exact_guard,CCRA exact,6,31,13,3,3,0,0.75,,1,32,0,32,0,0,1,,0.0010856079404466502,,0.016931114551083593,1.0,1.0,0.0,1.0,0.3333333333333333,0.0
stochastic_contradictions,p0.75,p0.75,13,ccra_exact_guard,CCRA exact,7,31,13,3,3,0,0.75,,1,32,0,32,0,0,1,,0.0010856079404466502,,0.016931114551083593,1.0,1.0,0.0,1.0,0.3333333333333333,0.0
stochastic_contradictions,p0.75,p0.75,13,uncertainty_cost_avoidance,Cost avoidance,0,31,13,3,3,0,0.75,,1,33,1,33,0,0,1,,0.0013957816377171215,,0.02176857585139319,0.0,0.0,0.0,1.0,0.0,0.0
stochastic_contradictions,p0.75,p0.75,13,uncertainty_cost_avoidance,Cost avoidance,1,31,13,3,3,0,0.75,,1,32,0,32,0,0,1,,0.0013957816377171215,,0.02176857585139319,0.0,0.0,0.0,1.0,0.0,0.0
stochastic_contradictions,p0.75,p0.75,13,uncertainty_cost_avoidance,Cost avoidance,2,31,13,3,3,0,0.75,,1,33,1,33,0,0,2,,0.0013957816377171215,,0.02176857585139319,0.0,0.0,0.0,1.0,0.0,0.0
stochastic_contradictions,p0.75,p0.75,13,uncertainty_cost_avoidance,Cost avoidance,3,31,13,3,3,0,0.75,,1,32,0,32,0,0,2,,0.0013957816377171215,,0.02176857585139319,0.0,0.0,0.0,1.0,0.0,0.0
stochastic_contradictions,p0.75,p0.75,13,uncertainty_cost_avoidance,Cost avoidance,4,31,13,3,3,0,0.75,,1,32,0,32,0,0,2,,0.0013957816377171215,,0.02176857585139319,0.0,0.0,0.0,1.0,0.0,0.0
stochastic_contradictions,p0.75,p0.75,13,uncertainty_cost_avoidance,Cost avoidance,5,31,13,3,3,0,0.75,,1,32,0,32,0,0,2,,0.0013957816377171215,,0.02176857585139319,0.0,0.0,0.0,1.0,0.0,0.0
stochastic_contradictions,p0.75,p0.75,13,uncertainty_cost_avoidance,Cost avoidance,6,31,13,3,3,0,0.75,,1,32,0,32,0,0,2,,0.0013957816377171215,,0.02176857585139319,0.0,0.0,0.0,1.0,0.0,0.0
stochastic_contradictions,p0.75,p0.75,13,uncertainty_cost_avoidance,Cost avoidance,7,31,13,3,3,0,0.75,,1,32,0,32,0,0,2,,0.0013957816377171215,,0.02176857585139319,0.0,0.0,0.0,1.0,0.0,0.0
stochastic_contradictions,p0.75,p0.75,13,oracle_fault_model,Oracle,0,31,13,3,3,0,0.75,,1,32,0,32,0,0,0,,0.0004652605459057072,,0.007256191950464396,3.0,3.0,0.0,1.0,1.0,0.0
stochastic_contradictions,p0.75,p0.75,13,oracle_fault_model,Oracle,1,31,13,3,3,0,0.75,,1,32,0,32,0,0,0,,0.0004652605459057072,,0.007256191950464396,3.0,3.0,0.0,1.0,1.0,0.0
stochastic_contradictions,p0.75,p0.75,13,oracle_fault_model,Oracle,2,31,13,3,3,0,0.75,,1,32,0,32,0,0,0,,0.0004652605459057072,,0.007256191950464396,3.0,3.0,0.0,1.0,1.0,0.0
stochastic_contradictions,p0.75,p0.75,13,oracle_fault_model,Oracle,3,31,13,3,3,0,0.75,,1,32,0,32,0,0,0,,0.0004652605459057072,,0.007256191950464396,3.0,3.0,0.0,1.0,1.0,0.0
stochastic_contradictions,p0.75,p0.75,13,oracle_fault_model,Oracle,4,31,13,3,3,0,0.75,,1,32,0,32,0,0,0,,0.0004652605459057072,,0.007256191950464396,3.0,3.0,0.0,1.0,1.0,0.0
stochastic_contradictions,p0.75,p0.75,13,oracle_fault_model,Oracle,5,31,13,3,3,0,0.75,,1,32,0,32,0,0,0,,0.0004652605459057072,,0.007256191950464396,3.0,3.0,0.0,1.0,1.0,0.0
stochastic_contradictions,p0.75,p0.75,13,oracle_fault_model,Oracle,6,31,13,3,3,0,0.75,,1,32,0,32,0,0,0,,0.0004652605459057072,,0.007256191950464396,3.0,3.0,0.0,1.0,1.0,0.0
stochastic_contradictions,p0.75,p0.75,13,oracle_fault_model,Oracle,7,31,13,3,3,0,0.75,,1,32,0,32,0,0,0,,0.0004652605459057072,,0.007256191950464396,3.0,3.0,0.0,1.0,1.0,0.0
stochastic_contradictions,p0.75,p0.75,14,nominal_no_repair,Nominal,0,31,13,3,3,0,0.75,,0,220,213,8,0,1,0,,0.0013957816377171215,,0.02176857585139319,0.0,0.0,0.0,1.0,0.0,0.0
stochastic_contradictions,p0.75,p0.75,14,nominal_no_repair,Nominal,1,31,13,3,3,0,0.75,,0,220,213,8,0,1,0,,0.0013957816377171215,,0.02176857585139319,0.0,0.0,0.0,1.0,0.0,0.0
stochastic_contradictions,p0.75,p0.75,14,nominal_no_repair,Nominal,2,31,13,3,3,0,0.75,,0,220,213,8,0,1,0,,0.0013957816377171215,,0.02176857585139319,0.0,0.0,0.0,1.0,0.0,0.0
stochastic_contradictions,p0.75,p0.75,14,nominal_no_repair,Nominal,3,31,13,3,3,0,0.75,,0,220,204,17,0,1,0,,0.0013957816377171215,,0.02176857585139319,0.0,0.0,0.0,1.0,0.0,0.0
stochastic_contradictions,p0.75,p0.75,14,nominal_no_repair,Nominal,4,31,13,3,3,0,0.75,,0,220,213,8,0,1,0,,0.0013957816377171215,,0.02176857585139319,0.0,0.0,0.0,1.0,0.0,0.0
stochastic_contradictions,p0.75,p0.75,14,nominal_no_repair,Nominal,5,31,13,3,3,0,0.75,,0,220,213,8,0,1,0,,0.0013957816377171215,,0.02176857585139319,0.0,0.0,0.0,1.0,0.0,0.0
stochastic_contradictions,p0.75,p0.75,14,nominal_no_repair,Nominal,6,31,13,3,3,0,0.75,,0,220,213,8,0,1,0,,0.0013957816377171215,,0.02176857585139319,0.0,0.0,0.0,1.0,0.0,0.0
stochastic_contradictions,p0.75,p0.75,14,nominal_no_repair,Nominal,7,31,13,3,3,0,0.75,,0,220,213,8,0,1,0,,0.0013957816377171215,,0.02176857585139319,0.0,0.0,0.0,1.0,0.0,0.0
stochastic_contradictions,p0.75,p0.75,14,threshold_2,Threshold 2,0,31,13,3,3,0,0.75,,1,34,2,34,0,0,1,,0.0010856079404466502,,0.016931114551083593,1.0,1.0,0.0,1.0,0.3333333333333333,0.0
stochastic_contradictions,p0.75,p0.75,14,threshold_2,Threshold 2,1,31,13,3,3,0,0.75,,1,33,1,33,0,0,1,,0.0010856079404466502,,0.016931114551083593,1.0,1.0,0.0,1.0,0.3333333333333333,0.0
stochastic_contradictions,p0.75,p0.75,14,threshold_2,Threshold 2,2,31,13,3,3,0,0.75,,1,33,1,33,0,0,2,,0.0007754342431761787,,0.012093653250773995,2.0,2.0,0.0,1.0,0.6666666666666666,0.0
stochastic_contradictions,p0.75,p0.75,14,threshold_2,Threshold 2,3,31,13,3,3,0,0.75,,1,32,0,32,0,0,2,,0.0007754342431761787,,0.012093653250773995,2.0,2.0,0.0,1.0,0.6666666666666666,0.0
stochastic_contradictions,p0.75,p0.75,14,threshold_2,Threshold 2,4,31,13,3,3,0,0.75,,1,32,0,32,0,0,2,,0.0007754342431761787,,0.012093653250773995,2.0,2.0,0.0,1.0,0.6666666666666666,0.0
stochastic_contradictions,p0.75,p0.75,14,threshold_2,Threshold 2,5,31,13,3,3,0,0.75,,1,32,0,32,0,0,2,,0.0007754342431761787,,0.012093653250773995,2.0,2.0,0.0,1.0,0.6666666666666666,0.0
stochastic_contradictions,p0.75,p0.75,14,threshold_2,Threshold 2,6,31,13,3,3,0,0.75,,1,32,0,32,0,0,2,,0.0007754342431761787,,0.012093653250773995,2.0,2.0,0.0,1.0,0.6666666666666666,0.0
stochastic_contradictions,p0.75,p0.75,14,threshold_2,Threshold 2,7,31,13,3,3,0,0.75,,1,32,0,32,0,0,2,,0.0007754342431761787,,0.012093653250773995,2.0,2.0,0.0,1.0,0.6666666666666666,0.0
stochastic_contradictions,p0.75,p0.75,14,threshold_4,Threshold 4,0,31,13,3,3,0,0.75,,1,36,4,36,0,0,1,,0.0010856079404466502,,0.016931114551083593,1.0,1.0,0.0,1.0,0.3333333333333333,0.0
stochastic_contradictions,p0.75,p0.75,14,threshold_4,Threshold 4,1,31,13,3,3,0,0.75,,1,33,1,33,0,0,1,,0.0010856079404466502,,0.016931114551083593,1.0,1.0,0.0,1.0,0.3333333333333333,0.0
stochastic_contradictions,p0.75,p0.75,14,threshold_4,Threshold 4,2,31,13,3,3,0,0.75,,1,34,2,34,0,0,1,,0.0010856079404466502,,0.016931114551083593,1.0,1.0,0.0,1.0,0.3333333333333333,0.0
stochastic_contradictions,p0.75,p0.75,14,threshold_4,Threshold 4,3,31,13,3,3,0,0.75,,1,33,1,33,0,0,2,,0.0007754342431761787,,0.012093653250773995,2.0,2.0,0.0,1.0,0.6666666666666666,0.0
stochastic_contradictions,p0.75,p0.75,14,threshold_4,Threshold 4,4,31,13,3,3,0,0.75,,1,32,0,32,0,0,2,,0.0007754342431761787,,0.012093653250773995,2.0,2.0,0.0,1.0,0.6666666666666666,0.0
stochastic_contradictions,p0.75,p0.75,14,threshold_4,Threshold 4,5,31,13,3,3,0,0.75,,1,32,0,32,0,0,2,,0.0007754342431761787,,0.012093653250773995,2.0,2.0,0.0,1.0,0.6666666666666666,0.0
stochastic_contradictions,p0.75,p0.75,14,threshold_4,Threshold 4,6,31,13,3,3,0,0.75,,1,32,0,32,0,0,2,,0.0007754342431761787,,0.012093653250773995,2.0,2.0,0.0,1.0,0.6666666666666666,0.0
stochastic_contradictions,p0.75,p0.75,14,threshold_4,Threshold 4,7,31,13,3,3,0,0.75,,1,32,0,32,0,0,2,,0.0007754342431761787,,0.012093653250773995,2.0,2.0,0.0,1.0,0.6666666666666666,0.0
stochastic_contradictions,p0.75,p0.75,14,threshold_8,Threshold 8,0,31,13,3,3,0,0.75,,1,40,8,40,0,0,1,,0.0010856079404466502,,0.016931114551083593,1.0,1.0,0.0,1.0,0.3333333333333333,0.0
stochastic_contradictions,p0.75,p0.75,14,threshold_8,Threshold 8,1,31,13,3,3,0,0.75,,1,32,0,32,0,0,1,,0.0010856079404466502,,0.016931114551083593,1.0,1.0,0.0,1.0,0.3333333333333333,0.0
stochastic_contradictions,p0.75,p0.75,14,threshold_8,Threshold 8,2,31,13,3,3,0,0.75,,1,32,0,32,0,0,1,,0.0010856079404466502,,0.016931114551083593,1.0,1.0,0.0,1.0,0.3333333333333333,0.0
stochastic_contradictions,p0.75,p0.75,14,threshold_8,Threshold 8,3,31,13,3,3,0,0.75,,1,32,0,32,0,0,1,,0.0010856079404466502,,0.016931114551083593,1.0,1.0,0.0,1.0,0.3333333333333333,0.0
stochastic_contradictions,p0.75,p0.75,14,threshold_8,Threshold 8,4,31,13,3,3,0,0.75,,1,32,0,32,0,0,1,,0.0010856079404466502,,0.016931114551083593,1.0,1.0,0.0,1.0,0.3333333333333333,0.0
stochastic_contradictions,p0.75,p0.75,14,threshold_8,Threshold 8,5,31,13,3,3,0,0.75,,1,32,0,32,0,0,1,,0.0010856079404466502,,0.016931114551083593,1.0,1.0,0.0,1.0,0.3333333333333333,0.0
stochastic_contradictions,p0.75,p0.75,14,threshold_8,Threshold 8,6,31,13,3,3,0,0.75,,1,32,0,32,0,0,1,,0.0010856079404466502,,0.016931114551083593,1.0,1.0,0.0,1.0,0.3333333333333333,0.0
stochastic_contradictions,p0.75,p0.75,14,threshold_8,Threshold 8,7,31,13,3,3,0,0.75,,1,32,0,32,0,0,1,,0.0010856079404466502,,0.016931114551083593,1.0,1.0,0.0,1.0,0.3333333333333333,0.0
stochastic_contradictions,p0.75,p0.75,14,ccra_exact_guard,CCRA exact,0,31,13,3,3,0,0.75,,1,33,1,33,0,0,1,,0.0010856079404466502,,0.016931114551083593,1.0,1.0,0.0,1.0,0.3333333333333333,0.0
stochastic_contradictions,p0.75,p0.75,14,ccra_exact_guard,CCRA exact,1,31,13,3,3,0,0.75,,1,32,0,32,0,0,1,,0.0010856079404466502,,0.016931114551083593,1.0,1.0,0.0,1.0,0.3333333333333333,0.0
stochastic_contradictions,p0.75,p0.75,14,ccra_exact_guard,CCRA exact,2,31,13,3,3,0,0.75,,1,32,0,32,0,0,1,,0.0010856079404466502,,0.016931114551083593,1.0,1.0,0.0,1.0,0.3333333333333333,0.0
stochastic_contradictions,p0.75,p0.75,14,ccra_exact_guard,CCRA exact,3,31,13,3,3,0,0.75,,1,32,0,32,0,0,1,,0.0010856079404466502,,0.016931114551083593,1.0,1.0,0.0,1.0,0.3333333333333333,0.0
stochastic_contradictions,p0.75,p0.75,14,ccra_exact_guard,CCRA exact,4,31,13,3,3,0,0.75,,1,32,0,32,0,0,1,,0.0010856079404466502,,0.016931114551083593,1.0,1.0,0.0,1.0,0.3333333333333333,0.0
stochastic_contradictions,p0.75,p0.75,14,ccra_exact_guard,CCRA exact,5,31,13,3,3,0,0.75,,1,32,0,32,0,0,1,,0.0010856079404466502,,0.016931114551083593,1.0,1.0,0.0,1.0,0.3333333333333333,0.0
stochastic_contradictions,p0.75,p0.75,14,ccra_exact_guard,CCRA exact,6,31,13,3,3,0,0.75,,1,32,0,32,0,0,1,,0.0010856079404466502,,0.016931114551083593,1.0,1.0,0.0,1.0,0.3333333333333333,0.0
stochastic_contradictions,p0.75,p0.75,14,ccra_exact_guard,CCRA exact,7,31,13,3,3,0,0.75,,1,32,0,32,0,0,1,,0.0010856079404466502,,0.016931114551083593,1.0,1.0,0.0,1.0,0.3333333333333333,0.0
stochastic_contradictions,p0.75,p0.75,14,uncertainty_cost_avoidance,Cost avoidance,0,31,13,3,3,0,0.75,,1,33,1,33,0,0,1,,0.0013957816377171215,,0.02176857585139319,0.0,0.0,0.0,1.0,0.0,0.0
stochastic_contradictions,p0.75,p0.75,14,uncertainty_cost_avoidance,Cost avoidance,1,31,13,3,3,0,0.75,,1,32,0,32,0,0,1,,0.0013957816377171215,,0.02176857585139319,0.0,0.0,0.0,1.0,0.0,0.0
stochastic_contradictions,p0.75,p0.75,14,uncertainty_cost_avoidance,Cost avoidance,2,31,13,3,3,0,0.75,,1,32,0,32,0,0,1,,0.0013957816377171215,,0.02176857585139319,0.0,0.0,0.0,1.0,0.0,0.0
stochastic_contradictions,p0.75,p0.75,14,uncertainty_cost_avoidance,Cost avoidance,3,31,13,3,3,0,0.75,,1,32,0,32,0,0,1,,0.0013957816377171215,,0.02176857585139319,0.0,0.0,0.0,1.0,0.0,0.0
stochastic_contradictions,p0.75,p0.75,14,uncertainty_cost_avoidance,Cost avoidance,4,31,13,3,3,0,0.75,,1,32,0,32,0,0,1,,0.0013957816377171215,,0.02176857585139319,0.0,0.0,0.0,1.0,0.0,0.0
stochastic_contradictions,p0.75,p0.75,14,uncertainty_cost_avoidance,Cost avoidance,5,31,13,3,3,0,0.75,,1,32,0,32,0,0,1,,0.0013957816377171215,,0.02176857585139319,0.0,0.0,0.0,1.0,0.0,0.0
stochastic_contradictions,p0.75,p0.75,14,uncertainty_cost_avoidance,Cost avoidance,6,31,13,3,3,0,0.75,,1,32,0,32,0,0,1,,0.0013957816377171215,,0.02176857585139319,0.0,0.0,0.0,1.0,0.0,0.0
stochastic_contradictions,p0.75,p0.75,14,uncertainty_cost_avoidance,Cost avoidance,7,31,13,3,3,0,0.75,,1,32,0,32,0,0,1,,0.0013957816377171215,,0.02176857585139319,0.0,0.0,0.0,1.0,0.0,0.0
stochastic_contradictions,p0.75,p0.75,14,oracle_fault_model,Oracle,0,31,13,3,3,0,0.75,,1,32,0,32,0,0,0,,0.0004652605459057072,,0.007256191950464396,3.0,3.0,0.0,1.0,1.0,0.0
stochastic_contradictions,p0.75,p0.75,14,oracle_fault_model,Oracle,1,31,13,3,3,0,0.75,,1,32,0,32,0,0,0,,0.0004652605459057072,,0.007256191950464396,3.0,3.0,0.0,1.0,1.0,0.0
stochastic_contradictions,p0.75,p0.75,14,oracle_fault_model,Oracle,2,31,13,3,3,0,0.75,,1,32,0,32,0,0,0,,0.0004652605459057072,,0.007256191950464396,3.0,3.0,0.0,1.0,1.0,0.0
stochastic_contradictions,p0.75,p0.75,14,oracle_fault_model,Oracle,3,31,13,3,3,0,0.75,,1,32,0,32,0,0,0,,0.0004652605459057072,,0.007256191950464396,3.0,3.0,0.0,1.0,1.0,0.0
stochastic_contradictions,p0.75,p0.75,14,oracle_fault_model,Oracle,4,31,13,3,3,0,0.75,,1,32,0,32,0,0,0,,0.0004652605459057072,,0.007256191950464396,3.0,3.0,0.0,1.0,1.0,0.0
stochastic_contradictions,p0.75,p0.75,14,oracle_fault_model,Oracle,5,31,13,3,3,0,0.75,,1,32,0,32,0,0,0,,0.0004652605459057072,,0.007256191950464396,3.0,3.0,0.0,1.0,1.0,0.0
stochastic_contradictions,p0.75,p0.75,14,oracle_fault_model,Oracle,6,31,13,3,3,0,0.75,,1,32,0,32,0,0,0,,0.0004652605459057072,,0.007256191950464396,3.0,3.0,0.0,1.0,1.0,0.0
stochastic_contradictions,p0.75,p0.75,14,oracle_fault_model,Oracle,7,31,13,3,3,0,0.75,,1,32,0,32,0,0,0,,0.0004652605459057072,,0.007256191950464396,3.0,3.0,0.0,1.0,1.0,0.0
stochastic_contradictions,p0.75,p0.75,15,nominal_no_repair,Nominal,0,31,13,3,3,0,0.75,,0,220,215,6,0,1,0,,0.0013957816377171215,,0.02176857585139319,0.0,0.0,0.0,1.0,0.0,0.0
stochastic_contradictions,p0.75,p0.75,15,nominal_no_repair,Nominal,1,31,13,3,3,0,0.75,,0,220,215,6,0,1,0,,0.0013957816377171215,,0.02176857585139319,0.0,0.0,0.0,1.0,0.0,0.0
stochastic_contradictions,p0.75,p0.75,15,nominal_no_repair,Nominal,2,31,13,3,3,0,0.75,,0,220,215,6,0,1,0,,0.0013957816377171215,,0.02176857585139319,0.0,0.0,0.0,1.0,0.0,0.0
stochastic_contradictions,p0.75,p0.75,15,nominal_no_repair,Nominal,3,31,13,3,3,0,0.75,,0,220,215,6,0,1,0,,0.0013957816377171215,,0.02176857585139319,0.0,0.0,0.0,1.0,0.0,0.0
stochastic_contradictions,p0.75,p0.75,15,nominal_no_repair,Nominal,4,31,13,3,3,0,0.75,,0,220,215,6,0,1,0,,0.0013957816377171215,,0.02176857585139319,0.0,0.0,0.0,1.0,0.0,0.0
stochastic_contradictions,p0.75,p0.75,15,nominal_no_repair,Nominal,5,31,13,3,3,0,0.75,,0,220,215,6,0,1,0,,0.0013957816377171215,,0.02176857585139319,0.0,0.0,0.0,1.0,0.0,0.0
stochastic_contradictions,p0.75,p0.75,15,nominal_no_repair,Nominal,6,31,13,3,3,0,0.75,,0,220,215,6,0,1,0,,0.0013957816377171215,,0.02176857585139319,0.0,0.0,0.0,1.0,0.0,0.0
stochastic_contradictions,p0.75,p0.75,15,nominal_no_repair,Nominal,7,31,13,3,3,0,0.75,,0,220,215,6,0,1,0,,0.0013957816377171215,,0.02176857585139319,0.0,0.0,0.0,1.0,0.0,0.0
stochastic_contradictions,p0.75,p0.75,15,threshold_2,Threshold 2,0,31,13,3,3,0,0.75,,1,34,2,34,0,0,1,,0.0010856079404466502,,0.016931114551083593,1.0,1.0,0.0,1.0,0.3333333333333333,0.0
stochastic_contradictions,p0.75,p0.75,15,threshold_2,Threshold 2,1,31,13,3,3,0,0.75,,1,32,0,32,0,0,1,,0.0010856079404466502,,0.016931114551083593,1.0,1.0,0.0,1.0,0.3333333333333333,0.0
stochastic_contradictions,p0.75,p0.75,15,threshold_2,Threshold 2,2,31,13,3,3,0,0.75,,1,32,0,32,0,0,1,,0.0010856079404466502,,0.016931114551083593,1.0,1.0,0.0,1.0,0.3333333333333333,0.0
stochastic_contradictions,p0.75,p0.75,15,threshold_2,Threshold 2,3,31,13,3,3,0,0.75,,1,32,0,32,0,0,1,,0.0010856079404466502,,0.016931114551083593,1.0,1.0,0.0,1.0,0.3333333333333333,0.0
stochastic_contradictions,p0.75,p0.75,15,threshold_2,Threshold 2,4,31,13,3,3,0,0.75,,1,32,0,32,0,0,1,,0.0010856079404466502,,0.016931114551083593,1.0,1.0,0.0,1.0,0.3333333333333333,0.0
stochastic_contradictions,p0.75,p0.75,15,threshold_2,Threshold 2,5,31,13,3,3,0,0.75,,1,32,0,32,0,0,1,,0.0010856079404466502,,0.016931114551083593,1.0,1.0,0.0,1.0,0.3333333333333333,0.0
stochastic_contradictions,p0.75,p0.75,15,threshold_2,Threshold 2,6,31,13,3,3,0,0.75,,1,32,0,32,0,0,1,,0.0010856079404466502,,0.016931114551083593,1.0,1.0,0.0,1.0,0.3333333333333333,0.0
stochastic_contradictions,p0.75,p0.75,15,threshold_2,Threshold 2,7,31,13,3,3,0,0.75,,1,32,0,32,0,0,1,,0.0010856079404466502,,0.016931114551083593,1.0,1.0,0.0,1.0,0.3333333333333333,0.0
stochastic_contradictions,p0.75,p0.75,15,threshold_4,Threshold 4,0,31,13,3,3,0,0.75,,1,36,4,36,0,0,1,,0.0010856079404466502,,0.016931114551083593,1.0,1.0,0.0,1.0,0.3333333333333333,0.0
stochastic_contradictions,p0.75,p0.75,15,threshold_4,Threshold 4,1,31,13,3,3,0,0.75,,1,32,0,32,0,0,1,,0.0010856079404466502,,0.016931114551083593,1.0,1.0,0.0,1.0,0.3333333333333333,0.0
stochastic_contradictions,p0.75,p0.75,15,threshold_4,Threshold 4,2,31,13,3,3,0,0.75,,1,32,0,32,0,0,1,,0.0010856079404466502,,0.016931114551083593,1.0,1.0,0.0,1.0,0.3333333333333333,0.0
stochastic_contradictions,p0.75,p0.75,15,threshold_4,Threshold 4,3,31,13,3,3,0,0.75,,1,32,0,32,0,0,1,,0.0010856079404466502,,0.016931114551083593,1.0,1.0,0.0,1.0,0.3333333333333333,0.0
stochastic_contradictions,p0.75,p0.75,15,threshold_4,Threshold 4,4,31,13,3,3,0,0.75,,1,32,0,32,0,0,1,,0.0010856079404466502,,0.016931114551083593,1.0,1.0,0.0,1.0,0.3333333333333333,0.0
stochastic_contradictions,p0.75,p0.75,15,threshold_4,Threshold 4,5,31,13,3,3,0,0.75,,1,32,0,32,0,0,1,,0.0010856079404466502,,0.016931114551083593,1.0,1.0,0.0,1.0,0.3333333333333333,0.0
stochastic_contradictions,p0.75,p0.75,15,threshold_4,Threshold 4,6,31,13,3,3,0,0.75,,1,32,0,32,0,0,1,,0.0010856079404466502,,0.016931114551083593,1.0,1.0,0.0,1.0,0.3333333333333333,0.0
stochastic_contradictions,p0.75,p0.75,15,threshold_4,Threshold 4,7,31,13,3,3,0,0.75,,1,32,0,32,0,0,1,,0.0010856079404466502,,0.016931114551083593,1.0,1.0,0.0,1.0,0.3333333333333333,0.0
stochastic_contradictions,p0.75,p0.75,15,threshold_8,Threshold 8,0,31,13,3,3,0,0.75,,1,32,2,32,0,0,0,,0.0013957816377171215,,0.02176857585139319,0.0,0.0,0.0,1.0,0.0,0.0
stochastic_contradictions,p0.75,p0.75,15,threshold_8,Threshold 8,1,31,13,3,3,0,0.75,,1,39,9,39,0,0,0,,0.0013957816377171215,,0.02176857585139319,0.0,0.0,0.0,1.0,0.0,0.0
stochastic_contradictions,p0.75,p0.75,15,threshold_8,Threshold 8,2,31,13,3,3,0,0.75,,1,34,4,34,0,0,0,,0.0013957816377171215,,0.02176857585139319,0.0,0.0,0.0,1.0,0.0,0.0
stochastic_contradictions,p0.75,p0.75,15,threshold_8,Threshold 8,3,31,13,3,3,0,0.75,,1,33,1,33,0,0,1,,0.0010856079404466502,,0.016931114551083593,1.0,1.0,0.0,1.0,0.3333333333333333,0.0
stochastic_contradictions,p0.75,p0.75,15,threshold_8,Threshold 8,4,31,13,3,3,0,0.75,,1,32,0,32,0,0,1,,0.0010856079404466502,,0.016931114551083593,1.0,1.0,0.0,1.0,0.3333333333333333,0.0
stochastic_contradictions,p0.75,p0.75,15,threshold_8,Threshold 8,5,31,13,3,3,0,0.75,,1,32,0,32,0,0,1,,0.0010856079404466502,,0.016931114551083593,1.0,1.0,0.0,1.0,0.3333333333333333,0.0
stochastic_contradictions,p0.75,p0.75,15,threshold_8,Threshold 8,6,31,13,3,3,0,0.75,,1,32,0,32,0,0,1,,0.0010856079404466502,,0.016931114551083593,1.0,1.0,0.0,1.0,0.3333333333333333,0.0
stochastic_contradictions,p0.75,p0.75,15,threshold_8,Threshold 8,7,31,13,3,3,0,0.75,,1,32,0,32,0,0,1,,0.0010856079404466502,,0.016931114551083593,1.0,1.0,0.0,1.0,0.3333333333333333,0.0
stochastic_contradictions,p0.75,p0.75,15,ccra_exact_guard,CCRA exact,0,31,13,3,3,0,0.75,,1,33,1,33,0,0,1,,0.0010856079404466502,,0.016931114551083593,1.0,1.0,0.0,1.0,0.3333333333333333,0.0
stochastic_contradictions,p0.75,p0.75,15,ccra_exact_guard,CCRA exact,1,31,13,3,3,0,0.75,,1,32,0,32,0,0,1,,0.0010856079404466502,,0.016931114551083593,1.0,1.0,0.0,1.0,0.3333333333333333,0.0
stochastic_contradictions,p0.75,p0.75,15,ccra_exact_guard,CCRA exact,2,31,13,3,3,0,0.75,,1,32,0,32,0,0,1,,0.0010856079404466502,,0.016931114551083593,1.0,1.0,0.0,1.0,0.3333333333333333,0.0
stochastic_contradictions,p0.75,p0.75,15,ccra_exact_guard,CCRA exact,3,31,13,3,3,0,0.75,,1,32,0,32,0,0,1,,0.0010856079404466502,,0.016931114551083593,1.0,1.0,0.0,1.0,0.3333333333333333,0.0
stochastic_contradictions,p0.75,p0.75,15,ccra_exact_guard,CCRA exact,4,31,13,3,3,0,0.75,,1,32,0,32,0,0,1,,0.0010856079404466502,,0.016931114551083593,1.0,1.0,0.0,1.0,0.3333333333333333,0.0
stochastic_contradictions,p0.75,p0.75,15,ccra_exact_guard,CCRA exact,5,31,13,3,3,0,0.75,,1,32,0,32,0,0,1,,0.0010856079404466502,,0.016931114551083593,1.0,1.0,0.0,1.0,0.3333333333333333,0.0
stochastic_contradictions,p0.75,p0.75,15,ccra_exact_guard,CCRA exact,6,31,13,3,3,0,0.75,,1,32,0,32,0,0,1,,0.0010856079404466502,,0.016931114551083593,1.0,1.0,0.0,1.0,0.3333333333333333,0.0
stochastic_contradictions,p0.75,p0.75,15,ccra_exact_guard,CCRA exact,7,31,13,3,3,0,0.75,,1,32,0,32,0,0,1,,0.0010856079404466502,,0.016931114551083593,1.0,1.0,0.0,1.0,0.3333333333333333,0.0
stochastic_contradictions,p0.75,p0.75,15,uncertainty_cost_avoidance,Cost avoidance,0,31,13,3,3,0,0.75,,1,33,1,33,0,0,1,,0.0013957816377171215,,0.02176857585139319,0.0,0.0,0.0,1.0,0.0,0.0
stochastic_contradictions,p0.75,p0.75,15,uncertainty_cost_avoidance,Cost avoidance,1,31,13,3,3,0,0.75,,1,33,1,33,0,0,2,,0.0013957816377171215,,0.02176857585139319,0.0,0.0,0.0,1.0,0.0,0.0
stochastic_contradictions,p0.75,p0.75,15,uncertainty_cost_avoidance,Cost avoidance,2,31,13,3,3,0,0.75,,1,32,0,32,0,0,2,,0.0013957816377171215,,0.02176857585139319,0.0,0.0,0.0,1.0,0.0,0.0
stochastic_contradictions,p0.75,p0.75,15,uncertainty_cost_avoidance,Cost avoidance,3,31,13,3,3,0,0.75,,1,32,0,32,0,0,2,,0.0013957816377171215,,0.02176857585139319,0.0,0.0,0.0,1.0,0.0,0.0
stochastic_contradictions,p0.75,p0.75,15,uncertainty_cost_avoidance,Cost avoidance,4,31,13,3,3,0,0.75,,1,32,0,32,0,0,2,,0.0013957816377171215,,0.02176857585139319,0.0,0.0,0.0,1.0,0.0,0.0
stochastic_contradictions,p0.75,p0.75,15,uncertainty_cost_avoidance,Cost avoidance,5,31,13,3,3,0,0.75,,1,32,0,32,0,0,2,,0.0013957816377171215,,0.02176857585139319,0.0,0.0,0.0,1.0,0.0,0.0
stochastic_contradictions,p0.75,p0.75,15,uncertainty_cost_avoidance,Cost avoidance,6,31,13,3,3,0,0.75,,1,32,0,32,0,0,2,,0.0013957816377171215,,0.02176857585139319,0.0,0.0,0.0,1.0,0.0,0.0
stochastic_contradictions,p0.75,p0.75,15,uncertainty_cost_avoidance,Cost avoidance,7,31,13,3,3,0,0.75,,1,32,0,32,0,0,2,,0.0013957816377171215,,0.02176857585139319,0.0,0.0,0.0,1.0,0.0,0.0
stochastic_contradictions,p0.75,p0.75,15,oracle_fault_model,Oracle,0,31,13,3,3,0,0.75,,1,32,0,32,0,0,0,,0.0004652605459057072,,0.007256191950464396,3.0,3.0,0.0,1.0,1.0,0.0
stochastic_contradictions,p0.75,p0.75,15,oracle_fault_model,Oracle,1,31,13,3,3,0,0.75,,1,32,0,32,0,0,0,,0.0004652605459057072,,0.007256191950464396,3.0,3.0,0.0,1.0,1.0,0.0
stochastic_contradictions,p0.75,p0.75,15,oracle_fault_model,Oracle,2,31,13,3,3,0,0.75,,1,32,0,32,0,0,0,,0.0004652605459057072,,0.007256191950464396,3.0,3.0,0.0,1.0,1.0,0.0
stochastic_contradictions,p0.75,p0.75,15,oracle_fault_model,Oracle,3,31,13,3,3,0,0.75,,1,32,0,32,0,0,0,,0.0004652605459057072,,0.007256191950464396,3.0,3.0,0.0,1.0,1.0,0.0
stochastic_contradictions,p0.75,p0.75,15,oracle_fault_model,Oracle,4,31,13,3,3,0,0.75,,1,32,0,32,0,0,0,,0.0004652605459057072,,0.007256191950464396,3.0,3.0,0.0,1.0,1.0,0.0
stochastic_contradictions,p0.75,p0.75,15,oracle_fault_model,Oracle,5,31,13,3,3,0,0.75,,1,32,0,32,0,0,0,,0.0004652605459057072,,0.007256191950464396,3.0,3.0,0.0,1.0,1.0,0.0
stochastic_contradictions,p0.75,p0.75,15,oracle_fault_model,Oracle,6,31,13,3,3,0,0.75,,1,32,0,32,0,0,0,,0.0004652605459057072,,0.007256191950464396,3.0,3.0,0.0,1.0,1.0,0.0
stochastic_contradictions,p0.75,p0.75,15,oracle_fault_model,Oracle,7,31,13,3,3,0,0.75,,1,32,0,32,0,0,0,,0.0004652605459057072,,0.007256191950464396,3.0,3.0,0.0,1.0,1.0,0.0
stochastic_contradictions,p0.75,p0.75,16,nominal_no_repair,Nominal,0,31,13,3,3,0,0.75,,0,220,218,3,0,1,0,,0.0013957816377171215,,0.02176857585139319,0.0,0.0,0.0,1.0,0.0,0.0
stochastic_contradictions,p0.75,p0.75,16,nominal_no_repair,Nominal,1,31,13,3,3,0,0.75,,0,220,206,15,0,1,0,,0.0013957816377171215,,0.02176857585139319,0.0,0.0,0.0,1.0,0.0,0.0
stochastic_contradictions,p0.75,p0.75,16,nominal_no_repair,Nominal,2,31,13,3,3,0,0.75,,0,220,218,3,0,1,0,,0.0013957816377171215,,0.02176857585139319,0.0,0.0,0.0,1.0,0.0,0.0
stochastic_contradictions,p0.75,p0.75,16,nominal_no_repair,Nominal,3,31,13,3,3,0,0.75,,0,220,206,15,0,1,0,,0.0013957816377171215,,0.02176857585139319,0.0,0.0,0.0,1.0,0.0,0.0
stochastic_contradictions,p0.75,p0.75,16,nominal_no_repair,Nominal,4,31,13,3,3,0,0.75,,0,220,218,3,0,1,0,,0.0013957816377171215,,0.02176857585139319,0.0,0.0,0.0,1.0,0.0,0.0
stochastic_contradictions,p0.75,p0.75,16,nominal_no_repair,Nominal,5,31,13,3,3,0,0.75,,0,220,218,3,0,1,0,,0.0013957816377171215,,0.02176857585139319,0.0,0.0,0.0,1.0,0.0,0.0
stochastic_contradictions,p0.75,p0.75,16,nominal_no_repair,Nominal,6,31,13,3,3,0,0.75,,0,220,218,3,0,1,0,,0.0013957816377171215,,0.02176857585139319,0.0,0.0,0.0,1.0,0.0,0.0
stochastic_contradictions,p0.75,p0.75,16,nominal_no_repair,Nominal,7,31,13,3,3,0,0.75,,0,220,218,3,0,1,0,,0.0013957816377171215,,0.02176857585139319,0.0,0.0,0.0,1.0,0.0,0.0
stochastic_contradictions,p0.75,p0.75,16,threshold_2,Threshold 2,0,31,13,3,3,0,0.75,,1,34,2,34,0,0,1,,0.0010856079404466502,,0.016931114551083593,1.0,1.0,0.0,1.0,0.3333333333333333,0.0
stochastic_contradictions,p0.75,p0.75,16,threshold_2,Threshold 2,1,31,13,3,3,0,0.75,,1,35,3,35,0,0,2,,0.0007754342431761787,,0.012093653250773995,2.0,2.0,0.0,1.0,0.6666666666666666,0.0
stochastic_contradictions,p0.75,p0.75,16,threshold_2,Threshold 2,2,31,13,3,3,0,0.75,,1,32,0,32,0,0,2,,0.0007754342431761787,,0.012093653250773995,2.0,2.0,0.0,1.0,0.6666666666666666,0.0
stochastic_contradictions,p0.75,p0.75,16,threshold_2,Threshold 2,3,31,13,3,3,0,0.75,,1,33,1,33,0,0,3,,0.0004652605459057072,,0.007256191950464396,3.0,3.0,0.0,1.0,1.0,0.0
stochastic_contradictions,p0.75,p0.75,16,threshold_2,Threshold 2,4,31,13,3,3,0,0.75,,1,32,0,32,0,0,3,,0.0004652605459057072,,0.007256191950464396,3.0,3.0,0.0,1.0,1.0,0.0
stochastic_contradictions,p0.75,p0.75,16,threshold_2,Threshold 2,5,31,13,3,3,0,0.75,,1,32,0,32,0,0,3,,0.0004652605459057072,,0.007256191950464396,3.0,3.0,0.0,1.0,1.0,0.0
stochastic_contradictions,p0.75,p0.75,16,threshold_2,Threshold 2,6,31,13,3,3,0,0.75,,1,32,0,32,0,0,3,,0.0004652605459057072,,0.007256191950464396,3.0,3.0,0.0,1.0,1.0,0.0
stochastic_contradictions,p0.75,p0.75,16,threshold_2,Threshold 2,7,31,13,3,3,0,0.75,,1,32,0,32,0,0,3,,0.0004652605459057072,,0.007256191950464396,3.0,3.0,0.0,1.0,1.0,0.0
stochastic_contradictions,p0.75,p0.75,16,threshold_4,Threshold 4,0,31,13,3,3,0,0.75,,1,36,4,36,0,0,1,,0.0010856079404466502,,0.016931114551083593,1.0,1.0,0.0,1.0,0.3333333333333333,0.0
stochastic_contradictions,p0.75,p0.75,16,threshold_4,Threshold 4,1,31,13,3,3,0,0.75,,1,32,0,32,0,0,1,,0.0010856079404466502,,0.016931114551083593,1.0,1.0,0.0,1.0,0.3333333333333333,0.0
stochastic_contradictions,p0.75,p0.75,16,threshold_4,Threshold 4,2,31,13,3,3,0,0.75,,1,32,0,32,0,0,1,,0.0010856079404466502,,0.016931114551083593,1.0,1.0,0.0,1.0,0.3333333333333333,0.0
stochastic_contradictions,p0.75,p0.75,16,threshold_4,Threshold 4,3,31,13,3,3,0,0.75,,1,32,0,32,0,0,1,,0.0010856079404466502,,0.016931114551083593,1.0,1.0,0.0,1.0,0.3333333333333333,0.0
stochastic_contradictions,p0.75,p0.75,16,threshold_4,Threshold 4,4,31,13,3,3,0,0.75,,1,32,0,32,0,0,1,,0.0010856079404466502,,0.016931114551083593,1.0,1.0,0.0,1.0,0.3333333333333333,0.0
stochastic_contradictions,p0.75,p0.75,16,threshold_4,Threshold 4,5,31,13,3,3,0,0.75,,1,32,0,32,0,0,1,,0.0010856079404466502,,0.016931114551083593,1.0,1.0,0.0,1.0,0.3333333333333333,0.0
stochastic_contradictions,p0.75,p0.75,16,threshold_4,Threshold 4,6,31,13,3,3,0,0.75,,1,32,0,32,0,0,1,,0.0010856079404466502,,0.016931114551083593,1.0,1.0,0.0,1.0,0.3333333333333333,0.0
stochastic_contradictions,p0.75,p0.75,16,threshold_4,Threshold 4,7,31,13,3,3,0,0.75,,1,32,0,32,0,0,1,,0.0010856079404466502,,0.016931114551083593,1.0,1.0,0.0,1.0,0.3333333333333333,0.0
stochastic_contradictions,p0.75,p0.75,16,threshold_8,Threshold 8,0,31,13,3,3,0,0.75,,1,41,9,41,0,0,1,,0.0010856079404466502,,0.016931114551083593,1.0,1.0,0.0,1.0,0.3333333333333333,0.0
stochastic_contradictions,p0.75,p0.75,16,threshold_8,Threshold 8,1,31,13,3,3,0,0.75,,1,35,3,35,0,0,1,,0.0010856079404466502,,0.016931114551083593,1.0,1.0,0.0,1.0,0.3333333333333333,0.0
stochastic_contradictions,p0.75,p0.75,16,threshold_8,Threshold 8,2,31,13,3,3,0,0.75,,1,37,5,37,0,0,2,,0.0007754342431761787,,0.012093653250773995,2.0,2.0,0.0,1.0,0.6666666666666666,0.0
stochastic_contradictions,p0.75,p0.75,16,threshold_8,Threshold 8,3,31,13,3,3,0,0.75,,1,32,0,32,0,0,2,,0.0007754342431761787,,0.012093653250773995,2.0,2.0,0.0,1.0,0.6666666666666666,0.0
stochastic_contradictions,p0.75,p0.75,16,threshold_8,Threshold 8,4,31,13,3,3,0,0.75,,1,32,0,32,0,0,2,,0.0007754342431761787,,0.012093653250773995,2.0,2.0,0.0,1.0,0.6666666666666666,0.0
stochastic_contradictions,p0.75,p0.75,16,threshold_8,Threshold 8,5,31,13,3,3,0,0.75,,1,32,0,32,0,0,2,,0.0007754342431761787,,0.012093653250773995,2.0,2.0,0.0,1.0,0.6666666666666666,0.0
stochastic_contradictions,p0.75,p0.75,16,threshold_8,Threshold 8,6,31,13,3,3,0,0.75,,1,32,0,32,0,0,2,,0.0007754342431761787,,0.012093653250773995,2.0,2.0,0.0,1.0,0.6666666666666666,0.0
stochastic_contradictions,p0.75,p0.75,16,threshold_8,Threshold 8,7,31,13,3,3,0,0.75,,1,32,0,32,0,0,2,,0.0007754342431761787,,0.012093653250773995,2.0,2.0,0.0,1.0,0.6666666666666666,0.0
stochastic_contradictions,p0.75,p0.75,16,ccra_exact_guard,CCRA exact,0,31,13,3,3,0,0.75,,1,33,1,33,0,0,1,,0.0010856079404466502,,0.016931114551083593,1.0,1.0,0.0,1.0,0.3333333333333333,0.0
stochastic_contradictions,p0.75,p0.75,16,ccra_exact_guard,CCRA exact,1,31,13,3,3,0,0.75,,1,32,0,32,0,0,1,,0.0010856079404466502,,0.016931114551083593,1.0,1.0,0.0,1.0,0.3333333333333333,0.0
stochastic_contradictions,p0.75,p0.75,16,ccra_exact_guard,CCRA exact,2,31,13,3,3,0,0.75,,1,32,0,32,0,0,1,,0.0010856079404466502,,0.016931114551083593,1.0,1.0,0.0,1.0,0.3333333333333333,0.0
stochastic_contradictions,p0.75,p0.75,16,ccra_exact_guard,CCRA exact,3,31,13,3,3,0,0.75,,1,32,0,32,0,0,1,,0.0010856079404466502,,0.016931114551083593,1.0,1.0,0.0,1.0,0.3333333333333333,0.0
stochastic_contradictions,p0.75,p0.75,16,ccra_exact_guard,CCRA exact,4,31,13,3,3,0,0.75,,1,32,0,32,0,0,1,,0.0010856079404466502,,0.016931114551083593,1.0,1.0,0.0,1.0,0.3333333333333333,0.0
stochastic_contradictions,p0.75,p0.75,16,ccra_exact_guard,CCRA exact,5,31,13,3,3,0,0.75,,1,32,0,32,0,0,1,,0.0010856079404466502,,0.016931114551083593,1.0,1.0,0.0,1.0,0.3333333333333333,0.0
stochastic_contradictions,p0.75,p0.75,16,ccra_exact_guard,CCRA exact,6,31,13,3,3,0,0.75,,1,32,0,32,0,0,1,,0.0010856079404466502,,0.016931114551083593,1.0,1.0,0.0,1.0,0.3333333333333333,0.0
stochastic_contradictions,p0.75,p0.75,16,ccra_exact_guard,CCRA exact,7,31,13,3,3,0,0.75,,1,32,0,32,0,0,1,,0.0010856079404466502,,0.016931114551083593,1.0,1.0,0.0,1.0,0.3333333333333333,0.0
stochastic_contradictions,p0.75,p0.75,16,uncertainty_cost_avoidance,Cost avoidance,0,31,13,3,3,0,0.75,,1,33,1,33,0,0,1,,0.0013957816377171215,,0.02176857585139319,0.0,0.0,0.0,1.0,0.0,0.0
stochastic_contradictions,p0.75,p0.75,16,uncertainty_cost_avoidance,Cost avoidance,1,31,13,3,3,0,0.75,,1,32,0,32,0,0,1,,0.0013957816377171215,,0.02176857585139319,0.0,0.0,0.0,1.0,0.0,0.0
stochastic_contradictions,p0.75,p0.75,16,uncertainty_cost_avoidance,Cost avoidance,2,31,13,3,3,0,0.75,,1,32,0,32,0,0,1,,0.0013957816377171215,,0.02176857585139319,0.0,0.0,0.0,1.0,0.0,0.0
stochastic_contradictions,p0.75,p0.75,16,uncertainty_cost_avoidance,Cost avoidance,3,31,13,3,3,0,0.75,,1,32,0,32,0,0,1,,0.0013957816377171215,,0.02176857585139319,0.0,0.0,0.0,1.0,0.0,0.0
stochastic_contradictions,p0.75,p0.75,16,uncertainty_cost_avoidance,Cost avoidance,4,31,13,3,3,0,0.75,,1,32,0,32,0,0,1,,0.0013957816377171215,,0.02176857585139319,0.0,0.0,0.0,1.0,0.0,0.0
stochastic_contradictions,p0.75,p0.75,16,uncertainty_cost_avoidance,Cost avoidance,5,31,13,3,3,0,0.75,,1,32,0,32,0,0,1,,0.0013957816377171215,,0.02176857585139319,0.0,0.0,0.0,1.0,0.0,0.0
stochastic_contradictions,p0.75,p0.75,16,uncertainty_cost_avoidance,Cost avoidance,6,31,13,3,3,0,0.75,,1,32,0,32,0,0,1,,0.0013957816377171215,,0.02176857585139319,0.0,0.0,0.0,1.0,0.0,0.0
stochastic_contradictions,p0.75,p0.75,16,uncertainty_cost_avoidance,Cost avoidance,7,31,13,3,3,0,0.75,,1,32,0,32,0,0,1,,0.0013957816377171215,,0.02176857585139319,0.0,0.0,0.0,1.0,0.0,0.0
stochastic_contradictions,p0.75,p0.75,16,oracle_fault_model,Oracle,0,31,13,3,3,0,0.75,,1,32,0,32,0,0,0,,0.0004652605459057072,,0.007256191950464396,3.0,3.0,0.0,1.0,1.0,0.0
stochastic_contradictions,p0.75,p0.75,16,oracle_fault_model,Oracle,1,31,13,3,3,0,0.75,,1,32,0,32,0,0,0,,0.0004652605459057072,,0.007256191950464396,3.0,3.0,0.0,1.0,1.0,0.0
stochastic_contradictions,p0.75,p0.75,16,oracle_fault_model,Oracle,2,31,13,3,3,0,0.75,,1,32,0,32,0,0,0,,0.0004652605459057072,,0.007256191950464396,3.0,3.0,0.0,1.0,1.0,0.0
stochastic_contradictions,p0.75,p0.75,16,oracle_fault_model,Oracle,3,31,13,3,3,0,0.75,,1,32,0,32,0,0,0,,0.0004652605459057072,,0.007256191950464396,3.0,3.0,0.0,1.0,1.0,0.0
stochastic_contradictions,p0.75,p0.75,16,oracle_fault_model,Oracle,4,31,13,3,3,0,0.75,,1,32,0,32,0,0,0,,0.0004652605459057072,,0.007256191950464396,3.0,3.0,0.0,1.0,1.0,0.0
stochastic_contradictions,p0.75,p0.75,16,oracle_fault_model,Oracle,5,31,13,3,3,0,0.75,,1,32,0,32,0,0,0,,0.0004652605459057072,,0.007256191950464396,3.0,3.0,0.0,1.0,1.0,0.0
stochastic_contradictions,p0.75,p0.75,16,oracle_fault_model,Oracle,6,31,13,3,3,0,0.75,,1,32,0,32,0,0,0,,0.0004652605459057072,,0.007256191950464396,3.0,3.0,0.0,1.0,1.0,0.0
stochastic_contradictions,p0.75,p0.75,16,oracle_fault_model,Oracle,7,31,13,3,3,0,0.75,,1,32,0,32,0,0,0,,0.0004652605459057072,,0.007256191950464396,3.0,3.0,0.0,1.0,1.0,0.0
stochastic_contradictions,p0.75,p0.75,17,nominal_no_repair,Nominal,0,31,13,3,3,0,0.75,,0,220,201,20,0,1,0,,0.0013957816377171215,,0.02176857585139319,0.0,0.0,0.0,1.0,0.0,0.0
stochastic_contradictions,p0.75,p0.75,17,nominal_no_repair,Nominal,1,31,13,3,3,0,0.75,,0,220,201,20,0,1,0,,0.0013957816377171215,,0.02176857585139319,0.0,0.0,0.0,1.0,0.0,0.0
stochastic_contradictions,p0.75,p0.75,17,nominal_no_repair,Nominal,2,31,13,3,3,0,0.75,,0,220,209,12,0,1,0,,0.0013957816377171215,,0.02176857585139319,0.0,0.0,0.0,1.0,0.0,0.0
stochastic_contradictions,p0.75,p0.75,17,nominal_no_repair,Nominal,3,31,13,3,3,0,0.75,,0,220,209,12,0,1,0,,0.0013957816377171215,,0.02176857585139319,0.0,0.0,0.0,1.0,0.0,0.0
stochastic_contradictions,p0.75,p0.75,17,nominal_no_repair,Nominal,4,31,13,3,3,0,0.75,,0,220,209,12,0,1,0,,0.0013957816377171215,,0.02176857585139319,0.0,0.0,0.0,1.0,0.0,0.0
stochastic_contradictions,p0.75,p0.75,17,nominal_no_repair,Nominal,5,31,13,3,3,0,0.75,,0,220,209,12,0,1,0,,0.0013957816377171215,,0.02176857585139319,0.0,0.0,0.0,1.0,0.0,0.0
stochastic_contradictions,p0.75,p0.75,17,nominal_no_repair,Nominal,6,31,13,3,3,0,0.75,,0,220,209,12,0,1,0,,0.0013957816377171215,,0.02176857585139319,0.0,0.0,0.0,1.0,0.0,0.0
stochastic_contradictions,p0.75,p0.75,17,nominal_no_repair,Nominal,7,31,13,3,3,0,0.75,,0,220,201,20,0,1,0,,0.0013957816377171215,,0.02176857585139319,0.0,0.0,0.0,1.0,0.0,0.0
stochastic_contradictions,p0.75,p0.75,17,threshold_2,Threshold 2,0,31,13,3,3,0,0.75,,1,34,2,34,0,0,1,,0.0010856079404466502,,0.016931114551083593,1.0,1.0,0.0,1.0,0.3333333333333333,0.0
stochastic_contradictions,p0.75,p0.75,17,threshold_2,Threshold 2,1,31,13,3,3,0,0.75,,1,34,2,34,0,0,1,,0.0010856079404466502,,0.016931114551083593,1.0,1.0,0.0,1.0,0.3333333333333333,0.0
stochastic_contradictions,p0.75,p0.75,17,threshold_2,Threshold 2,2,31,13,3,3,0,0.75,,1,32,0,32,0,0,1,,0.0010856079404466502,,0.016931114551083593,1.0,1.0,0.0,1.0,0.3333333333333333,0.0
stochastic_contradictions,p0.75,p0.75,17,threshold_2,Threshold 2,3,31,13,3,3,0,0.75,,1,33,1,33,0,0,2,,0.0007754342431761787,,0.012093653250773995,2.0,2.0,0.0,1.0,0.6666666666666666,0.0
stochastic_contradictions,p0.75,p0.75,17,threshold_2,Threshold 2,4,31,13,3,3,0,0.75,,1,32,0,32,0,0,2,,0.0007754342431761787,,0.012093653250773995,2.0,2.0,0.0,1.0,0.6666666666666666,0.0
stochastic_contradictions,p0.75,p0.75,17,threshold_2,Threshold 2,5,31,13,3,3,0,0.75,,1,32,0,32,0,0,2,,0.0007754342431761787,,0.012093653250773995,2.0,2.0,0.0,1.0,0.6666666666666666,0.0
stochastic_contradictions,p0.75,p0.75,17,threshold_2,Threshold 2,6,31,13,3,3,0,0.75,,1,32,0,32,0,0,2,,0.0007754342431761787,,0.012093653250773995,2.0,2.0,0.0,1.0,0.6666666666666666,0.0
stochastic_contradictions,p0.75,p0.75,17,threshold_2,Threshold 2,7,31,13,3,3,0,0.75,,1,32,0,32,0,0,2,,0.0007754342431761787,,0.012093653250773995,2.0,2.0,0.0,1.0,0.6666666666666666,0.0
stochastic_contradictions,p0.75,p0.75,17,threshold_4,Threshold 4,0,31,13,3,3,0,0.75,,1,36,4,36,0,0,1,,0.0010856079404466502,,0.016931114551083593,1.0,1.0,0.0,1.0,0.3333333333333333,0.0
stochastic_contradictions,p0.75,p0.75,17,threshold_4,Threshold 4,1,31,13,3,3,0,0.75,,1,32,0,32,0,0,1,,0.0010856079404466502,,0.016931114551083593,1.0,1.0,0.0,1.0,0.3333333333333333,0.0
stochastic_contradictions,p0.75,p0.75,17,threshold_4,Threshold 4,2,31,13,3,3,0,0.75,,1,32,0,32,0,0,1,,0.0010856079404466502,,0.016931114551083593,1.0,1.0,0.0,1.0,0.3333333333333333,0.0
stochastic_contradictions,p0.75,p0.75,17,threshold_4,Threshold 4,3,31,13,3,3,0,0.75,,1,32,0,32,0,0,1,,0.0010856079404466502,,0.016931114551083593,1.0,1.0,0.0,1.0,0.3333333333333333,0.0
stochastic_contradictions,p0.75,p0.75,17,threshold_4,Threshold 4,4,31,13,3,3,0,0.75,,1,32,0,32,0,0,1,,0.0010856079404466502,,0.016931114551083593,1.0,1.0,0.0,1.0,0.3333333333333333,0.0
stochastic_contradictions,p0.75,p0.75,17,threshold_4,Threshold 4,5,31,13,3,3,0,0.75,,1,32,0,32,0,0,1,,0.0010856079404466502,,0.016931114551083593,1.0,1.0,0.0,1.0,0.3333333333333333,0.0
stochastic_contradictions,p0.75,p0.75,17,threshold_4,Threshold 4,6,31,13,3,3,0,0.75,,1,32,0,32,0,0,1,,0.0010856079404466502,,0.016931114551083593,1.0,1.0,0.0,1.0,0.3333333333333333,0.0
stochastic_contradictions,p0.75,p0.75,17,threshold_4,Threshold 4,7,31,13,3,3,0,0.75,,1,32,0,32,0,0,1,,0.0010856079404466502,,0.016931114551083593,1.0,1.0,0.0,1.0,0.3333333333333333,0.0
stochastic_contradictions,p0.75,p0.75,17,threshold_8,Threshold 8,0,31,13,3,3,0,0.75,,1,33,3,33,0,0,0,,0.0013957816377171215,,0.02176857585139319,0.0,0.0,0.0,1.0,0.0,0.0
stochastic_contradictions,p0.75,p0.75,17,threshold_8,Threshold 8,1,31,13,3,3,0,0.75,,1,40,8,40,0,0,1,,0.0010856079404466502,,0.016931114551083593,1.0,1.0,0.0,1.0,0.3333333333333333,0.0
stochastic_contradictions,p0.75,p0.75,17,threshold_8,Threshold 8,2,31,13,3,3,0,0.75,,1,35,3,35,0,0,1,,0.0010856079404466502,,0.016931114551083593,1.0,1.0,0.0,1.0,0.3333333333333333,0.0
stochastic_contradictions,p0.75,p0.75,17,threshold_8,Threshold 8,3,31,13,3,3,0,0.75,,1,32,0,32,0,0,1,,0.0010856079404466502,,0.016931114551083593,1.0,1.0,0.0,1.0,0.3333333333333333,0.0
stochastic_contradictions,p0.75,p0.75,17,threshold_8,Threshold 8,4,31,13,3,3,0,0.75,,1,32,0,32,0,0,1,,0.0010856079404466502,,0.016931114551083593,1.0,1.0,0.0,1.0,0.3333333333333333,0.0
stochastic_contradictions,p0.75,p0.75,17,threshold_8,Threshold 8,5,31,13,3,3,0,0.75,,1,34,2,34,0,0,2,,0.0007754342431761787,,0.012093653250773995,2.0,2.0,0.0,1.0,0.6666666666666666,0.0
stochastic_contradictions,p0.75,p0.75,17,threshold_8,Threshold 8,6,31,13,3,3,0,0.75,,1,32,0,32,0,0,2,,0.0007754342431761787,,0.012093653250773995,2.0,2.0,0.0,1.0,0.6666666666666666,0.0
stochastic_contradictions,p0.75,p0.75,17,threshold_8,Threshold 8,7,31,13,3,3,0,0.75,,1,32,0,32,0,0,2,,0.0007754342431761787,,0.012093653250773995,2.0,2.0,0.0,1.0,0.6666666666666666,0.0
stochastic_contradictions,p0.75,p0.75,17,ccra_exact_guard,CCRA exact,0,31,13,3,3,0,0.75,,1,33,1,33,0,0,1,,0.0010856079404466502,,0.016931114551083593,1.0,1.0,0.0,1.0,0.3333333333333333,0.0
stochastic_contradictions,p0.75,p0.75,17,ccra_exact_guard,CCRA exact,1,31,13,3,3,0,0.75,,1,32,0,32,0,0,1,,0.0010856079404466502,,0.016931114551083593,1.0,1.0,0.0,1.0,0.3333333333333333,0.0
stochastic_contradictions,p0.75,p0.75,17,ccra_exact_guard,CCRA exact,2,31,13,3,3,0,0.75,,1,32,0,32,0,0,1,,0.0010856079404466502,,0.016931114551083593,1.0,1.0,0.0,1.0,0.3333333333333333,0.0
stochastic_contradictions,p0.75,p0.75,17,ccra_exact_guard,CCRA exact,3,31,13,3,3,0,0.75,,1,32,0,32,0,0,1,,0.0010856079404466502,,0.016931114551083593,1.0,1.0,0.0,1.0,0.3333333333333333,0.0
stochastic_contradictions,p0.75,p0.75,17,ccra_exact_guard,CCRA exact,4,31,13,3,3,0,0.75,,1,32,0,32,0,0,1,,0.0010856079404466502,,0.016931114551083593,1.0,1.0,0.0,1.0,0.3333333333333333,0.0
stochastic_contradictions,p0.75,p0.75,17,ccra_exact_guard,CCRA exact,5,31,13,3,3,0,0.75,,1,32,0,32,0,0,1,,0.0010856079404466502,,0.016931114551083593,1.0,1.0,0.0,1.0,0.3333333333333333,0.0
stochastic_contradictions,p0.75,p0.75,17,ccra_exact_guard,CCRA exact,6,31,13,3,3,0,0.75,,1,32,0,32,0,0,1,,0.0010856079404466502,,0.016931114551083593,1.0,1.0,0.0,1.0,0.3333333333333333,0.0
stochastic_contradictions,p0.75,p0.75,17,ccra_exact_guard,CCRA exact,7,31,13,3,3,0,0.75,,1,32,0,32,0,0,1,,0.0010856079404466502,,0.016931114551083593,1.0,1.0,0.0,1.0,0.3333333333333333,0.0
stochastic_contradictions,p0.75,p0.75,17,uncertainty_cost_avoidance,Cost avoidance,0,31,13,3,3,0,0.75,,1,33,1,33,0,0,1,,0.0013957816377171215,,0.02176857585139319,0.0,0.0,0.0,1.0,0.0,0.0
stochastic_contradictions,p0.75,p0.75,17,uncertainty_cost_avoidance,Cost avoidance,1,31,13,3,3,0,0.75,,1,32,0,32,0,0,1,,0.0013957816377171215,,0.02176857585139319,0.0,0.0,0.0,1.0,0.0,0.0
stochastic_contradictions,p0.75,p0.75,17,uncertainty_cost_avoidance,Cost avoidance,2,31,13,3,3,0,0.75,,1,32,0,32,0,0,1,,0.0013957816377171215,,0.02176857585139319,0.0,0.0,0.0,1.0,0.0,0.0
stochastic_contradictions,p0.75,p0.75,17,uncertainty_cost_avoidance,Cost avoidance,3,31,13,3,3,0,0.75,,1,32,0,32,0,0,1,,0.0013957816377171215,,0.02176857585139319,0.0,0.0,0.0,1.0,0.0,0.0
stochastic_contradictions,p0.75,p0.75,17,uncertainty_cost_avoidance,Cost avoidance,4,31,13,3,3,0,0.75,,1,32,0,32,0,0,1,,0.0013957816377171215,,0.02176857585139319,0.0,0.0,0.0,1.0,0.0,0.0
stochastic_contradictions,p0.75,p0.75,17,uncertainty_cost_avoidance,Cost avoidance,5,31,13,3,3,0,0.75,,1,32,0,32,0,0,1,,0.0013957816377171215,,0.02176857585139319,0.0,0.0,0.0,1.0,0.0,0.0
stochastic_contradictions,p0.75,p0.75,17,uncertainty_cost_avoidance,Cost avoidance,6,31,13,3,3,0,0.75,,1,32,0,32,0,0,1,,0.0013957816377171215,,0.02176857585139319,0.0,0.0,0.0,1.0,0.0,0.0
stochastic_contradictions,p0.75,p0.75,17,uncertainty_cost_avoidance,Cost avoidance,7,31,13,3,3,0,0.75,,1,32,0,32,0,0,1,,0.0013957816377171215,,0.02176857585139319,0.0,0.0,0.0,1.0,0.0,0.0
stochastic_contradictions,p0.75,p0.75,17,oracle_fault_model,Oracle,0,31,13,3,3,0,0.75,,1,32,0,32,0,0,0,,0.0004652605459057072,,0.007256191950464396,3.0,3.0,0.0,1.0,1.0,0.0
stochastic_contradictions,p0.75,p0.75,17,oracle_fault_model,Oracle,1,31,13,3,3,0,0.75,,1,32,0,32,0,0,0,,0.0004652605459057072,,0.007256191950464396,3.0,3.0,0.0,1.0,1.0,0.0
stochastic_contradictions,p0.75,p0.75,17,oracle_fault_model,Oracle,2,31,13,3,3,0,0.75,,1,32,0,32,0,0,0,,0.0004652605459057072,,0.007256191950464396,3.0,3.0,0.0,1.0,1.0,0.0
stochastic_contradictions,p0.75,p0.75,17,oracle_fault_model,Oracle,3,31,13,3,3,0,0.75,,1,32,0,32,0,0,0,,0.0004652605459057072,,0.007256191950464396,3.0,3.0,0.0,1.0,1.0,0.0
stochastic_contradictions,p0.75,p0.75,17,oracle_fault_model,Oracle,4,31,13,3,3,0,0.75,,1,32,0,32,0,0,0,,0.0004652605459057072,,0.007256191950464396,3.0,3.0,0.0,1.0,1.0,0.0
stochastic_contradictions,p0.75,p0.75,17,oracle_fault_model,Oracle,5,31,13,3,3,0,0.75,,1,32,0,32,0,0,0,,0.0004652605459057072,,0.007256191950464396,3.0,3.0,0.0,1.0,1.0,0.0
stochastic_contradictions,p0.75,p0.75,17,oracle_fault_model,Oracle,6,31,13,3,3,0,0.75,,1,32,0,32,0,0,0,,0.0004652605459057072,,0.007256191950464396,3.0,3.0,0.0,1.0,1.0,0.0
stochastic_contradictions,p0.75,p0.75,17,oracle_fault_model,Oracle,7,31,13,3,3,0,0.75,,1,32,0,32,0,0,0,,0.0004652605459057072,,0.007256191950464396,3.0,3.0,0.0,1.0,1.0,0.0
stochastic_contradictions,p0.75,p0.75,18,nominal_no_repair,Nominal,0,31,13,3,3,0,0.75,,0,220,205,16,0,1,0,,0.0013957816377171215,,0.02176857585139319,0.0,0.0,0.0,1.0,0.0,0.0
stochastic_contradictions,p0.75,p0.75,18,nominal_no_repair,Nominal,1,31,13,3,3,0,0.75,,0,220,211,10,0,1,0,,0.0013957816377171215,,0.02176857585139319,0.0,0.0,0.0,1.0,0.0,0.0
stochastic_contradictions,p0.75,p0.75,18,nominal_no_repair,Nominal,2,31,13,3,3,0,0.75,,0,220,205,16,0,1,0,,0.0013957816377171215,,0.02176857585139319,0.0,0.0,0.0,1.0,0.0,0.0
stochastic_contradictions,p0.75,p0.75,18,nominal_no_repair,Nominal,3,31,13,3,3,0,0.75,,0,220,205,16,0,1,0,,0.0013957816377171215,,0.02176857585139319,0.0,0.0,0.0,1.0,0.0,0.0
stochastic_contradictions,p0.75,p0.75,18,nominal_no_repair,Nominal,4,31,13,3,3,0,0.75,,0,220,211,10,0,1,0,,0.0013957816377171215,,0.02176857585139319,0.0,0.0,0.0,1.0,0.0,0.0
stochastic_contradictions,p0.75,p0.75,18,nominal_no_repair,Nominal,5,31,13,3,3,0,0.75,,0,220,205,16,0,1,0,,0.0013957816377171215,,0.02176857585139319,0.0,0.0,0.0,1.0,0.0,0.0
stochastic_contradictions,p0.75,p0.75,18,nominal_no_repair,Nominal,6,31,13,3,3,0,0.75,,0,220,205,16,0,1,0,,0.0013957816377171215,,0.02176857585139319,0.0,0.0,0.0,1.0,0.0,0.0
stochastic_contradictions,p0.75,p0.75,18,nominal_no_repair,Nominal,7,31,13,3,3,0,0.75,,0,220,211,10,0,1,0,,0.0013957816377171215,,0.02176857585139319,0.0,0.0,0.0,1.0,0.0,0.0
stochastic_contradictions,p0.75,p0.75,18,threshold_2,Threshold 2,0,31,13,3,3,0,0.75,,1,34,2,34,0,0,1,,0.0010856079404466502,,0.016931114551083593,1.0,1.0,0.0,1.0,0.3333333333333333,0.0
stochastic_contradictions,p0.75,p0.75,18,threshold_2,Threshold 2,1,31,13,3,3,0,0.75,,1,32,0,32,0,0,1,,0.0010856079404466502,,0.016931114551083593,1.0,1.0,0.0,1.0,0.3333333333333333,0.0
stochastic_contradictions,p0.75,p0.75,18,threshold_2,Threshold 2,2,31,13,3,3,0,0.75,,1,32,0,32,0,0,1,,0.0010856079404466502,,0.016931114551083593,1.0,1.0,0.0,1.0,0.3333333333333333,0.0
stochastic_contradictions,p0.75,p0.75,18,threshold_2,Threshold 2,3,31,13,3,3,0,0.75,,1,32,0,32,0,0,1,,0.0010856079404466502,,0.016931114551083593,1.0,1.0,0.0,1.0,0.3333333333333333,0.0
stochastic_contradictions,p0.75,p0.75,18,threshold_2,Threshold 2,4,31,13,3,3,0,0.75,,1,32,0,32,0,0,1,,0.0010856079404466502,,0.016931114551083593,1.0,1.0,0.0,1.0,0.3333333333333333,0.0
stochastic_contradictions,p0.75,p0.75,18,threshold_2,Threshold 2,5,31,13,3,3,0,0.75,,1,32,0,32,0,0,1,,0.0010856079404466502,,0.016931114551083593,1.0,1.0,0.0,1.0,0.3333333333333333,0.0
stochastic_contradictions,p0.75,p0.75,18,threshold_2,Threshold 2,6,31,13,3,3,0,0.75,,1,32,0,32,0,0,1,,0.0010856079404466502,,0.016931114551083593,1.0,1.0,0.0,1.0,0.3333333333333333,0.0
stochastic_contradictions,p0.75,p0.75,18,threshold_2,Threshold 2,7,31,13,3,3,0,0.75,,1,32,0,32,0,0,1,,0.0010856079404466502,,0.016931114551083593,1.0,1.0,0.0,1.0,0.3333333333333333,0.0
stochastic_contradictions,p0.75,p0.75,18,threshold_4,Threshold 4,0,31,13,3,3,0,0.75,,1,37,5,37,0,0,1,,0.0010856079404466502,,0.016931114551083593,1.0,1.0,0.0,1.0,0.3333333333333333,0.0
stochastic_contradictions,p0.75,p0.75,18,threshold_4,Threshold 4,1,31,13,3,3,0,0.75,,1,32,0,32,0,0,1,,0.0010856079404466502,,0.016931114551083593,1.0,1.0,0.0,1.0,0.3333333333333333,0.0
stochastic_contradictions,p0.75,p0.75,18,threshold_4,Threshold 4,2,31,13,3,3,0,0.75,,1,35,3,35,0,0,2,,0.0007754342431761787,,0.012093653250773995,2.0,2.0,0.0,1.0,0.6666666666666666,0.0
stochastic_contradictions,p0.75,p0.75,18,threshold_4,Threshold 4,3,31,13,3,3,0,0.75,,1,32,0,32,0,0,2,,0.0007754342431761787,,0.012093653250773995,2.0,2.0,0.0,1.0,0.6666666666666666,0.0
stochastic_contradictions,p0.75,p0.75,18,threshold_4,Threshold 4,4,31,13,3,3,0,0.75,,1,32,0,32,0,0,2,,0.0007754342431761787,,0.012093653250773995,2.0,2.0,0.0,1.0,0.6666666666666666,0.0
stochastic_contradictions,p0.75,p0.75,18,threshold_4,Threshold 4,5,31,13,3,3,0,0.75,,1,32,0,32,0,0,2,,0.0007754342431761787,,0.012093653250773995,2.0,2.0,0.0,1.0,0.6666666666666666,0.0
stochastic_contradictions,p0.75,p0.75,18,threshold_4,Threshold 4,6,31,13,3,3,0,0.75,,1,32,0,32,0,0,2,,0.0007754342431761787,,0.012093653250773995,2.0,2.0,0.0,1.0,0.6666666666666666,0.0
stochastic_contradictions,p0.75,p0.75,18,threshold_4,Threshold 4,7,31,13,3,3,0,0.75,,1,32,0,32,0,0,2,,0.0007754342431761787,,0.012093653250773995,2.0,2.0,0.0,1.0,0.6666666666666666,0.0
stochastic_contradictions,p0.75,p0.75,18,threshold_8,Threshold 8,0,31,13,3,3,0,0.75,,1,41,11,41,0,0,0,,0.0013957816377171215,,0.02176857585139319,0.0,0.0,0.0,1.0,0.0,0.0
stochastic_contradictions,p0.75,p0.75,18,threshold_8,Threshold 8,1,31,13,3,3,0,0.75,,1,33,3,33,0,0,0,,0.0013957816377171215,,0.02176857585139319,0.0,0.0,0.0,1.0,0.0,0.0
stochastic_contradictions,p0.75,p0.75,18,threshold_8,Threshold 8,2,31,13,3,3,0,0.75,,1,35,5,35,0,0,0,,0.0013957816377171215,,0.02176857585139319,0.0,0.0,0.0,1.0,0.0,0.0
stochastic_contradictions,p0.75,p0.75,18,threshold_8,Threshold 8,3,31,13,3,3,0,0.75,,1,34,2,34,0,0,1,,0.0010856079404466502,,0.016931114551083593,1.0,1.0,0.0,1.0,0.3333333333333333,0.0
stochastic_contradictions,p0.75,p0.75,18,threshold_8,Threshold 8,4,31,13,3,3,0,0.75,,1,32,0,32,0,0,1,,0.0010856079404466502,,0.016931114551083593,1.0,1.0,0.0,1.0,0.3333333333333333,0.0
stochastic_contradictions,p0.75,p0.75,18,threshold_8,Threshold 8,5,31,13,3,3,0,0.75,,1,32,0,32,0,0,1,,0.0010856079404466502,,0.016931114551083593,1.0,1.0,0.0,1.0,0.3333333333333333,0.0
stochastic_contradictions,p0.75,p0.75,18,threshold_8,Threshold 8,6,31,13,3,3,0,0.75,,1,32,0,32,0,0,1,,0.0010856079404466502,,0.016931114551083593,1.0,1.0,0.0,1.0,0.3333333333333333,0.0
stochastic_contradictions,p0.75,p0.75,18,threshold_8,Threshold 8,7,31,13,3,3,0,0.75,,1,32,0,32,0,0,1,,0.0010856079404466502,,0.016931114551083593,1.0,1.0,0.0,1.0,0.3333333333333333,0.0
stochastic_contradictions,p0.75,p0.75,18,ccra_exact_guard,CCRA exact,0,31,13,3,3,0,0.75,,1,30,0,30,0,0,0,,0.0013957816377171215,,0.02176857585139319,0.0,0.0,0.0,1.0,0.0,0.0
stochastic_contradictions,p0.75,p0.75,18,ccra_exact_guard,CCRA exact,1,31,13,3,3,0,0.75,,1,33,1,33,0,0,1,,0.0010856079404466502,,0.016931114551083593,1.0,1.0,0.0,1.0,0.3333333333333333,0.0
stochastic_contradictions,p0.75,p0.75,18,ccra_exact_guard,CCRA exact,2,31,13,3,3,0,0.75,,1,32,0,32,0,0,1,,0.0010856079404466502,,0.016931114551083593,1.0,1.0,0.0,1.0,0.3333333333333333,0.0
stochastic_contradictions,p0.75,p0.75,18,ccra_exact_guard,CCRA exact,3,31,13,3,3,0,0.75,,1,32,0,32,0,0,1,,0.0010856079404466502,,0.016931114551083593,1.0,1.0,0.0,1.0,0.3333333333333333,0.0
stochastic_contradictions,p0.75,p0.75,18,ccra_exact_guard,CCRA exact,4,31,13,3,3,0,0.75,,1,32,0,32,0,0,1,,0.0010856079404466502,,0.016931114551083593,1.0,1.0,0.0,1.0,0.3333333333333333,0.0
stochastic_contradictions,p0.75,p0.75,18,ccra_exact_guard,CCRA exact,5,31,13,3,3,0,0.75,,1,32,0,32,0,0,1,,0.0010856079404466502,,0.016931114551083593,1.0,1.0,0.0,1.0,0.3333333333333333,0.0
stochastic_contradictions,p0.75,p0.75,18,ccra_exact_guard,CCRA exact,6,31,13,3,3,0,0.75,,1,32,0,32,0,0,1,,0.0010856079404466502,,0.016931114551083593,1.0,1.0,0.0,1.0,0.3333333333333333,0.0
stochastic_contradictions,p0.75,p0.75,18,ccra_exact_guard,CCRA exact,7,31,13,3,3,0,0.75,,1,32,0,32,0,0,1,,0.0010856079404466502,,0.016931114551083593,1.0,1.0,0.0,1.0,0.3333333333333333,0.0
stochastic_contradictions,p0.75,p0.75,18,uncertainty_cost_avoidance,Cost avoidance,0,31,13,3,3,0,0.75,,1,33,1,33,0,0,1,,0.0013957816377171215,,0.02176857585139319,0.0,0.0,0.0,1.0,0.0,0.0
stochastic_contradictions,p0.75,p0.75,18,uncertainty_cost_avoidance,Cost avoidance,1,31,13,3,3,0,0.75,,1,32,0,32,0,0,1,,0.0013957816377171215,,0.02176857585139319,0.0,0.0,0.0,1.0,0.0,0.0
stochastic_contradictions,p0.75,p0.75,18,uncertainty_cost_avoidance,Cost avoidance,2,31,13,3,3,0,0.75,,1,33,1,33,0,0,2,,0.0013957816377171215,,0.02176857585139319,0.0,0.0,0.0,1.0,0.0,0.0
stochastic_contradictions,p0.75,p0.75,18,uncertainty_cost_avoidance,Cost avoidance,3,31,13,3,3,0,0.75,,1,32,0,32,0,0,2,,0.0013957816377171215,,0.02176857585139319,0.0,0.0,0.0,1.0,0.0,0.0
stochastic_contradictions,p0.75,p0.75,18,uncertainty_cost_avoidance,Cost avoidance,4,31,13,3,3,0,0.75,,1,32,0,32,0,0,2,,0.0013957816377171215,,0.02176857585139319,0.0,0.0,0.0,1.0,0.0,0.0
stochastic_contradictions,p0.75,p0.75,18,uncertainty_cost_avoidance,Cost avoidance,5,31,13,3,3,0,0.75,,1,32,0,32,0,0,2,,0.0013957816377171215,,0.02176857585139319,0.0,0.0,0.0,1.0,0.0,0.0
stochastic_contradictions,p0.75,p0.75,18,uncertainty_cost_avoidance,Cost avoidance,6,31,13,3,3,0,0.75,,1,32,0,32,0,0,2,,0.0013957816377171215,,0.02176857585139319,0.0,0.0,0.0,1.0,0.0,0.0
stochastic_contradictions,p0.75,p0.75,18,uncertainty_cost_avoidance,Cost avoidance,7,31,13,3,3,0,0.75,,1,32,0,32,0,0,2,,0.0013957816377171215,,0.02176857585139319,0.0,0.0,0.0,1.0,0.0,0.0
stochastic_contradictions,p0.75,p0.75,18,oracle_fault_model,Oracle,0,31,13,3,3,0,0.75,,1,32,0,32,0,0,0,,0.0004652605459057072,,0.007256191950464396,3.0,3.0,0.0,1.0,1.0,0.0
stochastic_contradictions,p0.75,p0.75,18,oracle_fault_model,Oracle,1,31,13,3,3,0,0.75,,1,32,0,32,0,0,0,,0.0004652605459057072,,0.007256191950464396,3.0,3.0,0.0,1.0,1.0,0.0
stochastic_contradictions,p0.75,p0.75,18,oracle_fault_model,Oracle,2,31,13,3,3,0,0.75,,1,32,0,32,0,0,0,,0.0004652605459057072,,0.007256191950464396,3.0,3.0,0.0,1.0,1.0,0.0
stochastic_contradictions,p0.75,p0.75,18,oracle_fault_model,Oracle,3,31,13,3,3,0,0.75,,1,32,0,32,0,0,0,,0.0004652605459057072,,0.007256191950464396,3.0,3.0,0.0,1.0,1.0,0.0
stochastic_contradictions,p0.75,p0.75,18,oracle_fault_model,Oracle,4,31,13,3,3,0,0.75,,1,32,0,32,0,0,0,,0.0004652605459057072,,0.007256191950464396,3.0,3.0,0.0,1.0,1.0,0.0
stochastic_contradictions,p0.75,p0.75,18,oracle_fault_model,Oracle,5,31,13,3,3,0,0.75,,1,32,0,32,0,0,0,,0.0004652605459057072,,0.007256191950464396,3.0,3.0,0.0,1.0,1.0,0.0
stochastic_contradictions,p0.75,p0.75,18,oracle_fault_model,Oracle,6,31,13,3,3,0,0.75,,1,32,0,32,0,0,0,,0.0004652605459057072,,0.007256191950464396,3.0,3.0,0.0,1.0,1.0,0.0
stochastic_contradictions,p0.75,p0.75,18,oracle_fault_model,Oracle,7,31,13,3,3,0,0.75,,1,32,0,32,0,0,0,,0.0004652605459057072,,0.007256191950464396,3.0,3.0,0.0,1.0,1.0,0.0
stochastic_contradictions,p0.75,p0.75,19,nominal_no_repair,Nominal,0,31,13,3,3,0,0.75,,0,220,214,7,0,1,0,,0.0013957816377171215,,0.02176857585139319,0.0,0.0,0.0,1.0,0.0,0.0
stochastic_contradictions,p0.75,p0.75,19,nominal_no_repair,Nominal,1,31,13,3,3,0,0.75,,0,220,214,7,0,1,0,,0.0013957816377171215,,0.02176857585139319,0.0,0.0,0.0,1.0,0.0,0.0
stochastic_contradictions,p0.75,p0.75,19,nominal_no_repair,Nominal,2,31,13,3,3,0,0.75,,0,220,214,7,0,1,0,,0.0013957816377171215,,0.02176857585139319,0.0,0.0,0.0,1.0,0.0,0.0
stochastic_contradictions,p0.75,p0.75,19,nominal_no_repair,Nominal,3,31,13,3,3,0,0.75,,0,220,214,7,0,1,0,,0.0013957816377171215,,0.02176857585139319,0.0,0.0,0.0,1.0,0.0,0.0
stochastic_contradictions,p0.75,p0.75,19,nominal_no_repair,Nominal,4,31,13,3,3,0,0.75,,0,220,214,7,0,1,0,,0.0013957816377171215,,0.02176857585139319,0.0,0.0,0.0,1.0,0.0,0.0
stochastic_contradictions,p0.75,p0.75,19,nominal_no_repair,Nominal,5,31,13,3,3,0,0.75,,0,220,214,7,0,1,0,,0.0013957816377171215,,0.02176857585139319,0.0,0.0,0.0,1.0,0.0,0.0
stochastic_contradictions,p0.75,p0.75,19,nominal_no_repair,Nominal,6,31,13,3,3,0,0.75,,0,220,214,7,0,1,0,,0.0013957816377171215,,0.02176857585139319,0.0,0.0,0.0,1.0,0.0,0.0
stochastic_contradictions,p0.75,p0.75,19,nominal_no_repair,Nominal,7,31,13,3,3,0,0.75,,0,220,214,7,0,1,0,,0.0013957816377171215,,0.02176857585139319,0.0,0.0,0.0,1.0,0.0,0.0
stochastic_contradictions,p0.75,p0.75,19,threshold_2,Threshold 2,0,31,13,3,3,0,0.75,,1,34,2,34,0,0,1,,0.0010856079404466502,,0.016931114551083593,1.0,1.0,0.0,1.0,0.3333333333333333,0.0
stochastic_contradictions,p0.75,p0.75,19,threshold_2,Threshold 2,1,31,13,3,3,0,0.75,,1,33,1,33,0,0,1,,0.0010856079404466502,,0.016931114551083593,1.0,1.0,0.0,1.0,0.3333333333333333,0.0
stochastic_contradictions,p0.75,p0.75,19,threshold_2,Threshold 2,2,31,13,3,3,0,0.75,,1,32,0,32,0,0,1,,0.0010856079404466502,,0.016931114551083593,1.0,1.0,0.0,1.0,0.3333333333333333,0.0
stochastic_contradictions,p0.75,p0.75,19,threshold_2,Threshold 2,3,31,13,3,3,0,0.75,,1,32,0,32,0,0,1,,0.0010856079404466502,,0.016931114551083593,1.0,1.0,0.0,1.0,0.3333333333333333,0.0
stochastic_contradictions,p0.75,p0.75,19,threshold_2,Threshold 2,4,31,13,3,3,0,0.75,,1,33,1,33,0,0,2,,0.0007754342431761787,,0.012093653250773995,2.0,2.0,0.0,1.0,0.6666666666666666,0.0
stochastic_contradictions,p0.75,p0.75,19,threshold_2,Threshold 2,5,31,13,3,3,0,0.75,,1,32,0,32,0,0,2,,0.0007754342431761787,,0.012093653250773995,2.0,2.0,0.0,1.0,0.6666666666666666,0.0
stochastic_contradictions,p0.75,p0.75,19,threshold_2,Threshold 2,6,31,13,3,3,0,0.75,,1,32,0,32,0,0,2,,0.0007754342431761787,,0.012093653250773995,2.0,2.0,0.0,1.0,0.6666666666666666,0.0
stochastic_contradictions,p0.75,p0.75,19,threshold_2,Threshold 2,7,31,13,3,3,0,0.75,,1,32,0,32,0,0,2,,0.0007754342431761787,,0.012093653250773995,2.0,2.0,0.0,1.0,0.6666666666666666,0.0
stochastic_contradictions,p0.75,p0.75,19,threshold_4,Threshold 4,0,31,13,3,3,0,0.75,,1,39,7,39,0,0,1,,0.0010856079404466502,,0.016931114551083593,1.0,1.0,0.0,1.0,0.3333333333333333,0.0
stochastic_contradictions,p0.75,p0.75,19,threshold_4,Threshold 4,1,31,13,3,3,0,0.75,,1,34,2,34,0,0,2,,0.0007754342431761787,,0.012093653250773995,2.0,2.0,0.0,1.0,0.6666666666666666,0.0
stochastic_contradictions,p0.75,p0.75,19,threshold_4,Threshold 4,2,31,13,3,3,0,0.75,,1,33,1,33,0,0,2,,0.0007754342431761787,,0.012093653250773995,2.0,2.0,0.0,1.0,0.6666666666666666,0.0
stochastic_contradictions,p0.75,p0.75,19,threshold_4,Threshold 4,3,31,13,3,3,0,0.75,,1,34,2,34,0,0,3,,0.0004652605459057072,,0.007256191950464396,3.0,3.0,0.0,1.0,1.0,0.0
stochastic_contradictions,p0.75,p0.75,19,threshold_4,Threshold 4,4,31,13,3,3,0,0.75,,1,32,0,32,0,0,3,,0.0004652605459057072,,0.007256191950464396,3.0,3.0,0.0,1.0,1.0,0.0
stochastic_contradictions,p0.75,p0.75,19,threshold_4,Threshold 4,5,31,13,3,3,0,0.75,,1,32,0,32,0,0,3,,0.0004652605459057072,,0.007256191950464396,3.0,3.0,0.0,1.0,1.0,0.0
stochastic_contradictions,p0.75,p0.75,19,threshold_4,Threshold 4,6,31,13,3,3,0,0.75,,1,32,0,32,0,0,3,,0.0004652605459057072,,0.007256191950464396,3.0,3.0,0.0,1.0,1.0,0.0
stochastic_contradictions,p0.75,p0.75,19,threshold_4,Threshold 4,7,31,13,3,3,0,0.75,,1,32,0,32,0,0,3,,0.0004652605459057072,,0.007256191950464396,3.0,3.0,0.0,1.0,1.0,0.0
stochastic_contradictions,p0.75,p0.75,19,threshold_8,Threshold 8,0,31,13,3,3,0,0.75,,1,35,5,35,0,0,0,,0.0013957816377171215,,0.02176857585139319,0.0,0.0,0.0,1.0,0.0,0.0
stochastic_contradictions,p0.75,p0.75,19,threshold_8,Threshold 8,1,31,13,3,3,0,0.75,,1,39,7,39,0,0,1,,0.0010856079404466502,,0.016931114551083593,1.0,1.0,0.0,1.0,0.3333333333333333,0.0
stochastic_contradictions,p0.75,p0.75,19,threshold_8,Threshold 8,2,31,13,3,3,0,0.75,,1,32,0,32,0,0,1,,0.0010856079404466502,,0.016931114551083593,1.0,1.0,0.0,1.0,0.3333333333333333,0.0
stochastic_contradictions,p0.75,p0.75,19,threshold_8,Threshold 8,3,31,13,3,3,0,0.75,,1,39,7,39,0,0,1,,0.0010856079404466502,,0.016931114551083593,1.0,1.0,0.0,1.0,0.3333333333333333,0.0
stochastic_contradictions,p0.75,p0.75,19,threshold_8,Threshold 8,4,31,13,3,3,0,0.75,,1,34,2,34,0,0,1,,0.0010856079404466502,,0.016931114551083593,1.0,1.0,0.0,1.0,0.3333333333333333,0.0
stochastic_contradictions,p0.75,p0.75,19,threshold_8,Threshold 8,5,31,13,3,3,0,0.75,,1,34,2,34,0,0,2,,0.0007754342431761787,,0.012093653250773995,2.0,2.0,0.0,1.0,0.6666666666666666,0.0
stochastic_contradictions,p0.75,p0.75,19,threshold_8,Threshold 8,6,31,13,3,3,0,0.75,,1,32,0,32,0,0,2,,0.0007754342431761787,,0.012093653250773995,2.0,2.0,0.0,1.0,0.6666666666666666,0.0
stochastic_contradictions,p0.75,p0.75,19,threshold_8,Threshold 8,7,31,13,3,3,0,0.75,,1,32,0,32,0,0,2,,0.0007754342431761787,,0.012093653250773995,2.0,2.0,0.0,1.0,0.6666666666666666,0.0
stochastic_contradictions,p0.75,p0.75,19,ccra_exact_guard,CCRA exact,0,31,13,3,3,0,0.75,,1,33,1,33,0,0,1,,0.0010856079404466502,,0.016931114551083593,1.0,1.0,0.0,1.0,0.3333333333333333,0.0
stochastic_contradictions,p0.75,p0.75,19,ccra_exact_guard,CCRA exact,1,31,13,3,3,0,0.75,,1,32,0,32,0,0,1,,0.0010856079404466502,,0.016931114551083593,1.0,1.0,0.0,1.0,0.3333333333333333,0.0
stochastic_contradictions,p0.75,p0.75,19,ccra_exact_guard,CCRA exact,2,31,13,3,3,0,0.75,,1,32,0,32,0,0,1,,0.0010856079404466502,,0.016931114551083593,1.0,1.0,0.0,1.0,0.3333333333333333,0.0
stochastic_contradictions,p0.75,p0.75,19,ccra_exact_guard,CCRA exact,3,31,13,3,3,0,0.75,,1,32,0,32,0,0,1,,0.0010856079404466502,,0.016931114551083593,1.0,1.0,0.0,1.0,0.3333333333333333,0.0
stochastic_contradictions,p0.75,p0.75,19,ccra_exact_guard,CCRA exact,4,31,13,3,3,0,0.75,,1,32,0,32,0,0,1,,0.0010856079404466502,,0.016931114551083593,1.0,1.0,0.0,1.0,0.3333333333333333,0.0
stochastic_contradictions,p0.75,p0.75,19,ccra_exact_guard,CCRA exact,5,31,13,3,3,0,0.75,,1,32,0,32,0,0,1,,0.0010856079404466502,,0.016931114551083593,1.0,1.0,0.0,1.0,0.3333333333333333,0.0
stochastic_contradictions,p0.75,p0.75,19,ccra_exact_guard,CCRA exact,6,31,13,3,3,0,0.75,,1,32,0,32,0,0,1,,0.0010856079404466502,,0.016931114551083593,1.0,1.0,0.0,1.0,0.3333333333333333,0.0
stochastic_contradictions,p0.75,p0.75,19,ccra_exact_guard,CCRA exact,7,31,13,3,3,0,0.75,,1,32,0,32,0,0,1,,0.0010856079404466502,,0.016931114551083593,1.0,1.0,0.0,1.0,0.3333333333333333,0.0
stochastic_contradictions,p0.75,p0.75,19,uncertainty_cost_avoidance,Cost avoidance,0,31,13,3,3,0,0.75,,1,33,1,33,0,0,1,,0.0013957816377171215,,0.02176857585139319,0.0,0.0,0.0,1.0,0.0,0.0
stochastic_contradictions,p0.75,p0.75,19,uncertainty_cost_avoidance,Cost avoidance,1,31,13,3,3,0,0.75,,1,32,0,32,0,0,1,,0.0013957816377171215,,0.02176857585139319,0.0,0.0,0.0,1.0,0.0,0.0
stochastic_contradictions,p0.75,p0.75,19,uncertainty_cost_avoidance,Cost avoidance,2,31,13,3,3,0,0.75,,1,32,0,32,0,0,1,,0.0013957816377171215,,0.02176857585139319,0.0,0.0,0.0,1.0,0.0,0.0
stochastic_contradictions,p0.75,p0.75,19,uncertainty_cost_avoidance,Cost avoidance,3,31,13,3,3,0,0.75,,1,32,0,32,0,0,1,,0.0013957816377171215,,0.02176857585139319,0.0,0.0,0.0,1.0,0.0,0.0
stochastic_contradictions,p0.75,p0.75,19,uncertainty_cost_avoidance,Cost avoidance,4,31,13,3,3,0,0.75,,1,32,0,32,0,0,1,,0.0013957816377171215,,0.02176857585139319,0.0,0.0,0.0,1.0,0.0,0.0
stochastic_contradictions,p0.75,p0.75,19,uncertainty_cost_avoidance,Cost avoidance,5,31,13,3,3,0,0.75,,1,32,0,32,0,0,1,,0.0013957816377171215,,0.02176857585139319,0.0,0.0,0.0,1.0,0.0,0.0
stochastic_contradictions,p0.75,p0.75,19,uncertainty_cost_avoidance,Cost avoidance,6,31,13,3,3,0,0.75,,1,32,0,32,0,0,1,,0.0013957816377171215,,0.02176857585139319,0.0,0.0,0.0,1.0,0.0,0.0
stochastic_contradictions,p0.75,p0.75,19,uncertainty_cost_avoidance,Cost avoidance,7,31,13,3,3,0,0.75,,1,32,0,32,0,0,1,,0.0013957816377171215,,0.02176857585139319,0.0,0.0,0.0,1.0,0.0,0.0
stochastic_contradictions,p0.75,p0.75,19,oracle_fault_model,Oracle,0,31,13,3,3,0,0.75,,1,32,0,32,0,0,0,,0.0004652605459057072,,0.007256191950464396,3.0,3.0,0.0,1.0,1.0,0.0
stochastic_contradictions,p0.75,p0.75,19,oracle_fault_model,Oracle,1,31,13,3,3,0,0.75,,1,32,0,32,0,0,0,,0.0004652605459057072,,0.007256191950464396,3.0,3.0,0.0,1.0,1.0,0.0
stochastic_contradictions,p0.75,p0.75,19,oracle_fault_model,Oracle,2,31,13,3,3,0,0.75,,1,32,0,32,0,0,0,,0.0004652605459057072,,0.007256191950464396,3.0,3.0,0.0,1.0,1.0,0.0
stochastic_contradictions,p0.75,p0.75,19,oracle_fault_model,Oracle,3,31,13,3,3,0,0.75,,1,32,0,32,0,0,0,,0.0004652605459057072,,0.007256191950464396,3.0,3.0,0.0,1.0,1.0,0.0
stochastic_contradictions,p0.75,p0.75,19,oracle_fault_model,Oracle,4,31,13,3,3,0,0.75,,1,32,0,32,0,0,0,,0.0004652605459057072,,0.007256191950464396,3.0,3.0,0.0,1.0,1.0,0.0
stochastic_contradictions,p0.75,p0.75,19,oracle_fault_model,Oracle,5,31,13,3,3,0,0.75,,1,32,0,32,0,0,0,,0.0004652605459057072,,0.007256191950464396,3.0,3.0,0.0,1.0,1.0,0.0
stochastic_contradictions,p0.75,p0.75,19,oracle_fault_model,Oracle,6,31,13,3,3,0,0.75,,1,32,0,32,0,0,0,,0.0004652605459057072,,0.007256191950464396,3.0,3.0,0.0,1.0,1.0,0.0
stochastic_contradictions,p0.75,p0.75,19,oracle_fault_model,Oracle,7,31,13,3,3,0,0.75,,1,32,0,32,0,0,0,,0.0004652605459057072,,0.007256191950464396,3.0,3.0,0.0,1.0,1.0,0.0
stochastic_contradictions,p1.00,p1.00,0,nominal_no_repair,Nominal,0,31,13,3,3,0,1.0,,0,220,218,3,0,1,0,,0.0018610421836228288,,0.029024767801857584,0.0,0.0,0.0,1.0,0.0,0.0
stochastic_contradictions,p1.00,p1.00,0,nominal_no_repair,Nominal,1,31,13,3,3,0,1.0,,0,220,218,3,0,1,0,,0.0018610421836228288,,0.029024767801857584,0.0,0.0,0.0,1.0,0.0,0.0
stochastic_contradictions,p1.00,p1.00,0,nominal_no_repair,Nominal,2,31,13,3,3,0,1.0,,0,220,218,3,0,1,0,,0.0018610421836228288,,0.029024767801857584,0.0,0.0,0.0,1.0,0.0,0.0
stochastic_contradictions,p1.00,p1.00,0,nominal_no_repair,Nominal,3,31,13,3,3,0,1.0,,0,220,218,3,0,1,0,,0.0018610421836228288,,0.029024767801857584,0.0,0.0,0.0,1.0,0.0,0.0
stochastic_contradictions,p1.00,p1.00,0,nominal_no_repair,Nominal,4,31,13,3,3,0,1.0,,0,220,218,3,0,1,0,,0.0018610421836228288,,0.029024767801857584,0.0,0.0,0.0,1.0,0.0,0.0
stochastic_contradictions,p1.00,p1.00,0,nominal_no_repair,Nominal,5,31,13,3,3,0,1.0,,0,220,218,3,0,1,0,,0.0018610421836228288,,0.029024767801857584,0.0,0.0,0.0,1.0,0.0,0.0
stochastic_contradictions,p1.00,p1.00,0,nominal_no_repair,Nominal,6,31,13,3,3,0,1.0,,0,220,218,3,0,1,0,,0.0018610421836228288,,0.029024767801857584,0.0,0.0,0.0,1.0,0.0,0.0
stochastic_contradictions,p1.00,p1.00,0,nominal_no_repair,Nominal,7,31,13,3,3,0,1.0,,0,220,218,3,0,1,0,,0.0018610421836228288,,0.029024767801857584,0.0,0.0,0.0,1.0,0.0,0.0
stochastic_contradictions,p1.00,p1.00,0,threshold_2,Threshold 2,0,31,13,3,3,0,1.0,,1,34,2,34,0,0,1,,0.0012406947890818859,,0.01934984520123839,1.0,1.0,0.0,1.0,0.3333333333333333,0.0
stochastic_contradictions,p1.00,p1.00,0,threshold_2,Threshold 2,1,31,13,3,3,0,1.0,,1,32,0,32,0,0,1,,0.0012406947890818859,,0.01934984520123839,1.0,1.0,0.0,1.0,0.3333333333333333,0.0
stochastic_contradictions,p1.00,p1.00,0,threshold_2,Threshold 2,2,31,13,3,3,0,1.0,,1,32,0,32,0,0,1,,0.0012406947890818859,,0.01934984520123839,1.0,1.0,0.0,1.0,0.3333333333333333,0.0
stochastic_contradictions,p1.00,p1.00,0,threshold_2,Threshold 2,3,31,13,3,3,0,1.0,,1,32,0,32,0,0,1,,0.0012406947890818859,,0.01934984520123839,1.0,1.0,0.0,1.0,0.3333333333333333,0.0
stochastic_contradictions,p1.00,p1.00,0,threshold_2,Threshold 2,4,31,13,3,3,0,1.0,,1,32,0,32,0,0,1,,0.0012406947890818859,,0.01934984520123839,1.0,1.0,0.0,1.0,0.3333333333333333,0.0
stochastic_contradictions,p1.00,p1.00,0,threshold_2,Threshold 2,5,31,13,3,3,0,1.0,,1,32,0,32,0,0,1,,0.0012406947890818859,,0.01934984520123839,1.0,1.0,0.0,1.0,0.3333333333333333,0.0
stochastic_contradictions,p1.00,p1.00,0,threshold_2,Threshold 2,6,31,13,3,3,0,1.0,,1,32,0,32,0,0,1,,0.0012406947890818859,,0.01934984520123839,1.0,1.0,0.0,1.0,0.3333333333333333,0.0
stochastic_contradictions,p1.00,p1.00,0,threshold_2,Threshold 2,7,31,13,3,3,0,1.0,,1,32,0,32,0,0,1,,0.0012406947890818859,,0.01934984520123839,1.0,1.0,0.0,1.0,0.3333333333333333,0.0
stochastic_contradictions,p1.00,p1.00,0,threshold_4,Threshold 4,0,31,13,3,3,0,1.0,,1,36,4,36,0,0,1,,0.0012406947890818859,,0.01934984520123839,1.0,1.0,0.0,1.0,0.3333333333333333,0.0
stochastic_contradictions,p1.00,p1.00,0,threshold_4,Threshold 4,1,31,13,3,3,0,1.0,,1,32,0,32,0,0,1,,0.0012406947890818859,,0.01934984520123839,1.0,1.0,0.0,1.0,0.3333333333333333,0.0
stochastic_contradictions,p1.00,p1.00,0,threshold_4,Threshold 4,2,31,13,3,3,0,1.0,,1,32,0,32,0,0,1,,0.0012406947890818859,,0.01934984520123839,1.0,1.0,0.0,1.0,0.3333333333333333,0.0
stochastic_contradictions,p1.00,p1.00,0,threshold_4,Threshold 4,3,31,13,3,3,0,1.0,,1,32,0,32,0,0,1,,0.0012406947890818859,,0.01934984520123839,1.0,1.0,0.0,1.0,0.3333333333333333,0.0
stochastic_contradictions,p1.00,p1.00,0,threshold_4,Threshold 4,4,31,13,3,3,0,1.0,,1,32,0,32,0,0,1,,0.0012406947890818859,,0.01934984520123839,1.0,1.0,0.0,1.0,0.3333333333333333,0.0
stochastic_contradictions,p1.00,p1.00,0,threshold_4,Threshold 4,5,31,13,3,3,0,1.0,,1,32,0,32,0,0,1,,0.0012406947890818859,,0.01934984520123839,1.0,1.0,0.0,1.0,0.3333333333333333,0.0
stochastic_contradictions,p1.00,p1.00,0,threshold_4,Threshold 4,6,31,13,3,3,0,1.0,,1,32,0,32,0,0,1,,0.0012406947890818859,,0.01934984520123839,1.0,1.0,0.0,1.0,0.3333333333333333,0.0
stochastic_contradictions,p1.00,p1.00,0,threshold_4,Threshold 4,7,31,13,3,3,0,1.0,,1,32,0,32,0,0,1,,0.0012406947890818859,,0.01934984520123839,1.0,1.0,0.0,1.0,0.3333333333333333,0.0
stochastic_contradictions,p1.00,p1.00,0,threshold_8,Threshold 8,0,31,13,3,3,0,1.0,,1,40,8,40,0,0,1,,0.0012406947890818859,,0.01934984520123839,1.0,1.0,0.0,1.0,0.3333333333333333,0.0
stochastic_contradictions,p1.00,p1.00,0,threshold_8,Threshold 8,1,31,13,3,3,0,1.0,,1,32,0,32,0,0,1,,0.0012406947890818859,,0.01934984520123839,1.0,1.0,0.0,1.0,0.3333333333333333,0.0
stochastic_contradictions,p1.00,p1.00,0,threshold_8,Threshold 8,2,31,13,3,3,0,1.0,,1,32,0,32,0,0,1,,0.0012406947890818859,,0.01934984520123839,1.0,1.0,0.0,1.0,0.3333333333333333,0.0
stochastic_contradictions,p1.00,p1.00,0,threshold_8,Threshold 8,3,31,13,3,3,0,1.0,,1,32,0,32,0,0,1,,0.0012406947890818859,,0.01934984520123839,1.0,1.0,0.0,1.0,0.3333333333333333,0.0
stochastic_contradictions,p1.00,p1.00,0,threshold_8,Threshold 8,4,31,13,3,3,0,1.0,,1,32,0,32,0,0,1,,0.0012406947890818859,,0.01934984520123839,1.0,1.0,0.0,1.0,0.3333333333333333,0.0
stochastic_contradictions,p1.00,p1.00,0,threshold_8,Threshold 8,5,31,13,3,3,0,1.0,,1,32,0,32,0,0,1,,0.0012406947890818859,,0.01934984520123839,1.0,1.0,0.0,1.0,0.3333333333333333,0.0
stochastic_contradictions,p1.00,p1.00,0,threshold_8,Threshold 8,6,31,13,3,3,0,1.0,,1,32,0,32,0,0,1,,0.0012406947890818859,,0.01934984520123839,1.0,1.0,0.0,1.0,0.3333333333333333,0.0
stochastic_contradictions,p1.00,p1.00,0,threshold_8,Threshold 8,7,31,13,3,3,0,1.0,,1,32,0,32,0,0,1,,0.0012406947890818859,,0.01934984520123839,1.0,1.0,0.0,1.0,0.3333333333333333,0.0
stochastic_contradictions,p1.00,p1.00,0,ccra_exact_guard,CCRA exact,0,31,13,3,3,0,1.0,,1,33,1,33,0,0,1,,0.0012406947890818859,,0.01934984520123839,1.0,1.0,0.0,1.0,0.3333333333333333,0.0
stochastic_contradictions,p1.00,p1.00,0,ccra_exact_guard,CCRA exact,1,31,13,3,3,0,1.0,,1,32,0,32,0,0,1,,0.0012406947890818859,,0.01934984520123839,1.0,1.0,0.0,1.0,0.3333333333333333,0.0
stochastic_contradictions,p1.00,p1.00,0,ccra_exact_guard,CCRA exact,2,31,13,3,3,0,1.0,,1,32,0,32,0,0,1,,0.0012406947890818859,,0.01934984520123839,1.0,1.0,0.0,1.0,0.3333333333333333,0.0
stochastic_contradictions,p1.00,p1.00,0,ccra_exact_guard,CCRA exact,3,31,13,3,3,0,1.0,,1,32,0,32,0,0,1,,0.0012406947890818859,,0.01934984520123839,1.0,1.0,0.0,1.0,0.3333333333333333,0.0
stochastic_contradictions,p1.00,p1.00,0,ccra_exact_guard,CCRA exact,4,31,13,3,3,0,1.0,,1,32,0,32,0,0,1,,0.0012406947890818859,,0.01934984520123839,1.0,1.0,0.0,1.0,0.3333333333333333,0.0
stochastic_contradictions,p1.00,p1.00,0,ccra_exact_guard,CCRA exact,5,31,13,3,3,0,1.0,,1,32,0,32,0,0,1,,0.0012406947890818859,,0.01934984520123839,1.0,1.0,0.0,1.0,0.3333333333333333,0.0
stochastic_contradictions,p1.00,p1.00,0,ccra_exact_guard,CCRA exact,6,31,13,3,3,0,1.0,,1,32,0,32,0,0,1,,0.0012406947890818859,,0.01934984520123839,1.0,1.0,0.0,1.0,0.3333333333333333,0.0
stochastic_contradictions,p1.00,p1.00,0,ccra_exact_guard,CCRA exact,7,31,13,3,3,0,1.0,,1,32,0,32,0,0,1,,0.0012406947890818859,,0.01934984520123839,1.0,1.0,0.0,1.0,0.3333333333333333,0.0
stochastic_contradictions,p1.00,p1.00,0,uncertainty_cost_avoidance,Cost avoidance,0,31,13,3,3,0,1.0,,1,33,1,33,0,0,1,,0.0018610421836228288,,0.029024767801857584,0.0,0.0,0.0,1.0,0.0,0.0
stochastic_contradictions,p1.00,p1.00,0,uncertainty_cost_avoidance,Cost avoidance,1,31,13,3,3,0,1.0,,1,32,0,32,0,0,1,,0.0018610421836228288,,0.029024767801857584,0.0,0.0,0.0,1.0,0.0,0.0
stochastic_contradictions,p1.00,p1.00,0,uncertainty_cost_avoidance,Cost avoidance,2,31,13,3,3,0,1.0,,1,32,0,32,0,0,1,,0.0018610421836228288,,0.029024767801857584,0.0,0.0,0.0,1.0,0.0,0.0
stochastic_contradictions,p1.00,p1.00,0,uncertainty_cost_avoidance,Cost avoidance,3,31,13,3,3,0,1.0,,1,32,0,32,0,0,1,,0.0018610421836228288,,0.029024767801857584,0.0,0.0,0.0,1.0,0.0,0.0
stochastic_contradictions,p1.00,p1.00,0,uncertainty_cost_avoidance,Cost avoidance,4,31,13,3,3,0,1.0,,1,32,0,32,0,0,1,,0.0018610421836228288,,0.029024767801857584,0.0,0.0,0.0,1.0,0.0,0.0
stochastic_contradictions,p1.00,p1.00,0,uncertainty_cost_avoidance,Cost avoidance,5,31,13,3,3,0,1.0,,1,32,0,32,0,0,1,,0.0018610421836228288,,0.029024767801857584,0.0,0.0,0.0,1.0,0.0,0.0
stochastic_contradictions,p1.00,p1.00,0,uncertainty_cost_avoidance,Cost avoidance,6,31,13,3,3,0,1.0,,1,32,0,32,0,0,1,,0.0018610421836228288,,0.029024767801857584,0.0,0.0,0.0,1.0,0.0,0.0
stochastic_contradictions,p1.00,p1.00,0,uncertainty_cost_avoidance,Cost avoidance,7,31,13,3,3,0,1.0,,1,32,0,32,0,0,1,,0.0018610421836228288,,0.029024767801857584,0.0,0.0,0.0,1.0,0.0,0.0
stochastic_contradictions,p1.00,p1.00,0,oracle_fault_model,Oracle,0,31,13,3,3,0,1.0,,1,32,0,32,0,0,0,,0.0,,0.0,3.0,3.0,0.0,1.0,1.0,0.0
stochastic_contradictions,p1.00,p1.00,0,oracle_fault_model,Oracle,1,31,13,3,3,0,1.0,,1,32,0,32,0,0,0,,0.0,,0.0,3.0,3.0,0.0,1.0,1.0,0.0
stochastic_contradictions,p1.00,p1.00,0,oracle_fault_model,Oracle,2,31,13,3,3,0,1.0,,1,32,0,32,0,0,0,,0.0,,0.0,3.0,3.0,0.0,1.0,1.0,0.0
stochastic_contradictions,p1.00,p1.00,0,oracle_fault_model,Oracle,3,31,13,3,3,0,1.0,,1,32,0,32,0,0,0,,0.0,,0.0,3.0,3.0,0.0,1.0,1.0,0.0
stochastic_contradictions,p1.00,p1.00,0,oracle_fault_model,Oracle,4,31,13,3,3,0,1.0,,1,32,0,32,0,0,0,,0.0,,0.0,3.0,3.0,0.0,1.0,1.0,0.0
stochastic_contradictions,p1.00,p1.00,0,oracle_fault_model,Oracle,5,31,13,3,3,0,1.0,,1,32,0,32,0,0,0,,0.0,,0.0,3.0,3.0,0.0,1.0,1.0,0.0
stochastic_contradictions,p1.00,p1.00,0,oracle_fault_model,Oracle,6,31,13,3,3,0,1.0,,1,32,0,32,0,0,0,,0.0,,0.0,3.0,3.0,0.0,1.0,1.0,0.0
stochastic_contradictions,p1.00,p1.00,0,oracle_fault_model,Oracle,7,31,13,3,3,0,1.0,,1,32,0,32,0,0,0,,0.0,,0.0,3.0,3.0,0.0,1.0,1.0,0.0
stochastic_contradictions,p1.00,p1.00,1,nominal_no_repair,Nominal,0,31,13,3,3,0,1.0,,0,220,206,15,0,1,0,,0.0018610421836228288,,0.029024767801857584,0.0,0.0,0.0,1.0,0.0,0.0
stochastic_contradictions,p1.00,p1.00,1,nominal_no_repair,Nominal,1,31,13,3,3,0,1.0,,0,220,206,15,0,1,0,,0.0018610421836228288,,0.029024767801857584,0.0,0.0,0.0,1.0,0.0,0.0
stochastic_contradictions,p1.00,p1.00,1,nominal_no_repair,Nominal,2,31,13,3,3,0,1.0,,0,220,206,15,0,1,0,,0.0018610421836228288,,0.029024767801857584,0.0,0.0,0.0,1.0,0.0,0.0
stochastic_contradictions,p1.00,p1.00,1,nominal_no_repair,Nominal,3,31,13,3,3,0,1.0,,0,220,206,15,0,1,0,,0.0018610421836228288,,0.029024767801857584,0.0,0.0,0.0,1.0,0.0,0.0
stochastic_contradictions,p1.00,p1.00,1,nominal_no_repair,Nominal,4,31,13,3,3,0,1.0,,0,220,206,15,0,1,0,,0.0018610421836228288,,0.029024767801857584,0.0,0.0,0.0,1.0,0.0,0.0
stochastic_contradictions,p1.00,p1.00,1,nominal_no_repair,Nominal,5,31,13,3,3,0,1.0,,0,220,206,15,0,1,0,,0.0018610421836228288,,0.029024767801857584,0.0,0.0,0.0,1.0,0.0,0.0
stochastic_contradictions,p1.00,p1.00,1,nominal_no_repair,Nominal,6,31,13,3,3,0,1.0,,0,220,206,15,0,1,0,,0.0018610421836228288,,0.029024767801857584,0.0,0.0,0.0,1.0,0.0,0.0
stochastic_contradictions,p1.00,p1.00,1,nominal_no_repair,Nominal,7,31,13,3,3,0,1.0,,0,220,206,15,0,1,0,,0.0018610421836228288,,0.029024767801857584,0.0,0.0,0.0,1.0,0.0,0.0
stochastic_contradictions,p1.00,p1.00,1,threshold_2,Threshold 2,0,31,13,3,3,0,1.0,,1,34,2,34,0,0,1,,0.0012406947890818859,,0.01934984520123839,1.0,1.0,0.0,1.0,0.3333333333333333,0.0
stochastic_contradictions,p1.00,p1.00,1,threshold_2,Threshold 2,1,31,13,3,3,0,1.0,,1,32,0,32,0,0,1,,0.0012406947890818859,,0.01934984520123839,1.0,1.0,0.0,1.0,0.3333333333333333,0.0
stochastic_contradictions,p1.00,p1.00,1,threshold_2,Threshold 2,2,31,13,3,3,0,1.0,,1,32,0,32,0,0,1,,0.0012406947890818859,,0.01934984520123839,1.0,1.0,0.0,1.0,0.3333333333333333,0.0
stochastic_contradictions,p1.00,p1.00,1,threshold_2,Threshold 2,3,31,13,3,3,0,1.0,,1,32,0,32,0,0,1,,0.0012406947890818859,,0.01934984520123839,1.0,1.0,0.0,1.0,0.3333333333333333,0.0
stochastic_contradictions,p1.00,p1.00,1,threshold_2,Threshold 2,4,31,13,3,3,0,1.0,,1,32,0,32,0,0,1,,0.0012406947890818859,,0.01934984520123839,1.0,1.0,0.0,1.0,0.3333333333333333,0.0
stochastic_contradictions,p1.00,p1.00,1,threshold_2,Threshold 2,5,31,13,3,3,0,1.0,,1,32,0,32,0,0,1,,0.0012406947890818859,,0.01934984520123839,1.0,1.0,0.0,1.0,0.3333333333333333,0.0
stochastic_contradictions,p1.00,p1.00,1,threshold_2,Threshold 2,6,31,13,3,3,0,1.0,,1,32,0,32,0,0,1,,0.0012406947890818859,,0.01934984520123839,1.0,1.0,0.0,1.0,0.3333333333333333,0.0
stochastic_contradictions,p1.00,p1.00,1,threshold_2,Threshold 2,7,31,13,3,3,0,1.0,,1,32,0,32,0,0,1,,0.0012406947890818859,,0.01934984520123839,1.0,1.0,0.0,1.0,0.3333333333333333,0.0
stochastic_contradictions,p1.00,p1.00,1,threshold_4,Threshold 4,0,31,13,3,3,0,1.0,,1,36,4,36,0,0,1,,0.0012406947890818859,,0.01934984520123839,1.0,1.0,0.0,1.0,0.3333333333333333,0.0
stochastic_contradictions,p1.00,p1.00,1,threshold_4,Threshold 4,1,31,13,3,3,0,1.0,,1,32,0,32,0,0,1,,0.0012406947890818859,,0.01934984520123839,1.0,1.0,0.0,1.0,0.3333333333333333,0.0
stochastic_contradictions,p1.00,p1.00,1,threshold_4,Threshold 4,2,31,13,3,3,0,1.0,,1,32,0,32,0,0,1,,0.0012406947890818859,,0.01934984520123839,1.0,1.0,0.0,1.0,0.3333333333333333,0.0
stochastic_contradictions,p1.00,p1.00,1,threshold_4,Threshold 4,3,31,13,3,3,0,1.0,,1,32,0,32,0,0,1,,0.0012406947890818859,,0.01934984520123839,1.0,1.0,0.0,1.0,0.3333333333333333,0.0
stochastic_contradictions,p1.00,p1.00,1,threshold_4,Threshold 4,4,31,13,3,3,0,1.0,,1,32,0,32,0,0,1,,0.0012406947890818859,,0.01934984520123839,1.0,1.0,0.0,1.0,0.3333333333333333,0.0
stochastic_contradictions,p1.00,p1.00,1,threshold_4,Threshold 4,5,31,13,3,3,0,1.0,,1,32,0,32,0,0,1,,0.0012406947890818859,,0.01934984520123839,1.0,1.0,0.0,1.0,0.3333333333333333,0.0
stochastic_contradictions,p1.00,p1.00,1,threshold_4,Threshold 4,6,31,13,3,3,0,1.0,,1,32,0,32,0,0,1,,0.0012406947890818859,,0.01934984520123839,1.0,1.0,0.0,1.0,0.3333333333333333,0.0
stochastic_contradictions,p1.00,p1.00,1,threshold_4,Threshold 4,7,31,13,3,3,0,1.0,,1,32,0,32,0,0,1,,0.0012406947890818859,,0.01934984520123839,1.0,1.0,0.0,1.0,0.3333333333333333,0.0
stochastic_contradictions,p1.00,p1.00,1,threshold_8,Threshold 8,0,31,13,3,3,0,1.0,,1,40,8,40,0,0,1,,0.0012406947890818859,,0.01934984520123839,1.0,1.0,0.0,1.0,0.3333333333333333,0.0
stochastic_contradictions,p1.00,p1.00,1,threshold_8,Threshold 8,1,31,13,3,3,0,1.0,,1,32,0,32,0,0,1,,0.0012406947890818859,,0.01934984520123839,1.0,1.0,0.0,1.0,0.3333333333333333,0.0
stochastic_contradictions,p1.00,p1.00,1,threshold_8,Threshold 8,2,31,13,3,3,0,1.0,,1,32,0,32,0,0,1,,0.0012406947890818859,,0.01934984520123839,1.0,1.0,0.0,1.0,0.3333333333333333,0.0
stochastic_contradictions,p1.00,p1.00,1,threshold_8,Threshold 8,3,31,13,3,3,0,1.0,,1,32,0,32,0,0,1,,0.0012406947890818859,,0.01934984520123839,1.0,1.0,0.0,1.0,0.3333333333333333,0.0
stochastic_contradictions,p1.00,p1.00,1,threshold_8,Threshold 8,4,31,13,3,3,0,1.0,,1,32,0,32,0,0,1,,0.0012406947890818859,,0.01934984520123839,1.0,1.0,0.0,1.0,0.3333333333333333,0.0
stochastic_contradictions,p1.00,p1.00,1,threshold_8,Threshold 8,5,31,13,3,3,0,1.0,,1,32,0,32,0,0,1,,0.0012406947890818859,,0.01934984520123839,1.0,1.0,0.0,1.0,0.3333333333333333,0.0
stochastic_contradictions,p1.00,p1.00,1,threshold_8,Threshold 8,6,31,13,3,3,0,1.0,,1,32,0,32,0,0,1,,0.0012406947890818859,,0.01934984520123839,1.0,1.0,0.0,1.0,0.3333333333333333,0.0
stochastic_contradictions,p1.00,p1.00,1,threshold_8,Threshold 8,7,31,13,3,3,0,1.0,,1,32,0,32,0,0,1,,0.0012406947890818859,,0.01934984520123839,1.0,1.0,0.0,1.0,0.3333333333333333,0.0
stochastic_contradictions,p1.00,p1.00,1,ccra_exact_guard,CCRA exact,0,31,13,3,3,0,1.0,,1,33,1,33,0,0,1,,0.0012406947890818859,,0.01934984520123839,1.0,1.0,0.0,1.0,0.3333333333333333,0.0
stochastic_contradictions,p1.00,p1.00,1,ccra_exact_guard,CCRA exact,1,31,13,3,3,0,1.0,,1,32,0,32,0,0,1,,0.0012406947890818859,,0.01934984520123839,1.0,1.0,0.0,1.0,0.3333333333333333,0.0
stochastic_contradictions,p1.00,p1.00,1,ccra_exact_guard,CCRA exact,2,31,13,3,3,0,1.0,,1,32,0,32,0,0,1,,0.0012406947890818859,,0.01934984520123839,1.0,1.0,0.0,1.0,0.3333333333333333,0.0
stochastic_contradictions,p1.00,p1.00,1,ccra_exact_guard,CCRA exact,3,31,13,3,3,0,1.0,,1,32,0,32,0,0,1,,0.0012406947890818859,,0.01934984520123839,1.0,1.0,0.0,1.0,0.3333333333333333,0.0
stochastic_contradictions,p1.00,p1.00,1,ccra_exact_guard,CCRA exact,4,31,13,3,3,0,1.0,,1,32,0,32,0,0,1,,0.0012406947890818859,,0.01934984520123839,1.0,1.0,0.0,1.0,0.3333333333333333,0.0
stochastic_contradictions,p1.00,p1.00,1,ccra_exact_guard,CCRA exact,5,31,13,3,3,0,1.0,,1,32,0,32,0,0,1,,0.0012406947890818859,,0.01934984520123839,1.0,1.0,0.0,1.0,0.3333333333333333,0.0
stochastic_contradictions,p1.00,p1.00,1,ccra_exact_guard,CCRA exact,6,31,13,3,3,0,1.0,,1,32,0,32,0,0,1,,0.0012406947890818859,,0.01934984520123839,1.0,1.0,0.0,1.0,0.3333333333333333,0.0
stochastic_contradictions,p1.00,p1.00,1,ccra_exact_guard,CCRA exact,7,31,13,3,3,0,1.0,,1,32,0,32,0,0,1,,0.0012406947890818859,,0.01934984520123839,1.0,1.0,0.0,1.0,0.3333333333333333,0.0
stochastic_contradictions,p1.00,p1.00,1,uncertainty_cost_avoidance,Cost avoidance,0,31,13,3,3,0,1.0,,1,33,1,33,0,0,1,,0.0018610421836228288,,0.029024767801857584,0.0,0.0,0.0,1.0,0.0,0.0
stochastic_contradictions,p1.00,p1.00,1,uncertainty_cost_avoidance,Cost avoidance,1,31,13,3,3,0,1.0,,1,32,0,32,0,0,1,,0.0018610421836228288,,0.029024767801857584,0.0,0.0,0.0,1.0,0.0,0.0
stochastic_contradictions,p1.00,p1.00,1,uncertainty_cost_avoidance,Cost avoidance,2,31,13,3,3,0,1.0,,1,32,0,32,0,0,1,,0.0018610421836228288,,0.029024767801857584,0.0,0.0,0.0,1.0,0.0,0.0
stochastic_contradictions,p1.00,p1.00,1,uncertainty_cost_avoidance,Cost avoidance,3,31,13,3,3,0,1.0,,1,32,0,32,0,0,1,,0.0018610421836228288,,0.029024767801857584,0.0,0.0,0.0,1.0,0.0,0.0
stochastic_contradictions,p1.00,p1.00,1,uncertainty_cost_avoidance,Cost avoidance,4,31,13,3,3,0,1.0,,1,32,0,32,0,0,1,,0.0018610421836228288,,0.029024767801857584,0.0,0.0,0.0,1.0,0.0,0.0
stochastic_contradictions,p1.00,p1.00,1,uncertainty_cost_avoidance,Cost avoidance,5,31,13,3,3,0,1.0,,1,32,0,32,0,0,1,,0.0018610421836228288,,0.029024767801857584,0.0,0.0,0.0,1.0,0.0,0.0
stochastic_contradictions,p1.00,p1.00,1,uncertainty_cost_avoidance,Cost avoidance,6,31,13,3,3,0,1.0,,1,32,0,32,0,0,1,,0.0018610421836228288,,0.029024767801857584,0.0,0.0,0.0,1.0,0.0,0.0
stochastic_contradictions,p1.00,p1.00,1,uncertainty_cost_avoidance,Cost avoidance,7,31,13,3,3,0,1.0,,1,32,0,32,0,0,1,,0.0018610421836228288,,0.029024767801857584,0.0,0.0,0.0,1.0,0.0,0.0
stochastic_contradictions,p1.00,p1.00,1,oracle_fault_model,Oracle,0,31,13,3,3,0,1.0,,1,32,0,32,0,0,0,,0.0,,0.0,3.0,3.0,0.0,1.0,1.0,0.0
stochastic_contradictions,p1.00,p1.00,1,oracle_fault_model,Oracle,1,31,13,3,3,0,1.0,,1,32,0,32,0,0,0,,0.0,,0.0,3.0,3.0,0.0,1.0,1.0,0.0
stochastic_contradictions,p1.00,p1.00,1,oracle_fault_model,Oracle,2,31,13,3,3,0,1.0,,1,32,0,32,0,0,0,,0.0,,0.0,3.0,3.0,0.0,1.0,1.0,0.0
stochastic_contradictions,p1.00,p1.00,1,oracle_fault_model,Oracle,3,31,13,3,3,0,1.0,,1,32,0,32,0,0,0,,0.0,,0.0,3.0,3.0,0.0,1.0,1.0,0.0
stochastic_contradictions,p1.00,p1.00,1,oracle_fault_model,Oracle,4,31,13,3,3,0,1.0,,1,32,0,32,0,0,0,,0.0,,0.0,3.0,3.0,0.0,1.0,1.0,0.0
stochastic_contradictions,p1.00,p1.00,1,oracle_fault_model,Oracle,5,31,13,3,3,0,1.0,,1,32,0,32,0,0,0,,0.0,,0.0,3.0,3.0,0.0,1.0,1.0,0.0
stochastic_contradictions,p1.00,p1.00,1,oracle_fault_model,Oracle,6,31,13,3,3,0,1.0,,1,32,0,32,0,0,0,,0.0,,0.0,3.0,3.0,0.0,1.0,1.0,0.0
stochastic_contradictions,p1.00,p1.00,1,oracle_fault_model,Oracle,7,31,13,3,3,0,1.0,,1,32,0,32,0,0,0,,0.0,,0.0,3.0,3.0,0.0,1.0,1.0,0.0
stochastic_contradictions,p1.00,p1.00,2,nominal_no_repair,Nominal,0,31,13,3,3,0,1.0,,0,220,200,21,0,1,0,,0.0018610421836228288,,0.029024767801857584,0.0,0.0,0.0,1.0,0.0,0.0
stochastic_contradictions,p1.00,p1.00,2,nominal_no_repair,Nominal,1,31,13,3,3,0,1.0,,0,220,200,21,0,1,0,,0.0018610421836228288,,0.029024767801857584,0.0,0.0,0.0,1.0,0.0,0.0
stochastic_contradictions,p1.00,p1.00,2,nominal_no_repair,Nominal,2,31,13,3,3,0,1.0,,0,220,200,21,0,1,0,,0.0018610421836228288,,0.029024767801857584,0.0,0.0,0.0,1.0,0.0,0.0
stochastic_contradictions,p1.00,p1.00,2,nominal_no_repair,Nominal,3,31,13,3,3,0,1.0,,0,220,200,21,0,1,0,,0.0018610421836228288,,0.029024767801857584,0.0,0.0,0.0,1.0,0.0,0.0
stochastic_contradictions,p1.00,p1.00,2,nominal_no_repair,Nominal,4,31,13,3,3,0,1.0,,0,220,200,21,0,1,0,,0.0018610421836228288,,0.029024767801857584,0.0,0.0,0.0,1.0,0.0,0.0
stochastic_contradictions,p1.00,p1.00,2,nominal_no_repair,Nominal,5,31,13,3,3,0,1.0,,0,220,200,21,0,1,0,,0.0018610421836228288,,0.029024767801857584,0.0,0.0,0.0,1.0,0.0,0.0
stochastic_contradictions,p1.00,p1.00,2,nominal_no_repair,Nominal,6,31,13,3,3,0,1.0,,0,220,200,21,0,1,0,,0.0018610421836228288,,0.029024767801857584,0.0,0.0,0.0,1.0,0.0,0.0
stochastic_contradictions,p1.00,p1.00,2,nominal_no_repair,Nominal,7,31,13,3,3,0,1.0,,0,220,200,21,0,1,0,,0.0018610421836228288,,0.029024767801857584,0.0,0.0,0.0,1.0,0.0,0.0
stochastic_contradictions,p1.00,p1.00,2,threshold_2,Threshold 2,0,31,13,3,3,0,1.0,,1,34,2,34,0,0,1,,0.0012406947890818859,,0.01934984520123839,1.0,1.0,0.0,1.0,0.3333333333333333,0.0
stochastic_contradictions,p1.00,p1.00,2,threshold_2,Threshold 2,1,31,13,3,3,0,1.0,,1,32,0,32,0,0,1,,0.0012406947890818859,,0.01934984520123839,1.0,1.0,0.0,1.0,0.3333333333333333,0.0
stochastic_contradictions,p1.00,p1.00,2,threshold_2,Threshold 2,2,31,13,3,3,0,1.0,,1,32,0,32,0,0,1,,0.0012406947890818859,,0.01934984520123839,1.0,1.0,0.0,1.0,0.3333333333333333,0.0
stochastic_contradictions,p1.00,p1.00,2,threshold_2,Threshold 2,3,31,13,3,3,0,1.0,,1,32,0,32,0,0,1,,0.0012406947890818859,,0.01934984520123839,1.0,1.0,0.0,1.0,0.3333333333333333,0.0
stochastic_contradictions,p1.00,p1.00,2,threshold_2,Threshold 2,4,31,13,3,3,0,1.0,,1,32,0,32,0,0,1,,0.0012406947890818859,,0.01934984520123839,1.0,1.0,0.0,1.0,0.3333333333333333,0.0
stochastic_contradictions,p1.00,p1.00,2,threshold_2,Threshold 2,5,31,13,3,3,0,1.0,,1,32,0,32,0,0,1,,0.0012406947890818859,,0.01934984520123839,1.0,1.0,0.0,1.0,0.3333333333333333,0.0
stochastic_contradictions,p1.00,p1.00,2,threshold_2,Threshold 2,6,31,13,3,3,0,1.0,,1,32,0,32,0,0,1,,0.0012406947890818859,,0.01934984520123839,1.0,1.0,0.0,1.0,0.3333333333333333,0.0
stochastic_contradictions,p1.00,p1.00,2,threshold_2,Threshold 2,7,31,13,3,3,0,1.0,,1,32,0,32,0,0,1,,0.0012406947890818859,,0.01934984520123839,1.0,1.0,0.0,1.0,0.3333333333333333,0.0
stochastic_contradictions,p1.00,p1.00,2,threshold_4,Threshold 4,0,31,13,3,3,0,1.0,,1,36,4,36,0,0,1,,0.0012406947890818859,,0.01934984520123839,1.0,1.0,0.0,1.0,0.3333333333333333,0.0
stochastic_contradictions,p1.00,p1.00,2,threshold_4,Threshold 4,1,31,13,3,3,0,1.0,,1,32,0,32,0,0,1,,0.0012406947890818859,,0.01934984520123839,1.0,1.0,0.0,1.0,0.3333333333333333,0.0
stochastic_contradictions,p1.00,p1.00,2,threshold_4,Threshold 4,2,31,13,3,3,0,1.0,,1,32,0,32,0,0,1,,0.0012406947890818859,,0.01934984520123839,1.0,1.0,0.0,1.0,0.3333333333333333,0.0
stochastic_contradictions,p1.00,p1.00,2,threshold_4,Threshold 4,3,31,13,3,3,0,1.0,,1,32,0,32,0,0,1,,0.0012406947890818859,,0.01934984520123839,1.0,1.0,0.0,1.0,0.3333333333333333,0.0
stochastic_contradictions,p1.00,p1.00,2,threshold_4,Threshold 4,4,31,13,3,3,0,1.0,,1,32,0,32,0,0,1,,0.0012406947890818859,,0.01934984520123839,1.0,1.0,0.0,1.0,0.3333333333333333,0.0
stochastic_contradictions,p1.00,p1.00,2,threshold_4,Threshold 4,5,31,13,3,3,0,1.0,,1,32,0,32,0,0,1,,0.0012406947890818859,,0.01934984520123839,1.0,1.0,0.0,1.0,0.3333333333333333,0.0
stochastic_contradictions,p1.00,p1.00,2,threshold_4,Threshold 4,6,31,13,3,3,0,1.0,,1,32,0,32,0,0,1,,0.0012406947890818859,,0.01934984520123839,1.0,1.0,0.0,1.0,0.3333333333333333,0.0
stochastic_contradictions,p1.00,p1.00,2,threshold_4,Threshold 4,7,31,13,3,3,0,1.0,,1,32,0,32,0,0,1,,0.0012406947890818859,,0.01934984520123839,1.0,1.0,0.0,1.0,0.3333333333333333,0.0
stochastic_contradictions,p1.00,p1.00,2,threshold_8,Threshold 8,0,31,13,3,3,0,1.0,,1,40,8,40,0,0,1,,0.0012406947890818859,,0.01934984520123839,1.0,1.0,0.0,1.0,0.3333333333333333,0.0
stochastic_contradictions,p1.00,p1.00,2,threshold_8,Threshold 8,1,31,13,3,3,0,1.0,,1,32,0,32,0,0,1,,0.0012406947890818859,,0.01934984520123839,1.0,1.0,0.0,1.0,0.3333333333333333,0.0
stochastic_contradictions,p1.00,p1.00,2,threshold_8,Threshold 8,2,31,13,3,3,0,1.0,,1,32,0,32,0,0,1,,0.0012406947890818859,,0.01934984520123839,1.0,1.0,0.0,1.0,0.3333333333333333,0.0
stochastic_contradictions,p1.00,p1.00,2,threshold_8,Threshold 8,3,31,13,3,3,0,1.0,,1,32,0,32,0,0,1,,0.0012406947890818859,,0.01934984520123839,1.0,1.0,0.0,1.0,0.3333333333333333,0.0
stochastic_contradictions,p1.00,p1.00,2,threshold_8,Threshold 8,4,31,13,3,3,0,1.0,,1,32,0,32,0,0,1,,0.0012406947890818859,,0.01934984520123839,1.0,1.0,0.0,1.0,0.3333333333333333,0.0
stochastic_contradictions,p1.00,p1.00,2,threshold_8,Threshold 8,5,31,13,3,3,0,1.0,,1,32,0,32,0,0,1,,0.0012406947890818859,,0.01934984520123839,1.0,1.0,0.0,1.0,0.3333333333333333,0.0
stochastic_contradictions,p1.00,p1.00,2,threshold_8,Threshold 8,6,31,13,3,3,0,1.0,,1,32,0,32,0,0,1,,0.0012406947890818859,,0.01934984520123839,1.0,1.0,0.0,1.0,0.3333333333333333,0.0
stochastic_contradictions,p1.00,p1.00,2,threshold_8,Threshold 8,7,31,13,3,3,0,1.0,,1,32,0,32,0,0,1,,0.0012406947890818859,,0.01934984520123839,1.0,1.0,0.0,1.0,0.3333333333333333,0.0
stochastic_contradictions,p1.00,p1.00,2,ccra_exact_guard,CCRA exact,0,31,13,3,3,0,1.0,,1,33,1,33,0,0,1,,0.0012406947890818859,,0.01934984520123839,1.0,1.0,0.0,1.0,0.3333333333333333,0.0
stochastic_contradictions,p1.00,p1.00,2,ccra_exact_guard,CCRA exact,1,31,13,3,3,0,1.0,,1,32,0,32,0,0,1,,0.0012406947890818859,,0.01934984520123839,1.0,1.0,0.0,1.0,0.3333333333333333,0.0
stochastic_contradictions,p1.00,p1.00,2,ccra_exact_guard,CCRA exact,2,31,13,3,3,0,1.0,,1,32,0,32,0,0,1,,0.0012406947890818859,,0.01934984520123839,1.0,1.0,0.0,1.0,0.3333333333333333,0.0
stochastic_contradictions,p1.00,p1.00,2,ccra_exact_guard,CCRA exact,3,31,13,3,3,0,1.0,,1,32,0,32,0,0,1,,0.0012406947890818859,,0.01934984520123839,1.0,1.0,0.0,1.0,0.3333333333333333,0.0
stochastic_contradictions,p1.00,p1.00,2,ccra_exact_guard,CCRA exact,4,31,13,3,3,0,1.0,,1,32,0,32,0,0,1,,0.0012406947890818859,,0.01934984520123839,1.0,1.0,0.0,1.0,0.3333333333333333,0.0
stochastic_contradictions,p1.00,p1.00,2,ccra_exact_guard,CCRA exact,5,31,13,3,3,0,1.0,,1,32,0,32,0,0,1,,0.0012406947890818859,,0.01934984520123839,1.0,1.0,0.0,1.0,0.3333333333333333,0.0
stochastic_contradictions,p1.00,p1.00,2,ccra_exact_guard,CCRA exact,6,31,13,3,3,0,1.0,,1,32,0,32,0,0,1,,0.0012406947890818859,,0.01934984520123839,1.0,1.0,0.0,1.0,0.3333333333333333,0.0
stochastic_contradictions,p1.00,p1.00,2,ccra_exact_guard,CCRA exact,7,31,13,3,3,0,1.0,,1,32,0,32,0,0,1,,0.0012406947890818859,,0.01934984520123839,1.0,1.0,0.0,1.0,0.3333333333333333,0.0
stochastic_contradictions,p1.00,p1.00,2,uncertainty_cost_avoidance,Cost avoidance,0,31,13,3,3,0,1.0,,1,33,1,33,0,0,1,,0.0018610421836228288,,0.029024767801857584,0.0,0.0,0.0,1.0,0.0,0.0
stochastic_contradictions,p1.00,p1.00,2,uncertainty_cost_avoidance,Cost avoidance,1,31,13,3,3,0,1.0,,1,32,0,32,0,0,1,,0.0018610421836228288,,0.029024767801857584,0.0,0.0,0.0,1.0,0.0,0.0
stochastic_contradictions,p1.00,p1.00,2,uncertainty_cost_avoidance,Cost avoidance,2,31,13,3,3,0,1.0,,1,32,0,32,0,0,1,,0.0018610421836228288,,0.029024767801857584,0.0,0.0,0.0,1.0,0.0,0.0
stochastic_contradictions,p1.00,p1.00,2,uncertainty_cost_avoidance,Cost avoidance,3,31,13,3,3,0,1.0,,1,32,0,32,0,0,1,,0.0018610421836228288,,0.029024767801857584,0.0,0.0,0.0,1.0,0.0,0.0
stochastic_contradictions,p1.00,p1.00,2,uncertainty_cost_avoidance,Cost avoidance,4,31,13,3,3,0,1.0,,1,32,0,32,0,0,1,,0.0018610421836228288,,0.029024767801857584,0.0,0.0,0.0,1.0,0.0,0.0
stochastic_contradictions,p1.00,p1.00,2,uncertainty_cost_avoidance,Cost avoidance,5,31,13,3,3,0,1.0,,1,32,0,32,0,0,1,,0.0018610421836228288,,0.029024767801857584,0.0,0.0,0.0,1.0,0.0,0.0
stochastic_contradictions,p1.00,p1.00,2,uncertainty_cost_avoidance,Cost avoidance,6,31,13,3,3,0,1.0,,1,32,0,32,0,0,1,,0.0018610421836228288,,0.029024767801857584,0.0,0.0,0.0,1.0,0.0,0.0
stochastic_contradictions,p1.00,p1.00,2,uncertainty_cost_avoidance,Cost avoidance,7,31,13,3,3,0,1.0,,1,32,0,32,0,0,1,,0.0018610421836228288,,0.029024767801857584,0.0,0.0,0.0,1.0,0.0,0.0
stochastic_contradictions,p1.00,p1.00,2,oracle_fault_model,Oracle,0,31,13,3,3,0,1.0,,1,32,0,32,0,0,0,,0.0,,0.0,3.0,3.0,0.0,1.0,1.0,0.0
stochastic_contradictions,p1.00,p1.00,2,oracle_fault_model,Oracle,1,31,13,3,3,0,1.0,,1,32,0,32,0,0,0,,0.0,,0.0,3.0,3.0,0.0,1.0,1.0,0.0
stochastic_contradictions,p1.00,p1.00,2,oracle_fault_model,Oracle,2,31,13,3,3,0,1.0,,1,32,0,32,0,0,0,,0.0,,0.0,3.0,3.0,0.0,1.0,1.0,0.0
stochastic_contradictions,p1.00,p1.00,2,oracle_fault_model,Oracle,3,31,13,3,3,0,1.0,,1,32,0,32,0,0,0,,0.0,,0.0,3.0,3.0,0.0,1.0,1.0,0.0
stochastic_contradictions,p1.00,p1.00,2,oracle_fault_model,Oracle,4,31,13,3,3,0,1.0,,1,32,0,32,0,0,0,,0.0,,0.0,3.0,3.0,0.0,1.0,1.0,0.0
stochastic_contradictions,p1.00,p1.00,2,oracle_fault_model,Oracle,5,31,13,3,3,0,1.0,,1,32,0,32,0,0,0,,0.0,,0.0,3.0,3.0,0.0,1.0,1.0,0.0
stochastic_contradictions,p1.00,p1.00,2,oracle_fault_model,Oracle,6,31,13,3,3,0,1.0,,1,32,0,32,0,0,0,,0.0,,0.0,3.0,3.0,0.0,1.0,1.0,0.0
stochastic_contradictions,p1.00,p1.00,2,oracle_fault_model,Oracle,7,31,13,3,3,0,1.0,,1,32,0,32,0,0,0,,0.0,,0.0,3.0,3.0,0.0,1.0,1.0,0.0
stochastic_contradictions,p1.00,p1.00,3,nominal_no_repair,Nominal,0,31,13,3,3,0,1.0,,0,220,216,5,0,1,0,,0.0018610421836228288,,0.029024767801857584,0.0,0.0,0.0,1.0,0.0,0.0
stochastic_contradictions,p1.00,p1.00,3,nominal_no_repair,Nominal,1,31,13,3,3,0,1.0,,0,220,216,5,0,1,0,,0.0018610421836228288,,0.029024767801857584,0.0,0.0,0.0,1.0,0.0,0.0
stochastic_contradictions,p1.00,p1.00,3,nominal_no_repair,Nominal,2,31,13,3,3,0,1.0,,0,220,216,5,0,1,0,,0.0018610421836228288,,0.029024767801857584,0.0,0.0,0.0,1.0,0.0,0.0
stochastic_contradictions,p1.00,p1.00,3,nominal_no_repair,Nominal,3,31,13,3,3,0,1.0,,0,220,216,5,0,1,0,,0.0018610421836228288,,0.029024767801857584,0.0,0.0,0.0,1.0,0.0,0.0
stochastic_contradictions,p1.00,p1.00,3,nominal_no_repair,Nominal,4,31,13,3,3,0,1.0,,0,220,216,5,0,1,0,,0.0018610421836228288,,0.029024767801857584,0.0,0.0,0.0,1.0,0.0,0.0
stochastic_contradictions,p1.00,p1.00,3,nominal_no_repair,Nominal,5,31,13,3,3,0,1.0,,0,220,216,5,0,1,0,,0.0018610421836228288,,0.029024767801857584,0.0,0.0,0.0,1.0,0.0,0.0
stochastic_contradictions,p1.00,p1.00,3,nominal_no_repair,Nominal,6,31,13,3,3,0,1.0,,0,220,216,5,0,1,0,,0.0018610421836228288,,0.029024767801857584,0.0,0.0,0.0,1.0,0.0,0.0
stochastic_contradictions,p1.00,p1.00,3,nominal_no_repair,Nominal,7,31,13,3,3,0,1.0,,0,220,216,5,0,1,0,,0.0018610421836228288,,0.029024767801857584,0.0,0.0,0.0,1.0,0.0,0.0
stochastic_contradictions,p1.00,p1.00,3,threshold_2,Threshold 2,0,31,13,3,3,0,1.0,,1,34,2,34,0,0,1,,0.0012406947890818859,,0.01934984520123839,1.0,1.0,0.0,1.0,0.3333333333333333,0.0
stochastic_contradictions,p1.00,p1.00,3,threshold_2,Threshold 2,1,31,13,3,3,0,1.0,,1,32,0,32,0,0,1,,0.0012406947890818859,,0.01934984520123839,1.0,1.0,0.0,1.0,0.3333333333333333,0.0
stochastic_contradictions,p1.00,p1.00,3,threshold_2,Threshold 2,2,31,13,3,3,0,1.0,,1,32,0,32,0,0,1,,0.0012406947890818859,,0.01934984520123839,1.0,1.0,0.0,1.0,0.3333333333333333,0.0
stochastic_contradictions,p1.00,p1.00,3,threshold_2,Threshold 2,3,31,13,3,3,0,1.0,,1,32,0,32,0,0,1,,0.0012406947890818859,,0.01934984520123839,1.0,1.0,0.0,1.0,0.3333333333333333,0.0
stochastic_contradictions,p1.00,p1.00,3,threshold_2,Threshold 2,4,31,13,3,3,0,1.0,,1,32,0,32,0,0,1,,0.0012406947890818859,,0.01934984520123839,1.0,1.0,0.0,1.0,0.3333333333333333,0.0
stochastic_contradictions,p1.00,p1.00,3,threshold_2,Threshold 2,5,31,13,3,3,0,1.0,,1,32,0,32,0,0,1,,0.0012406947890818859,,0.01934984520123839,1.0,1.0,0.0,1.0,0.3333333333333333,0.0
stochastic_contradictions,p1.00,p1.00,3,threshold_2,Threshold 2,6,31,13,3,3,0,1.0,,1,32,0,32,0,0,1,,0.0012406947890818859,,0.01934984520123839,1.0,1.0,0.0,1.0,0.3333333333333333,0.0
stochastic_contradictions,p1.00,p1.00,3,threshold_2,Threshold 2,7,31,13,3,3,0,1.0,,1,32,0,32,0,0,1,,0.0012406947890818859,,0.01934984520123839,1.0,1.0,0.0,1.0,0.3333333333333333,0.0
stochastic_contradictions,p1.00,p1.00,3,threshold_4,Threshold 4,0,31,13,3,3,0,1.0,,1,36,4,36,0,0,1,,0.0012406947890818859,,0.01934984520123839,1.0,1.0,0.0,1.0,0.3333333333333333,0.0
stochastic_contradictions,p1.00,p1.00,3,threshold_4,Threshold 4,1,31,13,3,3,0,1.0,,1,32,0,32,0,0,1,,0.0012406947890818859,,0.01934984520123839,1.0,1.0,0.0,1.0,0.3333333333333333,0.0
stochastic_contradictions,p1.00,p1.00,3,threshold_4,Threshold 4,2,31,13,3,3,0,1.0,,1,32,0,32,0,0,1,,0.0012406947890818859,,0.01934984520123839,1.0,1.0,0.0,1.0,0.3333333333333333,0.0
stochastic_contradictions,p1.00,p1.00,3,threshold_4,Threshold 4,3,31,13,3,3,0,1.0,,1,32,0,32,0,0,1,,0.0012406947890818859,,0.01934984520123839,1.0,1.0,0.0,1.0,0.3333333333333333,0.0
stochastic_contradictions,p1.00,p1.00,3,threshold_4,Threshold 4,4,31,13,3,3,0,1.0,,1,32,0,32,0,0,1,,0.0012406947890818859,,0.01934984520123839,1.0,1.0,0.0,1.0,0.3333333333333333,0.0
stochastic_contradictions,p1.00,p1.00,3,threshold_4,Threshold 4,5,31,13,3,3,0,1.0,,1,32,0,32,0,0,1,,0.0012406947890818859,,0.01934984520123839,1.0,1.0,0.0,1.0,0.3333333333333333,0.0
stochastic_contradictions,p1.00,p1.00,3,threshold_4,Threshold 4,6,31,13,3,3,0,1.0,,1,32,0,32,0,0,1,,0.0012406947890818859,,0.01934984520123839,1.0,1.0,0.0,1.0,0.3333333333333333,0.0
stochastic_contradictions,p1.00,p1.00,3,threshold_4,Threshold 4,7,31,13,3,3,0,1.0,,1,32,0,32,0,0,1,,0.0012406947890818859,,0.01934984520123839,1.0,1.0,0.0,1.0,0.3333333333333333,0.0
stochastic_contradictions,p1.00,p1.00,3,threshold_8,Threshold 8,0,31,13,3,3,0,1.0,,1,40,8,40,0,0,1,,0.0012406947890818859,,0.01934984520123839,1.0,1.0,0.0,1.0,0.3333333333333333,0.0
stochastic_contradictions,p1.00,p1.00,3,threshold_8,Threshold 8,1,31,13,3,3,0,1.0,,1,32,0,32,0,0,1,,0.0012406947890818859,,0.01934984520123839,1.0,1.0,0.0,1.0,0.3333333333333333,0.0
stochastic_contradictions,p1.00,p1.00,3,threshold_8,Threshold 8,2,31,13,3,3,0,1.0,,1,32,0,32,0,0,1,,0.0012406947890818859,,0.01934984520123839,1.0,1.0,0.0,1.0,0.3333333333333333,0.0
stochastic_contradictions,p1.00,p1.00,3,threshold_8,Threshold 8,3,31,13,3,3,0,1.0,,1,32,0,32,0,0,1,,0.0012406947890818859,,0.01934984520123839,1.0,1.0,0.0,1.0,0.3333333333333333,0.0
stochastic_contradictions,p1.00,p1.00,3,threshold_8,Threshold 8,4,31,13,3,3,0,1.0,,1,32,0,32,0,0,1,,0.0012406947890818859,,0.01934984520123839,1.0,1.0,0.0,1.0,0.3333333333333333,0.0
stochastic_contradictions,p1.00,p1.00,3,threshold_8,Threshold 8,5,31,13,3,3,0,1.0,,1,32,0,32,0,0,1,,0.0012406947890818859,,0.01934984520123839,1.0,1.0,0.0,1.0,0.3333333333333333,0.0
stochastic_contradictions,p1.00,p1.00,3,threshold_8,Threshold 8,6,31,13,3,3,0,1.0,,1,32,0,32,0,0,1,,0.0012406947890818859,,0.01934984520123839,1.0,1.0,0.0,1.0,0.3333333333333333,0.0
stochastic_contradictions,p1.00,p1.00,3,threshold_8,Threshold 8,7,31,13,3,3,0,1.0,,1,32,0,32,0,0,1,,0.0012406947890818859,,0.01934984520123839,1.0,1.0,0.0,1.0,0.3333333333333333,0.0
stochastic_contradictions,p1.00,p1.00,3,ccra_exact_guard,CCRA exact,0,31,13,3,3,0,1.0,,1,33,1,33,0,0,1,,0.0012406947890818859,,0.01934984520123839,1.0,1.0,0.0,1.0,0.3333333333333333,0.0
stochastic_contradictions,p1.00,p1.00,3,ccra_exact_guard,CCRA exact,1,31,13,3,3,0,1.0,,1,32,0,32,0,0,1,,0.0012406947890818859,,0.01934984520123839,1.0,1.0,0.0,1.0,0.3333333333333333,0.0
stochastic_contradictions,p1.00,p1.00,3,ccra_exact_guard,CCRA exact,2,31,13,3,3,0,1.0,,1,32,0,32,0,0,1,,0.0012406947890818859,,0.01934984520123839,1.0,1.0,0.0,1.0,0.3333333333333333,0.0
stochastic_contradictions,p1.00,p1.00,3,ccra_exact_guard,CCRA exact,3,31,13,3,3,0,1.0,,1,32,0,32,0,0,1,,0.0012406947890818859,,0.01934984520123839,1.0,1.0,0.0,1.0,0.3333333333333333,0.0
stochastic_contradictions,p1.00,p1.00,3,ccra_exact_guard,CCRA exact,4,31,13,3,3,0,1.0,,1,32,0,32,0,0,1,,0.0012406947890818859,,0.01934984520123839,1.0,1.0,0.0,1.0,0.3333333333333333,0.0
stochastic_contradictions,p1.00,p1.00,3,ccra_exact_guard,CCRA exact,5,31,13,3,3,0,1.0,,1,32,0,32,0,0,1,,0.0012406947890818859,,0.01934984520123839,1.0,1.0,0.0,1.0,0.3333333333333333,0.0
stochastic_contradictions,p1.00,p1.00,3,ccra_exact_guard,CCRA exact,6,31,13,3,3,0,1.0,,1,32,0,32,0,0,1,,0.0012406947890818859,,0.01934984520123839,1.0,1.0,0.0,1.0,0.3333333333333333,0.0
stochastic_contradictions,p1.00,p1.00,3,ccra_exact_guard,CCRA exact,7,31,13,3,3,0,1.0,,1,32,0,32,0,0,1,,0.0012406947890818859,,0.01934984520123839,1.0,1.0,0.0,1.0,0.3333333333333333,0.0
stochastic_contradictions,p1.00,p1.00,3,uncertainty_cost_avoidance,Cost avoidance,0,31,13,3,3,0,1.0,,1,33,1,33,0,0,1,,0.0018610421836228288,,0.029024767801857584,0.0,0.0,0.0,1.0,0.0,0.0
stochastic_contradictions,p1.00,p1.00,3,uncertainty_cost_avoidance,Cost avoidance,1,31,13,3,3,0,1.0,,1,32,0,32,0,0,1,,0.0018610421836228288,,0.029024767801857584,0.0,0.0,0.0,1.0,0.0,0.0
stochastic_contradictions,p1.00,p1.00,3,uncertainty_cost_avoidance,Cost avoidance,2,31,13,3,3,0,1.0,,1,32,0,32,0,0,1,,0.0018610421836228288,,0.029024767801857584,0.0,0.0,0.0,1.0,0.0,0.0
stochastic_contradictions,p1.00,p1.00,3,uncertainty_cost_avoidance,Cost avoidance,3,31,13,3,3,0,1.0,,1,32,0,32,0,0,1,,0.0018610421836228288,,0.029024767801857584,0.0,0.0,0.0,1.0,0.0,0.0
stochastic_contradictions,p1.00,p1.00,3,uncertainty_cost_avoidance,Cost avoidance,4,31,13,3,3,0,1.0,,1,32,0,32,0,0,1,,0.0018610421836228288,,0.029024767801857584,0.0,0.0,0.0,1.0,0.0,0.0
stochastic_contradictions,p1.00,p1.00,3,uncertainty_cost_avoidance,Cost avoidance,5,31,13,3,3,0,1.0,,1,32,0,32,0,0,1,,0.0018610421836228288,,0.029024767801857584,0.0,0.0,0.0,1.0,0.0,0.0
stochastic_contradictions,p1.00,p1.00,3,uncertainty_cost_avoidance,Cost avoidance,6,31,13,3,3,0,1.0,,1,32,0,32,0,0,1,,0.0018610421836228288,,0.029024767801857584,0.0,0.0,0.0,1.0,0.0,0.0
stochastic_contradictions,p1.00,p1.00,3,uncertainty_cost_avoidance,Cost avoidance,7,31,13,3,3,0,1.0,,1,32,0,32,0,0,1,,0.0018610421836228288,,0.029024767801857584,0.0,0.0,0.0,1.0,0.0,0.0
stochastic_contradictions,p1.00,p1.00,3,oracle_fault_model,Oracle,0,31,13,3,3,0,1.0,,1,32,0,32,0,0,0,,0.0,,0.0,3.0,3.0,0.0,1.0,1.0,0.0
stochastic_contradictions,p1.00,p1.00,3,oracle_fault_model,Oracle,1,31,13,3,3,0,1.0,,1,32,0,32,0,0,0,,0.0,,0.0,3.0,3.0,0.0,1.0,1.0,0.0
stochastic_contradictions,p1.00,p1.00,3,oracle_fault_model,Oracle,2,31,13,3,3,0,1.0,,1,32,0,32,0,0,0,,0.0,,0.0,3.0,3.0,0.0,1.0,1.0,0.0
stochastic_contradictions,p1.00,p1.00,3,oracle_fault_model,Oracle,3,31,13,3,3,0,1.0,,1,32,0,32,0,0,0,,0.0,,0.0,3.0,3.0,0.0,1.0,1.0,0.0
stochastic_contradictions,p1.00,p1.00,3,oracle_fault_model,Oracle,4,31,13,3,3,0,1.0,,1,32,0,32,0,0,0,,0.0,,0.0,3.0,3.0,0.0,1.0,1.0,0.0
stochastic_contradictions,p1.00,p1.00,3,oracle_fault_model,Oracle,5,31,13,3,3,0,1.0,,1,32,0,32,0,0,0,,0.0,,0.0,3.0,3.0,0.0,1.0,1.0,0.0
stochastic_contradictions,p1.00,p1.00,3,oracle_fault_model,Oracle,6,31,13,3,3,0,1.0,,1,32,0,32,0,0,0,,0.0,,0.0,3.0,3.0,0.0,1.0,1.0,0.0
stochastic_contradictions,p1.00,p1.00,3,oracle_fault_model,Oracle,7,31,13,3,3,0,1.0,,1,32,0,32,0,0,0,,0.0,,0.0,3.0,3.0,0.0,1.0,1.0,0.0
stochastic_contradictions,p1.00,p1.00,4,nominal_no_repair,Nominal,0,31,13,3,3,0,1.0,,0,220,216,5,0,1,0,,0.0018610421836228288,,0.029024767801857584,0.0,0.0,0.0,1.0,0.0,0.0
stochastic_contradictions,p1.00,p1.00,4,nominal_no_repair,Nominal,1,31,13,3,3,0,1.0,,0,220,216,5,0,1,0,,0.0018610421836228288,,0.029024767801857584,0.0,0.0,0.0,1.0,0.0,0.0
stochastic_contradictions,p1.00,p1.00,4,nominal_no_repair,Nominal,2,31,13,3,3,0,1.0,,0,220,216,5,0,1,0,,0.0018610421836228288,,0.029024767801857584,0.0,0.0,0.0,1.0,0.0,0.0
stochastic_contradictions,p1.00,p1.00,4,nominal_no_repair,Nominal,3,31,13,3,3,0,1.0,,0,220,216,5,0,1,0,,0.0018610421836228288,,0.029024767801857584,0.0,0.0,0.0,1.0,0.0,0.0
stochastic_contradictions,p1.00,p1.00,4,nominal_no_repair,Nominal,4,31,13,3,3,0,1.0,,0,220,216,5,0,1,0,,0.0018610421836228288,,0.029024767801857584,0.0,0.0,0.0,1.0,0.0,0.0
stochastic_contradictions,p1.00,p1.00,4,nominal_no_repair,Nominal,5,31,13,3,3,0,1.0,,0,220,216,5,0,1,0,,0.0018610421836228288,,0.029024767801857584,0.0,0.0,0.0,1.0,0.0,0.0
stochastic_contradictions,p1.00,p1.00,4,nominal_no_repair,Nominal,6,31,13,3,3,0,1.0,,0,220,216,5,0,1,0,,0.0018610421836228288,,0.029024767801857584,0.0,0.0,0.0,1.0,0.0,0.0
stochastic_contradictions,p1.00,p1.00,4,nominal_no_repair,Nominal,7,31,13,3,3,0,1.0,,0,220,216,5,0,1,0,,0.0018610421836228288,,0.029024767801857584,0.0,0.0,0.0,1.0,0.0,0.0
stochastic_contradictions,p1.00,p1.00,4,threshold_2,Threshold 2,0,31,13,3,3,0,1.0,,1,34,2,34,0,0,1,,0.0012406947890818859,,0.01934984520123839,1.0,1.0,0.0,1.0,0.3333333333333333,0.0
stochastic_contradictions,p1.00,p1.00,4,threshold_2,Threshold 2,1,31,13,3,3,0,1.0,,1,32,0,32,0,0,1,,0.0012406947890818859,,0.01934984520123839,1.0,1.0,0.0,1.0,0.3333333333333333,0.0
stochastic_contradictions,p1.00,p1.00,4,threshold_2,Threshold 2,2,31,13,3,3,0,1.0,,1,32,0,32,0,0,1,,0.0012406947890818859,,0.01934984520123839,1.0,1.0,0.0,1.0,0.3333333333333333,0.0
stochastic_contradictions,p1.00,p1.00,4,threshold_2,Threshold 2,3,31,13,3,3,0,1.0,,1,32,0,32,0,0,1,,0.0012406947890818859,,0.01934984520123839,1.0,1.0,0.0,1.0,0.3333333333333333,0.0
stochastic_contradictions,p1.00,p1.00,4,threshold_2,Threshold 2,4,31,13,3,3,0,1.0,,1,32,0,32,0,0,1,,0.0012406947890818859,,0.01934984520123839,1.0,1.0,0.0,1.0,0.3333333333333333,0.0
stochastic_contradictions,p1.00,p1.00,4,threshold_2,Threshold 2,5,31,13,3,3,0,1.0,,1,32,0,32,0,0,1,,0.0012406947890818859,,0.01934984520123839,1.0,1.0,0.0,1.0,0.3333333333333333,0.0
stochastic_contradictions,p1.00,p1.00,4,threshold_2,Threshold 2,6,31,13,3,3,0,1.0,,1,32,0,32,0,0,1,,0.0012406947890818859,,0.01934984520123839,1.0,1.0,0.0,1.0,0.3333333333333333,0.0
stochastic_contradictions,p1.00,p1.00,4,threshold_2,Threshold 2,7,31,13,3,3,0,1.0,,1,32,0,32,0,0,1,,0.0012406947890818859,,0.01934984520123839,1.0,1.0,0.0,1.0,0.3333333333333333,0.0
stochastic_contradictions,p1.00,p1.00,4,threshold_4,Threshold 4,0,31,13,3,3,0,1.0,,1,36,4,36,0,0,1,,0.0012406947890818859,,0.01934984520123839,1.0,1.0,0.0,1.0,0.3333333333333333,0.0
stochastic_contradictions,p1.00,p1.00,4,threshold_4,Threshold 4,1,31,13,3,3,0,1.0,,1,32,0,32,0,0,1,,0.0012406947890818859,,0.01934984520123839,1.0,1.0,0.0,1.0,0.3333333333333333,0.0
stochastic_contradictions,p1.00,p1.00,4,threshold_4,Threshold 4,2,31,13,3,3,0,1.0,,1,32,0,32,0,0,1,,0.0012406947890818859,,0.01934984520123839,1.0,1.0,0.0,1.0,0.3333333333333333,0.0
stochastic_contradictions,p1.00,p1.00,4,threshold_4,Threshold 4,3,31,13,3,3,0,1.0,,1,32,0,32,0,0,1,,0.0012406947890818859,,0.01934984520123839,1.0,1.0,0.0,1.0,0.3333333333333333,0.0
stochastic_contradictions,p1.00,p1.00,4,threshold_4,Threshold 4,4,31,13,3,3,0,1.0,,1,32,0,32,0,0,1,,0.0012406947890818859,,0.01934984520123839,1.0,1.0,0.0,1.0,0.3333333333333333,0.0
stochastic_contradictions,p1.00,p1.00,4,threshold_4,Threshold 4,5,31,13,3,3,0,1.0,,1,32,0,32,0,0,1,,0.0012406947890818859,,0.01934984520123839,1.0,1.0,0.0,1.0,0.3333333333333333,0.0
stochastic_contradictions,p1.00,p1.00,4,threshold_4,Threshold 4,6,31,13,3,3,0,1.0,,1,32,0,32,0,0,1,,0.0012406947890818859,,0.01934984520123839,1.0,1.0,0.0,1.0,0.3333333333333333,0.0
stochastic_contradictions,p1.00,p1.00,4,threshold_4,Threshold 4,7,31,13,3,3,0,1.0,,1,32,0,32,0,0,1,,0.0012406947890818859,,0.01934984520123839,1.0,1.0,0.0,1.0,0.3333333333333333,0.0
stochastic_contradictions,p1.00,p1.00,4,threshold_8,Threshold 8,0,31,13,3,3,0,1.0,,1,40,8,40,0,0,1,,0.0012406947890818859,,0.01934984520123839,1.0,1.0,0.0,1.0,0.3333333333333333,0.0
stochastic_contradictions,p1.00,p1.00,4,threshold_8,Threshold 8,1,31,13,3,3,0,1.0,,1,32,0,32,0,0,1,,0.0012406947890818859,,0.01934984520123839,1.0,1.0,0.0,1.0,0.3333333333333333,0.0
stochastic_contradictions,p1.00,p1.00,4,threshold_8,Threshold 8,2,31,13,3,3,0,1.0,,1,32,0,32,0,0,1,,0.0012406947890818859,,0.01934984520123839,1.0,1.0,0.0,1.0,0.3333333333333333,0.0
stochastic_contradictions,p1.00,p1.00,4,threshold_8,Threshold 8,3,31,13,3,3,0,1.0,,1,32,0,32,0,0,1,,0.0012406947890818859,,0.01934984520123839,1.0,1.0,0.0,1.0,0.3333333333333333,0.0
stochastic_contradictions,p1.00,p1.00,4,threshold_8,Threshold 8,4,31,13,3,3,0,1.0,,1,32,0,32,0,0,1,,0.0012406947890818859,,0.01934984520123839,1.0,1.0,0.0,1.0,0.3333333333333333,0.0
stochastic_contradictions,p1.00,p1.00,4,threshold_8,Threshold 8,5,31,13,3,3,0,1.0,,1,32,0,32,0,0,1,,0.0012406947890818859,,0.01934984520123839,1.0,1.0,0.0,1.0,0.3333333333333333,0.0
stochastic_contradictions,p1.00,p1.00,4,threshold_8,Threshold 8,6,31,13,3,3,0,1.0,,1,32,0,32,0,0,1,,0.0012406947890818859,,0.01934984520123839,1.0,1.0,0.0,1.0,0.3333333333333333,0.0
stochastic_contradictions,p1.00,p1.00,4,threshold_8,Threshold 8,7,31,13,3,3,0,1.0,,1,32,0,32,0,0,1,,0.0012406947890818859,,0.01934984520123839,1.0,1.0,0.0,1.0,0.3333333333333333,0.0
stochastic_contradictions,p1.00,p1.00,4,ccra_exact_guard,CCRA exact,0,31,13,3,3,0,1.0,,1,33,1,33,0,0,1,,0.0012406947890818859,,0.01934984520123839,1.0,1.0,0.0,1.0,0.3333333333333333,0.0
stochastic_contradictions,p1.00,p1.00,4,ccra_exact_guard,CCRA exact,1,31,13,3,3,0,1.0,,1,32,0,32,0,0,1,,0.0012406947890818859,,0.01934984520123839,1.0,1.0,0.0,1.0,0.3333333333333333,0.0
stochastic_contradictions,p1.00,p1.00,4,ccra_exact_guard,CCRA exact,2,31,13,3,3,0,1.0,,1,32,0,32,0,0,1,,0.0012406947890818859,,0.01934984520123839,1.0,1.0,0.0,1.0,0.3333333333333333,0.0
stochastic_contradictions,p1.00,p1.00,4,ccra_exact_guard,CCRA exact,3,31,13,3,3,0,1.0,,1,32,0,32,0,0,1,,0.0012406947890818859,,0.01934984520123839,1.0,1.0,0.0,1.0,0.3333333333333333,0.0
stochastic_contradictions,p1.00,p1.00,4,ccra_exact_guard,CCRA exact,4,31,13,3,3,0,1.0,,1,32,0,32,0,0,1,,0.0012406947890818859,,0.01934984520123839,1.0,1.0,0.0,1.0,0.3333333333333333,0.0
stochastic_contradictions,p1.00,p1.00,4,ccra_exact_guard,CCRA exact,5,31,13,3,3,0,1.0,,1,32,0,32,0,0,1,,0.0012406947890818859,,0.01934984520123839,1.0,1.0,0.0,1.0,0.3333333333333333,0.0
stochastic_contradictions,p1.00,p1.00,4,ccra_exact_guard,CCRA exact,6,31,13,3,3,0,1.0,,1,32,0,32,0,0,1,,0.0012406947890818859,,0.01934984520123839,1.0,1.0,0.0,1.0,0.3333333333333333,0.0
stochastic_contradictions,p1.00,p1.00,4,ccra_exact_guard,CCRA exact,7,31,13,3,3,0,1.0,,1,32,0,32,0,0,1,,0.0012406947890818859,,0.01934984520123839,1.0,1.0,0.0,1.0,0.3333333333333333,0.0
stochastic_contradictions,p1.00,p1.00,4,uncertainty_cost_avoidance,Cost avoidance,0,31,13,3,3,0,1.0,,1,33,1,33,0,0,1,,0.0018610421836228288,,0.029024767801857584,0.0,0.0,0.0,1.0,0.0,0.0
stochastic_contradictions,p1.00,p1.00,4,uncertainty_cost_avoidance,Cost avoidance,1,31,13,3,3,0,1.0,,1,32,0,32,0,0,1,,0.0018610421836228288,,0.029024767801857584,0.0,0.0,0.0,1.0,0.0,0.0
stochastic_contradictions,p1.00,p1.00,4,uncertainty_cost_avoidance,Cost avoidance,2,31,13,3,3,0,1.0,,1,32,0,32,0,0,1,,0.0018610421836228288,,0.029024767801857584,0.0,0.0,0.0,1.0,0.0,0.0
stochastic_contradictions,p1.00,p1.00,4,uncertainty_cost_avoidance,Cost avoidance,3,31,13,3,3,0,1.0,,1,32,0,32,0,0,1,,0.0018610421836228288,,0.029024767801857584,0.0,0.0,0.0,1.0,0.0,0.0
stochastic_contradictions,p1.00,p1.00,4,uncertainty_cost_avoidance,Cost avoidance,4,31,13,3,3,0,1.0,,1,32,0,32,0,0,1,,0.0018610421836228288,,0.029024767801857584,0.0,0.0,0.0,1.0,0.0,0.0
stochastic_contradictions,p1.00,p1.00,4,uncertainty_cost_avoidance,Cost avoidance,5,31,13,3,3,0,1.0,,1,32,0,32,0,0,1,,0.0018610421836228288,,0.029024767801857584,0.0,0.0,0.0,1.0,0.0,0.0
stochastic_contradictions,p1.00,p1.00,4,uncertainty_cost_avoidance,Cost avoidance,6,31,13,3,3,0,1.0,,1,32,0,32,0,0,1,,0.0018610421836228288,,0.029024767801857584,0.0,0.0,0.0,1.0,0.0,0.0
stochastic_contradictions,p1.00,p1.00,4,uncertainty_cost_avoidance,Cost avoidance,7,31,13,3,3,0,1.0,,1,32,0,32,0,0,1,,0.0018610421836228288,,0.029024767801857584,0.0,0.0,0.0,1.0,0.0,0.0
stochastic_contradictions,p1.00,p1.00,4,oracle_fault_model,Oracle,0,31,13,3,3,0,1.0,,1,32,0,32,0,0,0,,0.0,,0.0,3.0,3.0,0.0,1.0,1.0,0.0
stochastic_contradictions,p1.00,p1.00,4,oracle_fault_model,Oracle,1,31,13,3,3,0,1.0,,1,32,0,32,0,0,0,,0.0,,0.0,3.0,3.0,0.0,1.0,1.0,0.0
stochastic_contradictions,p1.00,p1.00,4,oracle_fault_model,Oracle,2,31,13,3,3,0,1.0,,1,32,0,32,0,0,0,,0.0,,0.0,3.0,3.0,0.0,1.0,1.0,0.0
stochastic_contradictions,p1.00,p1.00,4,oracle_fault_model,Oracle,3,31,13,3,3,0,1.0,,1,32,0,32,0,0,0,,0.0,,0.0,3.0,3.0,0.0,1.0,1.0,0.0
stochastic_contradictions,p1.00,p1.00,4,oracle_fault_model,Oracle,4,31,13,3,3,0,1.0,,1,32,0,32,0,0,0,,0.0,,0.0,3.0,3.0,0.0,1.0,1.0,0.0
stochastic_contradictions,p1.00,p1.00,4,oracle_fault_model,Oracle,5,31,13,3,3,0,1.0,,1,32,0,32,0,0,0,,0.0,,0.0,3.0,3.0,0.0,1.0,1.0,0.0
stochastic_contradictions,p1.00,p1.00,4,oracle_fault_model,Oracle,6,31,13,3,3,0,1.0,,1,32,0,32,0,0,0,,0.0,,0.0,3.0,3.0,0.0,1.0,1.0,0.0
stochastic_contradictions,p1.00,p1.00,4,oracle_fault_model,Oracle,7,31,13,3,3,0,1.0,,1,32,0,32,0,0,0,,0.0,,0.0,3.0,3.0,0.0,1.0,1.0,0.0
stochastic_contradictions,p1.00,p1.00,5,nominal_no_repair,Nominal,0,31,13,3,3,0,1.0,,0,220,216,5,0,1,0,,0.0018610421836228288,,0.029024767801857584,0.0,0.0,0.0,1.0,0.0,0.0
stochastic_contradictions,p1.00,p1.00,5,nominal_no_repair,Nominal,1,31,13,3,3,0,1.0,,0,220,216,5,0,1,0,,0.0018610421836228288,,0.029024767801857584,0.0,0.0,0.0,1.0,0.0,0.0
stochastic_contradictions,p1.00,p1.00,5,nominal_no_repair,Nominal,2,31,13,3,3,0,1.0,,0,220,216,5,0,1,0,,0.0018610421836228288,,0.029024767801857584,0.0,0.0,0.0,1.0,0.0,0.0
stochastic_contradictions,p1.00,p1.00,5,nominal_no_repair,Nominal,3,31,13,3,3,0,1.0,,0,220,216,5,0,1,0,,0.0018610421836228288,,0.029024767801857584,0.0,0.0,0.0,1.0,0.0,0.0
stochastic_contradictions,p1.00,p1.00,5,nominal_no_repair,Nominal,4,31,13,3,3,0,1.0,,0,220,216,5,0,1,0,,0.0018610421836228288,,0.029024767801857584,0.0,0.0,0.0,1.0,0.0,0.0
stochastic_contradictions,p1.00,p1.00,5,nominal_no_repair,Nominal,5,31,13,3,3,0,1.0,,0,220,216,5,0,1,0,,0.0018610421836228288,,0.029024767801857584,0.0,0.0,0.0,1.0,0.0,0.0
stochastic_contradictions,p1.00,p1.00,5,nominal_no_repair,Nominal,6,31,13,3,3,0,1.0,,0,220,216,5,0,1,0,,0.0018610421836228288,,0.029024767801857584,0.0,0.0,0.0,1.0,0.0,0.0
stochastic_contradictions,p1.00,p1.00,5,nominal_no_repair,Nominal,7,31,13,3,3,0,1.0,,0,220,216,5,0,1,0,,0.0018610421836228288,,0.029024767801857584,0.0,0.0,0.0,1.0,0.0,0.0
stochastic_contradictions,p1.00,p1.00,5,threshold_2,Threshold 2,0,31,13,3,3,0,1.0,,1,34,2,34,0,0,1,,0.0012406947890818859,,0.01934984520123839,1.0,1.0,0.0,1.0,0.3333333333333333,0.0
stochastic_contradictions,p1.00,p1.00,5,threshold_2,Threshold 2,1,31,13,3,3,0,1.0,,1,32,0,32,0,0,1,,0.0012406947890818859,,0.01934984520123839,1.0,1.0,0.0,1.0,0.3333333333333333,0.0
stochastic_contradictions,p1.00,p1.00,5,threshold_2,Threshold 2,2,31,13,3,3,0,1.0,,1,32,0,32,0,0,1,,0.0012406947890818859,,0.01934984520123839,1.0,1.0,0.0,1.0,0.3333333333333333,0.0
stochastic_contradictions,p1.00,p1.00,5,threshold_2,Threshold 2,3,31,13,3,3,0,1.0,,1,32,0,32,0,0,1,,0.0012406947890818859,,0.01934984520123839,1.0,1.0,0.0,1.0,0.3333333333333333,0.0
stochastic_contradictions,p1.00,p1.00,5,threshold_2,Threshold 2,4,31,13,3,3,0,1.0,,1,32,0,32,0,0,1,,0.0012406947890818859,,0.01934984520123839,1.0,1.0,0.0,1.0,0.3333333333333333,0.0
stochastic_contradictions,p1.00,p1.00,5,threshold_2,Threshold 2,5,31,13,3,3,0,1.0,,1,32,0,32,0,0,1,,0.0012406947890818859,,0.01934984520123839,1.0,1.0,0.0,1.0,0.3333333333333333,0.0
stochastic_contradictions,p1.00,p1.00,5,threshold_2,Threshold 2,6,31,13,3,3,0,1.0,,1,32,0,32,0,0,1,,0.0012406947890818859,,0.01934984520123839,1.0,1.0,0.0,1.0,0.3333333333333333,0.0
stochastic_contradictions,p1.00,p1.00,5,threshold_2,Threshold 2,7,31,13,3,3,0,1.0,,1,32,0,32,0,0,1,,0.0012406947890818859,,0.01934984520123839,1.0,1.0,0.0,1.0,0.3333333333333333,0.0
stochastic_contradictions,p1.00,p1.00,5,threshold_4,Threshold 4,0,31,13,3,3,0,1.0,,1,36,4,36,0,0,1,,0.0012406947890818859,,0.01934984520123839,1.0,1.0,0.0,1.0,0.3333333333333333,0.0
stochastic_contradictions,p1.00,p1.00,5,threshold_4,Threshold 4,1,31,13,3,3,0,1.0,,1,32,0,32,0,0,1,,0.0012406947890818859,,0.01934984520123839,1.0,1.0,0.0,1.0,0.3333333333333333,0.0
stochastic_contradictions,p1.00,p1.00,5,threshold_4,Threshold 4,2,31,13,3,3,0,1.0,,1,32,0,32,0,0,1,,0.0012406947890818859,,0.01934984520123839,1.0,1.0,0.0,1.0,0.3333333333333333,0.0
stochastic_contradictions,p1.00,p1.00,5,threshold_4,Threshold 4,3,31,13,3,3,0,1.0,,1,32,0,32,0,0,1,,0.0012406947890818859,,0.01934984520123839,1.0,1.0,0.0,1.0,0.3333333333333333,0.0
stochastic_contradictions,p1.00,p1.00,5,threshold_4,Threshold 4,4,31,13,3,3,0,1.0,,1,32,0,32,0,0,1,,0.0012406947890818859,,0.01934984520123839,1.0,1.0,0.0,1.0,0.3333333333333333,0.0
stochastic_contradictions,p1.00,p1.00,5,threshold_4,Threshold 4,5,31,13,3,3,0,1.0,,1,32,0,32,0,0,1,,0.0012406947890818859,,0.01934984520123839,1.0,1.0,0.0,1.0,0.3333333333333333,0.0
stochastic_contradictions,p1.00,p1.00,5,threshold_4,Threshold 4,6,31,13,3,3,0,1.0,,1,32,0,32,0,0,1,,0.0012406947890818859,,0.01934984520123839,1.0,1.0,0.0,1.0,0.3333333333333333,0.0
stochastic_contradictions,p1.00,p1.00,5,threshold_4,Threshold 4,7,31,13,3,3,0,1.0,,1,32,0,32,0,0,1,,0.0012406947890818859,,0.01934984520123839,1.0,1.0,0.0,1.0,0.3333333333333333,0.0
stochastic_contradictions,p1.00,p1.00,5,threshold_8,Threshold 8,0,31,13,3,3,0,1.0,,1,40,8,40,0,0,1,,0.0012406947890818859,,0.01934984520123839,1.0,1.0,0.0,1.0,0.3333333333333333,0.0
stochastic_contradictions,p1.00,p1.00,5,threshold_8,Threshold 8,1,31,13,3,3,0,1.0,,1,32,0,32,0,0,1,,0.0012406947890818859,,0.01934984520123839,1.0,1.0,0.0,1.0,0.3333333333333333,0.0
stochastic_contradictions,p1.00,p1.00,5,threshold_8,Threshold 8,2,31,13,3,3,0,1.0,,1,32,0,32,0,0,1,,0.0012406947890818859,,0.01934984520123839,1.0,1.0,0.0,1.0,0.3333333333333333,0.0
stochastic_contradictions,p1.00,p1.00,5,threshold_8,Threshold 8,3,31,13,3,3,0,1.0,,1,32,0,32,0,0,1,,0.0012406947890818859,,0.01934984520123839,1.0,1.0,0.0,1.0,0.3333333333333333,0.0
stochastic_contradictions,p1.00,p1.00,5,threshold_8,Threshold 8,4,31,13,3,3,0,1.0,,1,32,0,32,0,0,1,,0.0012406947890818859,,0.01934984520123839,1.0,1.0,0.0,1.0,0.3333333333333333,0.0
stochastic_contradictions,p1.00,p1.00,5,threshold_8,Threshold 8,5,31,13,3,3,0,1.0,,1,32,0,32,0,0,1,,0.0012406947890818859,,0.01934984520123839,1.0,1.0,0.0,1.0,0.3333333333333333,0.0
stochastic_contradictions,p1.00,p1.00,5,threshold_8,Threshold 8,6,31,13,3,3,0,1.0,,1,32,0,32,0,0,1,,0.0012406947890818859,,0.01934984520123839,1.0,1.0,0.0,1.0,0.3333333333333333,0.0
stochastic_contradictions,p1.00,p1.00,5,threshold_8,Threshold 8,7,31,13,3,3,0,1.0,,1,32,0,32,0,0,1,,0.0012406947890818859,,0.01934984520123839,1.0,1.0,0.0,1.0,0.3333333333333333,0.0
stochastic_contradictions,p1.00,p1.00,5,ccra_exact_guard,CCRA exact,0,31,13,3,3,0,1.0,,1,33,1,33,0,0,1,,0.0012406947890818859,,0.01934984520123839,1.0,1.0,0.0,1.0,0.3333333333333333,0.0
stochastic_contradictions,p1.00,p1.00,5,ccra_exact_guard,CCRA exact,1,31,13,3,3,0,1.0,,1,32,0,32,0,0,1,,0.0012406947890818859,,0.01934984520123839,1.0,1.0,0.0,1.0,0.3333333333333333,0.0
stochastic_contradictions,p1.00,p1.00,5,ccra_exact_guard,CCRA exact,2,31,13,3,3,0,1.0,,1,32,0,32,0,0,1,,0.0012406947890818859,,0.01934984520123839,1.0,1.0,0.0,1.0,0.3333333333333333,0.0
stochastic_contradictions,p1.00,p1.00,5,ccra_exact_guard,CCRA exact,3,31,13,3,3,0,1.0,,1,32,0,32,0,0,1,,0.0012406947890818859,,0.01934984520123839,1.0,1.0,0.0,1.0,0.3333333333333333,0.0
stochastic_contradictions,p1.00,p1.00,5,ccra_exact_guard,CCRA exact,4,31,13,3,3,0,1.0,,1,32,0,32,0,0,1,,0.0012406947890818859,,0.01934984520123839,1.0,1.0,0.0,1.0,0.3333333333333333,0.0
stochastic_contradictions,p1.00,p1.00,5,ccra_exact_guard,CCRA exact,5,31,13,3,3,0,1.0,,1,32,0,32,0,0,1,,0.0012406947890818859,,0.01934984520123839,1.0,1.0,0.0,1.0,0.3333333333333333,0.0
stochastic_contradictions,p1.00,p1.00,5,ccra_exact_guard,CCRA exact,6,31,13,3,3,0,1.0,,1,32,0,32,0,0,1,,0.0012406947890818859,,0.01934984520123839,1.0,1.0,0.0,1.0,0.3333333333333333,0.0
stochastic_contradictions,p1.00,p1.00,5,ccra_exact_guard,CCRA exact,7,31,13,3,3,0,1.0,,1,32,0,32,0,0,1,,0.0012406947890818859,,0.01934984520123839,1.0,1.0,0.0,1.0,0.3333333333333333,0.0
stochastic_contradictions,p1.00,p1.00,5,uncertainty_cost_avoidance,Cost avoidance,0,31,13,3,3,0,1.0,,1,33,1,33,0,0,1,,0.0018610421836228288,,0.029024767801857584,0.0,0.0,0.0,1.0,0.0,0.0
stochastic_contradictions,p1.00,p1.00,5,uncertainty_cost_avoidance,Cost avoidance,1,31,13,3,3,0,1.0,,1,32,0,32,0,0,1,,0.0018610421836228288,,0.029024767801857584,0.0,0.0,0.0,1.0,0.0,0.0
stochastic_contradictions,p1.00,p1.00,5,uncertainty_cost_avoidance,Cost avoidance,2,31,13,3,3,0,1.0,,1,32,0,32,0,0,1,,0.0018610421836228288,,0.029024767801857584,0.0,0.0,0.0,1.0,0.0,0.0
stochastic_contradictions,p1.00,p1.00,5,uncertainty_cost_avoidance,Cost avoidance,3,31,13,3,3,0,1.0,,1,32,0,32,0,0,1,,0.0018610421836228288,,0.029024767801857584,0.0,0.0,0.0,1.0,0.0,0.0
stochastic_contradictions,p1.00,p1.00,5,uncertainty_cost_avoidance,Cost avoidance,4,31,13,3,3,0,1.0,,1,32,0,32,0,0,1,,0.0018610421836228288,,0.029024767801857584,0.0,0.0,0.0,1.0,0.0,0.0
stochastic_contradictions,p1.00,p1.00,5,uncertainty_cost_avoidance,Cost avoidance,5,31,13,3,3,0,1.0,,1,32,0,32,0,0,1,,0.0018610421836228288,,0.029024767801857584,0.0,0.0,0.0,1.0,0.0,0.0
stochastic_contradictions,p1.00,p1.00,5,uncertainty_cost_avoidance,Cost avoidance,6,31,13,3,3,0,1.0,,1,32,0,32,0,0,1,,0.0018610421836228288,,0.029024767801857584,0.0,0.0,0.0,1.0,0.0,0.0
stochastic_contradictions,p1.00,p1.00,5,uncertainty_cost_avoidance,Cost avoidance,7,31,13,3,3,0,1.0,,1,32,0,32,0,0,1,,0.0018610421836228288,,0.029024767801857584,0.0,0.0,0.0,1.0,0.0,0.0
stochastic_contradictions,p1.00,p1.00,5,oracle_fault_model,Oracle,0,31,13,3,3,0,1.0,,1,32,0,32,0,0,0,,0.0,,0.0,3.0,3.0,0.0,1.0,1.0,0.0
stochastic_contradictions,p1.00,p1.00,5,oracle_fault_model,Oracle,1,31,13,3,3,0,1.0,,1,32,0,32,0,0,0,,0.0,,0.0,3.0,3.0,0.0,1.0,1.0,0.0
stochastic_contradictions,p1.00,p1.00,5,oracle_fault_model,Oracle,2,31,13,3,3,0,1.0,,1,32,0,32,0,0,0,,0.0,,0.0,3.0,3.0,0.0,1.0,1.0,0.0
stochastic_contradictions,p1.00,p1.00,5,oracle_fault_model,Oracle,3,31,13,3,3,0,1.0,,1,32,0,32,0,0,0,,0.0,,0.0,3.0,3.0,0.0,1.0,1.0,0.0
stochastic_contradictions,p1.00,p1.00,5,oracle_fault_model,Oracle,4,31,13,3,3,0,1.0,,1,32,0,32,0,0,0,,0.0,,0.0,3.0,3.0,0.0,1.0,1.0,0.0
stochastic_contradictions,p1.00,p1.00,5,oracle_fault_model,Oracle,5,31,13,3,3,0,1.0,,1,32,0,32,0,0,0,,0.0,,0.0,3.0,3.0,0.0,1.0,1.0,0.0
stochastic_contradictions,p1.00,p1.00,5,oracle_fault_model,Oracle,6,31,13,3,3,0,1.0,,1,32,0,32,0,0,0,,0.0,,0.0,3.0,3.0,0.0,1.0,1.0,0.0
stochastic_contradictions,p1.00,p1.00,5,oracle_fault_model,Oracle,7,31,13,3,3,0,1.0,,1,32,0,32,0,0,0,,0.0,,0.0,3.0,3.0,0.0,1.0,1.0,0.0
stochastic_contradictions,p1.00,p1.00,6,nominal_no_repair,Nominal,0,31,13,3,3,0,1.0,,0,220,216,5,0,1,0,,0.0018610421836228288,,0.029024767801857584,0.0,0.0,0.0,1.0,0.0,0.0
stochastic_contradictions,p1.00,p1.00,6,nominal_no_repair,Nominal,1,31,13,3,3,0,1.0,,0,220,216,5,0,1,0,,0.0018610421836228288,,0.029024767801857584,0.0,0.0,0.0,1.0,0.0,0.0
stochastic_contradictions,p1.00,p1.00,6,nominal_no_repair,Nominal,2,31,13,3,3,0,1.0,,0,220,216,5,0,1,0,,0.0018610421836228288,,0.029024767801857584,0.0,0.0,0.0,1.0,0.0,0.0
stochastic_contradictions,p1.00,p1.00,6,nominal_no_repair,Nominal,3,31,13,3,3,0,1.0,,0,220,216,5,0,1,0,,0.0018610421836228288,,0.029024767801857584,0.0,0.0,0.0,1.0,0.0,0.0
stochastic_contradictions,p1.00,p1.00,6,nominal_no_repair,Nominal,4,31,13,3,3,0,1.0,,0,220,216,5,0,1,0,,0.0018610421836228288,,0.029024767801857584,0.0,0.0,0.0,1.0,0.0,0.0
stochastic_contradictions,p1.00,p1.00,6,nominal_no_repair,Nominal,5,31,13,3,3,0,1.0,,0,220,216,5,0,1,0,,0.0018610421836228288,,0.029024767801857584,0.0,0.0,0.0,1.0,0.0,0.0
stochastic_contradictions,p1.00,p1.00,6,nominal_no_repair,Nominal,6,31,13,3,3,0,1.0,,0,220,216,5,0,1,0,,0.0018610421836228288,,0.029024767801857584,0.0,0.0,0.0,1.0,0.0,0.0
stochastic_contradictions,p1.00,p1.00,6,nominal_no_repair,Nominal,7,31,13,3,3,0,1.0,,0,220,216,5,0,1,0,,0.0018610421836228288,,0.029024767801857584,0.0,0.0,0.0,1.0,0.0,0.0
stochastic_contradictions,p1.00,p1.00,6,threshold_2,Threshold 2,0,31,13,3,3,0,1.0,,1,34,2,34,0,0,1,,0.0012406947890818859,,0.01934984520123839,1.0,1.0,0.0,1.0,0.3333333333333333,0.0
stochastic_contradictions,p1.00,p1.00,6,threshold_2,Threshold 2,1,31,13,3,3,0,1.0,,1,32,0,32,0,0,1,,0.0012406947890818859,,0.01934984520123839,1.0,1.0,0.0,1.0,0.3333333333333333,0.0
stochastic_contradictions,p1.00,p1.00,6,threshold_2,Threshold 2,2,31,13,3,3,0,1.0,,1,32,0,32,0,0,1,,0.0012406947890818859,,0.01934984520123839,1.0,1.0,0.0,1.0,0.3333333333333333,0.0
stochastic_contradictions,p1.00,p1.00,6,threshold_2,Threshold 2,3,31,13,3,3,0,1.0,,1,32,0,32,0,0,1,,0.0012406947890818859,,0.01934984520123839,1.0,1.0,0.0,1.0,0.3333333333333333,0.0
stochastic_contradictions,p1.00,p1.00,6,threshold_2,Threshold 2,4,31,13,3,3,0,1.0,,1,32,0,32,0,0,1,,0.0012406947890818859,,0.01934984520123839,1.0,1.0,0.0,1.0,0.3333333333333333,0.0
stochastic_contradictions,p1.00,p1.00,6,threshold_2,Threshold 2,5,31,13,3,3,0,1.0,,1,32,0,32,0,0,1,,0.0012406947890818859,,0.01934984520123839,1.0,1.0,0.0,1.0,0.3333333333333333,0.0
stochastic_contradictions,p1.00,p1.00,6,threshold_2,Threshold 2,6,31,13,3,3,0,1.0,,1,32,0,32,0,0,1,,0.0012406947890818859,,0.01934984520123839,1.0,1.0,0.0,1.0,0.3333333333333333,0.0
stochastic_contradictions,p1.00,p1.00,6,threshold_2,Threshold 2,7,31,13,3,3,0,1.0,,1,32,0,32,0,0,1,,0.0012406947890818859,,0.01934984520123839,1.0,1.0,0.0,1.0,0.3333333333333333,0.0
stochastic_contradictions,p1.00,p1.00,6,threshold_4,Threshold 4,0,31,13,3,3,0,1.0,,1,36,4,36,0,0,1,,0.0012406947890818859,,0.01934984520123839,1.0,1.0,0.0,1.0,0.3333333333333333,0.0
stochastic_contradictions,p1.00,p1.00,6,threshold_4,Threshold 4,1,31,13,3,3,0,1.0,,1,32,0,32,0,0,1,,0.0012406947890818859,,0.01934984520123839,1.0,1.0,0.0,1.0,0.3333333333333333,0.0
stochastic_contradictions,p1.00,p1.00,6,threshold_4,Threshold 4,2,31,13,3,3,0,1.0,,1,32,0,32,0,0,1,,0.0012406947890818859,,0.01934984520123839,1.0,1.0,0.0,1.0,0.3333333333333333,0.0
stochastic_contradictions,p1.00,p1.00,6,threshold_4,Threshold 4,3,31,13,3,3,0,1.0,,1,32,0,32,0,0,1,,0.0012406947890818859,,0.01934984520123839,1.0,1.0,0.0,1.0,0.3333333333333333,0.0
stochastic_contradictions,p1.00,p1.00,6,threshold_4,Threshold 4,4,31,13,3,3,0,1.0,,1,32,0,32,0,0,1,,0.0012406947890818859,,0.01934984520123839,1.0,1.0,0.0,1.0,0.3333333333333333,0.0
stochastic_contradictions,p1.00,p1.00,6,threshold_4,Threshold 4,5,31,13,3,3,0,1.0,,1,32,0,32,0,0,1,,0.0012406947890818859,,0.01934984520123839,1.0,1.0,0.0,1.0,0.3333333333333333,0.0
stochastic_contradictions,p1.00,p1.00,6,threshold_4,Threshold 4,6,31,13,3,3,0,1.0,,1,32,0,32,0,0,1,,0.0012406947890818859,,0.01934984520123839,1.0,1.0,0.0,1.0,0.3333333333333333,0.0
stochastic_contradictions,p1.00,p1.00,6,threshold_4,Threshold 4,7,31,13,3,3,0,1.0,,1,32,0,32,0,0,1,,0.0012406947890818859,,0.01934984520123839,1.0,1.0,0.0,1.0,0.3333333333333333,0.0
stochastic_contradictions,p1.00,p1.00,6,threshold_8,Threshold 8,0,31,13,3,3,0,1.0,,1,40,8,40,0,0,1,,0.0012406947890818859,,0.01934984520123839,1.0,1.0,0.0,1.0,0.3333333333333333,0.0
stochastic_contradictions,p1.00,p1.00,6,threshold_8,Threshold 8,1,31,13,3,3,0,1.0,,1,32,0,32,0,0,1,,0.0012406947890818859,,0.01934984520123839,1.0,1.0,0.0,1.0,0.3333333333333333,0.0
stochastic_contradictions,p1.00,p1.00,6,threshold_8,Threshold 8,2,31,13,3,3,0,1.0,,1,32,0,32,0,0,1,,0.0012406947890818859,,0.01934984520123839,1.0,1.0,0.0,1.0,0.3333333333333333,0.0
stochastic_contradictions,p1.00,p1.00,6,threshold_8,Threshold 8,3,31,13,3,3,0,1.0,,1,32,0,32,0,0,1,,0.0012406947890818859,,0.01934984520123839,1.0,1.0,0.0,1.0,0.3333333333333333,0.0
stochastic_contradictions,p1.00,p1.00,6,threshold_8,Threshold 8,4,31,13,3,3,0,1.0,,1,32,0,32,0,0,1,,0.0012406947890818859,,0.01934984520123839,1.0,1.0,0.0,1.0,0.3333333333333333,0.0
stochastic_contradictions,p1.00,p1.00,6,threshold_8,Threshold 8,5,31,13,3,3,0,1.0,,1,32,0,32,0,0,1,,0.0012406947890818859,,0.01934984520123839,1.0,1.0,0.0,1.0,0.3333333333333333,0.0
stochastic_contradictions,p1.00,p1.00,6,threshold_8,Threshold 8,6,31,13,3,3,0,1.0,,1,32,0,32,0,0,1,,0.0012406947890818859,,0.01934984520123839,1.0,1.0,0.0,1.0,0.3333333333333333,0.0
stochastic_contradictions,p1.00,p1.00,6,threshold_8,Threshold 8,7,31,13,3,3,0,1.0,,1,32,0,32,0,0,1,,0.0012406947890818859,,0.01934984520123839,1.0,1.0,0.0,1.0,0.3333333333333333,0.0
stochastic_contradictions,p1.00,p1.00,6,ccra_exact_guard,CCRA exact,0,31,13,3,3,0,1.0,,1,33,1,33,0,0,1,,0.0012406947890818859,,0.01934984520123839,1.0,1.0,0.0,1.0,0.3333333333333333,0.0
stochastic_contradictions,p1.00,p1.00,6,ccra_exact_guard,CCRA exact,1,31,13,3,3,0,1.0,,1,32,0,32,0,0,1,,0.0012406947890818859,,0.01934984520123839,1.0,1.0,0.0,1.0,0.3333333333333333,0.0
stochastic_contradictions,p1.00,p1.00,6,ccra_exact_guard,CCRA exact,2,31,13,3,3,0,1.0,,1,32,0,32,0,0,1,,0.0012406947890818859,,0.01934984520123839,1.0,1.0,0.0,1.0,0.3333333333333333,0.0
stochastic_contradictions,p1.00,p1.00,6,ccra_exact_guard,CCRA exact,3,31,13,3,3,0,1.0,,1,32,0,32,0,0,1,,0.0012406947890818859,,0.01934984520123839,1.0,1.0,0.0,1.0,0.3333333333333333,0.0
stochastic_contradictions,p1.00,p1.00,6,ccra_exact_guard,CCRA exact,4,31,13,3,3,0,1.0,,1,32,0,32,0,0,1,,0.0012406947890818859,,0.01934984520123839,1.0,1.0,0.0,1.0,0.3333333333333333,0.0
stochastic_contradictions,p1.00,p1.00,6,ccra_exact_guard,CCRA exact,5,31,13,3,3,0,1.0,,1,32,0,32,0,0,1,,0.0012406947890818859,,0.01934984520123839,1.0,1.0,0.0,1.0,0.3333333333333333,0.0
stochastic_contradictions,p1.00,p1.00,6,ccra_exact_guard,CCRA exact,6,31,13,3,3,0,1.0,,1,32,0,32,0,0,1,,0.0012406947890818859,,0.01934984520123839,1.0,1.0,0.0,1.0,0.3333333333333333,0.0
stochastic_contradictions,p1.00,p1.00,6,ccra_exact_guard,CCRA exact,7,31,13,3,3,0,1.0,,1,32,0,32,0,0,1,,0.0012406947890818859,,0.01934984520123839,1.0,1.0,0.0,1.0,0.3333333333333333,0.0
stochastic_contradictions,p1.00,p1.00,6,uncertainty_cost_avoidance,Cost avoidance,0,31,13,3,3,0,1.0,,1,33,1,33,0,0,1,,0.0018610421836228288,,0.029024767801857584,0.0,0.0,0.0,1.0,0.0,0.0
stochastic_contradictions,p1.00,p1.00,6,uncertainty_cost_avoidance,Cost avoidance,1,31,13,3,3,0,1.0,,1,32,0,32,0,0,1,,0.0018610421836228288,,0.029024767801857584,0.0,0.0,0.0,1.0,0.0,0.0
stochastic_contradictions,p1.00,p1.00,6,uncertainty_cost_avoidance,Cost avoidance,2,31,13,3,3,0,1.0,,1,32,0,32,0,0,1,,0.0018610421836228288,,0.029024767801857584,0.0,0.0,0.0,1.0,0.0,0.0
stochastic_contradictions,p1.00,p1.00,6,uncertainty_cost_avoidance,Cost avoidance,3,31,13,3,3,0,1.0,,1,32,0,32,0,0,1,,0.0018610421836228288,,0.029024767801857584,0.0,0.0,0.0,1.0,0.0,0.0
stochastic_contradictions,p1.00,p1.00,6,uncertainty_cost_avoidance,Cost avoidance,4,31,13,3,3,0,1.0,,1,32,0,32,0,0,1,,0.0018610421836228288,,0.029024767801857584,0.0,0.0,0.0,1.0,0.0,0.0
stochastic_contradictions,p1.00,p1.00,6,uncertainty_cost_avoidance,Cost avoidance,5,31,13,3,3,0,1.0,,1,32,0,32,0,0,1,,0.0018610421836228288,,0.029024767801857584,0.0,0.0,0.0,1.0,0.0,0.0
stochastic_contradictions,p1.00,p1.00,6,uncertainty_cost_avoidance,Cost avoidance,6,31,13,3,3,0,1.0,,1,32,0,32,0,0,1,,0.0018610421836228288,,0.029024767801857584,0.0,0.0,0.0,1.0,0.0,0.0
stochastic_contradictions,p1.00,p1.00,6,uncertainty_cost_avoidance,Cost avoidance,7,31,13,3,3,0,1.0,,1,32,0,32,0,0,1,,0.0018610421836228288,,0.029024767801857584,0.0,0.0,0.0,1.0,0.0,0.0
stochastic_contradictions,p1.00,p1.00,6,oracle_fault_model,Oracle,0,31,13,3,3,0,1.0,,1,32,0,32,0,0,0,,0.0,,0.0,3.0,3.0,0.0,1.0,1.0,0.0
stochastic_contradictions,p1.00,p1.00,6,oracle_fault_model,Oracle,1,31,13,3,3,0,1.0,,1,32,0,32,0,0,0,,0.0,,0.0,3.0,3.0,0.0,1.0,1.0,0.0
stochastic_contradictions,p1.00,p1.00,6,oracle_fault_model,Oracle,2,31,13,3,3,0,1.0,,1,32,0,32,0,0,0,,0.0,,0.0,3.0,3.0,0.0,1.0,1.0,0.0
stochastic_contradictions,p1.00,p1.00,6,oracle_fault_model,Oracle,3,31,13,3,3,0,1.0,,1,32,0,32,0,0,0,,0.0,,0.0,3.0,3.0,0.0,1.0,1.0,0.0
stochastic_contradictions,p1.00,p1.00,6,oracle_fault_model,Oracle,4,31,13,3,3,0,1.0,,1,32,0,32,0,0,0,,0.0,,0.0,3.0,3.0,0.0,1.0,1.0,0.0
stochastic_contradictions,p1.00,p1.00,6,oracle_fault_model,Oracle,5,31,13,3,3,0,1.0,,1,32,0,32,0,0,0,,0.0,,0.0,3.0,3.0,0.0,1.0,1.0,0.0
stochastic_contradictions,p1.00,p1.00,6,oracle_fault_model,Oracle,6,31,13,3,3,0,1.0,,1,32,0,32,0,0,0,,0.0,,0.0,3.0,3.0,0.0,1.0,1.0,0.0
stochastic_contradictions,p1.00,p1.00,6,oracle_fault_model,Oracle,7,31,13,3,3,0,1.0,,1,32,0,32,0,0,0,,0.0,,0.0,3.0,3.0,0.0,1.0,1.0,0.0
stochastic_contradictions,p1.00,p1.00,7,nominal_no_repair,Nominal,0,31,13,3,3,0,1.0,,0,220,211,10,0,1,0,,0.0018610421836228288,,0.029024767801857584,0.0,0.0,0.0,1.0,0.0,0.0
stochastic_contradictions,p1.00,p1.00,7,nominal_no_repair,Nominal,1,31,13,3,3,0,1.0,,0,220,211,10,0,1,0,,0.0018610421836228288,,0.029024767801857584,0.0,0.0,0.0,1.0,0.0,0.0
stochastic_contradictions,p1.00,p1.00,7,nominal_no_repair,Nominal,2,31,13,3,3,0,1.0,,0,220,211,10,0,1,0,,0.0018610421836228288,,0.029024767801857584,0.0,0.0,0.0,1.0,0.0,0.0
stochastic_contradictions,p1.00,p1.00,7,nominal_no_repair,Nominal,3,31,13,3,3,0,1.0,,0,220,211,10,0,1,0,,0.0018610421836228288,,0.029024767801857584,0.0,0.0,0.0,1.0,0.0,0.0
stochastic_contradictions,p1.00,p1.00,7,nominal_no_repair,Nominal,4,31,13,3,3,0,1.0,,0,220,211,10,0,1,0,,0.0018610421836228288,,0.029024767801857584,0.0,0.0,0.0,1.0,0.0,0.0
stochastic_contradictions,p1.00,p1.00,7,nominal_no_repair,Nominal,5,31,13,3,3,0,1.0,,0,220,211,10,0,1,0,,0.0018610421836228288,,0.029024767801857584,0.0,0.0,0.0,1.0,0.0,0.0
stochastic_contradictions,p1.00,p1.00,7,nominal_no_repair,Nominal,6,31,13,3,3,0,1.0,,0,220,211,10,0,1,0,,0.0018610421836228288,,0.029024767801857584,0.0,0.0,0.0,1.0,0.0,0.0
stochastic_contradictions,p1.00,p1.00,7,nominal_no_repair,Nominal,7,31,13,3,3,0,1.0,,0,220,211,10,0,1,0,,0.0018610421836228288,,0.029024767801857584,0.0,0.0,0.0,1.0,0.0,0.0
stochastic_contradictions,p1.00,p1.00,7,threshold_2,Threshold 2,0,31,13,3,3,0,1.0,,1,34,2,34,0,0,1,,0.0012406947890818859,,0.01934984520123839,1.0,1.0,0.0,1.0,0.3333333333333333,0.0
stochastic_contradictions,p1.00,p1.00,7,threshold_2,Threshold 2,1,31,13,3,3,0,1.0,,1,32,0,32,0,0,1,,0.0012406947890818859,,0.01934984520123839,1.0,1.0,0.0,1.0,0.3333333333333333,0.0
stochastic_contradictions,p1.00,p1.00,7,threshold_2,Threshold 2,2,31,13,3,3,0,1.0,,1,32,0,32,0,0,1,,0.0012406947890818859,,0.01934984520123839,1.0,1.0,0.0,1.0,0.3333333333333333,0.0
stochastic_contradictions,p1.00,p1.00,7,threshold_2,Threshold 2,3,31,13,3,3,0,1.0,,1,32,0,32,0,0,1,,0.0012406947890818859,,0.01934984520123839,1.0,1.0,0.0,1.0,0.3333333333333333,0.0
stochastic_contradictions,p1.00,p1.00,7,threshold_2,Threshold 2,4,31,13,3,3,0,1.0,,1,32,0,32,0,0,1,,0.0012406947890818859,,0.01934984520123839,1.0,1.0,0.0,1.0,0.3333333333333333,0.0
stochastic_contradictions,p1.00,p1.00,7,threshold_2,Threshold 2,5,31,13,3,3,0,1.0,,1,32,0,32,0,0,1,,0.0012406947890818859,,0.01934984520123839,1.0,1.0,0.0,1.0,0.3333333333333333,0.0
stochastic_contradictions,p1.00,p1.00,7,threshold_2,Threshold 2,6,31,13,3,3,0,1.0,,1,32,0,32,0,0,1,,0.0012406947890818859,,0.01934984520123839,1.0,1.0,0.0,1.0,0.3333333333333333,0.0
stochastic_contradictions,p1.00,p1.00,7,threshold_2,Threshold 2,7,31,13,3,3,0,1.0,,1,32,0,32,0,0,1,,0.0012406947890818859,,0.01934984520123839,1.0,1.0,0.0,1.0,0.3333333333333333,0.0
stochastic_contradictions,p1.00,p1.00,7,threshold_4,Threshold 4,0,31,13,3,3,0,1.0,,1,36,4,36,0,0,1,,0.0012406947890818859,,0.01934984520123839,1.0,1.0,0.0,1.0,0.3333333333333333,0.0
stochastic_contradictions,p1.00,p1.00,7,threshold_4,Threshold 4,1,31,13,3,3,0,1.0,,1,32,0,32,0,0,1,,0.0012406947890818859,,0.01934984520123839,1.0,1.0,0.0,1.0,0.3333333333333333,0.0
stochastic_contradictions,p1.00,p1.00,7,threshold_4,Threshold 4,2,31,13,3,3,0,1.0,,1,32,0,32,0,0,1,,0.0012406947890818859,,0.01934984520123839,1.0,1.0,0.0,1.0,0.3333333333333333,0.0
stochastic_contradictions,p1.00,p1.00,7,threshold_4,Threshold 4,3,31,13,3,3,0,1.0,,1,32,0,32,0,0,1,,0.0012406947890818859,,0.01934984520123839,1.0,1.0,0.0,1.0,0.3333333333333333,0.0
stochastic_contradictions,p1.00,p1.00,7,threshold_4,Threshold 4,4,31,13,3,3,0,1.0,,1,32,0,32,0,0,1,,0.0012406947890818859,,0.01934984520123839,1.0,1.0,0.0,1.0,0.3333333333333333,0.0
stochastic_contradictions,p1.00,p1.00,7,threshold_4,Threshold 4,5,31,13,3,3,0,1.0,,1,32,0,32,0,0,1,,0.0012406947890818859,,0.01934984520123839,1.0,1.0,0.0,1.0,0.3333333333333333,0.0
stochastic_contradictions,p1.00,p1.00,7,threshold_4,Threshold 4,6,31,13,3,3,0,1.0,,1,32,0,32,0,0,1,,0.0012406947890818859,,0.01934984520123839,1.0,1.0,0.0,1.0,0.3333333333333333,0.0
stochastic_contradictions,p1.00,p1.00,7,threshold_4,Threshold 4,7,31,13,3,3,0,1.0,,1,32,0,32,0,0,1,,0.0012406947890818859,,0.01934984520123839,1.0,1.0,0.0,1.0,0.3333333333333333,0.0
stochastic_contradictions,p1.00,p1.00,7,threshold_8,Threshold 8,0,31,13,3,3,0,1.0,,1,40,8,40,0,0,1,,0.0012406947890818859,,0.01934984520123839,1.0,1.0,0.0,1.0,0.3333333333333333,0.0
stochastic_contradictions,p1.00,p1.00,7,threshold_8,Threshold 8,1,31,13,3,3,0,1.0,,1,32,0,32,0,0,1,,0.0012406947890818859,,0.01934984520123839,1.0,1.0,0.0,1.0,0.3333333333333333,0.0
stochastic_contradictions,p1.00,p1.00,7,threshold_8,Threshold 8,2,31,13,3,3,0,1.0,,1,32,0,32,0,0,1,,0.0012406947890818859,,0.01934984520123839,1.0,1.0,0.0,1.0,0.3333333333333333,0.0
stochastic_contradictions,p1.00,p1.00,7,threshold_8,Threshold 8,3,31,13,3,3,0,1.0,,1,32,0,32,0,0,1,,0.0012406947890818859,,0.01934984520123839,1.0,1.0,0.0,1.0,0.3333333333333333,0.0
stochastic_contradictions,p1.00,p1.00,7,threshold_8,Threshold 8,4,31,13,3,3,0,1.0,,1,32,0,32,0,0,1,,0.0012406947890818859,,0.01934984520123839,1.0,1.0,0.0,1.0,0.3333333333333333,0.0
stochastic_contradictions,p1.00,p1.00,7,threshold_8,Threshold 8,5,31,13,3,3,0,1.0,,1,32,0,32,0,0,1,,0.0012406947890818859,,0.01934984520123839,1.0,1.0,0.0,1.0,0.3333333333333333,0.0
stochastic_contradictions,p1.00,p1.00,7,threshold_8,Threshold 8,6,31,13,3,3,0,1.0,,1,32,0,32,0,0,1,,0.0012406947890818859,,0.01934984520123839,1.0,1.0,0.0,1.0,0.3333333333333333,0.0
stochastic_contradictions,p1.00,p1.00,7,threshold_8,Threshold 8,7,31,13,3,3,0,1.0,,1,32,0,32,0,0,1,,0.0012406947890818859,,0.01934984520123839,1.0,1.0,0.0,1.0,0.3333333333333333,0.0
stochastic_contradictions,p1.00,p1.00,7,ccra_exact_guard,CCRA exact,0,31,13,3,3,0,1.0,,1,33,1,33,0,0,1,,0.0012406947890818859,,0.01934984520123839,1.0,1.0,0.0,1.0,0.3333333333333333,0.0
stochastic_contradictions,p1.00,p1.00,7,ccra_exact_guard,CCRA exact,1,31,13,3,3,0,1.0,,1,32,0,32,0,0,1,,0.0012406947890818859,,0.01934984520123839,1.0,1.0,0.0,1.0,0.3333333333333333,0.0
stochastic_contradictions,p1.00,p1.00,7,ccra_exact_guard,CCRA exact,2,31,13,3,3,0,1.0,,1,32,0,32,0,0,1,,0.0012406947890818859,,0.01934984520123839,1.0,1.0,0.0,1.0,0.3333333333333333,0.0
stochastic_contradictions,p1.00,p1.00,7,ccra_exact_guard,CCRA exact,3,31,13,3,3,0,1.0,,1,32,0,32,0,0,1,,0.0012406947890818859,,0.01934984520123839,1.0,1.0,0.0,1.0,0.3333333333333333,0.0
stochastic_contradictions,p1.00,p1.00,7,ccra_exact_guard,CCRA exact,4,31,13,3,3,0,1.0,,1,32,0,32,0,0,1,,0.0012406947890818859,,0.01934984520123839,1.0,1.0,0.0,1.0,0.3333333333333333,0.0
stochastic_contradictions,p1.00,p1.00,7,ccra_exact_guard,CCRA exact,5,31,13,3,3,0,1.0,,1,32,0,32,0,0,1,,0.0012406947890818859,,0.01934984520123839,1.0,1.0,0.0,1.0,0.3333333333333333,0.0
stochastic_contradictions,p1.00,p1.00,7,ccra_exact_guard,CCRA exact,6,31,13,3,3,0,1.0,,1,32,0,32,0,0,1,,0.0012406947890818859,,0.01934984520123839,1.0,1.0,0.0,1.0,0.3333333333333333,0.0
stochastic_contradictions,p1.00,p1.00,7,ccra_exact_guard,CCRA exact,7,31,13,3,3,0,1.0,,1,32,0,32,0,0,1,,0.0012406947890818859,,0.01934984520123839,1.0,1.0,0.0,1.0,0.3333333333333333,0.0
stochastic_contradictions,p1.00,p1.00,7,uncertainty_cost_avoidance,Cost avoidance,0,31,13,3,3,0,1.0,,1,33,1,33,0,0,1,,0.0018610421836228288,,0.029024767801857584,0.0,0.0,0.0,1.0,0.0,0.0
stochastic_contradictions,p1.00,p1.00,7,uncertainty_cost_avoidance,Cost avoidance,1,31,13,3,3,0,1.0,,1,32,0,32,0,0,1,,0.0018610421836228288,,0.029024767801857584,0.0,0.0,0.0,1.0,0.0,0.0
stochastic_contradictions,p1.00,p1.00,7,uncertainty_cost_avoidance,Cost avoidance,2,31,13,3,3,0,1.0,,1,32,0,32,0,0,1,,0.0018610421836228288,,0.029024767801857584,0.0,0.0,0.0,1.0,0.0,0.0
stochastic_contradictions,p1.00,p1.00,7,uncertainty_cost_avoidance,Cost avoidance,3,31,13,3,3,0,1.0,,1,32,0,32,0,0,1,,0.0018610421836228288,,0.029024767801857584,0.0,0.0,0.0,1.0,0.0,0.0
stochastic_contradictions,p1.00,p1.00,7,uncertainty_cost_avoidance,Cost avoidance,4,31,13,3,3,0,1.0,,1,32,0,32,0,0,1,,0.0018610421836228288,,0.029024767801857584,0.0,0.0,0.0,1.0,0.0,0.0
stochastic_contradictions,p1.00,p1.00,7,uncertainty_cost_avoidance,Cost avoidance,5,31,13,3,3,0,1.0,,1,32,0,32,0,0,1,,0.0018610421836228288,,0.029024767801857584,0.0,0.0,0.0,1.0,0.0,0.0
stochastic_contradictions,p1.00,p1.00,7,uncertainty_cost_avoidance,Cost avoidance,6,31,13,3,3,0,1.0,,1,32,0,32,0,0,1,,0.0018610421836228288,,0.029024767801857584,0.0,0.0,0.0,1.0,0.0,0.0
stochastic_contradictions,p1.00,p1.00,7,uncertainty_cost_avoidance,Cost avoidance,7,31,13,3,3,0,1.0,,1,32,0,32,0,0,1,,0.0018610421836228288,,0.029024767801857584,0.0,0.0,0.0,1.0,0.0,0.0
stochastic_contradictions,p1.00,p1.00,7,oracle_fault_model,Oracle,0,31,13,3,3,0,1.0,,1,32,0,32,0,0,0,,0.0,,0.0,3.0,3.0,0.0,1.0,1.0,0.0
stochastic_contradictions,p1.00,p1.00,7,oracle_fault_model,Oracle,1,31,13,3,3,0,1.0,,1,32,0,32,0,0,0,,0.0,,0.0,3.0,3.0,0.0,1.0,1.0,0.0
stochastic_contradictions,p1.00,p1.00,7,oracle_fault_model,Oracle,2,31,13,3,3,0,1.0,,1,32,0,32,0,0,0,,0.0,,0.0,3.0,3.0,0.0,1.0,1.0,0.0
stochastic_contradictions,p1.00,p1.00,7,oracle_fault_model,Oracle,3,31,13,3,3,0,1.0,,1,32,0,32,0,0,0,,0.0,,0.0,3.0,3.0,0.0,1.0,1.0,0.0
stochastic_contradictions,p1.00,p1.00,7,oracle_fault_model,Oracle,4,31,13,3,3,0,1.0,,1,32,0,32,0,0,0,,0.0,,0.0,3.0,3.0,0.0,1.0,1.0,0.0
stochastic_contradictions,p1.00,p1.00,7,oracle_fault_model,Oracle,5,31,13,3,3,0,1.0,,1,32,0,32,0,0,0,,0.0,,0.0,3.0,3.0,0.0,1.0,1.0,0.0
stochastic_contradictions,p1.00,p1.00,7,oracle_fault_model,Oracle,6,31,13,3,3,0,1.0,,1,32,0,32,0,0,0,,0.0,,0.0,3.0,3.0,0.0,1.0,1.0,0.0
stochastic_contradictions,p1.00,p1.00,7,oracle_fault_model,Oracle,7,31,13,3,3,0,1.0,,1,32,0,32,0,0,0,,0.0,,0.0,3.0,3.0,0.0,1.0,1.0,0.0
stochastic_contradictions,p1.00,p1.00,8,nominal_no_repair,Nominal,0,31,13,3,3,0,1.0,,0,220,214,7,0,1,0,,0.0018610421836228288,,0.029024767801857584,0.0,0.0,0.0,1.0,0.0,0.0
stochastic_contradictions,p1.00,p1.00,8,nominal_no_repair,Nominal,1,31,13,3,3,0,1.0,,0,220,214,7,0,1,0,,0.0018610421836228288,,0.029024767801857584,0.0,0.0,0.0,1.0,0.0,0.0
stochastic_contradictions,p1.00,p1.00,8,nominal_no_repair,Nominal,2,31,13,3,3,0,1.0,,0,220,214,7,0,1,0,,0.0018610421836228288,,0.029024767801857584,0.0,0.0,0.0,1.0,0.0,0.0
stochastic_contradictions,p1.00,p1.00,8,nominal_no_repair,Nominal,3,31,13,3,3,0,1.0,,0,220,214,7,0,1,0,,0.0018610421836228288,,0.029024767801857584,0.0,0.0,0.0,1.0,0.0,0.0
stochastic_contradictions,p1.00,p1.00,8,nominal_no_repair,Nominal,4,31,13,3,3,0,1.0,,0,220,214,7,0,1,0,,0.0018610421836228288,,0.029024767801857584,0.0,0.0,0.0,1.0,0.0,0.0
stochastic_contradictions,p1.00,p1.00,8,nominal_no_repair,Nominal,5,31,13,3,3,0,1.0,,0,220,214,7,0,1,0,,0.0018610421836228288,,0.029024767801857584,0.0,0.0,0.0,1.0,0.0,0.0
stochastic_contradictions,p1.00,p1.00,8,nominal_no_repair,Nominal,6,31,13,3,3,0,1.0,,0,220,214,7,0,1,0,,0.0018610421836228288,,0.029024767801857584,0.0,0.0,0.0,1.0,0.0,0.0
stochastic_contradictions,p1.00,p1.00,8,nominal_no_repair,Nominal,7,31,13,3,3,0,1.0,,0,220,214,7,0,1,0,,0.0018610421836228288,,0.029024767801857584,0.0,0.0,0.0,1.0,0.0,0.0
stochastic_contradictions,p1.00,p1.00,8,threshold_2,Threshold 2,0,31,13,3,3,0,1.0,,1,34,2,34,0,0,1,,0.0012406947890818859,,0.01934984520123839,1.0,1.0,0.0,1.0,0.3333333333333333,0.0
stochastic_contradictions,p1.00,p1.00,8,threshold_2,Threshold 2,1,31,13,3,3,0,1.0,,1,32,0,32,0,0,1,,0.0012406947890818859,,0.01934984520123839,1.0,1.0,0.0,1.0,0.3333333333333333,0.0
stochastic_contradictions,p1.00,p1.00,8,threshold_2,Threshold 2,2,31,13,3,3,0,1.0,,1,32,0,32,0,0,1,,0.0012406947890818859,,0.01934984520123839,1.0,1.0,0.0,1.0,0.3333333333333333,0.0
stochastic_contradictions,p1.00,p1.00,8,threshold_2,Threshold 2,3,31,13,3,3,0,1.0,,1,32,0,32,0,0,1,,0.0012406947890818859,,0.01934984520123839,1.0,1.0,0.0,1.0,0.3333333333333333,0.0
stochastic_contradictions,p1.00,p1.00,8,threshold_2,Threshold 2,4,31,13,3,3,0,1.0,,1,32,0,32,0,0,1,,0.0012406947890818859,,0.01934984520123839,1.0,1.0,0.0,1.0,0.3333333333333333,0.0
stochastic_contradictions,p1.00,p1.00,8,threshold_2,Threshold 2,5,31,13,3,3,0,1.0,,1,32,0,32,0,0,1,,0.0012406947890818859,,0.01934984520123839,1.0,1.0,0.0,1.0,0.3333333333333333,0.0
stochastic_contradictions,p1.00,p1.00,8,threshold_2,Threshold 2,6,31,13,3,3,0,1.0,,1,32,0,32,0,0,1,,0.0012406947890818859,,0.01934984520123839,1.0,1.0,0.0,1.0,0.3333333333333333,0.0
stochastic_contradictions,p1.00,p1.00,8,threshold_2,Threshold 2,7,31,13,3,3,0,1.0,,1,32,0,32,0,0,1,,0.0012406947890818859,,0.01934984520123839,1.0,1.0,0.0,1.0,0.3333333333333333,0.0
stochastic_contradictions,p1.00,p1.00,8,threshold_4,Threshold 4,0,31,13,3,3,0,1.0,,1,36,4,36,0,0,1,,0.0012406947890818859,,0.01934984520123839,1.0,1.0,0.0,1.0,0.3333333333333333,0.0
stochastic_contradictions,p1.00,p1.00,8,threshold_4,Threshold 4,1,31,13,3,3,0,1.0,,1,32,0,32,0,0,1,,0.0012406947890818859,,0.01934984520123839,1.0,1.0,0.0,1.0,0.3333333333333333,0.0
stochastic_contradictions,p1.00,p1.00,8,threshold_4,Threshold 4,2,31,13,3,3,0,1.0,,1,32,0,32,0,0,1,,0.0012406947890818859,,0.01934984520123839,1.0,1.0,0.0,1.0,0.3333333333333333,0.0
stochastic_contradictions,p1.00,p1.00,8,threshold_4,Threshold 4,3,31,13,3,3,0,1.0,,1,32,0,32,0,0,1,,0.0012406947890818859,,0.01934984520123839,1.0,1.0,0.0,1.0,0.3333333333333333,0.0
stochastic_contradictions,p1.00,p1.00,8,threshold_4,Threshold 4,4,31,13,3,3,0,1.0,,1,32,0,32,0,0,1,,0.0012406947890818859,,0.01934984520123839,1.0,1.0,0.0,1.0,0.3333333333333333,0.0
stochastic_contradictions,p1.00,p1.00,8,threshold_4,Threshold 4,5,31,13,3,3,0,1.0,,1,32,0,32,0,0,1,,0.0012406947890818859,,0.01934984520123839,1.0,1.0,0.0,1.0,0.3333333333333333,0.0
stochastic_contradictions,p1.00,p1.00,8,threshold_4,Threshold 4,6,31,13,3,3,0,1.0,,1,32,0,32,0,0,1,,0.0012406947890818859,,0.01934984520123839,1.0,1.0,0.0,1.0,0.3333333333333333,0.0
stochastic_contradictions,p1.00,p1.00,8,threshold_4,Threshold 4,7,31,13,3,3,0,1.0,,1,32,0,32,0,0,1,,0.0012406947890818859,,0.01934984520123839,1.0,1.0,0.0,1.0,0.3333333333333333,0.0
stochastic_contradictions,p1.00,p1.00,8,threshold_8,Threshold 8,0,31,13,3,3,0,1.0,,1,40,8,40,0,0,1,,0.0012406947890818859,,0.01934984520123839,1.0,1.0,0.0,1.0,0.3333333333333333,0.0
stochastic_contradictions,p1.00,p1.00,8,threshold_8,Threshold 8,1,31,13,3,3,0,1.0,,1,32,0,32,0,0,1,,0.0012406947890818859,,0.01934984520123839,1.0,1.0,0.0,1.0,0.3333333333333333,0.0
stochastic_contradictions,p1.00,p1.00,8,threshold_8,Threshold 8,2,31,13,3,3,0,1.0,,1,32,0,32,0,0,1,,0.0012406947890818859,,0.01934984520123839,1.0,1.0,0.0,1.0,0.3333333333333333,0.0
stochastic_contradictions,p1.00,p1.00,8,threshold_8,Threshold 8,3,31,13,3,3,0,1.0,,1,32,0,32,0,0,1,,0.0012406947890818859,,0.01934984520123839,1.0,1.0,0.0,1.0,0.3333333333333333,0.0
stochastic_contradictions,p1.00,p1.00,8,threshold_8,Threshold 8,4,31,13,3,3,0,1.0,,1,32,0,32,0,0,1,,0.0012406947890818859,,0.01934984520123839,1.0,1.0,0.0,1.0,0.3333333333333333,0.0
stochastic_contradictions,p1.00,p1.00,8,threshold_8,Threshold 8,5,31,13,3,3,0,1.0,,1,32,0,32,0,0,1,,0.0012406947890818859,,0.01934984520123839,1.0,1.0,0.0,1.0,0.3333333333333333,0.0
stochastic_contradictions,p1.00,p1.00,8,threshold_8,Threshold 8,6,31,13,3,3,0,1.0,,1,32,0,32,0,0,1,,0.0012406947890818859,,0.01934984520123839,1.0,1.0,0.0,1.0,0.3333333333333333,0.0
stochastic_contradictions,p1.00,p1.00,8,threshold_8,Threshold 8,7,31,13,3,3,0,1.0,,1,32,0,32,0,0,1,,0.0012406947890818859,,0.01934984520123839,1.0,1.0,0.0,1.0,0.3333333333333333,0.0
stochastic_contradictions,p1.00,p1.00,8,ccra_exact_guard,CCRA exact,0,31,13,3,3,0,1.0,,1,33,1,33,0,0,1,,0.0012406947890818859,,0.01934984520123839,1.0,1.0,0.0,1.0,0.3333333333333333,0.0
stochastic_contradictions,p1.00,p1.00,8,ccra_exact_guard,CCRA exact,1,31,13,3,3,0,1.0,,1,32,0,32,0,0,1,,0.0012406947890818859,,0.01934984520123839,1.0,1.0,0.0,1.0,0.3333333333333333,0.0
stochastic_contradictions,p1.00,p1.00,8,ccra_exact_guard,CCRA exact,2,31,13,3,3,0,1.0,,1,32,0,32,0,0,1,,0.0012406947890818859,,0.01934984520123839,1.0,1.0,0.0,1.0,0.3333333333333333,0.0
stochastic_contradictions,p1.00,p1.00,8,ccra_exact_guard,CCRA exact,3,31,13,3,3,0,1.0,,1,32,0,32,0,0,1,,0.0012406947890818859,,0.01934984520123839,1.0,1.0,0.0,1.0,0.3333333333333333,0.0
stochastic_contradictions,p1.00,p1.00,8,ccra_exact_guard,CCRA exact,4,31,13,3,3,0,1.0,,1,32,0,32,0,0,1,,0.0012406947890818859,,0.01934984520123839,1.0,1.0,0.0,1.0,0.3333333333333333,0.0
stochastic_contradictions,p1.00,p1.00,8,ccra_exact_guard,CCRA exact,5,31,13,3,3,0,1.0,,1,32,0,32,0,0,1,,0.0012406947890818859,,0.01934984520123839,1.0,1.0,0.0,1.0,0.3333333333333333,0.0
stochastic_contradictions,p1.00,p1.00,8,ccra_exact_guard,CCRA exact,6,31,13,3,3,0,1.0,,1,32,0,32,0,0,1,,0.0012406947890818859,,0.01934984520123839,1.0,1.0,0.0,1.0,0.3333333333333333,0.0
stochastic_contradictions,p1.00,p1.00,8,ccra_exact_guard,CCRA exact,7,31,13,3,3,0,1.0,,1,32,0,32,0,0,1,,0.0012406947890818859,,0.01934984520123839,1.0,1.0,0.0,1.0,0.3333333333333333,0.0
stochastic_contradictions,p1.00,p1.00,8,uncertainty_cost_avoidance,Cost avoidance,0,31,13,3,3,0,1.0,,1,33,1,33,0,0,1,,0.0018610421836228288,,0.029024767801857584,0.0,0.0,0.0,1.0,0.0,0.0
stochastic_contradictions,p1.00,p1.00,8,uncertainty_cost_avoidance,Cost avoidance,1,31,13,3,3,0,1.0,,1,32,0,32,0,0,1,,0.0018610421836228288,,0.029024767801857584,0.0,0.0,0.0,1.0,0.0,0.0
stochastic_contradictions,p1.00,p1.00,8,uncertainty_cost_avoidance,Cost avoidance,2,31,13,3,3,0,1.0,,1,32,0,32,0,0,1,,0.0018610421836228288,,0.029024767801857584,0.0,0.0,0.0,1.0,0.0,0.0
stochastic_contradictions,p1.00,p1.00,8,uncertainty_cost_avoidance,Cost avoidance,3,31,13,3,3,0,1.0,,1,32,0,32,0,0,1,,0.0018610421836228288,,0.029024767801857584,0.0,0.0,0.0,1.0,0.0,0.0
stochastic_contradictions,p1.00,p1.00,8,uncertainty_cost_avoidance,Cost avoidance,4,31,13,3,3,0,1.0,,1,32,0,32,0,0,1,,0.0018610421836228288,,0.029024767801857584,0.0,0.0,0.0,1.0,0.0,0.0
stochastic_contradictions,p1.00,p1.00,8,uncertainty_cost_avoidance,Cost avoidance,5,31,13,3,3,0,1.0,,1,32,0,32,0,0,1,,0.0018610421836228288,,0.029024767801857584,0.0,0.0,0.0,1.0,0.0,0.0
stochastic_contradictions,p1.00,p1.00,8,uncertainty_cost_avoidance,Cost avoidance,6,31,13,3,3,0,1.0,,1,32,0,32,0,0,1,,0.0018610421836228288,,0.029024767801857584,0.0,0.0,0.0,1.0,0.0,0.0
stochastic_contradictions,p1.00,p1.00,8,uncertainty_cost_avoidance,Cost avoidance,7,31,13,3,3,0,1.0,,1,32,0,32,0,0,1,,0.0018610421836228288,,0.029024767801857584,0.0,0.0,0.0,1.0,0.0,0.0
stochastic_contradictions,p1.00,p1.00,8,oracle_fault_model,Oracle,0,31,13,3,3,0,1.0,,1,32,0,32,0,0,0,,0.0,,0.0,3.0,3.0,0.0,1.0,1.0,0.0
stochastic_contradictions,p1.00,p1.00,8,oracle_fault_model,Oracle,1,31,13,3,3,0,1.0,,1,32,0,32,0,0,0,,0.0,,0.0,3.0,3.0,0.0,1.0,1.0,0.0
stochastic_contradictions,p1.00,p1.00,8,oracle_fault_model,Oracle,2,31,13,3,3,0,1.0,,1,32,0,32,0,0,0,,0.0,,0.0,3.0,3.0,0.0,1.0,1.0,0.0
stochastic_contradictions,p1.00,p1.00,8,oracle_fault_model,Oracle,3,31,13,3,3,0,1.0,,1,32,0,32,0,0,0,,0.0,,0.0,3.0,3.0,0.0,1.0,1.0,0.0
stochastic_contradictions,p1.00,p1.00,8,oracle_fault_model,Oracle,4,31,13,3,3,0,1.0,,1,32,0,32,0,0,0,,0.0,,0.0,3.0,3.0,0.0,1.0,1.0,0.0
stochastic_contradictions,p1.00,p1.00,8,oracle_fault_model,Oracle,5,31,13,3,3,0,1.0,,1,32,0,32,0,0,0,,0.0,,0.0,3.0,3.0,0.0,1.0,1.0,0.0
stochastic_contradictions,p1.00,p1.00,8,oracle_fault_model,Oracle,6,31,13,3,3,0,1.0,,1,32,0,32,0,0,0,,0.0,,0.0,3.0,3.0,0.0,1.0,1.0,0.0
stochastic_contradictions,p1.00,p1.00,8,oracle_fault_model,Oracle,7,31,13,3,3,0,1.0,,1,32,0,32,0,0,0,,0.0,,0.0,3.0,3.0,0.0,1.0,1.0,0.0
stochastic_contradictions,p1.00,p1.00,9,nominal_no_repair,Nominal,0,31,13,3,3,0,1.0,,0,220,204,17,0,1,0,,0.0018610421836228288,,0.029024767801857584,0.0,0.0,0.0,1.0,0.0,0.0
stochastic_contradictions,p1.00,p1.00,9,nominal_no_repair,Nominal,1,31,13,3,3,0,1.0,,0,220,204,17,0,1,0,,0.0018610421836228288,,0.029024767801857584,0.0,0.0,0.0,1.0,0.0,0.0
stochastic_contradictions,p1.00,p1.00,9,nominal_no_repair,Nominal,2,31,13,3,3,0,1.0,,0,220,204,17,0,1,0,,0.0018610421836228288,,0.029024767801857584,0.0,0.0,0.0,1.0,0.0,0.0
stochastic_contradictions,p1.00,p1.00,9,nominal_no_repair,Nominal,3,31,13,3,3,0,1.0,,0,220,204,17,0,1,0,,0.0018610421836228288,,0.029024767801857584,0.0,0.0,0.0,1.0,0.0,0.0
stochastic_contradictions,p1.00,p1.00,9,nominal_no_repair,Nominal,4,31,13,3,3,0,1.0,,0,220,204,17,0,1,0,,0.0018610421836228288,,0.029024767801857584,0.0,0.0,0.0,1.0,0.0,0.0
stochastic_contradictions,p1.00,p1.00,9,nominal_no_repair,Nominal,5,31,13,3,3,0,1.0,,0,220,204,17,0,1,0,,0.0018610421836228288,,0.029024767801857584,0.0,0.0,0.0,1.0,0.0,0.0
stochastic_contradictions,p1.00,p1.00,9,nominal_no_repair,Nominal,6,31,13,3,3,0,1.0,,0,220,204,17,0,1,0,,0.0018610421836228288,,0.029024767801857584,0.0,0.0,0.0,1.0,0.0,0.0
stochastic_contradictions,p1.00,p1.00,9,nominal_no_repair,Nominal,7,31,13,3,3,0,1.0,,0,220,204,17,0,1,0,,0.0018610421836228288,,0.029024767801857584,0.0,0.0,0.0,1.0,0.0,0.0
stochastic_contradictions,p1.00,p1.00,9,threshold_2,Threshold 2,0,31,13,3,3,0,1.0,,1,34,2,34,0,0,1,,0.0012406947890818859,,0.01934984520123839,1.0,1.0,0.0,1.0,0.3333333333333333,0.0
stochastic_contradictions,p1.00,p1.00,9,threshold_2,Threshold 2,1,31,13,3,3,0,1.0,,1,32,0,32,0,0,1,,0.0012406947890818859,,0.01934984520123839,1.0,1.0,0.0,1.0,0.3333333333333333,0.0
stochastic_contradictions,p1.00,p1.00,9,threshold_2,Threshold 2,2,31,13,3,3,0,1.0,,1,32,0,32,0,0,1,,0.0012406947890818859,,0.01934984520123839,1.0,1.0,0.0,1.0,0.3333333333333333,0.0
stochastic_contradictions,p1.00,p1.00,9,threshold_2,Threshold 2,3,31,13,3,3,0,1.0,,1,32,0,32,0,0,1,,0.0012406947890818859,,0.01934984520123839,1.0,1.0,0.0,1.0,0.3333333333333333,0.0
stochastic_contradictions,p1.00,p1.00,9,threshold_2,Threshold 2,4,31,13,3,3,0,1.0,,1,32,0,32,0,0,1,,0.0012406947890818859,,0.01934984520123839,1.0,1.0,0.0,1.0,0.3333333333333333,0.0
stochastic_contradictions,p1.00,p1.00,9,threshold_2,Threshold 2,5,31,13,3,3,0,1.0,,1,32,0,32,0,0,1,,0.0012406947890818859,,0.01934984520123839,1.0,1.0,0.0,1.0,0.3333333333333333,0.0
stochastic_contradictions,p1.00,p1.00,9,threshold_2,Threshold 2,6,31,13,3,3,0,1.0,,1,32,0,32,0,0,1,,0.0012406947890818859,,0.01934984520123839,1.0,1.0,0.0,1.0,0.3333333333333333,0.0
stochastic_contradictions,p1.00,p1.00,9,threshold_2,Threshold 2,7,31,13,3,3,0,1.0,,1,32,0,32,0,0,1,,0.0012406947890818859,,0.01934984520123839,1.0,1.0,0.0,1.0,0.3333333333333333,0.0
stochastic_contradictions,p1.00,p1.00,9,threshold_4,Threshold 4,0,31,13,3,3,0,1.0,,1,36,4,36,0,0,1,,0.0012406947890818859,,0.01934984520123839,1.0,1.0,0.0,1.0,0.3333333333333333,0.0
stochastic_contradictions,p1.00,p1.00,9,threshold_4,Threshold 4,1,31,13,3,3,0,1.0,,1,32,0,32,0,0,1,,0.0012406947890818859,,0.01934984520123839,1.0,1.0,0.0,1.0,0.3333333333333333,0.0
stochastic_contradictions,p1.00,p1.00,9,threshold_4,Threshold 4,2,31,13,3,3,0,1.0,,1,32,0,32,0,0,1,,0.0012406947890818859,,0.01934984520123839,1.0,1.0,0.0,1.0,0.3333333333333333,0.0
stochastic_contradictions,p1.00,p1.00,9,threshold_4,Threshold 4,3,31,13,3,3,0,1.0,,1,32,0,32,0,0,1,,0.0012406947890818859,,0.01934984520123839,1.0,1.0,0.0,1.0,0.3333333333333333,0.0
stochastic_contradictions,p1.00,p1.00,9,threshold_4,Threshold 4,4,31,13,3,3,0,1.0,,1,32,0,32,0,0,1,,0.0012406947890818859,,0.01934984520123839,1.0,1.0,0.0,1.0,0.3333333333333333,0.0
stochastic_contradictions,p1.00,p1.00,9,threshold_4,Threshold 4,5,31,13,3,3,0,1.0,,1,32,0,32,0,0,1,,0.0012406947890818859,,0.01934984520123839,1.0,1.0,0.0,1.0,0.3333333333333333,0.0
stochastic_contradictions,p1.00,p1.00,9,threshold_4,Threshold 4,6,31,13,3,3,0,1.0,,1,32,0,32,0,0,1,,0.0012406947890818859,,0.01934984520123839,1.0,1.0,0.0,1.0,0.3333333333333333,0.0
stochastic_contradictions,p1.00,p1.00,9,threshold_4,Threshold 4,7,31,13,3,3,0,1.0,,1,32,0,32,0,0,1,,0.0012406947890818859,,0.01934984520123839,1.0,1.0,0.0,1.0,0.3333333333333333,0.0
stochastic_contradictions,p1.00,p1.00,9,threshold_8,Threshold 8,0,31,13,3,3,0,1.0,,1,40,8,40,0,0,1,,0.0012406947890818859,,0.01934984520123839,1.0,1.0,0.0,1.0,0.3333333333333333,0.0
stochastic_contradictions,p1.00,p1.00,9,threshold_8,Threshold 8,1,31,13,3,3,0,1.0,,1,32,0,32,0,0,1,,0.0012406947890818859,,0.01934984520123839,1.0,1.0,0.0,1.0,0.3333333333333333,0.0
stochastic_contradictions,p1.00,p1.00,9,threshold_8,Threshold 8,2,31,13,3,3,0,1.0,,1,32,0,32,0,0,1,,0.0012406947890818859,,0.01934984520123839,1.0,1.0,0.0,1.0,0.3333333333333333,0.0
stochastic_contradictions,p1.00,p1.00,9,threshold_8,Threshold 8,3,31,13,3,3,0,1.0,,1,32,0,32,0,0,1,,0.0012406947890818859,,0.01934984520123839,1.0,1.0,0.0,1.0,0.3333333333333333,0.0
stochastic_contradictions,p1.00,p1.00,9,threshold_8,Threshold 8,4,31,13,3,3,0,1.0,,1,32,0,32,0,0,1,,0.0012406947890818859,,0.01934984520123839,1.0,1.0,0.0,1.0,0.3333333333333333,0.0
stochastic_contradictions,p1.00,p1.00,9,threshold_8,Threshold 8,5,31,13,3,3,0,1.0,,1,32,0,32,0,0,1,,0.0012406947890818859,,0.01934984520123839,1.0,1.0,0.0,1.0,0.3333333333333333,0.0
stochastic_contradictions,p1.00,p1.00,9,threshold_8,Threshold 8,6,31,13,3,3,0,1.0,,1,32,0,32,0,0,1,,0.0012406947890818859,,0.01934984520123839,1.0,1.0,0.0,1.0,0.3333333333333333,0.0
stochastic_contradictions,p1.00,p1.00,9,threshold_8,Threshold 8,7,31,13,3,3,0,1.0,,1,32,0,32,0,0,1,,0.0012406947890818859,,0.01934984520123839,1.0,1.0,0.0,1.0,0.3333333333333333,0.0
stochastic_contradictions,p1.00,p1.00,9,ccra_exact_guard,CCRA exact,0,31,13,3,3,0,1.0,,1,33,1,33,0,0,1,,0.0012406947890818859,,0.01934984520123839,1.0,1.0,0.0,1.0,0.3333333333333333,0.0
stochastic_contradictions,p1.00,p1.00,9,ccra_exact_guard,CCRA exact,1,31,13,3,3,0,1.0,,1,32,0,32,0,0,1,,0.0012406947890818859,,0.01934984520123839,1.0,1.0,0.0,1.0,0.3333333333333333,0.0
stochastic_contradictions,p1.00,p1.00,9,ccra_exact_guard,CCRA exact,2,31,13,3,3,0,1.0,,1,32,0,32,0,0,1,,0.0012406947890818859,,0.01934984520123839,1.0,1.0,0.0,1.0,0.3333333333333333,0.0
stochastic_contradictions,p1.00,p1.00,9,ccra_exact_guard,CCRA exact,3,31,13,3,3,0,1.0,,1,32,0,32,0,0,1,,0.0012406947890818859,,0.01934984520123839,1.0,1.0,0.0,1.0,0.3333333333333333,0.0
stochastic_contradictions,p1.00,p1.00,9,ccra_exact_guard,CCRA exact,4,31,13,3,3,0,1.0,,1,32,0,32,0,0,1,,0.0012406947890818859,,0.01934984520123839,1.0,1.0,0.0,1.0,0.3333333333333333,0.0
stochastic_contradictions,p1.00,p1.00,9,ccra_exact_guard,CCRA exact,5,31,13,3,3,0,1.0,,1,32,0,32,0,0,1,,0.0012406947890818859,,0.01934984520123839,1.0,1.0,0.0,1.0,0.3333333333333333,0.0
stochastic_contradictions,p1.00,p1.00,9,ccra_exact_guard,CCRA exact,6,31,13,3,3,0,1.0,,1,32,0,32,0,0,1,,0.0012406947890818859,,0.01934984520123839,1.0,1.0,0.0,1.0,0.3333333333333333,0.0
stochastic_contradictions,p1.00,p1.00,9,ccra_exact_guard,CCRA exact,7,31,13,3,3,0,1.0,,1,32,0,32,0,0,1,,0.0012406947890818859,,0.01934984520123839,1.0,1.0,0.0,1.0,0.3333333333333333,0.0
stochastic_contradictions,p1.00,p1.00,9,uncertainty_cost_avoidance,Cost avoidance,0,31,13,3,3,0,1.0,,1,33,1,33,0,0,1,,0.0018610421836228288,,0.029024767801857584,0.0,0.0,0.0,1.0,0.0,0.0
stochastic_contradictions,p1.00,p1.00,9,uncertainty_cost_avoidance,Cost avoidance,1,31,13,3,3,0,1.0,,1,32,0,32,0,0,1,,0.0018610421836228288,,0.029024767801857584,0.0,0.0,0.0,1.0,0.0,0.0
stochastic_contradictions,p1.00,p1.00,9,uncertainty_cost_avoidance,Cost avoidance,2,31,13,3,3,0,1.0,,1,32,0,32,0,0,1,,0.0018610421836228288,,0.029024767801857584,0.0,0.0,0.0,1.0,0.0,0.0
stochastic_contradictions,p1.00,p1.00,9,uncertainty_cost_avoidance,Cost avoidance,3,31,13,3,3,0,1.0,,1,32,0,32,0,0,1,,0.0018610421836228288,,0.029024767801857584,0.0,0.0,0.0,1.0,0.0,0.0
stochastic_contradictions,p1.00,p1.00,9,uncertainty_cost_avoidance,Cost avoidance,4,31,13,3,3,0,1.0,,1,32,0,32,0,0,1,,0.0018610421836228288,,0.029024767801857584,0.0,0.0,0.0,1.0,0.0,0.0
stochastic_contradictions,p1.00,p1.00,9,uncertainty_cost_avoidance,Cost avoidance,5,31,13,3,3,0,1.0,,1,32,0,32,0,0,1,,0.0018610421836228288,,0.029024767801857584,0.0,0.0,0.0,1.0,0.0,0.0
stochastic_contradictions,p1.00,p1.00,9,uncertainty_cost_avoidance,Cost avoidance,6,31,13,3,3,0,1.0,,1,32,0,32,0,0,1,,0.0018610421836228288,,0.029024767801857584,0.0,0.0,0.0,1.0,0.0,0.0
stochastic_contradictions,p1.00,p1.00,9,uncertainty_cost_avoidance,Cost avoidance,7,31,13,3,3,0,1.0,,1,32,0,32,0,0,1,,0.0018610421836228288,,0.029024767801857584,0.0,0.0,0.0,1.0,0.0,0.0
stochastic_contradictions,p1.00,p1.00,9,oracle_fault_model,Oracle,0,31,13,3,3,0,1.0,,1,32,0,32,0,0,0,,0.0,,0.0,3.0,3.0,0.0,1.0,1.0,0.0
stochastic_contradictions,p1.00,p1.00,9,oracle_fault_model,Oracle,1,31,13,3,3,0,1.0,,1,32,0,32,0,0,0,,0.0,,0.0,3.0,3.0,0.0,1.0,1.0,0.0
stochastic_contradictions,p1.00,p1.00,9,oracle_fault_model,Oracle,2,31,13,3,3,0,1.0,,1,32,0,32,0,0,0,,0.0,,0.0,3.0,3.0,0.0,1.0,1.0,0.0
stochastic_contradictions,p1.00,p1.00,9,oracle_fault_model,Oracle,3,31,13,3,3,0,1.0,,1,32,0,32,0,0,0,,0.0,,0.0,3.0,3.0,0.0,1.0,1.0,0.0
stochastic_contradictions,p1.00,p1.00,9,oracle_fault_model,Oracle,4,31,13,3,3,0,1.0,,1,32,0,32,0,0,0,,0.0,,0.0,3.0,3.0,0.0,1.0,1.0,0.0
stochastic_contradictions,p1.00,p1.00,9,oracle_fault_model,Oracle,5,31,13,3,3,0,1.0,,1,32,0,32,0,0,0,,0.0,,0.0,3.0,3.0,0.0,1.0,1.0,0.0
stochastic_contradictions,p1.00,p1.00,9,oracle_fault_model,Oracle,6,31,13,3,3,0,1.0,,1,32,0,32,0,0,0,,0.0,,0.0,3.0,3.0,0.0,1.0,1.0,0.0
stochastic_contradictions,p1.00,p1.00,9,oracle_fault_model,Oracle,7,31,13,3,3,0,1.0,,1,32,0,32,0,0,0,,0.0,,0.0,3.0,3.0,0.0,1.0,1.0,0.0
stochastic_contradictions,p1.00,p1.00,10,nominal_no_repair,Nominal,0,31,13,3,3,0,1.0,,0,220,216,5,0,1,0,,0.0018610421836228288,,0.029024767801857584,0.0,0.0,0.0,1.0,0.0,0.0
stochastic_contradictions,p1.00,p1.00,10,nominal_no_repair,Nominal,1,31,13,3,3,0,1.0,,0,220,216,5,0,1,0,,0.0018610421836228288,,0.029024767801857584,0.0,0.0,0.0,1.0,0.0,0.0
stochastic_contradictions,p1.00,p1.00,10,nominal_no_repair,Nominal,2,31,13,3,3,0,1.0,,0,220,216,5,0,1,0,,0.0018610421836228288,,0.029024767801857584,0.0,0.0,0.0,1.0,0.0,0.0
stochastic_contradictions,p1.00,p1.00,10,nominal_no_repair,Nominal,3,31,13,3,3,0,1.0,,0,220,216,5,0,1,0,,0.0018610421836228288,,0.029024767801857584,0.0,0.0,0.0,1.0,0.0,0.0
stochastic_contradictions,p1.00,p1.00,10,nominal_no_repair,Nominal,4,31,13,3,3,0,1.0,,0,220,216,5,0,1,0,,0.0018610421836228288,,0.029024767801857584,0.0,0.0,0.0,1.0,0.0,0.0
stochastic_contradictions,p1.00,p1.00,10,nominal_no_repair,Nominal,5,31,13,3,3,0,1.0,,0,220,216,5,0,1,0,,0.0018610421836228288,,0.029024767801857584,0.0,0.0,0.0,1.0,0.0,0.0
stochastic_contradictions,p1.00,p1.00,10,nominal_no_repair,Nominal,6,31,13,3,3,0,1.0,,0,220,216,5,0,1,0,,0.0018610421836228288,,0.029024767801857584,0.0,0.0,0.0,1.0,0.0,0.0
stochastic_contradictions,p1.00,p1.00,10,nominal_no_repair,Nominal,7,31,13,3,3,0,1.0,,0,220,216,5,0,1,0,,0.0018610421836228288,,0.029024767801857584,0.0,0.0,0.0,1.0,0.0,0.0
stochastic_contradictions,p1.00,p1.00,10,threshold_2,Threshold 2,0,31,13,3,3,0,1.0,,1,34,2,34,0,0,1,,0.0012406947890818859,,0.01934984520123839,1.0,1.0,0.0,1.0,0.3333333333333333,0.0
stochastic_contradictions,p1.00,p1.00,10,threshold_2,Threshold 2,1,31,13,3,3,0,1.0,,1,32,0,32,0,0,1,,0.0012406947890818859,,0.01934984520123839,1.0,1.0,0.0,1.0,0.3333333333333333,0.0
stochastic_contradictions,p1.00,p1.00,10,threshold_2,Threshold 2,2,31,13,3,3,0,1.0,,1,32,0,32,0,0,1,,0.0012406947890818859,,0.01934984520123839,1.0,1.0,0.0,1.0,0.3333333333333333,0.0
stochastic_contradictions,p1.00,p1.00,10,threshold_2,Threshold 2,3,31,13,3,3,0,1.0,,1,32,0,32,0,0,1,,0.0012406947890818859,,0.01934984520123839,1.0,1.0,0.0,1.0,0.3333333333333333,0.0
stochastic_contradictions,p1.00,p1.00,10,threshold_2,Threshold 2,4,31,13,3,3,0,1.0,,1,32,0,32,0,0,1,,0.0012406947890818859,,0.01934984520123839,1.0,1.0,0.0,1.0,0.3333333333333333,0.0
stochastic_contradictions,p1.00,p1.00,10,threshold_2,Threshold 2,5,31,13,3,3,0,1.0,,1,32,0,32,0,0,1,,0.0012406947890818859,,0.01934984520123839,1.0,1.0,0.0,1.0,0.3333333333333333,0.0
stochastic_contradictions,p1.00,p1.00,10,threshold_2,Threshold 2,6,31,13,3,3,0,1.0,,1,32,0,32,0,0,1,,0.0012406947890818859,,0.01934984520123839,1.0,1.0,0.0,1.0,0.3333333333333333,0.0
stochastic_contradictions,p1.00,p1.00,10,threshold_2,Threshold 2,7,31,13,3,3,0,1.0,,1,32,0,32,0,0,1,,0.0012406947890818859,,0.01934984520123839,1.0,1.0,0.0,1.0,0.3333333333333333,0.0
stochastic_contradictions,p1.00,p1.00,10,threshold_4,Threshold 4,0,31,13,3,3,0,1.0,,1,36,4,36,0,0,1,,0.0012406947890818859,,0.01934984520123839,1.0,1.0,0.0,1.0,0.3333333333333333,0.0
stochastic_contradictions,p1.00,p1.00,10,threshold_4,Threshold 4,1,31,13,3,3,0,1.0,,1,32,0,32,0,0,1,,0.0012406947890818859,,0.01934984520123839,1.0,1.0,0.0,1.0,0.3333333333333333,0.0
stochastic_contradictions,p1.00,p1.00,10,threshold_4,Threshold 4,2,31,13,3,3,0,1.0,,1,32,0,32,0,0,1,,0.0012406947890818859,,0.01934984520123839,1.0,1.0,0.0,1.0,0.3333333333333333,0.0
stochastic_contradictions,p1.00,p1.00,10,threshold_4,Threshold 4,3,31,13,3,3,0,1.0,,1,32,0,32,0,0,1,,0.0012406947890818859,,0.01934984520123839,1.0,1.0,0.0,1.0,0.3333333333333333,0.0
stochastic_contradictions,p1.00,p1.00,10,threshold_4,Threshold 4,4,31,13,3,3,0,1.0,,1,32,0,32,0,0,1,,0.0012406947890818859,,0.01934984520123839,1.0,1.0,0.0,1.0,0.3333333333333333,0.0
stochastic_contradictions,p1.00,p1.00,10,threshold_4,Threshold 4,5,31,13,3,3,0,1.0,,1,32,0,32,0,0,1,,0.0012406947890818859,,0.01934984520123839,1.0,1.0,0.0,1.0,0.3333333333333333,0.0
stochastic_contradictions,p1.00,p1.00,10,threshold_4,Threshold 4,6,31,13,3,3,0,1.0,,1,32,0,32,0,0,1,,0.0012406947890818859,,0.01934984520123839,1.0,1.0,0.0,1.0,0.3333333333333333,0.0
stochastic_contradictions,p1.00,p1.00,10,threshold_4,Threshold 4,7,31,13,3,3,0,1.0,,1,32,0,32,0,0,1,,0.0012406947890818859,,0.01934984520123839,1.0,1.0,0.0,1.0,0.3333333333333333,0.0
stochastic_contradictions,p1.00,p1.00,10,threshold_8,Threshold 8,0,31,13,3,3,0,1.0,,1,40,8,40,0,0,1,,0.0012406947890818859,,0.01934984520123839,1.0,1.0,0.0,1.0,0.3333333333333333,0.0
stochastic_contradictions,p1.00,p1.00,10,threshold_8,Threshold 8,1,31,13,3,3,0,1.0,,1,32,0,32,0,0,1,,0.0012406947890818859,,0.01934984520123839,1.0,1.0,0.0,1.0,0.3333333333333333,0.0
stochastic_contradictions,p1.00,p1.00,10,threshold_8,Threshold 8,2,31,13,3,3,0,1.0,,1,32,0,32,0,0,1,,0.0012406947890818859,,0.01934984520123839,1.0,1.0,0.0,1.0,0.3333333333333333,0.0
stochastic_contradictions,p1.00,p1.00,10,threshold_8,Threshold 8,3,31,13,3,3,0,1.0,,1,32,0,32,0,0,1,,0.0012406947890818859,,0.01934984520123839,1.0,1.0,0.0,1.0,0.3333333333333333,0.0
stochastic_contradictions,p1.00,p1.00,10,threshold_8,Threshold 8,4,31,13,3,3,0,1.0,,1,32,0,32,0,0,1,,0.0012406947890818859,,0.01934984520123839,1.0,1.0,0.0,1.0,0.3333333333333333,0.0
stochastic_contradictions,p1.00,p1.00,10,threshold_8,Threshold 8,5,31,13,3,3,0,1.0,,1,32,0,32,0,0,1,,0.0012406947890818859,,0.01934984520123839,1.0,1.0,0.0,1.0,0.3333333333333333,0.0
stochastic_contradictions,p1.00,p1.00,10,threshold_8,Threshold 8,6,31,13,3,3,0,1.0,,1,32,0,32,0,0,1,,0.0012406947890818859,,0.01934984520123839,1.0,1.0,0.0,1.0,0.3333333333333333,0.0
stochastic_contradictions,p1.00,p1.00,10,threshold_8,Threshold 8,7,31,13,3,3,0,1.0,,1,32,0,32,0,0,1,,0.0012406947890818859,,0.01934984520123839,1.0,1.0,0.0,1.0,0.3333333333333333,0.0
stochastic_contradictions,p1.00,p1.00,10,ccra_exact_guard,CCRA exact,0,31,13,3,3,0,1.0,,1,33,1,33,0,0,1,,0.0012406947890818859,,0.01934984520123839,1.0,1.0,0.0,1.0,0.3333333333333333,0.0
stochastic_contradictions,p1.00,p1.00,10,ccra_exact_guard,CCRA exact,1,31,13,3,3,0,1.0,,1,32,0,32,0,0,1,,0.0012406947890818859,,0.01934984520123839,1.0,1.0,0.0,1.0,0.3333333333333333,0.0
stochastic_contradictions,p1.00,p1.00,10,ccra_exact_guard,CCRA exact,2,31,13,3,3,0,1.0,,1,32,0,32,0,0,1,,0.0012406947890818859,,0.01934984520123839,1.0,1.0,0.0,1.0,0.3333333333333333,0.0
stochastic_contradictions,p1.00,p1.00,10,ccra_exact_guard,CCRA exact,3,31,13,3,3,0,1.0,,1,32,0,32,0,0,1,,0.0012406947890818859,,0.01934984520123839,1.0,1.0,0.0,1.0,0.3333333333333333,0.0
stochastic_contradictions,p1.00,p1.00,10,ccra_exact_guard,CCRA exact,4,31,13,3,3,0,1.0,,1,32,0,32,0,0,1,,0.0012406947890818859,,0.01934984520123839,1.0,1.0,0.0,1.0,0.3333333333333333,0.0
stochastic_contradictions,p1.00,p1.00,10,ccra_exact_guard,CCRA exact,5,31,13,3,3,0,1.0,,1,32,0,32,0,0,1,,0.0012406947890818859,,0.01934984520123839,1.0,1.0,0.0,1.0,0.3333333333333333,0.0
stochastic_contradictions,p1.00,p1.00,10,ccra_exact_guard,CCRA exact,6,31,13,3,3,0,1.0,,1,32,0,32,0,0,1,,0.0012406947890818859,,0.01934984520123839,1.0,1.0,0.0,1.0,0.3333333333333333,0.0
stochastic_contradictions,p1.00,p1.00,10,ccra_exact_guard,CCRA exact,7,31,13,3,3,0,1.0,,1,32,0,32,0,0,1,,0.0012406947890818859,,0.01934984520123839,1.0,1.0,0.0,1.0,0.3333333333333333,0.0
stochastic_contradictions,p1.00,p1.00,10,uncertainty_cost_avoidance,Cost avoidance,0,31,13,3,3,0,1.0,,1,33,1,33,0,0,1,,0.0018610421836228288,,0.029024767801857584,0.0,0.0,0.0,1.0,0.0,0.0
stochastic_contradictions,p1.00,p1.00,10,uncertainty_cost_avoidance,Cost avoidance,1,31,13,3,3,0,1.0,,1,32,0,32,0,0,1,,0.0018610421836228288,,0.029024767801857584,0.0,0.0,0.0,1.0,0.0,0.0
stochastic_contradictions,p1.00,p1.00,10,uncertainty_cost_avoidance,Cost avoidance,2,31,13,3,3,0,1.0,,1,32,0,32,0,0,1,,0.0018610421836228288,,0.029024767801857584,0.0,0.0,0.0,1.0,0.0,0.0
stochastic_contradictions,p1.00,p1.00,10,uncertainty_cost_avoidance,Cost avoidance,3,31,13,3,3,0,1.0,,1,32,0,32,0,0,1,,0.0018610421836228288,,0.029024767801857584,0.0,0.0,0.0,1.0,0.0,0.0
stochastic_contradictions,p1.00,p1.00,10,uncertainty_cost_avoidance,Cost avoidance,4,31,13,3,3,0,1.0,,1,32,0,32,0,0,1,,0.0018610421836228288,,0.029024767801857584,0.0,0.0,0.0,1.0,0.0,0.0
stochastic_contradictions,p1.00,p1.00,10,uncertainty_cost_avoidance,Cost avoidance,5,31,13,3,3,0,1.0,,1,32,0,32,0,0,1,,0.0018610421836228288,,0.029024767801857584,0.0,0.0,0.0,1.0,0.0,0.0
stochastic_contradictions,p1.00,p1.00,10,uncertainty_cost_avoidance,Cost avoidance,6,31,13,3,3,0,1.0,,1,32,0,32,0,0,1,,0.0018610421836228288,,0.029024767801857584,0.0,0.0,0.0,1.0,0.0,0.0
stochastic_contradictions,p1.00,p1.00,10,uncertainty_cost_avoidance,Cost avoidance,7,31,13,3,3,0,1.0,,1,32,0,32,0,0,1,,0.0018610421836228288,,0.029024767801857584,0.0,0.0,0.0,1.0,0.0,0.0
stochastic_contradictions,p1.00,p1.00,10,oracle_fault_model,Oracle,0,31,13,3,3,0,1.0,,1,32,0,32,0,0,0,,0.0,,0.0,3.0,3.0,0.0,1.0,1.0,0.0
stochastic_contradictions,p1.00,p1.00,10,oracle_fault_model,Oracle,1,31,13,3,3,0,1.0,,1,32,0,32,0,0,0,,0.0,,0.0,3.0,3.0,0.0,1.0,1.0,0.0
stochastic_contradictions,p1.00,p1.00,10,oracle_fault_model,Oracle,2,31,13,3,3,0,1.0,,1,32,0,32,0,0,0,,0.0,,0.0,3.0,3.0,0.0,1.0,1.0,0.0
stochastic_contradictions,p1.00,p1.00,10,oracle_fault_model,Oracle,3,31,13,3,3,0,1.0,,1,32,0,32,0,0,0,,0.0,,0.0,3.0,3.0,0.0,1.0,1.0,0.0
stochastic_contradictions,p1.00,p1.00,10,oracle_fault_model,Oracle,4,31,13,3,3,0,1.0,,1,32,0,32,0,0,0,,0.0,,0.0,3.0,3.0,0.0,1.0,1.0,0.0
stochastic_contradictions,p1.00,p1.00,10,oracle_fault_model,Oracle,5,31,13,3,3,0,1.0,,1,32,0,32,0,0,0,,0.0,,0.0,3.0,3.0,0.0,1.0,1.0,0.0
stochastic_contradictions,p1.00,p1.00,10,oracle_fault_model,Oracle,6,31,13,3,3,0,1.0,,1,32,0,32,0,0,0,,0.0,,0.0,3.0,3.0,0.0,1.0,1.0,0.0
stochastic_contradictions,p1.00,p1.00,10,oracle_fault_model,Oracle,7,31,13,3,3,0,1.0,,1,32,0,32,0,0,0,,0.0,,0.0,3.0,3.0,0.0,1.0,1.0,0.0
stochastic_contradictions,p1.00,p1.00,11,nominal_no_repair,Nominal,0,31,13,3,3,0,1.0,,0,220,213,8,0,1,0,,0.0018610421836228288,,0.029024767801857584,0.0,0.0,0.0,1.0,0.0,0.0
stochastic_contradictions,p1.00,p1.00,11,nominal_no_repair,Nominal,1,31,13,3,3,0,1.0,,0,220,213,8,0,1,0,,0.0018610421836228288,,0.029024767801857584,0.0,0.0,0.0,1.0,0.0,0.0
stochastic_contradictions,p1.00,p1.00,11,nominal_no_repair,Nominal,2,31,13,3,3,0,1.0,,0,220,213,8,0,1,0,,0.0018610421836228288,,0.029024767801857584,0.0,0.0,0.0,1.0,0.0,0.0
stochastic_contradictions,p1.00,p1.00,11,nominal_no_repair,Nominal,3,31,13,3,3,0,1.0,,0,220,213,8,0,1,0,,0.0018610421836228288,,0.029024767801857584,0.0,0.0,0.0,1.0,0.0,0.0
stochastic_contradictions,p1.00,p1.00,11,nominal_no_repair,Nominal,4,31,13,3,3,0,1.0,,0,220,213,8,0,1,0,,0.0018610421836228288,,0.029024767801857584,0.0,0.0,0.0,1.0,0.0,0.0
stochastic_contradictions,p1.00,p1.00,11,nominal_no_repair,Nominal,5,31,13,3,3,0,1.0,,0,220,213,8,0,1,0,,0.0018610421836228288,,0.029024767801857584,0.0,0.0,0.0,1.0,0.0,0.0
stochastic_contradictions,p1.00,p1.00,11,nominal_no_repair,Nominal,6,31,13,3,3,0,1.0,,0,220,213,8,0,1,0,,0.0018610421836228288,,0.029024767801857584,0.0,0.0,0.0,1.0,0.0,0.0
stochastic_contradictions,p1.00,p1.00,11,nominal_no_repair,Nominal,7,31,13,3,3,0,1.0,,0,220,213,8,0,1,0,,0.0018610421836228288,,0.029024767801857584,0.0,0.0,0.0,1.0,0.0,0.0
stochastic_contradictions,p1.00,p1.00,11,threshold_2,Threshold 2,0,31,13,3,3,0,1.0,,1,34,2,34,0,0,1,,0.0012406947890818859,,0.01934984520123839,1.0,1.0,0.0,1.0,0.3333333333333333,0.0
stochastic_contradictions,p1.00,p1.00,11,threshold_2,Threshold 2,1,31,13,3,3,0,1.0,,1,32,0,32,0,0,1,,0.0012406947890818859,,0.01934984520123839,1.0,1.0,0.0,1.0,0.3333333333333333,0.0
stochastic_contradictions,p1.00,p1.00,11,threshold_2,Threshold 2,2,31,13,3,3,0,1.0,,1,32,0,32,0,0,1,,0.0012406947890818859,,0.01934984520123839,1.0,1.0,0.0,1.0,0.3333333333333333,0.0
stochastic_contradictions,p1.00,p1.00,11,threshold_2,Threshold 2,3,31,13,3,3,0,1.0,,1,32,0,32,0,0,1,,0.0012406947890818859,,0.01934984520123839,1.0,1.0,0.0,1.0,0.3333333333333333,0.0
stochastic_contradictions,p1.00,p1.00,11,threshold_2,Threshold 2,4,31,13,3,3,0,1.0,,1,32,0,32,0,0,1,,0.0012406947890818859,,0.01934984520123839,1.0,1.0,0.0,1.0,0.3333333333333333,0.0
stochastic_contradictions,p1.00,p1.00,11,threshold_2,Threshold 2,5,31,13,3,3,0,1.0,,1,32,0,32,0,0,1,,0.0012406947890818859,,0.01934984520123839,1.0,1.0,0.0,1.0,0.3333333333333333,0.0
stochastic_contradictions,p1.00,p1.00,11,threshold_2,Threshold 2,6,31,13,3,3,0,1.0,,1,32,0,32,0,0,1,,0.0012406947890818859,,0.01934984520123839,1.0,1.0,0.0,1.0,0.3333333333333333,0.0
stochastic_contradictions,p1.00,p1.00,11,threshold_2,Threshold 2,7,31,13,3,3,0,1.0,,1,32,0,32,0,0,1,,0.0012406947890818859,,0.01934984520123839,1.0,1.0,0.0,1.0,0.3333333333333333,0.0
stochastic_contradictions,p1.00,p1.00,11,threshold_4,Threshold 4,0,31,13,3,3,0,1.0,,1,36,4,36,0,0,1,,0.0012406947890818859,,0.01934984520123839,1.0,1.0,0.0,1.0,0.3333333333333333,0.0
stochastic_contradictions,p1.00,p1.00,11,threshold_4,Threshold 4,1,31,13,3,3,0,1.0,,1,32,0,32,0,0,1,,0.0012406947890818859,,0.01934984520123839,1.0,1.0,0.0,1.0,0.3333333333333333,0.0
stochastic_contradictions,p1.00,p1.00,11,threshold_4,Threshold 4,2,31,13,3,3,0,1.0,,1,32,0,32,0,0,1,,0.0012406947890818859,,0.01934984520123839,1.0,1.0,0.0,1.0,0.3333333333333333,0.0
stochastic_contradictions,p1.00,p1.00,11,threshold_4,Threshold 4,3,31,13,3,3,0,1.0,,1,32,0,32,0,0,1,,0.0012406947890818859,,0.01934984520123839,1.0,1.0,0.0,1.0,0.3333333333333333,0.0
stochastic_contradictions,p1.00,p1.00,11,threshold_4,Threshold 4,4,31,13,3,3,0,1.0,,1,32,0,32,0,0,1,,0.0012406947890818859,,0.01934984520123839,1.0,1.0,0.0,1.0,0.3333333333333333,0.0
stochastic_contradictions,p1.00,p1.00,11,threshold_4,Threshold 4,5,31,13,3,3,0,1.0,,1,32,0,32,0,0,1,,0.0012406947890818859,,0.01934984520123839,1.0,1.0,0.0,1.0,0.3333333333333333,0.0
stochastic_contradictions,p1.00,p1.00,11,threshold_4,Threshold 4,6,31,13,3,3,0,1.0,,1,32,0,32,0,0,1,,0.0012406947890818859,,0.01934984520123839,1.0,1.0,0.0,1.0,0.3333333333333333,0.0
stochastic_contradictions,p1.00,p1.00,11,threshold_4,Threshold 4,7,31,13,3,3,0,1.0,,1,32,0,32,0,0,1,,0.0012406947890818859,,0.01934984520123839,1.0,1.0,0.0,1.0,0.3333333333333333,0.0
stochastic_contradictions,p1.00,p1.00,11,threshold_8,Threshold 8,0,31,13,3,3,0,1.0,,1,40,8,40,0,0,1,,0.0012406947890818859,,0.01934984520123839,1.0,1.0,0.0,1.0,0.3333333333333333,0.0
stochastic_contradictions,p1.00,p1.00,11,threshold_8,Threshold 8,1,31,13,3,3,0,1.0,,1,32,0,32,0,0,1,,0.0012406947890818859,,0.01934984520123839,1.0,1.0,0.0,1.0,0.3333333333333333,0.0
stochastic_contradictions,p1.00,p1.00,11,threshold_8,Threshold 8,2,31,13,3,3,0,1.0,,1,32,0,32,0,0,1,,0.0012406947890818859,,0.01934984520123839,1.0,1.0,0.0,1.0,0.3333333333333333,0.0
stochastic_contradictions,p1.00,p1.00,11,threshold_8,Threshold 8,3,31,13,3,3,0,1.0,,1,32,0,32,0,0,1,,0.0012406947890818859,,0.01934984520123839,1.0,1.0,0.0,1.0,0.3333333333333333,0.0
stochastic_contradictions,p1.00,p1.00,11,threshold_8,Threshold 8,4,31,13,3,3,0,1.0,,1,32,0,32,0,0,1,,0.0012406947890818859,,0.01934984520123839,1.0,1.0,0.0,1.0,0.3333333333333333,0.0
stochastic_contradictions,p1.00,p1.00,11,threshold_8,Threshold 8,5,31,13,3,3,0,1.0,,1,32,0,32,0,0,1,,0.0012406947890818859,,0.01934984520123839,1.0,1.0,0.0,1.0,0.3333333333333333,0.0
stochastic_contradictions,p1.00,p1.00,11,threshold_8,Threshold 8,6,31,13,3,3,0,1.0,,1,32,0,32,0,0,1,,0.0012406947890818859,,0.01934984520123839,1.0,1.0,0.0,1.0,0.3333333333333333,0.0
stochastic_contradictions,p1.00,p1.00,11,threshold_8,Threshold 8,7,31,13,3,3,0,1.0,,1,32,0,32,0,0,1,,0.0012406947890818859,,0.01934984520123839,1.0,1.0,0.0,1.0,0.3333333333333333,0.0
stochastic_contradictions,p1.00,p1.00,11,ccra_exact_guard,CCRA exact,0,31,13,3,3,0,1.0,,1,33,1,33,0,0,1,,0.0012406947890818859,,0.01934984520123839,1.0,1.0,0.0,1.0,0.3333333333333333,0.0
stochastic_contradictions,p1.00,p1.00,11,ccra_exact_guard,CCRA exact,1,31,13,3,3,0,1.0,,1,32,0,32,0,0,1,,0.0012406947890818859,,0.01934984520123839,1.0,1.0,0.0,1.0,0.3333333333333333,0.0
stochastic_contradictions,p1.00,p1.00,11,ccra_exact_guard,CCRA exact,2,31,13,3,3,0,1.0,,1,32,0,32,0,0,1,,0.0012406947890818859,,0.01934984520123839,1.0,1.0,0.0,1.0,0.3333333333333333,0.0
stochastic_contradictions,p1.00,p1.00,11,ccra_exact_guard,CCRA exact,3,31,13,3,3,0,1.0,,1,32,0,32,0,0,1,,0.0012406947890818859,,0.01934984520123839,1.0,1.0,0.0,1.0,0.3333333333333333,0.0
stochastic_contradictions,p1.00,p1.00,11,ccra_exact_guard,CCRA exact,4,31,13,3,3,0,1.0,,1,32,0,32,0,0,1,,0.0012406947890818859,,0.01934984520123839,1.0,1.0,0.0,1.0,0.3333333333333333,0.0
stochastic_contradictions,p1.00,p1.00,11,ccra_exact_guard,CCRA exact,5,31,13,3,3,0,1.0,,1,32,0,32,0,0,1,,0.0012406947890818859,,0.01934984520123839,1.0,1.0,0.0,1.0,0.3333333333333333,0.0
stochastic_contradictions,p1.00,p1.00,11,ccra_exact_guard,CCRA exact,6,31,13,3,3,0,1.0,,1,32,0,32,0,0,1,,0.0012406947890818859,,0.01934984520123839,1.0,1.0,0.0,1.0,0.3333333333333333,0.0
stochastic_contradictions,p1.00,p1.00,11,ccra_exact_guard,CCRA exact,7,31,13,3,3,0,1.0,,1,32,0,32,0,0,1,,0.0012406947890818859,,0.01934984520123839,1.0,1.0,0.0,1.0,0.3333333333333333,0.0
stochastic_contradictions,p1.00,p1.00,11,uncertainty_cost_avoidance,Cost avoidance,0,31,13,3,3,0,1.0,,1,33,1,33,0,0,1,,0.0018610421836228288,,0.029024767801857584,0.0,0.0,0.0,1.0,0.0,0.0
stochastic_contradictions,p1.00,p1.00,11,uncertainty_cost_avoidance,Cost avoidance,1,31,13,3,3,0,1.0,,1,32,0,32,0,0,1,,0.0018610421836228288,,0.029024767801857584,0.0,0.0,0.0,1.0,0.0,0.0
stochastic_contradictions,p1.00,p1.00,11,uncertainty_cost_avoidance,Cost avoidance,2,31,13,3,3,0,1.0,,1,32,0,32,0,0,1,,0.0018610421836228288,,0.029024767801857584,0.0,0.0,0.0,1.0,0.0,0.0
stochastic_contradictions,p1.00,p1.00,11,uncertainty_cost_avoidance,Cost avoidance,3,31,13,3,3,0,1.0,,1,32,0,32,0,0,1,,0.0018610421836228288,,0.029024767801857584,0.0,0.0,0.0,1.0,0.0,0.0
stochastic_contradictions,p1.00,p1.00,11,uncertainty_cost_avoidance,Cost avoidance,4,31,13,3,3,0,1.0,,1,32,0,32,0,0,1,,0.0018610421836228288,,0.029024767801857584,0.0,0.0,0.0,1.0,0.0,0.0
stochastic_contradictions,p1.00,p1.00,11,uncertainty_cost_avoidance,Cost avoidance,5,31,13,3,3,0,1.0,,1,32,0,32,0,0,1,,0.0018610421836228288,,0.029024767801857584,0.0,0.0,0.0,1.0,0.0,0.0
stochastic_contradictions,p1.00,p1.00,11,uncertainty_cost_avoidance,Cost avoidance,6,31,13,3,3,0,1.0,,1,32,0,32,0,0,1,,0.0018610421836228288,,0.029024767801857584,0.0,0.0,0.0,1.0,0.0,0.0
stochastic_contradictions,p1.00,p1.00,11,uncertainty_cost_avoidance,Cost avoidance,7,31,13,3,3,0,1.0,,1,32,0,32,0,0,1,,0.0018610421836228288,,0.029024767801857584,0.0,0.0,0.0,1.0,0.0,0.0
stochastic_contradictions,p1.00,p1.00,11,oracle_fault_model,Oracle,0,31,13,3,3,0,1.0,,1,32,0,32,0,0,0,,0.0,,0.0,3.0,3.0,0.0,1.0,1.0,0.0
stochastic_contradictions,p1.00,p1.00,11,oracle_fault_model,Oracle,1,31,13,3,3,0,1.0,,1,32,0,32,0,0,0,,0.0,,0.0,3.0,3.0,0.0,1.0,1.0,0.0
stochastic_contradictions,p1.00,p1.00,11,oracle_fault_model,Oracle,2,31,13,3,3,0,1.0,,1,32,0,32,0,0,0,,0.0,,0.0,3.0,3.0,0.0,1.0,1.0,0.0
stochastic_contradictions,p1.00,p1.00,11,oracle_fault_model,Oracle,3,31,13,3,3,0,1.0,,1,32,0,32,0,0,0,,0.0,,0.0,3.0,3.0,0.0,1.0,1.0,0.0
stochastic_contradictions,p1.00,p1.00,11,oracle_fault_model,Oracle,4,31,13,3,3,0,1.0,,1,32,0,32,0,0,0,,0.0,,0.0,3.0,3.0,0.0,1.0,1.0,0.0
stochastic_contradictions,p1.00,p1.00,11,oracle_fault_model,Oracle,5,31,13,3,3,0,1.0,,1,32,0,32,0,0,0,,0.0,,0.0,3.0,3.0,0.0,1.0,1.0,0.0
stochastic_contradictions,p1.00,p1.00,11,oracle_fault_model,Oracle,6,31,13,3,3,0,1.0,,1,32,0,32,0,0,0,,0.0,,0.0,3.0,3.0,0.0,1.0,1.0,0.0
stochastic_contradictions,p1.00,p1.00,11,oracle_fault_model,Oracle,7,31,13,3,3,0,1.0,,1,32,0,32,0,0,0,,0.0,,0.0,3.0,3.0,0.0,1.0,1.0,0.0
stochastic_contradictions,p1.00,p1.00,12,nominal_no_repair,Nominal,0,31,13,3,3,0,1.0,,0,220,215,6,0,1,0,,0.0018610421836228288,,0.029024767801857584,0.0,0.0,0.0,1.0,0.0,0.0
stochastic_contradictions,p1.00,p1.00,12,nominal_no_repair,Nominal,1,31,13,3,3,0,1.0,,0,220,215,6,0,1,0,,0.0018610421836228288,,0.029024767801857584,0.0,0.0,0.0,1.0,0.0,0.0
stochastic_contradictions,p1.00,p1.00,12,nominal_no_repair,Nominal,2,31,13,3,3,0,1.0,,0,220,215,6,0,1,0,,0.0018610421836228288,,0.029024767801857584,0.0,0.0,0.0,1.0,0.0,0.0
stochastic_contradictions,p1.00,p1.00,12,nominal_no_repair,Nominal,3,31,13,3,3,0,1.0,,0,220,215,6,0,1,0,,0.0018610421836228288,,0.029024767801857584,0.0,0.0,0.0,1.0,0.0,0.0
stochastic_contradictions,p1.00,p1.00,12,nominal_no_repair,Nominal,4,31,13,3,3,0,1.0,,0,220,215,6,0,1,0,,0.0018610421836228288,,0.029024767801857584,0.0,0.0,0.0,1.0,0.0,0.0
stochastic_contradictions,p1.00,p1.00,12,nominal_no_repair,Nominal,5,31,13,3,3,0,1.0,,0,220,215,6,0,1,0,,0.0018610421836228288,,0.029024767801857584,0.0,0.0,0.0,1.0,0.0,0.0
stochastic_contradictions,p1.00,p1.00,12,nominal_no_repair,Nominal,6,31,13,3,3,0,1.0,,0,220,215,6,0,1,0,,0.0018610421836228288,,0.029024767801857584,0.0,0.0,0.0,1.0,0.0,0.0
stochastic_contradictions,p1.00,p1.00,12,nominal_no_repair,Nominal,7,31,13,3,3,0,1.0,,0,220,215,6,0,1,0,,0.0018610421836228288,,0.029024767801857584,0.0,0.0,0.0,1.0,0.0,0.0
stochastic_contradictions,p1.00,p1.00,12,threshold_2,Threshold 2,0,31,13,3,3,0,1.0,,1,34,2,34,0,0,1,,0.0012406947890818859,,0.01934984520123839,1.0,1.0,0.0,1.0,0.3333333333333333,0.0
stochastic_contradictions,p1.00,p1.00,12,threshold_2,Threshold 2,1,31,13,3,3,0,1.0,,1,32,0,32,0,0,1,,0.0012406947890818859,,0.01934984520123839,1.0,1.0,0.0,1.0,0.3333333333333333,0.0
stochastic_contradictions,p1.00,p1.00,12,threshold_2,Threshold 2,2,31,13,3,3,0,1.0,,1,32,0,32,0,0,1,,0.0012406947890818859,,0.01934984520123839,1.0,1.0,0.0,1.0,0.3333333333333333,0.0
stochastic_contradictions,p1.00,p1.00,12,threshold_2,Threshold 2,3,31,13,3,3,0,1.0,,1,32,0,32,0,0,1,,0.0012406947890818859,,0.01934984520123839,1.0,1.0,0.0,1.0,0.3333333333333333,0.0
stochastic_contradictions,p1.00,p1.00,12,threshold_2,Threshold 2,4,31,13,3,3,0,1.0,,1,32,0,32,0,0,1,,0.0012406947890818859,,0.01934984520123839,1.0,1.0,0.0,1.0,0.3333333333333333,0.0
stochastic_contradictions,p1.00,p1.00,12,threshold_2,Threshold 2,5,31,13,3,3,0,1.0,,1,32,0,32,0,0,1,,0.0012406947890818859,,0.01934984520123839,1.0,1.0,0.0,1.0,0.3333333333333333,0.0
stochastic_contradictions,p1.00,p1.00,12,threshold_2,Threshold 2,6,31,13,3,3,0,1.0,,1,32,0,32,0,0,1,,0.0012406947890818859,,0.01934984520123839,1.0,1.0,0.0,1.0,0.3333333333333333,0.0
stochastic_contradictions,p1.00,p1.00,12,threshold_2,Threshold 2,7,31,13,3,3,0,1.0,,1,32,0,32,0,0,1,,0.0012406947890818859,,0.01934984520123839,1.0,1.0,0.0,1.0,0.3333333333333333,0.0
stochastic_contradictions,p1.00,p1.00,12,threshold_4,Threshold 4,0,31,13,3,3,0,1.0,,1,36,4,36,0,0,1,,0.0012406947890818859,,0.01934984520123839,1.0,1.0,0.0,1.0,0.3333333333333333,0.0
stochastic_contradictions,p1.00,p1.00,12,threshold_4,Threshold 4,1,31,13,3,3,0,1.0,,1,32,0,32,0,0,1,,0.0012406947890818859,,0.01934984520123839,1.0,1.0,0.0,1.0,0.3333333333333333,0.0
stochastic_contradictions,p1.00,p1.00,12,threshold_4,Threshold 4,2,31,13,3,3,0,1.0,,1,32,0,32,0,0,1,,0.0012406947890818859,,0.01934984520123839,1.0,1.0,0.0,1.0,0.3333333333333333,0.0
stochastic_contradictions,p1.00,p1.00,12,threshold_4,Threshold 4,3,31,13,3,3,0,1.0,,1,32,0,32,0,0,1,,0.0012406947890818859,,0.01934984520123839,1.0,1.0,0.0,1.0,0.3333333333333333,0.0
stochastic_contradictions,p1.00,p1.00,12,threshold_4,Threshold 4,4,31,13,3,3,0,1.0,,1,32,0,32,0,0,1,,0.0012406947890818859,,0.01934984520123839,1.0,1.0,0.0,1.0,0.3333333333333333,0.0
stochastic_contradictions,p1.00,p1.00,12,threshold_4,Threshold 4,5,31,13,3,3,0,1.0,,1,32,0,32,0,0,1,,0.0012406947890818859,,0.01934984520123839,1.0,1.0,0.0,1.0,0.3333333333333333,0.0
stochastic_contradictions,p1.00,p1.00,12,threshold_4,Threshold 4,6,31,13,3,3,0,1.0,,1,32,0,32,0,0,1,,0.0012406947890818859,,0.01934984520123839,1.0,1.0,0.0,1.0,0.3333333333333333,0.0
stochastic_contradictions,p1.00,p1.00,12,threshold_4,Threshold 4,7,31,13,3,3,0,1.0,,1,32,0,32,0,0,1,,0.0012406947890818859,,0.01934984520123839,1.0,1.0,0.0,1.0,0.3333333333333333,0.0
stochastic_contradictions,p1.00,p1.00,12,threshold_8,Threshold 8,0,31,13,3,3,0,1.0,,1,40,8,40,0,0,1,,0.0012406947890818859,,0.01934984520123839,1.0,1.0,0.0,1.0,0.3333333333333333,0.0
stochastic_contradictions,p1.00,p1.00,12,threshold_8,Threshold 8,1,31,13,3,3,0,1.0,,1,32,0,32,0,0,1,,0.0012406947890818859,,0.01934984520123839,1.0,1.0,0.0,1.0,0.3333333333333333,0.0
stochastic_contradictions,p1.00,p1.00,12,threshold_8,Threshold 8,2,31,13,3,3,0,1.0,,1,32,0,32,0,0,1,,0.0012406947890818859,,0.01934984520123839,1.0,1.0,0.0,1.0,0.3333333333333333,0.0
stochastic_contradictions,p1.00,p1.00,12,threshold_8,Threshold 8,3,31,13,3,3,0,1.0,,1,32,0,32,0,0,1,,0.0012406947890818859,,0.01934984520123839,1.0,1.0,0.0,1.0,0.3333333333333333,0.0
stochastic_contradictions,p1.00,p1.00,12,threshold_8,Threshold 8,4,31,13,3,3,0,1.0,,1,32,0,32,0,0,1,,0.0012406947890818859,,0.01934984520123839,1.0,1.0,0.0,1.0,0.3333333333333333,0.0
stochastic_contradictions,p1.00,p1.00,12,threshold_8,Threshold 8,5,31,13,3,3,0,1.0,,1,32,0,32,0,0,1,,0.0012406947890818859,,0.01934984520123839,1.0,1.0,0.0,1.0,0.3333333333333333,0.0
stochastic_contradictions,p1.00,p1.00,12,threshold_8,Threshold 8,6,31,13,3,3,0,1.0,,1,32,0,32,0,0,1,,0.0012406947890818859,,0.01934984520123839,1.0,1.0,0.0,1.0,0.3333333333333333,0.0
stochastic_contradictions,p1.00,p1.00,12,threshold_8,Threshold 8,7,31,13,3,3,0,1.0,,1,32,0,32,0,0,1,,0.0012406947890818859,,0.01934984520123839,1.0,1.0,0.0,1.0,0.3333333333333333,0.0
stochastic_contradictions,p1.00,p1.00,12,ccra_exact_guard,CCRA exact,0,31,13,3,3,0,1.0,,1,33,1,33,0,0,1,,0.0012406947890818859,,0.01934984520123839,1.0,1.0,0.0,1.0,0.3333333333333333,0.0
stochastic_contradictions,p1.00,p1.00,12,ccra_exact_guard,CCRA exact,1,31,13,3,3,0,1.0,,1,32,0,32,0,0,1,,0.0012406947890818859,,0.01934984520123839,1.0,1.0,0.0,1.0,0.3333333333333333,0.0
stochastic_contradictions,p1.00,p1.00,12,ccra_exact_guard,CCRA exact,2,31,13,3,3,0,1.0,,1,32,0,32,0,0,1,,0.0012406947890818859,,0.01934984520123839,1.0,1.0,0.0,1.0,0.3333333333333333,0.0
stochastic_contradictions,p1.00,p1.00,12,ccra_exact_guard,CCRA exact,3,31,13,3,3,0,1.0,,1,32,0,32,0,0,1,,0.0012406947890818859,,0.01934984520123839,1.0,1.0,0.0,1.0,0.3333333333333333,0.0
stochastic_contradictions,p1.00,p1.00,12,ccra_exact_guard,CCRA exact,4,31,13,3,3,0,1.0,,1,32,0,32,0,0,1,,0.0012406947890818859,,0.01934984520123839,1.0,1.0,0.0,1.0,0.3333333333333333,0.0
stochastic_contradictions,p1.00,p1.00,12,ccra_exact_guard,CCRA exact,5,31,13,3,3,0,1.0,,1,32,0,32,0,0,1,,0.0012406947890818859,,0.01934984520123839,1.0,1.0,0.0,1.0,0.3333333333333333,0.0
stochastic_contradictions,p1.00,p1.00,12,ccra_exact_guard,CCRA exact,6,31,13,3,3,0,1.0,,1,32,0,32,0,0,1,,0.0012406947890818859,,0.01934984520123839,1.0,1.0,0.0,1.0,0.3333333333333333,0.0
stochastic_contradictions,p1.00,p1.00,12,ccra_exact_guard,CCRA exact,7,31,13,3,3,0,1.0,,1,32,0,32,0,0,1,,0.0012406947890818859,,0.01934984520123839,1.0,1.0,0.0,1.0,0.3333333333333333,0.0
stochastic_contradictions,p1.00,p1.00,12,uncertainty_cost_avoidance,Cost avoidance,0,31,13,3,3,0,1.0,,1,33,1,33,0,0,1,,0.0018610421836228288,,0.029024767801857584,0.0,0.0,0.0,1.0,0.0,0.0
stochastic_contradictions,p1.00,p1.00,12,uncertainty_cost_avoidance,Cost avoidance,1,31,13,3,3,0,1.0,,1,32,0,32,0,0,1,,0.0018610421836228288,,0.029024767801857584,0.0,0.0,0.0,1.0,0.0,0.0
stochastic_contradictions,p1.00,p1.00,12,uncertainty_cost_avoidance,Cost avoidance,2,31,13,3,3,0,1.0,,1,32,0,32,0,0,1,,0.0018610421836228288,,0.029024767801857584,0.0,0.0,0.0,1.0,0.0,0.0
stochastic_contradictions,p1.00,p1.00,12,uncertainty_cost_avoidance,Cost avoidance,3,31,13,3,3,0,1.0,,1,32,0,32,0,0,1,,0.0018610421836228288,,0.029024767801857584,0.0,0.0,0.0,1.0,0.0,0.0
stochastic_contradictions,p1.00,p1.00,12,uncertainty_cost_avoidance,Cost avoidance,4,31,13,3,3,0,1.0,,1,32,0,32,0,0,1,,0.0018610421836228288,,0.029024767801857584,0.0,0.0,0.0,1.0,0.0,0.0
stochastic_contradictions,p1.00,p1.00,12,uncertainty_cost_avoidance,Cost avoidance,5,31,13,3,3,0,1.0,,1,32,0,32,0,0,1,,0.0018610421836228288,,0.029024767801857584,0.0,0.0,0.0,1.0,0.0,0.0
stochastic_contradictions,p1.00,p1.00,12,uncertainty_cost_avoidance,Cost avoidance,6,31,13,3,3,0,1.0,,1,32,0,32,0,0,1,,0.0018610421836228288,,0.029024767801857584,0.0,0.0,0.0,1.0,0.0,0.0
stochastic_contradictions,p1.00,p1.00,12,uncertainty_cost_avoidance,Cost avoidance,7,31,13,3,3,0,1.0,,1,32,0,32,0,0,1,,0.0018610421836228288,,0.029024767801857584,0.0,0.0,0.0,1.0,0.0,0.0
stochastic_contradictions,p1.00,p1.00,12,oracle_fault_model,Oracle,0,31,13,3,3,0,1.0,,1,32,0,32,0,0,0,,0.0,,0.0,3.0,3.0,0.0,1.0,1.0,0.0
stochastic_contradictions,p1.00,p1.00,12,oracle_fault_model,Oracle,1,31,13,3,3,0,1.0,,1,32,0,32,0,0,0,,0.0,,0.0,3.0,3.0,0.0,1.0,1.0,0.0
stochastic_contradictions,p1.00,p1.00,12,oracle_fault_model,Oracle,2,31,13,3,3,0,1.0,,1,32,0,32,0,0,0,,0.0,,0.0,3.0,3.0,0.0,1.0,1.0,0.0
stochastic_contradictions,p1.00,p1.00,12,oracle_fault_model,Oracle,3,31,13,3,3,0,1.0,,1,32,0,32,0,0,0,,0.0,,0.0,3.0,3.0,0.0,1.0,1.0,0.0
stochastic_contradictions,p1.00,p1.00,12,oracle_fault_model,Oracle,4,31,13,3,3,0,1.0,,1,32,0,32,0,0,0,,0.0,,0.0,3.0,3.0,0.0,1.0,1.0,0.0
stochastic_contradictions,p1.00,p1.00,12,oracle_fault_model,Oracle,5,31,13,3,3,0,1.0,,1,32,0,32,0,0,0,,0.0,,0.0,3.0,3.0,0.0,1.0,1.0,0.0
stochastic_contradictions,p1.00,p1.00,12,oracle_fault_model,Oracle,6,31,13,3,3,0,1.0,,1,32,0,32,0,0,0,,0.0,,0.0,3.0,3.0,0.0,1.0,1.0,0.0
stochastic_contradictions,p1.00,p1.00,12,oracle_fault_model,Oracle,7,31,13,3,3,0,1.0,,1,32,0,32,0,0,0,,0.0,,0.0,3.0,3.0,0.0,1.0,1.0,0.0
stochastic_contradictions,p1.00,p1.00,13,nominal_no_repair,Nominal,0,31,13,3,3,0,1.0,,0,220,199,22,0,1,0,,0.0018610421836228288,,0.029024767801857584,0.0,0.0,0.0,1.0,0.0,0.0
stochastic_contradictions,p1.00,p1.00,13,nominal_no_repair,Nominal,1,31,13,3,3,0,1.0,,0,220,199,22,0,1,0,,0.0018610421836228288,,0.029024767801857584,0.0,0.0,0.0,1.0,0.0,0.0
stochastic_contradictions,p1.00,p1.00,13,nominal_no_repair,Nominal,2,31,13,3,3,0,1.0,,0,220,199,22,0,1,0,,0.0018610421836228288,,0.029024767801857584,0.0,0.0,0.0,1.0,0.0,0.0
stochastic_contradictions,p1.00,p1.00,13,nominal_no_repair,Nominal,3,31,13,3,3,0,1.0,,0,220,199,22,0,1,0,,0.0018610421836228288,,0.029024767801857584,0.0,0.0,0.0,1.0,0.0,0.0
stochastic_contradictions,p1.00,p1.00,13,nominal_no_repair,Nominal,4,31,13,3,3,0,1.0,,0,220,199,22,0,1,0,,0.0018610421836228288,,0.029024767801857584,0.0,0.0,0.0,1.0,0.0,0.0
stochastic_contradictions,p1.00,p1.00,13,nominal_no_repair,Nominal,5,31,13,3,3,0,1.0,,0,220,199,22,0,1,0,,0.0018610421836228288,,0.029024767801857584,0.0,0.0,0.0,1.0,0.0,0.0
stochastic_contradictions,p1.00,p1.00,13,nominal_no_repair,Nominal,6,31,13,3,3,0,1.0,,0,220,199,22,0,1,0,,0.0018610421836228288,,0.029024767801857584,0.0,0.0,0.0,1.0,0.0,0.0
stochastic_contradictions,p1.00,p1.00,13,nominal_no_repair,Nominal,7,31,13,3,3,0,1.0,,0,220,199,22,0,1,0,,0.0018610421836228288,,0.029024767801857584,0.0,0.0,0.0,1.0,0.0,0.0
stochastic_contradictions,p1.00,p1.00,13,threshold_2,Threshold 2,0,31,13,3,3,0,1.0,,1,34,2,34,0,0,1,,0.0012406947890818859,,0.01934984520123839,1.0,1.0,0.0,1.0,0.3333333333333333,0.0
stochastic_contradictions,p1.00,p1.00,13,threshold_2,Threshold 2,1,31,13,3,3,0,1.0,,1,32,0,32,0,0,1,,0.0012406947890818859,,0.01934984520123839,1.0,1.0,0.0,1.0,0.3333333333333333,0.0
stochastic_contradictions,p1.00,p1.00,13,threshold_2,Threshold 2,2,31,13,3,3,0,1.0,,1,32,0,32,0,0,1,,0.0012406947890818859,,0.01934984520123839,1.0,1.0,0.0,1.0,0.3333333333333333,0.0
stochastic_contradictions,p1.00,p1.00,13,threshold_2,Threshold 2,3,31,13,3,3,0,1.0,,1,32,0,32,0,0,1,,0.0012406947890818859,,0.01934984520123839,1.0,1.0,0.0,1.0,0.3333333333333333,0.0
stochastic_contradictions,p1.00,p1.00,13,threshold_2,Threshold 2,4,31,13,3,3,0,1.0,,1,32,0,32,0,0,1,,0.0012406947890818859,,0.01934984520123839,1.0,1.0,0.0,1.0,0.3333333333333333,0.0
stochastic_contradictions,p1.00,p1.00,13,threshold_2,Threshold 2,5,31,13,3,3,0,1.0,,1,32,0,32,0,0,1,,0.0012406947890818859,,0.01934984520123839,1.0,1.0,0.0,1.0,0.3333333333333333,0.0
stochastic_contradictions,p1.00,p1.00,13,threshold_2,Threshold 2,6,31,13,3,3,0,1.0,,1,32,0,32,0,0,1,,0.0012406947890818859,,0.01934984520123839,1.0,1.0,0.0,1.0,0.3333333333333333,0.0
stochastic_contradictions,p1.00,p1.00,13,threshold_2,Threshold 2,7,31,13,3,3,0,1.0,,1,32,0,32,0,0,1,,0.0012406947890818859,,0.01934984520123839,1.0,1.0,0.0,1.0,0.3333333333333333,0.0
stochastic_contradictions,p1.00,p1.00,13,threshold_4,Threshold 4,0,31,13,3,3,0,1.0,,1,36,4,36,0,0,1,,0.0012406947890818859,,0.01934984520123839,1.0,1.0,0.0,1.0,0.3333333333333333,0.0
stochastic_contradictions,p1.00,p1.00,13,threshold_4,Threshold 4,1,31,13,3,3,0,1.0,,1,32,0,32,0,0,1,,0.0012406947890818859,,0.01934984520123839,1.0,1.0,0.0,1.0,0.3333333333333333,0.0
stochastic_contradictions,p1.00,p1.00,13,threshold_4,Threshold 4,2,31,13,3,3,0,1.0,,1,32,0,32,0,0,1,,0.0012406947890818859,,0.01934984520123839,1.0,1.0,0.0,1.0,0.3333333333333333,0.0
stochastic_contradictions,p1.00,p1.00,13,threshold_4,Threshold 4,3,31,13,3,3,0,1.0,,1,32,0,32,0,0,1,,0.0012406947890818859,,0.01934984520123839,1.0,1.0,0.0,1.0,0.3333333333333333,0.0
stochastic_contradictions,p1.00,p1.00,13,threshold_4,Threshold 4,4,31,13,3,3,0,1.0,,1,32,0,32,0,0,1,,0.0012406947890818859,,0.01934984520123839,1.0,1.0,0.0,1.0,0.3333333333333333,0.0
stochastic_contradictions,p1.00,p1.00,13,threshold_4,Threshold 4,5,31,13,3,3,0,1.0,,1,32,0,32,0,0,1,,0.0012406947890818859,,0.01934984520123839,1.0,1.0,0.0,1.0,0.3333333333333333,0.0
stochastic_contradictions,p1.00,p1.00,13,threshold_4,Threshold 4,6,31,13,3,3,0,1.0,,1,32,0,32,0,0,1,,0.0012406947890818859,,0.01934984520123839,1.0,1.0,0.0,1.0,0.3333333333333333,0.0
stochastic_contradictions,p1.00,p1.00,13,threshold_4,Threshold 4,7,31,13,3,3,0,1.0,,1,32,0,32,0,0,1,,0.0012406947890818859,,0.01934984520123839,1.0,1.0,0.0,1.0,0.3333333333333333,0.0
stochastic_contradictions,p1.00,p1.00,13,threshold_8,Threshold 8,0,31,13,3,3,0,1.0,,1,40,8,40,0,0,1,,0.0012406947890818859,,0.01934984520123839,1.0,1.0,0.0,1.0,0.3333333333333333,0.0
stochastic_contradictions,p1.00,p1.00,13,threshold_8,Threshold 8,1,31,13,3,3,0,1.0,,1,32,0,32,0,0,1,,0.0012406947890818859,,0.01934984520123839,1.0,1.0,0.0,1.0,0.3333333333333333,0.0
stochastic_contradictions,p1.00,p1.00,13,threshold_8,Threshold 8,2,31,13,3,3,0,1.0,,1,32,0,32,0,0,1,,0.0012406947890818859,,0.01934984520123839,1.0,1.0,0.0,1.0,0.3333333333333333,0.0
stochastic_contradictions,p1.00,p1.00,13,threshold_8,Threshold 8,3,31,13,3,3,0,1.0,,1,32,0,32,0,0,1,,0.0012406947890818859,,0.01934984520123839,1.0,1.0,0.0,1.0,0.3333333333333333,0.0
stochastic_contradictions,p1.00,p1.00,13,threshold_8,Threshold 8,4,31,13,3,3,0,1.0,,1,32,0,32,0,0,1,,0.0012406947890818859,,0.01934984520123839,1.0,1.0,0.0,1.0,0.3333333333333333,0.0
stochastic_contradictions,p1.00,p1.00,13,threshold_8,Threshold 8,5,31,13,3,3,0,1.0,,1,32,0,32,0,0,1,,0.0012406947890818859,,0.01934984520123839,1.0,1.0,0.0,1.0,0.3333333333333333,0.0
stochastic_contradictions,p1.00,p1.00,13,threshold_8,Threshold 8,6,31,13,3,3,0,1.0,,1,32,0,32,0,0,1,,0.0012406947890818859,,0.01934984520123839,1.0,1.0,0.0,1.0,0.3333333333333333,0.0
stochastic_contradictions,p1.00,p1.00,13,threshold_8,Threshold 8,7,31,13,3,3,0,1.0,,1,32,0,32,0,0,1,,0.0012406947890818859,,0.01934984520123839,1.0,1.0,0.0,1.0,0.3333333333333333,0.0
stochastic_contradictions,p1.00,p1.00,13,ccra_exact_guard,CCRA exact,0,31,13,3,3,0,1.0,,1,33,1,33,0,0,1,,0.0012406947890818859,,0.01934984520123839,1.0,1.0,0.0,1.0,0.3333333333333333,0.0
stochastic_contradictions,p1.00,p1.00,13,ccra_exact_guard,CCRA exact,1,31,13,3,3,0,1.0,,1,32,0,32,0,0,1,,0.0012406947890818859,,0.01934984520123839,1.0,1.0,0.0,1.0,0.3333333333333333,0.0
stochastic_contradictions,p1.00,p1.00,13,ccra_exact_guard,CCRA exact,2,31,13,3,3,0,1.0,,1,32,0,32,0,0,1,,0.0012406947890818859,,0.01934984520123839,1.0,1.0,0.0,1.0,0.3333333333333333,0.0
stochastic_contradictions,p1.00,p1.00,13,ccra_exact_guard,CCRA exact,3,31,13,3,3,0,1.0,,1,32,0,32,0,0,1,,0.0012406947890818859,,0.01934984520123839,1.0,1.0,0.0,1.0,0.3333333333333333,0.0
stochastic_contradictions,p1.00,p1.00,13,ccra_exact_guard,CCRA exact,4,31,13,3,3,0,1.0,,1,32,0,32,0,0,1,,0.0012406947890818859,,0.01934984520123839,1.0,1.0,0.0,1.0,0.3333333333333333,0.0
stochastic_contradictions,p1.00,p1.00,13,ccra_exact_guard,CCRA exact,5,31,13,3,3,0,1.0,,1,32,0,32,0,0,1,,0.0012406947890818859,,0.01934984520123839,1.0,1.0,0.0,1.0,0.3333333333333333,0.0
stochastic_contradictions,p1.00,p1.00,13,ccra_exact_guard,CCRA exact,6,31,13,3,3,0,1.0,,1,32,0,32,0,0,1,,0.0012406947890818859,,0.01934984520123839,1.0,1.0,0.0,1.0,0.3333333333333333,0.0
stochastic_contradictions,p1.00,p1.00,13,ccra_exact_guard,CCRA exact,7,31,13,3,3,0,1.0,,1,32,0,32,0,0,1,,0.0012406947890818859,,0.01934984520123839,1.0,1.0,0.0,1.0,0.3333333333333333,0.0
stochastic_contradictions,p1.00,p1.00,13,uncertainty_cost_avoidance,Cost avoidance,0,31,13,3,3,0,1.0,,1,33,1,33,0,0,1,,0.0018610421836228288,,0.029024767801857584,0.0,0.0,0.0,1.0,0.0,0.0
stochastic_contradictions,p1.00,p1.00,13,uncertainty_cost_avoidance,Cost avoidance,1,31,13,3,3,0,1.0,,1,32,0,32,0,0,1,,0.0018610421836228288,,0.029024767801857584,0.0,0.0,0.0,1.0,0.0,0.0
stochastic_contradictions,p1.00,p1.00,13,uncertainty_cost_avoidance,Cost avoidance,2,31,13,3,3,0,1.0,,1,32,0,32,0,0,1,,0.0018610421836228288,,0.029024767801857584,0.0,0.0,0.0,1.0,0.0,0.0
stochastic_contradictions,p1.00,p1.00,13,uncertainty_cost_avoidance,Cost avoidance,3,31,13,3,3,0,1.0,,1,32,0,32,0,0,1,,0.0018610421836228288,,0.029024767801857584,0.0,0.0,0.0,1.0,0.0,0.0
stochastic_contradictions,p1.00,p1.00,13,uncertainty_cost_avoidance,Cost avoidance,4,31,13,3,3,0,1.0,,1,32,0,32,0,0,1,,0.0018610421836228288,,0.029024767801857584,0.0,0.0,0.0,1.0,0.0,0.0
stochastic_contradictions,p1.00,p1.00,13,uncertainty_cost_avoidance,Cost avoidance,5,31,13,3,3,0,1.0,,1,32,0,32,0,0,1,,0.0018610421836228288,,0.029024767801857584,0.0,0.0,0.0,1.0,0.0,0.0
stochastic_contradictions,p1.00,p1.00,13,uncertainty_cost_avoidance,Cost avoidance,6,31,13,3,3,0,1.0,,1,32,0,32,0,0,1,,0.0018610421836228288,,0.029024767801857584,0.0,0.0,0.0,1.0,0.0,0.0
stochastic_contradictions,p1.00,p1.00,13,uncertainty_cost_avoidance,Cost avoidance,7,31,13,3,3,0,1.0,,1,32,0,32,0,0,1,,0.0018610421836228288,,0.029024767801857584,0.0,0.0,0.0,1.0,0.0,0.0
stochastic_contradictions,p1.00,p1.00,13,oracle_fault_model,Oracle,0,31,13,3,3,0,1.0,,1,32,0,32,0,0,0,,0.0,,0.0,3.0,3.0,0.0,1.0,1.0,0.0
stochastic_contradictions,p1.00,p1.00,13,oracle_fault_model,Oracle,1,31,13,3,3,0,1.0,,1,32,0,32,0,0,0,,0.0,,0.0,3.0,3.0,0.0,1.0,1.0,0.0
stochastic_contradictions,p1.00,p1.00,13,oracle_fault_model,Oracle,2,31,13,3,3,0,1.0,,1,32,0,32,0,0,0,,0.0,,0.0,3.0,3.0,0.0,1.0,1.0,0.0
stochastic_contradictions,p1.00,p1.00,13,oracle_fault_model,Oracle,3,31,13,3,3,0,1.0,,1,32,0,32,0,0,0,,0.0,,0.0,3.0,3.0,0.0,1.0,1.0,0.0
stochastic_contradictions,p1.00,p1.00,13,oracle_fault_model,Oracle,4,31,13,3,3,0,1.0,,1,32,0,32,0,0,0,,0.0,,0.0,3.0,3.0,0.0,1.0,1.0,0.0
stochastic_contradictions,p1.00,p1.00,13,oracle_fault_model,Oracle,5,31,13,3,3,0,1.0,,1,32,0,32,0,0,0,,0.0,,0.0,3.0,3.0,0.0,1.0,1.0,0.0
stochastic_contradictions,p1.00,p1.00,13,oracle_fault_model,Oracle,6,31,13,3,3,0,1.0,,1,32,0,32,0,0,0,,0.0,,0.0,3.0,3.0,0.0,1.0,1.0,0.0
stochastic_contradictions,p1.00,p1.00,13,oracle_fault_model,Oracle,7,31,13,3,3,0,1.0,,1,32,0,32,0,0,0,,0.0,,0.0,3.0,3.0,0.0,1.0,1.0,0.0
stochastic_contradictions,p1.00,p1.00,14,nominal_no_repair,Nominal,0,31,13,3,3,0,1.0,,0,220,213,8,0,1,0,,0.0018610421836228288,,0.029024767801857584,0.0,0.0,0.0,1.0,0.0,0.0
stochastic_contradictions,p1.00,p1.00,14,nominal_no_repair,Nominal,1,31,13,3,3,0,1.0,,0,220,213,8,0,1,0,,0.0018610421836228288,,0.029024767801857584,0.0,0.0,0.0,1.0,0.0,0.0
stochastic_contradictions,p1.00,p1.00,14,nominal_no_repair,Nominal,2,31,13,3,3,0,1.0,,0,220,213,8,0,1,0,,0.0018610421836228288,,0.029024767801857584,0.0,0.0,0.0,1.0,0.0,0.0
stochastic_contradictions,p1.00,p1.00,14,nominal_no_repair,Nominal,3,31,13,3,3,0,1.0,,0,220,213,8,0,1,0,,0.0018610421836228288,,0.029024767801857584,0.0,0.0,0.0,1.0,0.0,0.0
stochastic_contradictions,p1.00,p1.00,14,nominal_no_repair,Nominal,4,31,13,3,3,0,1.0,,0,220,213,8,0,1,0,,0.0018610421836228288,,0.029024767801857584,0.0,0.0,0.0,1.0,0.0,0.0
stochastic_contradictions,p1.00,p1.00,14,nominal_no_repair,Nominal,5,31,13,3,3,0,1.0,,0,220,213,8,0,1,0,,0.0018610421836228288,,0.029024767801857584,0.0,0.0,0.0,1.0,0.0,0.0
stochastic_contradictions,p1.00,p1.00,14,nominal_no_repair,Nominal,6,31,13,3,3,0,1.0,,0,220,213,8,0,1,0,,0.0018610421836228288,,0.029024767801857584,0.0,0.0,0.0,1.0,0.0,0.0
stochastic_contradictions,p1.00,p1.00,14,nominal_no_repair,Nominal,7,31,13,3,3,0,1.0,,0,220,213,8,0,1,0,,0.0018610421836228288,,0.029024767801857584,0.0,0.0,0.0,1.0,0.0,0.0
stochastic_contradictions,p1.00,p1.00,14,threshold_2,Threshold 2,0,31,13,3,3,0,1.0,,1,34,2,34,0,0,1,,0.0012406947890818859,,0.01934984520123839,1.0,1.0,0.0,1.0,0.3333333333333333,0.0
stochastic_contradictions,p1.00,p1.00,14,threshold_2,Threshold 2,1,31,13,3,3,0,1.0,,1,32,0,32,0,0,1,,0.0012406947890818859,,0.01934984520123839,1.0,1.0,0.0,1.0,0.3333333333333333,0.0
stochastic_contradictions,p1.00,p1.00,14,threshold_2,Threshold 2,2,31,13,3,3,0,1.0,,1,32,0,32,0,0,1,,0.0012406947890818859,,0.01934984520123839,1.0,1.0,0.0,1.0,0.3333333333333333,0.0
stochastic_contradictions,p1.00,p1.00,14,threshold_2,Threshold 2,3,31,13,3,3,0,1.0,,1,32,0,32,0,0,1,,0.0012406947890818859,,0.01934984520123839,1.0,1.0,0.0,1.0,0.3333333333333333,0.0
stochastic_contradictions,p1.00,p1.00,14,threshold_2,Threshold 2,4,31,13,3,3,0,1.0,,1,32,0,32,0,0,1,,0.0012406947890818859,,0.01934984520123839,1.0,1.0,0.0,1.0,0.3333333333333333,0.0
stochastic_contradictions,p1.00,p1.00,14,threshold_2,Threshold 2,5,31,13,3,3,0,1.0,,1,32,0,32,0,0,1,,0.0012406947890818859,,0.01934984520123839,1.0,1.0,0.0,1.0,0.3333333333333333,0.0
stochastic_contradictions,p1.00,p1.00,14,threshold_2,Threshold 2,6,31,13,3,3,0,1.0,,1,32,0,32,0,0,1,,0.0012406947890818859,,0.01934984520123839,1.0,1.0,0.0,1.0,0.3333333333333333,0.0
stochastic_contradictions,p1.00,p1.00,14,threshold_2,Threshold 2,7,31,13,3,3,0,1.0,,1,32,0,32,0,0,1,,0.0012406947890818859,,0.01934984520123839,1.0,1.0,0.0,1.0,0.3333333333333333,0.0
stochastic_contradictions,p1.00,p1.00,14,threshold_4,Threshold 4,0,31,13,3,3,0,1.0,,1,36,4,36,0,0,1,,0.0012406947890818859,,0.01934984520123839,1.0,1.0,0.0,1.0,0.3333333333333333,0.0
stochastic_contradictions,p1.00,p1.00,14,threshold_4,Threshold 4,1,31,13,3,3,0,1.0,,1,32,0,32,0,0,1,,0.0012406947890818859,,0.01934984520123839,1.0,1.0,0.0,1.0,0.3333333333333333,0.0
stochastic_contradictions,p1.00,p1.00,14,threshold_4,Threshold 4,2,31,13,3,3,0,1.0,,1,32,0,32,0,0,1,,0.0012406947890818859,,0.01934984520123839,1.0,1.0,0.0,1.0,0.3333333333333333,0.0
stochastic_contradictions,p1.00,p1.00,14,threshold_4,Threshold 4,3,31,13,3,3,0,1.0,,1,32,0,32,0,0,1,,0.0012406947890818859,,0.01934984520123839,1.0,1.0,0.0,1.0,0.3333333333333333,0.0
stochastic_contradictions,p1.00,p1.00,14,threshold_4,Threshold 4,4,31,13,3,3,0,1.0,,1,32,0,32,0,0,1,,0.0012406947890818859,,0.01934984520123839,1.0,1.0,0.0,1.0,0.3333333333333333,0.0
stochastic_contradictions,p1.00,p1.00,14,threshold_4,Threshold 4,5,31,13,3,3,0,1.0,,1,32,0,32,0,0,1,,0.0012406947890818859,,0.01934984520123839,1.0,1.0,0.0,1.0,0.3333333333333333,0.0
stochastic_contradictions,p1.00,p1.00,14,threshold_4,Threshold 4,6,31,13,3,3,0,1.0,,1,32,0,32,0,0,1,,0.0012406947890818859,,0.01934984520123839,1.0,1.0,0.0,1.0,0.3333333333333333,0.0
stochastic_contradictions,p1.00,p1.00,14,threshold_4,Threshold 4,7,31,13,3,3,0,1.0,,1,32,0,32,0,0,1,,0.0012406947890818859,,0.01934984520123839,1.0,1.0,0.0,1.0,0.3333333333333333,0.0
stochastic_contradictions,p1.00,p1.00,14,threshold_8,Threshold 8,0,31,13,3,3,0,1.0,,1,40,8,40,0,0,1,,0.0012406947890818859,,0.01934984520123839,1.0,1.0,0.0,1.0,0.3333333333333333,0.0
stochastic_contradictions,p1.00,p1.00,14,threshold_8,Threshold 8,1,31,13,3,3,0,1.0,,1,32,0,32,0,0,1,,0.0012406947890818859,,0.01934984520123839,1.0,1.0,0.0,1.0,0.3333333333333333,0.0
stochastic_contradictions,p1.00,p1.00,14,threshold_8,Threshold 8,2,31,13,3,3,0,1.0,,1,32,0,32,0,0,1,,0.0012406947890818859,,0.01934984520123839,1.0,1.0,0.0,1.0,0.3333333333333333,0.0
stochastic_contradictions,p1.00,p1.00,14,threshold_8,Threshold 8,3,31,13,3,3,0,1.0,,1,32,0,32,0,0,1,,0.0012406947890818859,,0.01934984520123839,1.0,1.0,0.0,1.0,0.3333333333333333,0.0
stochastic_contradictions,p1.00,p1.00,14,threshold_8,Threshold 8,4,31,13,3,3,0,1.0,,1,32,0,32,0,0,1,,0.0012406947890818859,,0.01934984520123839,1.0,1.0,0.0,1.0,0.3333333333333333,0.0
stochastic_contradictions,p1.00,p1.00,14,threshold_8,Threshold 8,5,31,13,3,3,0,1.0,,1,32,0,32,0,0,1,,0.0012406947890818859,,0.01934984520123839,1.0,1.0,0.0,1.0,0.3333333333333333,0.0
stochastic_contradictions,p1.00,p1.00,14,threshold_8,Threshold 8,6,31,13,3,3,0,1.0,,1,32,0,32,0,0,1,,0.0012406947890818859,,0.01934984520123839,1.0,1.0,0.0,1.0,0.3333333333333333,0.0
stochastic_contradictions,p1.00,p1.00,14,threshold_8,Threshold 8,7,31,13,3,3,0,1.0,,1,32,0,32,0,0,1,,0.0012406947890818859,,0.01934984520123839,1.0,1.0,0.0,1.0,0.3333333333333333,0.0
stochastic_contradictions,p1.00,p1.00,14,ccra_exact_guard,CCRA exact,0,31,13,3,3,0,1.0,,1,33,1,33,0,0,1,,0.0012406947890818859,,0.01934984520123839,1.0,1.0,0.0,1.0,0.3333333333333333,0.0
stochastic_contradictions,p1.00,p1.00,14,ccra_exact_guard,CCRA exact,1,31,13,3,3,0,1.0,,1,32,0,32,0,0,1,,0.0012406947890818859,,0.01934984520123839,1.0,1.0,0.0,1.0,0.3333333333333333,0.0
stochastic_contradictions,p1.00,p1.00,14,ccra_exact_guard,CCRA exact,2,31,13,3,3,0,1.0,,1,32,0,32,0,0,1,,0.0012406947890818859,,0.01934984520123839,1.0,1.0,0.0,1.0,0.3333333333333333,0.0
stochastic_contradictions,p1.00,p1.00,14,ccra_exact_guard,CCRA exact,3,31,13,3,3,0,1.0,,1,32,0,32,0,0,1,,0.0012406947890818859,,0.01934984520123839,1.0,1.0,0.0,1.0,0.3333333333333333,0.0
stochastic_contradictions,p1.00,p1.00,14,ccra_exact_guard,CCRA exact,4,31,13,3,3,0,1.0,,1,32,0,32,0,0,1,,0.0012406947890818859,,0.01934984520123839,1.0,1.0,0.0,1.0,0.3333333333333333,0.0
stochastic_contradictions,p1.00,p1.00,14,ccra_exact_guard,CCRA exact,5,31,13,3,3,0,1.0,,1,32,0,32,0,0,1,,0.0012406947890818859,,0.01934984520123839,1.0,1.0,0.0,1.0,0.3333333333333333,0.0
stochastic_contradictions,p1.00,p1.00,14,ccra_exact_guard,CCRA exact,6,31,13,3,3,0,1.0,,1,32,0,32,0,0,1,,0.0012406947890818859,,0.01934984520123839,1.0,1.0,0.0,1.0,0.3333333333333333,0.0
stochastic_contradictions,p1.00,p1.00,14,ccra_exact_guard,CCRA exact,7,31,13,3,3,0,1.0,,1,32,0,32,0,0,1,,0.0012406947890818859,,0.01934984520123839,1.0,1.0,0.0,1.0,0.3333333333333333,0.0
stochastic_contradictions,p1.00,p1.00,14,uncertainty_cost_avoidance,Cost avoidance,0,31,13,3,3,0,1.0,,1,33,1,33,0,0,1,,0.0018610421836228288,,0.029024767801857584,0.0,0.0,0.0,1.0,0.0,0.0
stochastic_contradictions,p1.00,p1.00,14,uncertainty_cost_avoidance,Cost avoidance,1,31,13,3,3,0,1.0,,1,32,0,32,0,0,1,,0.0018610421836228288,,0.029024767801857584,0.0,0.0,0.0,1.0,0.0,0.0
stochastic_contradictions,p1.00,p1.00,14,uncertainty_cost_avoidance,Cost avoidance,2,31,13,3,3,0,1.0,,1,32,0,32,0,0,1,,0.0018610421836228288,,0.029024767801857584,0.0,0.0,0.0,1.0,0.0,0.0
stochastic_contradictions,p1.00,p1.00,14,uncertainty_cost_avoidance,Cost avoidance,3,31,13,3,3,0,1.0,,1,32,0,32,0,0,1,,0.0018610421836228288,,0.029024767801857584,0.0,0.0,0.0,1.0,0.0,0.0
stochastic_contradictions,p1.00,p1.00,14,uncertainty_cost_avoidance,Cost avoidance,4,31,13,3,3,0,1.0,,1,32,0,32,0,0,1,,0.0018610421836228288,,0.029024767801857584,0.0,0.0,0.0,1.0,0.0,0.0
stochastic_contradictions,p1.00,p1.00,14,uncertainty_cost_avoidance,Cost avoidance,5,31,13,3,3,0,1.0,,1,32,0,32,0,0,1,,0.0018610421836228288,,0.029024767801857584,0.0,0.0,0.0,1.0,0.0,0.0
stochastic_contradictions,p1.00,p1.00,14,uncertainty_cost_avoidance,Cost avoidance,6,31,13,3,3,0,1.0,,1,32,0,32,0,0,1,,0.0018610421836228288,,0.029024767801857584,0.0,0.0,0.0,1.0,0.0,0.0
stochastic_contradictions,p1.00,p1.00,14,uncertainty_cost_avoidance,Cost avoidance,7,31,13,3,3,0,1.0,,1,32,0,32,0,0,1,,0.0018610421836228288,,0.029024767801857584,0.0,0.0,0.0,1.0,0.0,0.0
stochastic_contradictions,p1.00,p1.00,14,oracle_fault_model,Oracle,0,31,13,3,3,0,1.0,,1,32,0,32,0,0,0,,0.0,,0.0,3.0,3.0,0.0,1.0,1.0,0.0
stochastic_contradictions,p1.00,p1.00,14,oracle_fault_model,Oracle,1,31,13,3,3,0,1.0,,1,32,0,32,0,0,0,,0.0,,0.0,3.0,3.0,0.0,1.0,1.0,0.0
stochastic_contradictions,p1.00,p1.00,14,oracle_fault_model,Oracle,2,31,13,3,3,0,1.0,,1,32,0,32,0,0,0,,0.0,,0.0,3.0,3.0,0.0,1.0,1.0,0.0
stochastic_contradictions,p1.00,p1.00,14,oracle_fault_model,Oracle,3,31,13,3,3,0,1.0,,1,32,0,32,0,0,0,,0.0,,0.0,3.0,3.0,0.0,1.0,1.0,0.0
stochastic_contradictions,p1.00,p1.00,14,oracle_fault_model,Oracle,4,31,13,3,3,0,1.0,,1,32,0,32,0,0,0,,0.0,,0.0,3.0,3.0,0.0,1.0,1.0,0.0
stochastic_contradictions,p1.00,p1.00,14,oracle_fault_model,Oracle,5,31,13,3,3,0,1.0,,1,32,0,32,0,0,0,,0.0,,0.0,3.0,3.0,0.0,1.0,1.0,0.0
stochastic_contradictions,p1.00,p1.00,14,oracle_fault_model,Oracle,6,31,13,3,3,0,1.0,,1,32,0,32,0,0,0,,0.0,,0.0,3.0,3.0,0.0,1.0,1.0,0.0
stochastic_contradictions,p1.00,p1.00,14,oracle_fault_model,Oracle,7,31,13,3,3,0,1.0,,1,32,0,32,0,0,0,,0.0,,0.0,3.0,3.0,0.0,1.0,1.0,0.0
stochastic_contradictions,p1.00,p1.00,15,nominal_no_repair,Nominal,0,31,13,3,3,0,1.0,,0,220,215,6,0,1,0,,0.0018610421836228288,,0.029024767801857584,0.0,0.0,0.0,1.0,0.0,0.0
stochastic_contradictions,p1.00,p1.00,15,nominal_no_repair,Nominal,1,31,13,3,3,0,1.0,,0,220,215,6,0,1,0,,0.0018610421836228288,,0.029024767801857584,0.0,0.0,0.0,1.0,0.0,0.0
stochastic_contradictions,p1.00,p1.00,15,nominal_no_repair,Nominal,2,31,13,3,3,0,1.0,,0,220,215,6,0,1,0,,0.0018610421836228288,,0.029024767801857584,0.0,0.0,0.0,1.0,0.0,0.0
stochastic_contradictions,p1.00,p1.00,15,nominal_no_repair,Nominal,3,31,13,3,3,0,1.0,,0,220,215,6,0,1,0,,0.0018610421836228288,,0.029024767801857584,0.0,0.0,0.0,1.0,0.0,0.0
stochastic_contradictions,p1.00,p1.00,15,nominal_no_repair,Nominal,4,31,13,3,3,0,1.0,,0,220,215,6,0,1,0,,0.0018610421836228288,,0.029024767801857584,0.0,0.0,0.0,1.0,0.0,0.0
stochastic_contradictions,p1.00,p1.00,15,nominal_no_repair,Nominal,5,31,13,3,3,0,1.0,,0,220,215,6,0,1,0,,0.0018610421836228288,,0.029024767801857584,0.0,0.0,0.0,1.0,0.0,0.0
stochastic_contradictions,p1.00,p1.00,15,nominal_no_repair,Nominal,6,31,13,3,3,0,1.0,,0,220,215,6,0,1,0,,0.0018610421836228288,,0.029024767801857584,0.0,0.0,0.0,1.0,0.0,0.0
stochastic_contradictions,p1.00,p1.00,15,nominal_no_repair,Nominal,7,31,13,3,3,0,1.0,,0,220,215,6,0,1,0,,0.0018610421836228288,,0.029024767801857584,0.0,0.0,0.0,1.0,0.0,0.0
stochastic_contradictions,p1.00,p1.00,15,threshold_2,Threshold 2,0,31,13,3,3,0,1.0,,1,34,2,34,0,0,1,,0.0012406947890818859,,0.01934984520123839,1.0,1.0,0.0,1.0,0.3333333333333333,0.0
stochastic_contradictions,p1.00,p1.00,15,threshold_2,Threshold 2,1,31,13,3,3,0,1.0,,1,32,0,32,0,0,1,,0.0012406947890818859,,0.01934984520123839,1.0,1.0,0.0,1.0,0.3333333333333333,0.0
stochastic_contradictions,p1.00,p1.00,15,threshold_2,Threshold 2,2,31,13,3,3,0,1.0,,1,32,0,32,0,0,1,,0.0012406947890818859,,0.01934984520123839,1.0,1.0,0.0,1.0,0.3333333333333333,0.0
stochastic_contradictions,p1.00,p1.00,15,threshold_2,Threshold 2,3,31,13,3,3,0,1.0,,1,32,0,32,0,0,1,,0.0012406947890818859,,0.01934984520123839,1.0,1.0,0.0,1.0,0.3333333333333333,0.0
stochastic_contradictions,p1.00,p1.00,15,threshold_2,Threshold 2,4,31,13,3,3,0,1.0,,1,32,0,32,0,0,1,,0.0012406947890818859,,0.01934984520123839,1.0,1.0,0.0,1.0,0.3333333333333333,0.0
stochastic_contradictions,p1.00,p1.00,15,threshold_2,Threshold 2,5,31,13,3,3,0,1.0,,1,32,0,32,0,0,1,,0.0012406947890818859,,0.01934984520123839,1.0,1.0,0.0,1.0,0.3333333333333333,0.0
stochastic_contradictions,p1.00,p1.00,15,threshold_2,Threshold 2,6,31,13,3,3,0,1.0,,1,32,0,32,0,0,1,,0.0012406947890818859,,0.01934984520123839,1.0,1.0,0.0,1.0,0.3333333333333333,0.0
stochastic_contradictions,p1.00,p1.00,15,threshold_2,Threshold 2,7,31,13,3,3,0,1.0,,1,32,0,32,0,0,1,,0.0012406947890818859,,0.01934984520123839,1.0,1.0,0.0,1.0,0.3333333333333333,0.0
stochastic_contradictions,p1.00,p1.00,15,threshold_4,Threshold 4,0,31,13,3,3,0,1.0,,1,36,4,36,0,0,1,,0.0012406947890818859,,0.01934984520123839,1.0,1.0,0.0,1.0,0.3333333333333333,0.0
stochastic_contradictions,p1.00,p1.00,15,threshold_4,Threshold 4,1,31,13,3,3,0,1.0,,1,32,0,32,0,0,1,,0.0012406947890818859,,0.01934984520123839,1.0,1.0,0.0,1.0,0.3333333333333333,0.0
stochastic_contradictions,p1.00,p1.00,15,threshold_4,Threshold 4,2,31,13,3,3,0,1.0,,1,32,0,32,0,0,1,,0.0012406947890818859,,0.01934984520123839,1.0,1.0,0.0,1.0,0.3333333333333333,0.0
stochastic_contradictions,p1.00,p1.00,15,threshold_4,Threshold 4,3,31,13,3,3,0,1.0,,1,32,0,32,0,0,1,,0.0012406947890818859,,0.01934984520123839,1.0,1.0,0.0,1.0,0.3333333333333333,0.0
stochastic_contradictions,p1.00,p1.00,15,threshold_4,Threshold 4,4,31,13,3,3,0,1.0,,1,32,0,32,0,0,1,,0.0012406947890818859,,0.01934984520123839,1.0,1.0,0.0,1.0,0.3333333333333333,0.0
stochastic_contradictions,p1.00,p1.00,15,threshold_4,Threshold 4,5,31,13,3,3,0,1.0,,1,32,0,32,0,0,1,,0.0012406947890818859,,0.01934984520123839,1.0,1.0,0.0,1.0,0.3333333333333333,0.0
stochastic_contradictions,p1.00,p1.00,15,threshold_4,Threshold 4,6,31,13,3,3,0,1.0,,1,32,0,32,0,0,1,,0.0012406947890818859,,0.01934984520123839,1.0,1.0,0.0,1.0,0.3333333333333333,0.0
stochastic_contradictions,p1.00,p1.00,15,threshold_4,Threshold 4,7,31,13,3,3,0,1.0,,1,32,0,32,0,0,1,,0.0012406947890818859,,0.01934984520123839,1.0,1.0,0.0,1.0,0.3333333333333333,0.0
stochastic_contradictions,p1.00,p1.00,15,threshold_8,Threshold 8,0,31,13,3,3,0,1.0,,1,40,8,40,0,0,1,,0.0012406947890818859,,0.01934984520123839,1.0,1.0,0.0,1.0,0.3333333333333333,0.0
stochastic_contradictions,p1.00,p1.00,15,threshold_8,Threshold 8,1,31,13,3,3,0,1.0,,1,32,0,32,0,0,1,,0.0012406947890818859,,0.01934984520123839,1.0,1.0,0.0,1.0,0.3333333333333333,0.0
stochastic_contradictions,p1.00,p1.00,15,threshold_8,Threshold 8,2,31,13,3,3,0,1.0,,1,32,0,32,0,0,1,,0.0012406947890818859,,0.01934984520123839,1.0,1.0,0.0,1.0,0.3333333333333333,0.0
stochastic_contradictions,p1.00,p1.00,15,threshold_8,Threshold 8,3,31,13,3,3,0,1.0,,1,32,0,32,0,0,1,,0.0012406947890818859,,0.01934984520123839,1.0,1.0,0.0,1.0,0.3333333333333333,0.0
stochastic_contradictions,p1.00,p1.00,15,threshold_8,Threshold 8,4,31,13,3,3,0,1.0,,1,32,0,32,0,0,1,,0.0012406947890818859,,0.01934984520123839,1.0,1.0,0.0,1.0,0.3333333333333333,0.0
stochastic_contradictions,p1.00,p1.00,15,threshold_8,Threshold 8,5,31,13,3,3,0,1.0,,1,32,0,32,0,0,1,,0.0012406947890818859,,0.01934984520123839,1.0,1.0,0.0,1.0,0.3333333333333333,0.0
stochastic_contradictions,p1.00,p1.00,15,threshold_8,Threshold 8,6,31,13,3,3,0,1.0,,1,32,0,32,0,0,1,,0.0012406947890818859,,0.01934984520123839,1.0,1.0,0.0,1.0,0.3333333333333333,0.0
stochastic_contradictions,p1.00,p1.00,15,threshold_8,Threshold 8,7,31,13,3,3,0,1.0,,1,32,0,32,0,0,1,,0.0012406947890818859,,0.01934984520123839,1.0,1.0,0.0,1.0,0.3333333333333333,0.0
stochastic_contradictions,p1.00,p1.00,15,ccra_exact_guard,CCRA exact,0,31,13,3,3,0,1.0,,1,33,1,33,0,0,1,,0.0012406947890818859,,0.01934984520123839,1.0,1.0,0.0,1.0,0.3333333333333333,0.0
stochastic_contradictions,p1.00,p1.00,15,ccra_exact_guard,CCRA exact,1,31,13,3,3,0,1.0,,1,32,0,32,0,0,1,,0.0012406947890818859,,0.01934984520123839,1.0,1.0,0.0,1.0,0.3333333333333333,0.0
stochastic_contradictions,p1.00,p1.00,15,ccra_exact_guard,CCRA exact,2,31,13,3,3,0,1.0,,1,32,0,32,0,0,1,,0.0012406947890818859,,0.01934984520123839,1.0,1.0,0.0,1.0,0.3333333333333333,0.0
stochastic_contradictions,p1.00,p1.00,15,ccra_exact_guard,CCRA exact,3,31,13,3,3,0,1.0,,1,32,0,32,0,0,1,,0.0012406947890818859,,0.01934984520123839,1.0,1.0,0.0,1.0,0.3333333333333333,0.0
stochastic_contradictions,p1.00,p1.00,15,ccra_exact_guard,CCRA exact,4,31,13,3,3,0,1.0,,1,32,0,32,0,0,1,,0.0012406947890818859,,0.01934984520123839,1.0,1.0,0.0,1.0,0.3333333333333333,0.0
stochastic_contradictions,p1.00,p1.00,15,ccra_exact_guard,CCRA exact,5,31,13,3,3,0,1.0,,1,32,0,32,0,0,1,,0.0012406947890818859,,0.01934984520123839,1.0,1.0,0.0,1.0,0.3333333333333333,0.0
stochastic_contradictions,p1.00,p1.00,15,ccra_exact_guard,CCRA exact,6,31,13,3,3,0,1.0,,1,32,0,32,0,0,1,,0.0012406947890818859,,0.01934984520123839,1.0,1.0,0.0,1.0,0.3333333333333333,0.0
stochastic_contradictions,p1.00,p1.00,15,ccra_exact_guard,CCRA exact,7,31,13,3,3,0,1.0,,1,32,0,32,0,0,1,,0.0012406947890818859,,0.01934984520123839,1.0,1.0,0.0,1.0,0.3333333333333333,0.0
stochastic_contradictions,p1.00,p1.00,15,uncertainty_cost_avoidance,Cost avoidance,0,31,13,3,3,0,1.0,,1,33,1,33,0,0,1,,0.0018610421836228288,,0.029024767801857584,0.0,0.0,0.0,1.0,0.0,0.0
stochastic_contradictions,p1.00,p1.00,15,uncertainty_cost_avoidance,Cost avoidance,1,31,13,3,3,0,1.0,,1,32,0,32,0,0,1,,0.0018610421836228288,,0.029024767801857584,0.0,0.0,0.0,1.0,0.0,0.0
stochastic_contradictions,p1.00,p1.00,15,uncertainty_cost_avoidance,Cost avoidance,2,31,13,3,3,0,1.0,,1,32,0,32,0,0,1,,0.0018610421836228288,,0.029024767801857584,0.0,0.0,0.0,1.0,0.0,0.0
stochastic_contradictions,p1.00,p1.00,15,uncertainty_cost_avoidance,Cost avoidance,3,31,13,3,3,0,1.0,,1,32,0,32,0,0,1,,0.0018610421836228288,,0.029024767801857584,0.0,0.0,0.0,1.0,0.0,0.0
stochastic_contradictions,p1.00,p1.00,15,uncertainty_cost_avoidance,Cost avoidance,4,31,13,3,3,0,1.0,,1,32,0,32,0,0,1,,0.0018610421836228288,,0.029024767801857584,0.0,0.0,0.0,1.0,0.0,0.0
stochastic_contradictions,p1.00,p1.00,15,uncertainty_cost_avoidance,Cost avoidance,5,31,13,3,3,0,1.0,,1,32,0,32,0,0,1,,0.0018610421836228288,,0.029024767801857584,0.0,0.0,0.0,1.0,0.0,0.0
stochastic_contradictions,p1.00,p1.00,15,uncertainty_cost_avoidance,Cost avoidance,6,31,13,3,3,0,1.0,,1,32,0,32,0,0,1,,0.0018610421836228288,,0.029024767801857584,0.0,0.0,0.0,1.0,0.0,0.0
stochastic_contradictions,p1.00,p1.00,15,uncertainty_cost_avoidance,Cost avoidance,7,31,13,3,3,0,1.0,,1,32,0,32,0,0,1,,0.0018610421836228288,,0.029024767801857584,0.0,0.0,0.0,1.0,0.0,0.0
stochastic_contradictions,p1.00,p1.00,15,oracle_fault_model,Oracle,0,31,13,3,3,0,1.0,,1,32,0,32,0,0,0,,0.0,,0.0,3.0,3.0,0.0,1.0,1.0,0.0
stochastic_contradictions,p1.00,p1.00,15,oracle_fault_model,Oracle,1,31,13,3,3,0,1.0,,1,32,0,32,0,0,0,,0.0,,0.0,3.0,3.0,0.0,1.0,1.0,0.0
stochastic_contradictions,p1.00,p1.00,15,oracle_fault_model,Oracle,2,31,13,3,3,0,1.0,,1,32,0,32,0,0,0,,0.0,,0.0,3.0,3.0,0.0,1.0,1.0,0.0
stochastic_contradictions,p1.00,p1.00,15,oracle_fault_model,Oracle,3,31,13,3,3,0,1.0,,1,32,0,32,0,0,0,,0.0,,0.0,3.0,3.0,0.0,1.0,1.0,0.0
stochastic_contradictions,p1.00,p1.00,15,oracle_fault_model,Oracle,4,31,13,3,3,0,1.0,,1,32,0,32,0,0,0,,0.0,,0.0,3.0,3.0,0.0,1.0,1.0,0.0
stochastic_contradictions,p1.00,p1.00,15,oracle_fault_model,Oracle,5,31,13,3,3,0,1.0,,1,32,0,32,0,0,0,,0.0,,0.0,3.0,3.0,0.0,1.0,1.0,0.0
stochastic_contradictions,p1.00,p1.00,15,oracle_fault_model,Oracle,6,31,13,3,3,0,1.0,,1,32,0,32,0,0,0,,0.0,,0.0,3.0,3.0,0.0,1.0,1.0,0.0
stochastic_contradictions,p1.00,p1.00,15,oracle_fault_model,Oracle,7,31,13,3,3,0,1.0,,1,32,0,32,0,0,0,,0.0,,0.0,3.0,3.0,0.0,1.0,1.0,0.0
stochastic_contradictions,p1.00,p1.00,16,nominal_no_repair,Nominal,0,31,13,3,3,0,1.0,,0,220,218,3,0,1,0,,0.0018610421836228288,,0.029024767801857584,0.0,0.0,0.0,1.0,0.0,0.0
stochastic_contradictions,p1.00,p1.00,16,nominal_no_repair,Nominal,1,31,13,3,3,0,1.0,,0,220,218,3,0,1,0,,0.0018610421836228288,,0.029024767801857584,0.0,0.0,0.0,1.0,0.0,0.0
stochastic_contradictions,p1.00,p1.00,16,nominal_no_repair,Nominal,2,31,13,3,3,0,1.0,,0,220,218,3,0,1,0,,0.0018610421836228288,,0.029024767801857584,0.0,0.0,0.0,1.0,0.0,0.0
stochastic_contradictions,p1.00,p1.00,16,nominal_no_repair,Nominal,3,31,13,3,3,0,1.0,,0,220,218,3,0,1,0,,0.0018610421836228288,,0.029024767801857584,0.0,0.0,0.0,1.0,0.0,0.0
stochastic_contradictions,p1.00,p1.00,16,nominal_no_repair,Nominal,4,31,13,3,3,0,1.0,,0,220,218,3,0,1,0,,0.0018610421836228288,,0.029024767801857584,0.0,0.0,0.0,1.0,0.0,0.0
stochastic_contradictions,p1.00,p1.00,16,nominal_no_repair,Nominal,5,31,13,3,3,0,1.0,,0,220,218,3,0,1,0,,0.0018610421836228288,,0.029024767801857584,0.0,0.0,0.0,1.0,0.0,0.0
stochastic_contradictions,p1.00,p1.00,16,nominal_no_repair,Nominal,6,31,13,3,3,0,1.0,,0,220,218,3,0,1,0,,0.0018610421836228288,,0.029024767801857584,0.0,0.0,0.0,1.0,0.0,0.0
stochastic_contradictions,p1.00,p1.00,16,nominal_no_repair,Nominal,7,31,13,3,3,0,1.0,,0,220,218,3,0,1,0,,0.0018610421836228288,,0.029024767801857584,0.0,0.0,0.0,1.0,0.0,0.0
stochastic_contradictions,p1.00,p1.00,16,threshold_2,Threshold 2,0,31,13,3,3,0,1.0,,1,34,2,34,0,0,1,,0.0012406947890818859,,0.01934984520123839,1.0,1.0,0.0,1.0,0.3333333333333333,0.0
stochastic_contradictions,p1.00,p1.00,16,threshold_2,Threshold 2,1,31,13,3,3,0,1.0,,1,32,0,32,0,0,1,,0.0012406947890818859,,0.01934984520123839,1.0,1.0,0.0,1.0,0.3333333333333333,0.0
stochastic_contradictions,p1.00,p1.00,16,threshold_2,Threshold 2,2,31,13,3,3,0,1.0,,1,32,0,32,0,0,1,,0.0012406947890818859,,0.01934984520123839,1.0,1.0,0.0,1.0,0.3333333333333333,0.0
stochastic_contradictions,p1.00,p1.00,16,threshold_2,Threshold 2,3,31,13,3,3,0,1.0,,1,32,0,32,0,0,1,,0.0012406947890818859,,0.01934984520123839,1.0,1.0,0.0,1.0,0.3333333333333333,0.0
stochastic_contradictions,p1.00,p1.00,16,threshold_2,Threshold 2,4,31,13,3,3,0,1.0,,1,32,0,32,0,0,1,,0.0012406947890818859,,0.01934984520123839,1.0,1.0,0.0,1.0,0.3333333333333333,0.0
stochastic_contradictions,p1.00,p1.00,16,threshold_2,Threshold 2,5,31,13,3,3,0,1.0,,1,32,0,32,0,0,1,,0.0012406947890818859,,0.01934984520123839,1.0,1.0,0.0,1.0,0.3333333333333333,0.0
stochastic_contradictions,p1.00,p1.00,16,threshold_2,Threshold 2,6,31,13,3,3,0,1.0,,1,32,0,32,0,0,1,,0.0012406947890818859,,0.01934984520123839,1.0,1.0,0.0,1.0,0.3333333333333333,0.0
stochastic_contradictions,p1.00,p1.00,16,threshold_2,Threshold 2,7,31,13,3,3,0,1.0,,1,32,0,32,0,0,1,,0.0012406947890818859,,0.01934984520123839,1.0,1.0,0.0,1.0,0.3333333333333333,0.0
stochastic_contradictions,p1.00,p1.00,16,threshold_4,Threshold 4,0,31,13,3,3,0,1.0,,1,36,4,36,0,0,1,,0.0012406947890818859,,0.01934984520123839,1.0,1.0,0.0,1.0,0.3333333333333333,0.0
stochastic_contradictions,p1.00,p1.00,16,threshold_4,Threshold 4,1,31,13,3,3,0,1.0,,1,32,0,32,0,0,1,,0.0012406947890818859,,0.01934984520123839,1.0,1.0,0.0,1.0,0.3333333333333333,0.0
stochastic_contradictions,p1.00,p1.00,16,threshold_4,Threshold 4,2,31,13,3,3,0,1.0,,1,32,0,32,0,0,1,,0.0012406947890818859,,0.01934984520123839,1.0,1.0,0.0,1.0,0.3333333333333333,0.0
stochastic_contradictions,p1.00,p1.00,16,threshold_4,Threshold 4,3,31,13,3,3,0,1.0,,1,32,0,32,0,0,1,,0.0012406947890818859,,0.01934984520123839,1.0,1.0,0.0,1.0,0.3333333333333333,0.0
stochastic_contradictions,p1.00,p1.00,16,threshold_4,Threshold 4,4,31,13,3,3,0,1.0,,1,32,0,32,0,0,1,,0.0012406947890818859,,0.01934984520123839,1.0,1.0,0.0,1.0,0.3333333333333333,0.0
stochastic_contradictions,p1.00,p1.00,16,threshold_4,Threshold 4,5,31,13,3,3,0,1.0,,1,32,0,32,0,0,1,,0.0012406947890818859,,0.01934984520123839,1.0,1.0,0.0,1.0,0.3333333333333333,0.0
stochastic_contradictions,p1.00,p1.00,16,threshold_4,Threshold 4,6,31,13,3,3,0,1.0,,1,32,0,32,0,0,1,,0.0012406947890818859,,0.01934984520123839,1.0,1.0,0.0,1.0,0.3333333333333333,0.0
stochastic_contradictions,p1.00,p1.00,16,threshold_4,Threshold 4,7,31,13,3,3,0,1.0,,1,32,0,32,0,0,1,,0.0012406947890818859,,0.01934984520123839,1.0,1.0,0.0,1.0,0.3333333333333333,0.0
stochastic_contradictions,p1.00,p1.00,16,threshold_8,Threshold 8,0,31,13,3,3,0,1.0,,1,40,8,40,0,0,1,,0.0012406947890818859,,0.01934984520123839,1.0,1.0,0.0,1.0,0.3333333333333333,0.0
stochastic_contradictions,p1.00,p1.00,16,threshold_8,Threshold 8,1,31,13,3,3,0,1.0,,1,32,0,32,0,0,1,,0.0012406947890818859,,0.01934984520123839,1.0,1.0,0.0,1.0,0.3333333333333333,0.0
stochastic_contradictions,p1.00,p1.00,16,threshold_8,Threshold 8,2,31,13,3,3,0,1.0,,1,32,0,32,0,0,1,,0.0012406947890818859,,0.01934984520123839,1.0,1.0,0.0,1.0,0.3333333333333333,0.0
stochastic_contradictions,p1.00,p1.00,16,threshold_8,Threshold 8,3,31,13,3,3,0,1.0,,1,32,0,32,0,0,1,,0.0012406947890818859,,0.01934984520123839,1.0,1.0,0.0,1.0,0.3333333333333333,0.0
stochastic_contradictions,p1.00,p1.00,16,threshold_8,Threshold 8,4,31,13,3,3,0,1.0,,1,32,0,32,0,0,1,,0.0012406947890818859,,0.01934984520123839,1.0,1.0,0.0,1.0,0.3333333333333333,0.0
stochastic_contradictions,p1.00,p1.00,16,threshold_8,Threshold 8,5,31,13,3,3,0,1.0,,1,32,0,32,0,0,1,,0.0012406947890818859,,0.01934984520123839,1.0,1.0,0.0,1.0,0.3333333333333333,0.0
stochastic_contradictions,p1.00,p1.00,16,threshold_8,Threshold 8,6,31,13,3,3,0,1.0,,1,32,0,32,0,0,1,,0.0012406947890818859,,0.01934984520123839,1.0,1.0,0.0,1.0,0.3333333333333333,0.0
stochastic_contradictions,p1.00,p1.00,16,threshold_8,Threshold 8,7,31,13,3,3,0,1.0,,1,32,0,32,0,0,1,,0.0012406947890818859,,0.01934984520123839,1.0,1.0,0.0,1.0,0.3333333333333333,0.0
stochastic_contradictions,p1.00,p1.00,16,ccra_exact_guard,CCRA exact,0,31,13,3,3,0,1.0,,1,33,1,33,0,0,1,,0.0012406947890818859,,0.01934984520123839,1.0,1.0,0.0,1.0,0.3333333333333333,0.0
stochastic_contradictions,p1.00,p1.00,16,ccra_exact_guard,CCRA exact,1,31,13,3,3,0,1.0,,1,32,0,32,0,0,1,,0.0012406947890818859,,0.01934984520123839,1.0,1.0,0.0,1.0,0.3333333333333333,0.0
stochastic_contradictions,p1.00,p1.00,16,ccra_exact_guard,CCRA exact,2,31,13,3,3,0,1.0,,1,32,0,32,0,0,1,,0.0012406947890818859,,0.01934984520123839,1.0,1.0,0.0,1.0,0.3333333333333333,0.0
stochastic_contradictions,p1.00,p1.00,16,ccra_exact_guard,CCRA exact,3,31,13,3,3,0,1.0,,1,32,0,32,0,0,1,,0.0012406947890818859,,0.01934984520123839,1.0,1.0,0.0,1.0,0.3333333333333333,0.0
stochastic_contradictions,p1.00,p1.00,16,ccra_exact_guard,CCRA exact,4,31,13,3,3,0,1.0,,1,32,0,32,0,0,1,,0.0012406947890818859,,0.01934984520123839,1.0,1.0,0.0,1.0,0.3333333333333333,0.0
stochastic_contradictions,p1.00,p1.00,16,ccra_exact_guard,CCRA exact,5,31,13,3,3,0,1.0,,1,32,0,32,0,0,1,,0.0012406947890818859,,0.01934984520123839,1.0,1.0,0.0,1.0,0.3333333333333333,0.0
stochastic_contradictions,p1.00,p1.00,16,ccra_exact_guard,CCRA exact,6,31,13,3,3,0,1.0,,1,32,0,32,0,0,1,,0.0012406947890818859,,0.01934984520123839,1.0,1.0,0.0,1.0,0.3333333333333333,0.0
stochastic_contradictions,p1.00,p1.00,16,ccra_exact_guard,CCRA exact,7,31,13,3,3,0,1.0,,1,32,0,32,0,0,1,,0.0012406947890818859,,0.01934984520123839,1.0,1.0,0.0,1.0,0.3333333333333333,0.0
stochastic_contradictions,p1.00,p1.00,16,uncertainty_cost_avoidance,Cost avoidance,0,31,13,3,3,0,1.0,,1,33,1,33,0,0,1,,0.0018610421836228288,,0.029024767801857584,0.0,0.0,0.0,1.0,0.0,0.0
stochastic_contradictions,p1.00,p1.00,16,uncertainty_cost_avoidance,Cost avoidance,1,31,13,3,3,0,1.0,,1,32,0,32,0,0,1,,0.0018610421836228288,,0.029024767801857584,0.0,0.0,0.0,1.0,0.0,0.0
stochastic_contradictions,p1.00,p1.00,16,uncertainty_cost_avoidance,Cost avoidance,2,31,13,3,3,0,1.0,,1,32,0,32,0,0,1,,0.0018610421836228288,,0.029024767801857584,0.0,0.0,0.0,1.0,0.0,0.0
stochastic_contradictions,p1.00,p1.00,16,uncertainty_cost_avoidance,Cost avoidance,3,31,13,3,3,0,1.0,,1,32,0,32,0,0,1,,0.0018610421836228288,,0.029024767801857584,0.0,0.0,0.0,1.0,0.0,0.0
stochastic_contradictions,p1.00,p1.00,16,uncertainty_cost_avoidance,Cost avoidance,4,31,13,3,3,0,1.0,,1,32,0,32,0,0,1,,0.0018610421836228288,,0.029024767801857584,0.0,0.0,0.0,1.0,0.0,0.0
stochastic_contradictions,p1.00,p1.00,16,uncertainty_cost_avoidance,Cost avoidance,5,31,13,3,3,0,1.0,,1,32,0,32,0,0,1,,0.0018610421836228288,,0.029024767801857584,0.0,0.0,0.0,1.0,0.0,0.0
stochastic_contradictions,p1.00,p1.00,16,uncertainty_cost_avoidance,Cost avoidance,6,31,13,3,3,0,1.0,,1,32,0,32,0,0,1,,0.0018610421836228288,,0.029024767801857584,0.0,0.0,0.0,1.0,0.0,0.0
stochastic_contradictions,p1.00,p1.00,16,uncertainty_cost_avoidance,Cost avoidance,7,31,13,3,3,0,1.0,,1,32,0,32,0,0,1,,0.0018610421836228288,,0.029024767801857584,0.0,0.0,0.0,1.0,0.0,0.0
stochastic_contradictions,p1.00,p1.00,16,oracle_fault_model,Oracle,0,31,13,3,3,0,1.0,,1,32,0,32,0,0,0,,0.0,,0.0,3.0,3.0,0.0,1.0,1.0,0.0
stochastic_contradictions,p1.00,p1.00,16,oracle_fault_model,Oracle,1,31,13,3,3,0,1.0,,1,32,0,32,0,0,0,,0.0,,0.0,3.0,3.0,0.0,1.0,1.0,0.0
stochastic_contradictions,p1.00,p1.00,16,oracle_fault_model,Oracle,2,31,13,3,3,0,1.0,,1,32,0,32,0,0,0,,0.0,,0.0,3.0,3.0,0.0,1.0,1.0,0.0
stochastic_contradictions,p1.00,p1.00,16,oracle_fault_model,Oracle,3,31,13,3,3,0,1.0,,1,32,0,32,0,0,0,,0.0,,0.0,3.0,3.0,0.0,1.0,1.0,0.0
stochastic_contradictions,p1.00,p1.00,16,oracle_fault_model,Oracle,4,31,13,3,3,0,1.0,,1,32,0,32,0,0,0,,0.0,,0.0,3.0,3.0,0.0,1.0,1.0,0.0
stochastic_contradictions,p1.00,p1.00,16,oracle_fault_model,Oracle,5,31,13,3,3,0,1.0,,1,32,0,32,0,0,0,,0.0,,0.0,3.0,3.0,0.0,1.0,1.0,0.0
stochastic_contradictions,p1.00,p1.00,16,oracle_fault_model,Oracle,6,31,13,3,3,0,1.0,,1,32,0,32,0,0,0,,0.0,,0.0,3.0,3.0,0.0,1.0,1.0,0.0
stochastic_contradictions,p1.00,p1.00,16,oracle_fault_model,Oracle,7,31,13,3,3,0,1.0,,1,32,0,32,0,0,0,,0.0,,0.0,3.0,3.0,0.0,1.0,1.0,0.0
stochastic_contradictions,p1.00,p1.00,17,nominal_no_repair,Nominal,0,31,13,3,3,0,1.0,,0,220,209,12,0,1,0,,0.0018610421836228288,,0.029024767801857584,0.0,0.0,0.0,1.0,0.0,0.0
stochastic_contradictions,p1.00,p1.00,17,nominal_no_repair,Nominal,1,31,13,3,3,0,1.0,,0,220,209,12,0,1,0,,0.0018610421836228288,,0.029024767801857584,0.0,0.0,0.0,1.0,0.0,0.0
stochastic_contradictions,p1.00,p1.00,17,nominal_no_repair,Nominal,2,31,13,3,3,0,1.0,,0,220,209,12,0,1,0,,0.0018610421836228288,,0.029024767801857584,0.0,0.0,0.0,1.0,0.0,0.0
stochastic_contradictions,p1.00,p1.00,17,nominal_no_repair,Nominal,3,31,13,3,3,0,1.0,,0,220,209,12,0,1,0,,0.0018610421836228288,,0.029024767801857584,0.0,0.0,0.0,1.0,0.0,0.0
stochastic_contradictions,p1.00,p1.00,17,nominal_no_repair,Nominal,4,31,13,3,3,0,1.0,,0,220,209,12,0,1,0,,0.0018610421836228288,,0.029024767801857584,0.0,0.0,0.0,1.0,0.0,0.0
stochastic_contradictions,p1.00,p1.00,17,nominal_no_repair,Nominal,5,31,13,3,3,0,1.0,,0,220,209,12,0,1,0,,0.0018610421836228288,,0.029024767801857584,0.0,0.0,0.0,1.0,0.0,0.0
stochastic_contradictions,p1.00,p1.00,17,nominal_no_repair,Nominal,6,31,13,3,3,0,1.0,,0,220,209,12,0,1,0,,0.0018610421836228288,,0.029024767801857584,0.0,0.0,0.0,1.0,0.0,0.0
stochastic_contradictions,p1.00,p1.00,17,nominal_no_repair,Nominal,7,31,13,3,3,0,1.0,,0,220,209,12,0,1,0,,0.0018610421836228288,,0.029024767801857584,0.0,0.0,0.0,1.0,0.0,0.0
stochastic_contradictions,p1.00,p1.00,17,threshold_2,Threshold 2,0,31,13,3,3,0,1.0,,1,34,2,34,0,0,1,,0.0012406947890818859,,0.01934984520123839,1.0,1.0,0.0,1.0,0.3333333333333333,0.0
stochastic_contradictions,p1.00,p1.00,17,threshold_2,Threshold 2,1,31,13,3,3,0,1.0,,1,32,0,32,0,0,1,,0.0012406947890818859,,0.01934984520123839,1.0,1.0,0.0,1.0,0.3333333333333333,0.0
stochastic_contradictions,p1.00,p1.00,17,threshold_2,Threshold 2,2,31,13,3,3,0,1.0,,1,32,0,32,0,0,1,,0.0012406947890818859,,0.01934984520123839,1.0,1.0,0.0,1.0,0.3333333333333333,0.0
stochastic_contradictions,p1.00,p1.00,17,threshold_2,Threshold 2,3,31,13,3,3,0,1.0,,1,32,0,32,0,0,1,,0.0012406947890818859,,0.01934984520123839,1.0,1.0,0.0,1.0,0.3333333333333333,0.0
stochastic_contradictions,p1.00,p1.00,17,threshold_2,Threshold 2,4,31,13,3,3,0,1.0,,1,32,0,32,0,0,1,,0.0012406947890818859,,0.01934984520123839,1.0,1.0,0.0,1.0,0.3333333333333333,0.0
stochastic_contradictions,p1.00,p1.00,17,threshold_2,Threshold 2,5,31,13,3,3,0,1.0,,1,32,0,32,0,0,1,,0.0012406947890818859,,0.01934984520123839,1.0,1.0,0.0,1.0,0.3333333333333333,0.0
stochastic_contradictions,p1.00,p1.00,17,threshold_2,Threshold 2,6,31,13,3,3,0,1.0,,1,32,0,32,0,0,1,,0.0012406947890818859,,0.01934984520123839,1.0,1.0,0.0,1.0,0.3333333333333333,0.0
stochastic_contradictions,p1.00,p1.00,17,threshold_2,Threshold 2,7,31,13,3,3,0,1.0,,1,32,0,32,0,0,1,,0.0012406947890818859,,0.01934984520123839,1.0,1.0,0.0,1.0,0.3333333333333333,0.0
stochastic_contradictions,p1.00,p1.00,17,threshold_4,Threshold 4,0,31,13,3,3,0,1.0,,1,36,4,36,0,0,1,,0.0012406947890818859,,0.01934984520123839,1.0,1.0,0.0,1.0,0.3333333333333333,0.0
stochastic_contradictions,p1.00,p1.00,17,threshold_4,Threshold 4,1,31,13,3,3,0,1.0,,1,32,0,32,0,0,1,,0.0012406947890818859,,0.01934984520123839,1.0,1.0,0.0,1.0,0.3333333333333333,0.0
stochastic_contradictions,p1.00,p1.00,17,threshold_4,Threshold 4,2,31,13,3,3,0,1.0,,1,32,0,32,0,0,1,,0.0012406947890818859,,0.01934984520123839,1.0,1.0,0.0,1.0,0.3333333333333333,0.0
stochastic_contradictions,p1.00,p1.00,17,threshold_4,Threshold 4,3,31,13,3,3,0,1.0,,1,32,0,32,0,0,1,,0.0012406947890818859,,0.01934984520123839,1.0,1.0,0.0,1.0,0.3333333333333333,0.0
stochastic_contradictions,p1.00,p1.00,17,threshold_4,Threshold 4,4,31,13,3,3,0,1.0,,1,32,0,32,0,0,1,,0.0012406947890818859,,0.01934984520123839,1.0,1.0,0.0,1.0,0.3333333333333333,0.0
stochastic_contradictions,p1.00,p1.00,17,threshold_4,Threshold 4,5,31,13,3,3,0,1.0,,1,32,0,32,0,0,1,,0.0012406947890818859,,0.01934984520123839,1.0,1.0,0.0,1.0,0.3333333333333333,0.0
stochastic_contradictions,p1.00,p1.00,17,threshold_4,Threshold 4,6,31,13,3,3,0,1.0,,1,32,0,32,0,0,1,,0.0012406947890818859,,0.01934984520123839,1.0,1.0,0.0,1.0,0.3333333333333333,0.0
stochastic_contradictions,p1.00,p1.00,17,threshold_4,Threshold 4,7,31,13,3,3,0,1.0,,1,32,0,32,0,0,1,,0.0012406947890818859,,0.01934984520123839,1.0,1.0,0.0,1.0,0.3333333333333333,0.0
stochastic_contradictions,p1.00,p1.00,17,threshold_8,Threshold 8,0,31,13,3,3,0,1.0,,1,40,8,40,0,0,1,,0.0012406947890818859,,0.01934984520123839,1.0,1.0,0.0,1.0,0.3333333333333333,0.0
stochastic_contradictions,p1.00,p1.00,17,threshold_8,Threshold 8,1,31,13,3,3,0,1.0,,1,32,0,32,0,0,1,,0.0012406947890818859,,0.01934984520123839,1.0,1.0,0.0,1.0,0.3333333333333333,0.0
stochastic_contradictions,p1.00,p1.00,17,threshold_8,Threshold 8,2,31,13,3,3,0,1.0,,1,32,0,32,0,0,1,,0.0012406947890818859,,0.01934984520123839,1.0,1.0,0.0,1.0,0.3333333333333333,0.0
stochastic_contradictions,p1.00,p1.00,17,threshold_8,Threshold 8,3,31,13,3,3,0,1.0,,1,32,0,32,0,0,1,,0.0012406947890818859,,0.01934984520123839,1.0,1.0,0.0,1.0,0.3333333333333333,0.0
stochastic_contradictions,p1.00,p1.00,17,threshold_8,Threshold 8,4,31,13,3,3,0,1.0,,1,32,0,32,0,0,1,,0.0012406947890818859,,0.01934984520123839,1.0,1.0,0.0,1.0,0.3333333333333333,0.0
stochastic_contradictions,p1.00,p1.00,17,threshold_8,Threshold 8,5,31,13,3,3,0,1.0,,1,32,0,32,0,0,1,,0.0012406947890818859,,0.01934984520123839,1.0,1.0,0.0,1.0,0.3333333333333333,0.0
stochastic_contradictions,p1.00,p1.00,17,threshold_8,Threshold 8,6,31,13,3,3,0,1.0,,1,32,0,32,0,0,1,,0.0012406947890818859,,0.01934984520123839,1.0,1.0,0.0,1.0,0.3333333333333333,0.0
stochastic_contradictions,p1.00,p1.00,17,threshold_8,Threshold 8,7,31,13,3,3,0,1.0,,1,32,0,32,0,0,1,,0.0012406947890818859,,0.01934984520123839,1.0,1.0,0.0,1.0,0.3333333333333333,0.0
stochastic_contradictions,p1.00,p1.00,17,ccra_exact_guard,CCRA exact,0,31,13,3,3,0,1.0,,1,33,1,33,0,0,1,,0.0012406947890818859,,0.01934984520123839,1.0,1.0,0.0,1.0,0.3333333333333333,0.0
stochastic_contradictions,p1.00,p1.00,17,ccra_exact_guard,CCRA exact,1,31,13,3,3,0,1.0,,1,32,0,32,0,0,1,,0.0012406947890818859,,0.01934984520123839,1.0,1.0,0.0,1.0,0.3333333333333333,0.0
stochastic_contradictions,p1.00,p1.00,17,ccra_exact_guard,CCRA exact,2,31,13,3,3,0,1.0,,1,32,0,32,0,0,1,,0.0012406947890818859,,0.01934984520123839,1.0,1.0,0.0,1.0,0.3333333333333333,0.0
stochastic_contradictions,p1.00,p1.00,17,ccra_exact_guard,CCRA exact,3,31,13,3,3,0,1.0,,1,32,0,32,0,0,1,,0.0012406947890818859,,0.01934984520123839,1.0,1.0,0.0,1.0,0.3333333333333333,0.0
stochastic_contradictions,p1.00,p1.00,17,ccra_exact_guard,CCRA exact,4,31,13,3,3,0,1.0,,1,32,0,32,0,0,1,,0.0012406947890818859,,0.01934984520123839,1.0,1.0,0.0,1.0,0.3333333333333333,0.0
stochastic_contradictions,p1.00,p1.00,17,ccra_exact_guard,CCRA exact,5,31,13,3,3,0,1.0,,1,32,0,32,0,0,1,,0.0012406947890818859,,0.01934984520123839,1.0,1.0,0.0,1.0,0.3333333333333333,0.0
stochastic_contradictions,p1.00,p1.00,17,ccra_exact_guard,CCRA exact,6,31,13,3,3,0,1.0,,1,32,0,32,0,0,1,,0.0012406947890818859,,0.01934984520123839,1.0,1.0,0.0,1.0,0.3333333333333333,0.0
stochastic_contradictions,p1.00,p1.00,17,ccra_exact_guard,CCRA exact,7,31,13,3,3,0,1.0,,1,32,0,32,0,0,1,,0.0012406947890818859,,0.01934984520123839,1.0,1.0,0.0,1.0,0.3333333333333333,0.0
stochastic_contradictions,p1.00,p1.00,17,uncertainty_cost_avoidance,Cost avoidance,0,31,13,3,3,0,1.0,,1,33,1,33,0,0,1,,0.0018610421836228288,,0.029024767801857584,0.0,0.0,0.0,1.0,0.0,0.0
stochastic_contradictions,p1.00,p1.00,17,uncertainty_cost_avoidance,Cost avoidance,1,31,13,3,3,0,1.0,,1,32,0,32,0,0,1,,0.0018610421836228288,,0.029024767801857584,0.0,0.0,0.0,1.0,0.0,0.0
stochastic_contradictions,p1.00,p1.00,17,uncertainty_cost_avoidance,Cost avoidance,2,31,13,3,3,0,1.0,,1,32,0,32,0,0,1,,0.0018610421836228288,,0.029024767801857584,0.0,0.0,0.0,1.0,0.0,0.0
stochastic_contradictions,p1.00,p1.00,17,uncertainty_cost_avoidance,Cost avoidance,3,31,13,3,3,0,1.0,,1,32,0,32,0,0,1,,0.0018610421836228288,,0.029024767801857584,0.0,0.0,0.0,1.0,0.0,0.0
stochastic_contradictions,p1.00,p1.00,17,uncertainty_cost_avoidance,Cost avoidance,4,31,13,3,3,0,1.0,,1,32,0,32,0,0,1,,0.0018610421836228288,,0.029024767801857584,0.0,0.0,0.0,1.0,0.0,0.0
stochastic_contradictions,p1.00,p1.00,17,uncertainty_cost_avoidance,Cost avoidance,5,31,13,3,3,0,1.0,,1,32,0,32,0,0,1,,0.0018610421836228288,,0.029024767801857584,0.0,0.0,0.0,1.0,0.0,0.0
stochastic_contradictions,p1.00,p1.00,17,uncertainty_cost_avoidance,Cost avoidance,6,31,13,3,3,0,1.0,,1,32,0,32,0,0,1,,0.0018610421836228288,,0.029024767801857584,0.0,0.0,0.0,1.0,0.0,0.0
stochastic_contradictions,p1.00,p1.00,17,uncertainty_cost_avoidance,Cost avoidance,7,31,13,3,3,0,1.0,,1,32,0,32,0,0,1,,0.0018610421836228288,,0.029024767801857584,0.0,0.0,0.0,1.0,0.0,0.0
stochastic_contradictions,p1.00,p1.00,17,oracle_fault_model,Oracle,0,31,13,3,3,0,1.0,,1,32,0,32,0,0,0,,0.0,,0.0,3.0,3.0,0.0,1.0,1.0,0.0
stochastic_contradictions,p1.00,p1.00,17,oracle_fault_model,Oracle,1,31,13,3,3,0,1.0,,1,32,0,32,0,0,0,,0.0,,0.0,3.0,3.0,0.0,1.0,1.0,0.0
stochastic_contradictions,p1.00,p1.00,17,oracle_fault_model,Oracle,2,31,13,3,3,0,1.0,,1,32,0,32,0,0,0,,0.0,,0.0,3.0,3.0,0.0,1.0,1.0,0.0
stochastic_contradictions,p1.00,p1.00,17,oracle_fault_model,Oracle,3,31,13,3,3,0,1.0,,1,32,0,32,0,0,0,,0.0,,0.0,3.0,3.0,0.0,1.0,1.0,0.0
stochastic_contradictions,p1.00,p1.00,17,oracle_fault_model,Oracle,4,31,13,3,3,0,1.0,,1,32,0,32,0,0,0,,0.0,,0.0,3.0,3.0,0.0,1.0,1.0,0.0
stochastic_contradictions,p1.00,p1.00,17,oracle_fault_model,Oracle,5,31,13,3,3,0,1.0,,1,32,0,32,0,0,0,,0.0,,0.0,3.0,3.0,0.0,1.0,1.0,0.0
stochastic_contradictions,p1.00,p1.00,17,oracle_fault_model,Oracle,6,31,13,3,3,0,1.0,,1,32,0,32,0,0,0,,0.0,,0.0,3.0,3.0,0.0,1.0,1.0,0.0
stochastic_contradictions,p1.00,p1.00,17,oracle_fault_model,Oracle,7,31,13,3,3,0,1.0,,1,32,0,32,0,0,0,,0.0,,0.0,3.0,3.0,0.0,1.0,1.0,0.0
stochastic_contradictions,p1.00,p1.00,18,nominal_no_repair,Nominal,0,31,13,3,3,0,1.0,,0,220,211,10,0,1,0,,0.0018610421836228288,,0.029024767801857584,0.0,0.0,0.0,1.0,0.0,0.0
stochastic_contradictions,p1.00,p1.00,18,nominal_no_repair,Nominal,1,31,13,3,3,0,1.0,,0,220,211,10,0,1,0,,0.0018610421836228288,,0.029024767801857584,0.0,0.0,0.0,1.0,0.0,0.0
stochastic_contradictions,p1.00,p1.00,18,nominal_no_repair,Nominal,2,31,13,3,3,0,1.0,,0,220,211,10,0,1,0,,0.0018610421836228288,,0.029024767801857584,0.0,0.0,0.0,1.0,0.0,0.0
stochastic_contradictions,p1.00,p1.00,18,nominal_no_repair,Nominal,3,31,13,3,3,0,1.0,,0,220,211,10,0,1,0,,0.0018610421836228288,,0.029024767801857584,0.0,0.0,0.0,1.0,0.0,0.0
stochastic_contradictions,p1.00,p1.00,18,nominal_no_repair,Nominal,4,31,13,3,3,0,1.0,,0,220,211,10,0,1,0,,0.0018610421836228288,,0.029024767801857584,0.0,0.0,0.0,1.0,0.0,0.0
stochastic_contradictions,p1.00,p1.00,18,nominal_no_repair,Nominal,5,31,13,3,3,0,1.0,,0,220,211,10,0,1,0,,0.0018610421836228288,,0.029024767801857584,0.0,0.0,0.0,1.0,0.0,0.0
stochastic_contradictions,p1.00,p1.00,18,nominal_no_repair,Nominal,6,31,13,3,3,0,1.0,,0,220,211,10,0,1,0,,0.0018610421836228288,,0.029024767801857584,0.0,0.0,0.0,1.0,0.0,0.0
stochastic_contradictions,p1.00,p1.00,18,nominal_no_repair,Nominal,7,31,13,3,3,0,1.0,,0,220,211,10,0,1,0,,0.0018610421836228288,,0.029024767801857584,0.0,0.0,0.0,1.0,0.0,0.0
stochastic_contradictions,p1.00,p1.00,18,threshold_2,Threshold 2,0,31,13,3,3,0,1.0,,1,34,2,34,0,0,1,,0.0012406947890818859,,0.01934984520123839,1.0,1.0,0.0,1.0,0.3333333333333333,0.0
stochastic_contradictions,p1.00,p1.00,18,threshold_2,Threshold 2,1,31,13,3,3,0,1.0,,1,32,0,32,0,0,1,,0.0012406947890818859,,0.01934984520123839,1.0,1.0,0.0,1.0,0.3333333333333333,0.0
stochastic_contradictions,p1.00,p1.00,18,threshold_2,Threshold 2,2,31,13,3,3,0,1.0,,1,32,0,32,0,0,1,,0.0012406947890818859,,0.01934984520123839,1.0,1.0,0.0,1.0,0.3333333333333333,0.0
stochastic_contradictions,p1.00,p1.00,18,threshold_2,Threshold 2,3,31,13,3,3,0,1.0,,1,32,0,32,0,0,1,,0.0012406947890818859,,0.01934984520123839,1.0,1.0,0.0,1.0,0.3333333333333333,0.0
stochastic_contradictions,p1.00,p1.00,18,threshold_2,Threshold 2,4,31,13,3,3,0,1.0,,1,32,0,32,0,0,1,,0.0012406947890818859,,0.01934984520123839,1.0,1.0,0.0,1.0,0.3333333333333333,0.0
stochastic_contradictions,p1.00,p1.00,18,threshold_2,Threshold 2,5,31,13,3,3,0,1.0,,1,32,0,32,0,0,1,,0.0012406947890818859,,0.01934984520123839,1.0,1.0,0.0,1.0,0.3333333333333333,0.0
stochastic_contradictions,p1.00,p1.00,18,threshold_2,Threshold 2,6,31,13,3,3,0,1.0,,1,32,0,32,0,0,1,,0.0012406947890818859,,0.01934984520123839,1.0,1.0,0.0,1.0,0.3333333333333333,0.0
stochastic_contradictions,p1.00,p1.00,18,threshold_2,Threshold 2,7,31,13,3,3,0,1.0,,1,32,0,32,0,0,1,,0.0012406947890818859,,0.01934984520123839,1.0,1.0,0.0,1.0,0.3333333333333333,0.0
stochastic_contradictions,p1.00,p1.00,18,threshold_4,Threshold 4,0,31,13,3,3,0,1.0,,1,36,4,36,0,0,1,,0.0012406947890818859,,0.01934984520123839,1.0,1.0,0.0,1.0,0.3333333333333333,0.0
stochastic_contradictions,p1.00,p1.00,18,threshold_4,Threshold 4,1,31,13,3,3,0,1.0,,1,32,0,32,0,0,1,,0.0012406947890818859,,0.01934984520123839,1.0,1.0,0.0,1.0,0.3333333333333333,0.0
stochastic_contradictions,p1.00,p1.00,18,threshold_4,Threshold 4,2,31,13,3,3,0,1.0,,1,32,0,32,0,0,1,,0.0012406947890818859,,0.01934984520123839,1.0,1.0,0.0,1.0,0.3333333333333333,0.0
stochastic_contradictions,p1.00,p1.00,18,threshold_4,Threshold 4,3,31,13,3,3,0,1.0,,1,32,0,32,0,0,1,,0.0012406947890818859,,0.01934984520123839,1.0,1.0,0.0,1.0,0.3333333333333333,0.0
stochastic_contradictions,p1.00,p1.00,18,threshold_4,Threshold 4,4,31,13,3,3,0,1.0,,1,32,0,32,0,0,1,,0.0012406947890818859,,0.01934984520123839,1.0,1.0,0.0,1.0,0.3333333333333333,0.0
stochastic_contradictions,p1.00,p1.00,18,threshold_4,Threshold 4,5,31,13,3,3,0,1.0,,1,32,0,32,0,0,1,,0.0012406947890818859,,0.01934984520123839,1.0,1.0,0.0,1.0,0.3333333333333333,0.0
stochastic_contradictions,p1.00,p1.00,18,threshold_4,Threshold 4,6,31,13,3,3,0,1.0,,1,32,0,32,0,0,1,,0.0012406947890818859,,0.01934984520123839,1.0,1.0,0.0,1.0,0.3333333333333333,0.0
stochastic_contradictions,p1.00,p1.00,18,threshold_4,Threshold 4,7,31,13,3,3,0,1.0,,1,32,0,32,0,0,1,,0.0012406947890818859,,0.01934984520123839,1.0,1.0,0.0,1.0,0.3333333333333333,0.0
stochastic_contradictions,p1.00,p1.00,18,threshold_8,Threshold 8,0,31,13,3,3,0,1.0,,1,40,8,40,0,0,1,,0.0012406947890818859,,0.01934984520123839,1.0,1.0,0.0,1.0,0.3333333333333333,0.0
stochastic_contradictions,p1.00,p1.00,18,threshold_8,Threshold 8,1,31,13,3,3,0,1.0,,1,32,0,32,0,0,1,,0.0012406947890818859,,0.01934984520123839,1.0,1.0,0.0,1.0,0.3333333333333333,0.0
stochastic_contradictions,p1.00,p1.00,18,threshold_8,Threshold 8,2,31,13,3,3,0,1.0,,1,32,0,32,0,0,1,,0.0012406947890818859,,0.01934984520123839,1.0,1.0,0.0,1.0,0.3333333333333333,0.0
stochastic_contradictions,p1.00,p1.00,18,threshold_8,Threshold 8,3,31,13,3,3,0,1.0,,1,32,0,32,0,0,1,,0.0012406947890818859,,0.01934984520123839,1.0,1.0,0.0,1.0,0.3333333333333333,0.0
stochastic_contradictions,p1.00,p1.00,18,threshold_8,Threshold 8,4,31,13,3,3,0,1.0,,1,32,0,32,0,0,1,,0.0012406947890818859,,0.01934984520123839,1.0,1.0,0.0,1.0,0.3333333333333333,0.0
stochastic_contradictions,p1.00,p1.00,18,threshold_8,Threshold 8,5,31,13,3,3,0,1.0,,1,32,0,32,0,0,1,,0.0012406947890818859,,0.01934984520123839,1.0,1.0,0.0,1.0,0.3333333333333333,0.0
stochastic_contradictions,p1.00,p1.00,18,threshold_8,Threshold 8,6,31,13,3,3,0,1.0,,1,32,0,32,0,0,1,,0.0012406947890818859,,0.01934984520123839,1.0,1.0,0.0,1.0,0.3333333333333333,0.0
stochastic_contradictions,p1.00,p1.00,18,threshold_8,Threshold 8,7,31,13,3,3,0,1.0,,1,32,0,32,0,0,1,,0.0012406947890818859,,0.01934984520123839,1.0,1.0,0.0,1.0,0.3333333333333333,0.0
stochastic_contradictions,p1.00,p1.00,18,ccra_exact_guard,CCRA exact,0,31,13,3,3,0,1.0,,1,33,1,33,0,0,1,,0.0012406947890818859,,0.01934984520123839,1.0,1.0,0.0,1.0,0.3333333333333333,0.0
stochastic_contradictions,p1.00,p1.00,18,ccra_exact_guard,CCRA exact,1,31,13,3,3,0,1.0,,1,32,0,32,0,0,1,,0.0012406947890818859,,0.01934984520123839,1.0,1.0,0.0,1.0,0.3333333333333333,0.0
stochastic_contradictions,p1.00,p1.00,18,ccra_exact_guard,CCRA exact,2,31,13,3,3,0,1.0,,1,32,0,32,0,0,1,,0.0012406947890818859,,0.01934984520123839,1.0,1.0,0.0,1.0,0.3333333333333333,0.0
stochastic_contradictions,p1.00,p1.00,18,ccra_exact_guard,CCRA exact,3,31,13,3,3,0,1.0,,1,32,0,32,0,0,1,,0.0012406947890818859,,0.01934984520123839,1.0,1.0,0.0,1.0,0.3333333333333333,0.0
stochastic_contradictions,p1.00,p1.00,18,ccra_exact_guard,CCRA exact,4,31,13,3,3,0,1.0,,1,32,0,32,0,0,1,,0.0012406947890818859,,0.01934984520123839,1.0,1.0,0.0,1.0,0.3333333333333333,0.0
stochastic_contradictions,p1.00,p1.00,18,ccra_exact_guard,CCRA exact,5,31,13,3,3,0,1.0,,1,32,0,32,0,0,1,,0.0012406947890818859,,0.01934984520123839,1.0,1.0,0.0,1.0,0.3333333333333333,0.0
stochastic_contradictions,p1.00,p1.00,18,ccra_exact_guard,CCRA exact,6,31,13,3,3,0,1.0,,1,32,0,32,0,0,1,,0.0012406947890818859,,0.01934984520123839,1.0,1.0,0.0,1.0,0.3333333333333333,0.0
stochastic_contradictions,p1.00,p1.00,18,ccra_exact_guard,CCRA exact,7,31,13,3,3,0,1.0,,1,32,0,32,0,0,1,,0.0012406947890818859,,0.01934984520123839,1.0,1.0,0.0,1.0,0.3333333333333333,0.0
stochastic_contradictions,p1.00,p1.00,18,uncertainty_cost_avoidance,Cost avoidance,0,31,13,3,3,0,1.0,,1,33,1,33,0,0,1,,0.0018610421836228288,,0.029024767801857584,0.0,0.0,0.0,1.0,0.0,0.0
stochastic_contradictions,p1.00,p1.00,18,uncertainty_cost_avoidance,Cost avoidance,1,31,13,3,3,0,1.0,,1,32,0,32,0,0,1,,0.0018610421836228288,,0.029024767801857584,0.0,0.0,0.0,1.0,0.0,0.0
stochastic_contradictions,p1.00,p1.00,18,uncertainty_cost_avoidance,Cost avoidance,2,31,13,3,3,0,1.0,,1,32,0,32,0,0,1,,0.0018610421836228288,,0.029024767801857584,0.0,0.0,0.0,1.0,0.0,0.0
stochastic_contradictions,p1.00,p1.00,18,uncertainty_cost_avoidance,Cost avoidance,3,31,13,3,3,0,1.0,,1,32,0,32,0,0,1,,0.0018610421836228288,,0.029024767801857584,0.0,0.0,0.0,1.0,0.0,0.0
stochastic_contradictions,p1.00,p1.00,18,uncertainty_cost_avoidance,Cost avoidance,4,31,13,3,3,0,1.0,,1,32,0,32,0,0,1,,0.0018610421836228288,,0.029024767801857584,0.0,0.0,0.0,1.0,0.0,0.0
stochastic_contradictions,p1.00,p1.00,18,uncertainty_cost_avoidance,Cost avoidance,5,31,13,3,3,0,1.0,,1,32,0,32,0,0,1,,0.0018610421836228288,,0.029024767801857584,0.0,0.0,0.0,1.0,0.0,0.0
stochastic_contradictions,p1.00,p1.00,18,uncertainty_cost_avoidance,Cost avoidance,6,31,13,3,3,0,1.0,,1,32,0,32,0,0,1,,0.0018610421836228288,,0.029024767801857584,0.0,0.0,0.0,1.0,0.0,0.0
stochastic_contradictions,p1.00,p1.00,18,uncertainty_cost_avoidance,Cost avoidance,7,31,13,3,3,0,1.0,,1,32,0,32,0,0,1,,0.0018610421836228288,,0.029024767801857584,0.0,0.0,0.0,1.0,0.0,0.0
stochastic_contradictions,p1.00,p1.00,18,oracle_fault_model,Oracle,0,31,13,3,3,0,1.0,,1,32,0,32,0,0,0,,0.0,,0.0,3.0,3.0,0.0,1.0,1.0,0.0
stochastic_contradictions,p1.00,p1.00,18,oracle_fault_model,Oracle,1,31,13,3,3,0,1.0,,1,32,0,32,0,0,0,,0.0,,0.0,3.0,3.0,0.0,1.0,1.0,0.0
stochastic_contradictions,p1.00,p1.00,18,oracle_fault_model,Oracle,2,31,13,3,3,0,1.0,,1,32,0,32,0,0,0,,0.0,,0.0,3.0,3.0,0.0,1.0,1.0,0.0
stochastic_contradictions,p1.00,p1.00,18,oracle_fault_model,Oracle,3,31,13,3,3,0,1.0,,1,32,0,32,0,0,0,,0.0,,0.0,3.0,3.0,0.0,1.0,1.0,0.0
stochastic_contradictions,p1.00,p1.00,18,oracle_fault_model,Oracle,4,31,13,3,3,0,1.0,,1,32,0,32,0,0,0,,0.0,,0.0,3.0,3.0,0.0,1.0,1.0,0.0
stochastic_contradictions,p1.00,p1.00,18,oracle_fault_model,Oracle,5,31,13,3,3,0,1.0,,1,32,0,32,0,0,0,,0.0,,0.0,3.0,3.0,0.0,1.0,1.0,0.0
stochastic_contradictions,p1.00,p1.00,18,oracle_fault_model,Oracle,6,31,13,3,3,0,1.0,,1,32,0,32,0,0,0,,0.0,,0.0,3.0,3.0,0.0,1.0,1.0,0.0
stochastic_contradictions,p1.00,p1.00,18,oracle_fault_model,Oracle,7,31,13,3,3,0,1.0,,1,32,0,32,0,0,0,,0.0,,0.0,3.0,3.0,0.0,1.0,1.0,0.0
stochastic_contradictions,p1.00,p1.00,19,nominal_no_repair,Nominal,0,31,13,3,3,0,1.0,,0,220,214,7,0,1,0,,0.0018610421836228288,,0.029024767801857584,0.0,0.0,0.0,1.0,0.0,0.0
stochastic_contradictions,p1.00,p1.00,19,nominal_no_repair,Nominal,1,31,13,3,3,0,1.0,,0,220,214,7,0,1,0,,0.0018610421836228288,,0.029024767801857584,0.0,0.0,0.0,1.0,0.0,0.0
stochastic_contradictions,p1.00,p1.00,19,nominal_no_repair,Nominal,2,31,13,3,3,0,1.0,,0,220,214,7,0,1,0,,0.0018610421836228288,,0.029024767801857584,0.0,0.0,0.0,1.0,0.0,0.0
stochastic_contradictions,p1.00,p1.00,19,nominal_no_repair,Nominal,3,31,13,3,3,0,1.0,,0,220,214,7,0,1,0,,0.0018610421836228288,,0.029024767801857584,0.0,0.0,0.0,1.0,0.0,0.0
stochastic_contradictions,p1.00,p1.00,19,nominal_no_repair,Nominal,4,31,13,3,3,0,1.0,,0,220,214,7,0,1,0,,0.0018610421836228288,,0.029024767801857584,0.0,0.0,0.0,1.0,0.0,0.0
stochastic_contradictions,p1.00,p1.00,19,nominal_no_repair,Nominal,5,31,13,3,3,0,1.0,,0,220,214,7,0,1,0,,0.0018610421836228288,,0.029024767801857584,0.0,0.0,0.0,1.0,0.0,0.0
stochastic_contradictions,p1.00,p1.00,19,nominal_no_repair,Nominal,6,31,13,3,3,0,1.0,,0,220,214,7,0,1,0,,0.0018610421836228288,,0.029024767801857584,0.0,0.0,0.0,1.0,0.0,0.0
stochastic_contradictions,p1.00,p1.00,19,nominal_no_repair,Nominal,7,31,13,3,3,0,1.0,,0,220,214,7,0,1,0,,0.0018610421836228288,,0.029024767801857584,0.0,0.0,0.0,1.0,0.0,0.0
stochastic_contradictions,p1.00,p1.00,19,threshold_2,Threshold 2,0,31,13,3,3,0,1.0,,1,34,2,34,0,0,1,,0.0012406947890818859,,0.01934984520123839,1.0,1.0,0.0,1.0,0.3333333333333333,0.0
stochastic_contradictions,p1.00,p1.00,19,threshold_2,Threshold 2,1,31,13,3,3,0,1.0,,1,32,0,32,0,0,1,,0.0012406947890818859,,0.01934984520123839,1.0,1.0,0.0,1.0,0.3333333333333333,0.0
stochastic_contradictions,p1.00,p1.00,19,threshold_2,Threshold 2,2,31,13,3,3,0,1.0,,1,32,0,32,0,0,1,,0.0012406947890818859,,0.01934984520123839,1.0,1.0,0.0,1.0,0.3333333333333333,0.0
stochastic_contradictions,p1.00,p1.00,19,threshold_2,Threshold 2,3,31,13,3,3,0,1.0,,1,32,0,32,0,0,1,,0.0012406947890818859,,0.01934984520123839,1.0,1.0,0.0,1.0,0.3333333333333333,0.0
stochastic_contradictions,p1.00,p1.00,19,threshold_2,Threshold 2,4,31,13,3,3,0,1.0,,1,32,0,32,0,0,1,,0.0012406947890818859,,0.01934984520123839,1.0,1.0,0.0,1.0,0.3333333333333333,0.0
stochastic_contradictions,p1.00,p1.00,19,threshold_2,Threshold 2,5,31,13,3,3,0,1.0,,1,32,0,32,0,0,1,,0.0012406947890818859,,0.01934984520123839,1.0,1.0,0.0,1.0,0.3333333333333333,0.0
stochastic_contradictions,p1.00,p1.00,19,threshold_2,Threshold 2,6,31,13,3,3,0,1.0,,1,32,0,32,0,0,1,,0.0012406947890818859,,0.01934984520123839,1.0,1.0,0.0,1.0,0.3333333333333333,0.0
stochastic_contradictions,p1.00,p1.00,19,threshold_2,Threshold 2,7,31,13,3,3,0,1.0,,1,32,0,32,0,0,1,,0.0012406947890818859,,0.01934984520123839,1.0,1.0,0.0,1.0,0.3333333333333333,0.0
stochastic_contradictions,p1.00,p1.00,19,threshold_4,Threshold 4,0,31,13,3,3,0,1.0,,1,36,4,36,0,0,1,,0.0012406947890818859,,0.01934984520123839,1.0,1.0,0.0,1.0,0.3333333333333333,0.0
stochastic_contradictions,p1.00,p1.00,19,threshold_4,Threshold 4,1,31,13,3,3,0,1.0,,1,32,0,32,0,0,1,,0.0012406947890818859,,0.01934984520123839,1.0,1.0,0.0,1.0,0.3333333333333333,0.0
stochastic_contradictions,p1.00,p1.00,19,threshold_4,Threshold 4,2,31,13,3,3,0,1.0,,1,32,0,32,0,0,1,,0.0012406947890818859,,0.01934984520123839,1.0,1.0,0.0,1.0,0.3333333333333333,0.0
stochastic_contradictions,p1.00,p1.00,19,threshold_4,Threshold 4,3,31,13,3,3,0,1.0,,1,32,0,32,0,0,1,,0.0012406947890818859,,0.01934984520123839,1.0,1.0,0.0,1.0,0.3333333333333333,0.0
stochastic_contradictions,p1.00,p1.00,19,threshold_4,Threshold 4,4,31,13,3,3,0,1.0,,1,32,0,32,0,0,1,,0.0012406947890818859,,0.01934984520123839,1.0,1.0,0.0,1.0,0.3333333333333333,0.0
stochastic_contradictions,p1.00,p1.00,19,threshold_4,Threshold 4,5,31,13,3,3,0,1.0,,1,32,0,32,0,0,1,,0.0012406947890818859,,0.01934984520123839,1.0,1.0,0.0,1.0,0.3333333333333333,0.0
stochastic_contradictions,p1.00,p1.00,19,threshold_4,Threshold 4,6,31,13,3,3,0,1.0,,1,32,0,32,0,0,1,,0.0012406947890818859,,0.01934984520123839,1.0,1.0,0.0,1.0,0.3333333333333333,0.0
stochastic_contradictions,p1.00,p1.00,19,threshold_4,Threshold 4,7,31,13,3,3,0,1.0,,1,32,0,32,0,0,1,,0.0012406947890818859,,0.01934984520123839,1.0,1.0,0.0,1.0,0.3333333333333333,0.0
stochastic_contradictions,p1.00,p1.00,19,threshold_8,Threshold 8,0,31,13,3,3,0,1.0,,1,40,8,40,0,0,1,,0.0012406947890818859,,0.01934984520123839,1.0,1.0,0.0,1.0,0.3333333333333333,0.0
stochastic_contradictions,p1.00,p1.00,19,threshold_8,Threshold 8,1,31,13,3,3,0,1.0,,1,32,0,32,0,0,1,,0.0012406947890818859,,0.01934984520123839,1.0,1.0,0.0,1.0,0.3333333333333333,0.0
stochastic_contradictions,p1.00,p1.00,19,threshold_8,Threshold 8,2,31,13,3,3,0,1.0,,1,32,0,32,0,0,1,,0.0012406947890818859,,0.01934984520123839,1.0,1.0,0.0,1.0,0.3333333333333333,0.0
stochastic_contradictions,p1.00,p1.00,19,threshold_8,Threshold 8,3,31,13,3,3,0,1.0,,1,32,0,32,0,0,1,,0.0012406947890818859,,0.01934984520123839,1.0,1.0,0.0,1.0,0.3333333333333333,0.0
stochastic_contradictions,p1.00,p1.00,19,threshold_8,Threshold 8,4,31,13,3,3,0,1.0,,1,32,0,32,0,0,1,,0.0012406947890818859,,0.01934984520123839,1.0,1.0,0.0,1.0,0.3333333333333333,0.0
stochastic_contradictions,p1.00,p1.00,19,threshold_8,Threshold 8,5,31,13,3,3,0,1.0,,1,32,0,32,0,0,1,,0.0012406947890818859,,0.01934984520123839,1.0,1.0,0.0,1.0,0.3333333333333333,0.0
stochastic_contradictions,p1.00,p1.00,19,threshold_8,Threshold 8,6,31,13,3,3,0,1.0,,1,32,0,32,0,0,1,,0.0012406947890818859,,0.01934984520123839,1.0,1.0,0.0,1.0,0.3333333333333333,0.0
stochastic_contradictions,p1.00,p1.00,19,threshold_8,Threshold 8,7,31,13,3,3,0,1.0,,1,32,0,32,0,0,1,,0.0012406947890818859,,0.01934984520123839,1.0,1.0,0.0,1.0,0.3333333333333333,0.0
stochastic_contradictions,p1.00,p1.00,19,ccra_exact_guard,CCRA exact,0,31,13,3,3,0,1.0,,1,33,1,33,0,0,1,,0.0012406947890818859,,0.01934984520123839,1.0,1.0,0.0,1.0,0.3333333333333333,0.0
stochastic_contradictions,p1.00,p1.00,19,ccra_exact_guard,CCRA exact,1,31,13,3,3,0,1.0,,1,32,0,32,0,0,1,,0.0012406947890818859,,0.01934984520123839,1.0,1.0,0.0,1.0,0.3333333333333333,0.0
stochastic_contradictions,p1.00,p1.00,19,ccra_exact_guard,CCRA exact,2,31,13,3,3,0,1.0,,1,32,0,32,0,0,1,,0.0012406947890818859,,0.01934984520123839,1.0,1.0,0.0,1.0,0.3333333333333333,0.0
stochastic_contradictions,p1.00,p1.00,19,ccra_exact_guard,CCRA exact,3,31,13,3,3,0,1.0,,1,32,0,32,0,0,1,,0.0012406947890818859,,0.01934984520123839,1.0,1.0,0.0,1.0,0.3333333333333333,0.0
stochastic_contradictions,p1.00,p1.00,19,ccra_exact_guard,CCRA exact,4,31,13,3,3,0,1.0,,1,32,0,32,0,0,1,,0.0012406947890818859,,0.01934984520123839,1.0,1.0,0.0,1.0,0.3333333333333333,0.0
stochastic_contradictions,p1.00,p1.00,19,ccra_exact_guard,CCRA exact,5,31,13,3,3,0,1.0,,1,32,0,32,0,0,1,,0.0012406947890818859,,0.01934984520123839,1.0,1.0,0.0,1.0,0.3333333333333333,0.0
stochastic_contradictions,p1.00,p1.00,19,ccra_exact_guard,CCRA exact,6,31,13,3,3,0,1.0,,1,32,0,32,0,0,1,,0.0012406947890818859,,0.01934984520123839,1.0,1.0,0.0,1.0,0.3333333333333333,0.0
stochastic_contradictions,p1.00,p1.00,19,ccra_exact_guard,CCRA exact,7,31,13,3,3,0,1.0,,1,32,0,32,0,0,1,,0.0012406947890818859,,0.01934984520123839,1.0,1.0,0.0,1.0,0.3333333333333333,0.0
stochastic_contradictions,p1.00,p1.00,19,uncertainty_cost_avoidance,Cost avoidance,0,31,13,3,3,0,1.0,,1,33,1,33,0,0,1,,0.0018610421836228288,,0.029024767801857584,0.0,0.0,0.0,1.0,0.0,0.0
stochastic_contradictions,p1.00,p1.00,19,uncertainty_cost_avoidance,Cost avoidance,1,31,13,3,3,0,1.0,,1,32,0,32,0,0,1,,0.0018610421836228288,,0.029024767801857584,0.0,0.0,0.0,1.0,0.0,0.0
stochastic_contradictions,p1.00,p1.00,19,uncertainty_cost_avoidance,Cost avoidance,2,31,13,3,3,0,1.0,,1,32,0,32,0,0,1,,0.0018610421836228288,,0.029024767801857584,0.0,0.0,0.0,1.0,0.0,0.0
stochastic_contradictions,p1.00,p1.00,19,uncertainty_cost_avoidance,Cost avoidance,3,31,13,3,3,0,1.0,,1,32,0,32,0,0,1,,0.0018610421836228288,,0.029024767801857584,0.0,0.0,0.0,1.0,0.0,0.0
stochastic_contradictions,p1.00,p1.00,19,uncertainty_cost_avoidance,Cost avoidance,4,31,13,3,3,0,1.0,,1,32,0,32,0,0,1,,0.0018610421836228288,,0.029024767801857584,0.0,0.0,0.0,1.0,0.0,0.0
stochastic_contradictions,p1.00,p1.00,19,uncertainty_cost_avoidance,Cost avoidance,5,31,13,3,3,0,1.0,,1,32,0,32,0,0,1,,0.0018610421836228288,,0.029024767801857584,0.0,0.0,0.0,1.0,0.0,0.0
stochastic_contradictions,p1.00,p1.00,19,uncertainty_cost_avoidance,Cost avoidance,6,31,13,3,3,0,1.0,,1,32,0,32,0,0,1,,0.0018610421836228288,,0.029024767801857584,0.0,0.0,0.0,1.0,0.0,0.0
stochastic_contradictions,p1.00,p1.00,19,uncertainty_cost_avoidance,Cost avoidance,7,31,13,3,3,0,1.0,,1,32,0,32,0,0,1,,0.0018610421836228288,,0.029024767801857584,0.0,0.0,0.0,1.0,0.0,0.0
stochastic_contradictions,p1.00,p1.00,19,oracle_fault_model,Oracle,0,31,13,3,3,0,1.0,,1,32,0,32,0,0,0,,0.0,,0.0,3.0,3.0,0.0,1.0,1.0,0.0
stochastic_contradictions,p1.00,p1.00,19,oracle_fault_model,Oracle,1,31,13,3,3,0,1.0,,1,32,0,32,0,0,0,,0.0,,0.0,3.0,3.0,0.0,1.0,1.0,0.0
stochastic_contradictions,p1.00,p1.00,19,oracle_fault_model,Oracle,2,31,13,3,3,0,1.0,,1,32,0,32,0,0,0,,0.0,,0.0,3.0,3.0,0.0,1.0,1.0,0.0
stochastic_contradictions,p1.00,p1.00,19,oracle_fault_model,Oracle,3,31,13,3,3,0,1.0,,1,32,0,32,0,0,0,,0.0,,0.0,3.0,3.0,0.0,1.0,1.0,0.0
stochastic_contradictions,p1.00,p1.00,19,oracle_fault_model,Oracle,4,31,13,3,3,0,1.0,,1,32,0,32,0,0,0,,0.0,,0.0,3.0,3.0,0.0,1.0,1.0,0.0
stochastic_contradictions,p1.00,p1.00,19,oracle_fault_model,Oracle,5,31,13,3,3,0,1.0,,1,32,0,32,0,0,0,,0.0,,0.0,3.0,3.0,0.0,1.0,1.0,0.0
stochastic_contradictions,p1.00,p1.00,19,oracle_fault_model,Oracle,6,31,13,3,3,0,1.0,,1,32,0,32,0,0,0,,0.0,,0.0,3.0,3.0,0.0,1.0,1.0,0.0
stochastic_contradictions,p1.00,p1.00,19,oracle_fault_model,Oracle,7,31,13,3,3,0,1.0,,1,32,0,32,0,0,0,,0.0,,0.0,3.0,3.0,0.0,1.0,1.0,0.0
