suite,config_id,env_label,seed,strategy,display,episode,width,height,fault_count,active_fault_count,offroute_fault_count,fault_probability,switch_episode,success,steps,mismatches,replans,shield_blocks,repeated_loop,patch_count,initial_prediction_error,final_prediction_error,initial_control_weighted_error,final_control_weighted_error,blocked_key_count,guard_true_positive,guard_false_positive,guard_precision,guard_recall,false_block_rate
threshold_delay,faults1,faults1,0,threshold_1,Threshold 1,0,31,13,1,1,0,1.0,,1,33,1,33,0,0,1,,0.0,,0.0,1.0,1.0,0.0,1.0,1.0,0.0
threshold_delay,faults1,faults1,0,threshold_1,Threshold 1,1,31,13,1,1,0,1.0,,1,32,0,32,0,0,1,,0.0,,0.0,1.0,1.0,0.0,1.0,1.0,0.0
threshold_delay,faults1,faults1,0,threshold_1,Threshold 1,2,31,13,1,1,0,1.0,,1,32,0,32,0,0,1,,0.0,,0.0,1.0,1.0,0.0,1.0,1.0,0.0
threshold_delay,faults1,faults1,0,threshold_1,Threshold 1,3,31,13,1,1,0,1.0,,1,32,0,32,0,0,1,,0.0,,0.0,1.0,1.0,0.0,1.0,1.0,0.0
threshold_delay,faults1,faults1,0,threshold_1,Threshold 1,4,31,13,1,1,0,1.0,,1,32,0,32,0,0,1,,0.0,,0.0,1.0,1.0,0.0,1.0,1.0,0.0
threshold_delay,faults1,faults1,0,threshold_2,Threshold 2,0,31,13,1,1,0,1.0,,1,34,2,34,0,0,1,,0.0,,0.0,1.0,1.0,0.0,1.0,1.0,0.0
threshold_delay,faults1,faults1,0,threshold_2,Threshold 2,1,31,13,1,1,0,1.0,,1,32,0,32,0,0,1,,0.0,,0.0,1.0,1.0,0.0,1.0,1.0,0.0
threshold_delay,faults1,faults1,0,threshold_2,Threshold 2,2,31,13,1,1,0,1.0,,1,32,0,32,0,0,1,,0.0,,0.0,1.0,1.0,0.0,1.0,1.0,0.0
threshold_delay,faults1,faults1,0,threshold_2,Threshold 2,3,31,13,1,1,0,1.0,,1,32,0,32,0,0,1,,0.0,,0.0,1.0,1.0,0.0,1.0,1.0,0.0
threshold_delay,faults1,faults1,0,threshold_2,Threshold 2,4,31,13,1,1,0,1.0,,1,32,0,32,0,0,1,,0.0,,0.0,1.0,1.0,0.0,1.0,1.0,0.0
threshold_delay,faults1,faults1,0,threshold_4,Threshold 4,0,31,13,1,1,0,1.0,,1,36,4,36,0,0,1,,0.0,,0.0,1.0,1.0,0.0,1.0,1.0,0.0
threshold_delay,faults1,faults1,0,threshold_4,Threshold 4,1,31,13,1,1,0,1.0,,1,32,0,32,0,0,1,,0.0,,0.0,1.0,1.0,0.0,1.0,1.0,0.0
threshold_delay,faults1,faults1,0,threshold_4,Threshold 4,2,31,13,1,1,0,1.0,,1,32,0,32,0,0,1,,0.0,,0.0,1.0,1.0,0.0,1.0,1.0,0.0
threshold_delay,faults1,faults1,0,threshold_4,Threshold 4,3,31,13,1,1,0,1.0,,1,32,0,32,0,0,1,,0.0,,0.0,1.0,1.0,0.0,1.0,1.0,0.0
threshold_delay,faults1,faults1,0,threshold_4,Threshold 4,4,31,13,1,1,0,1.0,,1,32,0,32,0,0,1,,0.0,,0.0,1.0,1.0,0.0,1.0,1.0,0.0
threshold_delay,faults1,faults1,0,threshold_8,Threshold 8,0,31,13,1,1,0,1.0,,1,40,8,40,0,0,1,,0.0,,0.0,1.0,1.0,0.0,1.0,1.0,0.0
threshold_delay,faults1,faults1,0,threshold_8,Threshold 8,1,31,13,1,1,0,1.0,,1,32,0,32,0,0,1,,0.0,,0.0,1.0,1.0,0.0,1.0,1.0,0.0
threshold_delay,faults1,faults1,0,threshold_8,Threshold 8,2,31,13,1,1,0,1.0,,1,32,0,32,0,0,1,,0.0,,0.0,1.0,1.0,0.0,1.0,1.0,0.0
threshold_delay,faults1,faults1,0,threshold_8,Threshold 8,3,31,13,1,1,0,1.0,,1,32,0,32,0,0,1,,0.0,,0.0,1.0,1.0,0.0,1.0,1.0,0.0
threshold_delay,faults1,faults1,0,threshold_8,Threshold 8,4,31,13,1,1,0,1.0,,1,32,0,32,0,0,1,,0.0,,0.0,1.0,1.0,0.0,1.0,1.0,0.0
threshold_delay,faults1,faults1,0,threshold_16,Threshold 16,0,31,13,1,1,0,1.0,,1,48,16,48,0,0,1,,0.0,,0.0,1.0,1.0,0.0,1.0,1.0,0.0
threshold_delay,faults1,faults1,0,threshold_16,Threshold 16,1,31,13,1,1,0,1.0,,1,32,0,32,0,0,1,,0.0,,0.0,1.0,1.0,0.0,1.0,1.0,0.0
threshold_delay,faults1,faults1,0,threshold_16,Threshold 16,2,31,13,1,1,0,1.0,,1,32,0,32,0,0,1,,0.0,,0.0,1.0,1.0,0.0,1.0,1.0,0.0
threshold_delay,faults1,faults1,0,threshold_16,Threshold 16,3,31,13,1,1,0,1.0,,1,32,0,32,0,0,1,,0.0,,0.0,1.0,1.0,0.0,1.0,1.0,0.0
threshold_delay,faults1,faults1,0,threshold_16,Threshold 16,4,31,13,1,1,0,1.0,,1,32,0,32,0,0,1,,0.0,,0.0,1.0,1.0,0.0,1.0,1.0,0.0
threshold_delay,faults1,faults1,0,threshold_32,Threshold 32,0,31,13,1,1,0,1.0,,1,64,32,64,0,0,1,,0.0,,0.0,1.0,1.0,0.0,1.0,1.0,0.0
threshold_delay,faults1,faults1,0,threshold_32,Threshold 32,1,31,13,1,1,0,1.0,,1,32,0,32,0,0,1,,0.0,,0.0,1.0,1.0,0.0,1.0,1.0,0.0
threshold_delay,faults1,faults1,0,threshold_32,Threshold 32,2,31,13,1,1,0,1.0,,1,32,0,32,0,0,1,,0.0,,0.0,1.0,1.0,0.0,1.0,1.0,0.0
threshold_delay,faults1,faults1,0,threshold_32,Threshold 32,3,31,13,1,1,0,1.0,,1,32,0,32,0,0,1,,0.0,,0.0,1.0,1.0,0.0,1.0,1.0,0.0
threshold_delay,faults1,faults1,0,threshold_32,Threshold 32,4,31,13,1,1,0,1.0,,1,32,0,32,0,0,1,,0.0,,0.0,1.0,1.0,0.0,1.0,1.0,0.0
threshold_delay,faults1,faults1,1,threshold_1,Threshold 1,0,31,13,1,1,0,1.0,,1,33,1,33,0,0,1,,0.0,,0.0,1.0,1.0,0.0,1.0,1.0,0.0
threshold_delay,faults1,faults1,1,threshold_1,Threshold 1,1,31,13,1,1,0,1.0,,1,32,0,32,0,0,1,,0.0,,0.0,1.0,1.0,0.0,1.0,1.0,0.0
threshold_delay,faults1,faults1,1,threshold_1,Threshold 1,2,31,13,1,1,0,1.0,,1,32,0,32,0,0,1,,0.0,,0.0,1.0,1.0,0.0,1.0,1.0,0.0
threshold_delay,faults1,faults1,1,threshold_1,Threshold 1,3,31,13,1,1,0,1.0,,1,32,0,32,0,0,1,,0.0,,0.0,1.0,1.0,0.0,1.0,1.0,0.0
threshold_delay,faults1,faults1,1,threshold_1,Threshold 1,4,31,13,1,1,0,1.0,,1,32,0,32,0,0,1,,0.0,,0.0,1.0,1.0,0.0,1.0,1.0,0.0
threshold_delay,faults1,faults1,1,threshold_2,Threshold 2,0,31,13,1,1,0,1.0,,1,34,2,34,0,0,1,,0.0,,0.0,1.0,1.0,0.0,1.0,1.0,0.0
threshold_delay,faults1,faults1,1,threshold_2,Threshold 2,1,31,13,1,1,0,1.0,,1,32,0,32,0,0,1,,0.0,,0.0,1.0,1.0,0.0,1.0,1.0,0.0
threshold_delay,faults1,faults1,1,threshold_2,Threshold 2,2,31,13,1,1,0,1.0,,1,32,0,32,0,0,1,,0.0,,0.0,1.0,1.0,0.0,1.0,1.0,0.0
threshold_delay,faults1,faults1,1,threshold_2,Threshold 2,3,31,13,1,1,0,1.0,,1,32,0,32,0,0,1,,0.0,,0.0,1.0,1.0,0.0,1.0,1.0,0.0
threshold_delay,faults1,faults1,1,threshold_2,Threshold 2,4,31,13,1,1,0,1.0,,1,32,0,32,0,0,1,,0.0,,0.0,1.0,1.0,0.0,1.0,1.0,0.0
threshold_delay,faults1,faults1,1,threshold_4,Threshold 4,0,31,13,1,1,0,1.0,,1,36,4,36,0,0,1,,0.0,,0.0,1.0,1.0,0.0,1.0,1.0,0.0
threshold_delay,faults1,faults1,1,threshold_4,Threshold 4,1,31,13,1,1,0,1.0,,1,32,0,32,0,0,1,,0.0,,0.0,1.0,1.0,0.0,1.0,1.0,0.0
threshold_delay,faults1,faults1,1,threshold_4,Threshold 4,2,31,13,1,1,0,1.0,,1,32,0,32,0,0,1,,0.0,,0.0,1.0,1.0,0.0,1.0,1.0,0.0
threshold_delay,faults1,faults1,1,threshold_4,Threshold 4,3,31,13,1,1,0,1.0,,1,32,0,32,0,0,1,,0.0,,0.0,1.0,1.0,0.0,1.0,1.0,0.0
threshold_delay,faults1,faults1,1,threshold_4,Threshold 4,4,31,13,1,1,0,1.0,,1,32,0,32,0,0,1,,0.0,,0.0,1.0,1.0,0.0,1.0,1.0,0.0
threshold_delay,faults1,faults1,1,threshold_8,Threshold 8,0,31,13,1,1,0,1.0,,1,40,8,40,0,0,1,,0.0,,0.0,1.0,1.0,0.0,1.0,1.0,0.0
threshold_delay,faults1,faults1,1,threshold_8,Threshold 8,1,31,13,1,1,0,1.0,,1,32,0,32,0,0,1,,0.0,,0.0,1.0,1.0,0.0,1.0,1.0,0.0
threshold_delay,faults1,faults1,1,threshold_8,Threshold 8,2,31,13,1,1,0,1.0,,1,32,0,32,0,0,1,,0.0,,0.0,1.0,1.0,0.0,1.0,1.0,0.0
threshold_delay,faults1,faults1,1,threshold_8,Threshold 8,3,31,13,1,1,0,1.0,,1,32,0,32,0,0,1,,0.0,,0.0,1.0,1.0,0.0,1.0,1.0,0.0
threshold_delay,faults1,faults1,1,threshold_8,Threshold 8,4,31,13,1,1,0,1.0,,1,32,0,32,0,0,1,,0.0,,0.0,1.0,1.0,0.0,1.0,1.0,0.0
threshold_delay,faults1,faults1,1,threshold_16,Threshold 16,0,31,13,1,1,0,1.0,,1,48,16,48,0,0,1,,0.0,,0.0,1.0,1.0,0.0,1.0,1.0,0.0
threshold_delay,faults1,faults1,1,threshold_16,Threshold 16,1,31,13,1,1,0,1.0,,1,32,0,32,0,0,1,,0.0,,0.0,1.0,1.0,0.0,1.0,1.0,0.0
threshold_delay,faults1,faults1,1,threshold_16,Threshold 16,2,31,13,1,1,0,1.0,,1,32,0,32,0,0,1,,0.0,,0.0,1.0,1.0,0.0,1.0,1.0,0.0
threshold_delay,faults1,faults1,1,threshold_16,Threshold 16,3,31,13,1,1,0,1.0,,1,32,0,32,0,0,1,,0.0,,0.0,1.0,1.0,0.0,1.0,1.0,0.0
threshold_delay,faults1,faults1,1,threshold_16,Threshold 16,4,31,13,1,1,0,1.0,,1,32,0,32,0,0,1,,0.0,,0.0,1.0,1.0,0.0,1.0,1.0,0.0
threshold_delay,faults1,faults1,1,threshold_32,Threshold 32,0,31,13,1,1,0,1.0,,1,64,32,64,0,0,1,,0.0,,0.0,1.0,1.0,0.0,1.0,1.0,0.0
threshold_delay,faults1,faults1,1,threshold_32,Threshold 32,1,31,13,1,1,0,1.0,,1,32,0,32,0,0,1,,0.0,,0.0,1.0,1.0,0.0,1.0,1.0,0.0
threshold_delay,faults1,faults1,1,threshold_32,Threshold 32,2,31,13,1,1,0,1.0,,1,32,0,32,0,0,1,,0.0,,0.0,1.0,1.0,0.0,1.0,1.0,0.0
threshold_delay,faults1,faults1,1,threshold_32,Threshold 32,3,31,13,1,1,0,1.0,,1,32,0,32,0,0,1,,0.0,,0.0,1.0,1.0,0.0,1.0,1.0,0.0
threshold_delay,faults1,faults1,1,threshold_32,Threshold 32,4,31,13,1,1,0,1.0,,1,32,0,32,0,0,1,,0.0,,0.0,1.0,1.0,0.0,1.0,1.0,0.0
threshold_delay,faults1,faults1,2,threshold_1,Threshold 1,0,31,13,1,1,0,1.0,,1,33,1,33,0,0,1,,0.0,,0.0,1.0,1.0,0.0,1.0,1.0,0.0
threshold_delay,faults1,faults1,2,threshold_1,Threshold 1,1,31,13,1,1,0,1.0,,1,32,0,32,0,0,1,,0.0,,0.0,1.0,1.0,0.0,1.0,1.0,0.0
threshold_delay,faults1,faults1,2,threshold_1,Threshold 1,2,31,13,1,1,0,1.0,,1,32,0,32,0,0,1,,0.0,,0.0,1.0,1.0,0.0,1.0,1.0,0.0
threshold_delay,faults1,faults1,2,threshold_1,Threshold 1,3,31,13,1,1,0,1.0,,1,32,0,32,0,0,1,,0.0,,0.0,1.0,1.0,0.0,1.0,1.0,0.0
threshold_delay,faults1,faults1,2,threshold_1,Threshold 1,4,31,13,1,1,0,1.0,,1,32,0,32,0,0,1,,0.0,,0.0,1.0,1.0,0.0,1.0,1.0,0.0
threshold_delay,faults1,faults1,2,threshold_2,Threshold 2,0,31,13,1,1,0,1.0,,1,34,2,34,0,0,1,,0.0,,0.0,1.0,1.0,0.0,1.0,1.0,0.0
threshold_delay,faults1,faults1,2,threshold_2,Threshold 2,1,31,13,1,1,0,1.0,,1,32,0,32,0,0,1,,0.0,,0.0,1.0,1.0,0.0,1.0,1.0,0.0
threshold_delay,faults1,faults1,2,threshold_2,Threshold 2,2,31,13,1,1,0,1.0,,1,32,0,32,0,0,1,,0.0,,0.0,1.0,1.0,0.0,1.0,1.0,0.0
threshold_delay,faults1,faults1,2,threshold_2,Threshold 2,3,31,13,1,1,0,1.0,,1,32,0,32,0,0,1,,0.0,,0.0,1.0,1.0,0.0,1.0,1.0,0.0
threshold_delay,faults1,faults1,2,threshold_2,Threshold 2,4,31,13,1,1,0,1.0,,1,32,0,32,0,0,1,,0.0,,0.0,1.0,1.0,0.0,1.0,1.0,0.0
threshold_delay,faults1,faults1,2,threshold_4,Threshold 4,0,31,13,1,1,0,1.0,,1,36,4,36,0,0,1,,0.0,,0.0,1.0,1.0,0.0,1.0,1.0,0.0
threshold_delay,faults1,faults1,2,threshold_4,Threshold 4,1,31,13,1,1,0,1.0,,1,32,0,32,0,0,1,,0.0,,0.0,1.0,1.0,0.0,1.0,1.0,0.0
threshold_delay,faults1,faults1,2,threshold_4,Threshold 4,2,31,13,1,1,0,1.0,,1,32,0,32,0,0,1,,0.0,,0.0,1.0,1.0,0.0,1.0,1.0,0.0
threshold_delay,faults1,faults1,2,threshold_4,Threshold 4,3,31,13,1,1,0,1.0,,1,32,0,32,0,0,1,,0.0,,0.0,1.0,1.0,0.0,1.0,1.0,0.0
threshold_delay,faults1,faults1,2,threshold_4,Threshold 4,4,31,13,1,1,0,1.0,,1,32,0,32,0,0,1,,0.0,,0.0,1.0,1.0,0.0,1.0,1.0,0.0
threshold_delay,faults1,faults1,2,threshold_8,Threshold 8,0,31,13,1,1,0,1.0,,1,40,8,40,0,0,1,,0.0,,0.0,1.0,1.0,0.0,1.0,1.0,0.0
threshold_delay,faults1,faults1,2,threshold_8,Threshold 8,1,31,13,1,1,0,1.0,,1,32,0,32,0,0,1,,0.0,,0.0,1.0,1.0,0.0,1.0,1.0,0.0
threshold_delay,faults1,faults1,2,threshold_8,Threshold 8,2,31,13,1,1,0,1.0,,1,32,0,32,0,0,1,,0.0,,0.0,1.0,1.0,0.0,1.0,1.0,0.0
threshold_delay,faults1,faults1,2,threshold_8,Threshold 8,3,31,13,1,1,0,1.0,,1,32,0,32,0,0,1,,0.0,,0.0,1.0,1.0,0.0,1.0,1.0,0.0
threshold_delay,faults1,faults1,2,threshold_8,Threshold 8,4,31,13,1,1,0,1.0,,1,32,0,32,0,0,1,,0.0,,0.0,1.0,1.0,0.0,1.0,1.0,0.0
threshold_delay,faults1,faults1,2,threshold_16,Threshold 16,0,31,13,1,1,0,1.0,,1,48,16,48,0,0,1,,0.0,,0.0,1.0,1.0,0.0,1.0,1.0,0.0
threshold_delay,faults1,faults1,2,threshold_16,Threshold 16,1,31,13,1,1,0,1.0,,1,32,0,32,0,0,1,,0.0,,0.0,1.0,1.0,0.0,1.0,1.0,0.0
threshold_delay,faults1,faults1,2,threshold_16,Threshold 16,2,31,13,1,1,0,1.0,,1,32,0,32,0,0,1,,0.0,,0.0,1.0,1.0,0.0,1.0,1.0,0.0
threshold_delay,faults1,faults1,2,threshold_16,Threshold 16,3,31,13,1,1,0,1.0,,1,32,0,32,0,0,1,,0.0,,0.0,1.0,1.0,0.0,1.0,1.0,0.0
threshold_delay,faults1,faults1,2,threshold_16,Threshold 16,4,31,13,1,1,0,1.0,,1,32,0,32,0,0,1,,0.0,,0.0,1.0,1.0,0.0,1.0,1.0,0.0
threshold_delay,faults1,faults1,2,threshold_32,Threshold 32,0,31,13,1,1,0,1.0,,1,64,32,64,0,0,1,,0.0,,0.0,1.0,1.0,0.0,1.0,1.0,0.0
threshold_delay,faults1,faults1,2,threshold_32,Threshold 32,1,31,13,1,1,0,1.0,,1,32,0,32,0,0,1,,0.0,,0.0,1.0,1.0,0.0,1.0,1.0,0.0
threshold_delay,faults1,faults1,2,threshold_32,Threshold 32,2,31,13,1,1,0,1.0,,1,32,0,32,0,0,1,,0.0,,0.0,1.0,1.0,0.0,1.0,1.0,0.0
threshold_delay,faults1,faults1,2,threshold_32,Threshold 32,3,31,13,1,1,0,1.0,,1,32,0,32,0,0,1,,0.0,,0.0,1.0,1.0,0.0,1.0,1.0,0.0
threshold_delay,faults1,faults1,2,threshold_32,Threshold 32,4,31,13,1,1,0,1.0,,1,32,0,32,0,0,1,,0.0,,0.0,1.0,1.0,0.0,1.0,1.0,0.0
threshold_delay,faults1,faults1,3,threshold_1,Threshold 1,0,31,13,1,1,0,1.0,,1,33,1,33,0,0,1,,0.0,,0.0,1.0,1.0,0.0,1.0,1.0,0.0
threshold_delay,faults1,faults1,3,threshold_1,Threshold 1,1,31,13,1,1,0,1.0,,1,32,0,32,0,0,1,,0.0,,0.0,1.0,1.0,0.0,1.0,1.0,0.0
threshold_delay,faults1,faults1,3,threshold_1,Threshold 1,2,31,13,1,1,0,1.0,,1,32,0,32,0,0,1,,0.0,,0.0,1.0,1.0,0.0,1.0,1.0,0.0
threshold_delay,faults1,faults1,3,threshold_1,Threshold 1,3,31,13,1,1,0,1.0,,1,32,0,32,0,0,1,,0.0,,0.0,1.0,1.0,0.0,1.0,1.0,0.0
threshold_delay,faults1,faults1,3,threshold_1,Threshold 1,4,31,13,1,1,0,1.0,,1,32,0,32,0,0,1,,0.0,,0.0,1.0,1.0,0.0,1.0,1.0,0.0
threshold_delay,faults1,faults1,3,threshold_2,Threshold 2,0,31,13,1,1,0,1.0,,1,34,2,34,0,0,1,,0.0,,0.0,1.0,1.0,0.0,1.0,1.0,0.0
threshold_delay,faults1,faults1,3,threshold_2,Threshold 2,1,31,13,1,1,0,1.0,,1,32,0,32,0,0,1,,0.0,,0.0,1.0,1.0,0.0,1.0,1.0,0.0
threshold_delay,faults1,faults1,3,threshold_2,Threshold 2,2,31,13,1,1,0,1.0,,1,32,0,32,0,0,1,,0.0,,0.0,1.0,1.0,0.0,1.0,1.0,0.0
threshold_delay,faults1,faults1,3,threshold_2,Threshold 2,3,31,13,1,1,0,1.0,,1,32,0,32,0,0,1,,0.0,,0.0,1.0,1.0,0.0,1.0,1.0,0.0
threshold_delay,faults1,faults1,3,threshold_2,Threshold 2,4,31,13,1,1,0,1.0,,1,32,0,32,0,0,1,,0.0,,0.0,1.0,1.0,0.0,1.0,1.0,0.0
threshold_delay,faults1,faults1,3,threshold_4,Threshold 4,0,31,13,1,1,0,1.0,,1,36,4,36,0,0,1,,0.0,,0.0,1.0,1.0,0.0,1.0,1.0,0.0
threshold_delay,faults1,faults1,3,threshold_4,Threshold 4,1,31,13,1,1,0,1.0,,1,32,0,32,0,0,1,,0.0,,0.0,1.0,1.0,0.0,1.0,1.0,0.0
threshold_delay,faults1,faults1,3,threshold_4,Threshold 4,2,31,13,1,1,0,1.0,,1,32,0,32,0,0,1,,0.0,,0.0,1.0,1.0,0.0,1.0,1.0,0.0
threshold_delay,faults1,faults1,3,threshold_4,Threshold 4,3,31,13,1,1,0,1.0,,1,32,0,32,0,0,1,,0.0,,0.0,1.0,1.0,0.0,1.0,1.0,0.0
threshold_delay,faults1,faults1,3,threshold_4,Threshold 4,4,31,13,1,1,0,1.0,,1,32,0,32,0,0,1,,0.0,,0.0,1.0,1.0,0.0,1.0,1.0,0.0
threshold_delay,faults1,faults1,3,threshold_8,Threshold 8,0,31,13,1,1,0,1.0,,1,40,8,40,0,0,1,,0.0,,0.0,1.0,1.0,0.0,1.0,1.0,0.0
threshold_delay,faults1,faults1,3,threshold_8,Threshold 8,1,31,13,1,1,0,1.0,,1,32,0,32,0,0,1,,0.0,,0.0,1.0,1.0,0.0,1.0,1.0,0.0
threshold_delay,faults1,faults1,3,threshold_8,Threshold 8,2,31,13,1,1,0,1.0,,1,32,0,32,0,0,1,,0.0,,0.0,1.0,1.0,0.0,1.0,1.0,0.0
threshold_delay,faults1,faults1,3,threshold_8,Threshold 8,3,31,13,1,1,0,1.0,,1,32,0,32,0,0,1,,0.0,,0.0,1.0,1.0,0.0,1.0,1.0,0.0
threshold_delay,faults1,faults1,3,threshold_8,Threshold 8,4,31,13,1,1,0,1.0,,1,32,0,32,0,0,1,,0.0,,0.0,1.0,1.0,0.0,1.0,1.0,0.0
threshold_delay,faults1,faults1,3,threshold_16,Threshold 16,0,31,13,1,1,0,1.0,,1,48,16,48,0,0,1,,0.0,,0.0,1.0,1.0,0.0,1.0,1.0,0.0
threshold_delay,faults1,faults1,3,threshold_16,Threshold 16,1,31,13,1,1,0,1.0,,1,32,0,32,0,0,1,,0.0,,0.0,1.0,1.0,0.0,1.0,1.0,0.0
threshold_delay,faults1,faults1,3,threshold_16,Threshold 16,2,31,13,1,1,0,1.0,,1,32,0,32,0,0,1,,0.0,,0.0,1.0,1.0,0.0,1.0,1.0,0.0
threshold_delay,faults1,faults1,3,threshold_16,Threshold 16,3,31,13,1,1,0,1.0,,1,32,0,32,0,0,1,,0.0,,0.0,1.0,1.0,0.0,1.0,1.0,0.0
threshold_delay,faults1,faults1,3,threshold_16,Threshold 16,4,31,13,1,1,0,1.0,,1,32,0,32,0,0,1,,0.0,,0.0,1.0,1.0,0.0,1.0,1.0,0.0
threshold_delay,faults1,faults1,3,threshold_32,Threshold 32,0,31,13,1,1,0,1.0,,1,64,32,64,0,0,1,,0.0,,0.0,1.0,1.0,0.0,1.0,1.0,0.0
threshold_delay,faults1,faults1,3,threshold_32,Threshold 32,1,31,13,1,1,0,1.0,,1,32,0,32,0,0,1,,0.0,,0.0,1.0,1.0,0.0,1.0,1.0,0.0
threshold_delay,faults1,faults1,3,threshold_32,Threshold 32,2,31,13,1,1,0,1.0,,1,32,0,32,0,0,1,,0.0,,0.0,1.0,1.0,0.0,1.0,1.0,0.0
threshold_delay,faults1,faults1,3,threshold_32,Threshold 32,3,31,13,1,1,0,1.0,,1,32,0,32,0,0,1,,0.0,,0.0,1.0,1.0,0.0,1.0,1.0,0.0
threshold_delay,faults1,faults1,3,threshold_32,Threshold 32,4,31,13,1,1,0,1.0,,1,32,0,32,0,0,1,,0.0,,0.0,1.0,1.0,0.0,1.0,1.0,0.0
threshold_delay,faults1,faults1,4,threshold_1,Threshold 1,0,31,13,1,1,0,1.0,,1,33,1,33,0,0,1,,0.0,,0.0,1.0,1.0,0.0,1.0,1.0,0.0
threshold_delay,faults1,faults1,4,threshold_1,Threshold 1,1,31,13,1,1,0,1.0,,1,32,0,32,0,0,1,,0.0,,0.0,1.0,1.0,0.0,1.0,1.0,0.0
threshold_delay,faults1,faults1,4,threshold_1,Threshold 1,2,31,13,1,1,0,1.0,,1,32,0,32,0,0,1,,0.0,,0.0,1.0,1.0,0.0,1.0,1.0,0.0
threshold_delay,faults1,faults1,4,threshold_1,Threshold 1,3,31,13,1,1,0,1.0,,1,32,0,32,0,0,1,,0.0,,0.0,1.0,1.0,0.0,1.0,1.0,0.0
threshold_delay,faults1,faults1,4,threshold_1,Threshold 1,4,31,13,1,1,0,1.0,,1,32,0,32,0,0,1,,0.0,,0.0,1.0,1.0,0.0,1.0,1.0,0.0
threshold_delay,faults1,faults1,4,threshold_2,Threshold 2,0,31,13,1,1,0,1.0,,1,34,2,34,0,0,1,,0.0,,0.0,1.0,1.0,0.0,1.0,1.0,0.0
threshold_delay,faults1,faults1,4,threshold_2,Threshold 2,1,31,13,1,1,0,1.0,,1,32,0,32,0,0,1,,0.0,,0.0,1.0,1.0,0.0,1.0,1.0,0.0
threshold_delay,faults1,faults1,4,threshold_2,Threshold 2,2,31,13,1,1,0,1.0,,1,32,0,32,0,0,1,,0.0,,0.0,1.0,1.0,0.0,1.0,1.0,0.0
threshold_delay,faults1,faults1,4,threshold_2,Threshold 2,3,31,13,1,1,0,1.0,,1,32,0,32,0,0,1,,0.0,,0.0,1.0,1.0,0.0,1.0,1.0,0.0
threshold_delay,faults1,faults1,4,threshold_2,Threshold 2,4,31,13,1,1,0,1.0,,1,32,0,32,0,0,1,,0.0,,0.0,1.0,1.0,0.0,1.0,1.0,0.0
threshold_delay,faults1,faults1,4,threshold_4,Threshold 4,0,31,13,1,1,0,1.0,,1,36,4,36,0,0,1,,0.0,,0.0,1.0,1.0,0.0,1.0,1.0,0.0
threshold_delay,faults1,faults1,4,threshold_4,Threshold 4,1,31,13,1,1,0,1.0,,1,32,0,32,0,0,1,,0.0,,0.0,1.0,1.0,0.0,1.0,1.0,0.0
threshold_delay,faults1,faults1,4,threshold_4,Threshold 4,2,31,13,1,1,0,1.0,,1,32,0,32,0,0,1,,0.0,,0.0,1.0,1.0,0.0,1.0,1.0,0.0
threshold_delay,faults1,faults1,4,threshold_4,Threshold 4,3,31,13,1,1,0,1.0,,1,32,0,32,0,0,1,,0.0,,0.0,1.0,1.0,0.0,1.0,1.0,0.0
threshold_delay,faults1,faults1,4,threshold_4,Threshold 4,4,31,13,1,1,0,1.0,,1,32,0,32,0,0,1,,0.0,,0.0,1.0,1.0,0.0,1.0,1.0,0.0
threshold_delay,faults1,faults1,4,threshold_8,Threshold 8,0,31,13,1,1,0,1.0,,1,40,8,40,0,0,1,,0.0,,0.0,1.0,1.0,0.0,1.0,1.0,0.0
threshold_delay,faults1,faults1,4,threshold_8,Threshold 8,1,31,13,1,1,0,1.0,,1,32,0,32,0,0,1,,0.0,,0.0,1.0,1.0,0.0,1.0,1.0,0.0
threshold_delay,faults1,faults1,4,threshold_8,Threshold 8,2,31,13,1,1,0,1.0,,1,32,0,32,0,0,1,,0.0,,0.0,1.0,1.0,0.0,1.0,1.0,0.0
threshold_delay,faults1,faults1,4,threshold_8,Threshold 8,3,31,13,1,1,0,1.0,,1,32,0,32,0,0,1,,0.0,,0.0,1.0,1.0,0.0,1.0,1.0,0.0
threshold_delay,faults1,faults1,4,threshold_8,Threshold 8,4,31,13,1,1,0,1.0,,1,32,0,32,0,0,1,,0.0,,0.0,1.0,1.0,0.0,1.0,1.0,0.0
threshold_delay,faults1,faults1,4,threshold_16,Threshold 16,0,31,13,1,1,0,1.0,,1,48,16,48,0,0,1,,0.0,,0.0,1.0,1.0,0.0,1.0,1.0,0.0
threshold_delay,faults1,faults1,4,threshold_16,Threshold 16,1,31,13,1,1,0,1.0,,1,32,0,32,0,0,1,,0.0,,0.0,1.0,1.0,0.0,1.0,1.0,0.0
threshold_delay,faults1,faults1,4,threshold_16,Threshold 16,2,31,13,1,1,0,1.0,,1,32,0,32,0,0,1,,0.0,,0.0,1.0,1.0,0.0,1.0,1.0,0.0
threshold_delay,faults1,faults1,4,threshold_16,Threshold 16,3,31,13,1,1,0,1.0,,1,32,0,32,0,0,1,,0.0,,0.0,1.0,1.0,0.0,1.0,1.0,0.0
threshold_delay,faults1,faults1,4,threshold_16,Threshold 16,4,31,13,1,1,0,1.0,,1,32,0,32,0,0,1,,0.0,,0.0,1.0,1.0,0.0,1.0,1.0,0.0
threshold_delay,faults1,faults1,4,threshold_32,Threshold 32,0,31,13,1,1,0,1.0,,1,64,32,64,0,0,1,,0.0,,0.0,1.0,1.0,0.0,1.0,1.0,0.0
threshold_delay,faults1,faults1,4,threshold_32,Threshold 32,1,31,13,1,1,0,1.0,,1,32,0,32,0,0,1,,0.0,,0.0,1.0,1.0,0.0,1.0,1.0,0.0
threshold_delay,faults1,faults1,4,threshold_32,Threshold 32,2,31,13,1,1,0,1.0,,1,32,0,32,0,0,1,,0.0,,0.0,1.0,1.0,0.0,1.0,1.0,0.0
threshold_delay,faults1,faults1,4,threshold_32,Threshold 32,3,31,13,1,1,0,1.0,,1,32,0,32,0,0,1,,0.0,,0.0,1.0,1.0,0.0,1.0,1.0,0.0
threshold_delay,faults1,faults1,4,threshold_32,Threshold 32,4,31,13,1,1,0,1.0,,1,32,0,32,0,0,1,,0.0,,0.0,1.0,1.0,0.0,1.0,1.0,0.0
threshold_delay,faults1,faults1,5,threshold_1,Threshold 1,0,31,13,1,1,0,1.0,,1,33,1,33,0,0,1,,0.0,,0.0,1.0,1.0,0.0,1.0,1.0,0.0
threshold_delay,faults1,faults1,5,threshold_1,Threshold 1,1,31,13,1,1,0,1.0,,1,32,0,32,0,0,1,,0.0,,0.0,1.0,1.0,0.0,1.0,1.0,0.0
threshold_delay,faults1,faults1,5,threshold_1,Threshold 1,2,31,13,1,1,0,1.0,,1,32,0,32,0,0,1,,0.0,,0.0,1.0,1.0,0.0,1.0,1.0,0.0
threshold_delay,faults1,faults1,5,threshold_1,Threshold 1,3,31,13,1,1,0,1.0,,1,32,0,32,0,0,1,,0.0,,0.0,1.0,1.0,0.0,1.0,1.0,0.0
threshold_delay,faults1,faults1,5,threshold_1,Threshold 1,4,31,13,1,1,0,1.0,,1,32,0,32,0,0,1,,0.0,,0.0,1.0,1.0,0.0,1.0,1.0,0.0
threshold_delay,faults1,faults1,5,threshold_2,Threshold 2,0,31,13,1,1,0,1.0,,1,34,2,34,0,0,1,,0.0,,0.0,1.0,1.0,0.0,1.0,1.0,0.0
threshold_delay,faults1,faults1,5,threshold_2,Threshold 2,1,31,13,1,1,0,1.0,,1,32,0,32,0,0,1,,0.0,,0.0,1.0,1.0,0.0,1.0,1.0,0.0
threshold_delay,faults1,faults1,5,threshold_2,Threshold 2,2,31,13,1,1,0,1.0,,1,32,0,32,0,0,1,,0.0,,0.0,1.0,1.0,0.0,1.0,1.0,0.0
threshold_delay,faults1,faults1,5,threshold_2,Threshold 2,3,31,13,1,1,0,1.0,,1,32,0,32,0,0,1,,0.0,,0.0,1.0,1.0,0.0,1.0,1.0,0.0
threshold_delay,faults1,faults1,5,threshold_2,Threshold 2,4,31,13,1,1,0,1.0,,1,32,0,32,0,0,1,,0.0,,0.0,1.0,1.0,0.0,1.0,1.0,0.0
threshold_delay,faults1,faults1,5,threshold_4,Threshold 4,0,31,13,1,1,0,1.0,,1,36,4,36,0,0,1,,0.0,,0.0,1.0,1.0,0.0,1.0,1.0,0.0
threshold_delay,faults1,faults1,5,threshold_4,Threshold 4,1,31,13,1,1,0,1.0,,1,32,0,32,0,0,1,,0.0,,0.0,1.0,1.0,0.0,1.0,1.0,0.0
threshold_delay,faults1,faults1,5,threshold_4,Threshold 4,2,31,13,1,1,0,1.0,,1,32,0,32,0,0,1,,0.0,,0.0,1.0,1.0,0.0,1.0,1.0,0.0
threshold_delay,faults1,faults1,5,threshold_4,Threshold 4,3,31,13,1,1,0,1.0,,1,32,0,32,0,0,1,,0.0,,0.0,1.0,1.0,0.0,1.0,1.0,0.0
threshold_delay,faults1,faults1,5,threshold_4,Threshold 4,4,31,13,1,1,0,1.0,,1,32,0,32,0,0,1,,0.0,,0.0,1.0,1.0,0.0,1.0,1.0,0.0
threshold_delay,faults1,faults1,5,threshold_8,Threshold 8,0,31,13,1,1,0,1.0,,1,40,8,40,0,0,1,,0.0,,0.0,1.0,1.0,0.0,1.0,1.0,0.0
threshold_delay,faults1,faults1,5,threshold_8,Threshold 8,1,31,13,1,1,0,1.0,,1,32,0,32,0,0,1,,0.0,,0.0,1.0,1.0,0.0,1.0,1.0,0.0
threshold_delay,faults1,faults1,5,threshold_8,Threshold 8,2,31,13,1,1,0,1.0,,1,32,0,32,0,0,1,,0.0,,0.0,1.0,1.0,0.0,1.0,1.0,0.0
threshold_delay,faults1,faults1,5,threshold_8,Threshold 8,3,31,13,1,1,0,1.0,,1,32,0,32,0,0,1,,0.0,,0.0,1.0,1.0,0.0,1.0,1.0,0.0
threshold_delay,faults1,faults1,5,threshold_8,Threshold 8,4,31,13,1,1,0,1.0,,1,32,0,32,0,0,1,,0.0,,0.0,1.0,1.0,0.0,1.0,1.0,0.0
threshold_delay,faults1,faults1,5,threshold_16,Threshold 16,0,31,13,1,1,0,1.0,,1,48,16,48,0,0,1,,0.0,,0.0,1.0,1.0,0.0,1.0,1.0,0.0
threshold_delay,faults1,faults1,5,threshold_16,Threshold 16,1,31,13,1,1,0,1.0,,1,32,0,32,0,0,1,,0.0,,0.0,1.0,1.0,0.0,1.0,1.0,0.0
threshold_delay,faults1,faults1,5,threshold_16,Threshold 16,2,31,13,1,1,0,1.0,,1,32,0,32,0,0,1,,0.0,,0.0,1.0,1.0,0.0,1.0,1.0,0.0
threshold_delay,faults1,faults1,5,threshold_16,Threshold 16,3,31,13,1,1,0,1.0,,1,32,0,32,0,0,1,,0.0,,0.0,1.0,1.0,0.0,1.0,1.0,0.0
threshold_delay,faults1,faults1,5,threshold_16,Threshold 16,4,31,13,1,1,0,1.0,,1,32,0,32,0,0,1,,0.0,,0.0,1.0,1.0,0.0,1.0,1.0,0.0
threshold_delay,faults1,faults1,5,threshold_32,Threshold 32,0,31,13,1,1,0,1.0,,1,64,32,64,0,0,1,,0.0,,0.0,1.0,1.0,0.0,1.0,1.0,0.0
threshold_delay,faults1,faults1,5,threshold_32,Threshold 32,1,31,13,1,1,0,1.0,,1,32,0,32,0,0,1,,0.0,,0.0,1.0,1.0,0.0,1.0,1.0,0.0
threshold_delay,faults1,faults1,5,threshold_32,Threshold 32,2,31,13,1,1,0,1.0,,1,32,0,32,0,0,1,,0.0,,0.0,1.0,1.0,0.0,1.0,1.0,0.0
threshold_delay,faults1,faults1,5,threshold_32,Threshold 32,3,31,13,1,1,0,1.0,,1,32,0,32,0,0,1,,0.0,,0.0,1.0,1.0,0.0,1.0,1.0,0.0
threshold_delay,faults1,faults1,5,threshold_32,Threshold 32,4,31,13,1,1,0,1.0,,1,32,0,32,0,0,1,,0.0,,0.0,1.0,1.0,0.0,1.0,1.0,0.0
threshold_delay,faults1,faults1,6,threshold_1,Threshold 1,0,31,13,1,1,0,1.0,,1,33,1,33,0,0,1,,0.0,,0.0,1.0,1.0,0.0,1.0,1.0,0.0
threshold_delay,faults1,faults1,6,threshold_1,Threshold 1,1,31,13,1,1,0,1.0,,1,32,0,32,0,0,1,,0.0,,0.0,1.0,1.0,0.0,1.0,1.0,0.0
threshold_delay,faults1,faults1,6,threshold_1,Threshold 1,2,31,13,1,1,0,1.0,,1,32,0,32,0,0,1,,0.0,,0.0,1.0,1.0,0.0,1.0,1.0,0.0
threshold_delay,faults1,faults1,6,threshold_1,Threshold 1,3,31,13,1,1,0,1.0,,1,32,0,32,0,0,1,,0.0,,0.0,1.0,1.0,0.0,1.0,1.0,0.0
threshold_delay,faults1,faults1,6,threshold_1,Threshold 1,4,31,13,1,1,0,1.0,,1,32,0,32,0,0,1,,0.0,,0.0,1.0,1.0,0.0,1.0,1.0,0.0
threshold_delay,faults1,faults1,6,threshold_2,Threshold 2,0,31,13,1,1,0,1.0,,1,34,2,34,0,0,1,,0.0,,0.0,1.0,1.0,0.0,1.0,1.0,0.0
threshold_delay,faults1,faults1,6,threshold_2,Threshold 2,1,31,13,1,1,0,1.0,,1,32,0,32,0,0,1,,0.0,,0.0,1.0,1.0,0.0,1.0,1.0,0.0
threshold_delay,faults1,faults1,6,threshold_2,Threshold 2,2,31,13,1,1,0,1.0,,1,32,0,32,0,0,1,,0.0,,0.0,1.0,1.0,0.0,1.0,1.0,0.0
threshold_delay,faults1,faults1,6,threshold_2,Threshold 2,3,31,13,1,1,0,1.0,,1,32,0,32,0,0,1,,0.0,,0.0,1.0,1.0,0.0,1.0,1.0,0.0
threshold_delay,faults1,faults1,6,threshold_2,Threshold 2,4,31,13,1,1,0,1.0,,1,32,0,32,0,0,1,,0.0,,0.0,1.0,1.0,0.0,1.0,1.0,0.0
threshold_delay,faults1,faults1,6,threshold_4,Threshold 4,0,31,13,1,1,0,1.0,,1,36,4,36,0,0,1,,0.0,,0.0,1.0,1.0,0.0,1.0,1.0,0.0
threshold_delay,faults1,faults1,6,threshold_4,Threshold 4,1,31,13,1,1,0,1.0,,1,32,0,32,0,0,1,,0.0,,0.0,1.0,1.0,0.0,1.0,1.0,0.0
threshold_delay,faults1,faults1,6,threshold_4,Threshold 4,2,31,13,1,1,0,1.0,,1,32,0,32,0,0,1,,0.0,,0.0,1.0,1.0,0.0,1.0,1.0,0.0
threshold_delay,faults1,faults1,6,threshold_4,Threshold 4,3,31,13,1,1,0,1.0,,1,32,0,32,0,0,1,,0.0,,0.0,1.0,1.0,0.0,1.0,1.0,0.0
threshold_delay,faults1,faults1,6,threshold_4,Threshold 4,4,31,13,1,1,0,1.0,,1,32,0,32,0,0,1,,0.0,,0.0,1.0,1.0,0.0,1.0,1.0,0.0
threshold_delay,faults1,faults1,6,threshold_8,Threshold 8,0,31,13,1,1,0,1.0,,1,40,8,40,0,0,1,,0.0,,0.0,1.0,1.0,0.0,1.0,1.0,0.0
threshold_delay,faults1,faults1,6,threshold_8,Threshold 8,1,31,13,1,1,0,1.0,,1,32,0,32,0,0,1,,0.0,,0.0,1.0,1.0,0.0,1.0,1.0,0.0
threshold_delay,faults1,faults1,6,threshold_8,Threshold 8,2,31,13,1,1,0,1.0,,1,32,0,32,0,0,1,,0.0,,0.0,1.0,1.0,0.0,1.0,1.0,0.0
threshold_delay,faults1,faults1,6,threshold_8,Threshold 8,3,31,13,1,1,0,1.0,,1,32,0,32,0,0,1,,0.0,,0.0,1.0,1.0,0.0,1.0,1.0,0.0
threshold_delay,faults1,faults1,6,threshold_8,Threshold 8,4,31,13,1,1,0,1.0,,1,32,0,32,0,0,1,,0.0,,0.0,1.0,1.0,0.0,1.0,1.0,0.0
threshold_delay,faults1,faults1,6,threshold_16,Threshold 16,0,31,13,1,1,0,1.0,,1,48,16,48,0,0,1,,0.0,,0.0,1.0,1.0,0.0,1.0,1.0,0.0
threshold_delay,faults1,faults1,6,threshold_16,Threshold 16,1,31,13,1,1,0,1.0,,1,32,0,32,0,0,1,,0.0,,0.0,1.0,1.0,0.0,1.0,1.0,0.0
threshold_delay,faults1,faults1,6,threshold_16,Threshold 16,2,31,13,1,1,0,1.0,,1,32,0,32,0,0,1,,0.0,,0.0,1.0,1.0,0.0,1.0,1.0,0.0
threshold_delay,faults1,faults1,6,threshold_16,Threshold 16,3,31,13,1,1,0,1.0,,1,32,0,32,0,0,1,,0.0,,0.0,1.0,1.0,0.0,1.0,1.0,0.0
threshold_delay,faults1,faults1,6,threshold_16,Threshold 16,4,31,13,1,1,0,1.0,,1,32,0,32,0,0,1,,0.0,,0.0,1.0,1.0,0.0,1.0,1.0,0.0
threshold_delay,faults1,faults1,6,threshold_32,Threshold 32,0,31,13,1,1,0,1.0,,1,64,32,64,0,0,1,,0.0,,0.0,1.0,1.0,0.0,1.0,1.0,0.0
threshold_delay,faults1,faults1,6,threshold_32,Threshold 32,1,31,13,1,1,0,1.0,,1,32,0,32,0,0,1,,0.0,,0.0,1.0,1.0,0.0,1.0,1.0,0.0
threshold_delay,faults1,faults1,6,threshold_32,Threshold 32,2,31,13,1,1,0,1.0,,1,32,0,32,0,0,1,,0.0,,0.0,1.0,1.0,0.0,1.0,1.0,0.0
threshold_delay,faults1,faults1,6,threshold_32,Threshold 32,3,31,13,1,1,0,1.0,,1,32,0,32,0,0,1,,0.0,,0.0,1.0,1.0,0.0,1.0,1.0,0.0
threshold_delay,faults1,faults1,6,threshold_32,Threshold 32,4,31,13,1,1,0,1.0,,1,32,0,32,0,0,1,,0.0,,0.0,1.0,1.0,0.0,1.0,1.0,0.0
threshold_delay,faults1,faults1,7,threshold_1,Threshold 1,0,31,13,1,1,0,1.0,,1,33,1,33,0,0,1,,0.0,,0.0,1.0,1.0,0.0,1.0,1.0,0.0
threshold_delay,faults1,faults1,7,threshold_1,Threshold 1,1,31,13,1,1,0,1.0,,1,32,0,32,0,0,1,,0.0,,0.0,1.0,1.0,0.0,1.0,1.0,0.0
threshold_delay,faults1,faults1,7,threshold_1,Threshold 1,2,31,13,1,1,0,1.0,,1,32,0,32,0,0,1,,0.0,,0.0,1.0,1.0,0.0,1.0,1.0,0.0
threshold_delay,faults1,faults1,7,threshold_1,Threshold 1,3,31,13,1,1,0,1.0,,1,32,0,32,0,0,1,,0.0,,0.0,1.0,1.0,0.0,1.0,1.0,0.0
threshold_delay,faults1,faults1,7,threshold_1,Threshold 1,4,31,13,1,1,0,1.0,,1,32,0,32,0,0,1,,0.0,,0.0,1.0,1.0,0.0,1.0,1.0,0.0
threshold_delay,faults1,faults1,7,threshold_2,Threshold 2,0,31,13,1,1,0,1.0,,1,34,2,34,0,0,1,,0.0,,0.0,1.0,1.0,0.0,1.0,1.0,0.0
threshold_delay,faults1,faults1,7,threshold_2,Threshold 2,1,31,13,1,1,0,1.0,,1,32,0,32,0,0,1,,0.0,,0.0,1.0,1.0,0.0,1.0,1.0,0.0
threshold_delay,faults1,faults1,7,threshold_2,Threshold 2,2,31,13,1,1,0,1.0,,1,32,0,32,0,0,1,,0.0,,0.0,1.0,1.0,0.0,1.0,1.0,0.0
threshold_delay,faults1,faults1,7,threshold_2,Threshold 2,3,31,13,1,1,0,1.0,,1,32,0,32,0,0,1,,0.0,,0.0,1.0,1.0,0.0,1.0,1.0,0.0
threshold_delay,faults1,faults1,7,threshold_2,Threshold 2,4,31,13,1,1,0,1.0,,1,32,0,32,0,0,1,,0.0,,0.0,1.0,1.0,0.0,1.0,1.0,0.0
threshold_delay,faults1,faults1,7,threshold_4,Threshold 4,0,31,13,1,1,0,1.0,,1,36,4,36,0,0,1,,0.0,,0.0,1.0,1.0,0.0,1.0,1.0,0.0
threshold_delay,faults1,faults1,7,threshold_4,Threshold 4,1,31,13,1,1,0,1.0,,1,32,0,32,0,0,1,,0.0,,0.0,1.0,1.0,0.0,1.0,1.0,0.0
threshold_delay,faults1,faults1,7,threshold_4,Threshold 4,2,31,13,1,1,0,1.0,,1,32,0,32,0,0,1,,0.0,,0.0,1.0,1.0,0.0,1.0,1.0,0.0
threshold_delay,faults1,faults1,7,threshold_4,Threshold 4,3,31,13,1,1,0,1.0,,1,32,0,32,0,0,1,,0.0,,0.0,1.0,1.0,0.0,1.0,1.0,0.0
threshold_delay,faults1,faults1,7,threshold_4,Threshold 4,4,31,13,1,1,0,1.0,,1,32,0,32,0,0,1,,0.0,,0.0,1.0,1.0,0.0,1.0,1.0,0.0
threshold_delay,faults1,faults1,7,threshold_8,Threshold 8,0,31,13,1,1,0,1.0,,1,40,8,40,0,0,1,,0.0,,0.0,1.0,1.0,0.0,1.0,1.0,0.0
threshold_delay,faults1,faults1,7,threshold_8,Threshold 8,1,31,13,1,1,0,1.0,,1,32,0,32,0,0,1,,0.0,,0.0,1.0,1.0,0.0,1.0,1.0,0.0
threshold_delay,faults1,faults1,7,threshold_8,Threshold 8,2,31,13,1,1,0,1.0,,1,32,0,32,0,0,1,,0.0,,0.0,1.0,1.0,0.0,1.0,1.0,0.0
threshold_delay,faults1,faults1,7,threshold_8,Threshold 8,3,31,13,1,1,0,1.0,,1,32,0,32,0,0,1,,0.0,,0.0,1.0,1.0,0.0,1.0,1.0,0.0
threshold_delay,faults1,faults1,7,threshold_8,Threshold 8,4,31,13,1,1,0,1.0,,1,32,0,32,0,0,1,,0.0,,0.0,1.0,1.0,0.0,1.0,1.0,0.0
threshold_delay,faults1,faults1,7,threshold_16,Threshold 16,0,31,13,1,1,0,1.0,,1,48,16,48,0,0,1,,0.0,,0.0,1.0,1.0,0.0,1.0,1.0,0.0
threshold_delay,faults1,faults1,7,threshold_16,Threshold 16,1,31,13,1,1,0,1.0,,1,32,0,32,0,0,1,,0.0,,0.0,1.0,1.0,0.0,1.0,1.0,0.0
threshold_delay,faults1,faults1,7,threshold_16,Threshold 16,2,31,13,1,1,0,1.0,,1,32,0,32,0,0,1,,0.0,,0.0,1.0,1.0,0.0,1.0,1.0,0.0
threshold_delay,faults1,faults1,7,threshold_16,Threshold 16,3,31,13,1,1,0,1.0,,1,32,0,32,0,0,1,,0.0,,0.0,1.0,1.0,0.0,1.0,1.0,0.0
threshold_delay,faults1,faults1,7,threshold_16,Threshold 16,4,31,13,1,1,0,1.0,,1,32,0,32,0,0,1,,0.0,,0.0,1.0,1.0,0.0,1.0,1.0,0.0
threshold_delay,faults1,faults1,7,threshold_32,Threshold 32,0,31,13,1,1,0,1.0,,1,64,32,64,0,0,1,,0.0,,0.0,1.0,1.0,0.0,1.0,1.0,0.0
threshold_delay,faults1,faults1,7,threshold_32,Threshold 32,1,31,13,1,1,0,1.0,,1,32,0,32,0,0,1,,0.0,,0.0,1.0,1.0,0.0,1.0,1.0,0.0
threshold_delay,faults1,faults1,7,threshold_32,Threshold 32,2,31,13,1,1,0,1.0,,1,32,0,32,0,0,1,,0.0,,0.0,1.0,1.0,0.0,1.0,1.0,0.0
threshold_delay,faults1,faults1,7,threshold_32,Threshold 32,3,31,13,1,1,0,1.0,,1,32,0,32,0,0,1,,0.0,,0.0,1.0,1.0,0.0,1.0,1.0,0.0
threshold_delay,faults1,faults1,7,threshold_32,Threshold 32,4,31,13,1,1,0,1.0,,1,32,0,32,0,0,1,,0.0,,0.0,1.0,1.0,0.0,1.0,1.0,0.0
threshold_delay,faults1,faults1,8,threshold_1,Threshold 1,0,31,13,1,1,0,1.0,,1,33,1,33,0,0,1,,0.0,,0.0,1.0,1.0,0.0,1.0,1.0,0.0
threshold_delay,faults1,faults1,8,threshold_1,Threshold 1,1,31,13,1,1,0,1.0,,1,32,0,32,0,0,1,,0.0,,0.0,1.0,1.0,0.0,1.0,1.0,0.0
threshold_delay,faults1,faults1,8,threshold_1,Threshold 1,2,31,13,1,1,0,1.0,,1,32,0,32,0,0,1,,0.0,,0.0,1.0,1.0,0.0,1.0,1.0,0.0
threshold_delay,faults1,faults1,8,threshold_1,Threshold 1,3,31,13,1,1,0,1.0,,1,32,0,32,0,0,1,,0.0,,0.0,1.0,1.0,0.0,1.0,1.0,0.0
threshold_delay,faults1,faults1,8,threshold_1,Threshold 1,4,31,13,1,1,0,1.0,,1,32,0,32,0,0,1,,0.0,,0.0,1.0,1.0,0.0,1.0,1.0,0.0
threshold_delay,faults1,faults1,8,threshold_2,Threshold 2,0,31,13,1,1,0,1.0,,1,34,2,34,0,0,1,,0.0,,0.0,1.0,1.0,0.0,1.0,1.0,0.0
threshold_delay,faults1,faults1,8,threshold_2,Threshold 2,1,31,13,1,1,0,1.0,,1,32,0,32,0,0,1,,0.0,,0.0,1.0,1.0,0.0,1.0,1.0,0.0
threshold_delay,faults1,faults1,8,threshold_2,Threshold 2,2,31,13,1,1,0,1.0,,1,32,0,32,0,0,1,,0.0,,0.0,1.0,1.0,0.0,1.0,1.0,0.0
threshold_delay,faults1,faults1,8,threshold_2,Threshold 2,3,31,13,1,1,0,1.0,,1,32,0,32,0,0,1,,0.0,,0.0,1.0,1.0,0.0,1.0,1.0,0.0
threshold_delay,faults1,faults1,8,threshold_2,Threshold 2,4,31,13,1,1,0,1.0,,1,32,0,32,0,0,1,,0.0,,0.0,1.0,1.0,0.0,1.0,1.0,0.0
threshold_delay,faults1,faults1,8,threshold_4,Threshold 4,0,31,13,1,1,0,1.0,,1,36,4,36,0,0,1,,0.0,,0.0,1.0,1.0,0.0,1.0,1.0,0.0
threshold_delay,faults1,faults1,8,threshold_4,Threshold 4,1,31,13,1,1,0,1.0,,1,32,0,32,0,0,1,,0.0,,0.0,1.0,1.0,0.0,1.0,1.0,0.0
threshold_delay,faults1,faults1,8,threshold_4,Threshold 4,2,31,13,1,1,0,1.0,,1,32,0,32,0,0,1,,0.0,,0.0,1.0,1.0,0.0,1.0,1.0,0.0
threshold_delay,faults1,faults1,8,threshold_4,Threshold 4,3,31,13,1,1,0,1.0,,1,32,0,32,0,0,1,,0.0,,0.0,1.0,1.0,0.0,1.0,1.0,0.0
threshold_delay,faults1,faults1,8,threshold_4,Threshold 4,4,31,13,1,1,0,1.0,,1,32,0,32,0,0,1,,0.0,,0.0,1.0,1.0,0.0,1.0,1.0,0.0
threshold_delay,faults1,faults1,8,threshold_8,Threshold 8,0,31,13,1,1,0,1.0,,1,40,8,40,0,0,1,,0.0,,0.0,1.0,1.0,0.0,1.0,1.0,0.0
threshold_delay,faults1,faults1,8,threshold_8,Threshold 8,1,31,13,1,1,0,1.0,,1,32,0,32,0,0,1,,0.0,,0.0,1.0,1.0,0.0,1.0,1.0,0.0
threshold_delay,faults1,faults1,8,threshold_8,Threshold 8,2,31,13,1,1,0,1.0,,1,32,0,32,0,0,1,,0.0,,0.0,1.0,1.0,0.0,1.0,1.0,0.0
threshold_delay,faults1,faults1,8,threshold_8,Threshold 8,3,31,13,1,1,0,1.0,,1,32,0,32,0,0,1,,0.0,,0.0,1.0,1.0,0.0,1.0,1.0,0.0
threshold_delay,faults1,faults1,8,threshold_8,Threshold 8,4,31,13,1,1,0,1.0,,1,32,0,32,0,0,1,,0.0,,0.0,1.0,1.0,0.0,1.0,1.0,0.0
threshold_delay,faults1,faults1,8,threshold_16,Threshold 16,0,31,13,1,1,0,1.0,,1,48,16,48,0,0,1,,0.0,,0.0,1.0,1.0,0.0,1.0,1.0,0.0
threshold_delay,faults1,faults1,8,threshold_16,Threshold 16,1,31,13,1,1,0,1.0,,1,32,0,32,0,0,1,,0.0,,0.0,1.0,1.0,0.0,1.0,1.0,0.0
threshold_delay,faults1,faults1,8,threshold_16,Threshold 16,2,31,13,1,1,0,1.0,,1,32,0,32,0,0,1,,0.0,,0.0,1.0,1.0,0.0,1.0,1.0,0.0
threshold_delay,faults1,faults1,8,threshold_16,Threshold 16,3,31,13,1,1,0,1.0,,1,32,0,32,0,0,1,,0.0,,0.0,1.0,1.0,0.0,1.0,1.0,0.0
threshold_delay,faults1,faults1,8,threshold_16,Threshold 16,4,31,13,1,1,0,1.0,,1,32,0,32,0,0,1,,0.0,,0.0,1.0,1.0,0.0,1.0,1.0,0.0
threshold_delay,faults1,faults1,8,threshold_32,Threshold 32,0,31,13,1,1,0,1.0,,1,64,32,64,0,0,1,,0.0,,0.0,1.0,1.0,0.0,1.0,1.0,0.0
threshold_delay,faults1,faults1,8,threshold_32,Threshold 32,1,31,13,1,1,0,1.0,,1,32,0,32,0,0,1,,0.0,,0.0,1.0,1.0,0.0,1.0,1.0,0.0
threshold_delay,faults1,faults1,8,threshold_32,Threshold 32,2,31,13,1,1,0,1.0,,1,32,0,32,0,0,1,,0.0,,0.0,1.0,1.0,0.0,1.0,1.0,0.0
threshold_delay,faults1,faults1,8,threshold_32,Threshold 32,3,31,13,1,1,0,1.0,,1,32,0,32,0,0,1,,0.0,,0.0,1.0,1.0,0.0,1.0,1.0,0.0
threshold_delay,faults1,faults1,8,threshold_32,Threshold 32,4,31,13,1,1,0,1.0,,1,32,0,32,0,0,1,,0.0,,0.0,1.0,1.0,0.0,1.0,1.0,0.0
threshold_delay,faults1,faults1,9,threshold_1,Threshold 1,0,31,13,1,1,0,1.0,,1,33,1,33,0,0,1,,0.0,,0.0,1.0,1.0,0.0,1.0,1.0,0.0
threshold_delay,faults1,faults1,9,threshold_1,Threshold 1,1,31,13,1,1,0,1.0,,1,32,0,32,0,0,1,,0.0,,0.0,1.0,1.0,0.0,1.0,1.0,0.0
threshold_delay,faults1,faults1,9,threshold_1,Threshold 1,2,31,13,1,1,0,1.0,,1,32,0,32,0,0,1,,0.0,,0.0,1.0,1.0,0.0,1.0,1.0,0.0
threshold_delay,faults1,faults1,9,threshold_1,Threshold 1,3,31,13,1,1,0,1.0,,1,32,0,32,0,0,1,,0.0,,0.0,1.0,1.0,0.0,1.0,1.0,0.0
threshold_delay,faults1,faults1,9,threshold_1,Threshold 1,4,31,13,1,1,0,1.0,,1,32,0,32,0,0,1,,0.0,,0.0,1.0,1.0,0.0,1.0,1.0,0.0
threshold_delay,faults1,faults1,9,threshold_2,Threshold 2,0,31,13,1,1,0,1.0,,1,34,2,34,0,0,1,,0.0,,0.0,1.0,1.0,0.0,1.0,1.0,0.0
threshold_delay,faults1,faults1,9,threshold_2,Threshold 2,1,31,13,1,1,0,1.0,,1,32,0,32,0,0,1,,0.0,,0.0,1.0,1.0,0.0,1.0,1.0,0.0
threshold_delay,faults1,faults1,9,threshold_2,Threshold 2,2,31,13,1,1,0,1.0,,1,32,0,32,0,0,1,,0.0,,0.0,1.0,1.0,0.0,1.0,1.0,0.0
threshold_delay,faults1,faults1,9,threshold_2,Threshold 2,3,31,13,1,1,0,1.0,,1,32,0,32,0,0,1,,0.0,,0.0,1.0,1.0,0.0,1.0,1.0,0.0
threshold_delay,faults1,faults1,9,threshold_2,Threshold 2,4,31,13,1,1,0,1.0,,1,32,0,32,0,0,1,,0.0,,0.0,1.0,1.0,0.0,1.0,1.0,0.0
threshold_delay,faults1,faults1,9,threshold_4,Threshold 4,0,31,13,1,1,0,1.0,,1,36,4,36,0,0,1,,0.0,,0.0,1.0,1.0,0.0,1.0,1.0,0.0
threshold_delay,faults1,faults1,9,threshold_4,Threshold 4,1,31,13,1,1,0,1.0,,1,32,0,32,0,0,1,,0.0,,0.0,1.0,1.0,0.0,1.0,1.0,0.0
threshold_delay,faults1,faults1,9,threshold_4,Threshold 4,2,31,13,1,1,0,1.0,,1,32,0,32,0,0,1,,0.0,,0.0,1.0,1.0,0.0,1.0,1.0,0.0
threshold_delay,faults1,faults1,9,threshold_4,Threshold 4,3,31,13,1,1,0,1.0,,1,32,0,32,0,0,1,,0.0,,0.0,1.0,1.0,0.0,1.0,1.0,0.0
threshold_delay,faults1,faults1,9,threshold_4,Threshold 4,4,31,13,1,1,0,1.0,,1,32,0,32,0,0,1,,0.0,,0.0,1.0,1.0,0.0,1.0,1.0,0.0
threshold_delay,faults1,faults1,9,threshold_8,Threshold 8,0,31,13,1,1,0,1.0,,1,40,8,40,0,0,1,,0.0,,0.0,1.0,1.0,0.0,1.0,1.0,0.0
threshold_delay,faults1,faults1,9,threshold_8,Threshold 8,1,31,13,1,1,0,1.0,,1,32,0,32,0,0,1,,0.0,,0.0,1.0,1.0,0.0,1.0,1.0,0.0
threshold_delay,faults1,faults1,9,threshold_8,Threshold 8,2,31,13,1,1,0,1.0,,1,32,0,32,0,0,1,,0.0,,0.0,1.0,1.0,0.0,1.0,1.0,0.0
threshold_delay,faults1,faults1,9,threshold_8,Threshold 8,3,31,13,1,1,0,1.0,,1,32,0,32,0,0,1,,0.0,,0.0,1.0,1.0,0.0,1.0,1.0,0.0
threshold_delay,faults1,faults1,9,threshold_8,Threshold 8,4,31,13,1,1,0,1.0,,1,32,0,32,0,0,1,,0.0,,0.0,1.0,1.0,0.0,1.0,1.0,0.0
threshold_delay,faults1,faults1,9,threshold_16,Threshold 16,0,31,13,1,1,0,1.0,,1,48,16,48,0,0,1,,0.0,,0.0,1.0,1.0,0.0,1.0,1.0,0.0
threshold_delay,faults1,faults1,9,threshold_16,Threshold 16,1,31,13,1,1,0,1.0,,1,32,0,32,0,0,1,,0.0,,0.0,1.0,1.0,0.0,1.0,1.0,0.0
threshold_delay,faults1,faults1,9,threshold_16,Threshold 16,2,31,13,1,1,0,1.0,,1,32,0,32,0,0,1,,0.0,,0.0,1.0,1.0,0.0,1.0,1.0,0.0
threshold_delay,faults1,faults1,9,threshold_16,Threshold 16,3,31,13,1,1,0,1.0,,1,32,0,32,0,0,1,,0.0,,0.0,1.0,1.0,0.0,1.0,1.0,0.0
threshold_delay,faults1,faults1,9,threshold_16,Threshold 16,4,31,13,1,1,0,1.0,,1,32,0,32,0,0,1,,0.0,,0.0,1.0,1.0,0.0,1.0,1.0,0.0
threshold_delay,faults1,faults1,9,threshold_32,Threshold 32,0,31,13,1,1,0,1.0,,1,64,32,64,0,0,1,,0.0,,0.0,1.0,1.0,0.0,1.0,1.0,0.0
threshold_delay,faults1,faults1,9,threshold_32,Threshold 32,1,31,13,1,1,0,1.0,,1,32,0,32,0,0,1,,0.0,,0.0,1.0,1.0,0.0,1.0,1.0,0.0
threshold_delay,faults1,faults1,9,threshold_32,Threshold 32,2,31,13,1,1,0,1.0,,1,32,0,32,0,0,1,,0.0,,0.0,1.0,1.0,0.0,1.0,1.0,0.0
threshold_delay,faults1,faults1,9,threshold_32,Threshold 32,3,31,13,1,1,0,1.0,,1,32,0,32,0,0,1,,0.0,,0.0,1.0,1.0,0.0,1.0,1.0,0.0
threshold_delay,faults1,faults1,9,threshold_32,Threshold 32,4,31,13,1,1,0,1.0,,1,32,0,32,0,0,1,,0.0,,0.0,1.0,1.0,0.0,1.0,1.0,0.0
threshold_delay,faults1,faults1,10,threshold_1,Threshold 1,0,31,13,1,1,0,1.0,,1,33,1,33,0,0,1,,0.0,,0.0,1.0,1.0,0.0,1.0,1.0,0.0
threshold_delay,faults1,faults1,10,threshold_1,Threshold 1,1,31,13,1,1,0,1.0,,1,32,0,32,0,0,1,,0.0,,0.0,1.0,1.0,0.0,1.0,1.0,0.0
threshold_delay,faults1,faults1,10,threshold_1,Threshold 1,2,31,13,1,1,0,1.0,,1,32,0,32,0,0,1,,0.0,,0.0,1.0,1.0,0.0,1.0,1.0,0.0
threshold_delay,faults1,faults1,10,threshold_1,Threshold 1,3,31,13,1,1,0,1.0,,1,32,0,32,0,0,1,,0.0,,0.0,1.0,1.0,0.0,1.0,1.0,0.0
threshold_delay,faults1,faults1,10,threshold_1,Threshold 1,4,31,13,1,1,0,1.0,,1,32,0,32,0,0,1,,0.0,,0.0,1.0,1.0,0.0,1.0,1.0,0.0
threshold_delay,faults1,faults1,10,threshold_2,Threshold 2,0,31,13,1,1,0,1.0,,1,34,2,34,0,0,1,,0.0,,0.0,1.0,1.0,0.0,1.0,1.0,0.0
threshold_delay,faults1,faults1,10,threshold_2,Threshold 2,1,31,13,1,1,0,1.0,,1,32,0,32,0,0,1,,0.0,,0.0,1.0,1.0,0.0,1.0,1.0,0.0
threshold_delay,faults1,faults1,10,threshold_2,Threshold 2,2,31,13,1,1,0,1.0,,1,32,0,32,0,0,1,,0.0,,0.0,1.0,1.0,0.0,1.0,1.0,0.0
threshold_delay,faults1,faults1,10,threshold_2,Threshold 2,3,31,13,1,1,0,1.0,,1,32,0,32,0,0,1,,0.0,,0.0,1.0,1.0,0.0,1.0,1.0,0.0
threshold_delay,faults1,faults1,10,threshold_2,Threshold 2,4,31,13,1,1,0,1.0,,1,32,0,32,0,0,1,,0.0,,0.0,1.0,1.0,0.0,1.0,1.0,0.0
threshold_delay,faults1,faults1,10,threshold_4,Threshold 4,0,31,13,1,1,0,1.0,,1,36,4,36,0,0,1,,0.0,,0.0,1.0,1.0,0.0,1.0,1.0,0.0
threshold_delay,faults1,faults1,10,threshold_4,Threshold 4,1,31,13,1,1,0,1.0,,1,32,0,32,0,0,1,,0.0,,0.0,1.0,1.0,0.0,1.0,1.0,0.0
threshold_delay,faults1,faults1,10,threshold_4,Threshold 4,2,31,13,1,1,0,1.0,,1,32,0,32,0,0,1,,0.0,,0.0,1.0,1.0,0.0,1.0,1.0,0.0
threshold_delay,faults1,faults1,10,threshold_4,Threshold 4,3,31,13,1,1,0,1.0,,1,32,0,32,0,0,1,,0.0,,0.0,1.0,1.0,0.0,1.0,1.0,0.0
threshold_delay,faults1,faults1,10,threshold_4,Threshold 4,4,31,13,1,1,0,1.0,,1,32,0,32,0,0,1,,0.0,,0.0,1.0,1.0,0.0,1.0,1.0,0.0
threshold_delay,faults1,faults1,10,threshold_8,Threshold 8,0,31,13,1,1,0,1.0,,1,40,8,40,0,0,1,,0.0,,0.0,1.0,1.0,0.0,1.0,1.0,0.0
threshold_delay,faults1,faults1,10,threshold_8,Threshold 8,1,31,13,1,1,0,1.0,,1,32,0,32,0,0,1,,0.0,,0.0,1.0,1.0,0.0,1.0,1.0,0.0
threshold_delay,faults1,faults1,10,threshold_8,Threshold 8,2,31,13,1,1,0,1.0,,1,32,0,32,0,0,1,,0.0,,0.0,1.0,1.0,0.0,1.0,1.0,0.0
threshold_delay,faults1,faults1,10,threshold_8,Threshold 8,3,31,13,1,1,0,1.0,,1,32,0,32,0,0,1,,0.0,,0.0,1.0,1.0,0.0,1.0,1.0,0.0
threshold_delay,faults1,faults1,10,threshold_8,Threshold 8,4,31,13,1,1,0,1.0,,1,32,0,32,0,0,1,,0.0,,0.0,1.0,1.0,0.0,1.0,1.0,0.0
threshold_delay,faults1,faults1,10,threshold_16,Threshold 16,0,31,13,1,1,0,1.0,,1,48,16,48,0,0,1,,0.0,,0.0,1.0,1.0,0.0,1.0,1.0,0.0
threshold_delay,faults1,faults1,10,threshold_16,Threshold 16,1,31,13,1,1,0,1.0,,1,32,0,32,0,0,1,,0.0,,0.0,1.0,1.0,0.0,1.0,1.0,0.0
threshold_delay,faults1,faults1,10,threshold_16,Threshold 16,2,31,13,1,1,0,1.0,,1,32,0,32,0,0,1,,0.0,,0.0,1.0,1.0,0.0,1.0,1.0,0.0
threshold_delay,faults1,faults1,10,threshold_16,Threshold 16,3,31,13,1,1,0,1.0,,1,32,0,32,0,0,1,,0.0,,0.0,1.0,1.0,0.0,1.0,1.0,0.0
threshold_delay,faults1,faults1,10,threshold_16,Threshold 16,4,31,13,1,1,0,1.0,,1,32,0,32,0,0,1,,0.0,,0.0,1.0,1.0,0.0,1.0,1.0,0.0
threshold_delay,faults1,faults1,10,threshold_32,Threshold 32,0,31,13,1,1,0,1.0,,1,64,32,64,0,0,1,,0.0,,0.0,1.0,1.0,0.0,1.0,1.0,0.0
threshold_delay,faults1,faults1,10,threshold_32,Threshold 32,1,31,13,1,1,0,1.0,,1,32,0,32,0,0,1,,0.0,,0.0,1.0,1.0,0.0,1.0,1.0,0.0
threshold_delay,faults1,faults1,10,threshold_32,Threshold 32,2,31,13,1,1,0,1.0,,1,32,0,32,0,0,1,,0.0,,0.0,1.0,1.0,0.0,1.0,1.0,0.0
threshold_delay,faults1,faults1,10,threshold_32,Threshold 32,3,31,13,1,1,0,1.0,,1,32,0,32,0,0,1,,0.0,,0.0,1.0,1.0,0.0,1.0,1.0,0.0
threshold_delay,faults1,faults1,10,threshold_32,Threshold 32,4,31,13,1,1,0,1.0,,1,32,0,32,0,0,1,,0.0,,0.0,1.0,1.0,0.0,1.0,1.0,0.0
threshold_delay,faults1,faults1,11,threshold_1,Threshold 1,0,31,13,1,1,0,1.0,,1,33,1,33,0,0,1,,0.0,,0.0,1.0,1.0,0.0,1.0,1.0,0.0
threshold_delay,faults1,faults1,11,threshold_1,Threshold 1,1,31,13,1,1,0,1.0,,1,32,0,32,0,0,1,,0.0,,0.0,1.0,1.0,0.0,1.0,1.0,0.0
threshold_delay,faults1,faults1,11,threshold_1,Threshold 1,2,31,13,1,1,0,1.0,,1,32,0,32,0,0,1,,0.0,,0.0,1.0,1.0,0.0,1.0,1.0,0.0
threshold_delay,faults1,faults1,11,threshold_1,Threshold 1,3,31,13,1,1,0,1.0,,1,32,0,32,0,0,1,,0.0,,0.0,1.0,1.0,0.0,1.0,1.0,0.0
threshold_delay,faults1,faults1,11,threshold_1,Threshold 1,4,31,13,1,1,0,1.0,,1,32,0,32,0,0,1,,0.0,,0.0,1.0,1.0,0.0,1.0,1.0,0.0
threshold_delay,faults1,faults1,11,threshold_2,Threshold 2,0,31,13,1,1,0,1.0,,1,34,2,34,0,0,1,,0.0,,0.0,1.0,1.0,0.0,1.0,1.0,0.0
threshold_delay,faults1,faults1,11,threshold_2,Threshold 2,1,31,13,1,1,0,1.0,,1,32,0,32,0,0,1,,0.0,,0.0,1.0,1.0,0.0,1.0,1.0,0.0
threshold_delay,faults1,faults1,11,threshold_2,Threshold 2,2,31,13,1,1,0,1.0,,1,32,0,32,0,0,1,,0.0,,0.0,1.0,1.0,0.0,1.0,1.0,0.0
threshold_delay,faults1,faults1,11,threshold_2,Threshold 2,3,31,13,1,1,0,1.0,,1,32,0,32,0,0,1,,0.0,,0.0,1.0,1.0,0.0,1.0,1.0,0.0
threshold_delay,faults1,faults1,11,threshold_2,Threshold 2,4,31,13,1,1,0,1.0,,1,32,0,32,0,0,1,,0.0,,0.0,1.0,1.0,0.0,1.0,1.0,0.0
threshold_delay,faults1,faults1,11,threshold_4,Threshold 4,0,31,13,1,1,0,1.0,,1,36,4,36,0,0,1,,0.0,,0.0,1.0,1.0,0.0,1.0,1.0,0.0
threshold_delay,faults1,faults1,11,threshold_4,Threshold 4,1,31,13,1,1,0,1.0,,1,32,0,32,0,0,1,,0.0,,0.0,1.0,1.0,0.0,1.0,1.0,0.0
threshold_delay,faults1,faults1,11,threshold_4,Threshold 4,2,31,13,1,1,0,1.0,,1,32,0,32,0,0,1,,0.0,,0.0,1.0,1.0,0.0,1.0,1.0,0.0
threshold_delay,faults1,faults1,11,threshold_4,Threshold 4,3,31,13,1,1,0,1.0,,1,32,0,32,0,0,1,,0.0,,0.0,1.0,1.0,0.0,1.0,1.0,0.0
threshold_delay,faults1,faults1,11,threshold_4,Threshold 4,4,31,13,1,1,0,1.0,,1,32,0,32,0,0,1,,0.0,,0.0,1.0,1.0,0.0,1.0,1.0,0.0
threshold_delay,faults1,faults1,11,threshold_8,Threshold 8,0,31,13,1,1,0,1.0,,1,40,8,40,0,0,1,,0.0,,0.0,1.0,1.0,0.0,1.0,1.0,0.0
threshold_delay,faults1,faults1,11,threshold_8,Threshold 8,1,31,13,1,1,0,1.0,,1,32,0,32,0,0,1,,0.0,,0.0,1.0,1.0,0.0,1.0,1.0,0.0
threshold_delay,faults1,faults1,11,threshold_8,Threshold 8,2,31,13,1,1,0,1.0,,1,32,0,32,0,0,1,,0.0,,0.0,1.0,1.0,0.0,1.0,1.0,0.0
threshold_delay,faults1,faults1,11,threshold_8,Threshold 8,3,31,13,1,1,0,1.0,,1,32,0,32,0,0,1,,0.0,,0.0,1.0,1.0,0.0,1.0,1.0,0.0
threshold_delay,faults1,faults1,11,threshold_8,Threshold 8,4,31,13,1,1,0,1.0,,1,32,0,32,0,0,1,,0.0,,0.0,1.0,1.0,0.0,1.0,1.0,0.0
threshold_delay,faults1,faults1,11,threshold_16,Threshold 16,0,31,13,1,1,0,1.0,,1,48,16,48,0,0,1,,0.0,,0.0,1.0,1.0,0.0,1.0,1.0,0.0
threshold_delay,faults1,faults1,11,threshold_16,Threshold 16,1,31,13,1,1,0,1.0,,1,32,0,32,0,0,1,,0.0,,0.0,1.0,1.0,0.0,1.0,1.0,0.0
threshold_delay,faults1,faults1,11,threshold_16,Threshold 16,2,31,13,1,1,0,1.0,,1,32,0,32,0,0,1,,0.0,,0.0,1.0,1.0,0.0,1.0,1.0,0.0
threshold_delay,faults1,faults1,11,threshold_16,Threshold 16,3,31,13,1,1,0,1.0,,1,32,0,32,0,0,1,,0.0,,0.0,1.0,1.0,0.0,1.0,1.0,0.0
threshold_delay,faults1,faults1,11,threshold_16,Threshold 16,4,31,13,1,1,0,1.0,,1,32,0,32,0,0,1,,0.0,,0.0,1.0,1.0,0.0,1.0,1.0,0.0
threshold_delay,faults1,faults1,11,threshold_32,Threshold 32,0,31,13,1,1,0,1.0,,1,64,32,64,0,0,1,,0.0,,0.0,1.0,1.0,0.0,1.0,1.0,0.0
threshold_delay,faults1,faults1,11,threshold_32,Threshold 32,1,31,13,1,1,0,1.0,,1,32,0,32,0,0,1,,0.0,,0.0,1.0,1.0,0.0,1.0,1.0,0.0
threshold_delay,faults1,faults1,11,threshold_32,Threshold 32,2,31,13,1,1,0,1.0,,1,32,0,32,0,0,1,,0.0,,0.0,1.0,1.0,0.0,1.0,1.0,0.0
threshold_delay,faults1,faults1,11,threshold_32,Threshold 32,3,31,13,1,1,0,1.0,,1,32,0,32,0,0,1,,0.0,,0.0,1.0,1.0,0.0,1.0,1.0,0.0
threshold_delay,faults1,faults1,11,threshold_32,Threshold 32,4,31,13,1,1,0,1.0,,1,32,0,32,0,0,1,,0.0,,0.0,1.0,1.0,0.0,1.0,1.0,0.0
threshold_delay,faults1,faults1,12,threshold_1,Threshold 1,0,31,13,1,1,0,1.0,,1,33,1,33,0,0,1,,0.0,,0.0,1.0,1.0,0.0,1.0,1.0,0.0
threshold_delay,faults1,faults1,12,threshold_1,Threshold 1,1,31,13,1,1,0,1.0,,1,32,0,32,0,0,1,,0.0,,0.0,1.0,1.0,0.0,1.0,1.0,0.0
threshold_delay,faults1,faults1,12,threshold_1,Threshold 1,2,31,13,1,1,0,1.0,,1,32,0,32,0,0,1,,0.0,,0.0,1.0,1.0,0.0,1.0,1.0,0.0
threshold_delay,faults1,faults1,12,threshold_1,Threshold 1,3,31,13,1,1,0,1.0,,1,32,0,32,0,0,1,,0.0,,0.0,1.0,1.0,0.0,1.0,1.0,0.0
threshold_delay,faults1,faults1,12,threshold_1,Threshold 1,4,31,13,1,1,0,1.0,,1,32,0,32,0,0,1,,0.0,,0.0,1.0,1.0,0.0,1.0,1.0,0.0
threshold_delay,faults1,faults1,12,threshold_2,Threshold 2,0,31,13,1,1,0,1.0,,1,34,2,34,0,0,1,,0.0,,0.0,1.0,1.0,0.0,1.0,1.0,0.0
threshold_delay,faults1,faults1,12,threshold_2,Threshold 2,1,31,13,1,1,0,1.0,,1,32,0,32,0,0,1,,0.0,,0.0,1.0,1.0,0.0,1.0,1.0,0.0
threshold_delay,faults1,faults1,12,threshold_2,Threshold 2,2,31,13,1,1,0,1.0,,1,32,0,32,0,0,1,,0.0,,0.0,1.0,1.0,0.0,1.0,1.0,0.0
threshold_delay,faults1,faults1,12,threshold_2,Threshold 2,3,31,13,1,1,0,1.0,,1,32,0,32,0,0,1,,0.0,,0.0,1.0,1.0,0.0,1.0,1.0,0.0
threshold_delay,faults1,faults1,12,threshold_2,Threshold 2,4,31,13,1,1,0,1.0,,1,32,0,32,0,0,1,,0.0,,0.0,1.0,1.0,0.0,1.0,1.0,0.0
threshold_delay,faults1,faults1,12,threshold_4,Threshold 4,0,31,13,1,1,0,1.0,,1,36,4,36,0,0,1,,0.0,,0.0,1.0,1.0,0.0,1.0,1.0,0.0
threshold_delay,faults1,faults1,12,threshold_4,Threshold 4,1,31,13,1,1,0,1.0,,1,32,0,32,0,0,1,,0.0,,0.0,1.0,1.0,0.0,1.0,1.0,0.0
threshold_delay,faults1,faults1,12,threshold_4,Threshold 4,2,31,13,1,1,0,1.0,,1,32,0,32,0,0,1,,0.0,,0.0,1.0,1.0,0.0,1.0,1.0,0.0
threshold_delay,faults1,faults1,12,threshold_4,Threshold 4,3,31,13,1,1,0,1.0,,1,32,0,32,0,0,1,,0.0,,0.0,1.0,1.0,0.0,1.0,1.0,0.0
threshold_delay,faults1,faults1,12,threshold_4,Threshold 4,4,31,13,1,1,0,1.0,,1,32,0,32,0,0,1,,0.0,,0.0,1.0,1.0,0.0,1.0,1.0,0.0
threshold_delay,faults1,faults1,12,threshold_8,Threshold 8,0,31,13,1,1,0,1.0,,1,40,8,40,0,0,1,,0.0,,0.0,1.0,1.0,0.0,1.0,1.0,0.0
threshold_delay,faults1,faults1,12,threshold_8,Threshold 8,1,31,13,1,1,0,1.0,,1,32,0,32,0,0,1,,0.0,,0.0,1.0,1.0,0.0,1.0,1.0,0.0
threshold_delay,faults1,faults1,12,threshold_8,Threshold 8,2,31,13,1,1,0,1.0,,1,32,0,32,0,0,1,,0.0,,0.0,1.0,1.0,0.0,1.0,1.0,0.0
threshold_delay,faults1,faults1,12,threshold_8,Threshold 8,3,31,13,1,1,0,1.0,,1,32,0,32,0,0,1,,0.0,,0.0,1.0,1.0,0.0,1.0,1.0,0.0
threshold_delay,faults1,faults1,12,threshold_8,Threshold 8,4,31,13,1,1,0,1.0,,1,32,0,32,0,0,1,,0.0,,0.0,1.0,1.0,0.0,1.0,1.0,0.0
threshold_delay,faults1,faults1,12,threshold_16,Threshold 16,0,31,13,1,1,0,1.0,,1,48,16,48,0,0,1,,0.0,,0.0,1.0,1.0,0.0,1.0,1.0,0.0
threshold_delay,faults1,faults1,12,threshold_16,Threshold 16,1,31,13,1,1,0,1.0,,1,32,0,32,0,0,1,,0.0,,0.0,1.0,1.0,0.0,1.0,1.0,0.0
threshold_delay,faults1,faults1,12,threshold_16,Threshold 16,2,31,13,1,1,0,1.0,,1,32,0,32,0,0,1,,0.0,,0.0,1.0,1.0,0.0,1.0,1.0,0.0
threshold_delay,faults1,faults1,12,threshold_16,Threshold 16,3,31,13,1,1,0,1.0,,1,32,0,32,0,0,1,,0.0,,0.0,1.0,1.0,0.0,1.0,1.0,0.0
threshold_delay,faults1,faults1,12,threshold_16,Threshold 16,4,31,13,1,1,0,1.0,,1,32,0,32,0,0,1,,0.0,,0.0,1.0,1.0,0.0,1.0,1.0,0.0
threshold_delay,faults1,faults1,12,threshold_32,Threshold 32,0,31,13,1,1,0,1.0,,1,64,32,64,0,0,1,,0.0,,0.0,1.0,1.0,0.0,1.0,1.0,0.0
threshold_delay,faults1,faults1,12,threshold_32,Threshold 32,1,31,13,1,1,0,1.0,,1,32,0,32,0,0,1,,0.0,,0.0,1.0,1.0,0.0,1.0,1.0,0.0
threshold_delay,faults1,faults1,12,threshold_32,Threshold 32,2,31,13,1,1,0,1.0,,1,32,0,32,0,0,1,,0.0,,0.0,1.0,1.0,0.0,1.0,1.0,0.0
threshold_delay,faults1,faults1,12,threshold_32,Threshold 32,3,31,13,1,1,0,1.0,,1,32,0,32,0,0,1,,0.0,,0.0,1.0,1.0,0.0,1.0,1.0,0.0
threshold_delay,faults1,faults1,12,threshold_32,Threshold 32,4,31,13,1,1,0,1.0,,1,32,0,32,0,0,1,,0.0,,0.0,1.0,1.0,0.0,1.0,1.0,0.0
threshold_delay,faults1,faults1,13,threshold_1,Threshold 1,0,31,13,1,1,0,1.0,,1,33,1,33,0,0,1,,0.0,,0.0,1.0,1.0,0.0,1.0,1.0,0.0
threshold_delay,faults1,faults1,13,threshold_1,Threshold 1,1,31,13,1,1,0,1.0,,1,32,0,32,0,0,1,,0.0,,0.0,1.0,1.0,0.0,1.0,1.0,0.0
threshold_delay,faults1,faults1,13,threshold_1,Threshold 1,2,31,13,1,1,0,1.0,,1,32,0,32,0,0,1,,0.0,,0.0,1.0,1.0,0.0,1.0,1.0,0.0
threshold_delay,faults1,faults1,13,threshold_1,Threshold 1,3,31,13,1,1,0,1.0,,1,32,0,32,0,0,1,,0.0,,0.0,1.0,1.0,0.0,1.0,1.0,0.0
threshold_delay,faults1,faults1,13,threshold_1,Threshold 1,4,31,13,1,1,0,1.0,,1,32,0,32,0,0,1,,0.0,,0.0,1.0,1.0,0.0,1.0,1.0,0.0
threshold_delay,faults1,faults1,13,threshold_2,Threshold 2,0,31,13,1,1,0,1.0,,1,34,2,34,0,0,1,,0.0,,0.0,1.0,1.0,0.0,1.0,1.0,0.0
threshold_delay,faults1,faults1,13,threshold_2,Threshold 2,1,31,13,1,1,0,1.0,,1,32,0,32,0,0,1,,0.0,,0.0,1.0,1.0,0.0,1.0,1.0,0.0
threshold_delay,faults1,faults1,13,threshold_2,Threshold 2,2,31,13,1,1,0,1.0,,1,32,0,32,0,0,1,,0.0,,0.0,1.0,1.0,0.0,1.0,1.0,0.0
threshold_delay,faults1,faults1,13,threshold_2,Threshold 2,3,31,13,1,1,0,1.0,,1,32,0,32,0,0,1,,0.0,,0.0,1.0,1.0,0.0,1.0,1.0,0.0
threshold_delay,faults1,faults1,13,threshold_2,Threshold 2,4,31,13,1,1,0,1.0,,1,32,0,32,0,0,1,,0.0,,0.0,1.0,1.0,0.0,1.0,1.0,0.0
threshold_delay,faults1,faults1,13,threshold_4,Threshold 4,0,31,13,1,1,0,1.0,,1,36,4,36,0,0,1,,0.0,,0.0,1.0,1.0,0.0,1.0,1.0,0.0
threshold_delay,faults1,faults1,13,threshold_4,Threshold 4,1,31,13,1,1,0,1.0,,1,32,0,32,0,0,1,,0.0,,0.0,1.0,1.0,0.0,1.0,1.0,0.0
threshold_delay,faults1,faults1,13,threshold_4,Threshold 4,2,31,13,1,1,0,1.0,,1,32,0,32,0,0,1,,0.0,,0.0,1.0,1.0,0.0,1.0,1.0,0.0
threshold_delay,faults1,faults1,13,threshold_4,Threshold 4,3,31,13,1,1,0,1.0,,1,32,0,32,0,0,1,,0.0,,0.0,1.0,1.0,0.0,1.0,1.0,0.0
threshold_delay,faults1,faults1,13,threshold_4,Threshold 4,4,31,13,1,1,0,1.0,,1,32,0,32,0,0,1,,0.0,,0.0,1.0,1.0,0.0,1.0,1.0,0.0
threshold_delay,faults1,faults1,13,threshold_8,Threshold 8,0,31,13,1,1,0,1.0,,1,40,8,40,0,0,1,,0.0,,0.0,1.0,1.0,0.0,1.0,1.0,0.0
threshold_delay,faults1,faults1,13,threshold_8,Threshold 8,1,31,13,1,1,0,1.0,,1,32,0,32,0,0,1,,0.0,,0.0,1.0,1.0,0.0,1.0,1.0,0.0
threshold_delay,faults1,faults1,13,threshold_8,Threshold 8,2,31,13,1,1,0,1.0,,1,32,0,32,0,0,1,,0.0,,0.0,1.0,1.0,0.0,1.0,1.0,0.0
threshold_delay,faults1,faults1,13,threshold_8,Threshold 8,3,31,13,1,1,0,1.0,,1,32,0,32,0,0,1,,0.0,,0.0,1.0,1.0,0.0,1.0,1.0,0.0
threshold_delay,faults1,faults1,13,threshold_8,Threshold 8,4,31,13,1,1,0,1.0,,1,32,0,32,0,0,1,,0.0,,0.0,1.0,1.0,0.0,1.0,1.0,0.0
threshold_delay,faults1,faults1,13,threshold_16,Threshold 16,0,31,13,1,1,0,1.0,,1,48,16,48,0,0,1,,0.0,,0.0,1.0,1.0,0.0,1.0,1.0,0.0
threshold_delay,faults1,faults1,13,threshold_16,Threshold 16,1,31,13,1,1,0,1.0,,1,32,0,32,0,0,1,,0.0,,0.0,1.0,1.0,0.0,1.0,1.0,0.0
threshold_delay,faults1,faults1,13,threshold_16,Threshold 16,2,31,13,1,1,0,1.0,,1,32,0,32,0,0,1,,0.0,,0.0,1.0,1.0,0.0,1.0,1.0,0.0
threshold_delay,faults1,faults1,13,threshold_16,Threshold 16,3,31,13,1,1,0,1.0,,1,32,0,32,0,0,1,,0.0,,0.0,1.0,1.0,0.0,1.0,1.0,0.0
threshold_delay,faults1,faults1,13,threshold_16,Threshold 16,4,31,13,1,1,0,1.0,,1,32,0,32,0,0,1,,0.0,,0.0,1.0,1.0,0.0,1.0,1.0,0.0
threshold_delay,faults1,faults1,13,threshold_32,Threshold 32,0,31,13,1,1,0,1.0,,1,64,32,64,0,0,1,,0.0,,0.0,1.0,1.0,0.0,1.0,1.0,0.0
threshold_delay,faults1,faults1,13,threshold_32,Threshold 32,1,31,13,1,1,0,1.0,,1,32,0,32,0,0,1,,0.0,,0.0,1.0,1.0,0.0,1.0,1.0,0.0
threshold_delay,faults1,faults1,13,threshold_32,Threshold 32,2,31,13,1,1,0,1.0,,1,32,0,32,0,0,1,,0.0,,0.0,1.0,1.0,0.0,1.0,1.0,0.0
threshold_delay,faults1,faults1,13,threshold_32,Threshold 32,3,31,13,1,1,0,1.0,,1,32,0,32,0,0,1,,0.0,,0.0,1.0,1.0,0.0,1.0,1.0,0.0
threshold_delay,faults1,faults1,13,threshold_32,Threshold 32,4,31,13,1,1,0,1.0,,1,32,0,32,0,0,1,,0.0,,0.0,1.0,1.0,0.0,1.0,1.0,0.0
threshold_delay,faults1,faults1,14,threshold_1,Threshold 1,0,31,13,1,1,0,1.0,,1,33,1,33,0,0,1,,0.0,,0.0,1.0,1.0,0.0,1.0,1.0,0.0
threshold_delay,faults1,faults1,14,threshold_1,Threshold 1,1,31,13,1,1,0,1.0,,1,32,0,32,0,0,1,,0.0,,0.0,1.0,1.0,0.0,1.0,1.0,0.0
threshold_delay,faults1,faults1,14,threshold_1,Threshold 1,2,31,13,1,1,0,1.0,,1,32,0,32,0,0,1,,0.0,,0.0,1.0,1.0,0.0,1.0,1.0,0.0
threshold_delay,faults1,faults1,14,threshold_1,Threshold 1,3,31,13,1,1,0,1.0,,1,32,0,32,0,0,1,,0.0,,0.0,1.0,1.0,0.0,1.0,1.0,0.0
threshold_delay,faults1,faults1,14,threshold_1,Threshold 1,4,31,13,1,1,0,1.0,,1,32,0,32,0,0,1,,0.0,,0.0,1.0,1.0,0.0,1.0,1.0,0.0
threshold_delay,faults1,faults1,14,threshold_2,Threshold 2,0,31,13,1,1,0,1.0,,1,34,2,34,0,0,1,,0.0,,0.0,1.0,1.0,0.0,1.0,1.0,0.0
threshold_delay,faults1,faults1,14,threshold_2,Threshold 2,1,31,13,1,1,0,1.0,,1,32,0,32,0,0,1,,0.0,,0.0,1.0,1.0,0.0,1.0,1.0,0.0
threshold_delay,faults1,faults1,14,threshold_2,Threshold 2,2,31,13,1,1,0,1.0,,1,32,0,32,0,0,1,,0.0,,0.0,1.0,1.0,0.0,1.0,1.0,0.0
threshold_delay,faults1,faults1,14,threshold_2,Threshold 2,3,31,13,1,1,0,1.0,,1,32,0,32,0,0,1,,0.0,,0.0,1.0,1.0,0.0,1.0,1.0,0.0
threshold_delay,faults1,faults1,14,threshold_2,Threshold 2,4,31,13,1,1,0,1.0,,1,32,0,32,0,0,1,,0.0,,0.0,1.0,1.0,0.0,1.0,1.0,0.0
threshold_delay,faults1,faults1,14,threshold_4,Threshold 4,0,31,13,1,1,0,1.0,,1,36,4,36,0,0,1,,0.0,,0.0,1.0,1.0,0.0,1.0,1.0,0.0
threshold_delay,faults1,faults1,14,threshold_4,Threshold 4,1,31,13,1,1,0,1.0,,1,32,0,32,0,0,1,,0.0,,0.0,1.0,1.0,0.0,1.0,1.0,0.0
threshold_delay,faults1,faults1,14,threshold_4,Threshold 4,2,31,13,1,1,0,1.0,,1,32,0,32,0,0,1,,0.0,,0.0,1.0,1.0,0.0,1.0,1.0,0.0
threshold_delay,faults1,faults1,14,threshold_4,Threshold 4,3,31,13,1,1,0,1.0,,1,32,0,32,0,0,1,,0.0,,0.0,1.0,1.0,0.0,1.0,1.0,0.0
threshold_delay,faults1,faults1,14,threshold_4,Threshold 4,4,31,13,1,1,0,1.0,,1,32,0,32,0,0,1,,0.0,,0.0,1.0,1.0,0.0,1.0,1.0,0.0
threshold_delay,faults1,faults1,14,threshold_8,Threshold 8,0,31,13,1,1,0,1.0,,1,40,8,40,0,0,1,,0.0,,0.0,1.0,1.0,0.0,1.0,1.0,0.0
threshold_delay,faults1,faults1,14,threshold_8,Threshold 8,1,31,13,1,1,0,1.0,,1,32,0,32,0,0,1,,0.0,,0.0,1.0,1.0,0.0,1.0,1.0,0.0
threshold_delay,faults1,faults1,14,threshold_8,Threshold 8,2,31,13,1,1,0,1.0,,1,32,0,32,0,0,1,,0.0,,0.0,1.0,1.0,0.0,1.0,1.0,0.0
threshold_delay,faults1,faults1,14,threshold_8,Threshold 8,3,31,13,1,1,0,1.0,,1,32,0,32,0,0,1,,0.0,,0.0,1.0,1.0,0.0,1.0,1.0,0.0
threshold_delay,faults1,faults1,14,threshold_8,Threshold 8,4,31,13,1,1,0,1.0,,1,32,0,32,0,0,1,,0.0,,0.0,1.0,1.0,0.0,1.0,1.0,0.0
threshold_delay,faults1,faults1,14,threshold_16,Threshold 16,0,31,13,1,1,0,1.0,,1,48,16,48,0,0,1,,0.0,,0.0,1.0,1.0,0.0,1.0,1.0,0.0
threshold_delay,faults1,faults1,14,threshold_16,Threshold 16,1,31,13,1,1,0,1.0,,1,32,0,32,0,0,1,,0.0,,0.0,1.0,1.0,0.0,1.0,1.0,0.0
threshold_delay,faults1,faults1,14,threshold_16,Threshold 16,2,31,13,1,1,0,1.0,,1,32,0,32,0,0,1,,0.0,,0.0,1.0,1.0,0.0,1.0,1.0,0.0
threshold_delay,faults1,faults1,14,threshold_16,Threshold 16,3,31,13,1,1,0,1.0,,1,32,0,32,0,0,1,,0.0,,0.0,1.0,1.0,0.0,1.0,1.0,0.0
threshold_delay,faults1,faults1,14,threshold_16,Threshold 16,4,31,13,1,1,0,1.0,,1,32,0,32,0,0,1,,0.0,,0.0,1.0,1.0,0.0,1.0,1.0,0.0
threshold_delay,faults1,faults1,14,threshold_32,Threshold 32,0,31,13,1,1,0,1.0,,1,64,32,64,0,0,1,,0.0,,0.0,1.0,1.0,0.0,1.0,1.0,0.0
threshold_delay,faults1,faults1,14,threshold_32,Threshold 32,1,31,13,1,1,0,1.0,,1,32,0,32,0,0,1,,0.0,,0.0,1.0,1.0,0.0,1.0,1.0,0.0
threshold_delay,faults1,faults1,14,threshold_32,Threshold 32,2,31,13,1,1,0,1.0,,1,32,0,32,0,0,1,,0.0,,0.0,1.0,1.0,0.0,1.0,1.0,0.0
threshold_delay,faults1,faults1,14,threshold_32,Threshold 32,3,31,13,1,1,0,1.0,,1,32,0,32,0,0,1,,0.0,,0.0,1.0,1.0,0.0,1.0,1.0,0.0
threshold_delay,faults1,faults1,14,threshold_32,Threshold 32,4,31,13,1,1,0,1.0,,1,32,0,32,0,0,1,,0.0,,0.0,1.0,1.0,0.0,1.0,1.0,0.0
threshold_delay,faults1,faults1,15,threshold_1,Threshold 1,0,31,13,1,1,0,1.0,,1,33,1,33,0,0,1,,0.0,,0.0,1.0,1.0,0.0,1.0,1.0,0.0
threshold_delay,faults1,faults1,15,threshold_1,Threshold 1,1,31,13,1,1,0,1.0,,1,32,0,32,0,0,1,,0.0,,0.0,1.0,1.0,0.0,1.0,1.0,0.0
threshold_delay,faults1,faults1,15,threshold_1,Threshold 1,2,31,13,1,1,0,1.0,,1,32,0,32,0,0,1,,0.0,,0.0,1.0,1.0,0.0,1.0,1.0,0.0
threshold_delay,faults1,faults1,15,threshold_1,Threshold 1,3,31,13,1,1,0,1.0,,1,32,0,32,0,0,1,,0.0,,0.0,1.0,1.0,0.0,1.0,1.0,0.0
threshold_delay,faults1,faults1,15,threshold_1,Threshold 1,4,31,13,1,1,0,1.0,,1,32,0,32,0,0,1,,0.0,,0.0,1.0,1.0,0.0,1.0,1.0,0.0
threshold_delay,faults1,faults1,15,threshold_2,Threshold 2,0,31,13,1,1,0,1.0,,1,34,2,34,0,0,1,,0.0,,0.0,1.0,1.0,0.0,1.0,1.0,0.0
threshold_delay,faults1,faults1,15,threshold_2,Threshold 2,1,31,13,1,1,0,1.0,,1,32,0,32,0,0,1,,0.0,,0.0,1.0,1.0,0.0,1.0,1.0,0.0
threshold_delay,faults1,faults1,15,threshold_2,Threshold 2,2,31,13,1,1,0,1.0,,1,32,0,32,0,0,1,,0.0,,0.0,1.0,1.0,0.0,1.0,1.0,0.0
threshold_delay,faults1,faults1,15,threshold_2,Threshold 2,3,31,13,1,1,0,1.0,,1,32,0,32,0,0,1,,0.0,,0.0,1.0,1.0,0.0,1.0,1.0,0.0
threshold_delay,faults1,faults1,15,threshold_2,Threshold 2,4,31,13,1,1,0,1.0,,1,32,0,32,0,0,1,,0.0,,0.0,1.0,1.0,0.0,1.0,1.0,0.0
threshold_delay,faults1,faults1,15,threshold_4,Threshold 4,0,31,13,1,1,0,1.0,,1,36,4,36,0,0,1,,0.0,,0.0,1.0,1.0,0.0,1.0,1.0,0.0
threshold_delay,faults1,faults1,15,threshold_4,Threshold 4,1,31,13,1,1,0,1.0,,1,32,0,32,0,0,1,,0.0,,0.0,1.0,1.0,0.0,1.0,1.0,0.0
threshold_delay,faults1,faults1,15,threshold_4,Threshold 4,2,31,13,1,1,0,1.0,,1,32,0,32,0,0,1,,0.0,,0.0,1.0,1.0,0.0,1.0,1.0,0.0
threshold_delay,faults1,faults1,15,threshold_4,Threshold 4,3,31,13,1,1,0,1.0,,1,32,0,32,0,0,1,,0.0,,0.0,1.0,1.0,0.0,1.0,1.0,0.0
threshold_delay,faults1,faults1,15,threshold_4,Threshold 4,4,31,13,1,1,0,1.0,,1,32,0,32,0,0,1,,0.0,,0.0,1.0,1.0,0.0,1.0,1.0,0.0
threshold_delay,faults1,faults1,15,threshold_8,Threshold 8,0,31,13,1,1,0,1.0,,1,40,8,40,0,0,1,,0.0,,0.0,1.0,1.0,0.0,1.0,1.0,0.0
threshold_delay,faults1,faults1,15,threshold_8,Threshold 8,1,31,13,1,1,0,1.0,,1,32,0,32,0,0,1,,0.0,,0.0,1.0,1.0,0.0,1.0,1.0,0.0
threshold_delay,faults1,faults1,15,threshold_8,Threshold 8,2,31,13,1,1,0,1.0,,1,32,0,32,0,0,1,,0.0,,0.0,1.0,1.0,0.0,1.0,1.0,0.0
threshold_delay,faults1,faults1,15,threshold_8,Threshold 8,3,31,13,1,1,0,1.0,,1,32,0,32,0,0,1,,0.0,,0.0,1.0,1.0,0.0,1.0,1.0,0.0
threshold_delay,faults1,faults1,15,threshold_8,Threshold 8,4,31,13,1,1,0,1.0,,1,32,0,32,0,0,1,,0.0,,0.0,1.0,1.0,0.0,1.0,1.0,0.0
threshold_delay,faults1,faults1,15,threshold_16,Threshold 16,0,31,13,1,1,0,1.0,,1,48,16,48,0,0,1,,0.0,,0.0,1.0,1.0,0.0,1.0,1.0,0.0
threshold_delay,faults1,faults1,15,threshold_16,Threshold 16,1,31,13,1,1,0,1.0,,1,32,0,32,0,0,1,,0.0,,0.0,1.0,1.0,0.0,1.0,1.0,0.0
threshold_delay,faults1,faults1,15,threshold_16,Threshold 16,2,31,13,1,1,0,1.0,,1,32,0,32,0,0,1,,0.0,,0.0,1.0,1.0,0.0,1.0,1.0,0.0
threshold_delay,faults1,faults1,15,threshold_16,Threshold 16,3,31,13,1,1,0,1.0,,1,32,0,32,0,0,1,,0.0,,0.0,1.0,1.0,0.0,1.0,1.0,0.0
threshold_delay,faults1,faults1,15,threshold_16,Threshold 16,4,31,13,1,1,0,1.0,,1,32,0,32,0,0,1,,0.0,,0.0,1.0,1.0,0.0,1.0,1.0,0.0
threshold_delay,faults1,faults1,15,threshold_32,Threshold 32,0,31,13,1,1,0,1.0,,1,64,32,64,0,0,1,,0.0,,0.0,1.0,1.0,0.0,1.0,1.0,0.0
threshold_delay,faults1,faults1,15,threshold_32,Threshold 32,1,31,13,1,1,0,1.0,,1,32,0,32,0,0,1,,0.0,,0.0,1.0,1.0,0.0,1.0,1.0,0.0
threshold_delay,faults1,faults1,15,threshold_32,Threshold 32,2,31,13,1,1,0,1.0,,1,32,0,32,0,0,1,,0.0,,0.0,1.0,1.0,0.0,1.0,1.0,0.0
threshold_delay,faults1,faults1,15,threshold_32,Threshold 32,3,31,13,1,1,0,1.0,,1,32,0,32,0,0,1,,0.0,,0.0,1.0,1.0,0.0,1.0,1.0,0.0
threshold_delay,faults1,faults1,15,threshold_32,Threshold 32,4,31,13,1,1,0,1.0,,1,32,0,32,0,0,1,,0.0,,0.0,1.0,1.0,0.0,1.0,1.0,0.0
threshold_delay,faults1,faults1,16,threshold_1,Threshold 1,0,31,13,1,1,0,1.0,,1,33,1,33,0,0,1,,0.0,,0.0,1.0,1.0,0.0,1.0,1.0,0.0
threshold_delay,faults1,faults1,16,threshold_1,Threshold 1,1,31,13,1,1,0,1.0,,1,32,0,32,0,0,1,,0.0,,0.0,1.0,1.0,0.0,1.0,1.0,0.0
threshold_delay,faults1,faults1,16,threshold_1,Threshold 1,2,31,13,1,1,0,1.0,,1,32,0,32,0,0,1,,0.0,,0.0,1.0,1.0,0.0,1.0,1.0,0.0
threshold_delay,faults1,faults1,16,threshold_1,Threshold 1,3,31,13,1,1,0,1.0,,1,32,0,32,0,0,1,,0.0,,0.0,1.0,1.0,0.0,1.0,1.0,0.0
threshold_delay,faults1,faults1,16,threshold_1,Threshold 1,4,31,13,1,1,0,1.0,,1,32,0,32,0,0,1,,0.0,,0.0,1.0,1.0,0.0,1.0,1.0,0.0
threshold_delay,faults1,faults1,16,threshold_2,Threshold 2,0,31,13,1,1,0,1.0,,1,34,2,34,0,0,1,,0.0,,0.0,1.0,1.0,0.0,1.0,1.0,0.0
threshold_delay,faults1,faults1,16,threshold_2,Threshold 2,1,31,13,1,1,0,1.0,,1,32,0,32,0,0,1,,0.0,,0.0,1.0,1.0,0.0,1.0,1.0,0.0
threshold_delay,faults1,faults1,16,threshold_2,Threshold 2,2,31,13,1,1,0,1.0,,1,32,0,32,0,0,1,,0.0,,0.0,1.0,1.0,0.0,1.0,1.0,0.0
threshold_delay,faults1,faults1,16,threshold_2,Threshold 2,3,31,13,1,1,0,1.0,,1,32,0,32,0,0,1,,0.0,,0.0,1.0,1.0,0.0,1.0,1.0,0.0
threshold_delay,faults1,faults1,16,threshold_2,Threshold 2,4,31,13,1,1,0,1.0,,1,32,0,32,0,0,1,,0.0,,0.0,1.0,1.0,0.0,1.0,1.0,0.0
threshold_delay,faults1,faults1,16,threshold_4,Threshold 4,0,31,13,1,1,0,1.0,,1,36,4,36,0,0,1,,0.0,,0.0,1.0,1.0,0.0,1.0,1.0,0.0
threshold_delay,faults1,faults1,16,threshold_4,Threshold 4,1,31,13,1,1,0,1.0,,1,32,0,32,0,0,1,,0.0,,0.0,1.0,1.0,0.0,1.0,1.0,0.0
threshold_delay,faults1,faults1,16,threshold_4,Threshold 4,2,31,13,1,1,0,1.0,,1,32,0,32,0,0,1,,0.0,,0.0,1.0,1.0,0.0,1.0,1.0,0.0
threshold_delay,faults1,faults1,16,threshold_4,Threshold 4,3,31,13,1,1,0,1.0,,1,32,0,32,0,0,1,,0.0,,0.0,1.0,1.0,0.0,1.0,1.0,0.0
threshold_delay,faults1,faults1,16,threshold_4,Threshold 4,4,31,13,1,1,0,1.0,,1,32,0,32,0,0,1,,0.0,,0.0,1.0,1.0,0.0,1.0,1.0,0.0
threshold_delay,faults1,faults1,16,threshold_8,Threshold 8,0,31,13,1,1,0,1.0,,1,40,8,40,0,0,1,,0.0,,0.0,1.0,1.0,0.0,1.0,1.0,0.0
threshold_delay,faults1,faults1,16,threshold_8,Threshold 8,1,31,13,1,1,0,1.0,,1,32,0,32,0,0,1,,0.0,,0.0,1.0,1.0,0.0,1.0,1.0,0.0
threshold_delay,faults1,faults1,16,threshold_8,Threshold 8,2,31,13,1,1,0,1.0,,1,32,0,32,0,0,1,,0.0,,0.0,1.0,1.0,0.0,1.0,1.0,0.0
threshold_delay,faults1,faults1,16,threshold_8,Threshold 8,3,31,13,1,1,0,1.0,,1,32,0,32,0,0,1,,0.0,,0.0,1.0,1.0,0.0,1.0,1.0,0.0
threshold_delay,faults1,faults1,16,threshold_8,Threshold 8,4,31,13,1,1,0,1.0,,1,32,0,32,0,0,1,,0.0,,0.0,1.0,1.0,0.0,1.0,1.0,0.0
threshold_delay,faults1,faults1,16,threshold_16,Threshold 16,0,31,13,1,1,0,1.0,,1,48,16,48,0,0,1,,0.0,,0.0,1.0,1.0,0.0,1.0,1.0,0.0
threshold_delay,faults1,faults1,16,threshold_16,Threshold 16,1,31,13,1,1,0,1.0,,1,32,0,32,0,0,1,,0.0,,0.0,1.0,1.0,0.0,1.0,1.0,0.0
threshold_delay,faults1,faults1,16,threshold_16,Threshold 16,2,31,13,1,1,0,1.0,,1,32,0,32,0,0,1,,0.0,,0.0,1.0,1.0,0.0,1.0,1.0,0.0
threshold_delay,faults1,faults1,16,threshold_16,Threshold 16,3,31,13,1,1,0,1.0,,1,32,0,32,0,0,1,,0.0,,0.0,1.0,1.0,0.0,1.0,1.0,0.0
threshold_delay,faults1,faults1,16,threshold_16,Threshold 16,4,31,13,1,1,0,1.0,,1,32,0,32,0,0,1,,0.0,,0.0,1.0,1.0,0.0,1.0,1.0,0.0
threshold_delay,faults1,faults1,16,threshold_32,Threshold 32,0,31,13,1,1,0,1.0,,1,64,32,64,0,0,1,,0.0,,0.0,1.0,1.0,0.0,1.0,1.0,0.0
threshold_delay,faults1,faults1,16,threshold_32,Threshold 32,1,31,13,1,1,0,1.0,,1,32,0,32,0,0,1,,0.0,,0.0,1.0,1.0,0.0,1.0,1.0,0.0
threshold_delay,faults1,faults1,16,threshold_32,Threshold 32,2,31,13,1,1,0,1.0,,1,32,0,32,0,0,1,,0.0,,0.0,1.0,1.0,0.0,1.0,1.0,0.0
threshold_delay,faults1,faults1,16,threshold_32,Threshold 32,3,31,13,1,1,0,1.0,,1,32,0,32,0,0,1,,0.0,,0.0,1.0,1.0,0.0,1.0,1.0,0.0
threshold_delay,faults1,faults1,16,threshold_32,Threshold 32,4,31,13,1,1,0,1.0,,1,32,0,32,0,0,1,,0.0,,0.0,1.0,1.0,0.0,1.0,1.0,0.0
threshold_delay,faults1,faults1,17,threshold_1,Threshold 1,0,31,13,1,1,0,1.0,,1,33,1,33,0,0,1,,0.0,,0.0,1.0,1.0,0.0,1.0,1.0,0.0
threshold_delay,faults1,faults1,17,threshold_1,Threshold 1,1,31,13,1,1,0,1.0,,1,32,0,32,0,0,1,,0.0,,0.0,1.0,1.0,0.0,1.0,1.0,0.0
threshold_delay,faults1,faults1,17,threshold_1,Threshold 1,2,31,13,1,1,0,1.0,,1,32,0,32,0,0,1,,0.0,,0.0,1.0,1.0,0.0,1.0,1.0,0.0
threshold_delay,faults1,faults1,17,threshold_1,Threshold 1,3,31,13,1,1,0,1.0,,1,32,0,32,0,0,1,,0.0,,0.0,1.0,1.0,0.0,1.0,1.0,0.0
threshold_delay,faults1,faults1,17,threshold_1,Threshold 1,4,31,13,1,1,0,1.0,,1,32,0,32,0,0,1,,0.0,,0.0,1.0,1.0,0.0,1.0,1.0,0.0
threshold_delay,faults1,faults1,17,threshold_2,Threshold 2,0,31,13,1,1,0,1.0,,1,34,2,34,0,0,1,,0.0,,0.0,1.0,1.0,0.0,1.0,1.0,0.0
threshold_delay,faults1,faults1,17,threshold_2,Threshold 2,1,31,13,1,1,0,1.0,,1,32,0,32,0,0,1,,0.0,,0.0,1.0,1.0,0.0,1.0,1.0,0.0
threshold_delay,faults1,faults1,17,threshold_2,Threshold 2,2,31,13,1,1,0,1.0,,1,32,0,32,0,0,1,,0.0,,0.0,1.0,1.0,0.0,1.0,1.0,0.0
threshold_delay,faults1,faults1,17,threshold_2,Threshold 2,3,31,13,1,1,0,1.0,,1,32,0,32,0,0,1,,0.0,,0.0,1.0,1.0,0.0,1.0,1.0,0.0
threshold_delay,faults1,faults1,17,threshold_2,Threshold 2,4,31,13,1,1,0,1.0,,1,32,0,32,0,0,1,,0.0,,0.0,1.0,1.0,0.0,1.0,1.0,0.0
threshold_delay,faults1,faults1,17,threshold_4,Threshold 4,0,31,13,1,1,0,1.0,,1,36,4,36,0,0,1,,0.0,,0.0,1.0,1.0,0.0,1.0,1.0,0.0
threshold_delay,faults1,faults1,17,threshold_4,Threshold 4,1,31,13,1,1,0,1.0,,1,32,0,32,0,0,1,,0.0,,0.0,1.0,1.0,0.0,1.0,1.0,0.0
threshold_delay,faults1,faults1,17,threshold_4,Threshold 4,2,31,13,1,1,0,1.0,,1,32,0,32,0,0,1,,0.0,,0.0,1.0,1.0,0.0,1.0,1.0,0.0
threshold_delay,faults1,faults1,17,threshold_4,Threshold 4,3,31,13,1,1,0,1.0,,1,32,0,32,0,0,1,,0.0,,0.0,1.0,1.0,0.0,1.0,1.0,0.0
threshold_delay,faults1,faults1,17,threshold_4,Threshold 4,4,31,13,1,1,0,1.0,,1,32,0,32,0,0,1,,0.0,,0.0,1.0,1.0,0.0,1.0,1.0,0.0
threshold_delay,faults1,faults1,17,threshold_8,Threshold 8,0,31,13,1,1,0,1.0,,1,40,8,40,0,0,1,,0.0,,0.0,1.0,1.0,0.0,1.0,1.0,0.0
threshold_delay,faults1,faults1,17,threshold_8,Threshold 8,1,31,13,1,1,0,1.0,,1,32,0,32,0,0,1,,0.0,,0.0,1.0,1.0,0.0,1.0,1.0,0.0
threshold_delay,faults1,faults1,17,threshold_8,Threshold 8,2,31,13,1,1,0,1.0,,1,32,0,32,0,0,1,,0.0,,0.0,1.0,1.0,0.0,1.0,1.0,0.0
threshold_delay,faults1,faults1,17,threshold_8,Threshold 8,3,31,13,1,1,0,1.0,,1,32,0,32,0,0,1,,0.0,,0.0,1.0,1.0,0.0,1.0,1.0,0.0
threshold_delay,faults1,faults1,17,threshold_8,Threshold 8,4,31,13,1,1,0,1.0,,1,32,0,32,0,0,1,,0.0,,0.0,1.0,1.0,0.0,1.0,1.0,0.0
threshold_delay,faults1,faults1,17,threshold_16,Threshold 16,0,31,13,1,1,0,1.0,,1,48,16,48,0,0,1,,0.0,,0.0,1.0,1.0,0.0,1.0,1.0,0.0
threshold_delay,faults1,faults1,17,threshold_16,Threshold 16,1,31,13,1,1,0,1.0,,1,32,0,32,0,0,1,,0.0,,0.0,1.0,1.0,0.0,1.0,1.0,0.0
threshold_delay,faults1,faults1,17,threshold_16,Threshold 16,2,31,13,1,1,0,1.0,,1,32,0,32,0,0,1,,0.0,,0.0,1.0,1.0,0.0,1.0,1.0,0.0
threshold_delay,faults1,faults1,17,threshold_16,Threshold 16,3,31,13,1,1,0,1.0,,1,32,0,32,0,0,1,,0.0,,0.0,1.0,1.0,0.0,1.0,1.0,0.0
threshold_delay,faults1,faults1,17,threshold_16,Threshold 16,4,31,13,1,1,0,1.0,,1,32,0,32,0,0,1,,0.0,,0.0,1.0,1.0,0.0,1.0,1.0,0.0
threshold_delay,faults1,faults1,17,threshold_32,Threshold 32,0,31,13,1,1,0,1.0,,1,64,32,64,0,0,1,,0.0,,0.0,1.0,1.0,0.0,1.0,1.0,0.0
threshold_delay,faults1,faults1,17,threshold_32,Threshold 32,1,31,13,1,1,0,1.0,,1,32,0,32,0,0,1,,0.0,,0.0,1.0,1.0,0.0,1.0,1.0,0.0
threshold_delay,faults1,faults1,17,threshold_32,Threshold 32,2,31,13,1,1,0,1.0,,1,32,0,32,0,0,1,,0.0,,0.0,1.0,1.0,0.0,1.0,1.0,0.0
threshold_delay,faults1,faults1,17,threshold_32,Threshold 32,3,31,13,1,1,0,1.0,,1,32,0,32,0,0,1,,0.0,,0.0,1.0,1.0,0.0,1.0,1.0,0.0
threshold_delay,faults1,faults1,17,threshold_32,Threshold 32,4,31,13,1,1,0,1.0,,1,32,0,32,0,0,1,,0.0,,0.0,1.0,1.0,0.0,1.0,1.0,0.0
threshold_delay,faults1,faults1,18,threshold_1,Threshold 1,0,31,13,1,1,0,1.0,,1,33,1,33,0,0,1,,0.0,,0.0,1.0,1.0,0.0,1.0,1.0,0.0
threshold_delay,faults1,faults1,18,threshold_1,Threshold 1,1,31,13,1,1,0,1.0,,1,32,0,32,0,0,1,,0.0,,0.0,1.0,1.0,0.0,1.0,1.0,0.0
threshold_delay,faults1,faults1,18,threshold_1,Threshold 1,2,31,13,1,1,0,1.0,,1,32,0,32,0,0,1,,0.0,,0.0,1.0,1.0,0.0,1.0,1.0,0.0
threshold_delay,faults1,faults1,18,threshold_1,Threshold 1,3,31,13,1,1,0,1.0,,1,32,0,32,0,0,1,,0.0,,0.0,1.0,1.0,0.0,1.0,1.0,0.0
threshold_delay,faults1,faults1,18,threshold_1,Threshold 1,4,31,13,1,1,0,1.0,,1,32,0,32,0,0,1,,0.0,,0.0,1.0,1.0,0.0,1.0,1.0,0.0
threshold_delay,faults1,faults1,18,threshold_2,Threshold 2,0,31,13,1,1,0,1.0,,1,34,2,34,0,0,1,,0.0,,0.0,1.0,1.0,0.0,1.0,1.0,0.0
threshold_delay,faults1,faults1,18,threshold_2,Threshold 2,1,31,13,1,1,0,1.0,,1,32,0,32,0,0,1,,0.0,,0.0,1.0,1.0,0.0,1.0,1.0,0.0
threshold_delay,faults1,faults1,18,threshold_2,Threshold 2,2,31,13,1,1,0,1.0,,1,32,0,32,0,0,1,,0.0,,0.0,1.0,1.0,0.0,1.0,1.0,0.0
threshold_delay,faults1,faults1,18,threshold_2,Threshold 2,3,31,13,1,1,0,1.0,,1,32,0,32,0,0,1,,0.0,,0.0,1.0,1.0,0.0,1.0,1.0,0.0
threshold_delay,faults1,faults1,18,threshold_2,Threshold 2,4,31,13,1,1,0,1.0,,1,32,0,32,0,0,1,,0.0,,0.0,1.0,1.0,0.0,1.0,1.0,0.0
threshold_delay,faults1,faults1,18,threshold_4,Threshold 4,0,31,13,1,1,0,1.0,,1,36,4,36,0,0,1,,0.0,,0.0,1.0,1.0,0.0,1.0,1.0,0.0
threshold_delay,faults1,faults1,18,threshold_4,Threshold 4,1,31,13,1,1,0,1.0,,1,32,0,32,0,0,1,,0.0,,0.0,1.0,1.0,0.0,1.0,1.0,0.0
threshold_delay,faults1,faults1,18,threshold_4,Threshold 4,2,31,13,1,1,0,1.0,,1,32,0,32,0,0,1,,0.0,,0.0,1.0,1.0,0.0,1.0,1.0,0.0
threshold_delay,faults1,faults1,18,threshold_4,Threshold 4,3,31,13,1,1,0,1.0,,1,32,0,32,0,0,1,,0.0,,0.0,1.0,1.0,0.0,1.0,1.0,0.0
threshold_delay,faults1,faults1,18,threshold_4,Threshold 4,4,31,13,1,1,0,1.0,,1,32,0,32,0,0,1,,0.0,,0.0,1.0,1.0,0.0,1.0,1.0,0.0
threshold_delay,faults1,faults1,18,threshold_8,Threshold 8,0,31,13,1,1,0,1.0,,1,40,8,40,0,0,1,,0.0,,0.0,1.0,1.0,0.0,1.0,1.0,0.0
threshold_delay,faults1,faults1,18,threshold_8,Threshold 8,1,31,13,1,1,0,1.0,,1,32,0,32,0,0,1,,0.0,,0.0,1.0,1.0,0.0,1.0,1.0,0.0
threshold_delay,faults1,faults1,18,threshold_8,Threshold 8,2,31,13,1,1,0,1.0,,1,32,0,32,0,0,1,,0.0,,0.0,1.0,1.0,0.0,1.0,1.0,0.0
threshold_delay,faults1,faults1,18,threshold_8,Threshold 8,3,31,13,1,1,0,1.0,,1,32,0,32,0,0,1,,0.0,,0.0,1.0,1.0,0.0,1.0,1.0,0.0
threshold_delay,faults1,faults1,18,threshold_8,Threshold 8,4,31,13,1,1,0,1.0,,1,32,0,32,0,0,1,,0.0,,0.0,1.0,1.0,0.0,1.0,1.0,0.0
threshold_delay,faults1,faults1,18,threshold_16,Threshold 16,0,31,13,1,1,0,1.0,,1,48,16,48,0,0,1,,0.0,,0.0,1.0,1.0,0.0,1.0,1.0,0.0
threshold_delay,faults1,faults1,18,threshold_16,Threshold 16,1,31,13,1,1,0,1.0,,1,32,0,32,0,0,1,,0.0,,0.0,1.0,1.0,0.0,1.0,1.0,0.0
threshold_delay,faults1,faults1,18,threshold_16,Threshold 16,2,31,13,1,1,0,1.0,,1,32,0,32,0,0,1,,0.0,,0.0,1.0,1.0,0.0,1.0,1.0,0.0
threshold_delay,faults1,faults1,18,threshold_16,Threshold 16,3,31,13,1,1,0,1.0,,1,32,0,32,0,0,1,,0.0,,0.0,1.0,1.0,0.0,1.0,1.0,0.0
threshold_delay,faults1,faults1,18,threshold_16,Threshold 16,4,31,13,1,1,0,1.0,,1,32,0,32,0,0,1,,0.0,,0.0,1.0,1.0,0.0,1.0,1.0,0.0
threshold_delay,faults1,faults1,18,threshold_32,Threshold 32,0,31,13,1,1,0,1.0,,1,64,32,64,0,0,1,,0.0,,0.0,1.0,1.0,0.0,1.0,1.0,0.0
threshold_delay,faults1,faults1,18,threshold_32,Threshold 32,1,31,13,1,1,0,1.0,,1,32,0,32,0,0,1,,0.0,,0.0,1.0,1.0,0.0,1.0,1.0,0.0
threshold_delay,faults1,faults1,18,threshold_32,Threshold 32,2,31,13,1,1,0,1.0,,1,32,0,32,0,0,1,,0.0,,0.0,1.0,1.0,0.0,1.0,1.0,0.0
threshold_delay,faults1,faults1,18,threshold_32,Threshold 32,3,31,13,1,1,0,1.0,,1,32,0,32,0,0,1,,0.0,,0.0,1.0,1.0,0.0,1.0,1.0,0.0
threshold_delay,faults1,faults1,18,threshold_32,Threshold 32,4,31,13,1,1,0,1.0,,1,32,0,32,0,0,1,,0.0,,0.0,1.0,1.0,0.0,1.0,1.0,0.0
threshold_delay,faults1,faults1,19,threshold_1,Threshold 1,0,31,13,1,1,0,1.0,,1,33,1,33,0,0,1,,0.0,,0.0,1.0,1.0,0.0,1.0,1.0,0.0
threshold_delay,faults1,faults1,19,threshold_1,Threshold 1,1,31,13,1,1,0,1.0,,1,32,0,32,0,0,1,,0.0,,0.0,1.0,1.0,0.0,1.0,1.0,0.0
threshold_delay,faults1,faults1,19,threshold_1,Threshold 1,2,31,13,1,1,0,1.0,,1,32,0,32,0,0,1,,0.0,,0.0,1.0,1.0,0.0,1.0,1.0,0.0
threshold_delay,faults1,faults1,19,threshold_1,Threshold 1,3,31,13,1,1,0,1.0,,1,32,0,32,0,0,1,,0.0,,0.0,1.0,1.0,0.0,1.0,1.0,0.0
threshold_delay,faults1,faults1,19,threshold_1,Threshold 1,4,31,13,1,1,0,1.0,,1,32,0,32,0,0,1,,0.0,,0.0,1.0,1.0,0.0,1.0,1.0,0.0
threshold_delay,faults1,faults1,19,threshold_2,Threshold 2,0,31,13,1,1,0,1.0,,1,34,2,34,0,0,1,,0.0,,0.0,1.0,1.0,0.0,1.0,1.0,0.0
threshold_delay,faults1,faults1,19,threshold_2,Threshold 2,1,31,13,1,1,0,1.0,,1,32,0,32,0,0,1,,0.0,,0.0,1.0,1.0,0.0,1.0,1.0,0.0
threshold_delay,faults1,faults1,19,threshold_2,Threshold 2,2,31,13,1,1,0,1.0,,1,32,0,32,0,0,1,,0.0,,0.0,1.0,1.0,0.0,1.0,1.0,0.0
threshold_delay,faults1,faults1,19,threshold_2,Threshold 2,3,31,13,1,1,0,1.0,,1,32,0,32,0,0,1,,0.0,,0.0,1.0,1.0,0.0,1.0,1.0,0.0
threshold_delay,faults1,faults1,19,threshold_2,Threshold 2,4,31,13,1,1,0,1.0,,1,32,0,32,0,0,1,,0.0,,0.0,1.0,1.0,0.0,1.0,1.0,0.0
threshold_delay,faults1,faults1,19,threshold_4,Threshold 4,0,31,13,1,1,0,1.0,,1,36,4,36,0,0,1,,0.0,,0.0,1.0,1.0,0.0,1.0,1.0,0.0
threshold_delay,faults1,faults1,19,threshold_4,Threshold 4,1,31,13,1,1,0,1.0,,1,32,0,32,0,0,1,,0.0,,0.0,1.0,1.0,0.0,1.0,1.0,0.0
threshold_delay,faults1,faults1,19,threshold_4,Threshold 4,2,31,13,1,1,0,1.0,,1,32,0,32,0,0,1,,0.0,,0.0,1.0,1.0,0.0,1.0,1.0,0.0
threshold_delay,faults1,faults1,19,threshold_4,Threshold 4,3,31,13,1,1,0,1.0,,1,32,0,32,0,0,1,,0.0,,0.0,1.0,1.0,0.0,1.0,1.0,0.0
threshold_delay,faults1,faults1,19,threshold_4,Threshold 4,4,31,13,1,1,0,1.0,,1,32,0,32,0,0,1,,0.0,,0.0,1.0,1.0,0.0,1.0,1.0,0.0
threshold_delay,faults1,faults1,19,threshold_8,Threshold 8,0,31,13,1,1,0,1.0,,1,40,8,40,0,0,1,,0.0,,0.0,1.0,1.0,0.0,1.0,1.0,0.0
threshold_delay,faults1,faults1,19,threshold_8,Threshold 8,1,31,13,1,1,0,1.0,,1,32,0,32,0,0,1,,0.0,,0.0,1.0,1.0,0.0,1.0,1.0,0.0
threshold_delay,faults1,faults1,19,threshold_8,Threshold 8,2,31,13,1,1,0,1.0,,1,32,0,32,0,0,1,,0.0,,0.0,1.0,1.0,0.0,1.0,1.0,0.0
threshold_delay,faults1,faults1,19,threshold_8,Threshold 8,3,31,13,1,1,0,1.0,,1,32,0,32,0,0,1,,0.0,,0.0,1.0,1.0,0.0,1.0,1.0,0.0
threshold_delay,faults1,faults1,19,threshold_8,Threshold 8,4,31,13,1,1,0,1.0,,1,32,0,32,0,0,1,,0.0,,0.0,1.0,1.0,0.0,1.0,1.0,0.0
threshold_delay,faults1,faults1,19,threshold_16,Threshold 16,0,31,13,1,1,0,1.0,,1,48,16,48,0,0,1,,0.0,,0.0,1.0,1.0,0.0,1.0,1.0,0.0
threshold_delay,faults1,faults1,19,threshold_16,Threshold 16,1,31,13,1,1,0,1.0,,1,32,0,32,0,0,1,,0.0,,0.0,1.0,1.0,0.0,1.0,1.0,0.0
threshold_delay,faults1,faults1,19,threshold_16,Threshold 16,2,31,13,1,1,0,1.0,,1,32,0,32,0,0,1,,0.0,,0.0,1.0,1.0,0.0,1.0,1.0,0.0
threshold_delay,faults1,faults1,19,threshold_16,Threshold 16,3,31,13,1,1,0,1.0,,1,32,0,32,0,0,1,,0.0,,0.0,1.0,1.0,0.0,1.0,1.0,0.0
threshold_delay,faults1,faults1,19,threshold_16,Threshold 16,4,31,13,1,1,0,1.0,,1,32,0,32,0,0,1,,0.0,,0.0,1.0,1.0,0.0,1.0,1.0,0.0
threshold_delay,faults1,faults1,19,threshold_32,Threshold 32,0,31,13,1,1,0,1.0,,1,64,32,64,0,0,1,,0.0,,0.0,1.0,1.0,0.0,1.0,1.0,0.0
threshold_delay,faults1,faults1,19,threshold_32,Threshold 32,1,31,13,1,1,0,1.0,,1,32,0,32,0,0,1,,0.0,,0.0,1.0,1.0,0.0,1.0,1.0,0.0
threshold_delay,faults1,faults1,19,threshold_32,Threshold 32,2,31,13,1,1,0,1.0,,1,32,0,32,0,0,1,,0.0,,0.0,1.0,1.0,0.0,1.0,1.0,0.0
threshold_delay,faults1,faults1,19,threshold_32,Threshold 32,3,31,13,1,1,0,1.0,,1,32,0,32,0,0,1,,0.0,,0.0,1.0,1.0,0.0,1.0,1.0,0.0
threshold_delay,faults1,faults1,19,threshold_32,Threshold 32,4,31,13,1,1,0,1.0,,1,32,0,32,0,0,1,,0.0,,0.0,1.0,1.0,0.0,1.0,1.0,0.0
threshold_delay,faults3,faults3,0,threshold_1,Threshold 1,0,31,13,3,3,0,1.0,,1,33,1,33,0,0,1,,0.0012406947890818859,,0.01934984520123839,1.0,1.0,0.0,1.0,0.3333333333333333,0.0
threshold_delay,faults3,faults3,0,threshold_1,Threshold 1,1,31,13,3,3,0,1.0,,1,32,0,32,0,0,1,,0.0012406947890818859,,0.01934984520123839,1.0,1.0,0.0,1.0,0.3333333333333333,0.0
threshold_delay,faults3,faults3,0,threshold_1,Threshold 1,2,31,13,3,3,0,1.0,,1,32,0,32,0,0,1,,0.0012406947890818859,,0.01934984520123839,1.0,1.0,0.0,1.0,0.3333333333333333,0.0
threshold_delay,faults3,faults3,0,threshold_1,Threshold 1,3,31,13,3,3,0,1.0,,1,32,0,32,0,0,1,,0.0012406947890818859,,0.01934984520123839,1.0,1.0,0.0,1.0,0.3333333333333333,0.0
threshold_delay,faults3,faults3,0,threshold_1,Threshold 1,4,31,13,3,3,0,1.0,,1,32,0,32,0,0,1,,0.0012406947890818859,,0.01934984520123839,1.0,1.0,0.0,1.0,0.3333333333333333,0.0
threshold_delay,faults3,faults3,0,threshold_2,Threshold 2,0,31,13,3,3,0,1.0,,1,34,2,34,0,0,1,,0.0012406947890818859,,0.01934984520123839,1.0,1.0,0.0,1.0,0.3333333333333333,0.0
threshold_delay,faults3,faults3,0,threshold_2,Threshold 2,1,31,13,3,3,0,1.0,,1,32,0,32,0,0,1,,0.0012406947890818859,,0.01934984520123839,1.0,1.0,0.0,1.0,0.3333333333333333,0.0
threshold_delay,faults3,faults3,0,threshold_2,Threshold 2,2,31,13,3,3,0,1.0,,1,32,0,32,0,0,1,,0.0012406947890818859,,0.01934984520123839,1.0,1.0,0.0,1.0,0.3333333333333333,0.0
threshold_delay,faults3,faults3,0,threshold_2,Threshold 2,3,31,13,3,3,0,1.0,,1,32,0,32,0,0,1,,0.0012406947890818859,,0.01934984520123839,1.0,1.0,0.0,1.0,0.3333333333333333,0.0
threshold_delay,faults3,faults3,0,threshold_2,Threshold 2,4,31,13,3,3,0,1.0,,1,32,0,32,0,0,1,,0.0012406947890818859,,0.01934984520123839,1.0,1.0,0.0,1.0,0.3333333333333333,0.0
threshold_delay,faults3,faults3,0,threshold_4,Threshold 4,0,31,13,3,3,0,1.0,,1,36,4,36,0,0,1,,0.0012406947890818859,,0.01934984520123839,1.0,1.0,0.0,1.0,0.3333333333333333,0.0
threshold_delay,faults3,faults3,0,threshold_4,Threshold 4,1,31,13,3,3,0,1.0,,1,32,0,32,0,0,1,,0.0012406947890818859,,0.01934984520123839,1.0,1.0,0.0,1.0,0.3333333333333333,0.0
threshold_delay,faults3,faults3,0,threshold_4,Threshold 4,2,31,13,3,3,0,1.0,,1,32,0,32,0,0,1,,0.0012406947890818859,,0.01934984520123839,1.0,1.0,0.0,1.0,0.3333333333333333,0.0
threshold_delay,faults3,faults3,0,threshold_4,Threshold 4,3,31,13,3,3,0,1.0,,1,32,0,32,0,0,1,,0.0012406947890818859,,0.01934984520123839,1.0,1.0,0.0,1.0,0.3333333333333333,0.0
threshold_delay,faults3,faults3,0,threshold_4,Threshold 4,4,31,13,3,3,0,1.0,,1,32,0,32,0,0,1,,0.0012406947890818859,,0.01934984520123839,1.0,1.0,0.0,1.0,0.3333333333333333,0.0
threshold_delay,faults3,faults3,0,threshold_8,Threshold 8,0,31,13,3,3,0,1.0,,1,40,8,40,0,0,1,,0.0012406947890818859,,0.01934984520123839,1.0,1.0,0.0,1.0,0.3333333333333333,0.0
threshold_delay,faults3,faults3,0,threshold_8,Threshold 8,1,31,13,3,3,0,1.0,,1,32,0,32,0,0,1,,0.0012406947890818859,,0.01934984520123839,1.0,1.0,0.0,1.0,0.3333333333333333,0.0
threshold_delay,faults3,faults3,0,threshold_8,Threshold 8,2,31,13,3,3,0,1.0,,1,32,0,32,0,0,1,,0.0012406947890818859,,0.01934984520123839,1.0,1.0,0.0,1.0,0.3333333333333333,0.0
threshold_delay,faults3,faults3,0,threshold_8,Threshold 8,3,31,13,3,3,0,1.0,,1,32,0,32,0,0,1,,0.0012406947890818859,,0.01934984520123839,1.0,1.0,0.0,1.0,0.3333333333333333,0.0
threshold_delay,faults3,faults3,0,threshold_8,Threshold 8,4,31,13,3,3,0,1.0,,1,32,0,32,0,0,1,,0.0012406947890818859,,0.01934984520123839,1.0,1.0,0.0,1.0,0.3333333333333333,0.0
threshold_delay,faults3,faults3,0,threshold_16,Threshold 16,0,31,13,3,3,0,1.0,,1,48,16,48,0,0,1,,0.0012406947890818859,,0.01934984520123839,1.0,1.0,0.0,1.0,0.3333333333333333,0.0
threshold_delay,faults3,faults3,0,threshold_16,Threshold 16,1,31,13,3,3,0,1.0,,1,32,0,32,0,0,1,,0.0012406947890818859,,0.01934984520123839,1.0,1.0,0.0,1.0,0.3333333333333333,0.0
threshold_delay,faults3,faults3,0,threshold_16,Threshold 16,2,31,13,3,3,0,1.0,,1,32,0,32,0,0,1,,0.0012406947890818859,,0.01934984520123839,1.0,1.0,0.0,1.0,0.3333333333333333,0.0
threshold_delay,faults3,faults3,0,threshold_16,Threshold 16,3,31,13,3,3,0,1.0,,1,32,0,32,0,0,1,,0.0012406947890818859,,0.01934984520123839,1.0,1.0,0.0,1.0,0.3333333333333333,0.0
threshold_delay,faults3,faults3,0,threshold_16,Threshold 16,4,31,13,3,3,0,1.0,,1,32,0,32,0,0,1,,0.0012406947890818859,,0.01934984520123839,1.0,1.0,0.0,1.0,0.3333333333333333,0.0
threshold_delay,faults3,faults3,0,threshold_32,Threshold 32,0,31,13,3,3,0,1.0,,1,64,32,64,0,0,1,,0.0012406947890818859,,0.01934984520123839,1.0,1.0,0.0,1.0,0.3333333333333333,0.0
threshold_delay,faults3,faults3,0,threshold_32,Threshold 32,1,31,13,3,3,0,1.0,,1,32,0,32,0,0,1,,0.0012406947890818859,,0.01934984520123839,1.0,1.0,0.0,1.0,0.3333333333333333,0.0
threshold_delay,faults3,faults3,0,threshold_32,Threshold 32,2,31,13,3,3,0,1.0,,1,32,0,32,0,0,1,,0.0012406947890818859,,0.01934984520123839,1.0,1.0,0.0,1.0,0.3333333333333333,0.0
threshold_delay,faults3,faults3,0,threshold_32,Threshold 32,3,31,13,3,3,0,1.0,,1,32,0,32,0,0,1,,0.0012406947890818859,,0.01934984520123839,1.0,1.0,0.0,1.0,0.3333333333333333,0.0
threshold_delay,faults3,faults3,0,threshold_32,Threshold 32,4,31,13,3,3,0,1.0,,1,32,0,32,0,0,1,,0.0012406947890818859,,0.01934984520123839,1.0,1.0,0.0,1.0,0.3333333333333333,0.0
threshold_delay,faults3,faults3,1,threshold_1,Threshold 1,0,31,13,3,3,0,1.0,,1,33,1,33,0,0,1,,0.0012406947890818859,,0.01934984520123839,1.0,1.0,0.0,1.0,0.3333333333333333,0.0
threshold_delay,faults3,faults3,1,threshold_1,Threshold 1,1,31,13,3,3,0,1.0,,1,32,0,32,0,0,1,,0.0012406947890818859,,0.01934984520123839,1.0,1.0,0.0,1.0,0.3333333333333333,0.0
threshold_delay,faults3,faults3,1,threshold_1,Threshold 1,2,31,13,3,3,0,1.0,,1,32,0,32,0,0,1,,0.0012406947890818859,,0.01934984520123839,1.0,1.0,0.0,1.0,0.3333333333333333,0.0
threshold_delay,faults3,faults3,1,threshold_1,Threshold 1,3,31,13,3,3,0,1.0,,1,32,0,32,0,0,1,,0.0012406947890818859,,0.01934984520123839,1.0,1.0,0.0,1.0,0.3333333333333333,0.0
threshold_delay,faults3,faults3,1,threshold_1,Threshold 1,4,31,13,3,3,0,1.0,,1,32,0,32,0,0,1,,0.0012406947890818859,,0.01934984520123839,1.0,1.0,0.0,1.0,0.3333333333333333,0.0
threshold_delay,faults3,faults3,1,threshold_2,Threshold 2,0,31,13,3,3,0,1.0,,1,34,2,34,0,0,1,,0.0012406947890818859,,0.01934984520123839,1.0,1.0,0.0,1.0,0.3333333333333333,0.0
threshold_delay,faults3,faults3,1,threshold_2,Threshold 2,1,31,13,3,3,0,1.0,,1,32,0,32,0,0,1,,0.0012406947890818859,,0.01934984520123839,1.0,1.0,0.0,1.0,0.3333333333333333,0.0
threshold_delay,faults3,faults3,1,threshold_2,Threshold 2,2,31,13,3,3,0,1.0,,1,32,0,32,0,0,1,,0.0012406947890818859,,0.01934984520123839,1.0,1.0,0.0,1.0,0.3333333333333333,0.0
threshold_delay,faults3,faults3,1,threshold_2,Threshold 2,3,31,13,3,3,0,1.0,,1,32,0,32,0,0,1,,0.0012406947890818859,,0.01934984520123839,1.0,1.0,0.0,1.0,0.3333333333333333,0.0
threshold_delay,faults3,faults3,1,threshold_2,Threshold 2,4,31,13,3,3,0,1.0,,1,32,0,32,0,0,1,,0.0012406947890818859,,0.01934984520123839,1.0,1.0,0.0,1.0,0.3333333333333333,0.0
threshold_delay,faults3,faults3,1,threshold_4,Threshold 4,0,31,13,3,3,0,1.0,,1,36,4,36,0,0,1,,0.0012406947890818859,,0.01934984520123839,1.0,1.0,0.0,1.0,0.3333333333333333,0.0
threshold_delay,faults3,faults3,1,threshold_4,Threshold 4,1,31,13,3,3,0,1.0,,1,32,0,32,0,0,1,,0.0012406947890818859,,0.01934984520123839,1.0,1.0,0.0,1.0,0.3333333333333333,0.0
threshold_delay,faults3,faults3,1,threshold_4,Threshold 4,2,31,13,3,3,0,1.0,,1,32,0,32,0,0,1,,0.0012406947890818859,,0.01934984520123839,1.0,1.0,0.0,1.0,0.3333333333333333,0.0
threshold_delay,faults3,faults3,1,threshold_4,Threshold 4,3,31,13,3,3,0,1.0,,1,32,0,32,0,0,1,,0.0012406947890818859,,0.01934984520123839,1.0,1.0,0.0,1.0,0.3333333333333333,0.0
threshold_delay,faults3,faults3,1,threshold_4,Threshold 4,4,31,13,3,3,0,1.0,,1,32,0,32,0,0,1,,0.0012406947890818859,,0.01934984520123839,1.0,1.0,0.0,1.0,0.3333333333333333,0.0
threshold_delay,faults3,faults3,1,threshold_8,Threshold 8,0,31,13,3,3,0,1.0,,1,40,8,40,0,0,1,,0.0012406947890818859,,0.01934984520123839,1.0,1.0,0.0,1.0,0.3333333333333333,0.0
threshold_delay,faults3,faults3,1,threshold_8,Threshold 8,1,31,13,3,3,0,1.0,,1,32,0,32,0,0,1,,0.0012406947890818859,,0.01934984520123839,1.0,1.0,0.0,1.0,0.3333333333333333,0.0
threshold_delay,faults3,faults3,1,threshold_8,Threshold 8,2,31,13,3,3,0,1.0,,1,32,0,32,0,0,1,,0.0012406947890818859,,0.01934984520123839,1.0,1.0,0.0,1.0,0.3333333333333333,0.0
threshold_delay,faults3,faults3,1,threshold_8,Threshold 8,3,31,13,3,3,0,1.0,,1,32,0,32,0,0,1,,0.0012406947890818859,,0.01934984520123839,1.0,1.0,0.0,1.0,0.3333333333333333,0.0
threshold_delay,faults3,faults3,1,threshold_8,Threshold 8,4,31,13,3,3,0,1.0,,1,32,0,32,0,0,1,,0.0012406947890818859,,0.01934984520123839,1.0,1.0,0.0,1.0,0.3333333333333333,0.0
threshold_delay,faults3,faults3,1,threshold_16,Threshold 16,0,31,13,3,3,0,1.0,,1,48,16,48,0,0,1,,0.0012406947890818859,,0.01934984520123839,1.0,1.0,0.0,1.0,0.3333333333333333,0.0
threshold_delay,faults3,faults3,1,threshold_16,Threshold 16,1,31,13,3,3,0,1.0,,1,32,0,32,0,0,1,,0.0012406947890818859,,0.01934984520123839,1.0,1.0,0.0,1.0,0.3333333333333333,0.0
threshold_delay,faults3,faults3,1,threshold_16,Threshold 16,2,31,13,3,3,0,1.0,,1,32,0,32,0,0,1,,0.0012406947890818859,,0.01934984520123839,1.0,1.0,0.0,1.0,0.3333333333333333,0.0
threshold_delay,faults3,faults3,1,threshold_16,Threshold 16,3,31,13,3,3,0,1.0,,1,32,0,32,0,0,1,,0.0012406947890818859,,0.01934984520123839,1.0,1.0,0.0,1.0,0.3333333333333333,0.0
threshold_delay,faults3,faults3,1,threshold_16,Threshold 16,4,31,13,3,3,0,1.0,,1,32,0,32,0,0,1,,0.0012406947890818859,,0.01934984520123839,1.0,1.0,0.0,1.0,0.3333333333333333,0.0
threshold_delay,faults3,faults3,1,threshold_32,Threshold 32,0,31,13,3,3,0,1.0,,1,64,32,64,0,0,1,,0.0012406947890818859,,0.01934984520123839,1.0,1.0,0.0,1.0,0.3333333333333333,0.0
threshold_delay,faults3,faults3,1,threshold_32,Threshold 32,1,31,13,3,3,0,1.0,,1,32,0,32,0,0,1,,0.0012406947890818859,,0.01934984520123839,1.0,1.0,0.0,1.0,0.3333333333333333,0.0
threshold_delay,faults3,faults3,1,threshold_32,Threshold 32,2,31,13,3,3,0,1.0,,1,32,0,32,0,0,1,,0.0012406947890818859,,0.01934984520123839,1.0,1.0,0.0,1.0,0.3333333333333333,0.0
threshold_delay,faults3,faults3,1,threshold_32,Threshold 32,3,31,13,3,3,0,1.0,,1,32,0,32,0,0,1,,0.0012406947890818859,,0.01934984520123839,1.0,1.0,0.0,1.0,0.3333333333333333,0.0
threshold_delay,faults3,faults3,1,threshold_32,Threshold 32,4,31,13,3,3,0,1.0,,1,32,0,32,0,0,1,,0.0012406947890818859,,0.01934984520123839,1.0,1.0,0.0,1.0,0.3333333333333333,0.0
threshold_delay,faults3,faults3,2,threshold_1,Threshold 1,0,31,13,3,3,0,1.0,,1,33,1,33,0,0,1,,0.0012406947890818859,,0.01934984520123839,1.0,1.0,0.0,1.0,0.3333333333333333,0.0
threshold_delay,faults3,faults3,2,threshold_1,Threshold 1,1,31,13,3,3,0,1.0,,1,32,0,32,0,0,1,,0.0012406947890818859,,0.01934984520123839,1.0,1.0,0.0,1.0,0.3333333333333333,0.0
threshold_delay,faults3,faults3,2,threshold_1,Threshold 1,2,31,13,3,3,0,1.0,,1,32,0,32,0,0,1,,0.0012406947890818859,,0.01934984520123839,1.0,1.0,0.0,1.0,0.3333333333333333,0.0
threshold_delay,faults3,faults3,2,threshold_1,Threshold 1,3,31,13,3,3,0,1.0,,1,32,0,32,0,0,1,,0.0012406947890818859,,0.01934984520123839,1.0,1.0,0.0,1.0,0.3333333333333333,0.0
threshold_delay,faults3,faults3,2,threshold_1,Threshold 1,4,31,13,3,3,0,1.0,,1,32,0,32,0,0,1,,0.0012406947890818859,,0.01934984520123839,1.0,1.0,0.0,1.0,0.3333333333333333,0.0
threshold_delay,faults3,faults3,2,threshold_2,Threshold 2,0,31,13,3,3,0,1.0,,1,34,2,34,0,0,1,,0.0012406947890818859,,0.01934984520123839,1.0,1.0,0.0,1.0,0.3333333333333333,0.0
threshold_delay,faults3,faults3,2,threshold_2,Threshold 2,1,31,13,3,3,0,1.0,,1,32,0,32,0,0,1,,0.0012406947890818859,,0.01934984520123839,1.0,1.0,0.0,1.0,0.3333333333333333,0.0
threshold_delay,faults3,faults3,2,threshold_2,Threshold 2,2,31,13,3,3,0,1.0,,1,32,0,32,0,0,1,,0.0012406947890818859,,0.01934984520123839,1.0,1.0,0.0,1.0,0.3333333333333333,0.0
threshold_delay,faults3,faults3,2,threshold_2,Threshold 2,3,31,13,3,3,0,1.0,,1,32,0,32,0,0,1,,0.0012406947890818859,,0.01934984520123839,1.0,1.0,0.0,1.0,0.3333333333333333,0.0
threshold_delay,faults3,faults3,2,threshold_2,Threshold 2,4,31,13,3,3,0,1.0,,1,32,0,32,0,0,1,,0.0012406947890818859,,0.01934984520123839,1.0,1.0,0.0,1.0,0.3333333333333333,0.0
threshold_delay,faults3,faults3,2,threshold_4,Threshold 4,0,31,13,3,3,0,1.0,,1,36,4,36,0,0,1,,0.0012406947890818859,,0.01934984520123839,1.0,1.0,0.0,1.0,0.3333333333333333,0.0
threshold_delay,faults3,faults3,2,threshold_4,Threshold 4,1,31,13,3,3,0,1.0,,1,32,0,32,0,0,1,,0.0012406947890818859,,0.01934984520123839,1.0,1.0,0.0,1.0,0.3333333333333333,0.0
threshold_delay,faults3,faults3,2,threshold_4,Threshold 4,2,31,13,3,3,0,1.0,,1,32,0,32,0,0,1,,0.0012406947890818859,,0.01934984520123839,1.0,1.0,0.0,1.0,0.3333333333333333,0.0
threshold_delay,faults3,faults3,2,threshold_4,Threshold 4,3,31,13,3,3,0,1.0,,1,32,0,32,0,0,1,,0.0012406947890818859,,0.01934984520123839,1.0,1.0,0.0,1.0,0.3333333333333333,0.0
threshold_delay,faults3,faults3,2,threshold_4,Threshold 4,4,31,13,3,3,0,1.0,,1,32,0,32,0,0,1,,0.0012406947890818859,,0.01934984520123839,1.0,1.0,0.0,1.0,0.3333333333333333,0.0
threshold_delay,faults3,faults3,2,threshold_8,Threshold 8,0,31,13,3,3,0,1.0,,1,40,8,40,0,0,1,,0.0012406947890818859,,0.01934984520123839,1.0,1.0,0.0,1.0,0.3333333333333333,0.0
threshold_delay,faults3,faults3,2,threshold_8,Threshold 8,1,31,13,3,3,0,1.0,,1,32,0,32,0,0,1,,0.0012406947890818859,,0.01934984520123839,1.0,1.0,0.0,1.0,0.3333333333333333,0.0
threshold_delay,faults3,faults3,2,threshold_8,Threshold 8,2,31,13,3,3,0,1.0,,1,32,0,32,0,0,1,,0.0012406947890818859,,0.01934984520123839,1.0,1.0,0.0,1.0,0.3333333333333333,0.0
threshold_delay,faults3,faults3,2,threshold_8,Threshold 8,3,31,13,3,3,0,1.0,,1,32,0,32,0,0,1,,0.0012406947890818859,,0.01934984520123839,1.0,1.0,0.0,1.0,0.3333333333333333,0.0
threshold_delay,faults3,faults3,2,threshold_8,Threshold 8,4,31,13,3,3,0,1.0,,1,32,0,32,0,0,1,,0.0012406947890818859,,0.01934984520123839,1.0,1.0,0.0,1.0,0.3333333333333333,0.0
threshold_delay,faults3,faults3,2,threshold_16,Threshold 16,0,31,13,3,3,0,1.0,,1,48,16,48,0,0,1,,0.0012406947890818859,,0.01934984520123839,1.0,1.0,0.0,1.0,0.3333333333333333,0.0
threshold_delay,faults3,faults3,2,threshold_16,Threshold 16,1,31,13,3,3,0,1.0,,1,32,0,32,0,0,1,,0.0012406947890818859,,0.01934984520123839,1.0,1.0,0.0,1.0,0.3333333333333333,0.0
threshold_delay,faults3,faults3,2,threshold_16,Threshold 16,2,31,13,3,3,0,1.0,,1,32,0,32,0,0,1,,0.0012406947890818859,,0.01934984520123839,1.0,1.0,0.0,1.0,0.3333333333333333,0.0
threshold_delay,faults3,faults3,2,threshold_16,Threshold 16,3,31,13,3,3,0,1.0,,1,32,0,32,0,0,1,,0.0012406947890818859,,0.01934984520123839,1.0,1.0,0.0,1.0,0.3333333333333333,0.0
threshold_delay,faults3,faults3,2,threshold_16,Threshold 16,4,31,13,3,3,0,1.0,,1,32,0,32,0,0,1,,0.0012406947890818859,,0.01934984520123839,1.0,1.0,0.0,1.0,0.3333333333333333,0.0
threshold_delay,faults3,faults3,2,threshold_32,Threshold 32,0,31,13,3,3,0,1.0,,1,64,32,64,0,0,1,,0.0012406947890818859,,0.01934984520123839,1.0,1.0,0.0,1.0,0.3333333333333333,0.0
threshold_delay,faults3,faults3,2,threshold_32,Threshold 32,1,31,13,3,3,0,1.0,,1,32,0,32,0,0,1,,0.0012406947890818859,,0.01934984520123839,1.0,1.0,0.0,1.0,0.3333333333333333,0.0
threshold_delay,faults3,faults3,2,threshold_32,Threshold 32,2,31,13,3,3,0,1.0,,1,32,0,32,0,0,1,,0.0012406947890818859,,0.01934984520123839,1.0,1.0,0.0,1.0,0.3333333333333333,0.0
threshold_delay,faults3,faults3,2,threshold_32,Threshold 32,3,31,13,3,3,0,1.0,,1,32,0,32,0,0,1,,0.0012406947890818859,,0.01934984520123839,1.0,1.0,0.0,1.0,0.3333333333333333,0.0
threshold_delay,faults3,faults3,2,threshold_32,Threshold 32,4,31,13,3,3,0,1.0,,1,32,0,32,0,0,1,,0.0012406947890818859,,0.01934984520123839,1.0,1.0,0.0,1.0,0.3333333333333333,0.0
threshold_delay,faults3,faults3,3,threshold_1,Threshold 1,0,31,13,3,3,0,1.0,,1,33,1,33,0,0,1,,0.0012406947890818859,,0.01934984520123839,1.0,1.0,0.0,1.0,0.3333333333333333,0.0
threshold_delay,faults3,faults3,3,threshold_1,Threshold 1,1,31,13,3,3,0,1.0,,1,32,0,32,0,0,1,,0.0012406947890818859,,0.01934984520123839,1.0,1.0,0.0,1.0,0.3333333333333333,0.0
threshold_delay,faults3,faults3,3,threshold_1,Threshold 1,2,31,13,3,3,0,1.0,,1,32,0,32,0,0,1,,0.0012406947890818859,,0.01934984520123839,1.0,1.0,0.0,1.0,0.3333333333333333,0.0
threshold_delay,faults3,faults3,3,threshold_1,Threshold 1,3,31,13,3,3,0,1.0,,1,32,0,32,0,0,1,,0.0012406947890818859,,0.01934984520123839,1.0,1.0,0.0,1.0,0.3333333333333333,0.0
threshold_delay,faults3,faults3,3,threshold_1,Threshold 1,4,31,13,3,3,0,1.0,,1,32,0,32,0,0,1,,0.0012406947890818859,,0.01934984520123839,1.0,1.0,0.0,1.0,0.3333333333333333,0.0
threshold_delay,faults3,faults3,3,threshold_2,Threshold 2,0,31,13,3,3,0,1.0,,1,34,2,34,0,0,1,,0.0012406947890818859,,0.01934984520123839,1.0,1.0,0.0,1.0,0.3333333333333333,0.0
threshold_delay,faults3,faults3,3,threshold_2,Threshold 2,1,31,13,3,3,0,1.0,,1,32,0,32,0,0,1,,0.0012406947890818859,,0.01934984520123839,1.0,1.0,0.0,1.0,0.3333333333333333,0.0
threshold_delay,faults3,faults3,3,threshold_2,Threshold 2,2,31,13,3,3,0,1.0,,1,32,0,32,0,0,1,,0.0012406947890818859,,0.01934984520123839,1.0,1.0,0.0,1.0,0.3333333333333333,0.0
threshold_delay,faults3,faults3,3,threshold_2,Threshold 2,3,31,13,3,3,0,1.0,,1,32,0,32,0,0,1,,0.0012406947890818859,,0.01934984520123839,1.0,1.0,0.0,1.0,0.3333333333333333,0.0
threshold_delay,faults3,faults3,3,threshold_2,Threshold 2,4,31,13,3,3,0,1.0,,1,32,0,32,0,0,1,,0.0012406947890818859,,0.01934984520123839,1.0,1.0,0.0,1.0,0.3333333333333333,0.0
threshold_delay,faults3,faults3,3,threshold_4,Threshold 4,0,31,13,3,3,0,1.0,,1,36,4,36,0,0,1,,0.0012406947890818859,,0.01934984520123839,1.0,1.0,0.0,1.0,0.3333333333333333,0.0
threshold_delay,faults3,faults3,3,threshold_4,Threshold 4,1,31,13,3,3,0,1.0,,1,32,0,32,0,0,1,,0.0012406947890818859,,0.01934984520123839,1.0,1.0,0.0,1.0,0.3333333333333333,0.0
threshold_delay,faults3,faults3,3,threshold_4,Threshold 4,2,31,13,3,3,0,1.0,,1,32,0,32,0,0,1,,0.0012406947890818859,,0.01934984520123839,1.0,1.0,0.0,1.0,0.3333333333333333,0.0
threshold_delay,faults3,faults3,3,threshold_4,Threshold 4,3,31,13,3,3,0,1.0,,1,32,0,32,0,0,1,,0.0012406947890818859,,0.01934984520123839,1.0,1.0,0.0,1.0,0.3333333333333333,0.0
threshold_delay,faults3,faults3,3,threshold_4,Threshold 4,4,31,13,3,3,0,1.0,,1,32,0,32,0,0,1,,0.0012406947890818859,,0.01934984520123839,1.0,1.0,0.0,1.0,0.3333333333333333,0.0
threshold_delay,faults3,faults3,3,threshold_8,Threshold 8,0,31,13,3,3,0,1.0,,1,40,8,40,0,0,1,,0.0012406947890818859,,0.01934984520123839,1.0,1.0,0.0,1.0,0.3333333333333333,0.0
threshold_delay,faults3,faults3,3,threshold_8,Threshold 8,1,31,13,3,3,0,1.0,,1,32,0,32,0,0,1,,0.0012406947890818859,,0.01934984520123839,1.0,1.0,0.0,1.0,0.3333333333333333,0.0
threshold_delay,faults3,faults3,3,threshold_8,Threshold 8,2,31,13,3,3,0,1.0,,1,32,0,32,0,0,1,,0.0012406947890818859,,0.01934984520123839,1.0,1.0,0.0,1.0,0.3333333333333333,0.0
threshold_delay,faults3,faults3,3,threshold_8,Threshold 8,3,31,13,3,3,0,1.0,,1,32,0,32,0,0,1,,0.0012406947890818859,,0.01934984520123839,1.0,1.0,0.0,1.0,0.3333333333333333,0.0
threshold_delay,faults3,faults3,3,threshold_8,Threshold 8,4,31,13,3,3,0,1.0,,1,32,0,32,0,0,1,,0.0012406947890818859,,0.01934984520123839,1.0,1.0,0.0,1.0,0.3333333333333333,0.0
threshold_delay,faults3,faults3,3,threshold_16,Threshold 16,0,31,13,3,3,0,1.0,,1,48,16,48,0,0,1,,0.0012406947890818859,,0.01934984520123839,1.0,1.0,0.0,1.0,0.3333333333333333,0.0
threshold_delay,faults3,faults3,3,threshold_16,Threshold 16,1,31,13,3,3,0,1.0,,1,32,0,32,0,0,1,,0.0012406947890818859,,0.01934984520123839,1.0,1.0,0.0,1.0,0.3333333333333333,0.0
threshold_delay,faults3,faults3,3,threshold_16,Threshold 16,2,31,13,3,3,0,1.0,,1,32,0,32,0,0,1,,0.0012406947890818859,,0.01934984520123839,1.0,1.0,0.0,1.0,0.3333333333333333,0.0
threshold_delay,faults3,faults3,3,threshold_16,Threshold 16,3,31,13,3,3,0,1.0,,1,32,0,32,0,0,1,,0.0012406947890818859,,0.01934984520123839,1.0,1.0,0.0,1.0,0.3333333333333333,0.0
threshold_delay,faults3,faults3,3,threshold_16,Threshold 16,4,31,13,3,3,0,1.0,,1,32,0,32,0,0,1,,0.0012406947890818859,,0.01934984520123839,1.0,1.0,0.0,1.0,0.3333333333333333,0.0
threshold_delay,faults3,faults3,3,threshold_32,Threshold 32,0,31,13,3,3,0,1.0,,1,64,32,64,0,0,1,,0.0012406947890818859,,0.01934984520123839,1.0,1.0,0.0,1.0,0.3333333333333333,0.0
threshold_delay,faults3,faults3,3,threshold_32,Threshold 32,1,31,13,3,3,0,1.0,,1,32,0,32,0,0,1,,0.0012406947890818859,,0.01934984520123839,1.0,1.0,0.0,1.0,0.3333333333333333,0.0
threshold_delay,faults3,faults3,3,threshold_32,Threshold 32,2,31,13,3,3,0,1.0,,1,32,0,32,0,0,1,,0.0012406947890818859,,0.01934984520123839,1.0,1.0,0.0,1.0,0.3333333333333333,0.0
threshold_delay,faults3,faults3,3,threshold_32,Threshold 32,3,31,13,3,3,0,1.0,,1,32,0,32,0,0,1,,0.0012406947890818859,,0.01934984520123839,1.0,1.0,0.0,1.0,0.3333333333333333,0.0
threshold_delay,faults3,faults3,3,threshold_32,Threshold 32,4,31,13,3,3,0,1.0,,1,32,0,32,0,0,1,,0.0012406947890818859,,0.01934984520123839,1.0,1.0,0.0,1.0,0.3333333333333333,0.0
threshold_delay,faults3,faults3,4,threshold_1,Threshold 1,0,31,13,3,3,0,1.0,,1,33,1,33,0,0,1,,0.0012406947890818859,,0.01934984520123839,1.0,1.0,0.0,1.0,0.3333333333333333,0.0
threshold_delay,faults3,faults3,4,threshold_1,Threshold 1,1,31,13,3,3,0,1.0,,1,32,0,32,0,0,1,,0.0012406947890818859,,0.01934984520123839,1.0,1.0,0.0,1.0,0.3333333333333333,0.0
threshold_delay,faults3,faults3,4,threshold_1,Threshold 1,2,31,13,3,3,0,1.0,,1,32,0,32,0,0,1,,0.0012406947890818859,,0.01934984520123839,1.0,1.0,0.0,1.0,0.3333333333333333,0.0
threshold_delay,faults3,faults3,4,threshold_1,Threshold 1,3,31,13,3,3,0,1.0,,1,32,0,32,0,0,1,,0.0012406947890818859,,0.01934984520123839,1.0,1.0,0.0,1.0,0.3333333333333333,0.0
threshold_delay,faults3,faults3,4,threshold_1,Threshold 1,4,31,13,3,3,0,1.0,,1,32,0,32,0,0,1,,0.0012406947890818859,,0.01934984520123839,1.0,1.0,0.0,1.0,0.3333333333333333,0.0
threshold_delay,faults3,faults3,4,threshold_2,Threshold 2,0,31,13,3,3,0,1.0,,1,34,2,34,0,0,1,,0.0012406947890818859,,0.01934984520123839,1.0,1.0,0.0,1.0,0.3333333333333333,0.0
threshold_delay,faults3,faults3,4,threshold_2,Threshold 2,1,31,13,3,3,0,1.0,,1,32,0,32,0,0,1,,0.0012406947890818859,,0.01934984520123839,1.0,1.0,0.0,1.0,0.3333333333333333,0.0
threshold_delay,faults3,faults3,4,threshold_2,Threshold 2,2,31,13,3,3,0,1.0,,1,32,0,32,0,0,1,,0.0012406947890818859,,0.01934984520123839,1.0,1.0,0.0,1.0,0.3333333333333333,0.0
threshold_delay,faults3,faults3,4,threshold_2,Threshold 2,3,31,13,3,3,0,1.0,,1,32,0,32,0,0,1,,0.0012406947890818859,,0.01934984520123839,1.0,1.0,0.0,1.0,0.3333333333333333,0.0
threshold_delay,faults3,faults3,4,threshold_2,Threshold 2,4,31,13,3,3,0,1.0,,1,32,0,32,0,0,1,,0.0012406947890818859,,0.01934984520123839,1.0,1.0,0.0,1.0,0.3333333333333333,0.0
threshold_delay,faults3,faults3,4,threshold_4,Threshold 4,0,31,13,3,3,0,1.0,,1,36,4,36,0,0,1,,0.0012406947890818859,,0.01934984520123839,1.0,1.0,0.0,1.0,0.3333333333333333,0.0
threshold_delay,faults3,faults3,4,threshold_4,Threshold 4,1,31,13,3,3,0,1.0,,1,32,0,32,0,0,1,,0.0012406947890818859,,0.01934984520123839,1.0,1.0,0.0,1.0,0.3333333333333333,0.0
threshold_delay,faults3,faults3,4,threshold_4,Threshold 4,2,31,13,3,3,0,1.0,,1,32,0,32,0,0,1,,0.0012406947890818859,,0.01934984520123839,1.0,1.0,0.0,1.0,0.3333333333333333,0.0
threshold_delay,faults3,faults3,4,threshold_4,Threshold 4,3,31,13,3,3,0,1.0,,1,32,0,32,0,0,1,,0.0012406947890818859,,0.01934984520123839,1.0,1.0,0.0,1.0,0.3333333333333333,0.0
threshold_delay,faults3,faults3,4,threshold_4,Threshold 4,4,31,13,3,3,0,1.0,,1,32,0,32,0,0,1,,0.0012406947890818859,,0.01934984520123839,1.0,1.0,0.0,1.0,0.3333333333333333,0.0
threshold_delay,faults3,faults3,4,threshold_8,Threshold 8,0,31,13,3,3,0,1.0,,1,40,8,40,0,0,1,,0.0012406947890818859,,0.01934984520123839,1.0,1.0,0.0,1.0,0.3333333333333333,0.0
threshold_delay,faults3,faults3,4,threshold_8,Threshold 8,1,31,13,3,3,0,1.0,,1,32,0,32,0,0,1,,0.0012406947890818859,,0.01934984520123839,1.0,1.0,0.0,1.0,0.3333333333333333,0.0
threshold_delay,faults3,faults3,4,threshold_8,Threshold 8,2,31,13,3,3,0,1.0,,1,32,0,32,0,0,1,,0.0012406947890818859,,0.01934984520123839,1.0,1.0,0.0,1.0,0.3333333333333333,0.0
threshold_delay,faults3,faults3,4,threshold_8,Threshold 8,3,31,13,3,3,0,1.0,,1,32,0,32,0,0,1,,0.0012406947890818859,,0.01934984520123839,1.0,1.0,0.0,1.0,0.3333333333333333,0.0
threshold_delay,faults3,faults3,4,threshold_8,Threshold 8,4,31,13,3,3,0,1.0,,1,32,0,32,0,0,1,,0.0012406947890818859,,0.01934984520123839,1.0,1.0,0.0,1.0,0.3333333333333333,0.0
threshold_delay,faults3,faults3,4,threshold_16,Threshold 16,0,31,13,3,3,0,1.0,,1,48,16,48,0,0,1,,0.0012406947890818859,,0.01934984520123839,1.0,1.0,0.0,1.0,0.3333333333333333,0.0
threshold_delay,faults3,faults3,4,threshold_16,Threshold 16,1,31,13,3,3,0,1.0,,1,32,0,32,0,0,1,,0.0012406947890818859,,0.01934984520123839,1.0,1.0,0.0,1.0,0.3333333333333333,0.0
threshold_delay,faults3,faults3,4,threshold_16,Threshold 16,2,31,13,3,3,0,1.0,,1,32,0,32,0,0,1,,0.0012406947890818859,,0.01934984520123839,1.0,1.0,0.0,1.0,0.3333333333333333,0.0
threshold_delay,faults3,faults3,4,threshold_16,Threshold 16,3,31,13,3,3,0,1.0,,1,32,0,32,0,0,1,,0.0012406947890818859,,0.01934984520123839,1.0,1.0,0.0,1.0,0.3333333333333333,0.0
threshold_delay,faults3,faults3,4,threshold_16,Threshold 16,4,31,13,3,3,0,1.0,,1,32,0,32,0,0,1,,0.0012406947890818859,,0.01934984520123839,1.0,1.0,0.0,1.0,0.3333333333333333,0.0
threshold_delay,faults3,faults3,4,threshold_32,Threshold 32,0,31,13,3,3,0,1.0,,1,64,32,64,0,0,1,,0.0012406947890818859,,0.01934984520123839,1.0,1.0,0.0,1.0,0.3333333333333333,0.0
threshold_delay,faults3,faults3,4,threshold_32,Threshold 32,1,31,13,3,3,0,1.0,,1,32,0,32,0,0,1,,0.0012406947890818859,,0.01934984520123839,1.0,1.0,0.0,1.0,0.3333333333333333,0.0
threshold_delay,faults3,faults3,4,threshold_32,Threshold 32,2,31,13,3,3,0,1.0,,1,32,0,32,0,0,1,,0.0012406947890818859,,0.01934984520123839,1.0,1.0,0.0,1.0,0.3333333333333333,0.0
threshold_delay,faults3,faults3,4,threshold_32,Threshold 32,3,31,13,3,3,0,1.0,,1,32,0,32,0,0,1,,0.0012406947890818859,,0.01934984520123839,1.0,1.0,0.0,1.0,0.3333333333333333,0.0
threshold_delay,faults3,faults3,4,threshold_32,Threshold 32,4,31,13,3,3,0,1.0,,1,32,0,32,0,0,1,,0.0012406947890818859,,0.01934984520123839,1.0,1.0,0.0,1.0,0.3333333333333333,0.0
threshold_delay,faults3,faults3,5,threshold_1,Threshold 1,0,31,13,3,3,0,1.0,,1,33,1,33,0,0,1,,0.0012406947890818859,,0.01934984520123839,1.0,1.0,0.0,1.0,0.3333333333333333,0.0
threshold_delay,faults3,faults3,5,threshold_1,Threshold 1,1,31,13,3,3,0,1.0,,1,32,0,32,0,0,1,,0.0012406947890818859,,0.01934984520123839,1.0,1.0,0.0,1.0,0.3333333333333333,0.0
threshold_delay,faults3,faults3,5,threshold_1,Threshold 1,2,31,13,3,3,0,1.0,,1,32,0,32,0,0,1,,0.0012406947890818859,,0.01934984520123839,1.0,1.0,0.0,1.0,0.3333333333333333,0.0
threshold_delay,faults3,faults3,5,threshold_1,Threshold 1,3,31,13,3,3,0,1.0,,1,32,0,32,0,0,1,,0.0012406947890818859,,0.01934984520123839,1.0,1.0,0.0,1.0,0.3333333333333333,0.0
threshold_delay,faults3,faults3,5,threshold_1,Threshold 1,4,31,13,3,3,0,1.0,,1,32,0,32,0,0,1,,0.0012406947890818859,,0.01934984520123839,1.0,1.0,0.0,1.0,0.3333333333333333,0.0
threshold_delay,faults3,faults3,5,threshold_2,Threshold 2,0,31,13,3,3,0,1.0,,1,34,2,34,0,0,1,,0.0012406947890818859,,0.01934984520123839,1.0,1.0,0.0,1.0,0.3333333333333333,0.0
threshold_delay,faults3,faults3,5,threshold_2,Threshold 2,1,31,13,3,3,0,1.0,,1,32,0,32,0,0,1,,0.0012406947890818859,,0.01934984520123839,1.0,1.0,0.0,1.0,0.3333333333333333,0.0
threshold_delay,faults3,faults3,5,threshold_2,Threshold 2,2,31,13,3,3,0,1.0,,1,32,0,32,0,0,1,,0.0012406947890818859,,0.01934984520123839,1.0,1.0,0.0,1.0,0.3333333333333333,0.0
threshold_delay,faults3,faults3,5,threshold_2,Threshold 2,3,31,13,3,3,0,1.0,,1,32,0,32,0,0,1,,0.0012406947890818859,,0.01934984520123839,1.0,1.0,0.0,1.0,0.3333333333333333,0.0
threshold_delay,faults3,faults3,5,threshold_2,Threshold 2,4,31,13,3,3,0,1.0,,1,32,0,32,0,0,1,,0.0012406947890818859,,0.01934984520123839,1.0,1.0,0.0,1.0,0.3333333333333333,0.0
threshold_delay,faults3,faults3,5,threshold_4,Threshold 4,0,31,13,3,3,0,1.0,,1,36,4,36,0,0,1,,0.0012406947890818859,,0.01934984520123839,1.0,1.0,0.0,1.0,0.3333333333333333,0.0
threshold_delay,faults3,faults3,5,threshold_4,Threshold 4,1,31,13,3,3,0,1.0,,1,32,0,32,0,0,1,,0.0012406947890818859,,0.01934984520123839,1.0,1.0,0.0,1.0,0.3333333333333333,0.0
threshold_delay,faults3,faults3,5,threshold_4,Threshold 4,2,31,13,3,3,0,1.0,,1,32,0,32,0,0,1,,0.0012406947890818859,,0.01934984520123839,1.0,1.0,0.0,1.0,0.3333333333333333,0.0
threshold_delay,faults3,faults3,5,threshold_4,Threshold 4,3,31,13,3,3,0,1.0,,1,32,0,32,0,0,1,,0.0012406947890818859,,0.01934984520123839,1.0,1.0,0.0,1.0,0.3333333333333333,0.0
threshold_delay,faults3,faults3,5,threshold_4,Threshold 4,4,31,13,3,3,0,1.0,,1,32,0,32,0,0,1,,0.0012406947890818859,,0.01934984520123839,1.0,1.0,0.0,1.0,0.3333333333333333,0.0
threshold_delay,faults3,faults3,5,threshold_8,Threshold 8,0,31,13,3,3,0,1.0,,1,40,8,40,0,0,1,,0.0012406947890818859,,0.01934984520123839,1.0,1.0,0.0,1.0,0.3333333333333333,0.0
threshold_delay,faults3,faults3,5,threshold_8,Threshold 8,1,31,13,3,3,0,1.0,,1,32,0,32,0,0,1,,0.0012406947890818859,,0.01934984520123839,1.0,1.0,0.0,1.0,0.3333333333333333,0.0
threshold_delay,faults3,faults3,5,threshold_8,Threshold 8,2,31,13,3,3,0,1.0,,1,32,0,32,0,0,1,,0.0012406947890818859,,0.01934984520123839,1.0,1.0,0.0,1.0,0.3333333333333333,0.0
threshold_delay,faults3,faults3,5,threshold_8,Threshold 8,3,31,13,3,3,0,1.0,,1,32,0,32,0,0,1,,0.0012406947890818859,,0.01934984520123839,1.0,1.0,0.0,1.0,0.3333333333333333,0.0
threshold_delay,faults3,faults3,5,threshold_8,Threshold 8,4,31,13,3,3,0,1.0,,1,32,0,32,0,0,1,,0.0012406947890818859,,0.01934984520123839,1.0,1.0,0.0,1.0,0.3333333333333333,0.0
threshold_delay,faults3,faults3,5,threshold_16,Threshold 16,0,31,13,3,3,0,1.0,,1,48,16,48,0,0,1,,0.0012406947890818859,,0.01934984520123839,1.0,1.0,0.0,1.0,0.3333333333333333,0.0
threshold_delay,faults3,faults3,5,threshold_16,Threshold 16,1,31,13,3,3,0,1.0,,1,32,0,32,0,0,1,,0.0012406947890818859,,0.01934984520123839,1.0,1.0,0.0,1.0,0.3333333333333333,0.0
threshold_delay,faults3,faults3,5,threshold_16,Threshold 16,2,31,13,3,3,0,1.0,,1,32,0,32,0,0,1,,0.0012406947890818859,,0.01934984520123839,1.0,1.0,0.0,1.0,0.3333333333333333,0.0
threshold_delay,faults3,faults3,5,threshold_16,Threshold 16,3,31,13,3,3,0,1.0,,1,32,0,32,0,0,1,,0.0012406947890818859,,0.01934984520123839,1.0,1.0,0.0,1.0,0.3333333333333333,0.0
threshold_delay,faults3,faults3,5,threshold_16,Threshold 16,4,31,13,3,3,0,1.0,,1,32,0,32,0,0,1,,0.0012406947890818859,,0.01934984520123839,1.0,1.0,0.0,1.0,0.3333333333333333,0.0
threshold_delay,faults3,faults3,5,threshold_32,Threshold 32,0,31,13,3,3,0,1.0,,1,64,32,64,0,0,1,,0.0012406947890818859,,0.01934984520123839,1.0,1.0,0.0,1.0,0.3333333333333333,0.0
threshold_delay,faults3,faults3,5,threshold_32,Threshold 32,1,31,13,3,3,0,1.0,,1,32,0,32,0,0,1,,0.0012406947890818859,,0.01934984520123839,1.0,1.0,0.0,1.0,0.3333333333333333,0.0
threshold_delay,faults3,faults3,5,threshold_32,Threshold 32,2,31,13,3,3,0,1.0,,1,32,0,32,0,0,1,,0.0012406947890818859,,0.01934984520123839,1.0,1.0,0.0,1.0,0.3333333333333333,0.0
threshold_delay,faults3,faults3,5,threshold_32,Threshold 32,3,31,13,3,3,0,1.0,,1,32,0,32,0,0,1,,0.0012406947890818859,,0.01934984520123839,1.0,1.0,0.0,1.0,0.3333333333333333,0.0
threshold_delay,faults3,faults3,5,threshold_32,Threshold 32,4,31,13,3,3,0,1.0,,1,32,0,32,0,0,1,,0.0012406947890818859,,0.01934984520123839,1.0,1.0,0.0,1.0,0.3333333333333333,0.0
threshold_delay,faults3,faults3,6,threshold_1,Threshold 1,0,31,13,3,3,0,1.0,,1,33,1,33,0,0,1,,0.0012406947890818859,,0.01934984520123839,1.0,1.0,0.0,1.0,0.3333333333333333,0.0
threshold_delay,faults3,faults3,6,threshold_1,Threshold 1,1,31,13,3,3,0,1.0,,1,32,0,32,0,0,1,,0.0012406947890818859,,0.01934984520123839,1.0,1.0,0.0,1.0,0.3333333333333333,0.0
threshold_delay,faults3,faults3,6,threshold_1,Threshold 1,2,31,13,3,3,0,1.0,,1,32,0,32,0,0,1,,0.0012406947890818859,,0.01934984520123839,1.0,1.0,0.0,1.0,0.3333333333333333,0.0
threshold_delay,faults3,faults3,6,threshold_1,Threshold 1,3,31,13,3,3,0,1.0,,1,32,0,32,0,0,1,,0.0012406947890818859,,0.01934984520123839,1.0,1.0,0.0,1.0,0.3333333333333333,0.0
threshold_delay,faults3,faults3,6,threshold_1,Threshold 1,4,31,13,3,3,0,1.0,,1,32,0,32,0,0,1,,0.0012406947890818859,,0.01934984520123839,1.0,1.0,0.0,1.0,0.3333333333333333,0.0
threshold_delay,faults3,faults3,6,threshold_2,Threshold 2,0,31,13,3,3,0,1.0,,1,34,2,34,0,0,1,,0.0012406947890818859,,0.01934984520123839,1.0,1.0,0.0,1.0,0.3333333333333333,0.0
threshold_delay,faults3,faults3,6,threshold_2,Threshold 2,1,31,13,3,3,0,1.0,,1,32,0,32,0,0,1,,0.0012406947890818859,,0.01934984520123839,1.0,1.0,0.0,1.0,0.3333333333333333,0.0
threshold_delay,faults3,faults3,6,threshold_2,Threshold 2,2,31,13,3,3,0,1.0,,1,32,0,32,0,0,1,,0.0012406947890818859,,0.01934984520123839,1.0,1.0,0.0,1.0,0.3333333333333333,0.0
threshold_delay,faults3,faults3,6,threshold_2,Threshold 2,3,31,13,3,3,0,1.0,,1,32,0,32,0,0,1,,0.0012406947890818859,,0.01934984520123839,1.0,1.0,0.0,1.0,0.3333333333333333,0.0
threshold_delay,faults3,faults3,6,threshold_2,Threshold 2,4,31,13,3,3,0,1.0,,1,32,0,32,0,0,1,,0.0012406947890818859,,0.01934984520123839,1.0,1.0,0.0,1.0,0.3333333333333333,0.0
threshold_delay,faults3,faults3,6,threshold_4,Threshold 4,0,31,13,3,3,0,1.0,,1,36,4,36,0,0,1,,0.0012406947890818859,,0.01934984520123839,1.0,1.0,0.0,1.0,0.3333333333333333,0.0
threshold_delay,faults3,faults3,6,threshold_4,Threshold 4,1,31,13,3,3,0,1.0,,1,32,0,32,0,0,1,,0.0012406947890818859,,0.01934984520123839,1.0,1.0,0.0,1.0,0.3333333333333333,0.0
threshold_delay,faults3,faults3,6,threshold_4,Threshold 4,2,31,13,3,3,0,1.0,,1,32,0,32,0,0,1,,0.0012406947890818859,,0.01934984520123839,1.0,1.0,0.0,1.0,0.3333333333333333,0.0
threshold_delay,faults3,faults3,6,threshold_4,Threshold 4,3,31,13,3,3,0,1.0,,1,32,0,32,0,0,1,,0.0012406947890818859,,0.01934984520123839,1.0,1.0,0.0,1.0,0.3333333333333333,0.0
threshold_delay,faults3,faults3,6,threshold_4,Threshold 4,4,31,13,3,3,0,1.0,,1,32,0,32,0,0,1,,0.0012406947890818859,,0.01934984520123839,1.0,1.0,0.0,1.0,0.3333333333333333,0.0
threshold_delay,faults3,faults3,6,threshold_8,Threshold 8,0,31,13,3,3,0,1.0,,1,40,8,40,0,0,1,,0.0012406947890818859,,0.01934984520123839,1.0,1.0,0.0,1.0,0.3333333333333333,0.0
threshold_delay,faults3,faults3,6,threshold_8,Threshold 8,1,31,13,3,3,0,1.0,,1,32,0,32,0,0,1,,0.0012406947890818859,,0.01934984520123839,1.0,1.0,0.0,1.0,0.3333333333333333,0.0
threshold_delay,faults3,faults3,6,threshold_8,Threshold 8,2,31,13,3,3,0,1.0,,1,32,0,32,0,0,1,,0.0012406947890818859,,0.01934984520123839,1.0,1.0,0.0,1.0,0.3333333333333333,0.0
threshold_delay,faults3,faults3,6,threshold_8,Threshold 8,3,31,13,3,3,0,1.0,,1,32,0,32,0,0,1,,0.0012406947890818859,,0.01934984520123839,1.0,1.0,0.0,1.0,0.3333333333333333,0.0
threshold_delay,faults3,faults3,6,threshold_8,Threshold 8,4,31,13,3,3,0,1.0,,1,32,0,32,0,0,1,,0.0012406947890818859,,0.01934984520123839,1.0,1.0,0.0,1.0,0.3333333333333333,0.0
threshold_delay,faults3,faults3,6,threshold_16,Threshold 16,0,31,13,3,3,0,1.0,,1,48,16,48,0,0,1,,0.0012406947890818859,,0.01934984520123839,1.0,1.0,0.0,1.0,0.3333333333333333,0.0
threshold_delay,faults3,faults3,6,threshold_16,Threshold 16,1,31,13,3,3,0,1.0,,1,32,0,32,0,0,1,,0.0012406947890818859,,0.01934984520123839,1.0,1.0,0.0,1.0,0.3333333333333333,0.0
threshold_delay,faults3,faults3,6,threshold_16,Threshold 16,2,31,13,3,3,0,1.0,,1,32,0,32,0,0,1,,0.0012406947890818859,,0.01934984520123839,1.0,1.0,0.0,1.0,0.3333333333333333,0.0
threshold_delay,faults3,faults3,6,threshold_16,Threshold 16,3,31,13,3,3,0,1.0,,1,32,0,32,0,0,1,,0.0012406947890818859,,0.01934984520123839,1.0,1.0,0.0,1.0,0.3333333333333333,0.0
threshold_delay,faults3,faults3,6,threshold_16,Threshold 16,4,31,13,3,3,0,1.0,,1,32,0,32,0,0,1,,0.0012406947890818859,,0.01934984520123839,1.0,1.0,0.0,1.0,0.3333333333333333,0.0
threshold_delay,faults3,faults3,6,threshold_32,Threshold 32,0,31,13,3,3,0,1.0,,1,64,32,64,0,0,1,,0.0012406947890818859,,0.01934984520123839,1.0,1.0,0.0,1.0,0.3333333333333333,0.0
threshold_delay,faults3,faults3,6,threshold_32,Threshold 32,1,31,13,3,3,0,1.0,,1,32,0,32,0,0,1,,0.0012406947890818859,,0.01934984520123839,1.0,1.0,0.0,1.0,0.3333333333333333,0.0
threshold_delay,faults3,faults3,6,threshold_32,Threshold 32,2,31,13,3,3,0,1.0,,1,32,0,32,0,0,1,,0.0012406947890818859,,0.01934984520123839,1.0,1.0,0.0,1.0,0.3333333333333333,0.0
threshold_delay,faults3,faults3,6,threshold_32,Threshold 32,3,31,13,3,3,0,1.0,,1,32,0,32,0,0,1,,0.0012406947890818859,,0.01934984520123839,1.0,1.0,0.0,1.0,0.3333333333333333,0.0
threshold_delay,faults3,faults3,6,threshold_32,Threshold 32,4,31,13,3,3,0,1.0,,1,32,0,32,0,0,1,,0.0012406947890818859,,0.01934984520123839,1.0,1.0,0.0,1.0,0.3333333333333333,0.0
threshold_delay,faults3,faults3,7,threshold_1,Threshold 1,0,31,13,3,3,0,1.0,,1,33,1,33,0,0,1,,0.0012406947890818859,,0.01934984520123839,1.0,1.0,0.0,1.0,0.3333333333333333,0.0
threshold_delay,faults3,faults3,7,threshold_1,Threshold 1,1,31,13,3,3,0,1.0,,1,32,0,32,0,0,1,,0.0012406947890818859,,0.01934984520123839,1.0,1.0,0.0,1.0,0.3333333333333333,0.0
threshold_delay,faults3,faults3,7,threshold_1,Threshold 1,2,31,13,3,3,0,1.0,,1,32,0,32,0,0,1,,0.0012406947890818859,,0.01934984520123839,1.0,1.0,0.0,1.0,0.3333333333333333,0.0
threshold_delay,faults3,faults3,7,threshold_1,Threshold 1,3,31,13,3,3,0,1.0,,1,32,0,32,0,0,1,,0.0012406947890818859,,0.01934984520123839,1.0,1.0,0.0,1.0,0.3333333333333333,0.0
threshold_delay,faults3,faults3,7,threshold_1,Threshold 1,4,31,13,3,3,0,1.0,,1,32,0,32,0,0,1,,0.0012406947890818859,,0.01934984520123839,1.0,1.0,0.0,1.0,0.3333333333333333,0.0
threshold_delay,faults3,faults3,7,threshold_2,Threshold 2,0,31,13,3,3,0,1.0,,1,34,2,34,0,0,1,,0.0012406947890818859,,0.01934984520123839,1.0,1.0,0.0,1.0,0.3333333333333333,0.0
threshold_delay,faults3,faults3,7,threshold_2,Threshold 2,1,31,13,3,3,0,1.0,,1,32,0,32,0,0,1,,0.0012406947890818859,,0.01934984520123839,1.0,1.0,0.0,1.0,0.3333333333333333,0.0
threshold_delay,faults3,faults3,7,threshold_2,Threshold 2,2,31,13,3,3,0,1.0,,1,32,0,32,0,0,1,,0.0012406947890818859,,0.01934984520123839,1.0,1.0,0.0,1.0,0.3333333333333333,0.0
threshold_delay,faults3,faults3,7,threshold_2,Threshold 2,3,31,13,3,3,0,1.0,,1,32,0,32,0,0,1,,0.0012406947890818859,,0.01934984520123839,1.0,1.0,0.0,1.0,0.3333333333333333,0.0
threshold_delay,faults3,faults3,7,threshold_2,Threshold 2,4,31,13,3,3,0,1.0,,1,32,0,32,0,0,1,,0.0012406947890818859,,0.01934984520123839,1.0,1.0,0.0,1.0,0.3333333333333333,0.0
threshold_delay,faults3,faults3,7,threshold_4,Threshold 4,0,31,13,3,3,0,1.0,,1,36,4,36,0,0,1,,0.0012406947890818859,,0.01934984520123839,1.0,1.0,0.0,1.0,0.3333333333333333,0.0
threshold_delay,faults3,faults3,7,threshold_4,Threshold 4,1,31,13,3,3,0,1.0,,1,32,0,32,0,0,1,,0.0012406947890818859,,0.01934984520123839,1.0,1.0,0.0,1.0,0.3333333333333333,0.0
threshold_delay,faults3,faults3,7,threshold_4,Threshold 4,2,31,13,3,3,0,1.0,,1,32,0,32,0,0,1,,0.0012406947890818859,,0.01934984520123839,1.0,1.0,0.0,1.0,0.3333333333333333,0.0
threshold_delay,faults3,faults3,7,threshold_4,Threshold 4,3,31,13,3,3,0,1.0,,1,32,0,32,0,0,1,,0.0012406947890818859,,0.01934984520123839,1.0,1.0,0.0,1.0,0.3333333333333333,0.0
threshold_delay,faults3,faults3,7,threshold_4,Threshold 4,4,31,13,3,3,0,1.0,,1,32,0,32,0,0,1,,0.0012406947890818859,,0.01934984520123839,1.0,1.0,0.0,1.0,0.3333333333333333,0.0
threshold_delay,faults3,faults3,7,threshold_8,Threshold 8,0,31,13,3,3,0,1.0,,1,40,8,40,0,0,1,,0.0012406947890818859,,0.01934984520123839,1.0,1.0,0.0,1.0,0.3333333333333333,0.0
threshold_delay,faults3,faults3,7,threshold_8,Threshold 8,1,31,13,3,3,0,1.0,,1,32,0,32,0,0,1,,0.0012406947890818859,,0.01934984520123839,1.0,1.0,0.0,1.0,0.3333333333333333,0.0
threshold_delay,faults3,faults3,7,threshold_8,Threshold 8,2,31,13,3,3,0,1.0,,1,32,0,32,0,0,1,,0.0012406947890818859,,0.01934984520123839,1.0,1.0,0.0,1.0,0.3333333333333333,0.0
threshold_delay,faults3,faults3,7,threshold_8,Threshold 8,3,31,13,3,3,0,1.0,,1,32,0,32,0,0,1,,0.0012406947890818859,,0.01934984520123839,1.0,1.0,0.0,1.0,0.3333333333333333,0.0
threshold_delay,faults3,faults3,7,threshold_8,Threshold 8,4,31,13,3,3,0,1.0,,1,32,0,32,0,0,1,,0.0012406947890818859,,0.01934984520123839,1.0,1.0,0.0,1.0,0.3333333333333333,0.0
threshold_delay,faults3,faults3,7,threshold_16,Threshold 16,0,31,13,3,3,0,1.0,,1,48,16,48,0,0,1,,0.0012406947890818859,,0.01934984520123839,1.0,1.0,0.0,1.0,0.3333333333333333,0.0
threshold_delay,faults3,faults3,7,threshold_16,Threshold 16,1,31,13,3,3,0,1.0,,1,32,0,32,0,0,1,,0.0012406947890818859,,0.01934984520123839,1.0,1.0,0.0,1.0,0.3333333333333333,0.0
threshold_delay,faults3,faults3,7,threshold_16,Threshold 16,2,31,13,3,3,0,1.0,,1,32,0,32,0,0,1,,0.0012406947890818859,,0.01934984520123839,1.0,1.0,0.0,1.0,0.3333333333333333,0.0
threshold_delay,faults3,faults3,7,threshold_16,Threshold 16,3,31,13,3,3,0,1.0,,1,32,0,32,0,0,1,,0.0012406947890818859,,0.01934984520123839,1.0,1.0,0.0,1.0,0.3333333333333333,0.0
threshold_delay,faults3,faults3,7,threshold_16,Threshold 16,4,31,13,3,3,0,1.0,,1,32,0,32,0,0,1,,0.0012406947890818859,,0.01934984520123839,1.0,1.0,0.0,1.0,0.3333333333333333,0.0
threshold_delay,faults3,faults3,7,threshold_32,Threshold 32,0,31,13,3,3,0,1.0,,1,64,32,64,0,0,1,,0.0012406947890818859,,0.01934984520123839,1.0,1.0,0.0,1.0,0.3333333333333333,0.0
threshold_delay,faults3,faults3,7,threshold_32,Threshold 32,1,31,13,3,3,0,1.0,,1,32,0,32,0,0,1,,0.0012406947890818859,,0.01934984520123839,1.0,1.0,0.0,1.0,0.3333333333333333,0.0
threshold_delay,faults3,faults3,7,threshold_32,Threshold 32,2,31,13,3,3,0,1.0,,1,32,0,32,0,0,1,,0.0012406947890818859,,0.01934984520123839,1.0,1.0,0.0,1.0,0.3333333333333333,0.0
threshold_delay,faults3,faults3,7,threshold_32,Threshold 32,3,31,13,3,3,0,1.0,,1,32,0,32,0,0,1,,0.0012406947890818859,,0.01934984520123839,1.0,1.0,0.0,1.0,0.3333333333333333,0.0
threshold_delay,faults3,faults3,7,threshold_32,Threshold 32,4,31,13,3,3,0,1.0,,1,32,0,32,0,0,1,,0.0012406947890818859,,0.01934984520123839,1.0,1.0,0.0,1.0,0.3333333333333333,0.0
threshold_delay,faults3,faults3,8,threshold_1,Threshold 1,0,31,13,3,3,0,1.0,,1,33,1,33,0,0,1,,0.0012406947890818859,,0.01934984520123839,1.0,1.0,0.0,1.0,0.3333333333333333,0.0
threshold_delay,faults3,faults3,8,threshold_1,Threshold 1,1,31,13,3,3,0,1.0,,1,32,0,32,0,0,1,,0.0012406947890818859,,0.01934984520123839,1.0,1.0,0.0,1.0,0.3333333333333333,0.0
threshold_delay,faults3,faults3,8,threshold_1,Threshold 1,2,31,13,3,3,0,1.0,,1,32,0,32,0,0,1,,0.0012406947890818859,,0.01934984520123839,1.0,1.0,0.0,1.0,0.3333333333333333,0.0
threshold_delay,faults3,faults3,8,threshold_1,Threshold 1,3,31,13,3,3,0,1.0,,1,32,0,32,0,0,1,,0.0012406947890818859,,0.01934984520123839,1.0,1.0,0.0,1.0,0.3333333333333333,0.0
threshold_delay,faults3,faults3,8,threshold_1,Threshold 1,4,31,13,3,3,0,1.0,,1,32,0,32,0,0,1,,0.0012406947890818859,,0.01934984520123839,1.0,1.0,0.0,1.0,0.3333333333333333,0.0
threshold_delay,faults3,faults3,8,threshold_2,Threshold 2,0,31,13,3,3,0,1.0,,1,34,2,34,0,0,1,,0.0012406947890818859,,0.01934984520123839,1.0,1.0,0.0,1.0,0.3333333333333333,0.0
threshold_delay,faults3,faults3,8,threshold_2,Threshold 2,1,31,13,3,3,0,1.0,,1,32,0,32,0,0,1,,0.0012406947890818859,,0.01934984520123839,1.0,1.0,0.0,1.0,0.3333333333333333,0.0
threshold_delay,faults3,faults3,8,threshold_2,Threshold 2,2,31,13,3,3,0,1.0,,1,32,0,32,0,0,1,,0.0012406947890818859,,0.01934984520123839,1.0,1.0,0.0,1.0,0.3333333333333333,0.0
threshold_delay,faults3,faults3,8,threshold_2,Threshold 2,3,31,13,3,3,0,1.0,,1,32,0,32,0,0,1,,0.0012406947890818859,,0.01934984520123839,1.0,1.0,0.0,1.0,0.3333333333333333,0.0
threshold_delay,faults3,faults3,8,threshold_2,Threshold 2,4,31,13,3,3,0,1.0,,1,32,0,32,0,0,1,,0.0012406947890818859,,0.01934984520123839,1.0,1.0,0.0,1.0,0.3333333333333333,0.0
threshold_delay,faults3,faults3,8,threshold_4,Threshold 4,0,31,13,3,3,0,1.0,,1,36,4,36,0,0,1,,0.0012406947890818859,,0.01934984520123839,1.0,1.0,0.0,1.0,0.3333333333333333,0.0
threshold_delay,faults3,faults3,8,threshold_4,Threshold 4,1,31,13,3,3,0,1.0,,1,32,0,32,0,0,1,,0.0012406947890818859,,0.01934984520123839,1.0,1.0,0.0,1.0,0.3333333333333333,0.0
threshold_delay,faults3,faults3,8,threshold_4,Threshold 4,2,31,13,3,3,0,1.0,,1,32,0,32,0,0,1,,0.0012406947890818859,,0.01934984520123839,1.0,1.0,0.0,1.0,0.3333333333333333,0.0
threshold_delay,faults3,faults3,8,threshold_4,Threshold 4,3,31,13,3,3,0,1.0,,1,32,0,32,0,0,1,,0.0012406947890818859,,0.01934984520123839,1.0,1.0,0.0,1.0,0.3333333333333333,0.0
threshold_delay,faults3,faults3,8,threshold_4,Threshold 4,4,31,13,3,3,0,1.0,,1,32,0,32,0,0,1,,0.0012406947890818859,,0.01934984520123839,1.0,1.0,0.0,1.0,0.3333333333333333,0.0
threshold_delay,faults3,faults3,8,threshold_8,Threshold 8,0,31,13,3,3,0,1.0,,1,40,8,40,0,0,1,,0.0012406947890818859,,0.01934984520123839,1.0,1.0,0.0,1.0,0.3333333333333333,0.0
threshold_delay,faults3,faults3,8,threshold_8,Threshold 8,1,31,13,3,3,0,1.0,,1,32,0,32,0,0,1,,0.0012406947890818859,,0.01934984520123839,1.0,1.0,0.0,1.0,0.3333333333333333,0.0
threshold_delay,faults3,faults3,8,threshold_8,Threshold 8,2,31,13,3,3,0,1.0,,1,32,0,32,0,0,1,,0.0012406947890818859,,0.01934984520123839,1.0,1.0,0.0,1.0,0.3333333333333333,0.0
threshold_delay,faults3,faults3,8,threshold_8,Threshold 8,3,31,13,3,3,0,1.0,,1,32,0,32,0,0,1,,0.0012406947890818859,,0.01934984520123839,1.0,1.0,0.0,1.0,0.3333333333333333,0.0
threshold_delay,faults3,faults3,8,threshold_8,Threshold 8,4,31,13,3,3,0,1.0,,1,32,0,32,0,0,1,,0.0012406947890818859,,0.01934984520123839,1.0,1.0,0.0,1.0,0.3333333333333333,0.0
threshold_delay,faults3,faults3,8,threshold_16,Threshold 16,0,31,13,3,3,0,1.0,,1,48,16,48,0,0,1,,0.0012406947890818859,,0.01934984520123839,1.0,1.0,0.0,1.0,0.3333333333333333,0.0
threshold_delay,faults3,faults3,8,threshold_16,Threshold 16,1,31,13,3,3,0,1.0,,1,32,0,32,0,0,1,,0.0012406947890818859,,0.01934984520123839,1.0,1.0,0.0,1.0,0.3333333333333333,0.0
threshold_delay,faults3,faults3,8,threshold_16,Threshold 16,2,31,13,3,3,0,1.0,,1,32,0,32,0,0,1,,0.0012406947890818859,,0.01934984520123839,1.0,1.0,0.0,1.0,0.3333333333333333,0.0
threshold_delay,faults3,faults3,8,threshold_16,Threshold 16,3,31,13,3,3,0,1.0,,1,32,0,32,0,0,1,,0.0012406947890818859,,0.01934984520123839,1.0,1.0,0.0,1.0,0.3333333333333333,0.0
threshold_delay,faults3,faults3,8,threshold_16,Threshold 16,4,31,13,3,3,0,1.0,,1,32,0,32,0,0,1,,0.0012406947890818859,,0.01934984520123839,1.0,1.0,0.0,1.0,0.3333333333333333,0.0
threshold_delay,faults3,faults3,8,threshold_32,Threshold 32,0,31,13,3,3,0,1.0,,1,64,32,64,0,0,1,,0.0012406947890818859,,0.01934984520123839,1.0,1.0,0.0,1.0,0.3333333333333333,0.0
threshold_delay,faults3,faults3,8,threshold_32,Threshold 32,1,31,13,3,3,0,1.0,,1,32,0,32,0,0,1,,0.0012406947890818859,,0.01934984520123839,1.0,1.0,0.0,1.0,0.3333333333333333,0.0
threshold_delay,faults3,faults3,8,threshold_32,Threshold 32,2,31,13,3,3,0,1.0,,1,32,0,32,0,0,1,,0.0012406947890818859,,0.01934984520123839,1.0,1.0,0.0,1.0,0.3333333333333333,0.0
threshold_delay,faults3,faults3,8,threshold_32,Threshold 32,3,31,13,3,3,0,1.0,,1,32,0,32,0,0,1,,0.0012406947890818859,,0.01934984520123839,1.0,1.0,0.0,1.0,0.3333333333333333,0.0
threshold_delay,faults3,faults3,8,threshold_32,Threshold 32,4,31,13,3,3,0,1.0,,1,32,0,32,0,0,1,,0.0012406947890818859,,0.01934984520123839,1.0,1.0,0.0,1.0,0.3333333333333333,0.0
threshold_delay,faults3,faults3,9,threshold_1,Threshold 1,0,31,13,3,3,0,1.0,,1,33,1,33,0,0,1,,0.0012406947890818859,,0.01934984520123839,1.0,1.0,0.0,1.0,0.3333333333333333,0.0
threshold_delay,faults3,faults3,9,threshold_1,Threshold 1,1,31,13,3,3,0,1.0,,1,32,0,32,0,0,1,,0.0012406947890818859,,0.01934984520123839,1.0,1.0,0.0,1.0,0.3333333333333333,0.0
threshold_delay,faults3,faults3,9,threshold_1,Threshold 1,2,31,13,3,3,0,1.0,,1,32,0,32,0,0,1,,0.0012406947890818859,,0.01934984520123839,1.0,1.0,0.0,1.0,0.3333333333333333,0.0
threshold_delay,faults3,faults3,9,threshold_1,Threshold 1,3,31,13,3,3,0,1.0,,1,32,0,32,0,0,1,,0.0012406947890818859,,0.01934984520123839,1.0,1.0,0.0,1.0,0.3333333333333333,0.0
threshold_delay,faults3,faults3,9,threshold_1,Threshold 1,4,31,13,3,3,0,1.0,,1,32,0,32,0,0,1,,0.0012406947890818859,,0.01934984520123839,1.0,1.0,0.0,1.0,0.3333333333333333,0.0
threshold_delay,faults3,faults3,9,threshold_2,Threshold 2,0,31,13,3,3,0,1.0,,1,34,2,34,0,0,1,,0.0012406947890818859,,0.01934984520123839,1.0,1.0,0.0,1.0,0.3333333333333333,0.0
threshold_delay,faults3,faults3,9,threshold_2,Threshold 2,1,31,13,3,3,0,1.0,,1,32,0,32,0,0,1,,0.0012406947890818859,,0.01934984520123839,1.0,1.0,0.0,1.0,0.3333333333333333,0.0
threshold_delay,faults3,faults3,9,threshold_2,Threshold 2,2,31,13,3,3,0,1.0,,1,32,0,32,0,0,1,,0.0012406947890818859,,0.01934984520123839,1.0,1.0,0.0,1.0,0.3333333333333333,0.0
threshold_delay,faults3,faults3,9,threshold_2,Threshold 2,3,31,13,3,3,0,1.0,,1,32,0,32,0,0,1,,0.0012406947890818859,,0.01934984520123839,1.0,1.0,0.0,1.0,0.3333333333333333,0.0
threshold_delay,faults3,faults3,9,threshold_2,Threshold 2,4,31,13,3,3,0,1.0,,1,32,0,32,0,0,1,,0.0012406947890818859,,0.01934984520123839,1.0,1.0,0.0,1.0,0.3333333333333333,0.0
threshold_delay,faults3,faults3,9,threshold_4,Threshold 4,0,31,13,3,3,0,1.0,,1,36,4,36,0,0,1,,0.0012406947890818859,,0.01934984520123839,1.0,1.0,0.0,1.0,0.3333333333333333,0.0
threshold_delay,faults3,faults3,9,threshold_4,Threshold 4,1,31,13,3,3,0,1.0,,1,32,0,32,0,0,1,,0.0012406947890818859,,0.01934984520123839,1.0,1.0,0.0,1.0,0.3333333333333333,0.0
threshold_delay,faults3,faults3,9,threshold_4,Threshold 4,2,31,13,3,3,0,1.0,,1,32,0,32,0,0,1,,0.0012406947890818859,,0.01934984520123839,1.0,1.0,0.0,1.0,0.3333333333333333,0.0
threshold_delay,faults3,faults3,9,threshold_4,Threshold 4,3,31,13,3,3,0,1.0,,1,32,0,32,0,0,1,,0.0012406947890818859,,0.01934984520123839,1.0,1.0,0.0,1.0,0.3333333333333333,0.0
threshold_delay,faults3,faults3,9,threshold_4,Threshold 4,4,31,13,3,3,0,1.0,,1,32,0,32,0,0,1,,0.0012406947890818859,,0.01934984520123839,1.0,1.0,0.0,1.0,0.3333333333333333,0.0
threshold_delay,faults3,faults3,9,threshold_8,Threshold 8,0,31,13,3,3,0,1.0,,1,40,8,40,0,0,1,,0.0012406947890818859,,0.01934984520123839,1.0,1.0,0.0,1.0,0.3333333333333333,0.0
threshold_delay,faults3,faults3,9,threshold_8,Threshold 8,1,31,13,3,3,0,1.0,,1,32,0,32,0,0,1,,0.0012406947890818859,,0.01934984520123839,1.0,1.0,0.0,1.0,0.3333333333333333,0.0
threshold_delay,faults3,faults3,9,threshold_8,Threshold 8,2,31,13,3,3,0,1.0,,1,32,0,32,0,0,1,,0.0012406947890818859,,0.01934984520123839,1.0,1.0,0.0,1.0,0.3333333333333333,0.0
threshold_delay,faults3,faults3,9,threshold_8,Threshold 8,3,31,13,3,3,0,1.0,,1,32,0,32,0,0,1,,0.0012406947890818859,,0.01934984520123839,1.0,1.0,0.0,1.0,0.3333333333333333,0.0
threshold_delay,faults3,faults3,9,threshold_8,Threshold 8,4,31,13,3,3,0,1.0,,1,32,0,32,0,0,1,,0.0012406947890818859,,0.01934984520123839,1.0,1.0,0.0,1.0,0.3333333333333333,0.0
threshold_delay,faults3,faults3,9,threshold_16,Threshold 16,0,31,13,3,3,0,1.0,,1,48,16,48,0,0,1,,0.0012406947890818859,,0.01934984520123839,1.0,1.0,0.0,1.0,0.3333333333333333,0.0
threshold_delay,faults3,faults3,9,threshold_16,Threshold 16,1,31,13,3,3,0,1.0,,1,32,0,32,0,0,1,,0.0012406947890818859,,0.01934984520123839,1.0,1.0,0.0,1.0,0.3333333333333333,0.0
threshold_delay,faults3,faults3,9,threshold_16,Threshold 16,2,31,13,3,3,0,1.0,,1,32,0,32,0,0,1,,0.0012406947890818859,,0.01934984520123839,1.0,1.0,0.0,1.0,0.3333333333333333,0.0
threshold_delay,faults3,faults3,9,threshold_16,Threshold 16,3,31,13,3,3,0,1.0,,1,32,0,32,0,0,1,,0.0012406947890818859,,0.01934984520123839,1.0,1.0,0.0,1.0,0.3333333333333333,0.0
threshold_delay,faults3,faults3,9,threshold_16,Threshold 16,4,31,13,3,3,0,1.0,,1,32,0,32,0,0,1,,0.0012406947890818859,,0.01934984520123839,1.0,1.0,0.0,1.0,0.3333333333333333,0.0
threshold_delay,faults3,faults3,9,threshold_32,Threshold 32,0,31,13,3,3,0,1.0,,1,64,32,64,0,0,1,,0.0012406947890818859,,0.01934984520123839,1.0,1.0,0.0,1.0,0.3333333333333333,0.0
threshold_delay,faults3,faults3,9,threshold_32,Threshold 32,1,31,13,3,3,0,1.0,,1,32,0,32,0,0,1,,0.0012406947890818859,,0.01934984520123839,1.0,1.0,0.0,1.0,0.3333333333333333,0.0
threshold_delay,faults3,faults3,9,threshold_32,Threshold 32,2,31,13,3,3,0,1.0,,1,32,0,32,0,0,1,,0.0012406947890818859,,0.01934984520123839,1.0,1.0,0.0,1.0,0.3333333333333333,0.0
threshold_delay,faults3,faults3,9,threshold_32,Threshold 32,3,31,13,3,3,0,1.0,,1,32,0,32,0,0,1,,0.0012406947890818859,,0.01934984520123839,1.0,1.0,0.0,1.0,0.3333333333333333,0.0
threshold_delay,faults3,faults3,9,threshold_32,Threshold 32,4,31,13,3,3,0,1.0,,1,32,0,32,0,0,1,,0.0012406947890818859,,0.01934984520123839,1.0,1.0,0.0,1.0,0.3333333333333333,0.0
threshold_delay,faults3,faults3,10,threshold_1,Threshold 1,0,31,13,3,3,0,1.0,,1,33,1,33,0,0,1,,0.0012406947890818859,,0.01934984520123839,1.0,1.0,0.0,1.0,0.3333333333333333,0.0
threshold_delay,faults3,faults3,10,threshold_1,Threshold 1,1,31,13,3,3,0,1.0,,1,32,0,32,0,0,1,,0.0012406947890818859,,0.01934984520123839,1.0,1.0,0.0,1.0,0.3333333333333333,0.0
threshold_delay,faults3,faults3,10,threshold_1,Threshold 1,2,31,13,3,3,0,1.0,,1,32,0,32,0,0,1,,0.0012406947890818859,,0.01934984520123839,1.0,1.0,0.0,1.0,0.3333333333333333,0.0
threshold_delay,faults3,faults3,10,threshold_1,Threshold 1,3,31,13,3,3,0,1.0,,1,32,0,32,0,0,1,,0.0012406947890818859,,0.01934984520123839,1.0,1.0,0.0,1.0,0.3333333333333333,0.0
threshold_delay,faults3,faults3,10,threshold_1,Threshold 1,4,31,13,3,3,0,1.0,,1,32,0,32,0,0,1,,0.0012406947890818859,,0.01934984520123839,1.0,1.0,0.0,1.0,0.3333333333333333,0.0
threshold_delay,faults3,faults3,10,threshold_2,Threshold 2,0,31,13,3,3,0,1.0,,1,34,2,34,0,0,1,,0.0012406947890818859,,0.01934984520123839,1.0,1.0,0.0,1.0,0.3333333333333333,0.0
threshold_delay,faults3,faults3,10,threshold_2,Threshold 2,1,31,13,3,3,0,1.0,,1,32,0,32,0,0,1,,0.0012406947890818859,,0.01934984520123839,1.0,1.0,0.0,1.0,0.3333333333333333,0.0
threshold_delay,faults3,faults3,10,threshold_2,Threshold 2,2,31,13,3,3,0,1.0,,1,32,0,32,0,0,1,,0.0012406947890818859,,0.01934984520123839,1.0,1.0,0.0,1.0,0.3333333333333333,0.0
threshold_delay,faults3,faults3,10,threshold_2,Threshold 2,3,31,13,3,3,0,1.0,,1,32,0,32,0,0,1,,0.0012406947890818859,,0.01934984520123839,1.0,1.0,0.0,1.0,0.3333333333333333,0.0
threshold_delay,faults3,faults3,10,threshold_2,Threshold 2,4,31,13,3,3,0,1.0,,1,32,0,32,0,0,1,,0.0012406947890818859,,0.01934984520123839,1.0,1.0,0.0,1.0,0.3333333333333333,0.0
threshold_delay,faults3,faults3,10,threshold_4,Threshold 4,0,31,13,3,3,0,1.0,,1,36,4,36,0,0,1,,0.0012406947890818859,,0.01934984520123839,1.0,1.0,0.0,1.0,0.3333333333333333,0.0
threshold_delay,faults3,faults3,10,threshold_4,Threshold 4,1,31,13,3,3,0,1.0,,1,32,0,32,0,0,1,,0.0012406947890818859,,0.01934984520123839,1.0,1.0,0.0,1.0,0.3333333333333333,0.0
threshold_delay,faults3,faults3,10,threshold_4,Threshold 4,2,31,13,3,3,0,1.0,,1,32,0,32,0,0,1,,0.0012406947890818859,,0.01934984520123839,1.0,1.0,0.0,1.0,0.3333333333333333,0.0
threshold_delay,faults3,faults3,10,threshold_4,Threshold 4,3,31,13,3,3,0,1.0,,1,32,0,32,0,0,1,,0.0012406947890818859,,0.01934984520123839,1.0,1.0,0.0,1.0,0.3333333333333333,0.0
threshold_delay,faults3,faults3,10,threshold_4,Threshold 4,4,31,13,3,3,0,1.0,,1,32,0,32,0,0,1,,0.0012406947890818859,,0.01934984520123839,1.0,1.0,0.0,1.0,0.3333333333333333,0.0
threshold_delay,faults3,faults3,10,threshold_8,Threshold 8,0,31,13,3,3,0,1.0,,1,40,8,40,0,0,1,,0.0012406947890818859,,0.01934984520123839,1.0,1.0,0.0,1.0,0.3333333333333333,0.0
threshold_delay,faults3,faults3,10,threshold_8,Threshold 8,1,31,13,3,3,0,1.0,,1,32,0,32,0,0,1,,0.0012406947890818859,,0.01934984520123839,1.0,1.0,0.0,1.0,0.3333333333333333,0.0
threshold_delay,faults3,faults3,10,threshold_8,Threshold 8,2,31,13,3,3,0,1.0,,1,32,0,32,0,0,1,,0.0012406947890818859,,0.01934984520123839,1.0,1.0,0.0,1.0,0.3333333333333333,0.0
threshold_delay,faults3,faults3,10,threshold_8,Threshold 8,3,31,13,3,3,0,1.0,,1,32,0,32,0,0,1,,0.0012406947890818859,,0.01934984520123839,1.0,1.0,0.0,1.0,0.3333333333333333,0.0
threshold_delay,faults3,faults3,10,threshold_8,Threshold 8,4,31,13,3,3,0,1.0,,1,32,0,32,0,0,1,,0.0012406947890818859,,0.01934984520123839,1.0,1.0,0.0,1.0,0.3333333333333333,0.0
threshold_delay,faults3,faults3,10,threshold_16,Threshold 16,0,31,13,3,3,0,1.0,,1,48,16,48,0,0,1,,0.0012406947890818859,,0.01934984520123839,1.0,1.0,0.0,1.0,0.3333333333333333,0.0
threshold_delay,faults3,faults3,10,threshold_16,Threshold 16,1,31,13,3,3,0,1.0,,1,32,0,32,0,0,1,,0.0012406947890818859,,0.01934984520123839,1.0,1.0,0.0,1.0,0.3333333333333333,0.0
threshold_delay,faults3,faults3,10,threshold_16,Threshold 16,2,31,13,3,3,0,1.0,,1,32,0,32,0,0,1,,0.0012406947890818859,,0.01934984520123839,1.0,1.0,0.0,1.0,0.3333333333333333,0.0
threshold_delay,faults3,faults3,10,threshold_16,Threshold 16,3,31,13,3,3,0,1.0,,1,32,0,32,0,0,1,,0.0012406947890818859,,0.01934984520123839,1.0,1.0,0.0,1.0,0.3333333333333333,0.0
threshold_delay,faults3,faults3,10,threshold_16,Threshold 16,4,31,13,3,3,0,1.0,,1,32,0,32,0,0,1,,0.0012406947890818859,,0.01934984520123839,1.0,1.0,0.0,1.0,0.3333333333333333,0.0
threshold_delay,faults3,faults3,10,threshold_32,Threshold 32,0,31,13,3,3,0,1.0,,1,64,32,64,0,0,1,,0.0012406947890818859,,0.01934984520123839,1.0,1.0,0.0,1.0,0.3333333333333333,0.0
threshold_delay,faults3,faults3,10,threshold_32,Threshold 32,1,31,13,3,3,0,1.0,,1,32,0,32,0,0,1,,0.0012406947890818859,,0.01934984520123839,1.0,1.0,0.0,1.0,0.3333333333333333,0.0
threshold_delay,faults3,faults3,10,threshold_32,Threshold 32,2,31,13,3,3,0,1.0,,1,32,0,32,0,0,1,,0.0012406947890818859,,0.01934984520123839,1.0,1.0,0.0,1.0,0.3333333333333333,0.0
threshold_delay,faults3,faults3,10,threshold_32,Threshold 32,3,31,13,3,3,0,1.0,,1,32,0,32,0,0,1,,0.0012406947890818859,,0.01934984520123839,1.0,1.0,0.0,1.0,0.3333333333333333,0.0
threshold_delay,faults3,faults3,10,threshold_32,Threshold 32,4,31,13,3,3,0,1.0,,1,32,0,32,0,0,1,,0.0012406947890818859,,0.01934984520123839,1.0,1.0,0.0,1.0,0.3333333333333333,0.0
threshold_delay,faults3,faults3,11,threshold_1,Threshold 1,0,31,13,3,3,0,1.0,,1,33,1,33,0,0,1,,0.0012406947890818859,,0.01934984520123839,1.0,1.0,0.0,1.0,0.3333333333333333,0.0
threshold_delay,faults3,faults3,11,threshold_1,Threshold 1,1,31,13,3,3,0,1.0,,1,32,0,32,0,0,1,,0.0012406947890818859,,0.01934984520123839,1.0,1.0,0.0,1.0,0.3333333333333333,0.0
threshold_delay,faults3,faults3,11,threshold_1,Threshold 1,2,31,13,3,3,0,1.0,,1,32,0,32,0,0,1,,0.0012406947890818859,,0.01934984520123839,1.0,1.0,0.0,1.0,0.3333333333333333,0.0
threshold_delay,faults3,faults3,11,threshold_1,Threshold 1,3,31,13,3,3,0,1.0,,1,32,0,32,0,0,1,,0.0012406947890818859,,0.01934984520123839,1.0,1.0,0.0,1.0,0.3333333333333333,0.0
threshold_delay,faults3,faults3,11,threshold_1,Threshold 1,4,31,13,3,3,0,1.0,,1,32,0,32,0,0,1,,0.0012406947890818859,,0.01934984520123839,1.0,1.0,0.0,1.0,0.3333333333333333,0.0
threshold_delay,faults3,faults3,11,threshold_2,Threshold 2,0,31,13,3,3,0,1.0,,1,34,2,34,0,0,1,,0.0012406947890818859,,0.01934984520123839,1.0,1.0,0.0,1.0,0.3333333333333333,0.0
threshold_delay,faults3,faults3,11,threshold_2,Threshold 2,1,31,13,3,3,0,1.0,,1,32,0,32,0,0,1,,0.0012406947890818859,,0.01934984520123839,1.0,1.0,0.0,1.0,0.3333333333333333,0.0
threshold_delay,faults3,faults3,11,threshold_2,Threshold 2,2,31,13,3,3,0,1.0,,1,32,0,32,0,0,1,,0.0012406947890818859,,0.01934984520123839,1.0,1.0,0.0,1.0,0.3333333333333333,0.0
threshold_delay,faults3,faults3,11,threshold_2,Threshold 2,3,31,13,3,3,0,1.0,,1,32,0,32,0,0,1,,0.0012406947890818859,,0.01934984520123839,1.0,1.0,0.0,1.0,0.3333333333333333,0.0
threshold_delay,faults3,faults3,11,threshold_2,Threshold 2,4,31,13,3,3,0,1.0,,1,32,0,32,0,0,1,,0.0012406947890818859,,0.01934984520123839,1.0,1.0,0.0,1.0,0.3333333333333333,0.0
threshold_delay,faults3,faults3,11,threshold_4,Threshold 4,0,31,13,3,3,0,1.0,,1,36,4,36,0,0,1,,0.0012406947890818859,,0.01934984520123839,1.0,1.0,0.0,1.0,0.3333333333333333,0.0
threshold_delay,faults3,faults3,11,threshold_4,Threshold 4,1,31,13,3,3,0,1.0,,1,32,0,32,0,0,1,,0.0012406947890818859,,0.01934984520123839,1.0,1.0,0.0,1.0,0.3333333333333333,0.0
threshold_delay,faults3,faults3,11,threshold_4,Threshold 4,2,31,13,3,3,0,1.0,,1,32,0,32,0,0,1,,0.0012406947890818859,,0.01934984520123839,1.0,1.0,0.0,1.0,0.3333333333333333,0.0
threshold_delay,faults3,faults3,11,threshold_4,Threshold 4,3,31,13,3,3,0,1.0,,1,32,0,32,0,0,1,,0.0012406947890818859,,0.01934984520123839,1.0,1.0,0.0,1.0,0.3333333333333333,0.0
threshold_delay,faults3,faults3,11,threshold_4,Threshold 4,4,31,13,3,3,0,1.0,,1,32,0,32,0,0,1,,0.0012406947890818859,,0.01934984520123839,1.0,1.0,0.0,1.0,0.3333333333333333,0.0
threshold_delay,faults3,faults3,11,threshold_8,Threshold 8,0,31,13,3,3,0,1.0,,1,40,8,40,0,0,1,,0.0012406947890818859,,0.01934984520123839,1.0,1.0,0.0,1.0,0.3333333333333333,0.0
threshold_delay,faults3,faults3,11,threshold_8,Threshold 8,1,31,13,3,3,0,1.0,,1,32,0,32,0,0,1,,0.0012406947890818859,,0.01934984520123839,1.0,1.0,0.0,1.0,0.3333333333333333,0.0
threshold_delay,faults3,faults3,11,threshold_8,Threshold 8,2,31,13,3,3,0,1.0,,1,32,0,32,0,0,1,,0.0012406947890818859,,0.01934984520123839,1.0,1.0,0.0,1.0,0.3333333333333333,0.0
threshold_delay,faults3,faults3,11,threshold_8,Threshold 8,3,31,13,3,3,0,1.0,,1,32,0,32,0,0,1,,0.0012406947890818859,,0.01934984520123839,1.0,1.0,0.0,1.0,0.3333333333333333,0.0
threshold_delay,faults3,faults3,11,threshold_8,Threshold 8,4,31,13,3,3,0,1.0,,1,32,0,32,0,0,1,,0.0012406947890818859,,0.01934984520123839,1.0,1.0,0.0,1.0,0.3333333333333333,0.0
threshold_delay,faults3,faults3,11,threshold_16,Threshold 16,0,31,13,3,3,0,1.0,,1,48,16,48,0,0,1,,0.0012406947890818859,,0.01934984520123839,1.0,1.0,0.0,1.0,0.3333333333333333,0.0
threshold_delay,faults3,faults3,11,threshold_16,Threshold 16,1,31,13,3,3,0,1.0,,1,32,0,32,0,0,1,,0.0012406947890818859,,0.01934984520123839,1.0,1.0,0.0,1.0,0.3333333333333333,0.0
threshold_delay,faults3,faults3,11,threshold_16,Threshold 16,2,31,13,3,3,0,1.0,,1,32,0,32,0,0,1,,0.0012406947890818859,,0.01934984520123839,1.0,1.0,0.0,1.0,0.3333333333333333,0.0
threshold_delay,faults3,faults3,11,threshold_16,Threshold 16,3,31,13,3,3,0,1.0,,1,32,0,32,0,0,1,,0.0012406947890818859,,0.01934984520123839,1.0,1.0,0.0,1.0,0.3333333333333333,0.0
threshold_delay,faults3,faults3,11,threshold_16,Threshold 16,4,31,13,3,3,0,1.0,,1,32,0,32,0,0,1,,0.0012406947890818859,,0.01934984520123839,1.0,1.0,0.0,1.0,0.3333333333333333,0.0
threshold_delay,faults3,faults3,11,threshold_32,Threshold 32,0,31,13,3,3,0,1.0,,1,64,32,64,0,0,1,,0.0012406947890818859,,0.01934984520123839,1.0,1.0,0.0,1.0,0.3333333333333333,0.0
threshold_delay,faults3,faults3,11,threshold_32,Threshold 32,1,31,13,3,3,0,1.0,,1,32,0,32,0,0,1,,0.0012406947890818859,,0.01934984520123839,1.0,1.0,0.0,1.0,0.3333333333333333,0.0
threshold_delay,faults3,faults3,11,threshold_32,Threshold 32,2,31,13,3,3,0,1.0,,1,32,0,32,0,0,1,,0.0012406947890818859,,0.01934984520123839,1.0,1.0,0.0,1.0,0.3333333333333333,0.0
threshold_delay,faults3,faults3,11,threshold_32,Threshold 32,3,31,13,3,3,0,1.0,,1,32,0,32,0,0,1,,0.0012406947890818859,,0.01934984520123839,1.0,1.0,0.0,1.0,0.3333333333333333,0.0
threshold_delay,faults3,faults3,11,threshold_32,Threshold 32,4,31,13,3,3,0,1.0,,1,32,0,32,0,0,1,,0.0012406947890818859,,0.01934984520123839,1.0,1.0,0.0,1.0,0.3333333333333333,0.0
threshold_delay,faults3,faults3,12,threshold_1,Threshold 1,0,31,13,3,3,0,1.0,,1,33,1,33,0,0,1,,0.0012406947890818859,,0.01934984520123839,1.0,1.0,0.0,1.0,0.3333333333333333,0.0
threshold_delay,faults3,faults3,12,threshold_1,Threshold 1,1,31,13,3,3,0,1.0,,1,32,0,32,0,0,1,,0.0012406947890818859,,0.01934984520123839,1.0,1.0,0.0,1.0,0.3333333333333333,0.0
threshold_delay,faults3,faults3,12,threshold_1,Threshold 1,2,31,13,3,3,0,1.0,,1,32,0,32,0,0,1,,0.0012406947890818859,,0.01934984520123839,1.0,1.0,0.0,1.0,0.3333333333333333,0.0
threshold_delay,faults3,faults3,12,threshold_1,Threshold 1,3,31,13,3,3,0,1.0,,1,32,0,32,0,0,1,,0.0012406947890818859,,0.01934984520123839,1.0,1.0,0.0,1.0,0.3333333333333333,0.0
threshold_delay,faults3,faults3,12,threshold_1,Threshold 1,4,31,13,3,3,0,1.0,,1,32,0,32,0,0,1,,0.0012406947890818859,,0.01934984520123839,1.0,1.0,0.0,1.0,0.3333333333333333,0.0
threshold_delay,faults3,faults3,12,threshold_2,Threshold 2,0,31,13,3,3,0,1.0,,1,34,2,34,0,0,1,,0.0012406947890818859,,0.01934984520123839,1.0,1.0,0.0,1.0,0.3333333333333333,0.0
threshold_delay,faults3,faults3,12,threshold_2,Threshold 2,1,31,13,3,3,0,1.0,,1,32,0,32,0,0,1,,0.0012406947890818859,,0.01934984520123839,1.0,1.0,0.0,1.0,0.3333333333333333,0.0
threshold_delay,faults3,faults3,12,threshold_2,Threshold 2,2,31,13,3,3,0,1.0,,1,32,0,32,0,0,1,,0.0012406947890818859,,0.01934984520123839,1.0,1.0,0.0,1.0,0.3333333333333333,0.0
threshold_delay,faults3,faults3,12,threshold_2,Threshold 2,3,31,13,3,3,0,1.0,,1,32,0,32,0,0,1,,0.0012406947890818859,,0.01934984520123839,1.0,1.0,0.0,1.0,0.3333333333333333,0.0
threshold_delay,faults3,faults3,12,threshold_2,Threshold 2,4,31,13,3,3,0,1.0,,1,32,0,32,0,0,1,,0.0012406947890818859,,0.01934984520123839,1.0,1.0,0.0,1.0,0.3333333333333333,0.0
threshold_delay,faults3,faults3,12,threshold_4,Threshold 4,0,31,13,3,3,0,1.0,,1,36,4,36,0,0,1,,0.0012406947890818859,,0.01934984520123839,1.0,1.0,0.0,1.0,0.3333333333333333,0.0
threshold_delay,faults3,faults3,12,threshold_4,Threshold 4,1,31,13,3,3,0,1.0,,1,32,0,32,0,0,1,,0.0012406947890818859,,0.01934984520123839,1.0,1.0,0.0,1.0,0.3333333333333333,0.0
threshold_delay,faults3,faults3,12,threshold_4,Threshold 4,2,31,13,3,3,0,1.0,,1,32,0,32,0,0,1,,0.0012406947890818859,,0.01934984520123839,1.0,1.0,0.0,1.0,0.3333333333333333,0.0
threshold_delay,faults3,faults3,12,threshold_4,Threshold 4,3,31,13,3,3,0,1.0,,1,32,0,32,0,0,1,,0.0012406947890818859,,0.01934984520123839,1.0,1.0,0.0,1.0,0.3333333333333333,0.0
threshold_delay,faults3,faults3,12,threshold_4,Threshold 4,4,31,13,3,3,0,1.0,,1,32,0,32,0,0,1,,0.0012406947890818859,,0.01934984520123839,1.0,1.0,0.0,1.0,0.3333333333333333,0.0
threshold_delay,faults3,faults3,12,threshold_8,Threshold 8,0,31,13,3,3,0,1.0,,1,40,8,40,0,0,1,,0.0012406947890818859,,0.01934984520123839,1.0,1.0,0.0,1.0,0.3333333333333333,0.0
threshold_delay,faults3,faults3,12,threshold_8,Threshold 8,1,31,13,3,3,0,1.0,,1,32,0,32,0,0,1,,0.0012406947890818859,,0.01934984520123839,1.0,1.0,0.0,1.0,0.3333333333333333,0.0
threshold_delay,faults3,faults3,12,threshold_8,Threshold 8,2,31,13,3,3,0,1.0,,1,32,0,32,0,0,1,,0.0012406947890818859,,0.01934984520123839,1.0,1.0,0.0,1.0,0.3333333333333333,0.0
threshold_delay,faults3,faults3,12,threshold_8,Threshold 8,3,31,13,3,3,0,1.0,,1,32,0,32,0,0,1,,0.0012406947890818859,,0.01934984520123839,1.0,1.0,0.0,1.0,0.3333333333333333,0.0
threshold_delay,faults3,faults3,12,threshold_8,Threshold 8,4,31,13,3,3,0,1.0,,1,32,0,32,0,0,1,,0.0012406947890818859,,0.01934984520123839,1.0,1.0,0.0,1.0,0.3333333333333333,0.0
threshold_delay,faults3,faults3,12,threshold_16,Threshold 16,0,31,13,3,3,0,1.0,,1,48,16,48,0,0,1,,0.0012406947890818859,,0.01934984520123839,1.0,1.0,0.0,1.0,0.3333333333333333,0.0
threshold_delay,faults3,faults3,12,threshold_16,Threshold 16,1,31,13,3,3,0,1.0,,1,32,0,32,0,0,1,,0.0012406947890818859,,0.01934984520123839,1.0,1.0,0.0,1.0,0.3333333333333333,0.0
threshold_delay,faults3,faults3,12,threshold_16,Threshold 16,2,31,13,3,3,0,1.0,,1,32,0,32,0,0,1,,0.0012406947890818859,,0.01934984520123839,1.0,1.0,0.0,1.0,0.3333333333333333,0.0
threshold_delay,faults3,faults3,12,threshold_16,Threshold 16,3,31,13,3,3,0,1.0,,1,32,0,32,0,0,1,,0.0012406947890818859,,0.01934984520123839,1.0,1.0,0.0,1.0,0.3333333333333333,0.0
threshold_delay,faults3,faults3,12,threshold_16,Threshold 16,4,31,13,3,3,0,1.0,,1,32,0,32,0,0,1,,0.0012406947890818859,,0.01934984520123839,1.0,1.0,0.0,1.0,0.3333333333333333,0.0
threshold_delay,faults3,faults3,12,threshold_32,Threshold 32,0,31,13,3,3,0,1.0,,1,64,32,64,0,0,1,,0.0012406947890818859,,0.01934984520123839,1.0,1.0,0.0,1.0,0.3333333333333333,0.0
threshold_delay,faults3,faults3,12,threshold_32,Threshold 32,1,31,13,3,3,0,1.0,,1,32,0,32,0,0,1,,0.0012406947890818859,,0.01934984520123839,1.0,1.0,0.0,1.0,0.3333333333333333,0.0
threshold_delay,faults3,faults3,12,threshold_32,Threshold 32,2,31,13,3,3,0,1.0,,1,32,0,32,0,0,1,,0.0012406947890818859,,0.01934984520123839,1.0,1.0,0.0,1.0,0.3333333333333333,0.0
threshold_delay,faults3,faults3,12,threshold_32,Threshold 32,3,31,13,3,3,0,1.0,,1,32,0,32,0,0,1,,0.0012406947890818859,,0.01934984520123839,1.0,1.0,0.0,1.0,0.3333333333333333,0.0
threshold_delay,faults3,faults3,12,threshold_32,Threshold 32,4,31,13,3,3,0,1.0,,1,32,0,32,0,0,1,,0.0012406947890818859,,0.01934984520123839,1.0,1.0,0.0,1.0,0.3333333333333333,0.0
threshold_delay,faults3,faults3,13,threshold_1,Threshold 1,0,31,13,3,3,0,1.0,,1,33,1,33,0,0,1,,0.0012406947890818859,,0.01934984520123839,1.0,1.0,0.0,1.0,0.3333333333333333,0.0
threshold_delay,faults3,faults3,13,threshold_1,Threshold 1,1,31,13,3,3,0,1.0,,1,32,0,32,0,0,1,,0.0012406947890818859,,0.01934984520123839,1.0,1.0,0.0,1.0,0.3333333333333333,0.0
threshold_delay,faults3,faults3,13,threshold_1,Threshold 1,2,31,13,3,3,0,1.0,,1,32,0,32,0,0,1,,0.0012406947890818859,,0.01934984520123839,1.0,1.0,0.0,1.0,0.3333333333333333,0.0
threshold_delay,faults3,faults3,13,threshold_1,Threshold 1,3,31,13,3,3,0,1.0,,1,32,0,32,0,0,1,,0.0012406947890818859,,0.01934984520123839,1.0,1.0,0.0,1.0,0.3333333333333333,0.0
threshold_delay,faults3,faults3,13,threshold_1,Threshold 1,4,31,13,3,3,0,1.0,,1,32,0,32,0,0,1,,0.0012406947890818859,,0.01934984520123839,1.0,1.0,0.0,1.0,0.3333333333333333,0.0
threshold_delay,faults3,faults3,13,threshold_2,Threshold 2,0,31,13,3,3,0,1.0,,1,34,2,34,0,0,1,,0.0012406947890818859,,0.01934984520123839,1.0,1.0,0.0,1.0,0.3333333333333333,0.0
threshold_delay,faults3,faults3,13,threshold_2,Threshold 2,1,31,13,3,3,0,1.0,,1,32,0,32,0,0,1,,0.0012406947890818859,,0.01934984520123839,1.0,1.0,0.0,1.0,0.3333333333333333,0.0
threshold_delay,faults3,faults3,13,threshold_2,Threshold 2,2,31,13,3,3,0,1.0,,1,32,0,32,0,0,1,,0.0012406947890818859,,0.01934984520123839,1.0,1.0,0.0,1.0,0.3333333333333333,0.0
threshold_delay,faults3,faults3,13,threshold_2,Threshold 2,3,31,13,3,3,0,1.0,,1,32,0,32,0,0,1,,0.0012406947890818859,,0.01934984520123839,1.0,1.0,0.0,1.0,0.3333333333333333,0.0
threshold_delay,faults3,faults3,13,threshold_2,Threshold 2,4,31,13,3,3,0,1.0,,1,32,0,32,0,0,1,,0.0012406947890818859,,0.01934984520123839,1.0,1.0,0.0,1.0,0.3333333333333333,0.0
threshold_delay,faults3,faults3,13,threshold_4,Threshold 4,0,31,13,3,3,0,1.0,,1,36,4,36,0,0,1,,0.0012406947890818859,,0.01934984520123839,1.0,1.0,0.0,1.0,0.3333333333333333,0.0
threshold_delay,faults3,faults3,13,threshold_4,Threshold 4,1,31,13,3,3,0,1.0,,1,32,0,32,0,0,1,,0.0012406947890818859,,0.01934984520123839,1.0,1.0,0.0,1.0,0.3333333333333333,0.0
threshold_delay,faults3,faults3,13,threshold_4,Threshold 4,2,31,13,3,3,0,1.0,,1,32,0,32,0,0,1,,0.0012406947890818859,,0.01934984520123839,1.0,1.0,0.0,1.0,0.3333333333333333,0.0
threshold_delay,faults3,faults3,13,threshold_4,Threshold 4,3,31,13,3,3,0,1.0,,1,32,0,32,0,0,1,,0.0012406947890818859,,0.01934984520123839,1.0,1.0,0.0,1.0,0.3333333333333333,0.0
threshold_delay,faults3,faults3,13,threshold_4,Threshold 4,4,31,13,3,3,0,1.0,,1,32,0,32,0,0,1,,0.0012406947890818859,,0.01934984520123839,1.0,1.0,0.0,1.0,0.3333333333333333,0.0
threshold_delay,faults3,faults3,13,threshold_8,Threshold 8,0,31,13,3,3,0,1.0,,1,40,8,40,0,0,1,,0.0012406947890818859,,0.01934984520123839,1.0,1.0,0.0,1.0,0.3333333333333333,0.0
threshold_delay,faults3,faults3,13,threshold_8,Threshold 8,1,31,13,3,3,0,1.0,,1,32,0,32,0,0,1,,0.0012406947890818859,,0.01934984520123839,1.0,1.0,0.0,1.0,0.3333333333333333,0.0
threshold_delay,faults3,faults3,13,threshold_8,Threshold 8,2,31,13,3,3,0,1.0,,1,32,0,32,0,0,1,,0.0012406947890818859,,0.01934984520123839,1.0,1.0,0.0,1.0,0.3333333333333333,0.0
threshold_delay,faults3,faults3,13,threshold_8,Threshold 8,3,31,13,3,3,0,1.0,,1,32,0,32,0,0,1,,0.0012406947890818859,,0.01934984520123839,1.0,1.0,0.0,1.0,0.3333333333333333,0.0
threshold_delay,faults3,faults3,13,threshold_8,Threshold 8,4,31,13,3,3,0,1.0,,1,32,0,32,0,0,1,,0.0012406947890818859,,0.01934984520123839,1.0,1.0,0.0,1.0,0.3333333333333333,0.0
threshold_delay,faults3,faults3,13,threshold_16,Threshold 16,0,31,13,3,3,0,1.0,,1,48,16,48,0,0,1,,0.0012406947890818859,,0.01934984520123839,1.0,1.0,0.0,1.0,0.3333333333333333,0.0
threshold_delay,faults3,faults3,13,threshold_16,Threshold 16,1,31,13,3,3,0,1.0,,1,32,0,32,0,0,1,,0.0012406947890818859,,0.01934984520123839,1.0,1.0,0.0,1.0,0.3333333333333333,0.0
threshold_delay,faults3,faults3,13,threshold_16,Threshold 16,2,31,13,3,3,0,1.0,,1,32,0,32,0,0,1,,0.0012406947890818859,,0.01934984520123839,1.0,1.0,0.0,1.0,0.3333333333333333,0.0
threshold_delay,faults3,faults3,13,threshold_16,Threshold 16,3,31,13,3,3,0,1.0,,1,32,0,32,0,0,1,,0.0012406947890818859,,0.01934984520123839,1.0,1.0,0.0,1.0,0.3333333333333333,0.0
threshold_delay,faults3,faults3,13,threshold_16,Threshold 16,4,31,13,3,3,0,1.0,,1,32,0,32,0,0,1,,0.0012406947890818859,,0.01934984520123839,1.0,1.0,0.0,1.0,0.3333333333333333,0.0
threshold_delay,faults3,faults3,13,threshold_32,Threshold 32,0,31,13,3,3,0,1.0,,1,64,32,64,0,0,1,,0.0012406947890818859,,0.01934984520123839,1.0,1.0,0.0,1.0,0.3333333333333333,0.0
threshold_delay,faults3,faults3,13,threshold_32,Threshold 32,1,31,13,3,3,0,1.0,,1,32,0,32,0,0,1,,0.0012406947890818859,,0.01934984520123839,1.0,1.0,0.0,1.0,0.3333333333333333,0.0
threshold_delay,faults3,faults3,13,threshold_32,Threshold 32,2,31,13,3,3,0,1.0,,1,32,0,32,0,0,1,,0.0012406947890818859,,0.01934984520123839,1.0,1.0,0.0,1.0,0.3333333333333333,0.0
threshold_delay,faults3,faults3,13,threshold_32,Threshold 32,3,31,13,3,3,0,1.0,,1,32,0,32,0,0,1,,0.0012406947890818859,,0.01934984520123839,1.0,1.0,0.0,1.0,0.3333333333333333,0.0
threshold_delay,faults3,faults3,13,threshold_32,Threshold 32,4,31,13,3,3,0,1.0,,1,32,0,32,0,0,1,,0.0012406947890818859,,0.01934984520123839,1.0,1.0,0.0,1.0,0.3333333333333333,0.0
threshold_delay,faults3,faults3,14,threshold_1,Threshold 1,0,31,13,3,3,0,1.0,,1,33,1,33,0,0,1,,0.0012406947890818859,,0.01934984520123839,1.0,1.0,0.0,1.0,0.3333333333333333,0.0
threshold_delay,faults3,faults3,14,threshold_1,Threshold 1,1,31,13,3,3,0,1.0,,1,32,0,32,0,0,1,,0.0012406947890818859,,0.01934984520123839,1.0,1.0,0.0,1.0,0.3333333333333333,0.0
threshold_delay,faults3,faults3,14,threshold_1,Threshold 1,2,31,13,3,3,0,1.0,,1,32,0,32,0,0,1,,0.0012406947890818859,,0.01934984520123839,1.0,1.0,0.0,1.0,0.3333333333333333,0.0
threshold_delay,faults3,faults3,14,threshold_1,Threshold 1,3,31,13,3,3,0,1.0,,1,32,0,32,0,0,1,,0.0012406947890818859,,0.01934984520123839,1.0,1.0,0.0,1.0,0.3333333333333333,0.0
threshold_delay,faults3,faults3,14,threshold_1,Threshold 1,4,31,13,3,3,0,1.0,,1,32,0,32,0,0,1,,0.0012406947890818859,,0.01934984520123839,1.0,1.0,0.0,1.0,0.3333333333333333,0.0
threshold_delay,faults3,faults3,14,threshold_2,Threshold 2,0,31,13,3,3,0,1.0,,1,34,2,34,0,0,1,,0.0012406947890818859,,0.01934984520123839,1.0,1.0,0.0,1.0,0.3333333333333333,0.0
threshold_delay,faults3,faults3,14,threshold_2,Threshold 2,1,31,13,3,3,0,1.0,,1,32,0,32,0,0,1,,0.0012406947890818859,,0.01934984520123839,1.0,1.0,0.0,1.0,0.3333333333333333,0.0
threshold_delay,faults3,faults3,14,threshold_2,Threshold 2,2,31,13,3,3,0,1.0,,1,32,0,32,0,0,1,,0.0012406947890818859,,0.01934984520123839,1.0,1.0,0.0,1.0,0.3333333333333333,0.0
threshold_delay,faults3,faults3,14,threshold_2,Threshold 2,3,31,13,3,3,0,1.0,,1,32,0,32,0,0,1,,0.0012406947890818859,,0.01934984520123839,1.0,1.0,0.0,1.0,0.3333333333333333,0.0
threshold_delay,faults3,faults3,14,threshold_2,Threshold 2,4,31,13,3,3,0,1.0,,1,32,0,32,0,0,1,,0.0012406947890818859,,0.01934984520123839,1.0,1.0,0.0,1.0,0.3333333333333333,0.0
threshold_delay,faults3,faults3,14,threshold_4,Threshold 4,0,31,13,3,3,0,1.0,,1,36,4,36,0,0,1,,0.0012406947890818859,,0.01934984520123839,1.0,1.0,0.0,1.0,0.3333333333333333,0.0
threshold_delay,faults3,faults3,14,threshold_4,Threshold 4,1,31,13,3,3,0,1.0,,1,32,0,32,0,0,1,,0.0012406947890818859,,0.01934984520123839,1.0,1.0,0.0,1.0,0.3333333333333333,0.0
threshold_delay,faults3,faults3,14,threshold_4,Threshold 4,2,31,13,3,3,0,1.0,,1,32,0,32,0,0,1,,0.0012406947890818859,,0.01934984520123839,1.0,1.0,0.0,1.0,0.3333333333333333,0.0
threshold_delay,faults3,faults3,14,threshold_4,Threshold 4,3,31,13,3,3,0,1.0,,1,32,0,32,0,0,1,,0.0012406947890818859,,0.01934984520123839,1.0,1.0,0.0,1.0,0.3333333333333333,0.0
threshold_delay,faults3,faults3,14,threshold_4,Threshold 4,4,31,13,3,3,0,1.0,,1,32,0,32,0,0,1,,0.0012406947890818859,,0.01934984520123839,1.0,1.0,0.0,1.0,0.3333333333333333,0.0
threshold_delay,faults3,faults3,14,threshold_8,Threshold 8,0,31,13,3,3,0,1.0,,1,40,8,40,0,0,1,,0.0012406947890818859,,0.01934984520123839,1.0,1.0,0.0,1.0,0.3333333333333333,0.0
threshold_delay,faults3,faults3,14,threshold_8,Threshold 8,1,31,13,3,3,0,1.0,,1,32,0,32,0,0,1,,0.0012406947890818859,,0.01934984520123839,1.0,1.0,0.0,1.0,0.3333333333333333,0.0
threshold_delay,faults3,faults3,14,threshold_8,Threshold 8,2,31,13,3,3,0,1.0,,1,32,0,32,0,0,1,,0.0012406947890818859,,0.01934984520123839,1.0,1.0,0.0,1.0,0.3333333333333333,0.0
threshold_delay,faults3,faults3,14,threshold_8,Threshold 8,3,31,13,3,3,0,1.0,,1,32,0,32,0,0,1,,0.0012406947890818859,,0.01934984520123839,1.0,1.0,0.0,1.0,0.3333333333333333,0.0
threshold_delay,faults3,faults3,14,threshold_8,Threshold 8,4,31,13,3,3,0,1.0,,1,32,0,32,0,0,1,,0.0012406947890818859,,0.01934984520123839,1.0,1.0,0.0,1.0,0.3333333333333333,0.0
threshold_delay,faults3,faults3,14,threshold_16,Threshold 16,0,31,13,3,3,0,1.0,,1,48,16,48,0,0,1,,0.0012406947890818859,,0.01934984520123839,1.0,1.0,0.0,1.0,0.3333333333333333,0.0
threshold_delay,faults3,faults3,14,threshold_16,Threshold 16,1,31,13,3,3,0,1.0,,1,32,0,32,0,0,1,,0.0012406947890818859,,0.01934984520123839,1.0,1.0,0.0,1.0,0.3333333333333333,0.0
threshold_delay,faults3,faults3,14,threshold_16,Threshold 16,2,31,13,3,3,0,1.0,,1,32,0,32,0,0,1,,0.0012406947890818859,,0.01934984520123839,1.0,1.0,0.0,1.0,0.3333333333333333,0.0
threshold_delay,faults3,faults3,14,threshold_16,Threshold 16,3,31,13,3,3,0,1.0,,1,32,0,32,0,0,1,,0.0012406947890818859,,0.01934984520123839,1.0,1.0,0.0,1.0,0.3333333333333333,0.0
threshold_delay,faults3,faults3,14,threshold_16,Threshold 16,4,31,13,3,3,0,1.0,,1,32,0,32,0,0,1,,0.0012406947890818859,,0.01934984520123839,1.0,1.0,0.0,1.0,0.3333333333333333,0.0
threshold_delay,faults3,faults3,14,threshold_32,Threshold 32,0,31,13,3,3,0,1.0,,1,64,32,64,0,0,1,,0.0012406947890818859,,0.01934984520123839,1.0,1.0,0.0,1.0,0.3333333333333333,0.0
threshold_delay,faults3,faults3,14,threshold_32,Threshold 32,1,31,13,3,3,0,1.0,,1,32,0,32,0,0,1,,0.0012406947890818859,,0.01934984520123839,1.0,1.0,0.0,1.0,0.3333333333333333,0.0
threshold_delay,faults3,faults3,14,threshold_32,Threshold 32,2,31,13,3,3,0,1.0,,1,32,0,32,0,0,1,,0.0012406947890818859,,0.01934984520123839,1.0,1.0,0.0,1.0,0.3333333333333333,0.0
threshold_delay,faults3,faults3,14,threshold_32,Threshold 32,3,31,13,3,3,0,1.0,,1,32,0,32,0,0,1,,0.0012406947890818859,,0.01934984520123839,1.0,1.0,0.0,1.0,0.3333333333333333,0.0
threshold_delay,faults3,faults3,14,threshold_32,Threshold 32,4,31,13,3,3,0,1.0,,1,32,0,32,0,0,1,,0.0012406947890818859,,0.01934984520123839,1.0,1.0,0.0,1.0,0.3333333333333333,0.0
threshold_delay,faults3,faults3,15,threshold_1,Threshold 1,0,31,13,3,3,0,1.0,,1,33,1,33,0,0,1,,0.0012406947890818859,,0.01934984520123839,1.0,1.0,0.0,1.0,0.3333333333333333,0.0
threshold_delay,faults3,faults3,15,threshold_1,Threshold 1,1,31,13,3,3,0,1.0,,1,32,0,32,0,0,1,,0.0012406947890818859,,0.01934984520123839,1.0,1.0,0.0,1.0,0.3333333333333333,0.0
threshold_delay,faults3,faults3,15,threshold_1,Threshold 1,2,31,13,3,3,0,1.0,,1,32,0,32,0,0,1,,0.0012406947890818859,,0.01934984520123839,1.0,1.0,0.0,1.0,0.3333333333333333,0.0
threshold_delay,faults3,faults3,15,threshold_1,Threshold 1,3,31,13,3,3,0,1.0,,1,32,0,32,0,0,1,,0.0012406947890818859,,0.01934984520123839,1.0,1.0,0.0,1.0,0.3333333333333333,0.0
threshold_delay,faults3,faults3,15,threshold_1,Threshold 1,4,31,13,3,3,0,1.0,,1,32,0,32,0,0,1,,0.0012406947890818859,,0.01934984520123839,1.0,1.0,0.0,1.0,0.3333333333333333,0.0
threshold_delay,faults3,faults3,15,threshold_2,Threshold 2,0,31,13,3,3,0,1.0,,1,34,2,34,0,0,1,,0.0012406947890818859,,0.01934984520123839,1.0,1.0,0.0,1.0,0.3333333333333333,0.0
threshold_delay,faults3,faults3,15,threshold_2,Threshold 2,1,31,13,3,3,0,1.0,,1,32,0,32,0,0,1,,0.0012406947890818859,,0.01934984520123839,1.0,1.0,0.0,1.0,0.3333333333333333,0.0
threshold_delay,faults3,faults3,15,threshold_2,Threshold 2,2,31,13,3,3,0,1.0,,1,32,0,32,0,0,1,,0.0012406947890818859,,0.01934984520123839,1.0,1.0,0.0,1.0,0.3333333333333333,0.0
threshold_delay,faults3,faults3,15,threshold_2,Threshold 2,3,31,13,3,3,0,1.0,,1,32,0,32,0,0,1,,0.0012406947890818859,,0.01934984520123839,1.0,1.0,0.0,1.0,0.3333333333333333,0.0
threshold_delay,faults3,faults3,15,threshold_2,Threshold 2,4,31,13,3,3,0,1.0,,1,32,0,32,0,0,1,,0.0012406947890818859,,0.01934984520123839,1.0,1.0,0.0,1.0,0.3333333333333333,0.0
threshold_delay,faults3,faults3,15,threshold_4,Threshold 4,0,31,13,3,3,0,1.0,,1,36,4,36,0,0,1,,0.0012406947890818859,,0.01934984520123839,1.0,1.0,0.0,1.0,0.3333333333333333,0.0
threshold_delay,faults3,faults3,15,threshold_4,Threshold 4,1,31,13,3,3,0,1.0,,1,32,0,32,0,0,1,,0.0012406947890818859,,0.01934984520123839,1.0,1.0,0.0,1.0,0.3333333333333333,0.0
threshold_delay,faults3,faults3,15,threshold_4,Threshold 4,2,31,13,3,3,0,1.0,,1,32,0,32,0,0,1,,0.0012406947890818859,,0.01934984520123839,1.0,1.0,0.0,1.0,0.3333333333333333,0.0
threshold_delay,faults3,faults3,15,threshold_4,Threshold 4,3,31,13,3,3,0,1.0,,1,32,0,32,0,0,1,,0.0012406947890818859,,0.01934984520123839,1.0,1.0,0.0,1.0,0.3333333333333333,0.0
threshold_delay,faults3,faults3,15,threshold_4,Threshold 4,4,31,13,3,3,0,1.0,,1,32,0,32,0,0,1,,0.0012406947890818859,,0.01934984520123839,1.0,1.0,0.0,1.0,0.3333333333333333,0.0
threshold_delay,faults3,faults3,15,threshold_8,Threshold 8,0,31,13,3,3,0,1.0,,1,40,8,40,0,0,1,,0.0012406947890818859,,0.01934984520123839,1.0,1.0,0.0,1.0,0.3333333333333333,0.0
threshold_delay,faults3,faults3,15,threshold_8,Threshold 8,1,31,13,3,3,0,1.0,,1,32,0,32,0,0,1,,0.0012406947890818859,,0.01934984520123839,1.0,1.0,0.0,1.0,0.3333333333333333,0.0
threshold_delay,faults3,faults3,15,threshold_8,Threshold 8,2,31,13,3,3,0,1.0,,1,32,0,32,0,0,1,,0.0012406947890818859,,0.01934984520123839,1.0,1.0,0.0,1.0,0.3333333333333333,0.0
threshold_delay,faults3,faults3,15,threshold_8,Threshold 8,3,31,13,3,3,0,1.0,,1,32,0,32,0,0,1,,0.0012406947890818859,,0.01934984520123839,1.0,1.0,0.0,1.0,0.3333333333333333,0.0
threshold_delay,faults3,faults3,15,threshold_8,Threshold 8,4,31,13,3,3,0,1.0,,1,32,0,32,0,0,1,,0.0012406947890818859,,0.01934984520123839,1.0,1.0,0.0,1.0,0.3333333333333333,0.0
threshold_delay,faults3,faults3,15,threshold_16,Threshold 16,0,31,13,3,3,0,1.0,,1,48,16,48,0,0,1,,0.0012406947890818859,,0.01934984520123839,1.0,1.0,0.0,1.0,0.3333333333333333,0.0
threshold_delay,faults3,faults3,15,threshold_16,Threshold 16,1,31,13,3,3,0,1.0,,1,32,0,32,0,0,1,,0.0012406947890818859,,0.01934984520123839,1.0,1.0,0.0,1.0,0.3333333333333333,0.0
threshold_delay,faults3,faults3,15,threshold_16,Threshold 16,2,31,13,3,3,0,1.0,,1,32,0,32,0,0,1,,0.0012406947890818859,,0.01934984520123839,1.0,1.0,0.0,1.0,0.3333333333333333,0.0
threshold_delay,faults3,faults3,15,threshold_16,Threshold 16,3,31,13,3,3,0,1.0,,1,32,0,32,0,0,1,,0.0012406947890818859,,0.01934984520123839,1.0,1.0,0.0,1.0,0.3333333333333333,0.0
threshold_delay,faults3,faults3,15,threshold_16,Threshold 16,4,31,13,3,3,0,1.0,,1,32,0,32,0,0,1,,0.0012406947890818859,,0.01934984520123839,1.0,1.0,0.0,1.0,0.3333333333333333,0.0
threshold_delay,faults3,faults3,15,threshold_32,Threshold 32,0,31,13,3,3,0,1.0,,1,64,32,64,0,0,1,,0.0012406947890818859,,0.01934984520123839,1.0,1.0,0.0,1.0,0.3333333333333333,0.0
threshold_delay,faults3,faults3,15,threshold_32,Threshold 32,1,31,13,3,3,0,1.0,,1,32,0,32,0,0,1,,0.0012406947890818859,,0.01934984520123839,1.0,1.0,0.0,1.0,0.3333333333333333,0.0
threshold_delay,faults3,faults3,15,threshold_32,Threshold 32,2,31,13,3,3,0,1.0,,1,32,0,32,0,0,1,,0.0012406947890818859,,0.01934984520123839,1.0,1.0,0.0,1.0,0.3333333333333333,0.0
threshold_delay,faults3,faults3,15,threshold_32,Threshold 32,3,31,13,3,3,0,1.0,,1,32,0,32,0,0,1,,0.0012406947890818859,,0.01934984520123839,1.0,1.0,0.0,1.0,0.3333333333333333,0.0
threshold_delay,faults3,faults3,15,threshold_32,Threshold 32,4,31,13,3,3,0,1.0,,1,32,0,32,0,0,1,,0.0012406947890818859,,0.01934984520123839,1.0,1.0,0.0,1.0,0.3333333333333333,0.0
threshold_delay,faults3,faults3,16,threshold_1,Threshold 1,0,31,13,3,3,0,1.0,,1,33,1,33,0,0,1,,0.0012406947890818859,,0.01934984520123839,1.0,1.0,0.0,1.0,0.3333333333333333,0.0
threshold_delay,faults3,faults3,16,threshold_1,Threshold 1,1,31,13,3,3,0,1.0,,1,32,0,32,0,0,1,,0.0012406947890818859,,0.01934984520123839,1.0,1.0,0.0,1.0,0.3333333333333333,0.0
threshold_delay,faults3,faults3,16,threshold_1,Threshold 1,2,31,13,3,3,0,1.0,,1,32,0,32,0,0,1,,0.0012406947890818859,,0.01934984520123839,1.0,1.0,0.0,1.0,0.3333333333333333,0.0
threshold_delay,faults3,faults3,16,threshold_1,Threshold 1,3,31,13,3,3,0,1.0,,1,32,0,32,0,0,1,,0.0012406947890818859,,0.01934984520123839,1.0,1.0,0.0,1.0,0.3333333333333333,0.0
threshold_delay,faults3,faults3,16,threshold_1,Threshold 1,4,31,13,3,3,0,1.0,,1,32,0,32,0,0,1,,0.0012406947890818859,,0.01934984520123839,1.0,1.0,0.0,1.0,0.3333333333333333,0.0
threshold_delay,faults3,faults3,16,threshold_2,Threshold 2,0,31,13,3,3,0,1.0,,1,34,2,34,0,0,1,,0.0012406947890818859,,0.01934984520123839,1.0,1.0,0.0,1.0,0.3333333333333333,0.0
threshold_delay,faults3,faults3,16,threshold_2,Threshold 2,1,31,13,3,3,0,1.0,,1,32,0,32,0,0,1,,0.0012406947890818859,,0.01934984520123839,1.0,1.0,0.0,1.0,0.3333333333333333,0.0
threshold_delay,faults3,faults3,16,threshold_2,Threshold 2,2,31,13,3,3,0,1.0,,1,32,0,32,0,0,1,,0.0012406947890818859,,0.01934984520123839,1.0,1.0,0.0,1.0,0.3333333333333333,0.0
threshold_delay,faults3,faults3,16,threshold_2,Threshold 2,3,31,13,3,3,0,1.0,,1,32,0,32,0,0,1,,0.0012406947890818859,,0.01934984520123839,1.0,1.0,0.0,1.0,0.3333333333333333,0.0
threshold_delay,faults3,faults3,16,threshold_2,Threshold 2,4,31,13,3,3,0,1.0,,1,32,0,32,0,0,1,,0.0012406947890818859,,0.01934984520123839,1.0,1.0,0.0,1.0,0.3333333333333333,0.0
threshold_delay,faults3,faults3,16,threshold_4,Threshold 4,0,31,13,3,3,0,1.0,,1,36,4,36,0,0,1,,0.0012406947890818859,,0.01934984520123839,1.0,1.0,0.0,1.0,0.3333333333333333,0.0
threshold_delay,faults3,faults3,16,threshold_4,Threshold 4,1,31,13,3,3,0,1.0,,1,32,0,32,0,0,1,,0.0012406947890818859,,0.01934984520123839,1.0,1.0,0.0,1.0,0.3333333333333333,0.0
threshold_delay,faults3,faults3,16,threshold_4,Threshold 4,2,31,13,3,3,0,1.0,,1,32,0,32,0,0,1,,0.0012406947890818859,,0.01934984520123839,1.0,1.0,0.0,1.0,0.3333333333333333,0.0
threshold_delay,faults3,faults3,16,threshold_4,Threshold 4,3,31,13,3,3,0,1.0,,1,32,0,32,0,0,1,,0.0012406947890818859,,0.01934984520123839,1.0,1.0,0.0,1.0,0.3333333333333333,0.0
threshold_delay,faults3,faults3,16,threshold_4,Threshold 4,4,31,13,3,3,0,1.0,,1,32,0,32,0,0,1,,0.0012406947890818859,,0.01934984520123839,1.0,1.0,0.0,1.0,0.3333333333333333,0.0
threshold_delay,faults3,faults3,16,threshold_8,Threshold 8,0,31,13,3,3,0,1.0,,1,40,8,40,0,0,1,,0.0012406947890818859,,0.01934984520123839,1.0,1.0,0.0,1.0,0.3333333333333333,0.0
threshold_delay,faults3,faults3,16,threshold_8,Threshold 8,1,31,13,3,3,0,1.0,,1,32,0,32,0,0,1,,0.0012406947890818859,,0.01934984520123839,1.0,1.0,0.0,1.0,0.3333333333333333,0.0
threshold_delay,faults3,faults3,16,threshold_8,Threshold 8,2,31,13,3,3,0,1.0,,1,32,0,32,0,0,1,,0.0012406947890818859,,0.01934984520123839,1.0,1.0,0.0,1.0,0.3333333333333333,0.0
threshold_delay,faults3,faults3,16,threshold_8,Threshold 8,3,31,13,3,3,0,1.0,,1,32,0,32,0,0,1,,0.0012406947890818859,,0.01934984520123839,1.0,1.0,0.0,1.0,0.3333333333333333,0.0
threshold_delay,faults3,faults3,16,threshold_8,Threshold 8,4,31,13,3,3,0,1.0,,1,32,0,32,0,0,1,,0.0012406947890818859,,0.01934984520123839,1.0,1.0,0.0,1.0,0.3333333333333333,0.0
threshold_delay,faults3,faults3,16,threshold_16,Threshold 16,0,31,13,3,3,0,1.0,,1,48,16,48,0,0,1,,0.0012406947890818859,,0.01934984520123839,1.0,1.0,0.0,1.0,0.3333333333333333,0.0
threshold_delay,faults3,faults3,16,threshold_16,Threshold 16,1,31,13,3,3,0,1.0,,1,32,0,32,0,0,1,,0.0012406947890818859,,0.01934984520123839,1.0,1.0,0.0,1.0,0.3333333333333333,0.0
threshold_delay,faults3,faults3,16,threshold_16,Threshold 16,2,31,13,3,3,0,1.0,,1,32,0,32,0,0,1,,0.0012406947890818859,,0.01934984520123839,1.0,1.0,0.0,1.0,0.3333333333333333,0.0
threshold_delay,faults3,faults3,16,threshold_16,Threshold 16,3,31,13,3,3,0,1.0,,1,32,0,32,0,0,1,,0.0012406947890818859,,0.01934984520123839,1.0,1.0,0.0,1.0,0.3333333333333333,0.0
threshold_delay,faults3,faults3,16,threshold_16,Threshold 16,4,31,13,3,3,0,1.0,,1,32,0,32,0,0,1,,0.0012406947890818859,,0.01934984520123839,1.0,1.0,0.0,1.0,0.3333333333333333,0.0
threshold_delay,faults3,faults3,16,threshold_32,Threshold 32,0,31,13,3,3,0,1.0,,1,64,32,64,0,0,1,,0.0012406947890818859,,0.01934984520123839,1.0,1.0,0.0,1.0,0.3333333333333333,0.0
threshold_delay,faults3,faults3,16,threshold_32,Threshold 32,1,31,13,3,3,0,1.0,,1,32,0,32,0,0,1,,0.0012406947890818859,,0.01934984520123839,1.0,1.0,0.0,1.0,0.3333333333333333,0.0
threshold_delay,faults3,faults3,16,threshold_32,Threshold 32,2,31,13,3,3,0,1.0,,1,32,0,32,0,0,1,,0.0012406947890818859,,0.01934984520123839,1.0,1.0,0.0,1.0,0.3333333333333333,0.0
threshold_delay,faults3,faults3,16,threshold_32,Threshold 32,3,31,13,3,3,0,1.0,,1,32,0,32,0,0,1,,0.0012406947890818859,,0.01934984520123839,1.0,1.0,0.0,1.0,0.3333333333333333,0.0
threshold_delay,faults3,faults3,16,threshold_32,Threshold 32,4,31,13,3,3,0,1.0,,1,32,0,32,0,0,1,,0.0012406947890818859,,0.01934984520123839,1.0,1.0,0.0,1.0,0.3333333333333333,0.0
threshold_delay,faults3,faults3,17,threshold_1,Threshold 1,0,31,13,3,3,0,1.0,,1,33,1,33,0,0,1,,0.0012406947890818859,,0.01934984520123839,1.0,1.0,0.0,1.0,0.3333333333333333,0.0
threshold_delay,faults3,faults3,17,threshold_1,Threshold 1,1,31,13,3,3,0,1.0,,1,32,0,32,0,0,1,,0.0012406947890818859,,0.01934984520123839,1.0,1.0,0.0,1.0,0.3333333333333333,0.0
threshold_delay,faults3,faults3,17,threshold_1,Threshold 1,2,31,13,3,3,0,1.0,,1,32,0,32,0,0,1,,0.0012406947890818859,,0.01934984520123839,1.0,1.0,0.0,1.0,0.3333333333333333,0.0
threshold_delay,faults3,faults3,17,threshold_1,Threshold 1,3,31,13,3,3,0,1.0,,1,32,0,32,0,0,1,,0.0012406947890818859,,0.01934984520123839,1.0,1.0,0.0,1.0,0.3333333333333333,0.0
threshold_delay,faults3,faults3,17,threshold_1,Threshold 1,4,31,13,3,3,0,1.0,,1,32,0,32,0,0,1,,0.0012406947890818859,,0.01934984520123839,1.0,1.0,0.0,1.0,0.3333333333333333,0.0
threshold_delay,faults3,faults3,17,threshold_2,Threshold 2,0,31,13,3,3,0,1.0,,1,34,2,34,0,0,1,,0.0012406947890818859,,0.01934984520123839,1.0,1.0,0.0,1.0,0.3333333333333333,0.0
threshold_delay,faults3,faults3,17,threshold_2,Threshold 2,1,31,13,3,3,0,1.0,,1,32,0,32,0,0,1,,0.0012406947890818859,,0.01934984520123839,1.0,1.0,0.0,1.0,0.3333333333333333,0.0
threshold_delay,faults3,faults3,17,threshold_2,Threshold 2,2,31,13,3,3,0,1.0,,1,32,0,32,0,0,1,,0.0012406947890818859,,0.01934984520123839,1.0,1.0,0.0,1.0,0.3333333333333333,0.0
threshold_delay,faults3,faults3,17,threshold_2,Threshold 2,3,31,13,3,3,0,1.0,,1,32,0,32,0,0,1,,0.0012406947890818859,,0.01934984520123839,1.0,1.0,0.0,1.0,0.3333333333333333,0.0
threshold_delay,faults3,faults3,17,threshold_2,Threshold 2,4,31,13,3,3,0,1.0,,1,32,0,32,0,0,1,,0.0012406947890818859,,0.01934984520123839,1.0,1.0,0.0,1.0,0.3333333333333333,0.0
threshold_delay,faults3,faults3,17,threshold_4,Threshold 4,0,31,13,3,3,0,1.0,,1,36,4,36,0,0,1,,0.0012406947890818859,,0.01934984520123839,1.0,1.0,0.0,1.0,0.3333333333333333,0.0
threshold_delay,faults3,faults3,17,threshold_4,Threshold 4,1,31,13,3,3,0,1.0,,1,32,0,32,0,0,1,,0.0012406947890818859,,0.01934984520123839,1.0,1.0,0.0,1.0,0.3333333333333333,0.0
threshold_delay,faults3,faults3,17,threshold_4,Threshold 4,2,31,13,3,3,0,1.0,,1,32,0,32,0,0,1,,0.0012406947890818859,,0.01934984520123839,1.0,1.0,0.0,1.0,0.3333333333333333,0.0
threshold_delay,faults3,faults3,17,threshold_4,Threshold 4,3,31,13,3,3,0,1.0,,1,32,0,32,0,0,1,,0.0012406947890818859,,0.01934984520123839,1.0,1.0,0.0,1.0,0.3333333333333333,0.0
threshold_delay,faults3,faults3,17,threshold_4,Threshold 4,4,31,13,3,3,0,1.0,,1,32,0,32,0,0,1,,0.0012406947890818859,,0.01934984520123839,1.0,1.0,0.0,1.0,0.3333333333333333,0.0
threshold_delay,faults3,faults3,17,threshold_8,Threshold 8,0,31,13,3,3,0,1.0,,1,40,8,40,0,0,1,,0.0012406947890818859,,0.01934984520123839,1.0,1.0,0.0,1.0,0.3333333333333333,0.0
threshold_delay,faults3,faults3,17,threshold_8,Threshold 8,1,31,13,3,3,0,1.0,,1,32,0,32,0,0,1,,0.0012406947890818859,,0.01934984520123839,1.0,1.0,0.0,1.0,0.3333333333333333,0.0
threshold_delay,faults3,faults3,17,threshold_8,Threshold 8,2,31,13,3,3,0,1.0,,1,32,0,32,0,0,1,,0.0012406947890818859,,0.01934984520123839,1.0,1.0,0.0,1.0,0.3333333333333333,0.0
threshold_delay,faults3,faults3,17,threshold_8,Threshold 8,3,31,13,3,3,0,1.0,,1,32,0,32,0,0,1,,0.0012406947890818859,,0.01934984520123839,1.0,1.0,0.0,1.0,0.3333333333333333,0.0
threshold_delay,faults3,faults3,17,threshold_8,Threshold 8,4,31,13,3,3,0,1.0,,1,32,0,32,0,0,1,,0.0012406947890818859,,0.01934984520123839,1.0,1.0,0.0,1.0,0.3333333333333333,0.0
threshold_delay,faults3,faults3,17,threshold_16,Threshold 16,0,31,13,3,3,0,1.0,,1,48,16,48,0,0,1,,0.0012406947890818859,,0.01934984520123839,1.0,1.0,0.0,1.0,0.3333333333333333,0.0
threshold_delay,faults3,faults3,17,threshold_16,Threshold 16,1,31,13,3,3,0,1.0,,1,32,0,32,0,0,1,,0.0012406947890818859,,0.01934984520123839,1.0,1.0,0.0,1.0,0.3333333333333333,0.0
threshold_delay,faults3,faults3,17,threshold_16,Threshold 16,2,31,13,3,3,0,1.0,,1,32,0,32,0,0,1,,0.0012406947890818859,,0.01934984520123839,1.0,1.0,0.0,1.0,0.3333333333333333,0.0
threshold_delay,faults3,faults3,17,threshold_16,Threshold 16,3,31,13,3,3,0,1.0,,1,32,0,32,0,0,1,,0.0012406947890818859,,0.01934984520123839,1.0,1.0,0.0,1.0,0.3333333333333333,0.0
threshold_delay,faults3,faults3,17,threshold_16,Threshold 16,4,31,13,3,3,0,1.0,,1,32,0,32,0,0,1,,0.0012406947890818859,,0.01934984520123839,1.0,1.0,0.0,1.0,0.3333333333333333,0.0
threshold_delay,faults3,faults3,17,threshold_32,Threshold 32,0,31,13,3,3,0,1.0,,1,64,32,64,0,0,1,,0.0012406947890818859,,0.01934984520123839,1.0,1.0,0.0,1.0,0.3333333333333333,0.0
threshold_delay,faults3,faults3,17,threshold_32,Threshold 32,1,31,13,3,3,0,1.0,,1,32,0,32,0,0,1,,0.0012406947890818859,,0.01934984520123839,1.0,1.0,0.0,1.0,0.3333333333333333,0.0
threshold_delay,faults3,faults3,17,threshold_32,Threshold 32,2,31,13,3,3,0,1.0,,1,32,0,32,0,0,1,,0.0012406947890818859,,0.01934984520123839,1.0,1.0,0.0,1.0,0.3333333333333333,0.0
threshold_delay,faults3,faults3,17,threshold_32,Threshold 32,3,31,13,3,3,0,1.0,,1,32,0,32,0,0,1,,0.0012406947890818859,,0.01934984520123839,1.0,1.0,0.0,1.0,0.3333333333333333,0.0
threshold_delay,faults3,faults3,17,threshold_32,Threshold 32,4,31,13,3,3,0,1.0,,1,32,0,32,0,0,1,,0.0012406947890818859,,0.01934984520123839,1.0,1.0,0.0,1.0,0.3333333333333333,0.0
threshold_delay,faults3,faults3,18,threshold_1,Threshold 1,0,31,13,3,3,0,1.0,,1,33,1,33,0,0,1,,0.0012406947890818859,,0.01934984520123839,1.0,1.0,0.0,1.0,0.3333333333333333,0.0
threshold_delay,faults3,faults3,18,threshold_1,Threshold 1,1,31,13,3,3,0,1.0,,1,32,0,32,0,0,1,,0.0012406947890818859,,0.01934984520123839,1.0,1.0,0.0,1.0,0.3333333333333333,0.0
threshold_delay,faults3,faults3,18,threshold_1,Threshold 1,2,31,13,3,3,0,1.0,,1,32,0,32,0,0,1,,0.0012406947890818859,,0.01934984520123839,1.0,1.0,0.0,1.0,0.3333333333333333,0.0
threshold_delay,faults3,faults3,18,threshold_1,Threshold 1,3,31,13,3,3,0,1.0,,1,32,0,32,0,0,1,,0.0012406947890818859,,0.01934984520123839,1.0,1.0,0.0,1.0,0.3333333333333333,0.0
threshold_delay,faults3,faults3,18,threshold_1,Threshold 1,4,31,13,3,3,0,1.0,,1,32,0,32,0,0,1,,0.0012406947890818859,,0.01934984520123839,1.0,1.0,0.0,1.0,0.3333333333333333,0.0
threshold_delay,faults3,faults3,18,threshold_2,Threshold 2,0,31,13,3,3,0,1.0,,1,34,2,34,0,0,1,,0.0012406947890818859,,0.01934984520123839,1.0,1.0,0.0,1.0,0.3333333333333333,0.0
threshold_delay,faults3,faults3,18,threshold_2,Threshold 2,1,31,13,3,3,0,1.0,,1,32,0,32,0,0,1,,0.0012406947890818859,,0.01934984520123839,1.0,1.0,0.0,1.0,0.3333333333333333,0.0
threshold_delay,faults3,faults3,18,threshold_2,Threshold 2,2,31,13,3,3,0,1.0,,1,32,0,32,0,0,1,,0.0012406947890818859,,0.01934984520123839,1.0,1.0,0.0,1.0,0.3333333333333333,0.0
threshold_delay,faults3,faults3,18,threshold_2,Threshold 2,3,31,13,3,3,0,1.0,,1,32,0,32,0,0,1,,0.0012406947890818859,,0.01934984520123839,1.0,1.0,0.0,1.0,0.3333333333333333,0.0
threshold_delay,faults3,faults3,18,threshold_2,Threshold 2,4,31,13,3,3,0,1.0,,1,32,0,32,0,0,1,,0.0012406947890818859,,0.01934984520123839,1.0,1.0,0.0,1.0,0.3333333333333333,0.0
threshold_delay,faults3,faults3,18,threshold_4,Threshold 4,0,31,13,3,3,0,1.0,,1,36,4,36,0,0,1,,0.0012406947890818859,,0.01934984520123839,1.0,1.0,0.0,1.0,0.3333333333333333,0.0
threshold_delay,faults3,faults3,18,threshold_4,Threshold 4,1,31,13,3,3,0,1.0,,1,32,0,32,0,0,1,,0.0012406947890818859,,0.01934984520123839,1.0,1.0,0.0,1.0,0.3333333333333333,0.0
threshold_delay,faults3,faults3,18,threshold_4,Threshold 4,2,31,13,3,3,0,1.0,,1,32,0,32,0,0,1,,0.0012406947890818859,,0.01934984520123839,1.0,1.0,0.0,1.0,0.3333333333333333,0.0
threshold_delay,faults3,faults3,18,threshold_4,Threshold 4,3,31,13,3,3,0,1.0,,1,32,0,32,0,0,1,,0.0012406947890818859,,0.01934984520123839,1.0,1.0,0.0,1.0,0.3333333333333333,0.0
threshold_delay,faults3,faults3,18,threshold_4,Threshold 4,4,31,13,3,3,0,1.0,,1,32,0,32,0,0,1,,0.0012406947890818859,,0.01934984520123839,1.0,1.0,0.0,1.0,0.3333333333333333,0.0
threshold_delay,faults3,faults3,18,threshold_8,Threshold 8,0,31,13,3,3,0,1.0,,1,40,8,40,0,0,1,,0.0012406947890818859,,0.01934984520123839,1.0,1.0,0.0,1.0,0.3333333333333333,0.0
threshold_delay,faults3,faults3,18,threshold_8,Threshold 8,1,31,13,3,3,0,1.0,,1,32,0,32,0,0,1,,0.0012406947890818859,,0.01934984520123839,1.0,1.0,0.0,1.0,0.3333333333333333,0.0
threshold_delay,faults3,faults3,18,threshold_8,Threshold 8,2,31,13,3,3,0,1.0,,1,32,0,32,0,0,1,,0.0012406947890818859,,0.01934984520123839,1.0,1.0,0.0,1.0,0.3333333333333333,0.0
threshold_delay,faults3,faults3,18,threshold_8,Threshold 8,3,31,13,3,3,0,1.0,,1,32,0,32,0,0,1,,0.0012406947890818859,,0.01934984520123839,1.0,1.0,0.0,1.0,0.3333333333333333,0.0
threshold_delay,faults3,faults3,18,threshold_8,Threshold 8,4,31,13,3,3,0,1.0,,1,32,0,32,0,0,1,,0.0012406947890818859,,0.01934984520123839,1.0,1.0,0.0,1.0,0.3333333333333333,0.0
threshold_delay,faults3,faults3,18,threshold_16,Threshold 16,0,31,13,3,3,0,1.0,,1,48,16,48,0,0,1,,0.0012406947890818859,,0.01934984520123839,1.0,1.0,0.0,1.0,0.3333333333333333,0.0
threshold_delay,faults3,faults3,18,threshold_16,Threshold 16,1,31,13,3,3,0,1.0,,1,32,0,32,0,0,1,,0.0012406947890818859,,0.01934984520123839,1.0,1.0,0.0,1.0,0.3333333333333333,0.0
threshold_delay,faults3,faults3,18,threshold_16,Threshold 16,2,31,13,3,3,0,1.0,,1,32,0,32,0,0,1,,0.0012406947890818859,,0.01934984520123839,1.0,1.0,0.0,1.0,0.3333333333333333,0.0
threshold_delay,faults3,faults3,18,threshold_16,Threshold 16,3,31,13,3,3,0,1.0,,1,32,0,32,0,0,1,,0.0012406947890818859,,0.01934984520123839,1.0,1.0,0.0,1.0,0.3333333333333333,0.0
threshold_delay,faults3,faults3,18,threshold_16,Threshold 16,4,31,13,3,3,0,1.0,,1,32,0,32,0,0,1,,0.0012406947890818859,,0.01934984520123839,1.0,1.0,0.0,1.0,0.3333333333333333,0.0
threshold_delay,faults3,faults3,18,threshold_32,Threshold 32,0,31,13,3,3,0,1.0,,1,64,32,64,0,0,1,,0.0012406947890818859,,0.01934984520123839,1.0,1.0,0.0,1.0,0.3333333333333333,0.0
threshold_delay,faults3,faults3,18,threshold_32,Threshold 32,1,31,13,3,3,0,1.0,,1,32,0,32,0,0,1,,0.0012406947890818859,,0.01934984520123839,1.0,1.0,0.0,1.0,0.3333333333333333,0.0
threshold_delay,faults3,faults3,18,threshold_32,Threshold 32,2,31,13,3,3,0,1.0,,1,32,0,32,0,0,1,,0.0012406947890818859,,0.01934984520123839,1.0,1.0,0.0,1.0,0.3333333333333333,0.0
threshold_delay,faults3,faults3,18,threshold_32,Threshold 32,3,31,13,3,3,0,1.0,,1,32,0,32,0,0,1,,0.0012406947890818859,,0.01934984520123839,1.0,1.0,0.0,1.0,0.3333333333333333,0.0
threshold_delay,faults3,faults3,18,threshold_32,Threshold 32,4,31,13,3,3,0,1.0,,1,32,0,32,0,0,1,,0.0012406947890818859,,0.01934984520123839,1.0,1.0,0.0,1.0,0.3333333333333333,0.0
threshold_delay,faults3,faults3,19,threshold_1,Threshold 1,0,31,13,3,3,0,1.0,,1,33,1,33,0,0,1,,0.0012406947890818859,,0.01934984520123839,1.0,1.0,0.0,1.0,0.3333333333333333,0.0
threshold_delay,faults3,faults3,19,threshold_1,Threshold 1,1,31,13,3,3,0,1.0,,1,32,0,32,0,0,1,,0.0012406947890818859,,0.01934984520123839,1.0,1.0,0.0,1.0,0.3333333333333333,0.0
threshold_delay,faults3,faults3,19,threshold_1,Threshold 1,2,31,13,3,3,0,1.0,,1,32,0,32,0,0,1,,0.0012406947890818859,,0.01934984520123839,1.0,1.0,0.0,1.0,0.3333333333333333,0.0
threshold_delay,faults3,faults3,19,threshold_1,Threshold 1,3,31,13,3,3,0,1.0,,1,32,0,32,0,0,1,,0.0012406947890818859,,0.01934984520123839,1.0,1.0,0.0,1.0,0.3333333333333333,0.0
threshold_delay,faults3,faults3,19,threshold_1,Threshold 1,4,31,13,3,3,0,1.0,,1,32,0,32,0,0,1,,0.0012406947890818859,,0.01934984520123839,1.0,1.0,0.0,1.0,0.3333333333333333,0.0
threshold_delay,faults3,faults3,19,threshold_2,Threshold 2,0,31,13,3,3,0,1.0,,1,34,2,34,0,0,1,,0.0012406947890818859,,0.01934984520123839,1.0,1.0,0.0,1.0,0.3333333333333333,0.0
threshold_delay,faults3,faults3,19,threshold_2,Threshold 2,1,31,13,3,3,0,1.0,,1,32,0,32,0,0,1,,0.0012406947890818859,,0.01934984520123839,1.0,1.0,0.0,1.0,0.3333333333333333,0.0
threshold_delay,faults3,faults3,19,threshold_2,Threshold 2,2,31,13,3,3,0,1.0,,1,32,0,32,0,0,1,,0.0012406947890818859,,0.01934984520123839,1.0,1.0,0.0,1.0,0.3333333333333333,0.0
threshold_delay,faults3,faults3,19,threshold_2,Threshold 2,3,31,13,3,3,0,1.0,,1,32,0,32,0,0,1,,0.0012406947890818859,,0.01934984520123839,1.0,1.0,0.0,1.0,0.3333333333333333,0.0
threshold_delay,faults3,faults3,19,threshold_2,Threshold 2,4,31,13,3,3,0,1.0,,1,32,0,32,0,0,1,,0.0012406947890818859,,0.01934984520123839,1.0,1.0,0.0,1.0,0.3333333333333333,0.0
threshold_delay,faults3,faults3,19,threshold_4,Threshold 4,0,31,13,3,3,0,1.0,,1,36,4,36,0,0,1,,0.0012406947890818859,,0.01934984520123839,1.0,1.0,0.0,1.0,0.3333333333333333,0.0
threshold_delay,faults3,faults3,19,threshold_4,Threshold 4,1,31,13,3,3,0,1.0,,1,32,0,32,0,0,1,,0.0012406947890818859,,0.01934984520123839,1.0,1.0,0.0,1.0,0.3333333333333333,0.0
threshold_delay,faults3,faults3,19,threshold_4,Threshold 4,2,31,13,3,3,0,1.0,,1,32,0,32,0,0,1,,0.0012406947890818859,,0.01934984520123839,1.0,1.0,0.0,1.0,0.3333333333333333,0.0
threshold_delay,faults3,faults3,19,threshold_4,Threshold 4,3,31,13,3,3,0,1.0,,1,32,0,32,0,0,1,,0.0012406947890818859,,0.01934984520123839,1.0,1.0,0.0,1.0,0.3333333333333333,0.0
threshold_delay,faults3,faults3,19,threshold_4,Threshold 4,4,31,13,3,3,0,1.0,,1,32,0,32,0,0,1,,0.0012406947890818859,,0.01934984520123839,1.0,1.0,0.0,1.0,0.3333333333333333,0.0
threshold_delay,faults3,faults3,19,threshold_8,Threshold 8,0,31,13,3,3,0,1.0,,1,40,8,40,0,0,1,,0.0012406947890818859,,0.01934984520123839,1.0,1.0,0.0,1.0,0.3333333333333333,0.0
threshold_delay,faults3,faults3,19,threshold_8,Threshold 8,1,31,13,3,3,0,1.0,,1,32,0,32,0,0,1,,0.0012406947890818859,,0.01934984520123839,1.0,1.0,0.0,1.0,0.3333333333333333,0.0
threshold_delay,faults3,faults3,19,threshold_8,Threshold 8,2,31,13,3,3,0,1.0,,1,32,0,32,0,0,1,,0.0012406947890818859,,0.01934984520123839,1.0,1.0,0.0,1.0,0.3333333333333333,0.0
threshold_delay,faults3,faults3,19,threshold_8,Threshold 8,3,31,13,3,3,0,1.0,,1,32,0,32,0,0,1,,0.0012406947890818859,,0.01934984520123839,1.0,1.0,0.0,1.0,0.3333333333333333,0.0
threshold_delay,faults3,faults3,19,threshold_8,Threshold 8,4,31,13,3,3,0,1.0,,1,32,0,32,0,0,1,,0.0012406947890818859,,0.01934984520123839,1.0,1.0,0.0,1.0,0.3333333333333333,0.0
threshold_delay,faults3,faults3,19,threshold_16,Threshold 16,0,31,13,3,3,0,1.0,,1,48,16,48,0,0,1,,0.0012406947890818859,,0.01934984520123839,1.0,1.0,0.0,1.0,0.3333333333333333,0.0
threshold_delay,faults3,faults3,19,threshold_16,Threshold 16,1,31,13,3,3,0,1.0,,1,32,0,32,0,0,1,,0.0012406947890818859,,0.01934984520123839,1.0,1.0,0.0,1.0,0.3333333333333333,0.0
threshold_delay,faults3,faults3,19,threshold_16,Threshold 16,2,31,13,3,3,0,1.0,,1,32,0,32,0,0,1,,0.0012406947890818859,,0.01934984520123839,1.0,1.0,0.0,1.0,0.3333333333333333,0.0
threshold_delay,faults3,faults3,19,threshold_16,Threshold 16,3,31,13,3,3,0,1.0,,1,32,0,32,0,0,1,,0.0012406947890818859,,0.01934984520123839,1.0,1.0,0.0,1.0,0.3333333333333333,0.0
threshold_delay,faults3,faults3,19,threshold_16,Threshold 16,4,31,13,3,3,0,1.0,,1,32,0,32,0,0,1,,0.0012406947890818859,,0.01934984520123839,1.0,1.0,0.0,1.0,0.3333333333333333,0.0
threshold_delay,faults3,faults3,19,threshold_32,Threshold 32,0,31,13,3,3,0,1.0,,1,64,32,64,0,0,1,,0.0012406947890818859,,0.01934984520123839,1.0,1.0,0.0,1.0,0.3333333333333333,0.0
threshold_delay,faults3,faults3,19,threshold_32,Threshold 32,1,31,13,3,3,0,1.0,,1,32,0,32,0,0,1,,0.0012406947890818859,,0.01934984520123839,1.0,1.0,0.0,1.0,0.3333333333333333,0.0
threshold_delay,faults3,faults3,19,threshold_32,Threshold 32,2,31,13,3,3,0,1.0,,1,32,0,32,0,0,1,,0.0012406947890818859,,0.01934984520123839,1.0,1.0,0.0,1.0,0.3333333333333333,0.0
threshold_delay,faults3,faults3,19,threshold_32,Threshold 32,3,31,13,3,3,0,1.0,,1,32,0,32,0,0,1,,0.0012406947890818859,,0.01934984520123839,1.0,1.0,0.0,1.0,0.3333333333333333,0.0
threshold_delay,faults3,faults3,19,threshold_32,Threshold 32,4,31,13,3,3,0,1.0,,1,32,0,32,0,0,1,,0.0012406947890818859,,0.01934984520123839,1.0,1.0,0.0,1.0,0.3333333333333333,0.0
threshold_delay,faults5,faults5,0,threshold_1,Threshold 1,0,31,13,5,5,0,1.0,,1,33,1,33,0,0,1,,0.0024813895781637717,,0.03869969040247678,1.0,1.0,0.0,1.0,0.2,0.0
threshold_delay,faults5,faults5,0,threshold_1,Threshold 1,1,31,13,5,5,0,1.0,,1,32,0,32,0,0,1,,0.0024813895781637717,,0.03869969040247678,1.0,1.0,0.0,1.0,0.2,0.0
threshold_delay,faults5,faults5,0,threshold_1,Threshold 1,2,31,13,5,5,0,1.0,,1,32,0,32,0,0,1,,0.0024813895781637717,,0.03869969040247678,1.0,1.0,0.0,1.0,0.2,0.0
threshold_delay,faults5,faults5,0,threshold_1,Threshold 1,3,31,13,5,5,0,1.0,,1,32,0,32,0,0,1,,0.0024813895781637717,,0.03869969040247678,1.0,1.0,0.0,1.0,0.2,0.0
threshold_delay,faults5,faults5,0,threshold_1,Threshold 1,4,31,13,5,5,0,1.0,,1,32,0,32,0,0,1,,0.0024813895781637717,,0.03869969040247678,1.0,1.0,0.0,1.0,0.2,0.0
threshold_delay,faults5,faults5,0,threshold_2,Threshold 2,0,31,13,5,5,0,1.0,,1,34,2,34,0,0,1,,0.0024813895781637717,,0.03869969040247678,1.0,1.0,0.0,1.0,0.2,0.0
threshold_delay,faults5,faults5,0,threshold_2,Threshold 2,1,31,13,5,5,0,1.0,,1,32,0,32,0,0,1,,0.0024813895781637717,,0.03869969040247678,1.0,1.0,0.0,1.0,0.2,0.0
threshold_delay,faults5,faults5,0,threshold_2,Threshold 2,2,31,13,5,5,0,1.0,,1,32,0,32,0,0,1,,0.0024813895781637717,,0.03869969040247678,1.0,1.0,0.0,1.0,0.2,0.0
threshold_delay,faults5,faults5,0,threshold_2,Threshold 2,3,31,13,5,5,0,1.0,,1,32,0,32,0,0,1,,0.0024813895781637717,,0.03869969040247678,1.0,1.0,0.0,1.0,0.2,0.0
threshold_delay,faults5,faults5,0,threshold_2,Threshold 2,4,31,13,5,5,0,1.0,,1,32,0,32,0,0,1,,0.0024813895781637717,,0.03869969040247678,1.0,1.0,0.0,1.0,0.2,0.0
threshold_delay,faults5,faults5,0,threshold_4,Threshold 4,0,31,13,5,5,0,1.0,,1,36,4,36,0,0,1,,0.0024813895781637717,,0.03869969040247678,1.0,1.0,0.0,1.0,0.2,0.0
threshold_delay,faults5,faults5,0,threshold_4,Threshold 4,1,31,13,5,5,0,1.0,,1,32,0,32,0,0,1,,0.0024813895781637717,,0.03869969040247678,1.0,1.0,0.0,1.0,0.2,0.0
threshold_delay,faults5,faults5,0,threshold_4,Threshold 4,2,31,13,5,5,0,1.0,,1,32,0,32,0,0,1,,0.0024813895781637717,,0.03869969040247678,1.0,1.0,0.0,1.0,0.2,0.0
threshold_delay,faults5,faults5,0,threshold_4,Threshold 4,3,31,13,5,5,0,1.0,,1,32,0,32,0,0,1,,0.0024813895781637717,,0.03869969040247678,1.0,1.0,0.0,1.0,0.2,0.0
threshold_delay,faults5,faults5,0,threshold_4,Threshold 4,4,31,13,5,5,0,1.0,,1,32,0,32,0,0,1,,0.0024813895781637717,,0.03869969040247678,1.0,1.0,0.0,1.0,0.2,0.0
threshold_delay,faults5,faults5,0,threshold_8,Threshold 8,0,31,13,5,5,0,1.0,,1,40,8,40,0,0,1,,0.0024813895781637717,,0.03869969040247678,1.0,1.0,0.0,1.0,0.2,0.0
threshold_delay,faults5,faults5,0,threshold_8,Threshold 8,1,31,13,5,5,0,1.0,,1,32,0,32,0,0,1,,0.0024813895781637717,,0.03869969040247678,1.0,1.0,0.0,1.0,0.2,0.0
threshold_delay,faults5,faults5,0,threshold_8,Threshold 8,2,31,13,5,5,0,1.0,,1,32,0,32,0,0,1,,0.0024813895781637717,,0.03869969040247678,1.0,1.0,0.0,1.0,0.2,0.0
threshold_delay,faults5,faults5,0,threshold_8,Threshold 8,3,31,13,5,5,0,1.0,,1,32,0,32,0,0,1,,0.0024813895781637717,,0.03869969040247678,1.0,1.0,0.0,1.0,0.2,0.0
threshold_delay,faults5,faults5,0,threshold_8,Threshold 8,4,31,13,5,5,0,1.0,,1,32,0,32,0,0,1,,0.0024813895781637717,,0.03869969040247678,1.0,1.0,0.0,1.0,0.2,0.0
threshold_delay,faults5,faults5,0,threshold_16,Threshold 16,0,31,13,5,5,0,1.0,,1,48,16,48,0,0,1,,0.0024813895781637717,,0.03869969040247678,1.0,1.0,0.0,1.0,0.2,0.0
threshold_delay,faults5,faults5,0,threshold_16,Threshold 16,1,31,13,5,5,0,1.0,,1,32,0,32,0,0,1,,0.0024813895781637717,,0.03869969040247678,1.0,1.0,0.0,1.0,0.2,0.0
threshold_delay,faults5,faults5,0,threshold_16,Threshold 16,2,31,13,5,5,0,1.0,,1,32,0,32,0,0,1,,0.0024813895781637717,,0.03869969040247678,1.0,1.0,0.0,1.0,0.2,0.0
threshold_delay,faults5,faults5,0,threshold_16,Threshold 16,3,31,13,5,5,0,1.0,,1,32,0,32,0,0,1,,0.0024813895781637717,,0.03869969040247678,1.0,1.0,0.0,1.0,0.2,0.0
threshold_delay,faults5,faults5,0,threshold_16,Threshold 16,4,31,13,5,5,0,1.0,,1,32,0,32,0,0,1,,0.0024813895781637717,,0.03869969040247678,1.0,1.0,0.0,1.0,0.2,0.0
threshold_delay,faults5,faults5,0,threshold_32,Threshold 32,0,31,13,5,5,0,1.0,,1,64,32,64,0,0,1,,0.0024813895781637717,,0.03869969040247678,1.0,1.0,0.0,1.0,0.2,0.0
threshold_delay,faults5,faults5,0,threshold_32,Threshold 32,1,31,13,5,5,0,1.0,,1,32,0,32,0,0,1,,0.0024813895781637717,,0.03869969040247678,1.0,1.0,0.0,1.0,0.2,0.0
threshold_delay,faults5,faults5,0,threshold_32,Threshold 32,2,31,13,5,5,0,1.0,,1,32,0,32,0,0,1,,0.0024813895781637717,,0.03869969040247678,1.0,1.0,0.0,1.0,0.2,0.0
threshold_delay,faults5,faults5,0,threshold_32,Threshold 32,3,31,13,5,5,0,1.0,,1,32,0,32,0,0,1,,0.0024813895781637717,,0.03869969040247678,1.0,1.0,0.0,1.0,0.2,0.0
threshold_delay,faults5,faults5,0,threshold_32,Threshold 32,4,31,13,5,5,0,1.0,,1,32,0,32,0,0,1,,0.0024813895781637717,,0.03869969040247678,1.0,1.0,0.0,1.0,0.2,0.0
threshold_delay,faults5,faults5,1,threshold_1,Threshold 1,0,31,13,5,5,0,1.0,,1,33,1,33,0,0,1,,0.0024813895781637717,,0.03869969040247678,1.0,1.0,0.0,1.0,0.2,0.0
threshold_delay,faults5,faults5,1,threshold_1,Threshold 1,1,31,13,5,5,0,1.0,,1,32,0,32,0,0,1,,0.0024813895781637717,,0.03869969040247678,1.0,1.0,0.0,1.0,0.2,0.0
threshold_delay,faults5,faults5,1,threshold_1,Threshold 1,2,31,13,5,5,0,1.0,,1,32,0,32,0,0,1,,0.0024813895781637717,,0.03869969040247678,1.0,1.0,0.0,1.0,0.2,0.0
threshold_delay,faults5,faults5,1,threshold_1,Threshold 1,3,31,13,5,5,0,1.0,,1,32,0,32,0,0,1,,0.0024813895781637717,,0.03869969040247678,1.0,1.0,0.0,1.0,0.2,0.0
threshold_delay,faults5,faults5,1,threshold_1,Threshold 1,4,31,13,5,5,0,1.0,,1,32,0,32,0,0,1,,0.0024813895781637717,,0.03869969040247678,1.0,1.0,0.0,1.0,0.2,0.0
threshold_delay,faults5,faults5,1,threshold_2,Threshold 2,0,31,13,5,5,0,1.0,,1,34,2,34,0,0,1,,0.0024813895781637717,,0.03869969040247678,1.0,1.0,0.0,1.0,0.2,0.0
threshold_delay,faults5,faults5,1,threshold_2,Threshold 2,1,31,13,5,5,0,1.0,,1,32,0,32,0,0,1,,0.0024813895781637717,,0.03869969040247678,1.0,1.0,0.0,1.0,0.2,0.0
threshold_delay,faults5,faults5,1,threshold_2,Threshold 2,2,31,13,5,5,0,1.0,,1,32,0,32,0,0,1,,0.0024813895781637717,,0.03869969040247678,1.0,1.0,0.0,1.0,0.2,0.0
threshold_delay,faults5,faults5,1,threshold_2,Threshold 2,3,31,13,5,5,0,1.0,,1,32,0,32,0,0,1,,0.0024813895781637717,,0.03869969040247678,1.0,1.0,0.0,1.0,0.2,0.0
threshold_delay,faults5,faults5,1,threshold_2,Threshold 2,4,31,13,5,5,0,1.0,,1,32,0,32,0,0,1,,0.0024813895781637717,,0.03869969040247678,1.0,1.0,0.0,1.0,0.2,0.0
threshold_delay,faults5,faults5,1,threshold_4,Threshold 4,0,31,13,5,5,0,1.0,,1,36,4,36,0,0,1,,0.0024813895781637717,,0.03869969040247678,1.0,1.0,0.0,1.0,0.2,0.0
threshold_delay,faults5,faults5,1,threshold_4,Threshold 4,1,31,13,5,5,0,1.0,,1,32,0,32,0,0,1,,0.0024813895781637717,,0.03869969040247678,1.0,1.0,0.0,1.0,0.2,0.0
threshold_delay,faults5,faults5,1,threshold_4,Threshold 4,2,31,13,5,5,0,1.0,,1,32,0,32,0,0,1,,0.0024813895781637717,,0.03869969040247678,1.0,1.0,0.0,1.0,0.2,0.0
threshold_delay,faults5,faults5,1,threshold_4,Threshold 4,3,31,13,5,5,0,1.0,,1,32,0,32,0,0,1,,0.0024813895781637717,,0.03869969040247678,1.0,1.0,0.0,1.0,0.2,0.0
threshold_delay,faults5,faults5,1,threshold_4,Threshold 4,4,31,13,5,5,0,1.0,,1,32,0,32,0,0,1,,0.0024813895781637717,,0.03869969040247678,1.0,1.0,0.0,1.0,0.2,0.0
threshold_delay,faults5,faults5,1,threshold_8,Threshold 8,0,31,13,5,5,0,1.0,,1,40,8,40,0,0,1,,0.0024813895781637717,,0.03869969040247678,1.0,1.0,0.0,1.0,0.2,0.0
threshold_delay,faults5,faults5,1,threshold_8,Threshold 8,1,31,13,5,5,0,1.0,,1,32,0,32,0,0,1,,0.0024813895781637717,,0.03869969040247678,1.0,1.0,0.0,1.0,0.2,0.0
threshold_delay,faults5,faults5,1,threshold_8,Threshold 8,2,31,13,5,5,0,1.0,,1,32,0,32,0,0,1,,0.0024813895781637717,,0.03869969040247678,1.0,1.0,0.0,1.0,0.2,0.0
threshold_delay,faults5,faults5,1,threshold_8,Threshold 8,3,31,13,5,5,0,1.0,,1,32,0,32,0,0,1,,0.0024813895781637717,,0.03869969040247678,1.0,1.0,0.0,1.0,0.2,0.0
threshold_delay,faults5,faults5,1,threshold_8,Threshold 8,4,31,13,5,5,0,1.0,,1,32,0,32,0,0,1,,0.0024813895781637717,,0.03869969040247678,1.0,1.0,0.0,1.0,0.2,0.0
threshold_delay,faults5,faults5,1,threshold_16,Threshold 16,0,31,13,5,5,0,1.0,,1,48,16,48,0,0,1,,0.0024813895781637717,,0.03869969040247678,1.0,1.0,0.0,1.0,0.2,0.0
threshold_delay,faults5,faults5,1,threshold_16,Threshold 16,1,31,13,5,5,0,1.0,,1,32,0,32,0,0,1,,0.0024813895781637717,,0.03869969040247678,1.0,1.0,0.0,1.0,0.2,0.0
threshold_delay,faults5,faults5,1,threshold_16,Threshold 16,2,31,13,5,5,0,1.0,,1,32,0,32,0,0,1,,0.0024813895781637717,,0.03869969040247678,1.0,1.0,0.0,1.0,0.2,0.0
threshold_delay,faults5,faults5,1,threshold_16,Threshold 16,3,31,13,5,5,0,1.0,,1,32,0,32,0,0,1,,0.0024813895781637717,,0.03869969040247678,1.0,1.0,0.0,1.0,0.2,0.0
threshold_delay,faults5,faults5,1,threshold_16,Threshold 16,4,31,13,5,5,0,1.0,,1,32,0,32,0,0,1,,0.0024813895781637717,,0.03869969040247678,1.0,1.0,0.0,1.0,0.2,0.0
threshold_delay,faults5,faults5,1,threshold_32,Threshold 32,0,31,13,5,5,0,1.0,,1,64,32,64,0,0,1,,0.0024813895781637717,,0.03869969040247678,1.0,1.0,0.0,1.0,0.2,0.0
threshold_delay,faults5,faults5,1,threshold_32,Threshold 32,1,31,13,5,5,0,1.0,,1,32,0,32,0,0,1,,0.0024813895781637717,,0.03869969040247678,1.0,1.0,0.0,1.0,0.2,0.0
threshold_delay,faults5,faults5,1,threshold_32,Threshold 32,2,31,13,5,5,0,1.0,,1,32,0,32,0,0,1,,0.0024813895781637717,,0.03869969040247678,1.0,1.0,0.0,1.0,0.2,0.0
threshold_delay,faults5,faults5,1,threshold_32,Threshold 32,3,31,13,5,5,0,1.0,,1,32,0,32,0,0,1,,0.0024813895781637717,,0.03869969040247678,1.0,1.0,0.0,1.0,0.2,0.0
threshold_delay,faults5,faults5,1,threshold_32,Threshold 32,4,31,13,5,5,0,1.0,,1,32,0,32,0,0,1,,0.0024813895781637717,,0.03869969040247678,1.0,1.0,0.0,1.0,0.2,0.0
threshold_delay,faults5,faults5,2,threshold_1,Threshold 1,0,31,13,5,5,0,1.0,,1,33,1,33,0,0,1,,0.0024813895781637717,,0.03869969040247678,1.0,1.0,0.0,1.0,0.2,0.0
threshold_delay,faults5,faults5,2,threshold_1,Threshold 1,1,31,13,5,5,0,1.0,,1,32,0,32,0,0,1,,0.0024813895781637717,,0.03869969040247678,1.0,1.0,0.0,1.0,0.2,0.0
threshold_delay,faults5,faults5,2,threshold_1,Threshold 1,2,31,13,5,5,0,1.0,,1,32,0,32,0,0,1,,0.0024813895781637717,,0.03869969040247678,1.0,1.0,0.0,1.0,0.2,0.0
threshold_delay,faults5,faults5,2,threshold_1,Threshold 1,3,31,13,5,5,0,1.0,,1,32,0,32,0,0,1,,0.0024813895781637717,,0.03869969040247678,1.0,1.0,0.0,1.0,0.2,0.0
threshold_delay,faults5,faults5,2,threshold_1,Threshold 1,4,31,13,5,5,0,1.0,,1,32,0,32,0,0,1,,0.0024813895781637717,,0.03869969040247678,1.0,1.0,0.0,1.0,0.2,0.0
threshold_delay,faults5,faults5,2,threshold_2,Threshold 2,0,31,13,5,5,0,1.0,,1,34,2,34,0,0,1,,0.0024813895781637717,,0.03869969040247678,1.0,1.0,0.0,1.0,0.2,0.0
threshold_delay,faults5,faults5,2,threshold_2,Threshold 2,1,31,13,5,5,0,1.0,,1,32,0,32,0,0,1,,0.0024813895781637717,,0.03869969040247678,1.0,1.0,0.0,1.0,0.2,0.0
threshold_delay,faults5,faults5,2,threshold_2,Threshold 2,2,31,13,5,5,0,1.0,,1,32,0,32,0,0,1,,0.0024813895781637717,,0.03869969040247678,1.0,1.0,0.0,1.0,0.2,0.0
threshold_delay,faults5,faults5,2,threshold_2,Threshold 2,3,31,13,5,5,0,1.0,,1,32,0,32,0,0,1,,0.0024813895781637717,,0.03869969040247678,1.0,1.0,0.0,1.0,0.2,0.0
threshold_delay,faults5,faults5,2,threshold_2,Threshold 2,4,31,13,5,5,0,1.0,,1,32,0,32,0,0,1,,0.0024813895781637717,,0.03869969040247678,1.0,1.0,0.0,1.0,0.2,0.0
threshold_delay,faults5,faults5,2,threshold_4,Threshold 4,0,31,13,5,5,0,1.0,,1,36,4,36,0,0,1,,0.0024813895781637717,,0.03869969040247678,1.0,1.0,0.0,1.0,0.2,0.0
threshold_delay,faults5,faults5,2,threshold_4,Threshold 4,1,31,13,5,5,0,1.0,,1,32,0,32,0,0,1,,0.0024813895781637717,,0.03869969040247678,1.0,1.0,0.0,1.0,0.2,0.0
threshold_delay,faults5,faults5,2,threshold_4,Threshold 4,2,31,13,5,5,0,1.0,,1,32,0,32,0,0,1,,0.0024813895781637717,,0.03869969040247678,1.0,1.0,0.0,1.0,0.2,0.0
threshold_delay,faults5,faults5,2,threshold_4,Threshold 4,3,31,13,5,5,0,1.0,,1,32,0,32,0,0,1,,0.0024813895781637717,,0.03869969040247678,1.0,1.0,0.0,1.0,0.2,0.0
threshold_delay,faults5,faults5,2,threshold_4,Threshold 4,4,31,13,5,5,0,1.0,,1,32,0,32,0,0,1,,0.0024813895781637717,,0.03869969040247678,1.0,1.0,0.0,1.0,0.2,0.0
threshold_delay,faults5,faults5,2,threshold_8,Threshold 8,0,31,13,5,5,0,1.0,,1,40,8,40,0,0,1,,0.0024813895781637717,,0.03869969040247678,1.0,1.0,0.0,1.0,0.2,0.0
threshold_delay,faults5,faults5,2,threshold_8,Threshold 8,1,31,13,5,5,0,1.0,,1,32,0,32,0,0,1,,0.0024813895781637717,,0.03869969040247678,1.0,1.0,0.0,1.0,0.2,0.0
threshold_delay,faults5,faults5,2,threshold_8,Threshold 8,2,31,13,5,5,0,1.0,,1,32,0,32,0,0,1,,0.0024813895781637717,,0.03869969040247678,1.0,1.0,0.0,1.0,0.2,0.0
threshold_delay,faults5,faults5,2,threshold_8,Threshold 8,3,31,13,5,5,0,1.0,,1,32,0,32,0,0,1,,0.0024813895781637717,,0.03869969040247678,1.0,1.0,0.0,1.0,0.2,0.0
threshold_delay,faults5,faults5,2,threshold_8,Threshold 8,4,31,13,5,5,0,1.0,,1,32,0,32,0,0,1,,0.0024813895781637717,,0.03869969040247678,1.0,1.0,0.0,1.0,0.2,0.0
threshold_delay,faults5,faults5,2,threshold_16,Threshold 16,0,31,13,5,5,0,1.0,,1,48,16,48,0,0,1,,0.0024813895781637717,,0.03869969040247678,1.0,1.0,0.0,1.0,0.2,0.0
threshold_delay,faults5,faults5,2,threshold_16,Threshold 16,1,31,13,5,5,0,1.0,,1,32,0,32,0,0,1,,0.0024813895781637717,,0.03869969040247678,1.0,1.0,0.0,1.0,0.2,0.0
threshold_delay,faults5,faults5,2,threshold_16,Threshold 16,2,31,13,5,5,0,1.0,,1,32,0,32,0,0,1,,0.0024813895781637717,,0.03869969040247678,1.0,1.0,0.0,1.0,0.2,0.0
threshold_delay,faults5,faults5,2,threshold_16,Threshold 16,3,31,13,5,5,0,1.0,,1,32,0,32,0,0,1,,0.0024813895781637717,,0.03869969040247678,1.0,1.0,0.0,1.0,0.2,0.0
threshold_delay,faults5,faults5,2,threshold_16,Threshold 16,4,31,13,5,5,0,1.0,,1,32,0,32,0,0,1,,0.0024813895781637717,,0.03869969040247678,1.0,1.0,0.0,1.0,0.2,0.0
threshold_delay,faults5,faults5,2,threshold_32,Threshold 32,0,31,13,5,5,0,1.0,,1,64,32,64,0,0,1,,0.0024813895781637717,,0.03869969040247678,1.0,1.0,0.0,1.0,0.2,0.0
threshold_delay,faults5,faults5,2,threshold_32,Threshold 32,1,31,13,5,5,0,1.0,,1,32,0,32,0,0,1,,0.0024813895781637717,,0.03869969040247678,1.0,1.0,0.0,1.0,0.2,0.0
threshold_delay,faults5,faults5,2,threshold_32,Threshold 32,2,31,13,5,5,0,1.0,,1,32,0,32,0,0,1,,0.0024813895781637717,,0.03869969040247678,1.0,1.0,0.0,1.0,0.2,0.0
threshold_delay,faults5,faults5,2,threshold_32,Threshold 32,3,31,13,5,5,0,1.0,,1,32,0,32,0,0,1,,0.0024813895781637717,,0.03869969040247678,1.0,1.0,0.0,1.0,0.2,0.0
threshold_delay,faults5,faults5,2,threshold_32,Threshold 32,4,31,13,5,5,0,1.0,,1,32,0,32,0,0,1,,0.0024813895781637717,,0.03869969040247678,1.0,1.0,0.0,1.0,0.2,0.0
threshold_delay,faults5,faults5,3,threshold_1,Threshold 1,0,31,13,5,5,0,1.0,,1,33,1,33,0,0,1,,0.0024813895781637717,,0.03869969040247678,1.0,1.0,0.0,1.0,0.2,0.0
threshold_delay,faults5,faults5,3,threshold_1,Threshold 1,1,31,13,5,5,0,1.0,,1,32,0,32,0,0,1,,0.0024813895781637717,,0.03869969040247678,1.0,1.0,0.0,1.0,0.2,0.0
threshold_delay,faults5,faults5,3,threshold_1,Threshold 1,2,31,13,5,5,0,1.0,,1,32,0,32,0,0,1,,0.0024813895781637717,,0.03869969040247678,1.0,1.0,0.0,1.0,0.2,0.0
threshold_delay,faults5,faults5,3,threshold_1,Threshold 1,3,31,13,5,5,0,1.0,,1,32,0,32,0,0,1,,0.0024813895781637717,,0.03869969040247678,1.0,1.0,0.0,1.0,0.2,0.0
threshold_delay,faults5,faults5,3,threshold_1,Threshold 1,4,31,13,5,5,0,1.0,,1,32,0,32,0,0,1,,0.0024813895781637717,,0.03869969040247678,1.0,1.0,0.0,1.0,0.2,0.0
threshold_delay,faults5,faults5,3,threshold_2,Threshold 2,0,31,13,5,5,0,1.0,,1,34,2,34,0,0,1,,0.0024813895781637717,,0.03869969040247678,1.0,1.0,0.0,1.0,0.2,0.0
threshold_delay,faults5,faults5,3,threshold_2,Threshold 2,1,31,13,5,5,0,1.0,,1,32,0,32,0,0,1,,0.0024813895781637717,,0.03869969040247678,1.0,1.0,0.0,1.0,0.2,0.0
threshold_delay,faults5,faults5,3,threshold_2,Threshold 2,2,31,13,5,5,0,1.0,,1,32,0,32,0,0,1,,0.0024813895781637717,,0.03869969040247678,1.0,1.0,0.0,1.0,0.2,0.0
threshold_delay,faults5,faults5,3,threshold_2,Threshold 2,3,31,13,5,5,0,1.0,,1,32,0,32,0,0,1,,0.0024813895781637717,,0.03869969040247678,1.0,1.0,0.0,1.0,0.2,0.0
threshold_delay,faults5,faults5,3,threshold_2,Threshold 2,4,31,13,5,5,0,1.0,,1,32,0,32,0,0,1,,0.0024813895781637717,,0.03869969040247678,1.0,1.0,0.0,1.0,0.2,0.0
threshold_delay,faults5,faults5,3,threshold_4,Threshold 4,0,31,13,5,5,0,1.0,,1,36,4,36,0,0,1,,0.0024813895781637717,,0.03869969040247678,1.0,1.0,0.0,1.0,0.2,0.0
threshold_delay,faults5,faults5,3,threshold_4,Threshold 4,1,31,13,5,5,0,1.0,,1,32,0,32,0,0,1,,0.0024813895781637717,,0.03869969040247678,1.0,1.0,0.0,1.0,0.2,0.0
threshold_delay,faults5,faults5,3,threshold_4,Threshold 4,2,31,13,5,5,0,1.0,,1,32,0,32,0,0,1,,0.0024813895781637717,,0.03869969040247678,1.0,1.0,0.0,1.0,0.2,0.0
threshold_delay,faults5,faults5,3,threshold_4,Threshold 4,3,31,13,5,5,0,1.0,,1,32,0,32,0,0,1,,0.0024813895781637717,,0.03869969040247678,1.0,1.0,0.0,1.0,0.2,0.0
threshold_delay,faults5,faults5,3,threshold_4,Threshold 4,4,31,13,5,5,0,1.0,,1,32,0,32,0,0,1,,0.0024813895781637717,,0.03869969040247678,1.0,1.0,0.0,1.0,0.2,0.0
threshold_delay,faults5,faults5,3,threshold_8,Threshold 8,0,31,13,5,5,0,1.0,,1,40,8,40,0,0,1,,0.0024813895781637717,,0.03869969040247678,1.0,1.0,0.0,1.0,0.2,0.0
threshold_delay,faults5,faults5,3,threshold_8,Threshold 8,1,31,13,5,5,0,1.0,,1,32,0,32,0,0,1,,0.0024813895781637717,,0.03869969040247678,1.0,1.0,0.0,1.0,0.2,0.0
threshold_delay,faults5,faults5,3,threshold_8,Threshold 8,2,31,13,5,5,0,1.0,,1,32,0,32,0,0,1,,0.0024813895781637717,,0.03869969040247678,1.0,1.0,0.0,1.0,0.2,0.0
threshold_delay,faults5,faults5,3,threshold_8,Threshold 8,3,31,13,5,5,0,1.0,,1,32,0,32,0,0,1,,0.0024813895781637717,,0.03869969040247678,1.0,1.0,0.0,1.0,0.2,0.0
threshold_delay,faults5,faults5,3,threshold_8,Threshold 8,4,31,13,5,5,0,1.0,,1,32,0,32,0,0,1,,0.0024813895781637717,,0.03869969040247678,1.0,1.0,0.0,1.0,0.2,0.0
threshold_delay,faults5,faults5,3,threshold_16,Threshold 16,0,31,13,5,5,0,1.0,,1,48,16,48,0,0,1,,0.0024813895781637717,,0.03869969040247678,1.0,1.0,0.0,1.0,0.2,0.0
threshold_delay,faults5,faults5,3,threshold_16,Threshold 16,1,31,13,5,5,0,1.0,,1,32,0,32,0,0,1,,0.0024813895781637717,,0.03869969040247678,1.0,1.0,0.0,1.0,0.2,0.0
threshold_delay,faults5,faults5,3,threshold_16,Threshold 16,2,31,13,5,5,0,1.0,,1,32,0,32,0,0,1,,0.0024813895781637717,,0.03869969040247678,1.0,1.0,0.0,1.0,0.2,0.0
threshold_delay,faults5,faults5,3,threshold_16,Threshold 16,3,31,13,5,5,0,1.0,,1,32,0,32,0,0,1,,0.0024813895781637717,,0.03869969040247678,1.0,1.0,0.0,1.0,0.2,0.0
threshold_delay,faults5,faults5,3,threshold_16,Threshold 16,4,31,13,5,5,0,1.0,,1,32,0,32,0,0,1,,0.0024813895781637717,,0.03869969040247678,1.0,1.0,0.0,1.0,0.2,0.0
threshold_delay,faults5,faults5,3,threshold_32,Threshold 32,0,31,13,5,5,0,1.0,,1,64,32,64,0,0,1,,0.0024813895781637717,,0.03869969040247678,1.0,1.0,0.0,1.0,0.2,0.0
threshold_delay,faults5,faults5,3,threshold_32,Threshold 32,1,31,13,5,5,0,1.0,,1,32,0,32,0,0,1,,0.0024813895781637717,,0.03869969040247678,1.0,1.0,0.0,1.0,0.2,0.0
threshold_delay,faults5,faults5,3,threshold_32,Threshold 32,2,31,13,5,5,0,1.0,,1,32,0,32,0,0,1,,0.0024813895781637717,,0.03869969040247678,1.0,1.0,0.0,1.0,0.2,0.0
threshold_delay,faults5,faults5,3,threshold_32,Threshold 32,3,31,13,5,5,0,1.0,,1,32,0,32,0,0,1,,0.0024813895781637717,,0.03869969040247678,1.0,1.0,0.0,1.0,0.2,0.0
threshold_delay,faults5,faults5,3,threshold_32,Threshold 32,4,31,13,5,5,0,1.0,,1,32,0,32,0,0,1,,0.0024813895781637717,,0.03869969040247678,1.0,1.0,0.0,1.0,0.2,0.0
threshold_delay,faults5,faults5,4,threshold_1,Threshold 1,0,31,13,5,5,0,1.0,,1,33,1,33,0,0,1,,0.0024813895781637717,,0.03869969040247678,1.0,1.0,0.0,1.0,0.2,0.0
threshold_delay,faults5,faults5,4,threshold_1,Threshold 1,1,31,13,5,5,0,1.0,,1,32,0,32,0,0,1,,0.0024813895781637717,,0.03869969040247678,1.0,1.0,0.0,1.0,0.2,0.0
threshold_delay,faults5,faults5,4,threshold_1,Threshold 1,2,31,13,5,5,0,1.0,,1,32,0,32,0,0,1,,0.0024813895781637717,,0.03869969040247678,1.0,1.0,0.0,1.0,0.2,0.0
threshold_delay,faults5,faults5,4,threshold_1,Threshold 1,3,31,13,5,5,0,1.0,,1,32,0,32,0,0,1,,0.0024813895781637717,,0.03869969040247678,1.0,1.0,0.0,1.0,0.2,0.0
threshold_delay,faults5,faults5,4,threshold_1,Threshold 1,4,31,13,5,5,0,1.0,,1,32,0,32,0,0,1,,0.0024813895781637717,,0.03869969040247678,1.0,1.0,0.0,1.0,0.2,0.0
threshold_delay,faults5,faults5,4,threshold_2,Threshold 2,0,31,13,5,5,0,1.0,,1,34,2,34,0,0,1,,0.0024813895781637717,,0.03869969040247678,1.0,1.0,0.0,1.0,0.2,0.0
threshold_delay,faults5,faults5,4,threshold_2,Threshold 2,1,31,13,5,5,0,1.0,,1,32,0,32,0,0,1,,0.0024813895781637717,,0.03869969040247678,1.0,1.0,0.0,1.0,0.2,0.0
threshold_delay,faults5,faults5,4,threshold_2,Threshold 2,2,31,13,5,5,0,1.0,,1,32,0,32,0,0,1,,0.0024813895781637717,,0.03869969040247678,1.0,1.0,0.0,1.0,0.2,0.0
threshold_delay,faults5,faults5,4,threshold_2,Threshold 2,3,31,13,5,5,0,1.0,,1,32,0,32,0,0,1,,0.0024813895781637717,,0.03869969040247678,1.0,1.0,0.0,1.0,0.2,0.0
threshold_delay,faults5,faults5,4,threshold_2,Threshold 2,4,31,13,5,5,0,1.0,,1,32,0,32,0,0,1,,0.0024813895781637717,,0.03869969040247678,1.0,1.0,0.0,1.0,0.2,0.0
threshold_delay,faults5,faults5,4,threshold_4,Threshold 4,0,31,13,5,5,0,1.0,,1,36,4,36,0,0,1,,0.0024813895781637717,,0.03869969040247678,1.0,1.0,0.0,1.0,0.2,0.0
threshold_delay,faults5,faults5,4,threshold_4,Threshold 4,1,31,13,5,5,0,1.0,,1,32,0,32,0,0,1,,0.0024813895781637717,,0.03869969040247678,1.0,1.0,0.0,1.0,0.2,0.0
threshold_delay,faults5,faults5,4,threshold_4,Threshold 4,2,31,13,5,5,0,1.0,,1,32,0,32,0,0,1,,0.0024813895781637717,,0.03869969040247678,1.0,1.0,0.0,1.0,0.2,0.0
threshold_delay,faults5,faults5,4,threshold_4,Threshold 4,3,31,13,5,5,0,1.0,,1,32,0,32,0,0,1,,0.0024813895781637717,,0.03869969040247678,1.0,1.0,0.0,1.0,0.2,0.0
threshold_delay,faults5,faults5,4,threshold_4,Threshold 4,4,31,13,5,5,0,1.0,,1,32,0,32,0,0,1,,0.0024813895781637717,,0.03869969040247678,1.0,1.0,0.0,1.0,0.2,0.0
threshold_delay,faults5,faults5,4,threshold_8,Threshold 8,0,31,13,5,5,0,1.0,,1,40,8,40,0,0,1,,0.0024813895781637717,,0.03869969040247678,1.0,1.0,0.0,1.0,0.2,0.0
threshold_delay,faults5,faults5,4,threshold_8,Threshold 8,1,31,13,5,5,0,1.0,,1,32,0,32,0,0,1,,0.0024813895781637717,,0.03869969040247678,1.0,1.0,0.0,1.0,0.2,0.0
threshold_delay,faults5,faults5,4,threshold_8,Threshold 8,2,31,13,5,5,0,1.0,,1,32,0,32,0,0,1,,0.0024813895781637717,,0.03869969040247678,1.0,1.0,0.0,1.0,0.2,0.0
threshold_delay,faults5,faults5,4,threshold_8,Threshold 8,3,31,13,5,5,0,1.0,,1,32,0,32,0,0,1,,0.0024813895781637717,,0.03869969040247678,1.0,1.0,0.0,1.0,0.2,0.0
threshold_delay,faults5,faults5,4,threshold_8,Threshold 8,4,31,13,5,5,0,1.0,,1,32,0,32,0,0,1,,0.0024813895781637717,,0.03869969040247678,1.0,1.0,0.0,1.0,0.2,0.0
threshold_delay,faults5,faults5,4,threshold_16,Threshold 16,0,31,13,5,5,0,1.0,,1,48,16,48,0,0,1,,0.0024813895781637717,,0.03869969040247678,1.0,1.0,0.0,1.0,0.2,0.0
threshold_delay,faults5,faults5,4,threshold_16,Threshold 16,1,31,13,5,5,0,1.0,,1,32,0,32,0,0,1,,0.0024813895781637717,,0.03869969040247678,1.0,1.0,0.0,1.0,0.2,0.0
threshold_delay,faults5,faults5,4,threshold_16,Threshold 16,2,31,13,5,5,0,1.0,,1,32,0,32,0,0,1,,0.0024813895781637717,,0.03869969040247678,1.0,1.0,0.0,1.0,0.2,0.0
threshold_delay,faults5,faults5,4,threshold_16,Threshold 16,3,31,13,5,5,0,1.0,,1,32,0,32,0,0,1,,0.0024813895781637717,,0.03869969040247678,1.0,1.0,0.0,1.0,0.2,0.0
threshold_delay,faults5,faults5,4,threshold_16,Threshold 16,4,31,13,5,5,0,1.0,,1,32,0,32,0,0,1,,0.0024813895781637717,,0.03869969040247678,1.0,1.0,0.0,1.0,0.2,0.0
threshold_delay,faults5,faults5,4,threshold_32,Threshold 32,0,31,13,5,5,0,1.0,,1,64,32,64,0,0,1,,0.0024813895781637717,,0.03869969040247678,1.0,1.0,0.0,1.0,0.2,0.0
threshold_delay,faults5,faults5,4,threshold_32,Threshold 32,1,31,13,5,5,0,1.0,,1,32,0,32,0,0,1,,0.0024813895781637717,,0.03869969040247678,1.0,1.0,0.0,1.0,0.2,0.0
threshold_delay,faults5,faults5,4,threshold_32,Threshold 32,2,31,13,5,5,0,1.0,,1,32,0,32,0,0,1,,0.0024813895781637717,,0.03869969040247678,1.0,1.0,0.0,1.0,0.2,0.0
threshold_delay,faults5,faults5,4,threshold_32,Threshold 32,3,31,13,5,5,0,1.0,,1,32,0,32,0,0,1,,0.0024813895781637717,,0.03869969040247678,1.0,1.0,0.0,1.0,0.2,0.0
threshold_delay,faults5,faults5,4,threshold_32,Threshold 32,4,31,13,5,5,0,1.0,,1,32,0,32,0,0,1,,0.0024813895781637717,,0.03869969040247678,1.0,1.0,0.0,1.0,0.2,0.0
threshold_delay,faults5,faults5,5,threshold_1,Threshold 1,0,31,13,5,5,0,1.0,,1,33,1,33,0,0,1,,0.0024813895781637717,,0.03869969040247678,1.0,1.0,0.0,1.0,0.2,0.0
threshold_delay,faults5,faults5,5,threshold_1,Threshold 1,1,31,13,5,5,0,1.0,,1,32,0,32,0,0,1,,0.0024813895781637717,,0.03869969040247678,1.0,1.0,0.0,1.0,0.2,0.0
threshold_delay,faults5,faults5,5,threshold_1,Threshold 1,2,31,13,5,5,0,1.0,,1,32,0,32,0,0,1,,0.0024813895781637717,,0.03869969040247678,1.0,1.0,0.0,1.0,0.2,0.0
threshold_delay,faults5,faults5,5,threshold_1,Threshold 1,3,31,13,5,5,0,1.0,,1,32,0,32,0,0,1,,0.0024813895781637717,,0.03869969040247678,1.0,1.0,0.0,1.0,0.2,0.0
threshold_delay,faults5,faults5,5,threshold_1,Threshold 1,4,31,13,5,5,0,1.0,,1,32,0,32,0,0,1,,0.0024813895781637717,,0.03869969040247678,1.0,1.0,0.0,1.0,0.2,0.0
threshold_delay,faults5,faults5,5,threshold_2,Threshold 2,0,31,13,5,5,0,1.0,,1,34,2,34,0,0,1,,0.0024813895781637717,,0.03869969040247678,1.0,1.0,0.0,1.0,0.2,0.0
threshold_delay,faults5,faults5,5,threshold_2,Threshold 2,1,31,13,5,5,0,1.0,,1,32,0,32,0,0,1,,0.0024813895781637717,,0.03869969040247678,1.0,1.0,0.0,1.0,0.2,0.0
threshold_delay,faults5,faults5,5,threshold_2,Threshold 2,2,31,13,5,5,0,1.0,,1,32,0,32,0,0,1,,0.0024813895781637717,,0.03869969040247678,1.0,1.0,0.0,1.0,0.2,0.0
threshold_delay,faults5,faults5,5,threshold_2,Threshold 2,3,31,13,5,5,0,1.0,,1,32,0,32,0,0,1,,0.0024813895781637717,,0.03869969040247678,1.0,1.0,0.0,1.0,0.2,0.0
threshold_delay,faults5,faults5,5,threshold_2,Threshold 2,4,31,13,5,5,0,1.0,,1,32,0,32,0,0,1,,0.0024813895781637717,,0.03869969040247678,1.0,1.0,0.0,1.0,0.2,0.0
threshold_delay,faults5,faults5,5,threshold_4,Threshold 4,0,31,13,5,5,0,1.0,,1,36,4,36,0,0,1,,0.0024813895781637717,,0.03869969040247678,1.0,1.0,0.0,1.0,0.2,0.0
threshold_delay,faults5,faults5,5,threshold_4,Threshold 4,1,31,13,5,5,0,1.0,,1,32,0,32,0,0,1,,0.0024813895781637717,,0.03869969040247678,1.0,1.0,0.0,1.0,0.2,0.0
threshold_delay,faults5,faults5,5,threshold_4,Threshold 4,2,31,13,5,5,0,1.0,,1,32,0,32,0,0,1,,0.0024813895781637717,,0.03869969040247678,1.0,1.0,0.0,1.0,0.2,0.0
threshold_delay,faults5,faults5,5,threshold_4,Threshold 4,3,31,13,5,5,0,1.0,,1,32,0,32,0,0,1,,0.0024813895781637717,,0.03869969040247678,1.0,1.0,0.0,1.0,0.2,0.0
threshold_delay,faults5,faults5,5,threshold_4,Threshold 4,4,31,13,5,5,0,1.0,,1,32,0,32,0,0,1,,0.0024813895781637717,,0.03869969040247678,1.0,1.0,0.0,1.0,0.2,0.0
threshold_delay,faults5,faults5,5,threshold_8,Threshold 8,0,31,13,5,5,0,1.0,,1,40,8,40,0,0,1,,0.0024813895781637717,,0.03869969040247678,1.0,1.0,0.0,1.0,0.2,0.0
threshold_delay,faults5,faults5,5,threshold_8,Threshold 8,1,31,13,5,5,0,1.0,,1,32,0,32,0,0,1,,0.0024813895781637717,,0.03869969040247678,1.0,1.0,0.0,1.0,0.2,0.0
threshold_delay,faults5,faults5,5,threshold_8,Threshold 8,2,31,13,5,5,0,1.0,,1,32,0,32,0,0,1,,0.0024813895781637717,,0.03869969040247678,1.0,1.0,0.0,1.0,0.2,0.0
threshold_delay,faults5,faults5,5,threshold_8,Threshold 8,3,31,13,5,5,0,1.0,,1,32,0,32,0,0,1,,0.0024813895781637717,,0.03869969040247678,1.0,1.0,0.0,1.0,0.2,0.0
threshold_delay,faults5,faults5,5,threshold_8,Threshold 8,4,31,13,5,5,0,1.0,,1,32,0,32,0,0,1,,0.0024813895781637717,,0.03869969040247678,1.0,1.0,0.0,1.0,0.2,0.0
threshold_delay,faults5,faults5,5,threshold_16,Threshold 16,0,31,13,5,5,0,1.0,,1,48,16,48,0,0,1,,0.0024813895781637717,,0.03869969040247678,1.0,1.0,0.0,1.0,0.2,0.0
threshold_delay,faults5,faults5,5,threshold_16,Threshold 16,1,31,13,5,5,0,1.0,,1,32,0,32,0,0,1,,0.0024813895781637717,,0.03869969040247678,1.0,1.0,0.0,1.0,0.2,0.0
threshold_delay,faults5,faults5,5,threshold_16,Threshold 16,2,31,13,5,5,0,1.0,,1,32,0,32,0,0,1,,0.0024813895781637717,,0.03869969040247678,1.0,1.0,0.0,1.0,0.2,0.0
threshold_delay,faults5,faults5,5,threshold_16,Threshold 16,3,31,13,5,5,0,1.0,,1,32,0,32,0,0,1,,0.0024813895781637717,,0.03869969040247678,1.0,1.0,0.0,1.0,0.2,0.0
threshold_delay,faults5,faults5,5,threshold_16,Threshold 16,4,31,13,5,5,0,1.0,,1,32,0,32,0,0,1,,0.0024813895781637717,,0.03869969040247678,1.0,1.0,0.0,1.0,0.2,0.0
threshold_delay,faults5,faults5,5,threshold_32,Threshold 32,0,31,13,5,5,0,1.0,,1,64,32,64,0,0,1,,0.0024813895781637717,,0.03869969040247678,1.0,1.0,0.0,1.0,0.2,0.0
threshold_delay,faults5,faults5,5,threshold_32,Threshold 32,1,31,13,5,5,0,1.0,,1,32,0,32,0,0,1,,0.0024813895781637717,,0.03869969040247678,1.0,1.0,0.0,1.0,0.2,0.0
threshold_delay,faults5,faults5,5,threshold_32,Threshold 32,2,31,13,5,5,0,1.0,,1,32,0,32,0,0,1,,0.0024813895781637717,,0.03869969040247678,1.0,1.0,0.0,1.0,0.2,0.0
threshold_delay,faults5,faults5,5,threshold_32,Threshold 32,3,31,13,5,5,0,1.0,,1,32,0,32,0,0,1,,0.0024813895781637717,,0.03869969040247678,1.0,1.0,0.0,1.0,0.2,0.0
threshold_delay,faults5,faults5,5,threshold_32,Threshold 32,4,31,13,5,5,0,1.0,,1,32,0,32,0,0,1,,0.0024813895781637717,,0.03869969040247678,1.0,1.0,0.0,1.0,0.2,0.0
threshold_delay,faults5,faults5,6,threshold_1,Threshold 1,0,31,13,5,5,0,1.0,,1,33,1,33,0,0,1,,0.0024813895781637717,,0.03869969040247678,1.0,1.0,0.0,1.0,0.2,0.0
threshold_delay,faults5,faults5,6,threshold_1,Threshold 1,1,31,13,5,5,0,1.0,,1,32,0,32,0,0,1,,0.0024813895781637717,,0.03869969040247678,1.0,1.0,0.0,1.0,0.2,0.0
threshold_delay,faults5,faults5,6,threshold_1,Threshold 1,2,31,13,5,5,0,1.0,,1,32,0,32,0,0,1,,0.0024813895781637717,,0.03869969040247678,1.0,1.0,0.0,1.0,0.2,0.0
threshold_delay,faults5,faults5,6,threshold_1,Threshold 1,3,31,13,5,5,0,1.0,,1,32,0,32,0,0,1,,0.0024813895781637717,,0.03869969040247678,1.0,1.0,0.0,1.0,0.2,0.0
threshold_delay,faults5,faults5,6,threshold_1,Threshold 1,4,31,13,5,5,0,1.0,,1,32,0,32,0,0,1,,0.0024813895781637717,,0.03869969040247678,1.0,1.0,0.0,1.0,0.2,0.0
threshold_delay,faults5,faults5,6,threshold_2,Threshold 2,0,31,13,5,5,0,1.0,,1,34,2,34,0,0,1,,0.0024813895781637717,,0.03869969040247678,1.0,1.0,0.0,1.0,0.2,0.0
threshold_delay,faults5,faults5,6,threshold_2,Threshold 2,1,31,13,5,5,0,1.0,,1,32,0,32,0,0,1,,0.0024813895781637717,,0.03869969040247678,1.0,1.0,0.0,1.0,0.2,0.0
threshold_delay,faults5,faults5,6,threshold_2,Threshold 2,2,31,13,5,5,0,1.0,,1,32,0,32,0,0,1,,0.0024813895781637717,,0.03869969040247678,1.0,1.0,0.0,1.0,0.2,0.0
threshold_delay,faults5,faults5,6,threshold_2,Threshold 2,3,31,13,5,5,0,1.0,,1,32,0,32,0,0,1,,0.0024813895781637717,,0.03869969040247678,1.0,1.0,0.0,1.0,0.2,0.0
threshold_delay,faults5,faults5,6,threshold_2,Threshold 2,4,31,13,5,5,0,1.0,,1,32,0,32,0,0,1,,0.0024813895781637717,,0.03869969040247678,1.0,1.0,0.0,1.0,0.2,0.0
threshold_delay,faults5,faults5,6,threshold_4,Threshold 4,0,31,13,5,5,0,1.0,,1,36,4,36,0,0,1,,0.0024813895781637717,,0.03869969040247678,1.0,1.0,0.0,1.0,0.2,0.0
threshold_delay,faults5,faults5,6,threshold_4,Threshold 4,1,31,13,5,5,0,1.0,,1,32,0,32,0,0,1,,0.0024813895781637717,,0.03869969040247678,1.0,1.0,0.0,1.0,0.2,0.0
threshold_delay,faults5,faults5,6,threshold_4,Threshold 4,2,31,13,5,5,0,1.0,,1,32,0,32,0,0,1,,0.0024813895781637717,,0.03869969040247678,1.0,1.0,0.0,1.0,0.2,0.0
threshold_delay,faults5,faults5,6,threshold_4,Threshold 4,3,31,13,5,5,0,1.0,,1,32,0,32,0,0,1,,0.0024813895781637717,,0.03869969040247678,1.0,1.0,0.0,1.0,0.2,0.0
threshold_delay,faults5,faults5,6,threshold_4,Threshold 4,4,31,13,5,5,0,1.0,,1,32,0,32,0,0,1,,0.0024813895781637717,,0.03869969040247678,1.0,1.0,0.0,1.0,0.2,0.0
threshold_delay,faults5,faults5,6,threshold_8,Threshold 8,0,31,13,5,5,0,1.0,,1,40,8,40,0,0,1,,0.0024813895781637717,,0.03869969040247678,1.0,1.0,0.0,1.0,0.2,0.0
threshold_delay,faults5,faults5,6,threshold_8,Threshold 8,1,31,13,5,5,0,1.0,,1,32,0,32,0,0,1,,0.0024813895781637717,,0.03869969040247678,1.0,1.0,0.0,1.0,0.2,0.0
threshold_delay,faults5,faults5,6,threshold_8,Threshold 8,2,31,13,5,5,0,1.0,,1,32,0,32,0,0,1,,0.0024813895781637717,,0.03869969040247678,1.0,1.0,0.0,1.0,0.2,0.0
threshold_delay,faults5,faults5,6,threshold_8,Threshold 8,3,31,13,5,5,0,1.0,,1,32,0,32,0,0,1,,0.0024813895781637717,,0.03869969040247678,1.0,1.0,0.0,1.0,0.2,0.0
threshold_delay,faults5,faults5,6,threshold_8,Threshold 8,4,31,13,5,5,0,1.0,,1,32,0,32,0,0,1,,0.0024813895781637717,,0.03869969040247678,1.0,1.0,0.0,1.0,0.2,0.0
threshold_delay,faults5,faults5,6,threshold_16,Threshold 16,0,31,13,5,5,0,1.0,,1,48,16,48,0,0,1,,0.0024813895781637717,,0.03869969040247678,1.0,1.0,0.0,1.0,0.2,0.0
threshold_delay,faults5,faults5,6,threshold_16,Threshold 16,1,31,13,5,5,0,1.0,,1,32,0,32,0,0,1,,0.0024813895781637717,,0.03869969040247678,1.0,1.0,0.0,1.0,0.2,0.0
threshold_delay,faults5,faults5,6,threshold_16,Threshold 16,2,31,13,5,5,0,1.0,,1,32,0,32,0,0,1,,0.0024813895781637717,,0.03869969040247678,1.0,1.0,0.0,1.0,0.2,0.0
threshold_delay,faults5,faults5,6,threshold_16,Threshold 16,3,31,13,5,5,0,1.0,,1,32,0,32,0,0,1,,0.0024813895781637717,,0.03869969040247678,1.0,1.0,0.0,1.0,0.2,0.0
threshold_delay,faults5,faults5,6,threshold_16,Threshold 16,4,31,13,5,5,0,1.0,,1,32,0,32,0,0,1,,0.0024813895781637717,,0.03869969040247678,1.0,1.0,0.0,1.0,0.2,0.0
threshold_delay,faults5,faults5,6,threshold_32,Threshold 32,0,31,13,5,5,0,1.0,,1,64,32,64,0,0,1,,0.0024813895781637717,,0.03869969040247678,1.0,1.0,0.0,1.0,0.2,0.0
threshold_delay,faults5,faults5,6,threshold_32,Threshold 32,1,31,13,5,5,0,1.0,,1,32,0,32,0,0,1,,0.0024813895781637717,,0.03869969040247678,1.0,1.0,0.0,1.0,0.2,0.0
threshold_delay,faults5,faults5,6,threshold_32,Threshold 32,2,31,13,5,5,0,1.0,,1,32,0,32,0,0,1,,0.0024813895781637717,,0.03869969040247678,1.0,1.0,0.0,1.0,0.2,0.0
threshold_delay,faults5,faults5,6,threshold_32,Threshold 32,3,31,13,5,5,0,1.0,,1,32,0,32,0,0,1,,0.0024813895781637717,,0.03869969040247678,1.0,1.0,0.0,1.0,0.2,0.0
threshold_delay,faults5,faults5,6,threshold_32,Threshold 32,4,31,13,5,5,0,1.0,,1,32,0,32,0,0,1,,0.0024813895781637717,,0.03869969040247678,1.0,1.0,0.0,1.0,0.2,0.0
threshold_delay,faults5,faults5,7,threshold_1,Threshold 1,0,31,13,5,5,0,1.0,,1,33,1,33,0,0,1,,0.0024813895781637717,,0.03869969040247678,1.0,1.0,0.0,1.0,0.2,0.0
threshold_delay,faults5,faults5,7,threshold_1,Threshold 1,1,31,13,5,5,0,1.0,,1,32,0,32,0,0,1,,0.0024813895781637717,,0.03869969040247678,1.0,1.0,0.0,1.0,0.2,0.0
threshold_delay,faults5,faults5,7,threshold_1,Threshold 1,2,31,13,5,5,0,1.0,,1,32,0,32,0,0,1,,0.0024813895781637717,,0.03869969040247678,1.0,1.0,0.0,1.0,0.2,0.0
threshold_delay,faults5,faults5,7,threshold_1,Threshold 1,3,31,13,5,5,0,1.0,,1,32,0,32,0,0,1,,0.0024813895781637717,,0.03869969040247678,1.0,1.0,0.0,1.0,0.2,0.0
threshold_delay,faults5,faults5,7,threshold_1,Threshold 1,4,31,13,5,5,0,1.0,,1,32,0,32,0,0,1,,0.0024813895781637717,,0.03869969040247678,1.0,1.0,0.0,1.0,0.2,0.0
threshold_delay,faults5,faults5,7,threshold_2,Threshold 2,0,31,13,5,5,0,1.0,,1,34,2,34,0,0,1,,0.0024813895781637717,,0.03869969040247678,1.0,1.0,0.0,1.0,0.2,0.0
threshold_delay,faults5,faults5,7,threshold_2,Threshold 2,1,31,13,5,5,0,1.0,,1,32,0,32,0,0,1,,0.0024813895781637717,,0.03869969040247678,1.0,1.0,0.0,1.0,0.2,0.0
threshold_delay,faults5,faults5,7,threshold_2,Threshold 2,2,31,13,5,5,0,1.0,,1,32,0,32,0,0,1,,0.0024813895781637717,,0.03869969040247678,1.0,1.0,0.0,1.0,0.2,0.0
threshold_delay,faults5,faults5,7,threshold_2,Threshold 2,3,31,13,5,5,0,1.0,,1,32,0,32,0,0,1,,0.0024813895781637717,,0.03869969040247678,1.0,1.0,0.0,1.0,0.2,0.0
threshold_delay,faults5,faults5,7,threshold_2,Threshold 2,4,31,13,5,5,0,1.0,,1,32,0,32,0,0,1,,0.0024813895781637717,,0.03869969040247678,1.0,1.0,0.0,1.0,0.2,0.0
threshold_delay,faults5,faults5,7,threshold_4,Threshold 4,0,31,13,5,5,0,1.0,,1,36,4,36,0,0,1,,0.0024813895781637717,,0.03869969040247678,1.0,1.0,0.0,1.0,0.2,0.0
threshold_delay,faults5,faults5,7,threshold_4,Threshold 4,1,31,13,5,5,0,1.0,,1,32,0,32,0,0,1,,0.0024813895781637717,,0.03869969040247678,1.0,1.0,0.0,1.0,0.2,0.0
threshold_delay,faults5,faults5,7,threshold_4,Threshold 4,2,31,13,5,5,0,1.0,,1,32,0,32,0,0,1,,0.0024813895781637717,,0.03869969040247678,1.0,1.0,0.0,1.0,0.2,0.0
threshold_delay,faults5,faults5,7,threshold_4,Threshold 4,3,31,13,5,5,0,1.0,,1,32,0,32,0,0,1,,0.0024813895781637717,,0.03869969040247678,1.0,1.0,0.0,1.0,0.2,0.0
threshold_delay,faults5,faults5,7,threshold_4,Threshold 4,4,31,13,5,5,0,1.0,,1,32,0,32,0,0,1,,0.0024813895781637717,,0.03869969040247678,1.0,1.0,0.0,1.0,0.2,0.0
threshold_delay,faults5,faults5,7,threshold_8,Threshold 8,0,31,13,5,5,0,1.0,,1,40,8,40,0,0,1,,0.0024813895781637717,,0.03869969040247678,1.0,1.0,0.0,1.0,0.2,0.0
threshold_delay,faults5,faults5,7,threshold_8,Threshold 8,1,31,13,5,5,0,1.0,,1,32,0,32,0,0,1,,0.0024813895781637717,,0.03869969040247678,1.0,1.0,0.0,1.0,0.2,0.0
threshold_delay,faults5,faults5,7,threshold_8,Threshold 8,2,31,13,5,5,0,1.0,,1,32,0,32,0,0,1,,0.0024813895781637717,,0.03869969040247678,1.0,1.0,0.0,1.0,0.2,0.0
threshold_delay,faults5,faults5,7,threshold_8,Threshold 8,3,31,13,5,5,0,1.0,,1,32,0,32,0,0,1,,0.0024813895781637717,,0.03869969040247678,1.0,1.0,0.0,1.0,0.2,0.0
threshold_delay,faults5,faults5,7,threshold_8,Threshold 8,4,31,13,5,5,0,1.0,,1,32,0,32,0,0,1,,0.0024813895781637717,,0.03869969040247678,1.0,1.0,0.0,1.0,0.2,0.0
threshold_delay,faults5,faults5,7,threshold_16,Threshold 16,0,31,13,5,5,0,1.0,,1,48,16,48,0,0,1,,0.0024813895781637717,,0.03869969040247678,1.0,1.0,0.0,1.0,0.2,0.0
threshold_delay,faults5,faults5,7,threshold_16,Threshold 16,1,31,13,5,5,0,1.0,,1,32,0,32,0,0,1,,0.0024813895781637717,,0.03869969040247678,1.0,1.0,0.0,1.0,0.2,0.0
threshold_delay,faults5,faults5,7,threshold_16,Threshold 16,2,31,13,5,5,0,1.0,,1,32,0,32,0,0,1,,0.0024813895781637717,,0.03869969040247678,1.0,1.0,0.0,1.0,0.2,0.0
threshold_delay,faults5,faults5,7,threshold_16,Threshold 16,3,31,13,5,5,0,1.0,,1,32,0,32,0,0,1,,0.0024813895781637717,,0.03869969040247678,1.0,1.0,0.0,1.0,0.2,0.0
threshold_delay,faults5,faults5,7,threshold_16,Threshold 16,4,31,13,5,5,0,1.0,,1,32,0,32,0,0,1,,0.0024813895781637717,,0.03869969040247678,1.0,1.0,0.0,1.0,0.2,0.0
threshold_delay,faults5,faults5,7,threshold_32,Threshold 32,0,31,13,5,5,0,1.0,,1,64,32,64,0,0,1,,0.0024813895781637717,,0.03869969040247678,1.0,1.0,0.0,1.0,0.2,0.0
threshold_delay,faults5,faults5,7,threshold_32,Threshold 32,1,31,13,5,5,0,1.0,,1,32,0,32,0,0,1,,0.0024813895781637717,,0.03869969040247678,1.0,1.0,0.0,1.0,0.2,0.0
threshold_delay,faults5,faults5,7,threshold_32,Threshold 32,2,31,13,5,5,0,1.0,,1,32,0,32,0,0,1,,0.0024813895781637717,,0.03869969040247678,1.0,1.0,0.0,1.0,0.2,0.0
threshold_delay,faults5,faults5,7,threshold_32,Threshold 32,3,31,13,5,5,0,1.0,,1,32,0,32,0,0,1,,0.0024813895781637717,,0.03869969040247678,1.0,1.0,0.0,1.0,0.2,0.0
threshold_delay,faults5,faults5,7,threshold_32,Threshold 32,4,31,13,5,5,0,1.0,,1,32,0,32,0,0,1,,0.0024813895781637717,,0.03869969040247678,1.0,1.0,0.0,1.0,0.2,0.0
threshold_delay,faults5,faults5,8,threshold_1,Threshold 1,0,31,13,5,5,0,1.0,,1,33,1,33,0,0,1,,0.0024813895781637717,,0.03869969040247678,1.0,1.0,0.0,1.0,0.2,0.0
threshold_delay,faults5,faults5,8,threshold_1,Threshold 1,1,31,13,5,5,0,1.0,,1,32,0,32,0,0,1,,0.0024813895781637717,,0.03869969040247678,1.0,1.0,0.0,1.0,0.2,0.0
threshold_delay,faults5,faults5,8,threshold_1,Threshold 1,2,31,13,5,5,0,1.0,,1,32,0,32,0,0,1,,0.0024813895781637717,,0.03869969040247678,1.0,1.0,0.0,1.0,0.2,0.0
threshold_delay,faults5,faults5,8,threshold_1,Threshold 1,3,31,13,5,5,0,1.0,,1,32,0,32,0,0,1,,0.0024813895781637717,,0.03869969040247678,1.0,1.0,0.0,1.0,0.2,0.0
threshold_delay,faults5,faults5,8,threshold_1,Threshold 1,4,31,13,5,5,0,1.0,,1,32,0,32,0,0,1,,0.0024813895781637717,,0.03869969040247678,1.0,1.0,0.0,1.0,0.2,0.0
threshold_delay,faults5,faults5,8,threshold_2,Threshold 2,0,31,13,5,5,0,1.0,,1,34,2,34,0,0,1,,0.0024813895781637717,,0.03869969040247678,1.0,1.0,0.0,1.0,0.2,0.0
threshold_delay,faults5,faults5,8,threshold_2,Threshold 2,1,31,13,5,5,0,1.0,,1,32,0,32,0,0,1,,0.0024813895781637717,,0.03869969040247678,1.0,1.0,0.0,1.0,0.2,0.0
threshold_delay,faults5,faults5,8,threshold_2,Threshold 2,2,31,13,5,5,0,1.0,,1,32,0,32,0,0,1,,0.0024813895781637717,,0.03869969040247678,1.0,1.0,0.0,1.0,0.2,0.0
threshold_delay,faults5,faults5,8,threshold_2,Threshold 2,3,31,13,5,5,0,1.0,,1,32,0,32,0,0,1,,0.0024813895781637717,,0.03869969040247678,1.0,1.0,0.0,1.0,0.2,0.0
threshold_delay,faults5,faults5,8,threshold_2,Threshold 2,4,31,13,5,5,0,1.0,,1,32,0,32,0,0,1,,0.0024813895781637717,,0.03869969040247678,1.0,1.0,0.0,1.0,0.2,0.0
threshold_delay,faults5,faults5,8,threshold_4,Threshold 4,0,31,13,5,5,0,1.0,,1,36,4,36,0,0,1,,0.0024813895781637717,,0.03869969040247678,1.0,1.0,0.0,1.0,0.2,0.0
threshold_delay,faults5,faults5,8,threshold_4,Threshold 4,1,31,13,5,5,0,1.0,,1,32,0,32,0,0,1,,0.0024813895781637717,,0.03869969040247678,1.0,1.0,0.0,1.0,0.2,0.0
threshold_delay,faults5,faults5,8,threshold_4,Threshold 4,2,31,13,5,5,0,1.0,,1,32,0,32,0,0,1,,0.0024813895781637717,,0.03869969040247678,1.0,1.0,0.0,1.0,0.2,0.0
threshold_delay,faults5,faults5,8,threshold_4,Threshold 4,3,31,13,5,5,0,1.0,,1,32,0,32,0,0,1,,0.0024813895781637717,,0.03869969040247678,1.0,1.0,0.0,1.0,0.2,0.0
threshold_delay,faults5,faults5,8,threshold_4,Threshold 4,4,31,13,5,5,0,1.0,,1,32,0,32,0,0,1,,0.0024813895781637717,,0.03869969040247678,1.0,1.0,0.0,1.0,0.2,0.0
threshold_delay,faults5,faults5,8,threshold_8,Threshold 8,0,31,13,5,5,0,1.0,,1,40,8,40,0,0,1,,0.0024813895781637717,,0.03869969040247678,1.0,1.0,0.0,1.0,0.2,0.0
threshold_delay,faults5,faults5,8,threshold_8,Threshold 8,1,31,13,5,5,0,1.0,,1,32,0,32,0,0,1,,0.0024813895781637717,,0.03869969040247678,1.0,1.0,0.0,1.0,0.2,0.0
threshold_delay,faults5,faults5,8,threshold_8,Threshold 8,2,31,13,5,5,0,1.0,,1,32,0,32,0,0,1,,0.0024813895781637717,,0.03869969040247678,1.0,1.0,0.0,1.0,0.2,0.0
threshold_delay,faults5,faults5,8,threshold_8,Threshold 8,3,31,13,5,5,0,1.0,,1,32,0,32,0,0,1,,0.0024813895781637717,,0.03869969040247678,1.0,1.0,0.0,1.0,0.2,0.0
threshold_delay,faults5,faults5,8,threshold_8,Threshold 8,4,31,13,5,5,0,1.0,,1,32,0,32,0,0,1,,0.0024813895781637717,,0.03869969040247678,1.0,1.0,0.0,1.0,0.2,0.0
threshold_delay,faults5,faults5,8,threshold_16,Threshold 16,0,31,13,5,5,0,1.0,,1,48,16,48,0,0,1,,0.0024813895781637717,,0.03869969040247678,1.0,1.0,0.0,1.0,0.2,0.0
threshold_delay,faults5,faults5,8,threshold_16,Threshold 16,1,31,13,5,5,0,1.0,,1,32,0,32,0,0,1,,0.0024813895781637717,,0.03869969040247678,1.0,1.0,0.0,1.0,0.2,0.0
threshold_delay,faults5,faults5,8,threshold_16,Threshold 16,2,31,13,5,5,0,1.0,,1,32,0,32,0,0,1,,0.0024813895781637717,,0.03869969040247678,1.0,1.0,0.0,1.0,0.2,0.0
threshold_delay,faults5,faults5,8,threshold_16,Threshold 16,3,31,13,5,5,0,1.0,,1,32,0,32,0,0,1,,0.0024813895781637717,,0.03869969040247678,1.0,1.0,0.0,1.0,0.2,0.0
threshold_delay,faults5,faults5,8,threshold_16,Threshold 16,4,31,13,5,5,0,1.0,,1,32,0,32,0,0,1,,0.0024813895781637717,,0.03869969040247678,1.0,1.0,0.0,1.0,0.2,0.0
threshold_delay,faults5,faults5,8,threshold_32,Threshold 32,0,31,13,5,5,0,1.0,,1,64,32,64,0,0,1,,0.0024813895781637717,,0.03869969040247678,1.0,1.0,0.0,1.0,0.2,0.0
threshold_delay,faults5,faults5,8,threshold_32,Threshold 32,1,31,13,5,5,0,1.0,,1,32,0,32,0,0,1,,0.0024813895781637717,,0.03869969040247678,1.0,1.0,0.0,1.0,0.2,0.0
threshold_delay,faults5,faults5,8,threshold_32,Threshold 32,2,31,13,5,5,0,1.0,,1,32,0,32,0,0,1,,0.0024813895781637717,,0.03869969040247678,1.0,1.0,0.0,1.0,0.2,0.0
threshold_delay,faults5,faults5,8,threshold_32,Threshold 32,3,31,13,5,5,0,1.0,,1,32,0,32,0,0,1,,0.0024813895781637717,,0.03869969040247678,1.0,1.0,0.0,1.0,0.2,0.0
threshold_delay,faults5,faults5,8,threshold_32,Threshold 32,4,31,13,5,5,0,1.0,,1,32,0,32,0,0,1,,0.0024813895781637717,,0.03869969040247678,1.0,1.0,0.0,1.0,0.2,0.0
threshold_delay,faults5,faults5,9,threshold_1,Threshold 1,0,31,13,5,5,0,1.0,,1,33,1,33,0,0,1,,0.0024813895781637717,,0.03869969040247678,1.0,1.0,0.0,1.0,0.2,0.0
threshold_delay,faults5,faults5,9,threshold_1,Threshold 1,1,31,13,5,5,0,1.0,,1,32,0,32,0,0,1,,0.0024813895781637717,,0.03869969040247678,1.0,1.0,0.0,1.0,0.2,0.0
threshold_delay,faults5,faults5,9,threshold_1,Threshold 1,2,31,13,5,5,0,1.0,,1,32,0,32,0,0,1,,0.0024813895781637717,,0.03869969040247678,1.0,1.0,0.0,1.0,0.2,0.0
threshold_delay,faults5,faults5,9,threshold_1,Threshold 1,3,31,13,5,5,0,1.0,,1,32,0,32,0,0,1,,0.0024813895781637717,,0.03869969040247678,1.0,1.0,0.0,1.0,0.2,0.0
threshold_delay,faults5,faults5,9,threshold_1,Threshold 1,4,31,13,5,5,0,1.0,,1,32,0,32,0,0,1,,0.0024813895781637717,,0.03869969040247678,1.0,1.0,0.0,1.0,0.2,0.0
threshold_delay,faults5,faults5,9,threshold_2,Threshold 2,0,31,13,5,5,0,1.0,,1,34,2,34,0,0,1,,0.0024813895781637717,,0.03869969040247678,1.0,1.0,0.0,1.0,0.2,0.0
threshold_delay,faults5,faults5,9,threshold_2,Threshold 2,1,31,13,5,5,0,1.0,,1,32,0,32,0,0,1,,0.0024813895781637717,,0.03869969040247678,1.0,1.0,0.0,1.0,0.2,0.0
threshold_delay,faults5,faults5,9,threshold_2,Threshold 2,2,31,13,5,5,0,1.0,,1,32,0,32,0,0,1,,0.0024813895781637717,,0.03869969040247678,1.0,1.0,0.0,1.0,0.2,0.0
threshold_delay,faults5,faults5,9,threshold_2,Threshold 2,3,31,13,5,5,0,1.0,,1,32,0,32,0,0,1,,0.0024813895781637717,,0.03869969040247678,1.0,1.0,0.0,1.0,0.2,0.0
threshold_delay,faults5,faults5,9,threshold_2,Threshold 2,4,31,13,5,5,0,1.0,,1,32,0,32,0,0,1,,0.0024813895781637717,,0.03869969040247678,1.0,1.0,0.0,1.0,0.2,0.0
threshold_delay,faults5,faults5,9,threshold_4,Threshold 4,0,31,13,5,5,0,1.0,,1,36,4,36,0,0,1,,0.0024813895781637717,,0.03869969040247678,1.0,1.0,0.0,1.0,0.2,0.0
threshold_delay,faults5,faults5,9,threshold_4,Threshold 4,1,31,13,5,5,0,1.0,,1,32,0,32,0,0,1,,0.0024813895781637717,,0.03869969040247678,1.0,1.0,0.0,1.0,0.2,0.0
threshold_delay,faults5,faults5,9,threshold_4,Threshold 4,2,31,13,5,5,0,1.0,,1,32,0,32,0,0,1,,0.0024813895781637717,,0.03869969040247678,1.0,1.0,0.0,1.0,0.2,0.0
threshold_delay,faults5,faults5,9,threshold_4,Threshold 4,3,31,13,5,5,0,1.0,,1,32,0,32,0,0,1,,0.0024813895781637717,,0.03869969040247678,1.0,1.0,0.0,1.0,0.2,0.0
threshold_delay,faults5,faults5,9,threshold_4,Threshold 4,4,31,13,5,5,0,1.0,,1,32,0,32,0,0,1,,0.0024813895781637717,,0.03869969040247678,1.0,1.0,0.0,1.0,0.2,0.0
threshold_delay,faults5,faults5,9,threshold_8,Threshold 8,0,31,13,5,5,0,1.0,,1,40,8,40,0,0,1,,0.0024813895781637717,,0.03869969040247678,1.0,1.0,0.0,1.0,0.2,0.0
threshold_delay,faults5,faults5,9,threshold_8,Threshold 8,1,31,13,5,5,0,1.0,,1,32,0,32,0,0,1,,0.0024813895781637717,,0.03869969040247678,1.0,1.0,0.0,1.0,0.2,0.0
threshold_delay,faults5,faults5,9,threshold_8,Threshold 8,2,31,13,5,5,0,1.0,,1,32,0,32,0,0,1,,0.0024813895781637717,,0.03869969040247678,1.0,1.0,0.0,1.0,0.2,0.0
threshold_delay,faults5,faults5,9,threshold_8,Threshold 8,3,31,13,5,5,0,1.0,,1,32,0,32,0,0,1,,0.0024813895781637717,,0.03869969040247678,1.0,1.0,0.0,1.0,0.2,0.0
threshold_delay,faults5,faults5,9,threshold_8,Threshold 8,4,31,13,5,5,0,1.0,,1,32,0,32,0,0,1,,0.0024813895781637717,,0.03869969040247678,1.0,1.0,0.0,1.0,0.2,0.0
threshold_delay,faults5,faults5,9,threshold_16,Threshold 16,0,31,13,5,5,0,1.0,,1,48,16,48,0,0,1,,0.0024813895781637717,,0.03869969040247678,1.0,1.0,0.0,1.0,0.2,0.0
threshold_delay,faults5,faults5,9,threshold_16,Threshold 16,1,31,13,5,5,0,1.0,,1,32,0,32,0,0,1,,0.0024813895781637717,,0.03869969040247678,1.0,1.0,0.0,1.0,0.2,0.0
threshold_delay,faults5,faults5,9,threshold_16,Threshold 16,2,31,13,5,5,0,1.0,,1,32,0,32,0,0,1,,0.0024813895781637717,,0.03869969040247678,1.0,1.0,0.0,1.0,0.2,0.0
threshold_delay,faults5,faults5,9,threshold_16,Threshold 16,3,31,13,5,5,0,1.0,,1,32,0,32,0,0,1,,0.0024813895781637717,,0.03869969040247678,1.0,1.0,0.0,1.0,0.2,0.0
threshold_delay,faults5,faults5,9,threshold_16,Threshold 16,4,31,13,5,5,0,1.0,,1,32,0,32,0,0,1,,0.0024813895781637717,,0.03869969040247678,1.0,1.0,0.0,1.0,0.2,0.0
threshold_delay,faults5,faults5,9,threshold_32,Threshold 32,0,31,13,5,5,0,1.0,,1,64,32,64,0,0,1,,0.0024813895781637717,,0.03869969040247678,1.0,1.0,0.0,1.0,0.2,0.0
threshold_delay,faults5,faults5,9,threshold_32,Threshold 32,1,31,13,5,5,0,1.0,,1,32,0,32,0,0,1,,0.0024813895781637717,,0.03869969040247678,1.0,1.0,0.0,1.0,0.2,0.0
threshold_delay,faults5,faults5,9,threshold_32,Threshold 32,2,31,13,5,5,0,1.0,,1,32,0,32,0,0,1,,0.0024813895781637717,,0.03869969040247678,1.0,1.0,0.0,1.0,0.2,0.0
threshold_delay,faults5,faults5,9,threshold_32,Threshold 32,3,31,13,5,5,0,1.0,,1,32,0,32,0,0,1,,0.0024813895781637717,,0.03869969040247678,1.0,1.0,0.0,1.0,0.2,0.0
threshold_delay,faults5,faults5,9,threshold_32,Threshold 32,4,31,13,5,5,0,1.0,,1,32,0,32,0,0,1,,0.0024813895781637717,,0.03869969040247678,1.0,1.0,0.0,1.0,0.2,0.0
threshold_delay,faults5,faults5,10,threshold_1,Threshold 1,0,31,13,5,5,0,1.0,,1,33,1,33,0,0,1,,0.0024813895781637717,,0.03869969040247678,1.0,1.0,0.0,1.0,0.2,0.0
threshold_delay,faults5,faults5,10,threshold_1,Threshold 1,1,31,13,5,5,0,1.0,,1,32,0,32,0,0,1,,0.0024813895781637717,,0.03869969040247678,1.0,1.0,0.0,1.0,0.2,0.0
threshold_delay,faults5,faults5,10,threshold_1,Threshold 1,2,31,13,5,5,0,1.0,,1,32,0,32,0,0,1,,0.0024813895781637717,,0.03869969040247678,1.0,1.0,0.0,1.0,0.2,0.0
threshold_delay,faults5,faults5,10,threshold_1,Threshold 1,3,31,13,5,5,0,1.0,,1,32,0,32,0,0,1,,0.0024813895781637717,,0.03869969040247678,1.0,1.0,0.0,1.0,0.2,0.0
threshold_delay,faults5,faults5,10,threshold_1,Threshold 1,4,31,13,5,5,0,1.0,,1,32,0,32,0,0,1,,0.0024813895781637717,,0.03869969040247678,1.0,1.0,0.0,1.0,0.2,0.0
threshold_delay,faults5,faults5,10,threshold_2,Threshold 2,0,31,13,5,5,0,1.0,,1,34,2,34,0,0,1,,0.0024813895781637717,,0.03869969040247678,1.0,1.0,0.0,1.0,0.2,0.0
threshold_delay,faults5,faults5,10,threshold_2,Threshold 2,1,31,13,5,5,0,1.0,,1,32,0,32,0,0,1,,0.0024813895781637717,,0.03869969040247678,1.0,1.0,0.0,1.0,0.2,0.0
threshold_delay,faults5,faults5,10,threshold_2,Threshold 2,2,31,13,5,5,0,1.0,,1,32,0,32,0,0,1,,0.0024813895781637717,,0.03869969040247678,1.0,1.0,0.0,1.0,0.2,0.0
threshold_delay,faults5,faults5,10,threshold_2,Threshold 2,3,31,13,5,5,0,1.0,,1,32,0,32,0,0,1,,0.0024813895781637717,,0.03869969040247678,1.0,1.0,0.0,1.0,0.2,0.0
threshold_delay,faults5,faults5,10,threshold_2,Threshold 2,4,31,13,5,5,0,1.0,,1,32,0,32,0,0,1,,0.0024813895781637717,,0.03869969040247678,1.0,1.0,0.0,1.0,0.2,0.0
threshold_delay,faults5,faults5,10,threshold_4,Threshold 4,0,31,13,5,5,0,1.0,,1,36,4,36,0,0,1,,0.0024813895781637717,,0.03869969040247678,1.0,1.0,0.0,1.0,0.2,0.0
threshold_delay,faults5,faults5,10,threshold_4,Threshold 4,1,31,13,5,5,0,1.0,,1,32,0,32,0,0,1,,0.0024813895781637717,,0.03869969040247678,1.0,1.0,0.0,1.0,0.2,0.0
threshold_delay,faults5,faults5,10,threshold_4,Threshold 4,2,31,13,5,5,0,1.0,,1,32,0,32,0,0,1,,0.0024813895781637717,,0.03869969040247678,1.0,1.0,0.0,1.0,0.2,0.0
threshold_delay,faults5,faults5,10,threshold_4,Threshold 4,3,31,13,5,5,0,1.0,,1,32,0,32,0,0,1,,0.0024813895781637717,,0.03869969040247678,1.0,1.0,0.0,1.0,0.2,0.0
threshold_delay,faults5,faults5,10,threshold_4,Threshold 4,4,31,13,5,5,0,1.0,,1,32,0,32,0,0,1,,0.0024813895781637717,,0.03869969040247678,1.0,1.0,0.0,1.0,0.2,0.0
threshold_delay,faults5,faults5,10,threshold_8,Threshold 8,0,31,13,5,5,0,1.0,,1,40,8,40,0,0,1,,0.0024813895781637717,,0.03869969040247678,1.0,1.0,0.0,1.0,0.2,0.0
threshold_delay,faults5,faults5,10,threshold_8,Threshold 8,1,31,13,5,5,0,1.0,,1,32,0,32,0,0,1,,0.0024813895781637717,,0.03869969040247678,1.0,1.0,0.0,1.0,0.2,0.0
threshold_delay,faults5,faults5,10,threshold_8,Threshold 8,2,31,13,5,5,0,1.0,,1,32,0,32,0,0,1,,0.0024813895781637717,,0.03869969040247678,1.0,1.0,0.0,1.0,0.2,0.0
threshold_delay,faults5,faults5,10,threshold_8,Threshold 8,3,31,13,5,5,0,1.0,,1,32,0,32,0,0,1,,0.0024813895781637717,,0.03869969040247678,1.0,1.0,0.0,1.0,0.2,0.0
threshold_delay,faults5,faults5,10,threshold_8,Threshold 8,4,31,13,5,5,0,1.0,,1,32,0,32,0,0,1,,0.0024813895781637717,,0.03869969040247678,1.0,1.0,0.0,1.0,0.2,0.0
threshold_delay,faults5,faults5,10,threshold_16,Threshold 16,0,31,13,5,5,0,1.0,,1,48,16,48,0,0,1,,0.0024813895781637717,,0.03869969040247678,1.0,1.0,0.0,1.0,0.2,0.0
threshold_delay,faults5,faults5,10,threshold_16,Threshold 16,1,31,13,5,5,0,1.0,,1,32,0,32,0,0,1,,0.0024813895781637717,,0.03869969040247678,1.0,1.0,0.0,1.0,0.2,0.0
threshold_delay,faults5,faults5,10,threshold_16,Threshold 16,2,31,13,5,5,0,1.0,,1,32,0,32,0,0,1,,0.0024813895781637717,,0.03869969040247678,1.0,1.0,0.0,1.0,0.2,0.0
threshold_delay,faults5,faults5,10,threshold_16,Threshold 16,3,31,13,5,5,0,1.0,,1,32,0,32,0,0,1,,0.0024813895781637717,,0.03869969040247678,1.0,1.0,0.0,1.0,0.2,0.0
threshold_delay,faults5,faults5,10,threshold_16,Threshold 16,4,31,13,5,5,0,1.0,,1,32,0,32,0,0,1,,0.0024813895781637717,,0.03869969040247678,1.0,1.0,0.0,1.0,0.2,0.0
threshold_delay,faults5,faults5,10,threshold_32,Threshold 32,0,31,13,5,5,0,1.0,,1,64,32,64,0,0,1,,0.0024813895781637717,,0.03869969040247678,1.0,1.0,0.0,1.0,0.2,0.0
threshold_delay,faults5,faults5,10,threshold_32,Threshold 32,1,31,13,5,5,0,1.0,,1,32,0,32,0,0,1,,0.0024813895781637717,,0.03869969040247678,1.0,1.0,0.0,1.0,0.2,0.0
threshold_delay,faults5,faults5,10,threshold_32,Threshold 32,2,31,13,5,5,0,1.0,,1,32,0,32,0,0,1,,0.0024813895781637717,,0.03869969040247678,1.0,1.0,0.0,1.0,0.2,0.0
threshold_delay,faults5,faults5,10,threshold_32,Threshold 32,3,31,13,5,5,0,1.0,,1,32,0,32,0,0,1,,0.0024813895781637717,,0.03869969040247678,1.0,1.0,0.0,1.0,0.2,0.0
threshold_delay,faults5,faults5,10,threshold_32,Threshold 32,4,31,13,5,5,0,1.0,,1,32,0,32,0,0,1,,0.0024813895781637717,,0.03869969040247678,1.0,1.0,0.0,1.0,0.2,0.0
threshold_delay,faults5,faults5,11,threshold_1,Threshold 1,0,31,13,5,5,0,1.0,,1,33,1,33,0,0,1,,0.0024813895781637717,,0.03869969040247678,1.0,1.0,0.0,1.0,0.2,0.0
threshold_delay,faults5,faults5,11,threshold_1,Threshold 1,1,31,13,5,5,0,1.0,,1,32,0,32,0,0,1,,0.0024813895781637717,,0.03869969040247678,1.0,1.0,0.0,1.0,0.2,0.0
threshold_delay,faults5,faults5,11,threshold_1,Threshold 1,2,31,13,5,5,0,1.0,,1,32,0,32,0,0,1,,0.0024813895781637717,,0.03869969040247678,1.0,1.0,0.0,1.0,0.2,0.0
threshold_delay,faults5,faults5,11,threshold_1,Threshold 1,3,31,13,5,5,0,1.0,,1,32,0,32,0,0,1,,0.0024813895781637717,,0.03869969040247678,1.0,1.0,0.0,1.0,0.2,0.0
threshold_delay,faults5,faults5,11,threshold_1,Threshold 1,4,31,13,5,5,0,1.0,,1,32,0,32,0,0,1,,0.0024813895781637717,,0.03869969040247678,1.0,1.0,0.0,1.0,0.2,0.0
threshold_delay,faults5,faults5,11,threshold_2,Threshold 2,0,31,13,5,5,0,1.0,,1,34,2,34,0,0,1,,0.0024813895781637717,,0.03869969040247678,1.0,1.0,0.0,1.0,0.2,0.0
threshold_delay,faults5,faults5,11,threshold_2,Threshold 2,1,31,13,5,5,0,1.0,,1,32,0,32,0,0,1,,0.0024813895781637717,,0.03869969040247678,1.0,1.0,0.0,1.0,0.2,0.0
threshold_delay,faults5,faults5,11,threshold_2,Threshold 2,2,31,13,5,5,0,1.0,,1,32,0,32,0,0,1,,0.0024813895781637717,,0.03869969040247678,1.0,1.0,0.0,1.0,0.2,0.0
threshold_delay,faults5,faults5,11,threshold_2,Threshold 2,3,31,13,5,5,0,1.0,,1,32,0,32,0,0,1,,0.0024813895781637717,,0.03869969040247678,1.0,1.0,0.0,1.0,0.2,0.0
threshold_delay,faults5,faults5,11,threshold_2,Threshold 2,4,31,13,5,5,0,1.0,,1,32,0,32,0,0,1,,0.0024813895781637717,,0.03869969040247678,1.0,1.0,0.0,1.0,0.2,0.0
threshold_delay,faults5,faults5,11,threshold_4,Threshold 4,0,31,13,5,5,0,1.0,,1,36,4,36,0,0,1,,0.0024813895781637717,,0.03869969040247678,1.0,1.0,0.0,1.0,0.2,0.0
threshold_delay,faults5,faults5,11,threshold_4,Threshold 4,1,31,13,5,5,0,1.0,,1,32,0,32,0,0,1,,0.0024813895781637717,,0.03869969040247678,1.0,1.0,0.0,1.0,0.2,0.0
threshold_delay,faults5,faults5,11,threshold_4,Threshold 4,2,31,13,5,5,0,1.0,,1,32,0,32,0,0,1,,0.0024813895781637717,,0.03869969040247678,1.0,1.0,0.0,1.0,0.2,0.0
threshold_delay,faults5,faults5,11,threshold_4,Threshold 4,3,31,13,5,5,0,1.0,,1,32,0,32,0,0,1,,0.0024813895781637717,,0.03869969040247678,1.0,1.0,0.0,1.0,0.2,0.0
threshold_delay,faults5,faults5,11,threshold_4,Threshold 4,4,31,13,5,5,0,1.0,,1,32,0,32,0,0,1,,0.0024813895781637717,,0.03869969040247678,1.0,1.0,0.0,1.0,0.2,0.0
threshold_delay,faults5,faults5,11,threshold_8,Threshold 8,0,31,13,5,5,0,1.0,,1,40,8,40,0,0,1,,0.0024813895781637717,,0.03869969040247678,1.0,1.0,0.0,1.0,0.2,0.0
threshold_delay,faults5,faults5,11,threshold_8,Threshold 8,1,31,13,5,5,0,1.0,,1,32,0,32,0,0,1,,0.0024813895781637717,,0.03869969040247678,1.0,1.0,0.0,1.0,0.2,0.0
threshold_delay,faults5,faults5,11,threshold_8,Threshold 8,2,31,13,5,5,0,1.0,,1,32,0,32,0,0,1,,0.0024813895781637717,,0.03869969040247678,1.0,1.0,0.0,1.0,0.2,0.0
threshold_delay,faults5,faults5,11,threshold_8,Threshold 8,3,31,13,5,5,0,1.0,,1,32,0,32,0,0,1,,0.0024813895781637717,,0.03869969040247678,1.0,1.0,0.0,1.0,0.2,0.0
threshold_delay,faults5,faults5,11,threshold_8,Threshold 8,4,31,13,5,5,0,1.0,,1,32,0,32,0,0,1,,0.0024813895781637717,,0.03869969040247678,1.0,1.0,0.0,1.0,0.2,0.0
threshold_delay,faults5,faults5,11,threshold_16,Threshold 16,0,31,13,5,5,0,1.0,,1,48,16,48,0,0,1,,0.0024813895781637717,,0.03869969040247678,1.0,1.0,0.0,1.0,0.2,0.0
threshold_delay,faults5,faults5,11,threshold_16,Threshold 16,1,31,13,5,5,0,1.0,,1,32,0,32,0,0,1,,0.0024813895781637717,,0.03869969040247678,1.0,1.0,0.0,1.0,0.2,0.0
threshold_delay,faults5,faults5,11,threshold_16,Threshold 16,2,31,13,5,5,0,1.0,,1,32,0,32,0,0,1,,0.0024813895781637717,,0.03869969040247678,1.0,1.0,0.0,1.0,0.2,0.0
threshold_delay,faults5,faults5,11,threshold_16,Threshold 16,3,31,13,5,5,0,1.0,,1,32,0,32,0,0,1,,0.0024813895781637717,,0.03869969040247678,1.0,1.0,0.0,1.0,0.2,0.0
threshold_delay,faults5,faults5,11,threshold_16,Threshold 16,4,31,13,5,5,0,1.0,,1,32,0,32,0,0,1,,0.0024813895781637717,,0.03869969040247678,1.0,1.0,0.0,1.0,0.2,0.0
threshold_delay,faults5,faults5,11,threshold_32,Threshold 32,0,31,13,5,5,0,1.0,,1,64,32,64,0,0,1,,0.0024813895781637717,,0.03869969040247678,1.0,1.0,0.0,1.0,0.2,0.0
threshold_delay,faults5,faults5,11,threshold_32,Threshold 32,1,31,13,5,5,0,1.0,,1,32,0,32,0,0,1,,0.0024813895781637717,,0.03869969040247678,1.0,1.0,0.0,1.0,0.2,0.0
threshold_delay,faults5,faults5,11,threshold_32,Threshold 32,2,31,13,5,5,0,1.0,,1,32,0,32,0,0,1,,0.0024813895781637717,,0.03869969040247678,1.0,1.0,0.0,1.0,0.2,0.0
threshold_delay,faults5,faults5,11,threshold_32,Threshold 32,3,31,13,5,5,0,1.0,,1,32,0,32,0,0,1,,0.0024813895781637717,,0.03869969040247678,1.0,1.0,0.0,1.0,0.2,0.0
threshold_delay,faults5,faults5,11,threshold_32,Threshold 32,4,31,13,5,5,0,1.0,,1,32,0,32,0,0,1,,0.0024813895781637717,,0.03869969040247678,1.0,1.0,0.0,1.0,0.2,0.0
threshold_delay,faults5,faults5,12,threshold_1,Threshold 1,0,31,13,5,5,0,1.0,,1,33,1,33,0,0,1,,0.0024813895781637717,,0.03869969040247678,1.0,1.0,0.0,1.0,0.2,0.0
threshold_delay,faults5,faults5,12,threshold_1,Threshold 1,1,31,13,5,5,0,1.0,,1,32,0,32,0,0,1,,0.0024813895781637717,,0.03869969040247678,1.0,1.0,0.0,1.0,0.2,0.0
threshold_delay,faults5,faults5,12,threshold_1,Threshold 1,2,31,13,5,5,0,1.0,,1,32,0,32,0,0,1,,0.0024813895781637717,,0.03869969040247678,1.0,1.0,0.0,1.0,0.2,0.0
threshold_delay,faults5,faults5,12,threshold_1,Threshold 1,3,31,13,5,5,0,1.0,,1,32,0,32,0,0,1,,0.0024813895781637717,,0.03869969040247678,1.0,1.0,0.0,1.0,0.2,0.0
threshold_delay,faults5,faults5,12,threshold_1,Threshold 1,4,31,13,5,5,0,1.0,,1,32,0,32,0,0,1,,0.0024813895781637717,,0.03869969040247678,1.0,1.0,0.0,1.0,0.2,0.0
threshold_delay,faults5,faults5,12,threshold_2,Threshold 2,0,31,13,5,5,0,1.0,,1,34,2,34,0,0,1,,0.0024813895781637717,,0.03869969040247678,1.0,1.0,0.0,1.0,0.2,0.0
threshold_delay,faults5,faults5,12,threshold_2,Threshold 2,1,31,13,5,5,0,1.0,,1,32,0,32,0,0,1,,0.0024813895781637717,,0.03869969040247678,1.0,1.0,0.0,1.0,0.2,0.0
threshold_delay,faults5,faults5,12,threshold_2,Threshold 2,2,31,13,5,5,0,1.0,,1,32,0,32,0,0,1,,0.0024813895781637717,,0.03869969040247678,1.0,1.0,0.0,1.0,0.2,0.0
threshold_delay,faults5,faults5,12,threshold_2,Threshold 2,3,31,13,5,5,0,1.0,,1,32,0,32,0,0,1,,0.0024813895781637717,,0.03869969040247678,1.0,1.0,0.0,1.0,0.2,0.0
threshold_delay,faults5,faults5,12,threshold_2,Threshold 2,4,31,13,5,5,0,1.0,,1,32,0,32,0,0,1,,0.0024813895781637717,,0.03869969040247678,1.0,1.0,0.0,1.0,0.2,0.0
threshold_delay,faults5,faults5,12,threshold_4,Threshold 4,0,31,13,5,5,0,1.0,,1,36,4,36,0,0,1,,0.0024813895781637717,,0.03869969040247678,1.0,1.0,0.0,1.0,0.2,0.0
threshold_delay,faults5,faults5,12,threshold_4,Threshold 4,1,31,13,5,5,0,1.0,,1,32,0,32,0,0,1,,0.0024813895781637717,,0.03869969040247678,1.0,1.0,0.0,1.0,0.2,0.0
threshold_delay,faults5,faults5,12,threshold_4,Threshold 4,2,31,13,5,5,0,1.0,,1,32,0,32,0,0,1,,0.0024813895781637717,,0.03869969040247678,1.0,1.0,0.0,1.0,0.2,0.0
threshold_delay,faults5,faults5,12,threshold_4,Threshold 4,3,31,13,5,5,0,1.0,,1,32,0,32,0,0,1,,0.0024813895781637717,,0.03869969040247678,1.0,1.0,0.0,1.0,0.2,0.0
threshold_delay,faults5,faults5,12,threshold_4,Threshold 4,4,31,13,5,5,0,1.0,,1,32,0,32,0,0,1,,0.0024813895781637717,,0.03869969040247678,1.0,1.0,0.0,1.0,0.2,0.0
threshold_delay,faults5,faults5,12,threshold_8,Threshold 8,0,31,13,5,5,0,1.0,,1,40,8,40,0,0,1,,0.0024813895781637717,,0.03869969040247678,1.0,1.0,0.0,1.0,0.2,0.0
threshold_delay,faults5,faults5,12,threshold_8,Threshold 8,1,31,13,5,5,0,1.0,,1,32,0,32,0,0,1,,0.0024813895781637717,,0.03869969040247678,1.0,1.0,0.0,1.0,0.2,0.0
threshold_delay,faults5,faults5,12,threshold_8,Threshold 8,2,31,13,5,5,0,1.0,,1,32,0,32,0,0,1,,0.0024813895781637717,,0.03869969040247678,1.0,1.0,0.0,1.0,0.2,0.0
threshold_delay,faults5,faults5,12,threshold_8,Threshold 8,3,31,13,5,5,0,1.0,,1,32,0,32,0,0,1,,0.0024813895781637717,,0.03869969040247678,1.0,1.0,0.0,1.0,0.2,0.0
threshold_delay,faults5,faults5,12,threshold_8,Threshold 8,4,31,13,5,5,0,1.0,,1,32,0,32,0,0,1,,0.0024813895781637717,,0.03869969040247678,1.0,1.0,0.0,1.0,0.2,0.0
threshold_delay,faults5,faults5,12,threshold_16,Threshold 16,0,31,13,5,5,0,1.0,,1,48,16,48,0,0,1,,0.0024813895781637717,,0.03869969040247678,1.0,1.0,0.0,1.0,0.2,0.0
threshold_delay,faults5,faults5,12,threshold_16,Threshold 16,1,31,13,5,5,0,1.0,,1,32,0,32,0,0,1,,0.0024813895781637717,,0.03869969040247678,1.0,1.0,0.0,1.0,0.2,0.0
threshold_delay,faults5,faults5,12,threshold_16,Threshold 16,2,31,13,5,5,0,1.0,,1,32,0,32,0,0,1,,0.0024813895781637717,,0.03869969040247678,1.0,1.0,0.0,1.0,0.2,0.0
threshold_delay,faults5,faults5,12,threshold_16,Threshold 16,3,31,13,5,5,0,1.0,,1,32,0,32,0,0,1,,0.0024813895781637717,,0.03869969040247678,1.0,1.0,0.0,1.0,0.2,0.0
threshold_delay,faults5,faults5,12,threshold_16,Threshold 16,4,31,13,5,5,0,1.0,,1,32,0,32,0,0,1,,0.0024813895781637717,,0.03869969040247678,1.0,1.0,0.0,1.0,0.2,0.0
threshold_delay,faults5,faults5,12,threshold_32,Threshold 32,0,31,13,5,5,0,1.0,,1,64,32,64,0,0,1,,0.0024813895781637717,,0.03869969040247678,1.0,1.0,0.0,1.0,0.2,0.0
threshold_delay,faults5,faults5,12,threshold_32,Threshold 32,1,31,13,5,5,0,1.0,,1,32,0,32,0,0,1,,0.0024813895781637717,,0.03869969040247678,1.0,1.0,0.0,1.0,0.2,0.0
threshold_delay,faults5,faults5,12,threshold_32,Threshold 32,2,31,13,5,5,0,1.0,,1,32,0,32,0,0,1,,0.0024813895781637717,,0.03869969040247678,1.0,1.0,0.0,1.0,0.2,0.0
threshold_delay,faults5,faults5,12,threshold_32,Threshold 32,3,31,13,5,5,0,1.0,,1,32,0,32,0,0,1,,0.0024813895781637717,,0.03869969040247678,1.0,1.0,0.0,1.0,0.2,0.0
threshold_delay,faults5,faults5,12,threshold_32,Threshold 32,4,31,13,5,5,0,1.0,,1,32,0,32,0,0,1,,0.0024813895781637717,,0.03869969040247678,1.0,1.0,0.0,1.0,0.2,0.0
threshold_delay,faults5,faults5,13,threshold_1,Threshold 1,0,31,13,5,5,0,1.0,,1,33,1,33,0,0,1,,0.0024813895781637717,,0.03869969040247678,1.0,1.0,0.0,1.0,0.2,0.0
threshold_delay,faults5,faults5,13,threshold_1,Threshold 1,1,31,13,5,5,0,1.0,,1,32,0,32,0,0,1,,0.0024813895781637717,,0.03869969040247678,1.0,1.0,0.0,1.0,0.2,0.0
threshold_delay,faults5,faults5,13,threshold_1,Threshold 1,2,31,13,5,5,0,1.0,,1,32,0,32,0,0,1,,0.0024813895781637717,,0.03869969040247678,1.0,1.0,0.0,1.0,0.2,0.0
threshold_delay,faults5,faults5,13,threshold_1,Threshold 1,3,31,13,5,5,0,1.0,,1,32,0,32,0,0,1,,0.0024813895781637717,,0.03869969040247678,1.0,1.0,0.0,1.0,0.2,0.0
threshold_delay,faults5,faults5,13,threshold_1,Threshold 1,4,31,13,5,5,0,1.0,,1,32,0,32,0,0,1,,0.0024813895781637717,,0.03869969040247678,1.0,1.0,0.0,1.0,0.2,0.0
threshold_delay,faults5,faults5,13,threshold_2,Threshold 2,0,31,13,5,5,0,1.0,,1,34,2,34,0,0,1,,0.0024813895781637717,,0.03869969040247678,1.0,1.0,0.0,1.0,0.2,0.0
threshold_delay,faults5,faults5,13,threshold_2,Threshold 2,1,31,13,5,5,0,1.0,,1,32,0,32,0,0,1,,0.0024813895781637717,,0.03869969040247678,1.0,1.0,0.0,1.0,0.2,0.0
threshold_delay,faults5,faults5,13,threshold_2,Threshold 2,2,31,13,5,5,0,1.0,,1,32,0,32,0,0,1,,0.0024813895781637717,,0.03869969040247678,1.0,1.0,0.0,1.0,0.2,0.0
threshold_delay,faults5,faults5,13,threshold_2,Threshold 2,3,31,13,5,5,0,1.0,,1,32,0,32,0,0,1,,0.0024813895781637717,,0.03869969040247678,1.0,1.0,0.0,1.0,0.2,0.0
threshold_delay,faults5,faults5,13,threshold_2,Threshold 2,4,31,13,5,5,0,1.0,,1,32,0,32,0,0,1,,0.0024813895781637717,,0.03869969040247678,1.0,1.0,0.0,1.0,0.2,0.0
threshold_delay,faults5,faults5,13,threshold_4,Threshold 4,0,31,13,5,5,0,1.0,,1,36,4,36,0,0,1,,0.0024813895781637717,,0.03869969040247678,1.0,1.0,0.0,1.0,0.2,0.0
threshold_delay,faults5,faults5,13,threshold_4,Threshold 4,1,31,13,5,5,0,1.0,,1,32,0,32,0,0,1,,0.0024813895781637717,,0.03869969040247678,1.0,1.0,0.0,1.0,0.2,0.0
threshold_delay,faults5,faults5,13,threshold_4,Threshold 4,2,31,13,5,5,0,1.0,,1,32,0,32,0,0,1,,0.0024813895781637717,,0.03869969040247678,1.0,1.0,0.0,1.0,0.2,0.0
threshold_delay,faults5,faults5,13,threshold_4,Threshold 4,3,31,13,5,5,0,1.0,,1,32,0,32,0,0,1,,0.0024813895781637717,,0.03869969040247678,1.0,1.0,0.0,1.0,0.2,0.0
threshold_delay,faults5,faults5,13,threshold_4,Threshold 4,4,31,13,5,5,0,1.0,,1,32,0,32,0,0,1,,0.0024813895781637717,,0.03869969040247678,1.0,1.0,0.0,1.0,0.2,0.0
threshold_delay,faults5,faults5,13,threshold_8,Threshold 8,0,31,13,5,5,0,1.0,,1,40,8,40,0,0,1,,0.0024813895781637717,,0.03869969040247678,1.0,1.0,0.0,1.0,0.2,0.0
threshold_delay,faults5,faults5,13,threshold_8,Threshold 8,1,31,13,5,5,0,1.0,,1,32,0,32,0,0,1,,0.0024813895781637717,,0.03869969040247678,1.0,1.0,0.0,1.0,0.2,0.0
threshold_delay,faults5,faults5,13,threshold_8,Threshold 8,2,31,13,5,5,0,1.0,,1,32,0,32,0,0,1,,0.0024813895781637717,,0.03869969040247678,1.0,1.0,0.0,1.0,0.2,0.0
threshold_delay,faults5,faults5,13,threshold_8,Threshold 8,3,31,13,5,5,0,1.0,,1,32,0,32,0,0,1,,0.0024813895781637717,,0.03869969040247678,1.0,1.0,0.0,1.0,0.2,0.0
threshold_delay,faults5,faults5,13,threshold_8,Threshold 8,4,31,13,5,5,0,1.0,,1,32,0,32,0,0,1,,0.0024813895781637717,,0.03869969040247678,1.0,1.0,0.0,1.0,0.2,0.0
threshold_delay,faults5,faults5,13,threshold_16,Threshold 16,0,31,13,5,5,0,1.0,,1,48,16,48,0,0,1,,0.0024813895781637717,,0.03869969040247678,1.0,1.0,0.0,1.0,0.2,0.0
threshold_delay,faults5,faults5,13,threshold_16,Threshold 16,1,31,13,5,5,0,1.0,,1,32,0,32,0,0,1,,0.0024813895781637717,,0.03869969040247678,1.0,1.0,0.0,1.0,0.2,0.0
threshold_delay,faults5,faults5,13,threshold_16,Threshold 16,2,31,13,5,5,0,1.0,,1,32,0,32,0,0,1,,0.0024813895781637717,,0.03869969040247678,1.0,1.0,0.0,1.0,0.2,0.0
threshold_delay,faults5,faults5,13,threshold_16,Threshold 16,3,31,13,5,5,0,1.0,,1,32,0,32,0,0,1,,0.0024813895781637717,,0.03869969040247678,1.0,1.0,0.0,1.0,0.2,0.0
threshold_delay,faults5,faults5,13,threshold_16,Threshold 16,4,31,13,5,5,0,1.0,,1,32,0,32,0,0,1,,0.0024813895781637717,,0.03869969040247678,1.0,1.0,0.0,1.0,0.2,0.0
threshold_delay,faults5,faults5,13,threshold_32,Threshold 32,0,31,13,5,5,0,1.0,,1,64,32,64,0,0,1,,0.0024813895781637717,,0.03869969040247678,1.0,1.0,0.0,1.0,0.2,0.0
threshold_delay,faults5,faults5,13,threshold_32,Threshold 32,1,31,13,5,5,0,1.0,,1,32,0,32,0,0,1,,0.0024813895781637717,,0.03869969040247678,1.0,1.0,0.0,1.0,0.2,0.0
threshold_delay,faults5,faults5,13,threshold_32,Threshold 32,2,31,13,5,5,0,1.0,,1,32,0,32,0,0,1,,0.0024813895781637717,,0.03869969040247678,1.0,1.0,0.0,1.0,0.2,0.0
threshold_delay,faults5,faults5,13,threshold_32,Threshold 32,3,31,13,5,5,0,1.0,,1,32,0,32,0,0,1,,0.0024813895781637717,,0.03869969040247678,1.0,1.0,0.0,1.0,0.2,0.0
threshold_delay,faults5,faults5,13,threshold_32,Threshold 32,4,31,13,5,5,0,1.0,,1,32,0,32,0,0,1,,0.0024813895781637717,,0.03869969040247678,1.0,1.0,0.0,1.0,0.2,0.0
threshold_delay,faults5,faults5,14,threshold_1,Threshold 1,0,31,13,5,5,0,1.0,,1,33,1,33,0,0,1,,0.0024813895781637717,,0.03869969040247678,1.0,1.0,0.0,1.0,0.2,0.0
threshold_delay,faults5,faults5,14,threshold_1,Threshold 1,1,31,13,5,5,0,1.0,,1,32,0,32,0,0,1,,0.0024813895781637717,,0.03869969040247678,1.0,1.0,0.0,1.0,0.2,0.0
threshold_delay,faults5,faults5,14,threshold_1,Threshold 1,2,31,13,5,5,0,1.0,,1,32,0,32,0,0,1,,0.0024813895781637717,,0.03869969040247678,1.0,1.0,0.0,1.0,0.2,0.0
threshold_delay,faults5,faults5,14,threshold_1,Threshold 1,3,31,13,5,5,0,1.0,,1,32,0,32,0,0,1,,0.0024813895781637717,,0.03869969040247678,1.0,1.0,0.0,1.0,0.2,0.0
threshold_delay,faults5,faults5,14,threshold_1,Threshold 1,4,31,13,5,5,0,1.0,,1,32,0,32,0,0,1,,0.0024813895781637717,,0.03869969040247678,1.0,1.0,0.0,1.0,0.2,0.0
threshold_delay,faults5,faults5,14,threshold_2,Threshold 2,0,31,13,5,5,0,1.0,,1,34,2,34,0,0,1,,0.0024813895781637717,,0.03869969040247678,1.0,1.0,0.0,1.0,0.2,0.0
threshold_delay,faults5,faults5,14,threshold_2,Threshold 2,1,31,13,5,5,0,1.0,,1,32,0,32,0,0,1,,0.0024813895781637717,,0.03869969040247678,1.0,1.0,0.0,1.0,0.2,0.0
threshold_delay,faults5,faults5,14,threshold_2,Threshold 2,2,31,13,5,5,0,1.0,,1,32,0,32,0,0,1,,0.0024813895781637717,,0.03869969040247678,1.0,1.0,0.0,1.0,0.2,0.0
threshold_delay,faults5,faults5,14,threshold_2,Threshold 2,3,31,13,5,5,0,1.0,,1,32,0,32,0,0,1,,0.0024813895781637717,,0.03869969040247678,1.0,1.0,0.0,1.0,0.2,0.0
threshold_delay,faults5,faults5,14,threshold_2,Threshold 2,4,31,13,5,5,0,1.0,,1,32,0,32,0,0,1,,0.0024813895781637717,,0.03869969040247678,1.0,1.0,0.0,1.0,0.2,0.0
threshold_delay,faults5,faults5,14,threshold_4,Threshold 4,0,31,13,5,5,0,1.0,,1,36,4,36,0,0,1,,0.0024813895781637717,,0.03869969040247678,1.0,1.0,0.0,1.0,0.2,0.0
threshold_delay,faults5,faults5,14,threshold_4,Threshold 4,1,31,13,5,5,0,1.0,,1,32,0,32,0,0,1,,0.0024813895781637717,,0.03869969040247678,1.0,1.0,0.0,1.0,0.2,0.0
threshold_delay,faults5,faults5,14,threshold_4,Threshold 4,2,31,13,5,5,0,1.0,,1,32,0,32,0,0,1,,0.0024813895781637717,,0.03869969040247678,1.0,1.0,0.0,1.0,0.2,0.0
threshold_delay,faults5,faults5,14,threshold_4,Threshold 4,3,31,13,5,5,0,1.0,,1,32,0,32,0,0,1,,0.0024813895781637717,,0.03869969040247678,1.0,1.0,0.0,1.0,0.2,0.0
threshold_delay,faults5,faults5,14,threshold_4,Threshold 4,4,31,13,5,5,0,1.0,,1,32,0,32,0,0,1,,0.0024813895781637717,,0.03869969040247678,1.0,1.0,0.0,1.0,0.2,0.0
threshold_delay,faults5,faults5,14,threshold_8,Threshold 8,0,31,13,5,5,0,1.0,,1,40,8,40,0,0,1,,0.0024813895781637717,,0.03869969040247678,1.0,1.0,0.0,1.0,0.2,0.0
threshold_delay,faults5,faults5,14,threshold_8,Threshold 8,1,31,13,5,5,0,1.0,,1,32,0,32,0,0,1,,0.0024813895781637717,,0.03869969040247678,1.0,1.0,0.0,1.0,0.2,0.0
threshold_delay,faults5,faults5,14,threshold_8,Threshold 8,2,31,13,5,5,0,1.0,,1,32,0,32,0,0,1,,0.0024813895781637717,,0.03869969040247678,1.0,1.0,0.0,1.0,0.2,0.0
threshold_delay,faults5,faults5,14,threshold_8,Threshold 8,3,31,13,5,5,0,1.0,,1,32,0,32,0,0,1,,0.0024813895781637717,,0.03869969040247678,1.0,1.0,0.0,1.0,0.2,0.0
threshold_delay,faults5,faults5,14,threshold_8,Threshold 8,4,31,13,5,5,0,1.0,,1,32,0,32,0,0,1,,0.0024813895781637717,,0.03869969040247678,1.0,1.0,0.0,1.0,0.2,0.0
threshold_delay,faults5,faults5,14,threshold_16,Threshold 16,0,31,13,5,5,0,1.0,,1,48,16,48,0,0,1,,0.0024813895781637717,,0.03869969040247678,1.0,1.0,0.0,1.0,0.2,0.0
threshold_delay,faults5,faults5,14,threshold_16,Threshold 16,1,31,13,5,5,0,1.0,,1,32,0,32,0,0,1,,0.0024813895781637717,,0.03869969040247678,1.0,1.0,0.0,1.0,0.2,0.0
threshold_delay,faults5,faults5,14,threshold_16,Threshold 16,2,31,13,5,5,0,1.0,,1,32,0,32,0,0,1,,0.0024813895781637717,,0.03869969040247678,1.0,1.0,0.0,1.0,0.2,0.0
threshold_delay,faults5,faults5,14,threshold_16,Threshold 16,3,31,13,5,5,0,1.0,,1,32,0,32,0,0,1,,0.0024813895781637717,,0.03869969040247678,1.0,1.0,0.0,1.0,0.2,0.0
threshold_delay,faults5,faults5,14,threshold_16,Threshold 16,4,31,13,5,5,0,1.0,,1,32,0,32,0,0,1,,0.0024813895781637717,,0.03869969040247678,1.0,1.0,0.0,1.0,0.2,0.0
threshold_delay,faults5,faults5,14,threshold_32,Threshold 32,0,31,13,5,5,0,1.0,,1,64,32,64,0,0,1,,0.0024813895781637717,,0.03869969040247678,1.0,1.0,0.0,1.0,0.2,0.0
threshold_delay,faults5,faults5,14,threshold_32,Threshold 32,1,31,13,5,5,0,1.0,,1,32,0,32,0,0,1,,0.0024813895781637717,,0.03869969040247678,1.0,1.0,0.0,1.0,0.2,0.0
threshold_delay,faults5,faults5,14,threshold_32,Threshold 32,2,31,13,5,5,0,1.0,,1,32,0,32,0,0,1,,0.0024813895781637717,,0.03869969040247678,1.0,1.0,0.0,1.0,0.2,0.0
threshold_delay,faults5,faults5,14,threshold_32,Threshold 32,3,31,13,5,5,0,1.0,,1,32,0,32,0,0,1,,0.0024813895781637717,,0.03869969040247678,1.0,1.0,0.0,1.0,0.2,0.0
threshold_delay,faults5,faults5,14,threshold_32,Threshold 32,4,31,13,5,5,0,1.0,,1,32,0,32,0,0,1,,0.0024813895781637717,,0.03869969040247678,1.0,1.0,0.0,1.0,0.2,0.0
threshold_delay,faults5,faults5,15,threshold_1,Threshold 1,0,31,13,5,5,0,1.0,,1,33,1,33,0,0,1,,0.0024813895781637717,,0.03869969040247678,1.0,1.0,0.0,1.0,0.2,0.0
threshold_delay,faults5,faults5,15,threshold_1,Threshold 1,1,31,13,5,5,0,1.0,,1,32,0,32,0,0,1,,0.0024813895781637717,,0.03869969040247678,1.0,1.0,0.0,1.0,0.2,0.0
threshold_delay,faults5,faults5,15,threshold_1,Threshold 1,2,31,13,5,5,0,1.0,,1,32,0,32,0,0,1,,0.0024813895781637717,,0.03869969040247678,1.0,1.0,0.0,1.0,0.2,0.0
threshold_delay,faults5,faults5,15,threshold_1,Threshold 1,3,31,13,5,5,0,1.0,,1,32,0,32,0,0,1,,0.0024813895781637717,,0.03869969040247678,1.0,1.0,0.0,1.0,0.2,0.0
threshold_delay,faults5,faults5,15,threshold_1,Threshold 1,4,31,13,5,5,0,1.0,,1,32,0,32,0,0,1,,0.0024813895781637717,,0.03869969040247678,1.0,1.0,0.0,1.0,0.2,0.0
threshold_delay,faults5,faults5,15,threshold_2,Threshold 2,0,31,13,5,5,0,1.0,,1,34,2,34,0,0,1,,0.0024813895781637717,,0.03869969040247678,1.0,1.0,0.0,1.0,0.2,0.0
threshold_delay,faults5,faults5,15,threshold_2,Threshold 2,1,31,13,5,5,0,1.0,,1,32,0,32,0,0,1,,0.0024813895781637717,,0.03869969040247678,1.0,1.0,0.0,1.0,0.2,0.0
threshold_delay,faults5,faults5,15,threshold_2,Threshold 2,2,31,13,5,5,0,1.0,,1,32,0,32,0,0,1,,0.0024813895781637717,,0.03869969040247678,1.0,1.0,0.0,1.0,0.2,0.0
threshold_delay,faults5,faults5,15,threshold_2,Threshold 2,3,31,13,5,5,0,1.0,,1,32,0,32,0,0,1,,0.0024813895781637717,,0.03869969040247678,1.0,1.0,0.0,1.0,0.2,0.0
threshold_delay,faults5,faults5,15,threshold_2,Threshold 2,4,31,13,5,5,0,1.0,,1,32,0,32,0,0,1,,0.0024813895781637717,,0.03869969040247678,1.0,1.0,0.0,1.0,0.2,0.0
threshold_delay,faults5,faults5,15,threshold_4,Threshold 4,0,31,13,5,5,0,1.0,,1,36,4,36,0,0,1,,0.0024813895781637717,,0.03869969040247678,1.0,1.0,0.0,1.0,0.2,0.0
threshold_delay,faults5,faults5,15,threshold_4,Threshold 4,1,31,13,5,5,0,1.0,,1,32,0,32,0,0,1,,0.0024813895781637717,,0.03869969040247678,1.0,1.0,0.0,1.0,0.2,0.0
threshold_delay,faults5,faults5,15,threshold_4,Threshold 4,2,31,13,5,5,0,1.0,,1,32,0,32,0,0,1,,0.0024813895781637717,,0.03869969040247678,1.0,1.0,0.0,1.0,0.2,0.0
threshold_delay,faults5,faults5,15,threshold_4,Threshold 4,3,31,13,5,5,0,1.0,,1,32,0,32,0,0,1,,0.0024813895781637717,,0.03869969040247678,1.0,1.0,0.0,1.0,0.2,0.0
threshold_delay,faults5,faults5,15,threshold_4,Threshold 4,4,31,13,5,5,0,1.0,,1,32,0,32,0,0,1,,0.0024813895781637717,,0.03869969040247678,1.0,1.0,0.0,1.0,0.2,0.0
threshold_delay,faults5,faults5,15,threshold_8,Threshold 8,0,31,13,5,5,0,1.0,,1,40,8,40,0,0,1,,0.0024813895781637717,,0.03869969040247678,1.0,1.0,0.0,1.0,0.2,0.0
threshold_delay,faults5,faults5,15,threshold_8,Threshold 8,1,31,13,5,5,0,1.0,,1,32,0,32,0,0,1,,0.0024813895781637717,,0.03869969040247678,1.0,1.0,0.0,1.0,0.2,0.0
threshold_delay,faults5,faults5,15,threshold_8,Threshold 8,2,31,13,5,5,0,1.0,,1,32,0,32,0,0,1,,0.0024813895781637717,,0.03869969040247678,1.0,1.0,0.0,1.0,0.2,0.0
threshold_delay,faults5,faults5,15,threshold_8,Threshold 8,3,31,13,5,5,0,1.0,,1,32,0,32,0,0,1,,0.0024813895781637717,,0.03869969040247678,1.0,1.0,0.0,1.0,0.2,0.0
threshold_delay,faults5,faults5,15,threshold_8,Threshold 8,4,31,13,5,5,0,1.0,,1,32,0,32,0,0,1,,0.0024813895781637717,,0.03869969040247678,1.0,1.0,0.0,1.0,0.2,0.0
threshold_delay,faults5,faults5,15,threshold_16,Threshold 16,0,31,13,5,5,0,1.0,,1,48,16,48,0,0,1,,0.0024813895781637717,,0.03869969040247678,1.0,1.0,0.0,1.0,0.2,0.0
threshold_delay,faults5,faults5,15,threshold_16,Threshold 16,1,31,13,5,5,0,1.0,,1,32,0,32,0,0,1,,0.0024813895781637717,,0.03869969040247678,1.0,1.0,0.0,1.0,0.2,0.0
threshold_delay,faults5,faults5,15,threshold_16,Threshold 16,2,31,13,5,5,0,1.0,,1,32,0,32,0,0,1,,0.0024813895781637717,,0.03869969040247678,1.0,1.0,0.0,1.0,0.2,0.0
threshold_delay,faults5,faults5,15,threshold_16,Threshold 16,3,31,13,5,5,0,1.0,,1,32,0,32,0,0,1,,0.0024813895781637717,,0.03869969040247678,1.0,1.0,0.0,1.0,0.2,0.0
threshold_delay,faults5,faults5,15,threshold_16,Threshold 16,4,31,13,5,5,0,1.0,,1,32,0,32,0,0,1,,0.0024813895781637717,,0.03869969040247678,1.0,1.0,0.0,1.0,0.2,0.0
threshold_delay,faults5,faults5,15,threshold_32,Threshold 32,0,31,13,5,5,0,1.0,,1,64,32,64,0,0,1,,0.0024813895781637717,,0.03869969040247678,1.0,1.0,0.0,1.0,0.2,0.0
threshold_delay,faults5,faults5,15,threshold_32,Threshold 32,1,31,13,5,5,0,1.0,,1,32,0,32,0,0,1,,0.0024813895781637717,,0.03869969040247678,1.0,1.0,0.0,1.0,0.2,0.0
threshold_delay,faults5,faults5,15,threshold_32,Threshold 32,2,31,13,5,5,0,1.0,,1,32,0,32,0,0,1,,0.0024813895781637717,,0.03869969040247678,1.0,1.0,0.0,1.0,0.2,0.0
threshold_delay,faults5,faults5,15,threshold_32,Threshold 32,3,31,13,5,5,0,1.0,,1,32,0,32,0,0,1,,0.0024813895781637717,,0.03869969040247678,1.0,1.0,0.0,1.0,0.2,0.0
threshold_delay,faults5,faults5,15,threshold_32,Threshold 32,4,31,13,5,5,0,1.0,,1,32,0,32,0,0,1,,0.0024813895781637717,,0.03869969040247678,1.0,1.0,0.0,1.0,0.2,0.0
threshold_delay,faults5,faults5,16,threshold_1,Threshold 1,0,31,13,5,5,0,1.0,,1,33,1,33,0,0,1,,0.0024813895781637717,,0.03869969040247678,1.0,1.0,0.0,1.0,0.2,0.0
threshold_delay,faults5,faults5,16,threshold_1,Threshold 1,1,31,13,5,5,0,1.0,,1,32,0,32,0,0,1,,0.0024813895781637717,,0.03869969040247678,1.0,1.0,0.0,1.0,0.2,0.0
threshold_delay,faults5,faults5,16,threshold_1,Threshold 1,2,31,13,5,5,0,1.0,,1,32,0,32,0,0,1,,0.0024813895781637717,,0.03869969040247678,1.0,1.0,0.0,1.0,0.2,0.0
threshold_delay,faults5,faults5,16,threshold_1,Threshold 1,3,31,13,5,5,0,1.0,,1,32,0,32,0,0,1,,0.0024813895781637717,,0.03869969040247678,1.0,1.0,0.0,1.0,0.2,0.0
threshold_delay,faults5,faults5,16,threshold_1,Threshold 1,4,31,13,5,5,0,1.0,,1,32,0,32,0,0,1,,0.0024813895781637717,,0.03869969040247678,1.0,1.0,0.0,1.0,0.2,0.0
threshold_delay,faults5,faults5,16,threshold_2,Threshold 2,0,31,13,5,5,0,1.0,,1,34,2,34,0,0,1,,0.0024813895781637717,,0.03869969040247678,1.0,1.0,0.0,1.0,0.2,0.0
threshold_delay,faults5,faults5,16,threshold_2,Threshold 2,1,31,13,5,5,0,1.0,,1,32,0,32,0,0,1,,0.0024813895781637717,,0.03869969040247678,1.0,1.0,0.0,1.0,0.2,0.0
threshold_delay,faults5,faults5,16,threshold_2,Threshold 2,2,31,13,5,5,0,1.0,,1,32,0,32,0,0,1,,0.0024813895781637717,,0.03869969040247678,1.0,1.0,0.0,1.0,0.2,0.0
threshold_delay,faults5,faults5,16,threshold_2,Threshold 2,3,31,13,5,5,0,1.0,,1,32,0,32,0,0,1,,0.0024813895781637717,,0.03869969040247678,1.0,1.0,0.0,1.0,0.2,0.0
threshold_delay,faults5,faults5,16,threshold_2,Threshold 2,4,31,13,5,5,0,1.0,,1,32,0,32,0,0,1,,0.0024813895781637717,,0.03869969040247678,1.0,1.0,0.0,1.0,0.2,0.0
threshold_delay,faults5,faults5,16,threshold_4,Threshold 4,0,31,13,5,5,0,1.0,,1,36,4,36,0,0,1,,0.0024813895781637717,,0.03869969040247678,1.0,1.0,0.0,1.0,0.2,0.0
threshold_delay,faults5,faults5,16,threshold_4,Threshold 4,1,31,13,5,5,0,1.0,,1,32,0,32,0,0,1,,0.0024813895781637717,,0.03869969040247678,1.0,1.0,0.0,1.0,0.2,0.0
threshold_delay,faults5,faults5,16,threshold_4,Threshold 4,2,31,13,5,5,0,1.0,,1,32,0,32,0,0,1,,0.0024813895781637717,,0.03869969040247678,1.0,1.0,0.0,1.0,0.2,0.0
threshold_delay,faults5,faults5,16,threshold_4,Threshold 4,3,31,13,5,5,0,1.0,,1,32,0,32,0,0,1,,0.0024813895781637717,,0.03869969040247678,1.0,1.0,0.0,1.0,0.2,0.0
threshold_delay,faults5,faults5,16,threshold_4,Threshold 4,4,31,13,5,5,0,1.0,,1,32,0,32,0,0,1,,0.0024813895781637717,,0.03869969040247678,1.0,1.0,0.0,1.0,0.2,0.0
threshold_delay,faults5,faults5,16,threshold_8,Threshold 8,0,31,13,5,5,0,1.0,,1,40,8,40,0,0,1,,0.0024813895781637717,,0.03869969040247678,1.0,1.0,0.0,1.0,0.2,0.0
threshold_delay,faults5,faults5,16,threshold_8,Threshold 8,1,31,13,5,5,0,1.0,,1,32,0,32,0,0,1,,0.0024813895781637717,,0.03869969040247678,1.0,1.0,0.0,1.0,0.2,0.0
threshold_delay,faults5,faults5,16,threshold_8,Threshold 8,2,31,13,5,5,0,1.0,,1,32,0,32,0,0,1,,0.0024813895781637717,,0.03869969040247678,1.0,1.0,0.0,1.0,0.2,0.0
threshold_delay,faults5,faults5,16,threshold_8,Threshold 8,3,31,13,5,5,0,1.0,,1,32,0,32,0,0,1,,0.0024813895781637717,,0.03869969040247678,1.0,1.0,0.0,1.0,0.2,0.0
threshold_delay,faults5,faults5,16,threshold_8,Threshold 8,4,31,13,5,5,0,1.0,,1,32,0,32,0,0,1,,0.0024813895781637717,,0.03869969040247678,1.0,1.0,0.0,1.0,0.2,0.0
threshold_delay,faults5,faults5,16,threshold_16,Threshold 16,0,31,13,5,5,0,1.0,,1,48,16,48,0,0,1,,0.0024813895781637717,,0.03869969040247678,1.0,1.0,0.0,1.0,0.2,0.0
threshold_delay,faults5,faults5,16,threshold_16,Threshold 16,1,31,13,5,5,0,1.0,,1,32,0,32,0,0,1,,0.0024813895781637717,,0.03869969040247678,1.0,1.0,0.0,1.0,0.2,0.0
threshold_delay,faults5,faults5,16,threshold_16,Threshold 16,2,31,13,5,5,0,1.0,,1,32,0,32,0,0,1,,0.0024813895781637717,,0.03869969040247678,1.0,1.0,0.0,1.0,0.2,0.0
threshold_delay,faults5,faults5,16,threshold_16,Threshold 16,3,31,13,5,5,0,1.0,,1,32,0,32,0,0,1,,0.0024813895781637717,,0.03869969040247678,1.0,1.0,0.0,1.0,0.2,0.0
threshold_delay,faults5,faults5,16,threshold_16,Threshold 16,4,31,13,5,5,0,1.0,,1,32,0,32,0,0,1,,0.0024813895781637717,,0.03869969040247678,1.0,1.0,0.0,1.0,0.2,0.0
threshold_delay,faults5,faults5,16,threshold_32,Threshold 32,0,31,13,5,5,0,1.0,,1,64,32,64,0,0,1,,0.0024813895781637717,,0.03869969040247678,1.0,1.0,0.0,1.0,0.2,0.0
threshold_delay,faults5,faults5,16,threshold_32,Threshold 32,1,31,13,5,5,0,1.0,,1,32,0,32,0,0,1,,0.0024813895781637717,,0.03869969040247678,1.0,1.0,0.0,1.0,0.2,0.0
threshold_delay,faults5,faults5,16,threshold_32,Threshold 32,2,31,13,5,5,0,1.0,,1,32,0,32,0,0,1,,0.0024813895781637717,,0.03869969040247678,1.0,1.0,0.0,1.0,0.2,0.0
threshold_delay,faults5,faults5,16,threshold_32,Threshold 32,3,31,13,5,5,0,1.0,,1,32,0,32,0,0,1,,0.0024813895781637717,,0.03869969040247678,1.0,1.0,0.0,1.0,0.2,0.0
threshold_delay,faults5,faults5,16,threshold_32,Threshold 32,4,31,13,5,5,0,1.0,,1,32,0,32,0,0,1,,0.0024813895781637717,,0.03869969040247678,1.0,1.0,0.0,1.0,0.2,0.0
threshold_delay,faults5,faults5,17,threshold_1,Threshold 1,0,31,13,5,5,0,1.0,,1,33,1,33,0,0,1,,0.0024813895781637717,,0.03869969040247678,1.0,1.0,0.0,1.0,0.2,0.0
threshold_delay,faults5,faults5,17,threshold_1,Threshold 1,1,31,13,5,5,0,1.0,,1,32,0,32,0,0,1,,0.0024813895781637717,,0.03869969040247678,1.0,1.0,0.0,1.0,0.2,0.0
threshold_delay,faults5,faults5,17,threshold_1,Threshold 1,2,31,13,5,5,0,1.0,,1,32,0,32,0,0,1,,0.0024813895781637717,,0.03869969040247678,1.0,1.0,0.0,1.0,0.2,0.0
threshold_delay,faults5,faults5,17,threshold_1,Threshold 1,3,31,13,5,5,0,1.0,,1,32,0,32,0,0,1,,0.0024813895781637717,,0.03869969040247678,1.0,1.0,0.0,1.0,0.2,0.0
threshold_delay,faults5,faults5,17,threshold_1,Threshold 1,4,31,13,5,5,0,1.0,,1,32,0,32,0,0,1,,0.0024813895781637717,,0.03869969040247678,1.0,1.0,0.0,1.0,0.2,0.0
threshold_delay,faults5,faults5,17,threshold_2,Threshold 2,0,31,13,5,5,0,1.0,,1,34,2,34,0,0,1,,0.0024813895781637717,,0.03869969040247678,1.0,1.0,0.0,1.0,0.2,0.0
threshold_delay,faults5,faults5,17,threshold_2,Threshold 2,1,31,13,5,5,0,1.0,,1,32,0,32,0,0,1,,0.0024813895781637717,,0.03869969040247678,1.0,1.0,0.0,1.0,0.2,0.0
threshold_delay,faults5,faults5,17,threshold_2,Threshold 2,2,31,13,5,5,0,1.0,,1,32,0,32,0,0,1,,0.0024813895781637717,,0.03869969040247678,1.0,1.0,0.0,1.0,0.2,0.0
threshold_delay,faults5,faults5,17,threshold_2,Threshold 2,3,31,13,5,5,0,1.0,,1,32,0,32,0,0,1,,0.0024813895781637717,,0.03869969040247678,1.0,1.0,0.0,1.0,0.2,0.0
threshold_delay,faults5,faults5,17,threshold_2,Threshold 2,4,31,13,5,5,0,1.0,,1,32,0,32,0,0,1,,0.0024813895781637717,,0.03869969040247678,1.0,1.0,0.0,1.0,0.2,0.0
threshold_delay,faults5,faults5,17,threshold_4,Threshold 4,0,31,13,5,5,0,1.0,,1,36,4,36,0,0,1,,0.0024813895781637717,,0.03869969040247678,1.0,1.0,0.0,1.0,0.2,0.0
threshold_delay,faults5,faults5,17,threshold_4,Threshold 4,1,31,13,5,5,0,1.0,,1,32,0,32,0,0,1,,0.0024813895781637717,,0.03869969040247678,1.0,1.0,0.0,1.0,0.2,0.0
threshold_delay,faults5,faults5,17,threshold_4,Threshold 4,2,31,13,5,5,0,1.0,,1,32,0,32,0,0,1,,0.0024813895781637717,,0.03869969040247678,1.0,1.0,0.0,1.0,0.2,0.0
threshold_delay,faults5,faults5,17,threshold_4,Threshold 4,3,31,13,5,5,0,1.0,,1,32,0,32,0,0,1,,0.0024813895781637717,,0.03869969040247678,1.0,1.0,0.0,1.0,0.2,0.0
threshold_delay,faults5,faults5,17,threshold_4,Threshold 4,4,31,13,5,5,0,1.0,,1,32,0,32,0,0,1,,0.0024813895781637717,,0.03869969040247678,1.0,1.0,0.0,1.0,0.2,0.0
threshold_delay,faults5,faults5,17,threshold_8,Threshold 8,0,31,13,5,5,0,1.0,,1,40,8,40,0,0,1,,0.0024813895781637717,,0.03869969040247678,1.0,1.0,0.0,1.0,0.2,0.0
threshold_delay,faults5,faults5,17,threshold_8,Threshold 8,1,31,13,5,5,0,1.0,,1,32,0,32,0,0,1,,0.0024813895781637717,,0.03869969040247678,1.0,1.0,0.0,1.0,0.2,0.0
threshold_delay,faults5,faults5,17,threshold_8,Threshold 8,2,31,13,5,5,0,1.0,,1,32,0,32,0,0,1,,0.0024813895781637717,,0.03869969040247678,1.0,1.0,0.0,1.0,0.2,0.0
threshold_delay,faults5,faults5,17,threshold_8,Threshold 8,3,31,13,5,5,0,1.0,,1,32,0,32,0,0,1,,0.0024813895781637717,,0.03869969040247678,1.0,1.0,0.0,1.0,0.2,0.0
threshold_delay,faults5,faults5,17,threshold_8,Threshold 8,4,31,13,5,5,0,1.0,,1,32,0,32,0,0,1,,0.0024813895781637717,,0.03869969040247678,1.0,1.0,0.0,1.0,0.2,0.0
threshold_delay,faults5,faults5,17,threshold_16,Threshold 16,0,31,13,5,5,0,1.0,,1,48,16,48,0,0,1,,0.0024813895781637717,,0.03869969040247678,1.0,1.0,0.0,1.0,0.2,0.0
threshold_delay,faults5,faults5,17,threshold_16,Threshold 16,1,31,13,5,5,0,1.0,,1,32,0,32,0,0,1,,0.0024813895781637717,,0.03869969040247678,1.0,1.0,0.0,1.0,0.2,0.0
threshold_delay,faults5,faults5,17,threshold_16,Threshold 16,2,31,13,5,5,0,1.0,,1,32,0,32,0,0,1,,0.0024813895781637717,,0.03869969040247678,1.0,1.0,0.0,1.0,0.2,0.0
threshold_delay,faults5,faults5,17,threshold_16,Threshold 16,3,31,13,5,5,0,1.0,,1,32,0,32,0,0,1,,0.0024813895781637717,,0.03869969040247678,1.0,1.0,0.0,1.0,0.2,0.0
threshold_delay,faults5,faults5,17,threshold_16,Threshold 16,4,31,13,5,5,0,1.0,,1,32,0,32,0,0,1,,0.0024813895781637717,,0.03869969040247678,1.0,1.0,0.0,1.0,0.2,0.0
threshold_delay,faults5,faults5,17,threshold_32,Threshold 32,0,31,13,5,5,0,1.0,,1,64,32,64,0,0,1,,0.0024813895781637717,,0.03869969040247678,1.0,1.0,0.0,1.0,0.2,0.0
threshold_delay,faults5,faults5,17,threshold_32,Threshold 32,1,31,13,5,5,0,1.0,,1,32,0,32,0,0,1,,0.0024813895781637717,,0.03869969040247678,1.0,1.0,0.0,1.0,0.2,0.0
threshold_delay,faults5,faults5,17,threshold_32,Threshold 32,2,31,13,5,5,0,1.0,,1,32,0,32,0,0,1,,0.0024813895781637717,,0.03869969040247678,1.0,1.0,0.0,1.0,0.2,0.0
threshold_delay,faults5,faults5,17,threshold_32,Threshold 32,3,31,13,5,5,0,1.0,,1,32,0,32,0,0,1,,0.0024813895781637717,,0.03869969040247678,1.0,1.0,0.0,1.0,0.2,0.0
threshold_delay,faults5,faults5,17,threshold_32,Threshold 32,4,31,13,5,5,0,1.0,,1,32,0,32,0,0,1,,0.0024813895781637717,,0.03869969040247678,1.0,1.0,0.0,1.0,0.2,0.0
threshold_delay,faults5,faults5,18,threshold_1,Threshold 1,0,31,13,5,5,0,1.0,,1,33,1,33,0,0,1,,0.0024813895781637717,,0.03869969040247678,1.0,1.0,0.0,1.0,0.2,0.0
threshold_delay,faults5,faults5,18,threshold_1,Threshold 1,1,31,13,5,5,0,1.0,,1,32,0,32,0,0,1,,0.0024813895781637717,,0.03869969040247678,1.0,1.0,0.0,1.0,0.2,0.0
threshold_delay,faults5,faults5,18,threshold_1,Threshold 1,2,31,13,5,5,0,1.0,,1,32,0,32,0,0,1,,0.0024813895781637717,,0.03869969040247678,1.0,1.0,0.0,1.0,0.2,0.0
threshold_delay,faults5,faults5,18,threshold_1,Threshold 1,3,31,13,5,5,0,1.0,,1,32,0,32,0,0,1,,0.0024813895781637717,,0.03869969040247678,1.0,1.0,0.0,1.0,0.2,0.0
threshold_delay,faults5,faults5,18,threshold_1,Threshold 1,4,31,13,5,5,0,1.0,,1,32,0,32,0,0,1,,0.0024813895781637717,,0.03869969040247678,1.0,1.0,0.0,1.0,0.2,0.0
threshold_delay,faults5,faults5,18,threshold_2,Threshold 2,0,31,13,5,5,0,1.0,,1,34,2,34,0,0,1,,0.0024813895781637717,,0.03869969040247678,1.0,1.0,0.0,1.0,0.2,0.0
threshold_delay,faults5,faults5,18,threshold_2,Threshold 2,1,31,13,5,5,0,1.0,,1,32,0,32,0,0,1,,0.0024813895781637717,,0.03869969040247678,1.0,1.0,0.0,1.0,0.2,0.0
threshold_delay,faults5,faults5,18,threshold_2,Threshold 2,2,31,13,5,5,0,1.0,,1,32,0,32,0,0,1,,0.0024813895781637717,,0.03869969040247678,1.0,1.0,0.0,1.0,0.2,0.0
threshold_delay,faults5,faults5,18,threshold_2,Threshold 2,3,31,13,5,5,0,1.0,,1,32,0,32,0,0,1,,0.0024813895781637717,,0.03869969040247678,1.0,1.0,0.0,1.0,0.2,0.0
threshold_delay,faults5,faults5,18,threshold_2,Threshold 2,4,31,13,5,5,0,1.0,,1,32,0,32,0,0,1,,0.0024813895781637717,,0.03869969040247678,1.0,1.0,0.0,1.0,0.2,0.0
threshold_delay,faults5,faults5,18,threshold_4,Threshold 4,0,31,13,5,5,0,1.0,,1,36,4,36,0,0,1,,0.0024813895781637717,,0.03869969040247678,1.0,1.0,0.0,1.0,0.2,0.0
threshold_delay,faults5,faults5,18,threshold_4,Threshold 4,1,31,13,5,5,0,1.0,,1,32,0,32,0,0,1,,0.0024813895781637717,,0.03869969040247678,1.0,1.0,0.0,1.0,0.2,0.0
threshold_delay,faults5,faults5,18,threshold_4,Threshold 4,2,31,13,5,5,0,1.0,,1,32,0,32,0,0,1,,0.0024813895781637717,,0.03869969040247678,1.0,1.0,0.0,1.0,0.2,0.0
threshold_delay,faults5,faults5,18,threshold_4,Threshold 4,3,31,13,5,5,0,1.0,,1,32,0,32,0,0,1,,0.0024813895781637717,,0.03869969040247678,1.0,1.0,0.0,1.0,0.2,0.0
threshold_delay,faults5,faults5,18,threshold_4,Threshold 4,4,31,13,5,5,0,1.0,,1,32,0,32,0,0,1,,0.0024813895781637717,,0.03869969040247678,1.0,1.0,0.0,1.0,0.2,0.0
threshold_delay,faults5,faults5,18,threshold_8,Threshold 8,0,31,13,5,5,0,1.0,,1,40,8,40,0,0,1,,0.0024813895781637717,,0.03869969040247678,1.0,1.0,0.0,1.0,0.2,0.0
threshold_delay,faults5,faults5,18,threshold_8,Threshold 8,1,31,13,5,5,0,1.0,,1,32,0,32,0,0,1,,0.0024813895781637717,,0.03869969040247678,1.0,1.0,0.0,1.0,0.2,0.0
threshold_delay,faults5,faults5,18,threshold_8,Threshold 8,2,31,13,5,5,0,1.0,,1,32,0,32,0,0,1,,0.0024813895781637717,,0.03869969040247678,1.0,1.0,0.0,1.0,0.2,0.0
threshold_delay,faults5,faults5,18,threshold_8,Threshold 8,3,31,13,5,5,0,1.0,,1,32,0,32,0,0,1,,0.0024813895781637717,,0.03869969040247678,1.0,1.0,0.0,1.0,0.2,0.0
threshold_delay,faults5,faults5,18,threshold_8,Threshold 8,4,31,13,5,5,0,1.0,,1,32,0,32,0,0,1,,0.0024813895781637717,,0.03869969040247678,1.0,1.0,0.0,1.0,0.2,0.0
threshold_delay,faults5,faults5,18,threshold_16,Threshold 16,0,31,13,5,5,0,1.0,,1,48,16,48,0,0,1,,0.0024813895781637717,,0.03869969040247678,1.0,1.0,0.0,1.0,0.2,0.0
threshold_delay,faults5,faults5,18,threshold_16,Threshold 16,1,31,13,5,5,0,1.0,,1,32,0,32,0,0,1,,0.0024813895781637717,,0.03869969040247678,1.0,1.0,0.0,1.0,0.2,0.0
threshold_delay,faults5,faults5,18,threshold_16,Threshold 16,2,31,13,5,5,0,1.0,,1,32,0,32,0,0,1,,0.0024813895781637717,,0.03869969040247678,1.0,1.0,0.0,1.0,0.2,0.0
threshold_delay,faults5,faults5,18,threshold_16,Threshold 16,3,31,13,5,5,0,1.0,,1,32,0,32,0,0,1,,0.0024813895781637717,,0.03869969040247678,1.0,1.0,0.0,1.0,0.2,0.0
threshold_delay,faults5,faults5,18,threshold_16,Threshold 16,4,31,13,5,5,0,1.0,,1,32,0,32,0,0,1,,0.0024813895781637717,,0.03869969040247678,1.0,1.0,0.0,1.0,0.2,0.0
threshold_delay,faults5,faults5,18,threshold_32,Threshold 32,0,31,13,5,5,0,1.0,,1,64,32,64,0,0,1,,0.0024813895781637717,,0.03869969040247678,1.0,1.0,0.0,1.0,0.2,0.0
threshold_delay,faults5,faults5,18,threshold_32,Threshold 32,1,31,13,5,5,0,1.0,,1,32,0,32,0,0,1,,0.0024813895781637717,,0.03869969040247678,1.0,1.0,0.0,1.0,0.2,0.0
threshold_delay,faults5,faults5,18,threshold_32,Threshold 32,2,31,13,5,5,0,1.0,,1,32,0,32,0,0,1,,0.0024813895781637717,,0.03869969040247678,1.0,1.0,0.0,1.0,0.2,0.0
threshold_delay,faults5,faults5,18,threshold_32,Threshold 32,3,31,13,5,5,0,1.0,,1,32,0,32,0,0,1,,0.0024813895781637717,,0.03869969040247678,1.0,1.0,0.0,1.0,0.2,0.0
threshold_delay,faults5,faults5,18,threshold_32,Threshold 32,4,31,13,5,5,0,1.0,,1,32,0,32,0,0,1,,0.0024813895781637717,,0.03869969040247678,1.0,1.0,0.0,1.0,0.2,0.0
threshold_delay,faults5,faults5,19,threshold_1,Threshold 1,0,31,13,5,5,0,1.0,,1,33,1,33,0,0,1,,0.0024813895781637717,,0.03869969040247678,1.0,1.0,0.0,1.0,0.2,0.0
threshold_delay,faults5,faults5,19,threshold_1,Threshold 1,1,31,13,5,5,0,1.0,,1,32,0,32,0,0,1,,0.0024813895781637717,,0.03869969040247678,1.0,1.0,0.0,1.0,0.2,0.0
threshold_delay,faults5,faults5,19,threshold_1,Threshold 1,2,31,13,5,5,0,1.0,,1,32,0,32,0,0,1,,0.0024813895781637717,,0.03869969040247678,1.0,1.0,0.0,1.0,0.2,0.0
threshold_delay,faults5,faults5,19,threshold_1,Threshold 1,3,31,13,5,5,0,1.0,,1,32,0,32,0,0,1,,0.0024813895781637717,,0.03869969040247678,1.0,1.0,0.0,1.0,0.2,0.0
threshold_delay,faults5,faults5,19,threshold_1,Threshold 1,4,31,13,5,5,0,1.0,,1,32,0,32,0,0,1,,0.0024813895781637717,,0.03869969040247678,1.0,1.0,0.0,1.0,0.2,0.0
threshold_delay,faults5,faults5,19,threshold_2,Threshold 2,0,31,13,5,5,0,1.0,,1,34,2,34,0,0,1,,0.0024813895781637717,,0.03869969040247678,1.0,1.0,0.0,1.0,0.2,0.0
threshold_delay,faults5,faults5,19,threshold_2,Threshold 2,1,31,13,5,5,0,1.0,,1,32,0,32,0,0,1,,0.0024813895781637717,,0.03869969040247678,1.0,1.0,0.0,1.0,0.2,0.0
threshold_delay,faults5,faults5,19,threshold_2,Threshold 2,2,31,13,5,5,0,1.0,,1,32,0,32,0,0,1,,0.0024813895781637717,,0.03869969040247678,1.0,1.0,0.0,1.0,0.2,0.0
threshold_delay,faults5,faults5,19,threshold_2,Threshold 2,3,31,13,5,5,0,1.0,,1,32,0,32,0,0,1,,0.0024813895781637717,,0.03869969040247678,1.0,1.0,0.0,1.0,0.2,0.0
threshold_delay,faults5,faults5,19,threshold_2,Threshold 2,4,31,13,5,5,0,1.0,,1,32,0,32,0,0,1,,0.0024813895781637717,,0.03869969040247678,1.0,1.0,0.0,1.0,0.2,0.0
threshold_delay,faults5,faults5,19,threshold_4,Threshold 4,0,31,13,5,5,0,1.0,,1,36,4,36,0,0,1,,0.0024813895781637717,,0.03869969040247678,1.0,1.0,0.0,1.0,0.2,0.0
threshold_delay,faults5,faults5,19,threshold_4,Threshold 4,1,31,13,5,5,0,1.0,,1,32,0,32,0,0,1,,0.0024813895781637717,,0.03869969040247678,1.0,1.0,0.0,1.0,0.2,0.0
threshold_delay,faults5,faults5,19,threshold_4,Threshold 4,2,31,13,5,5,0,1.0,,1,32,0,32,0,0,1,,0.0024813895781637717,,0.03869969040247678,1.0,1.0,0.0,1.0,0.2,0.0
threshold_delay,faults5,faults5,19,threshold_4,Threshold 4,3,31,13,5,5,0,1.0,,1,32,0,32,0,0,1,,0.0024813895781637717,,0.03869969040247678,1.0,1.0,0.0,1.0,0.2,0.0
threshold_delay,faults5,faults5,19,threshold_4,Threshold 4,4,31,13,5,5,0,1.0,,1,32,0,32,0,0,1,,0.0024813895781637717,,0.03869969040247678,1.0,1.0,0.0,1.0,0.2,0.0
threshold_delay,faults5,faults5,19,threshold_8,Threshold 8,0,31,13,5,5,0,1.0,,1,40,8,40,0,0,1,,0.0024813895781637717,,0.03869969040247678,1.0,1.0,0.0,1.0,0.2,0.0
threshold_delay,faults5,faults5,19,threshold_8,Threshold 8,1,31,13,5,5,0,1.0,,1,32,0,32,0,0,1,,0.0024813895781637717,,0.03869969040247678,1.0,1.0,0.0,1.0,0.2,0.0
threshold_delay,faults5,faults5,19,threshold_8,Threshold 8,2,31,13,5,5,0,1.0,,1,32,0,32,0,0,1,,0.0024813895781637717,,0.03869969040247678,1.0,1.0,0.0,1.0,0.2,0.0
threshold_delay,faults5,faults5,19,threshold_8,Threshold 8,3,31,13,5,5,0,1.0,,1,32,0,32,0,0,1,,0.0024813895781637717,,0.03869969040247678,1.0,1.0,0.0,1.0,0.2,0.0
threshold_delay,faults5,faults5,19,threshold_8,Threshold 8,4,31,13,5,5,0,1.0,,1,32,0,32,0,0,1,,0.0024813895781637717,,0.03869969040247678,1.0,1.0,0.0,1.0,0.2,0.0
threshold_delay,faults5,faults5,19,threshold_16,Threshold 16,0,31,13,5,5,0,1.0,,1,48,16,48,0,0,1,,0.0024813895781637717,,0.03869969040247678,1.0,1.0,0.0,1.0,0.2,0.0
threshold_delay,faults5,faults5,19,threshold_16,Threshold 16,1,31,13,5,5,0,1.0,,1,32,0,32,0,0,1,,0.0024813895781637717,,0.03869969040247678,1.0,1.0,0.0,1.0,0.2,0.0
threshold_delay,faults5,faults5,19,threshold_16,Threshold 16,2,31,13,5,5,0,1.0,,1,32,0,32,0,0,1,,0.0024813895781637717,,0.03869969040247678,1.0,1.0,0.0,1.0,0.2,0.0
threshold_delay,faults5,faults5,19,threshold_16,Threshold 16,3,31,13,5,5,0,1.0,,1,32,0,32,0,0,1,,0.0024813895781637717,,0.03869969040247678,1.0,1.0,0.0,1.0,0.2,0.0
threshold_delay,faults5,faults5,19,threshold_16,Threshold 16,4,31,13,5,5,0,1.0,,1,32,0,32,0,0,1,,0.0024813895781637717,,0.03869969040247678,1.0,1.0,0.0,1.0,0.2,0.0
threshold_delay,faults5,faults5,19,threshold_32,Threshold 32,0,31,13,5,5,0,1.0,,1,64,32,64,0,0,1,,0.0024813895781637717,,0.03869969040247678,1.0,1.0,0.0,1.0,0.2,0.0
threshold_delay,faults5,faults5,19,threshold_32,Threshold 32,1,31,13,5,5,0,1.0,,1,32,0,32,0,0,1,,0.0024813895781637717,,0.03869969040247678,1.0,1.0,0.0,1.0,0.2,0.0
threshold_delay,faults5,faults5,19,threshold_32,Threshold 32,2,31,13,5,5,0,1.0,,1,32,0,32,0,0,1,,0.0024813895781637717,,0.03869969040247678,1.0,1.0,0.0,1.0,0.2,0.0
threshold_delay,faults5,faults5,19,threshold_32,Threshold 32,3,31,13,5,5,0,1.0,,1,32,0,32,0,0,1,,0.0024813895781637717,,0.03869969040247678,1.0,1.0,0.0,1.0,0.2,0.0
threshold_delay,faults5,faults5,19,threshold_32,Threshold 32,4,31,13,5,5,0,1.0,,1,32,0,32,0,0,1,,0.0024813895781637717,,0.03869969040247678,1.0,1.0,0.0,1.0,0.2,0.0
