seed,strategy,episode,success,steps,mismatches,replans,fault_edges,initial_prediction_error
0,nominal_no_repair,0,0,120,111,120,1,0.001851851851851852
0,nominal_no_repair,1,0,120,111,120,1,0.001851851851851852
0,nominal_no_repair,2,0,120,111,120,1,0.001851851851851852
0,nominal_no_repair,3,0,120,111,120,1,0.001851851851851852
0,nominal_no_repair,4,0,120,111,120,1,0.001851851851851852
1,nominal_no_repair,0,0,120,116,120,2,0.003703703703703704
1,nominal_no_repair,1,0,120,116,120,2,0.003703703703703704
1,nominal_no_repair,2,0,120,116,120,2,0.003703703703703704
1,nominal_no_repair,3,0,120,116,120,2,0.003703703703703704
1,nominal_no_repair,4,0,120,116,120,2,0.003703703703703704
2,nominal_no_repair,0,0,120,117,120,3,0.005555555555555556
2,nominal_no_repair,1,0,120,117,120,3,0.005555555555555556
2,nominal_no_repair,2,0,120,117,120,3,0.005555555555555556
2,nominal_no_repair,3,0,120,117,120,3,0.005555555555555556
2,nominal_no_repair,4,0,120,117,120,3,0.005555555555555556
3,nominal_no_repair,0,0,120,114,120,1,0.001851851851851852
3,nominal_no_repair,1,0,120,114,120,1,0.001851851851851852
3,nominal_no_repair,2,0,120,114,120,1,0.001851851851851852
3,nominal_no_repair,3,0,120,114,120,1,0.001851851851851852
3,nominal_no_repair,4,0,120,114,120,1,0.001851851851851852
4,nominal_no_repair,0,0,120,114,120,2,0.003703703703703704
4,nominal_no_repair,1,0,120,114,120,2,0.003703703703703704
4,nominal_no_repair,2,0,120,114,120,2,0.003703703703703704
4,nominal_no_repair,3,0,120,114,120,2,0.003703703703703704
4,nominal_no_repair,4,0,120,114,120,2,0.003703703703703704
5,nominal_no_repair,0,0,120,113,120,3,0.005555555555555556
5,nominal_no_repair,1,0,120,113,120,3,0.005555555555555556
5,nominal_no_repair,2,0,120,113,120,3,0.005555555555555556
5,nominal_no_repair,3,0,120,113,120,3,0.005555555555555556
5,nominal_no_repair,4,0,120,113,120,3,0.005555555555555556
6,nominal_no_repair,0,0,120,116,120,1,0.001851851851851852
6,nominal_no_repair,1,0,120,116,120,1,0.001851851851851852
6,nominal_no_repair,2,0,120,116,120,1,0.001851851851851852
6,nominal_no_repair,3,0,120,116,120,1,0.001851851851851852
6,nominal_no_repair,4,0,120,116,120,1,0.001851851851851852
7,nominal_no_repair,0,0,120,115,120,2,0.003703703703703704
7,nominal_no_repair,1,0,120,115,120,2,0.003703703703703704
7,nominal_no_repair,2,0,120,115,120,2,0.003703703703703704
7,nominal_no_repair,3,0,120,115,120,2,0.003703703703703704
7,nominal_no_repair,4,0,120,115,120,2,0.003703703703703704
8,nominal_no_repair,0,0,120,114,120,3,0.005555555555555556
8,nominal_no_repair,1,0,120,114,120,3,0.005555555555555556
8,nominal_no_repair,2,0,120,114,120,3,0.005555555555555556
8,nominal_no_repair,3,0,120,114,120,3,0.005555555555555556
8,nominal_no_repair,4,0,120,114,120,3,0.005555555555555556
9,nominal_no_repair,0,0,120,110,120,1,0.001851851851851852
9,nominal_no_repair,1,0,120,110,120,1,0.001851851851851852
9,nominal_no_repair,2,0,120,110,120,1,0.001851851851851852
9,nominal_no_repair,3,0,120,110,120,1,0.001851851851851852
9,nominal_no_repair,4,0,120,110,120,1,0.001851851851851852
10,nominal_no_repair,0,0,120,117,120,2,0.003703703703703704
10,nominal_no_repair,1,0,120,117,120,2,0.003703703703703704
10,nominal_no_repair,2,0,120,117,120,2,0.003703703703703704
10,nominal_no_repair,3,0,120,117,120,2,0.003703703703703704
10,nominal_no_repair,4,0,120,117,120,2,0.003703703703703704
11,nominal_no_repair,0,0,120,114,120,3,0.005555555555555556
11,nominal_no_repair,1,0,120,114,120,3,0.005555555555555556
11,nominal_no_repair,2,0,120,114,120,3,0.005555555555555556
11,nominal_no_repair,3,0,120,114,120,3,0.005555555555555556
11,nominal_no_repair,4,0,120,114,120,3,0.005555555555555556
12,nominal_no_repair,0,0,120,110,120,1,0.001851851851851852
12,nominal_no_repair,1,0,120,110,120,1,0.001851851851851852
12,nominal_no_repair,2,0,120,110,120,1,0.001851851851851852
12,nominal_no_repair,3,0,120,110,120,1,0.001851851851851852
12,nominal_no_repair,4,0,120,110,120,1,0.001851851851851852
13,nominal_no_repair,0,0,120,113,120,2,0.003703703703703704
13,nominal_no_repair,1,0,120,113,120,2,0.003703703703703704
13,nominal_no_repair,2,0,120,113,120,2,0.003703703703703704
13,nominal_no_repair,3,0,120,113,120,2,0.003703703703703704
13,nominal_no_repair,4,0,120,113,120,2,0.003703703703703704
14,nominal_no_repair,0,0,120,116,120,3,0.005555555555555556
14,nominal_no_repair,1,0,120,116,120,3,0.005555555555555556
14,nominal_no_repair,2,0,120,116,120,3,0.005555555555555556
14,nominal_no_repair,3,0,120,116,120,3,0.005555555555555556
14,nominal_no_repair,4,0,120,116,120,3,0.005555555555555556
15,nominal_no_repair,0,0,120,114,120,1,0.001851851851851852
15,nominal_no_repair,1,0,120,114,120,1,0.001851851851851852
15,nominal_no_repair,2,0,120,114,120,1,0.001851851851851852
15,nominal_no_repair,3,0,120,114,120,1,0.001851851851851852
15,nominal_no_repair,4,0,120,114,120,1,0.001851851851851852
16,nominal_no_repair,0,0,120,112,120,2,0.003703703703703704
16,nominal_no_repair,1,0,120,112,120,2,0.003703703703703704
16,nominal_no_repair,2,0,120,112,120,2,0.003703703703703704
16,nominal_no_repair,3,0,120,112,120,2,0.003703703703703704
16,nominal_no_repair,4,0,120,112,120,2,0.003703703703703704
17,nominal_no_repair,0,0,120,111,120,3,0.005555555555555556
17,nominal_no_repair,1,0,120,111,120,3,0.005555555555555556
17,nominal_no_repair,2,0,120,111,120,3,0.005555555555555556
17,nominal_no_repair,3,0,120,111,120,3,0.005555555555555556
17,nominal_no_repair,4,0,120,111,120,3,0.005555555555555556
18,nominal_no_repair,0,0,120,115,120,1,0.001851851851851852
18,nominal_no_repair,1,0,120,115,120,1,0.001851851851851852
18,nominal_no_repair,2,0,120,115,120,1,0.001851851851851852
18,nominal_no_repair,3,0,120,115,120,1,0.001851851851851852
18,nominal_no_repair,4,0,120,115,120,1,0.001851851851851852
19,nominal_no_repair,0,0,120,117,120,2,0.003703703703703704
19,nominal_no_repair,1,0,120,117,120,2,0.003703703703703704
19,nominal_no_repair,2,0,120,117,120,2,0.003703703703703704
19,nominal_no_repair,3,0,120,117,120,2,0.003703703703703704
19,nominal_no_repair,4,0,120,117,120,2,0.003703703703703704
20,nominal_no_repair,0,0,120,115,120,3,0.005555555555555556
20,nominal_no_repair,1,0,120,115,120,3,0.005555555555555556
20,nominal_no_repair,2,0,120,115,120,3,0.005555555555555556
20,nominal_no_repair,3,0,120,115,120,3,0.005555555555555556
20,nominal_no_repair,4,0,120,115,120,3,0.005555555555555556
21,nominal_no_repair,0,0,120,115,120,1,0.001851851851851852
21,nominal_no_repair,1,0,120,115,120,1,0.001851851851851852
21,nominal_no_repair,2,0,120,115,120,1,0.001851851851851852
21,nominal_no_repair,3,0,120,115,120,1,0.001851851851851852
21,nominal_no_repair,4,0,120,115,120,1,0.001851851851851852
22,nominal_no_repair,0,0,120,115,120,2,0.003703703703703704
22,nominal_no_repair,1,0,120,115,120,2,0.003703703703703704
22,nominal_no_repair,2,0,120,115,120,2,0.003703703703703704
22,nominal_no_repair,3,0,120,115,120,2,0.003703703703703704
22,nominal_no_repair,4,0,120,115,120,2,0.003703703703703704
23,nominal_no_repair,0,0,120,117,120,3,0.005555555555555556
23,nominal_no_repair,1,0,120,117,120,3,0.005555555555555556
23,nominal_no_repair,2,0,120,117,120,3,0.005555555555555556
23,nominal_no_repair,3,0,120,117,120,3,0.005555555555555556
23,nominal_no_repair,4,0,120,117,120,3,0.005555555555555556
24,nominal_no_repair,0,0,120,111,120,1,0.001851851851851852
24,nominal_no_repair,1,0,120,111,120,1,0.001851851851851852
24,nominal_no_repair,2,0,120,111,120,1,0.001851851851851852
24,nominal_no_repair,3,0,120,111,120,1,0.001851851851851852
24,nominal_no_repair,4,0,120,111,120,1,0.001851851851851852
25,nominal_no_repair,0,0,120,117,120,2,0.003703703703703704
25,nominal_no_repair,1,0,120,117,120,2,0.003703703703703704
25,nominal_no_repair,2,0,120,117,120,2,0.003703703703703704
25,nominal_no_repair,3,0,120,117,120,2,0.003703703703703704
25,nominal_no_repair,4,0,120,117,120,2,0.003703703703703704
26,nominal_no_repair,0,0,120,114,120,3,0.005555555555555556
26,nominal_no_repair,1,0,120,114,120,3,0.005555555555555556
26,nominal_no_repair,2,0,120,114,120,3,0.005555555555555556
26,nominal_no_repair,3,0,120,114,120,3,0.005555555555555556
26,nominal_no_repair,4,0,120,114,120,3,0.005555555555555556
27,nominal_no_repair,0,0,120,110,120,1,0.001851851851851852
27,nominal_no_repair,1,0,120,110,120,1,0.001851851851851852
27,nominal_no_repair,2,0,120,110,120,1,0.001851851851851852
27,nominal_no_repair,3,0,120,110,120,1,0.001851851851851852
27,nominal_no_repair,4,0,120,110,120,1,0.001851851851851852
28,nominal_no_repair,0,0,120,116,120,2,0.003703703703703704
28,nominal_no_repair,1,0,120,116,120,2,0.003703703703703704
28,nominal_no_repair,2,0,120,116,120,2,0.003703703703703704
28,nominal_no_repair,3,0,120,116,120,2,0.003703703703703704
28,nominal_no_repair,4,0,120,116,120,2,0.003703703703703704
29,nominal_no_repair,0,0,120,116,120,3,0.005555555555555556
29,nominal_no_repair,1,0,120,116,120,3,0.005555555555555556
29,nominal_no_repair,2,0,120,116,120,3,0.005555555555555556
29,nominal_no_repair,3,0,120,116,120,3,0.005555555555555556
29,nominal_no_repair,4,0,120,116,120,3,0.005555555555555556
30,nominal_no_repair,0,0,120,109,120,1,0.001851851851851852
30,nominal_no_repair,1,0,120,109,120,1,0.001851851851851852
30,nominal_no_repair,2,0,120,109,120,1,0.001851851851851852
30,nominal_no_repair,3,0,120,109,120,1,0.001851851851851852
30,nominal_no_repair,4,0,120,109,120,1,0.001851851851851852
31,nominal_no_repair,0,0,120,117,120,2,0.003703703703703704
31,nominal_no_repair,1,0,120,117,120,2,0.003703703703703704
31,nominal_no_repair,2,0,120,117,120,2,0.003703703703703704
31,nominal_no_repair,3,0,120,117,120,2,0.003703703703703704
31,nominal_no_repair,4,0,120,117,120,2,0.003703703703703704
32,nominal_no_repair,0,0,120,116,120,3,0.005555555555555556
32,nominal_no_repair,1,0,120,116,120,3,0.005555555555555556
32,nominal_no_repair,2,0,120,116,120,3,0.005555555555555556
32,nominal_no_repair,3,0,120,116,120,3,0.005555555555555556
32,nominal_no_repair,4,0,120,116,120,3,0.005555555555555556
33,nominal_no_repair,0,0,120,115,120,1,0.001851851851851852
33,nominal_no_repair,1,0,120,115,120,1,0.001851851851851852
33,nominal_no_repair,2,0,120,115,120,1,0.001851851851851852
33,nominal_no_repair,3,0,120,115,120,1,0.001851851851851852
33,nominal_no_repair,4,0,120,115,120,1,0.001851851851851852
34,nominal_no_repair,0,0,120,112,120,2,0.003703703703703704
34,nominal_no_repair,1,0,120,112,120,2,0.003703703703703704
34,nominal_no_repair,2,0,120,112,120,2,0.003703703703703704
34,nominal_no_repair,3,0,120,112,120,2,0.003703703703703704
34,nominal_no_repair,4,0,120,112,120,2,0.003703703703703704
35,nominal_no_repair,0,0,120,112,120,3,0.005555555555555556
35,nominal_no_repair,1,0,120,112,120,3,0.005555555555555556
35,nominal_no_repair,2,0,120,112,120,3,0.005555555555555556
35,nominal_no_repair,3,0,120,112,120,3,0.005555555555555556
35,nominal_no_repair,4,0,120,112,120,3,0.005555555555555556
36,nominal_no_repair,0,0,120,112,120,1,0.001851851851851852
36,nominal_no_repair,1,0,120,112,120,1,0.001851851851851852
36,nominal_no_repair,2,0,120,112,120,1,0.001851851851851852
36,nominal_no_repair,3,0,120,112,120,1,0.001851851851851852
36,nominal_no_repair,4,0,120,112,120,1,0.001851851851851852
37,nominal_no_repair,0,0,120,117,120,2,0.003703703703703704
37,nominal_no_repair,1,0,120,117,120,2,0.003703703703703704
37,nominal_no_repair,2,0,120,117,120,2,0.003703703703703704
37,nominal_no_repair,3,0,120,117,120,2,0.003703703703703704
37,nominal_no_repair,4,0,120,117,120,2,0.003703703703703704
38,nominal_no_repair,0,0,120,111,120,3,0.005555555555555556
38,nominal_no_repair,1,0,120,111,120,3,0.005555555555555556
38,nominal_no_repair,2,0,120,111,120,3,0.005555555555555556
38,nominal_no_repair,3,0,120,111,120,3,0.005555555555555556
38,nominal_no_repair,4,0,120,111,120,3,0.005555555555555556
39,nominal_no_repair,0,0,120,114,120,1,0.001851851851851852
39,nominal_no_repair,1,0,120,114,120,1,0.001851851851851852
39,nominal_no_repair,2,0,120,114,120,1,0.001851851851851852
39,nominal_no_repair,3,0,120,114,120,1,0.001851851851851852
39,nominal_no_repair,4,0,120,114,120,1,0.001851851851851852
40,nominal_no_repair,0,0,120,117,120,2,0.003703703703703704
40,nominal_no_repair,1,0,120,117,120,2,0.003703703703703704
40,nominal_no_repair,2,0,120,117,120,2,0.003703703703703704
40,nominal_no_repair,3,0,120,117,120,2,0.003703703703703704
40,nominal_no_repair,4,0,120,117,120,2,0.003703703703703704
41,nominal_no_repair,0,0,120,116,120,3,0.005555555555555556
41,nominal_no_repair,1,0,120,116,120,3,0.005555555555555556
41,nominal_no_repair,2,0,120,116,120,3,0.005555555555555556
41,nominal_no_repair,3,0,120,116,120,3,0.005555555555555556
41,nominal_no_repair,4,0,120,116,120,3,0.005555555555555556
42,nominal_no_repair,0,0,120,116,120,1,0.001851851851851852
42,nominal_no_repair,1,0,120,116,120,1,0.001851851851851852
42,nominal_no_repair,2,0,120,116,120,1,0.001851851851851852
42,nominal_no_repair,3,0,120,116,120,1,0.001851851851851852
42,nominal_no_repair,4,0,120,116,120,1,0.001851851851851852
43,nominal_no_repair,0,0,120,117,120,2,0.003703703703703704
43,nominal_no_repair,1,0,120,117,120,2,0.003703703703703704
43,nominal_no_repair,2,0,120,117,120,2,0.003703703703703704
43,nominal_no_repair,3,0,120,117,120,2,0.003703703703703704
43,nominal_no_repair,4,0,120,117,120,2,0.003703703703703704
44,nominal_no_repair,0,0,120,116,120,3,0.005555555555555556
44,nominal_no_repair,1,0,120,116,120,3,0.005555555555555556
44,nominal_no_repair,2,0,120,116,120,3,0.005555555555555556
44,nominal_no_repair,3,0,120,116,120,3,0.005555555555555556
44,nominal_no_repair,4,0,120,116,120,3,0.005555555555555556
45,nominal_no_repair,0,0,120,113,120,1,0.001851851851851852
45,nominal_no_repair,1,0,120,113,120,1,0.001851851851851852
45,nominal_no_repair,2,0,120,113,120,1,0.001851851851851852
45,nominal_no_repair,3,0,120,113,120,1,0.001851851851851852
45,nominal_no_repair,4,0,120,113,120,1,0.001851851851851852
46,nominal_no_repair,0,0,120,116,120,2,0.003703703703703704
46,nominal_no_repair,1,0,120,116,120,2,0.003703703703703704
46,nominal_no_repair,2,0,120,116,120,2,0.003703703703703704
46,nominal_no_repair,3,0,120,116,120,2,0.003703703703703704
46,nominal_no_repair,4,0,120,116,120,2,0.003703703703703704
47,nominal_no_repair,0,0,120,116,120,3,0.005555555555555556
47,nominal_no_repair,1,0,120,116,120,3,0.005555555555555556
47,nominal_no_repair,2,0,120,116,120,3,0.005555555555555556
47,nominal_no_repair,3,0,120,116,120,3,0.005555555555555556
47,nominal_no_repair,4,0,120,116,120,3,0.005555555555555556
48,nominal_no_repair,0,0,120,109,120,1,0.001851851851851852
48,nominal_no_repair,1,0,120,109,120,1,0.001851851851851852
48,nominal_no_repair,2,0,120,109,120,1,0.001851851851851852
48,nominal_no_repair,3,0,120,109,120,1,0.001851851851851852
48,nominal_no_repair,4,0,120,109,120,1,0.001851851851851852
49,nominal_no_repair,0,0,120,116,120,2,0.003703703703703704
49,nominal_no_repair,1,0,120,116,120,2,0.003703703703703704
49,nominal_no_repair,2,0,120,116,120,2,0.003703703703703704
49,nominal_no_repair,3,0,120,116,120,2,0.003703703703703704
49,nominal_no_repair,4,0,120,116,120,2,0.003703703703703704
50,nominal_no_repair,0,0,120,115,120,3,0.005555555555555556
50,nominal_no_repair,1,0,120,115,120,3,0.005555555555555556
50,nominal_no_repair,2,0,120,115,120,3,0.005555555555555556
50,nominal_no_repair,3,0,120,115,120,3,0.005555555555555556
50,nominal_no_repair,4,0,120,115,120,3,0.005555555555555556
51,nominal_no_repair,0,0,120,114,120,1,0.001851851851851852
51,nominal_no_repair,1,0,120,114,120,1,0.001851851851851852
51,nominal_no_repair,2,0,120,114,120,1,0.001851851851851852
51,nominal_no_repair,3,0,120,114,120,1,0.001851851851851852
51,nominal_no_repair,4,0,120,114,120,1,0.001851851851851852
52,nominal_no_repair,0,0,120,117,120,2,0.003703703703703704
52,nominal_no_repair,1,0,120,117,120,2,0.003703703703703704
52,nominal_no_repair,2,0,120,117,120,2,0.003703703703703704
52,nominal_no_repair,3,0,120,117,120,2,0.003703703703703704
52,nominal_no_repair,4,0,120,117,120,2,0.003703703703703704
53,nominal_no_repair,0,0,120,114,120,3,0.005555555555555556
53,nominal_no_repair,1,0,120,114,120,3,0.005555555555555556
53,nominal_no_repair,2,0,120,114,120,3,0.005555555555555556
53,nominal_no_repair,3,0,120,114,120,3,0.005555555555555556
53,nominal_no_repair,4,0,120,114,120,3,0.005555555555555556
54,nominal_no_repair,0,0,120,115,120,1,0.001851851851851852
54,nominal_no_repair,1,0,120,115,120,1,0.001851851851851852
54,nominal_no_repair,2,0,120,115,120,1,0.001851851851851852
54,nominal_no_repair,3,0,120,115,120,1,0.001851851851851852
54,nominal_no_repair,4,0,120,115,120,1,0.001851851851851852
55,nominal_no_repair,0,0,120,116,120,2,0.003703703703703704
55,nominal_no_repair,1,0,120,116,120,2,0.003703703703703704
55,nominal_no_repair,2,0,120,116,120,2,0.003703703703703704
55,nominal_no_repair,3,0,120,116,120,2,0.003703703703703704
55,nominal_no_repair,4,0,120,116,120,2,0.003703703703703704
56,nominal_no_repair,0,0,120,117,120,3,0.005555555555555556
56,nominal_no_repair,1,0,120,117,120,3,0.005555555555555556
56,nominal_no_repair,2,0,120,117,120,3,0.005555555555555556
56,nominal_no_repair,3,0,120,117,120,3,0.005555555555555556
56,nominal_no_repair,4,0,120,117,120,3,0.005555555555555556
57,nominal_no_repair,0,0,120,117,120,1,0.001851851851851852
57,nominal_no_repair,1,0,120,117,120,1,0.001851851851851852
57,nominal_no_repair,2,0,120,117,120,1,0.001851851851851852
57,nominal_no_repair,3,0,120,117,120,1,0.001851851851851852
57,nominal_no_repair,4,0,120,117,120,1,0.001851851851851852
58,nominal_no_repair,0,0,120,114,120,2,0.003703703703703704
58,nominal_no_repair,1,0,120,114,120,2,0.003703703703703704
58,nominal_no_repair,2,0,120,114,120,2,0.003703703703703704
58,nominal_no_repair,3,0,120,114,120,2,0.003703703703703704
58,nominal_no_repair,4,0,120,114,120,2,0.003703703703703704
59,nominal_no_repair,0,0,120,116,120,3,0.005555555555555556
59,nominal_no_repair,1,0,120,116,120,3,0.005555555555555556
59,nominal_no_repair,2,0,120,116,120,3,0.005555555555555556
59,nominal_no_repair,3,0,120,116,120,3,0.005555555555555556
59,nominal_no_repair,4,0,120,116,120,3,0.005555555555555556
60,nominal_no_repair,0,0,120,113,120,1,0.001851851851851852
60,nominal_no_repair,1,0,120,113,120,1,0.001851851851851852
60,nominal_no_repair,2,0,120,113,120,1,0.001851851851851852
60,nominal_no_repair,3,0,120,113,120,1,0.001851851851851852
60,nominal_no_repair,4,0,120,113,120,1,0.001851851851851852
61,nominal_no_repair,0,0,120,115,120,2,0.003703703703703704
61,nominal_no_repair,1,0,120,115,120,2,0.003703703703703704
61,nominal_no_repair,2,0,120,115,120,2,0.003703703703703704
61,nominal_no_repair,3,0,120,115,120,2,0.003703703703703704
61,nominal_no_repair,4,0,120,115,120,2,0.003703703703703704
62,nominal_no_repair,0,0,120,116,120,3,0.005555555555555556
62,nominal_no_repair,1,0,120,116,120,3,0.005555555555555556
62,nominal_no_repair,2,0,120,116,120,3,0.005555555555555556
62,nominal_no_repair,3,0,120,116,120,3,0.005555555555555556
62,nominal_no_repair,4,0,120,116,120,3,0.005555555555555556
63,nominal_no_repair,0,0,120,110,120,1,0.001851851851851852
63,nominal_no_repair,1,0,120,110,120,1,0.001851851851851852
63,nominal_no_repair,2,0,120,110,120,1,0.001851851851851852
63,nominal_no_repair,3,0,120,110,120,1,0.001851851851851852
63,nominal_no_repair,4,0,120,110,120,1,0.001851851851851852
64,nominal_no_repair,0,0,120,116,120,2,0.003703703703703704
64,nominal_no_repair,1,0,120,116,120,2,0.003703703703703704
64,nominal_no_repair,2,0,120,116,120,2,0.003703703703703704
64,nominal_no_repair,3,0,120,116,120,2,0.003703703703703704
64,nominal_no_repair,4,0,120,116,120,2,0.003703703703703704
65,nominal_no_repair,0,0,120,115,120,3,0.005555555555555556
65,nominal_no_repair,1,0,120,115,120,3,0.005555555555555556
65,nominal_no_repair,2,0,120,115,120,3,0.005555555555555556
65,nominal_no_repair,3,0,120,115,120,3,0.005555555555555556
65,nominal_no_repair,4,0,120,115,120,3,0.005555555555555556
66,nominal_no_repair,0,0,120,116,120,1,0.001851851851851852
66,nominal_no_repair,1,0,120,116,120,1,0.001851851851851852
66,nominal_no_repair,2,0,120,116,120,1,0.001851851851851852
66,nominal_no_repair,3,0,120,116,120,1,0.001851851851851852
66,nominal_no_repair,4,0,120,116,120,1,0.001851851851851852
67,nominal_no_repair,0,0,120,116,120,2,0.003703703703703704
67,nominal_no_repair,1,0,120,116,120,2,0.003703703703703704
67,nominal_no_repair,2,0,120,116,120,2,0.003703703703703704
67,nominal_no_repair,3,0,120,116,120,2,0.003703703703703704
67,nominal_no_repair,4,0,120,116,120,2,0.003703703703703704
68,nominal_no_repair,0,0,120,116,120,3,0.005555555555555556
68,nominal_no_repair,1,0,120,116,120,3,0.005555555555555556
68,nominal_no_repair,2,0,120,116,120,3,0.005555555555555556
68,nominal_no_repair,3,0,120,116,120,3,0.005555555555555556
68,nominal_no_repair,4,0,120,116,120,3,0.005555555555555556
69,nominal_no_repair,0,0,120,117,120,1,0.001851851851851852
69,nominal_no_repair,1,0,120,117,120,1,0.001851851851851852
69,nominal_no_repair,2,0,120,117,120,1,0.001851851851851852
69,nominal_no_repair,3,0,120,117,120,1,0.001851851851851852
69,nominal_no_repair,4,0,120,117,120,1,0.001851851851851852
70,nominal_no_repair,0,0,120,116,120,2,0.003703703703703704
70,nominal_no_repair,1,0,120,116,120,2,0.003703703703703704
70,nominal_no_repair,2,0,120,116,120,2,0.003703703703703704
70,nominal_no_repair,3,0,120,116,120,2,0.003703703703703704
70,nominal_no_repair,4,0,120,116,120,2,0.003703703703703704
71,nominal_no_repair,0,0,120,117,120,3,0.005555555555555556
71,nominal_no_repair,1,0,120,117,120,3,0.005555555555555556
71,nominal_no_repair,2,0,120,117,120,3,0.005555555555555556
71,nominal_no_repair,3,0,120,117,120,3,0.005555555555555556
71,nominal_no_repair,4,0,120,117,120,3,0.005555555555555556
72,nominal_no_repair,0,0,120,116,120,1,0.001851851851851852
72,nominal_no_repair,1,0,120,116,120,1,0.001851851851851852
72,nominal_no_repair,2,0,120,116,120,1,0.001851851851851852
72,nominal_no_repair,3,0,120,116,120,1,0.001851851851851852
72,nominal_no_repair,4,0,120,116,120,1,0.001851851851851852
73,nominal_no_repair,0,0,120,116,120,2,0.003703703703703704
73,nominal_no_repair,1,0,120,116,120,2,0.003703703703703704
73,nominal_no_repair,2,0,120,116,120,2,0.003703703703703704
73,nominal_no_repair,3,0,120,116,120,2,0.003703703703703704
73,nominal_no_repair,4,0,120,116,120,2,0.003703703703703704
74,nominal_no_repair,0,0,120,116,120,3,0.005555555555555556
74,nominal_no_repair,1,0,120,116,120,3,0.005555555555555556
74,nominal_no_repair,2,0,120,116,120,3,0.005555555555555556
74,nominal_no_repair,3,0,120,116,120,3,0.005555555555555556
74,nominal_no_repair,4,0,120,116,120,3,0.005555555555555556
75,nominal_no_repair,0,0,120,110,120,1,0.001851851851851852
75,nominal_no_repair,1,0,120,110,120,1,0.001851851851851852
75,nominal_no_repair,2,0,120,110,120,1,0.001851851851851852
75,nominal_no_repair,3,0,120,110,120,1,0.001851851851851852
75,nominal_no_repair,4,0,120,110,120,1,0.001851851851851852
76,nominal_no_repair,0,0,120,112,120,2,0.003703703703703704
76,nominal_no_repair,1,0,120,112,120,2,0.003703703703703704
76,nominal_no_repair,2,0,120,112,120,2,0.003703703703703704
76,nominal_no_repair,3,0,120,112,120,2,0.003703703703703704
76,nominal_no_repair,4,0,120,112,120,2,0.003703703703703704
77,nominal_no_repair,0,0,120,116,120,3,0.005555555555555556
77,nominal_no_repair,1,0,120,116,120,3,0.005555555555555556
77,nominal_no_repair,2,0,120,116,120,3,0.005555555555555556
77,nominal_no_repair,3,0,120,116,120,3,0.005555555555555556
77,nominal_no_repair,4,0,120,116,120,3,0.005555555555555556
78,nominal_no_repair,0,0,120,114,120,1,0.001851851851851852
78,nominal_no_repair,1,0,120,114,120,1,0.001851851851851852
78,nominal_no_repair,2,0,120,114,120,1,0.001851851851851852
78,nominal_no_repair,3,0,120,114,120,1,0.001851851851851852
78,nominal_no_repair,4,0,120,114,120,1,0.001851851851851852
79,nominal_no_repair,0,0,120,115,120,2,0.003703703703703704
79,nominal_no_repair,1,0,120,115,120,2,0.003703703703703704
79,nominal_no_repair,2,0,120,115,120,2,0.003703703703703704
79,nominal_no_repair,3,0,120,115,120,2,0.003703703703703704
79,nominal_no_repair,4,0,120,115,120,2,0.003703703703703704
0,prediction_gated_repair,0,1,24,8,24,1,0.001851851851851852
0,prediction_gated_repair,1,1,16,0,16,1,0.001851851851851852
0,prediction_gated_repair,2,1,16,0,16,1,0.001851851851851852
0,prediction_gated_repair,3,1,16,0,16,1,0.001851851851851852
0,prediction_gated_repair,4,1,16,0,16,1,0.001851851851851852
1,prediction_gated_repair,0,1,24,8,24,2,0.003703703703703704
1,prediction_gated_repair,1,1,16,0,16,2,0.003703703703703704
1,prediction_gated_repair,2,1,16,0,16,2,0.003703703703703704
1,prediction_gated_repair,3,1,16,0,16,2,0.003703703703703704
1,prediction_gated_repair,4,1,16,0,16,2,0.003703703703703704
2,prediction_gated_repair,0,1,24,8,24,3,0.005555555555555556
2,prediction_gated_repair,1,1,16,0,16,3,0.005555555555555556
2,prediction_gated_repair,2,1,16,0,16,3,0.005555555555555556
2,prediction_gated_repair,3,1,16,0,16,3,0.005555555555555556
2,prediction_gated_repair,4,1,16,0,16,3,0.005555555555555556
3,prediction_gated_repair,0,1,24,8,24,1,0.001851851851851852
3,prediction_gated_repair,1,1,16,0,16,1,0.001851851851851852
3,prediction_gated_repair,2,1,16,0,16,1,0.001851851851851852
3,prediction_gated_repair,3,1,16,0,16,1,0.001851851851851852
3,prediction_gated_repair,4,1,16,0,16,1,0.001851851851851852
4,prediction_gated_repair,0,1,24,8,24,2,0.003703703703703704
4,prediction_gated_repair,1,1,16,0,16,2,0.003703703703703704
4,prediction_gated_repair,2,1,16,0,16,2,0.003703703703703704
4,prediction_gated_repair,3,1,16,0,16,2,0.003703703703703704
4,prediction_gated_repair,4,1,16,0,16,2,0.003703703703703704
5,prediction_gated_repair,0,1,24,8,24,3,0.005555555555555556
5,prediction_gated_repair,1,1,16,0,16,3,0.005555555555555556
5,prediction_gated_repair,2,1,16,0,16,3,0.005555555555555556
5,prediction_gated_repair,3,1,16,0,16,3,0.005555555555555556
5,prediction_gated_repair,4,1,16,0,16,3,0.005555555555555556
6,prediction_gated_repair,0,1,24,8,24,1,0.001851851851851852
6,prediction_gated_repair,1,1,16,0,16,1,0.001851851851851852
6,prediction_gated_repair,2,1,16,0,16,1,0.001851851851851852
6,prediction_gated_repair,3,1,16,0,16,1,0.001851851851851852
6,prediction_gated_repair,4,1,16,0,16,1,0.001851851851851852
7,prediction_gated_repair,0,1,24,8,24,2,0.003703703703703704
7,prediction_gated_repair,1,1,16,0,16,2,0.003703703703703704
7,prediction_gated_repair,2,1,16,0,16,2,0.003703703703703704
7,prediction_gated_repair,3,1,16,0,16,2,0.003703703703703704
7,prediction_gated_repair,4,1,16,0,16,2,0.003703703703703704
8,prediction_gated_repair,0,1,24,8,24,3,0.005555555555555556
8,prediction_gated_repair,1,1,16,0,16,3,0.005555555555555556
8,prediction_gated_repair,2,1,16,0,16,3,0.005555555555555556
8,prediction_gated_repair,3,1,16,0,16,3,0.005555555555555556
8,prediction_gated_repair,4,1,16,0,16,3,0.005555555555555556
9,prediction_gated_repair,0,1,24,8,24,1,0.001851851851851852
9,prediction_gated_repair,1,1,16,0,16,1,0.001851851851851852
9,prediction_gated_repair,2,1,16,0,16,1,0.001851851851851852
9,prediction_gated_repair,3,1,16,0,16,1,0.001851851851851852
9,prediction_gated_repair,4,1,16,0,16,1,0.001851851851851852
10,prediction_gated_repair,0,1,24,8,24,2,0.003703703703703704
10,prediction_gated_repair,1,1,16,0,16,2,0.003703703703703704
10,prediction_gated_repair,2,1,16,0,16,2,0.003703703703703704
10,prediction_gated_repair,3,1,16,0,16,2,0.003703703703703704
10,prediction_gated_repair,4,1,16,0,16,2,0.003703703703703704
11,prediction_gated_repair,0,1,24,8,24,3,0.005555555555555556
11,prediction_gated_repair,1,1,16,0,16,3,0.005555555555555556
11,prediction_gated_repair,2,1,16,0,16,3,0.005555555555555556
11,prediction_gated_repair,3,1,16,0,16,3,0.005555555555555556
11,prediction_gated_repair,4,1,16,0,16,3,0.005555555555555556
12,prediction_gated_repair,0,1,24,8,24,1,0.001851851851851852
12,prediction_gated_repair,1,1,16,0,16,1,0.001851851851851852
12,prediction_gated_repair,2,1,16,0,16,1,0.001851851851851852
12,prediction_gated_repair,3,1,16,0,16,1,0.001851851851851852
12,prediction_gated_repair,4,1,16,0,16,1,0.001851851851851852
13,prediction_gated_repair,0,1,24,8,24,2,0.003703703703703704
13,prediction_gated_repair,1,1,16,0,16,2,0.003703703703703704
13,prediction_gated_repair,2,1,16,0,16,2,0.003703703703703704
13,prediction_gated_repair,3,1,16,0,16,2,0.003703703703703704
13,prediction_gated_repair,4,1,16,0,16,2,0.003703703703703704
14,prediction_gated_repair,0,1,24,8,24,3,0.005555555555555556
14,prediction_gated_repair,1,1,16,0,16,3,0.005555555555555556
14,prediction_gated_repair,2,1,16,0,16,3,0.005555555555555556
14,prediction_gated_repair,3,1,16,0,16,3,0.005555555555555556
14,prediction_gated_repair,4,1,16,0,16,3,0.005555555555555556
15,prediction_gated_repair,0,1,24,8,24,1,0.001851851851851852
15,prediction_gated_repair,1,1,16,0,16,1,0.001851851851851852
15,prediction_gated_repair,2,1,16,0,16,1,0.001851851851851852
15,prediction_gated_repair,3,1,16,0,16,1,0.001851851851851852
15,prediction_gated_repair,4,1,16,0,16,1,0.001851851851851852
16,prediction_gated_repair,0,1,24,8,24,2,0.003703703703703704
16,prediction_gated_repair,1,1,16,0,16,2,0.003703703703703704
16,prediction_gated_repair,2,1,16,0,16,2,0.003703703703703704
16,prediction_gated_repair,3,1,16,0,16,2,0.003703703703703704
16,prediction_gated_repair,4,1,16,0,16,2,0.003703703703703704
17,prediction_gated_repair,0,1,24,8,24,3,0.005555555555555556
17,prediction_gated_repair,1,1,16,0,16,3,0.005555555555555556
17,prediction_gated_repair,2,1,16,0,16,3,0.005555555555555556
17,prediction_gated_repair,3,1,16,0,16,3,0.005555555555555556
17,prediction_gated_repair,4,1,16,0,16,3,0.005555555555555556
18,prediction_gated_repair,0,1,24,8,24,1,0.001851851851851852
18,prediction_gated_repair,1,1,16,0,16,1,0.001851851851851852
18,prediction_gated_repair,2,1,16,0,16,1,0.001851851851851852
18,prediction_gated_repair,3,1,16,0,16,1,0.001851851851851852
18,prediction_gated_repair,4,1,16,0,16,1,0.001851851851851852
19,prediction_gated_repair,0,1,24,8,24,2,0.003703703703703704
19,prediction_gated_repair,1,1,16,0,16,2,0.003703703703703704
19,prediction_gated_repair,2,1,16,0,16,2,0.003703703703703704
19,prediction_gated_repair,3,1,16,0,16,2,0.003703703703703704
19,prediction_gated_repair,4,1,16,0,16,2,0.003703703703703704
20,prediction_gated_repair,0,1,24,8,24,3,0.005555555555555556
20,prediction_gated_repair,1,1,16,0,16,3,0.005555555555555556
20,prediction_gated_repair,2,1,16,0,16,3,0.005555555555555556
20,prediction_gated_repair,3,1,16,0,16,3,0.005555555555555556
20,prediction_gated_repair,4,1,16,0,16,3,0.005555555555555556
21,prediction_gated_repair,0,1,24,8,24,1,0.001851851851851852
21,prediction_gated_repair,1,1,16,0,16,1,0.001851851851851852
21,prediction_gated_repair,2,1,16,0,16,1,0.001851851851851852
21,prediction_gated_repair,3,1,16,0,16,1,0.001851851851851852
21,prediction_gated_repair,4,1,16,0,16,1,0.001851851851851852
22,prediction_gated_repair,0,1,24,8,24,2,0.003703703703703704
22,prediction_gated_repair,1,1,16,0,16,2,0.003703703703703704
22,prediction_gated_repair,2,1,16,0,16,2,0.003703703703703704
22,prediction_gated_repair,3,1,16,0,16,2,0.003703703703703704
22,prediction_gated_repair,4,1,16,0,16,2,0.003703703703703704
23,prediction_gated_repair,0,1,24,8,24,3,0.005555555555555556
23,prediction_gated_repair,1,1,16,0,16,3,0.005555555555555556
23,prediction_gated_repair,2,1,16,0,16,3,0.005555555555555556
23,prediction_gated_repair,3,1,16,0,16,3,0.005555555555555556
23,prediction_gated_repair,4,1,16,0,16,3,0.005555555555555556
24,prediction_gated_repair,0,1,24,8,24,1,0.001851851851851852
24,prediction_gated_repair,1,1,16,0,16,1,0.001851851851851852
24,prediction_gated_repair,2,1,16,0,16,1,0.001851851851851852
24,prediction_gated_repair,3,1,16,0,16,1,0.001851851851851852
24,prediction_gated_repair,4,1,16,0,16,1,0.001851851851851852
25,prediction_gated_repair,0,1,24,8,24,2,0.003703703703703704
25,prediction_gated_repair,1,1,16,0,16,2,0.003703703703703704
25,prediction_gated_repair,2,1,16,0,16,2,0.003703703703703704
25,prediction_gated_repair,3,1,16,0,16,2,0.003703703703703704
25,prediction_gated_repair,4,1,16,0,16,2,0.003703703703703704
26,prediction_gated_repair,0,1,24,8,24,3,0.005555555555555556
26,prediction_gated_repair,1,1,16,0,16,3,0.005555555555555556
26,prediction_gated_repair,2,1,16,0,16,3,0.005555555555555556
26,prediction_gated_repair,3,1,16,0,16,3,0.005555555555555556
26,prediction_gated_repair,4,1,16,0,16,3,0.005555555555555556
27,prediction_gated_repair,0,1,24,8,24,1,0.001851851851851852
27,prediction_gated_repair,1,1,16,0,16,1,0.001851851851851852
27,prediction_gated_repair,2,1,16,0,16,1,0.001851851851851852
27,prediction_gated_repair,3,1,16,0,16,1,0.001851851851851852
27,prediction_gated_repair,4,1,16,0,16,1,0.001851851851851852
28,prediction_gated_repair,0,1,24,8,24,2,0.003703703703703704
28,prediction_gated_repair,1,1,16,0,16,2,0.003703703703703704
28,prediction_gated_repair,2,1,16,0,16,2,0.003703703703703704
28,prediction_gated_repair,3,1,16,0,16,2,0.003703703703703704
28,prediction_gated_repair,4,1,16,0,16,2,0.003703703703703704
29,prediction_gated_repair,0,1,24,8,24,3,0.005555555555555556
29,prediction_gated_repair,1,1,16,0,16,3,0.005555555555555556
29,prediction_gated_repair,2,1,16,0,16,3,0.005555555555555556
29,prediction_gated_repair,3,1,16,0,16,3,0.005555555555555556
29,prediction_gated_repair,4,1,16,0,16,3,0.005555555555555556
30,prediction_gated_repair,0,1,24,8,24,1,0.001851851851851852
30,prediction_gated_repair,1,1,16,0,16,1,0.001851851851851852
30,prediction_gated_repair,2,1,16,0,16,1,0.001851851851851852
30,prediction_gated_repair,3,1,16,0,16,1,0.001851851851851852
30,prediction_gated_repair,4,1,16,0,16,1,0.001851851851851852
31,prediction_gated_repair,0,1,24,8,24,2,0.003703703703703704
31,prediction_gated_repair,1,1,16,0,16,2,0.003703703703703704
31,prediction_gated_repair,2,1,16,0,16,2,0.003703703703703704
31,prediction_gated_repair,3,1,16,0,16,2,0.003703703703703704
31,prediction_gated_repair,4,1,16,0,16,2,0.003703703703703704
32,prediction_gated_repair,0,1,24,8,24,3,0.005555555555555556
32,prediction_gated_repair,1,1,16,0,16,3,0.005555555555555556
32,prediction_gated_repair,2,1,16,0,16,3,0.005555555555555556
32,prediction_gated_repair,3,1,16,0,16,3,0.005555555555555556
32,prediction_gated_repair,4,1,16,0,16,3,0.005555555555555556
33,prediction_gated_repair,0,1,24,8,24,1,0.001851851851851852
33,prediction_gated_repair,1,1,16,0,16,1,0.001851851851851852
33,prediction_gated_repair,2,1,16,0,16,1,0.001851851851851852
33,prediction_gated_repair,3,1,16,0,16,1,0.001851851851851852
33,prediction_gated_repair,4,1,16,0,16,1,0.001851851851851852
34,prediction_gated_repair,0,1,24,8,24,2,0.003703703703703704
34,prediction_gated_repair,1,1,16,0,16,2,0.003703703703703704
34,prediction_gated_repair,2,1,16,0,16,2,0.003703703703703704
34,prediction_gated_repair,3,1,16,0,16,2,0.003703703703703704
34,prediction_gated_repair,4,1,16,0,16,2,0.003703703703703704
35,prediction_gated_repair,0,1,24,8,24,3,0.005555555555555556
35,prediction_gated_repair,1,1,16,0,16,3,0.005555555555555556
35,prediction_gated_repair,2,1,16,0,16,3,0.005555555555555556
35,prediction_gated_repair,3,1,16,0,16,3,0.005555555555555556
35,prediction_gated_repair,4,1,16,0,16,3,0.005555555555555556
36,prediction_gated_repair,0,1,24,8,24,1,0.001851851851851852
36,prediction_gated_repair,1,1,16,0,16,1,0.001851851851851852
36,prediction_gated_repair,2,1,16,0,16,1,0.001851851851851852
36,prediction_gated_repair,3,1,16,0,16,1,0.001851851851851852
36,prediction_gated_repair,4,1,16,0,16,1,0.001851851851851852
37,prediction_gated_repair,0,1,24,8,24,2,0.003703703703703704
37,prediction_gated_repair,1,1,16,0,16,2,0.003703703703703704
37,prediction_gated_repair,2,1,16,0,16,2,0.003703703703703704
37,prediction_gated_repair,3,1,16,0,16,2,0.003703703703703704
37,prediction_gated_repair,4,1,16,0,16,2,0.003703703703703704
38,prediction_gated_repair,0,1,24,8,24,3,0.005555555555555556
38,prediction_gated_repair,1,1,16,0,16,3,0.005555555555555556
38,prediction_gated_repair,2,1,16,0,16,3,0.005555555555555556
38,prediction_gated_repair,3,1,16,0,16,3,0.005555555555555556
38,prediction_gated_repair,4,1,16,0,16,3,0.005555555555555556
39,prediction_gated_repair,0,1,24,8,24,1,0.001851851851851852
39,prediction_gated_repair,1,1,16,0,16,1,0.001851851851851852
39,prediction_gated_repair,2,1,16,0,16,1,0.001851851851851852
39,prediction_gated_repair,3,1,16,0,16,1,0.001851851851851852
39,prediction_gated_repair,4,1,16,0,16,1,0.001851851851851852
40,prediction_gated_repair,0,1,24,8,24,2,0.003703703703703704
40,prediction_gated_repair,1,1,16,0,16,2,0.003703703703703704
40,prediction_gated_repair,2,1,16,0,16,2,0.003703703703703704
40,prediction_gated_repair,3,1,16,0,16,2,0.003703703703703704
40,prediction_gated_repair,4,1,16,0,16,2,0.003703703703703704
41,prediction_gated_repair,0,1,24,8,24,3,0.005555555555555556
41,prediction_gated_repair,1,1,16,0,16,3,0.005555555555555556
41,prediction_gated_repair,2,1,16,0,16,3,0.005555555555555556
41,prediction_gated_repair,3,1,16,0,16,3,0.005555555555555556
41,prediction_gated_repair,4,1,16,0,16,3,0.005555555555555556
42,prediction_gated_repair,0,1,24,8,24,1,0.001851851851851852
42,prediction_gated_repair,1,1,16,0,16,1,0.001851851851851852
42,prediction_gated_repair,2,1,16,0,16,1,0.001851851851851852
42,prediction_gated_repair,3,1,16,0,16,1,0.001851851851851852
42,prediction_gated_repair,4,1,16,0,16,1,0.001851851851851852
43,prediction_gated_repair,0,1,24,8,24,2,0.003703703703703704
43,prediction_gated_repair,1,1,16,0,16,2,0.003703703703703704
43,prediction_gated_repair,2,1,16,0,16,2,0.003703703703703704
43,prediction_gated_repair,3,1,16,0,16,2,0.003703703703703704
43,prediction_gated_repair,4,1,16,0,16,2,0.003703703703703704
44,prediction_gated_repair,0,1,24,8,24,3,0.005555555555555556
44,prediction_gated_repair,1,1,16,0,16,3,0.005555555555555556
44,prediction_gated_repair,2,1,16,0,16,3,0.005555555555555556
44,prediction_gated_repair,3,1,16,0,16,3,0.005555555555555556
44,prediction_gated_repair,4,1,16,0,16,3,0.005555555555555556
45,prediction_gated_repair,0,1,24,8,24,1,0.001851851851851852
45,prediction_gated_repair,1,1,16,0,16,1,0.001851851851851852
45,prediction_gated_repair,2,1,16,0,16,1,0.001851851851851852
45,prediction_gated_repair,3,1,16,0,16,1,0.001851851851851852
45,prediction_gated_repair,4,1,16,0,16,1,0.001851851851851852
46,prediction_gated_repair,0,1,24,8,24,2,0.003703703703703704
46,prediction_gated_repair,1,1,16,0,16,2,0.003703703703703704
46,prediction_gated_repair,2,1,16,0,16,2,0.003703703703703704
46,prediction_gated_repair,3,1,16,0,16,2,0.003703703703703704
46,prediction_gated_repair,4,1,16,0,16,2,0.003703703703703704
47,prediction_gated_repair,0,1,24,8,24,3,0.005555555555555556
47,prediction_gated_repair,1,1,16,0,16,3,0.005555555555555556
47,prediction_gated_repair,2,1,16,0,16,3,0.005555555555555556
47,prediction_gated_repair,3,1,16,0,16,3,0.005555555555555556
47,prediction_gated_repair,4,1,16,0,16,3,0.005555555555555556
48,prediction_gated_repair,0,1,24,8,24,1,0.001851851851851852
48,prediction_gated_repair,1,1,16,0,16,1,0.001851851851851852
48,prediction_gated_repair,2,1,16,0,16,1,0.001851851851851852
48,prediction_gated_repair,3,1,16,0,16,1,0.001851851851851852
48,prediction_gated_repair,4,1,16,0,16,1,0.001851851851851852
49,prediction_gated_repair,0,1,24,8,24,2,0.003703703703703704
49,prediction_gated_repair,1,1,16,0,16,2,0.003703703703703704
49,prediction_gated_repair,2,1,16,0,16,2,0.003703703703703704
49,prediction_gated_repair,3,1,16,0,16,2,0.003703703703703704
49,prediction_gated_repair,4,1,16,0,16,2,0.003703703703703704
50,prediction_gated_repair,0,1,24,8,24,3,0.005555555555555556
50,prediction_gated_repair,1,1,16,0,16,3,0.005555555555555556
50,prediction_gated_repair,2,1,16,0,16,3,0.005555555555555556
50,prediction_gated_repair,3,1,16,0,16,3,0.005555555555555556
50,prediction_gated_repair,4,1,16,0,16,3,0.005555555555555556
51,prediction_gated_repair,0,1,24,8,24,1,0.001851851851851852
51,prediction_gated_repair,1,1,16,0,16,1,0.001851851851851852
51,prediction_gated_repair,2,1,16,0,16,1,0.001851851851851852
51,prediction_gated_repair,3,1,16,0,16,1,0.001851851851851852
51,prediction_gated_repair,4,1,16,0,16,1,0.001851851851851852
52,prediction_gated_repair,0,1,24,8,24,2,0.003703703703703704
52,prediction_gated_repair,1,1,16,0,16,2,0.003703703703703704
52,prediction_gated_repair,2,1,16,0,16,2,0.003703703703703704
52,prediction_gated_repair,3,1,16,0,16,2,0.003703703703703704
52,prediction_gated_repair,4,1,16,0,16,2,0.003703703703703704
53,prediction_gated_repair,0,1,24,8,24,3,0.005555555555555556
53,prediction_gated_repair,1,1,16,0,16,3,0.005555555555555556
53,prediction_gated_repair,2,1,16,0,16,3,0.005555555555555556
53,prediction_gated_repair,3,1,16,0,16,3,0.005555555555555556
53,prediction_gated_repair,4,1,16,0,16,3,0.005555555555555556
54,prediction_gated_repair,0,1,24,8,24,1,0.001851851851851852
54,prediction_gated_repair,1,1,16,0,16,1,0.001851851851851852
54,prediction_gated_repair,2,1,16,0,16,1,0.001851851851851852
54,prediction_gated_repair,3,1,16,0,16,1,0.001851851851851852
54,prediction_gated_repair,4,1,16,0,16,1,0.001851851851851852
55,prediction_gated_repair,0,1,24,8,24,2,0.003703703703703704
55,prediction_gated_repair,1,1,16,0,16,2,0.003703703703703704
55,prediction_gated_repair,2,1,16,0,16,2,0.003703703703703704
55,prediction_gated_repair,3,1,16,0,16,2,0.003703703703703704
55,prediction_gated_repair,4,1,16,0,16,2,0.003703703703703704
56,prediction_gated_repair,0,1,24,8,24,3,0.005555555555555556
56,prediction_gated_repair,1,1,16,0,16,3,0.005555555555555556
56,prediction_gated_repair,2,1,16,0,16,3,0.005555555555555556
56,prediction_gated_repair,3,1,16,0,16,3,0.005555555555555556
56,prediction_gated_repair,4,1,16,0,16,3,0.005555555555555556
57,prediction_gated_repair,0,1,24,8,24,1,0.001851851851851852
57,prediction_gated_repair,1,1,16,0,16,1,0.001851851851851852
57,prediction_gated_repair,2,1,16,0,16,1,0.001851851851851852
57,prediction_gated_repair,3,1,16,0,16,1,0.001851851851851852
57,prediction_gated_repair,4,1,16,0,16,1,0.001851851851851852
58,prediction_gated_repair,0,1,24,8,24,2,0.003703703703703704
58,prediction_gated_repair,1,1,16,0,16,2,0.003703703703703704
58,prediction_gated_repair,2,1,16,0,16,2,0.003703703703703704
58,prediction_gated_repair,3,1,16,0,16,2,0.003703703703703704
58,prediction_gated_repair,4,1,16,0,16,2,0.003703703703703704
59,prediction_gated_repair,0,1,24,8,24,3,0.005555555555555556
59,prediction_gated_repair,1,1,16,0,16,3,0.005555555555555556
59,prediction_gated_repair,2,1,16,0,16,3,0.005555555555555556
59,prediction_gated_repair,3,1,16,0,16,3,0.005555555555555556
59,prediction_gated_repair,4,1,16,0,16,3,0.005555555555555556
60,prediction_gated_repair,0,1,24,8,24,1,0.001851851851851852
60,prediction_gated_repair,1,1,16,0,16,1,0.001851851851851852
60,prediction_gated_repair,2,1,16,0,16,1,0.001851851851851852
60,prediction_gated_repair,3,1,16,0,16,1,0.001851851851851852
60,prediction_gated_repair,4,1,16,0,16,1,0.001851851851851852
61,prediction_gated_repair,0,1,24,8,24,2,0.003703703703703704
61,prediction_gated_repair,1,1,16,0,16,2,0.003703703703703704
61,prediction_gated_repair,2,1,16,0,16,2,0.003703703703703704
61,prediction_gated_repair,3,1,16,0,16,2,0.003703703703703704
61,prediction_gated_repair,4,1,16,0,16,2,0.003703703703703704
62,prediction_gated_repair,0,1,24,8,24,3,0.005555555555555556
62,prediction_gated_repair,1,1,16,0,16,3,0.005555555555555556
62,prediction_gated_repair,2,1,16,0,16,3,0.005555555555555556
62,prediction_gated_repair,3,1,16,0,16,3,0.005555555555555556
62,prediction_gated_repair,4,1,16,0,16,3,0.005555555555555556
63,prediction_gated_repair,0,1,24,8,24,1,0.001851851851851852
63,prediction_gated_repair,1,1,16,0,16,1,0.001851851851851852
63,prediction_gated_repair,2,1,16,0,16,1,0.001851851851851852
63,prediction_gated_repair,3,1,16,0,16,1,0.001851851851851852
63,prediction_gated_repair,4,1,16,0,16,1,0.001851851851851852
64,prediction_gated_repair,0,1,24,8,24,2,0.003703703703703704
64,prediction_gated_repair,1,1,16,0,16,2,0.003703703703703704
64,prediction_gated_repair,2,1,16,0,16,2,0.003703703703703704
64,prediction_gated_repair,3,1,16,0,16,2,0.003703703703703704
64,prediction_gated_repair,4,1,16,0,16,2,0.003703703703703704
65,prediction_gated_repair,0,1,24,8,24,3,0.005555555555555556
65,prediction_gated_repair,1,1,16,0,16,3,0.005555555555555556
65,prediction_gated_repair,2,1,16,0,16,3,0.005555555555555556
65,prediction_gated_repair,3,1,16,0,16,3,0.005555555555555556
65,prediction_gated_repair,4,1,16,0,16,3,0.005555555555555556
66,prediction_gated_repair,0,1,24,8,24,1,0.001851851851851852
66,prediction_gated_repair,1,1,16,0,16,1,0.001851851851851852
66,prediction_gated_repair,2,1,16,0,16,1,0.001851851851851852
66,prediction_gated_repair,3,1,16,0,16,1,0.001851851851851852
66,prediction_gated_repair,4,1,16,0,16,1,0.001851851851851852
67,prediction_gated_repair,0,1,24,8,24,2,0.003703703703703704
67,prediction_gated_repair,1,1,16,0,16,2,0.003703703703703704
67,prediction_gated_repair,2,1,16,0,16,2,0.003703703703703704
67,prediction_gated_repair,3,1,16,0,16,2,0.003703703703703704
67,prediction_gated_repair,4,1,16,0,16,2,0.003703703703703704
68,prediction_gated_repair,0,1,24,8,24,3,0.005555555555555556
68,prediction_gated_repair,1,1,16,0,16,3,0.005555555555555556
68,prediction_gated_repair,2,1,16,0,16,3,0.005555555555555556
68,prediction_gated_repair,3,1,16,0,16,3,0.005555555555555556
68,prediction_gated_repair,4,1,16,0,16,3,0.005555555555555556
69,prediction_gated_repair,0,1,24,8,24,1,0.001851851851851852
69,prediction_gated_repair,1,1,16,0,16,1,0.001851851851851852
69,prediction_gated_repair,2,1,16,0,16,1,0.001851851851851852
69,prediction_gated_repair,3,1,16,0,16,1,0.001851851851851852
69,prediction_gated_repair,4,1,16,0,16,1,0.001851851851851852
70,prediction_gated_repair,0,1,24,8,24,2,0.003703703703703704
70,prediction_gated_repair,1,1,16,0,16,2,0.003703703703703704
70,prediction_gated_repair,2,1,16,0,16,2,0.003703703703703704
70,prediction_gated_repair,3,1,16,0,16,2,0.003703703703703704
70,prediction_gated_repair,4,1,16,0,16,2,0.003703703703703704
71,prediction_gated_repair,0,1,24,8,24,3,0.005555555555555556
71,prediction_gated_repair,1,1,16,0,16,3,0.005555555555555556
71,prediction_gated_repair,2,1,16,0,16,3,0.005555555555555556
71,prediction_gated_repair,3,1,16,0,16,3,0.005555555555555556
71,prediction_gated_repair,4,1,16,0,16,3,0.005555555555555556
72,prediction_gated_repair,0,1,24,8,24,1,0.001851851851851852
72,prediction_gated_repair,1,1,16,0,16,1,0.001851851851851852
72,prediction_gated_repair,2,1,16,0,16,1,0.001851851851851852
72,prediction_gated_repair,3,1,16,0,16,1,0.001851851851851852
72,prediction_gated_repair,4,1,16,0,16,1,0.001851851851851852
73,prediction_gated_repair,0,1,24,8,24,2,0.003703703703703704
73,prediction_gated_repair,1,1,16,0,16,2,0.003703703703703704
73,prediction_gated_repair,2,1,16,0,16,2,0.003703703703703704
73,prediction_gated_repair,3,1,16,0,16,2,0.003703703703703704
73,prediction_gated_repair,4,1,16,0,16,2,0.003703703703703704
74,prediction_gated_repair,0,1,24,8,24,3,0.005555555555555556
74,prediction_gated_repair,1,1,16,0,16,3,0.005555555555555556
74,prediction_gated_repair,2,1,16,0,16,3,0.005555555555555556
74,prediction_gated_repair,3,1,16,0,16,3,0.005555555555555556
74,prediction_gated_repair,4,1,16,0,16,3,0.005555555555555556
75,prediction_gated_repair,0,1,24,8,24,1,0.001851851851851852
75,prediction_gated_repair,1,1,16,0,16,1,0.001851851851851852
75,prediction_gated_repair,2,1,16,0,16,1,0.001851851851851852
75,prediction_gated_repair,3,1,16,0,16,1,0.001851851851851852
75,prediction_gated_repair,4,1,16,0,16,1,0.001851851851851852
76,prediction_gated_repair,0,1,24,8,24,2,0.003703703703703704
76,prediction_gated_repair,1,1,16,0,16,2,0.003703703703703704
76,prediction_gated_repair,2,1,16,0,16,2,0.003703703703703704
76,prediction_gated_repair,3,1,16,0,16,2,0.003703703703703704
76,prediction_gated_repair,4,1,16,0,16,2,0.003703703703703704
77,prediction_gated_repair,0,1,24,8,24,3,0.005555555555555556
77,prediction_gated_repair,1,1,16,0,16,3,0.005555555555555556
77,prediction_gated_repair,2,1,16,0,16,3,0.005555555555555556
77,prediction_gated_repair,3,1,16,0,16,3,0.005555555555555556
77,prediction_gated_repair,4,1,16,0,16,3,0.005555555555555556
78,prediction_gated_repair,0,1,24,8,24,1,0.001851851851851852
78,prediction_gated_repair,1,1,16,0,16,1,0.001851851851851852
78,prediction_gated_repair,2,1,16,0,16,1,0.001851851851851852
78,prediction_gated_repair,3,1,16,0,16,1,0.001851851851851852
78,prediction_gated_repair,4,1,16,0,16,1,0.001851851851851852
79,prediction_gated_repair,0,1,24,8,24,2,0.003703703703703704
79,prediction_gated_repair,1,1,16,0,16,2,0.003703703703703704
79,prediction_gated_repair,2,1,16,0,16,2,0.003703703703703704
79,prediction_gated_repair,3,1,16,0,16,2,0.003703703703703704
79,prediction_gated_repair,4,1,16,0,16,2,0.003703703703703704
0,ccra_exact_guard,0,1,17,1,17,1,0.001851851851851852
0,ccra_exact_guard,1,1,16,0,16,1,0.001851851851851852
0,ccra_exact_guard,2,1,16,0,16,1,0.001851851851851852
0,ccra_exact_guard,3,1,16,0,16,1,0.001851851851851852
0,ccra_exact_guard,4,1,16,0,16,1,0.001851851851851852
1,ccra_exact_guard,0,1,17,1,17,2,0.003703703703703704
1,ccra_exact_guard,1,1,16,0,16,2,0.003703703703703704
1,ccra_exact_guard,2,1,16,0,16,2,0.003703703703703704
1,ccra_exact_guard,3,1,16,0,16,2,0.003703703703703704
1,ccra_exact_guard,4,1,16,0,16,2,0.003703703703703704
2,ccra_exact_guard,0,1,17,1,17,3,0.005555555555555556
2,ccra_exact_guard,1,1,16,0,16,3,0.005555555555555556
2,ccra_exact_guard,2,1,16,0,16,3,0.005555555555555556
2,ccra_exact_guard,3,1,16,0,16,3,0.005555555555555556
2,ccra_exact_guard,4,1,16,0,16,3,0.005555555555555556
3,ccra_exact_guard,0,1,17,1,17,1,0.001851851851851852
3,ccra_exact_guard,1,1,16,0,16,1,0.001851851851851852
3,ccra_exact_guard,2,1,16,0,16,1,0.001851851851851852
3,ccra_exact_guard,3,1,16,0,16,1,0.001851851851851852
3,ccra_exact_guard,4,1,16,0,16,1,0.001851851851851852
4,ccra_exact_guard,0,1,17,1,17,2,0.003703703703703704
4,ccra_exact_guard,1,1,16,0,16,2,0.003703703703703704
4,ccra_exact_guard,2,1,16,0,16,2,0.003703703703703704
4,ccra_exact_guard,3,1,16,0,16,2,0.003703703703703704
4,ccra_exact_guard,4,1,16,0,16,2,0.003703703703703704
5,ccra_exact_guard,0,1,17,1,17,3,0.005555555555555556
5,ccra_exact_guard,1,1,16,0,16,3,0.005555555555555556
5,ccra_exact_guard,2,1,16,0,16,3,0.005555555555555556
5,ccra_exact_guard,3,1,16,0,16,3,0.005555555555555556
5,ccra_exact_guard,4,1,16,0,16,3,0.005555555555555556
6,ccra_exact_guard,0,1,17,1,17,1,0.001851851851851852
6,ccra_exact_guard,1,1,16,0,16,1,0.001851851851851852
6,ccra_exact_guard,2,1,16,0,16,1,0.001851851851851852
6,ccra_exact_guard,3,1,16,0,16,1,0.001851851851851852
6,ccra_exact_guard,4,1,16,0,16,1,0.001851851851851852
7,ccra_exact_guard,0,1,17,1,17,2,0.003703703703703704
7,ccra_exact_guard,1,1,16,0,16,2,0.003703703703703704
7,ccra_exact_guard,2,1,16,0,16,2,0.003703703703703704
7,ccra_exact_guard,3,1,16,0,16,2,0.003703703703703704
7,ccra_exact_guard,4,1,16,0,16,2,0.003703703703703704
8,ccra_exact_guard,0,1,17,1,17,3,0.005555555555555556
8,ccra_exact_guard,1,1,16,0,16,3,0.005555555555555556
8,ccra_exact_guard,2,1,16,0,16,3,0.005555555555555556
8,ccra_exact_guard,3,1,16,0,16,3,0.005555555555555556
8,ccra_exact_guard,4,1,16,0,16,3,0.005555555555555556
9,ccra_exact_guard,0,1,17,1,17,1,0.001851851851851852
9,ccra_exact_guard,1,1,16,0,16,1,0.001851851851851852
9,ccra_exact_guard,2,1,16,0,16,1,0.001851851851851852
9,ccra_exact_guard,3,1,16,0,16,1,0.001851851851851852
9,ccra_exact_guard,4,1,16,0,16,1,0.001851851851851852
10,ccra_exact_guard,0,1,17,1,17,2,0.003703703703703704
10,ccra_exact_guard,1,1,16,0,16,2,0.003703703703703704
10,ccra_exact_guard,2,1,16,0,16,2,0.003703703703703704
10,ccra_exact_guard,3,1,16,0,16,2,0.003703703703703704
10,ccra_exact_guard,4,1,16,0,16,2,0.003703703703703704
11,ccra_exact_guard,0,1,17,1,17,3,0.005555555555555556
11,ccra_exact_guard,1,1,16,0,16,3,0.005555555555555556
11,ccra_exact_guard,2,1,16,0,16,3,0.005555555555555556
11,ccra_exact_guard,3,1,16,0,16,3,0.005555555555555556
11,ccra_exact_guard,4,1,16,0,16,3,0.005555555555555556
12,ccra_exact_guard,0,1,17,1,17,1,0.001851851851851852
12,ccra_exact_guard,1,1,16,0,16,1,0.001851851851851852
12,ccra_exact_guard,2,1,16,0,16,1,0.001851851851851852
12,ccra_exact_guard,3,1,16,0,16,1,0.001851851851851852
12,ccra_exact_guard,4,1,16,0,16,1,0.001851851851851852
13,ccra_exact_guard,0,1,17,1,17,2,0.003703703703703704
13,ccra_exact_guard,1,1,16,0,16,2,0.003703703703703704
13,ccra_exact_guard,2,1,16,0,16,2,0.003703703703703704
13,ccra_exact_guard,3,1,16,0,16,2,0.003703703703703704
13,ccra_exact_guard,4,1,16,0,16,2,0.003703703703703704
14,ccra_exact_guard,0,1,17,1,17,3,0.005555555555555556
14,ccra_exact_guard,1,1,16,0,16,3,0.005555555555555556
14,ccra_exact_guard,2,1,16,0,16,3,0.005555555555555556
14,ccra_exact_guard,3,1,16,0,16,3,0.005555555555555556
14,ccra_exact_guard,4,1,16,0,16,3,0.005555555555555556
15,ccra_exact_guard,0,1,17,1,17,1,0.001851851851851852
15,ccra_exact_guard,1,1,16,0,16,1,0.001851851851851852
15,ccra_exact_guard,2,1,16,0,16,1,0.001851851851851852
15,ccra_exact_guard,3,1,16,0,16,1,0.001851851851851852
15,ccra_exact_guard,4,1,16,0,16,1,0.001851851851851852
16,ccra_exact_guard,0,1,17,1,17,2,0.003703703703703704
16,ccra_exact_guard,1,1,16,0,16,2,0.003703703703703704
16,ccra_exact_guard,2,1,16,0,16,2,0.003703703703703704
16,ccra_exact_guard,3,1,16,0,16,2,0.003703703703703704
16,ccra_exact_guard,4,1,16,0,16,2,0.003703703703703704
17,ccra_exact_guard,0,1,17,1,17,3,0.005555555555555556
17,ccra_exact_guard,1,1,16,0,16,3,0.005555555555555556
17,ccra_exact_guard,2,1,16,0,16,3,0.005555555555555556
17,ccra_exact_guard,3,1,16,0,16,3,0.005555555555555556
17,ccra_exact_guard,4,1,16,0,16,3,0.005555555555555556
18,ccra_exact_guard,0,1,17,1,17,1,0.001851851851851852
18,ccra_exact_guard,1,1,16,0,16,1,0.001851851851851852
18,ccra_exact_guard,2,1,16,0,16,1,0.001851851851851852
18,ccra_exact_guard,3,1,16,0,16,1,0.001851851851851852
18,ccra_exact_guard,4,1,16,0,16,1,0.001851851851851852
19,ccra_exact_guard,0,1,17,1,17,2,0.003703703703703704
19,ccra_exact_guard,1,1,16,0,16,2,0.003703703703703704
19,ccra_exact_guard,2,1,16,0,16,2,0.003703703703703704
19,ccra_exact_guard,3,1,16,0,16,2,0.003703703703703704
19,ccra_exact_guard,4,1,16,0,16,2,0.003703703703703704
20,ccra_exact_guard,0,1,17,1,17,3,0.005555555555555556
20,ccra_exact_guard,1,1,16,0,16,3,0.005555555555555556
20,ccra_exact_guard,2,1,16,0,16,3,0.005555555555555556
20,ccra_exact_guard,3,1,16,0,16,3,0.005555555555555556
20,ccra_exact_guard,4,1,16,0,16,3,0.005555555555555556
21,ccra_exact_guard,0,1,17,1,17,1,0.001851851851851852
21,ccra_exact_guard,1,1,16,0,16,1,0.001851851851851852
21,ccra_exact_guard,2,1,16,0,16,1,0.001851851851851852
21,ccra_exact_guard,3,1,16,0,16,1,0.001851851851851852
21,ccra_exact_guard,4,1,16,0,16,1,0.001851851851851852
22,ccra_exact_guard,0,1,17,1,17,2,0.003703703703703704
22,ccra_exact_guard,1,1,16,0,16,2,0.003703703703703704
22,ccra_exact_guard,2,1,16,0,16,2,0.003703703703703704
22,ccra_exact_guard,3,1,16,0,16,2,0.003703703703703704
22,ccra_exact_guard,4,1,16,0,16,2,0.003703703703703704
23,ccra_exact_guard,0,1,17,1,17,3,0.005555555555555556
23,ccra_exact_guard,1,1,16,0,16,3,0.005555555555555556
23,ccra_exact_guard,2,1,16,0,16,3,0.005555555555555556
23,ccra_exact_guard,3,1,16,0,16,3,0.005555555555555556
23,ccra_exact_guard,4,1,16,0,16,3,0.005555555555555556
24,ccra_exact_guard,0,1,17,1,17,1,0.001851851851851852
24,ccra_exact_guard,1,1,16,0,16,1,0.001851851851851852
24,ccra_exact_guard,2,1,16,0,16,1,0.001851851851851852
24,ccra_exact_guard,3,1,16,0,16,1,0.001851851851851852
24,ccra_exact_guard,4,1,16,0,16,1,0.001851851851851852
25,ccra_exact_guard,0,1,17,1,17,2,0.003703703703703704
25,ccra_exact_guard,1,1,16,0,16,2,0.003703703703703704
25,ccra_exact_guard,2,1,16,0,16,2,0.003703703703703704
25,ccra_exact_guard,3,1,16,0,16,2,0.003703703703703704
25,ccra_exact_guard,4,1,16,0,16,2,0.003703703703703704
26,ccra_exact_guard,0,1,17,1,17,3,0.005555555555555556
26,ccra_exact_guard,1,1,16,0,16,3,0.005555555555555556
26,ccra_exact_guard,2,1,16,0,16,3,0.005555555555555556
26,ccra_exact_guard,3,1,16,0,16,3,0.005555555555555556
26,ccra_exact_guard,4,1,16,0,16,3,0.005555555555555556
27,ccra_exact_guard,0,1,17,1,17,1,0.001851851851851852
27,ccra_exact_guard,1,1,16,0,16,1,0.001851851851851852
27,ccra_exact_guard,2,1,16,0,16,1,0.001851851851851852
27,ccra_exact_guard,3,1,16,0,16,1,0.001851851851851852
27,ccra_exact_guard,4,1,16,0,16,1,0.001851851851851852
28,ccra_exact_guard,0,1,17,1,17,2,0.003703703703703704
28,ccra_exact_guard,1,1,16,0,16,2,0.003703703703703704
28,ccra_exact_guard,2,1,16,0,16,2,0.003703703703703704
28,ccra_exact_guard,3,1,16,0,16,2,0.003703703703703704
28,ccra_exact_guard,4,1,16,0,16,2,0.003703703703703704
29,ccra_exact_guard,0,1,17,1,17,3,0.005555555555555556
29,ccra_exact_guard,1,1,16,0,16,3,0.005555555555555556
29,ccra_exact_guard,2,1,16,0,16,3,0.005555555555555556
29,ccra_exact_guard,3,1,16,0,16,3,0.005555555555555556
29,ccra_exact_guard,4,1,16,0,16,3,0.005555555555555556
30,ccra_exact_guard,0,1,17,1,17,1,0.001851851851851852
30,ccra_exact_guard,1,1,16,0,16,1,0.001851851851851852
30,ccra_exact_guard,2,1,16,0,16,1,0.001851851851851852
30,ccra_exact_guard,3,1,16,0,16,1,0.001851851851851852
30,ccra_exact_guard,4,1,16,0,16,1,0.001851851851851852
31,ccra_exact_guard,0,1,17,1,17,2,0.003703703703703704
31,ccra_exact_guard,1,1,16,0,16,2,0.003703703703703704
31,ccra_exact_guard,2,1,16,0,16,2,0.003703703703703704
31,ccra_exact_guard,3,1,16,0,16,2,0.003703703703703704
31,ccra_exact_guard,4,1,16,0,16,2,0.003703703703703704
32,ccra_exact_guard,0,1,17,1,17,3,0.005555555555555556
32,ccra_exact_guard,1,1,16,0,16,3,0.005555555555555556
32,ccra_exact_guard,2,1,16,0,16,3,0.005555555555555556
32,ccra_exact_guard,3,1,16,0,16,3,0.005555555555555556
32,ccra_exact_guard,4,1,16,0,16,3,0.005555555555555556
33,ccra_exact_guard,0,1,17,1,17,1,0.001851851851851852
33,ccra_exact_guard,1,1,16,0,16,1,0.001851851851851852
33,ccra_exact_guard,2,1,16,0,16,1,0.001851851851851852
33,ccra_exact_guard,3,1,16,0,16,1,0.001851851851851852
33,ccra_exact_guard,4,1,16,0,16,1,0.001851851851851852
34,ccra_exact_guard,0,1,17,1,17,2,0.003703703703703704
34,ccra_exact_guard,1,1,16,0,16,2,0.003703703703703704
34,ccra_exact_guard,2,1,16,0,16,2,0.003703703703703704
34,ccra_exact_guard,3,1,16,0,16,2,0.003703703703703704
34,ccra_exact_guard,4,1,16,0,16,2,0.003703703703703704
35,ccra_exact_guard,0,1,17,1,17,3,0.005555555555555556
35,ccra_exact_guard,1,1,16,0,16,3,0.005555555555555556
35,ccra_exact_guard,2,1,16,0,16,3,0.005555555555555556
35,ccra_exact_guard,3,1,16,0,16,3,0.005555555555555556
35,ccra_exact_guard,4,1,16,0,16,3,0.005555555555555556
36,ccra_exact_guard,0,1,17,1,17,1,0.001851851851851852
36,ccra_exact_guard,1,1,16,0,16,1,0.001851851851851852
36,ccra_exact_guard,2,1,16,0,16,1,0.001851851851851852
36,ccra_exact_guard,3,1,16,0,16,1,0.001851851851851852
36,ccra_exact_guard,4,1,16,0,16,1,0.001851851851851852
37,ccra_exact_guard,0,1,17,1,17,2,0.003703703703703704
37,ccra_exact_guard,1,1,16,0,16,2,0.003703703703703704
37,ccra_exact_guard,2,1,16,0,16,2,0.003703703703703704
37,ccra_exact_guard,3,1,16,0,16,2,0.003703703703703704
37,ccra_exact_guard,4,1,16,0,16,2,0.003703703703703704
38,ccra_exact_guard,0,1,17,1,17,3,0.005555555555555556
38,ccra_exact_guard,1,1,16,0,16,3,0.005555555555555556
38,ccra_exact_guard,2,1,16,0,16,3,0.005555555555555556
38,ccra_exact_guard,3,1,16,0,16,3,0.005555555555555556
38,ccra_exact_guard,4,1,16,0,16,3,0.005555555555555556
39,ccra_exact_guard,0,1,17,1,17,1,0.001851851851851852
39,ccra_exact_guard,1,1,16,0,16,1,0.001851851851851852
39,ccra_exact_guard,2,1,16,0,16,1,0.001851851851851852
39,ccra_exact_guard,3,1,16,0,16,1,0.001851851851851852
39,ccra_exact_guard,4,1,16,0,16,1,0.001851851851851852
40,ccra_exact_guard,0,1,17,1,17,2,0.003703703703703704
40,ccra_exact_guard,1,1,16,0,16,2,0.003703703703703704
40,ccra_exact_guard,2,1,16,0,16,2,0.003703703703703704
40,ccra_exact_guard,3,1,16,0,16,2,0.003703703703703704
40,ccra_exact_guard,4,1,16,0,16,2,0.003703703703703704
41,ccra_exact_guard,0,1,17,1,17,3,0.005555555555555556
41,ccra_exact_guard,1,1,16,0,16,3,0.005555555555555556
41,ccra_exact_guard,2,1,16,0,16,3,0.005555555555555556
41,ccra_exact_guard,3,1,16,0,16,3,0.005555555555555556
41,ccra_exact_guard,4,1,16,0,16,3,0.005555555555555556
42,ccra_exact_guard,0,1,17,1,17,1,0.001851851851851852
42,ccra_exact_guard,1,1,16,0,16,1,0.001851851851851852
42,ccra_exact_guard,2,1,16,0,16,1,0.001851851851851852
42,ccra_exact_guard,3,1,16,0,16,1,0.001851851851851852
42,ccra_exact_guard,4,1,16,0,16,1,0.001851851851851852
43,ccra_exact_guard,0,1,17,1,17,2,0.003703703703703704
43,ccra_exact_guard,1,1,16,0,16,2,0.003703703703703704
43,ccra_exact_guard,2,1,16,0,16,2,0.003703703703703704
43,ccra_exact_guard,3,1,16,0,16,2,0.003703703703703704
43,ccra_exact_guard,4,1,16,0,16,2,0.003703703703703704
44,ccra_exact_guard,0,1,17,1,17,3,0.005555555555555556
44,ccra_exact_guard,1,1,16,0,16,3,0.005555555555555556
44,ccra_exact_guard,2,1,16,0,16,3,0.005555555555555556
44,ccra_exact_guard,3,1,16,0,16,3,0.005555555555555556
44,ccra_exact_guard,4,1,16,0,16,3,0.005555555555555556
45,ccra_exact_guard,0,1,17,1,17,1,0.001851851851851852
45,ccra_exact_guard,1,1,16,0,16,1,0.001851851851851852
45,ccra_exact_guard,2,1,16,0,16,1,0.001851851851851852
45,ccra_exact_guard,3,1,16,0,16,1,0.001851851851851852
45,ccra_exact_guard,4,1,16,0,16,1,0.001851851851851852
46,ccra_exact_guard,0,1,17,1,17,2,0.003703703703703704
46,ccra_exact_guard,1,1,16,0,16,2,0.003703703703703704
46,ccra_exact_guard,2,1,16,0,16,2,0.003703703703703704
46,ccra_exact_guard,3,1,16,0,16,2,0.003703703703703704
46,ccra_exact_guard,4,1,16,0,16,2,0.003703703703703704
47,ccra_exact_guard,0,1,17,1,17,3,0.005555555555555556
47,ccra_exact_guard,1,1,16,0,16,3,0.005555555555555556
47,ccra_exact_guard,2,1,16,0,16,3,0.005555555555555556
47,ccra_exact_guard,3,1,16,0,16,3,0.005555555555555556
47,ccra_exact_guard,4,1,16,0,16,3,0.005555555555555556
48,ccra_exact_guard,0,1,17,1,17,1,0.001851851851851852
48,ccra_exact_guard,1,1,16,0,16,1,0.001851851851851852
48,ccra_exact_guard,2,1,16,0,16,1,0.001851851851851852
48,ccra_exact_guard,3,1,16,0,16,1,0.001851851851851852
48,ccra_exact_guard,4,1,16,0,16,1,0.001851851851851852
49,ccra_exact_guard,0,1,17,1,17,2,0.003703703703703704
49,ccra_exact_guard,1,1,16,0,16,2,0.003703703703703704
49,ccra_exact_guard,2,1,16,0,16,2,0.003703703703703704
49,ccra_exact_guard,3,1,16,0,16,2,0.003703703703703704
49,ccra_exact_guard,4,1,16,0,16,2,0.003703703703703704
50,ccra_exact_guard,0,1,17,1,17,3,0.005555555555555556
50,ccra_exact_guard,1,1,16,0,16,3,0.005555555555555556
50,ccra_exact_guard,2,1,16,0,16,3,0.005555555555555556
50,ccra_exact_guard,3,1,16,0,16,3,0.005555555555555556
50,ccra_exact_guard,4,1,16,0,16,3,0.005555555555555556
51,ccra_exact_guard,0,1,17,1,17,1,0.001851851851851852
51,ccra_exact_guard,1,1,16,0,16,1,0.001851851851851852
51,ccra_exact_guard,2,1,16,0,16,1,0.001851851851851852
51,ccra_exact_guard,3,1,16,0,16,1,0.001851851851851852
51,ccra_exact_guard,4,1,16,0,16,1,0.001851851851851852
52,ccra_exact_guard,0,1,17,1,17,2,0.003703703703703704
52,ccra_exact_guard,1,1,16,0,16,2,0.003703703703703704
52,ccra_exact_guard,2,1,16,0,16,2,0.003703703703703704
52,ccra_exact_guard,3,1,16,0,16,2,0.003703703703703704
52,ccra_exact_guard,4,1,16,0,16,2,0.003703703703703704
53,ccra_exact_guard,0,1,17,1,17,3,0.005555555555555556
53,ccra_exact_guard,1,1,16,0,16,3,0.005555555555555556
53,ccra_exact_guard,2,1,16,0,16,3,0.005555555555555556
53,ccra_exact_guard,3,1,16,0,16,3,0.005555555555555556
53,ccra_exact_guard,4,1,16,0,16,3,0.005555555555555556
54,ccra_exact_guard,0,1,17,1,17,1,0.001851851851851852
54,ccra_exact_guard,1,1,16,0,16,1,0.001851851851851852
54,ccra_exact_guard,2,1,16,0,16,1,0.001851851851851852
54,ccra_exact_guard,3,1,16,0,16,1,0.001851851851851852
54,ccra_exact_guard,4,1,16,0,16,1,0.001851851851851852
55,ccra_exact_guard,0,1,17,1,17,2,0.003703703703703704
55,ccra_exact_guard,1,1,16,0,16,2,0.003703703703703704
55,ccra_exact_guard,2,1,16,0,16,2,0.003703703703703704
55,ccra_exact_guard,3,1,16,0,16,2,0.003703703703703704
55,ccra_exact_guard,4,1,16,0,16,2,0.003703703703703704
56,ccra_exact_guard,0,1,17,1,17,3,0.005555555555555556
56,ccra_exact_guard,1,1,16,0,16,3,0.005555555555555556
56,ccra_exact_guard,2,1,16,0,16,3,0.005555555555555556
56,ccra_exact_guard,3,1,16,0,16,3,0.005555555555555556
56,ccra_exact_guard,4,1,16,0,16,3,0.005555555555555556
57,ccra_exact_guard,0,1,17,1,17,1,0.001851851851851852
57,ccra_exact_guard,1,1,16,0,16,1,0.001851851851851852
57,ccra_exact_guard,2,1,16,0,16,1,0.001851851851851852
57,ccra_exact_guard,3,1,16,0,16,1,0.001851851851851852
57,ccra_exact_guard,4,1,16,0,16,1,0.001851851851851852
58,ccra_exact_guard,0,1,17,1,17,2,0.003703703703703704
58,ccra_exact_guard,1,1,16,0,16,2,0.003703703703703704
58,ccra_exact_guard,2,1,16,0,16,2,0.003703703703703704
58,ccra_exact_guard,3,1,16,0,16,2,0.003703703703703704
58,ccra_exact_guard,4,1,16,0,16,2,0.003703703703703704
59,ccra_exact_guard,0,1,17,1,17,3,0.005555555555555556
59,ccra_exact_guard,1,1,16,0,16,3,0.005555555555555556
59,ccra_exact_guard,2,1,16,0,16,3,0.005555555555555556
59,ccra_exact_guard,3,1,16,0,16,3,0.005555555555555556
59,ccra_exact_guard,4,1,16,0,16,3,0.005555555555555556
60,ccra_exact_guard,0,1,17,1,17,1,0.001851851851851852
60,ccra_exact_guard,1,1,16,0,16,1,0.001851851851851852
60,ccra_exact_guard,2,1,16,0,16,1,0.001851851851851852
60,ccra_exact_guard,3,1,16,0,16,1,0.001851851851851852
60,ccra_exact_guard,4,1,16,0,16,1,0.001851851851851852
61,ccra_exact_guard,0,1,17,1,17,2,0.003703703703703704
61,ccra_exact_guard,1,1,16,0,16,2,0.003703703703703704
61,ccra_exact_guard,2,1,16,0,16,2,0.003703703703703704
61,ccra_exact_guard,3,1,16,0,16,2,0.003703703703703704
61,ccra_exact_guard,4,1,16,0,16,2,0.003703703703703704
62,ccra_exact_guard,0,1,17,1,17,3,0.005555555555555556
62,ccra_exact_guard,1,1,16,0,16,3,0.005555555555555556
62,ccra_exact_guard,2,1,16,0,16,3,0.005555555555555556
62,ccra_exact_guard,3,1,16,0,16,3,0.005555555555555556
62,ccra_exact_guard,4,1,16,0,16,3,0.005555555555555556
63,ccra_exact_guard,0,1,17,1,17,1,0.001851851851851852
63,ccra_exact_guard,1,1,16,0,16,1,0.001851851851851852
63,ccra_exact_guard,2,1,16,0,16,1,0.001851851851851852
63,ccra_exact_guard,3,1,16,0,16,1,0.001851851851851852
63,ccra_exact_guard,4,1,16,0,16,1,0.001851851851851852
64,ccra_exact_guard,0,1,17,1,17,2,0.003703703703703704
64,ccra_exact_guard,1,1,16,0,16,2,0.003703703703703704
64,ccra_exact_guard,2,1,16,0,16,2,0.003703703703703704
64,ccra_exact_guard,3,1,16,0,16,2,0.003703703703703704
64,ccra_exact_guard,4,1,16,0,16,2,0.003703703703703704
65,ccra_exact_guard,0,1,17,1,17,3,0.005555555555555556
65,ccra_exact_guard,1,1,16,0,16,3,0.005555555555555556
65,ccra_exact_guard,2,1,16,0,16,3,0.005555555555555556
65,ccra_exact_guard,3,1,16,0,16,3,0.005555555555555556
65,ccra_exact_guard,4,1,16,0,16,3,0.005555555555555556
66,ccra_exact_guard,0,1,17,1,17,1,0.001851851851851852
66,ccra_exact_guard,1,1,16,0,16,1,0.001851851851851852
66,ccra_exact_guard,2,1,16,0,16,1,0.001851851851851852
66,ccra_exact_guard,3,1,16,0,16,1,0.001851851851851852
66,ccra_exact_guard,4,1,16,0,16,1,0.001851851851851852
67,ccra_exact_guard,0,1,17,1,17,2,0.003703703703703704
67,ccra_exact_guard,1,1,16,0,16,2,0.003703703703703704
67,ccra_exact_guard,2,1,16,0,16,2,0.003703703703703704
67,ccra_exact_guard,3,1,16,0,16,2,0.003703703703703704
67,ccra_exact_guard,4,1,16,0,16,2,0.003703703703703704
68,ccra_exact_guard,0,1,17,1,17,3,0.005555555555555556
68,ccra_exact_guard,1,1,16,0,16,3,0.005555555555555556
68,ccra_exact_guard,2,1,16,0,16,3,0.005555555555555556
68,ccra_exact_guard,3,1,16,0,16,3,0.005555555555555556
68,ccra_exact_guard,4,1,16,0,16,3,0.005555555555555556
69,ccra_exact_guard,0,1,17,1,17,1,0.001851851851851852
69,ccra_exact_guard,1,1,16,0,16,1,0.001851851851851852
69,ccra_exact_guard,2,1,16,0,16,1,0.001851851851851852
69,ccra_exact_guard,3,1,16,0,16,1,0.001851851851851852
69,ccra_exact_guard,4,1,16,0,16,1,0.001851851851851852
70,ccra_exact_guard,0,1,17,1,17,2,0.003703703703703704
70,ccra_exact_guard,1,1,16,0,16,2,0.003703703703703704
70,ccra_exact_guard,2,1,16,0,16,2,0.003703703703703704
70,ccra_exact_guard,3,1,16,0,16,2,0.003703703703703704
70,ccra_exact_guard,4,1,16,0,16,2,0.003703703703703704
71,ccra_exact_guard,0,1,17,1,17,3,0.005555555555555556
71,ccra_exact_guard,1,1,16,0,16,3,0.005555555555555556
71,ccra_exact_guard,2,1,16,0,16,3,0.005555555555555556
71,ccra_exact_guard,3,1,16,0,16,3,0.005555555555555556
71,ccra_exact_guard,4,1,16,0,16,3,0.005555555555555556
72,ccra_exact_guard,0,1,17,1,17,1,0.001851851851851852
72,ccra_exact_guard,1,1,16,0,16,1,0.001851851851851852
72,ccra_exact_guard,2,1,16,0,16,1,0.001851851851851852
72,ccra_exact_guard,3,1,16,0,16,1,0.001851851851851852
72,ccra_exact_guard,4,1,16,0,16,1,0.001851851851851852
73,ccra_exact_guard,0,1,17,1,17,2,0.003703703703703704
73,ccra_exact_guard,1,1,16,0,16,2,0.003703703703703704
73,ccra_exact_guard,2,1,16,0,16,2,0.003703703703703704
73,ccra_exact_guard,3,1,16,0,16,2,0.003703703703703704
73,ccra_exact_guard,4,1,16,0,16,2,0.003703703703703704
74,ccra_exact_guard,0,1,17,1,17,3,0.005555555555555556
74,ccra_exact_guard,1,1,16,0,16,3,0.005555555555555556
74,ccra_exact_guard,2,1,16,0,16,3,0.005555555555555556
74,ccra_exact_guard,3,1,16,0,16,3,0.005555555555555556
74,ccra_exact_guard,4,1,16,0,16,3,0.005555555555555556
75,ccra_exact_guard,0,1,17,1,17,1,0.001851851851851852
75,ccra_exact_guard,1,1,16,0,16,1,0.001851851851851852
75,ccra_exact_guard,2,1,16,0,16,1,0.001851851851851852
75,ccra_exact_guard,3,1,16,0,16,1,0.001851851851851852
75,ccra_exact_guard,4,1,16,0,16,1,0.001851851851851852
76,ccra_exact_guard,0,1,17,1,17,2,0.003703703703703704
76,ccra_exact_guard,1,1,16,0,16,2,0.003703703703703704
76,ccra_exact_guard,2,1,16,0,16,2,0.003703703703703704
76,ccra_exact_guard,3,1,16,0,16,2,0.003703703703703704
76,ccra_exact_guard,4,1,16,0,16,2,0.003703703703703704
77,ccra_exact_guard,0,1,17,1,17,3,0.005555555555555556
77,ccra_exact_guard,1,1,16,0,16,3,0.005555555555555556
77,ccra_exact_guard,2,1,16,0,16,3,0.005555555555555556
77,ccra_exact_guard,3,1,16,0,16,3,0.005555555555555556
77,ccra_exact_guard,4,1,16,0,16,3,0.005555555555555556
78,ccra_exact_guard,0,1,17,1,17,1,0.001851851851851852
78,ccra_exact_guard,1,1,16,0,16,1,0.001851851851851852
78,ccra_exact_guard,2,1,16,0,16,1,0.001851851851851852
78,ccra_exact_guard,3,1,16,0,16,1,0.001851851851851852
78,ccra_exact_guard,4,1,16,0,16,1,0.001851851851851852
79,ccra_exact_guard,0,1,17,1,17,2,0.003703703703703704
79,ccra_exact_guard,1,1,16,0,16,2,0.003703703703703704
79,ccra_exact_guard,2,1,16,0,16,2,0.003703703703703704
79,ccra_exact_guard,3,1,16,0,16,2,0.003703703703703704
79,ccra_exact_guard,4,1,16,0,16,2,0.003703703703703704
0,ccra_row_guard,0,1,17,1,17,1,0.001851851851851852
0,ccra_row_guard,1,1,16,0,16,1,0.001851851851851852
0,ccra_row_guard,2,1,16,0,16,1,0.001851851851851852
0,ccra_row_guard,3,1,16,0,16,1,0.001851851851851852
0,ccra_row_guard,4,1,16,0,16,1,0.001851851851851852
1,ccra_row_guard,0,1,17,1,17,2,0.003703703703703704
1,ccra_row_guard,1,1,16,0,16,2,0.003703703703703704
1,ccra_row_guard,2,1,16,0,16,2,0.003703703703703704
1,ccra_row_guard,3,1,16,0,16,2,0.003703703703703704
1,ccra_row_guard,4,1,16,0,16,2,0.003703703703703704
2,ccra_row_guard,0,1,17,1,17,3,0.005555555555555556
2,ccra_row_guard,1,1,16,0,16,3,0.005555555555555556
2,ccra_row_guard,2,1,16,0,16,3,0.005555555555555556
2,ccra_row_guard,3,1,16,0,16,3,0.005555555555555556
2,ccra_row_guard,4,1,16,0,16,3,0.005555555555555556
3,ccra_row_guard,0,1,17,1,17,1,0.001851851851851852
3,ccra_row_guard,1,1,16,0,16,1,0.001851851851851852
3,ccra_row_guard,2,1,16,0,16,1,0.001851851851851852
3,ccra_row_guard,3,1,16,0,16,1,0.001851851851851852
3,ccra_row_guard,4,1,16,0,16,1,0.001851851851851852
4,ccra_row_guard,0,1,17,1,17,2,0.003703703703703704
4,ccra_row_guard,1,1,16,0,16,2,0.003703703703703704
4,ccra_row_guard,2,1,16,0,16,2,0.003703703703703704
4,ccra_row_guard,3,1,16,0,16,2,0.003703703703703704
4,ccra_row_guard,4,1,16,0,16,2,0.003703703703703704
5,ccra_row_guard,0,1,17,1,17,3,0.005555555555555556
5,ccra_row_guard,1,1,16,0,16,3,0.005555555555555556
5,ccra_row_guard,2,1,16,0,16,3,0.005555555555555556
5,ccra_row_guard,3,1,16,0,16,3,0.005555555555555556
5,ccra_row_guard,4,1,16,0,16,3,0.005555555555555556
6,ccra_row_guard,0,1,17,1,17,1,0.001851851851851852
6,ccra_row_guard,1,1,16,0,16,1,0.001851851851851852
6,ccra_row_guard,2,1,16,0,16,1,0.001851851851851852
6,ccra_row_guard,3,1,16,0,16,1,0.001851851851851852
6,ccra_row_guard,4,1,16,0,16,1,0.001851851851851852
7,ccra_row_guard,0,1,17,1,17,2,0.003703703703703704
7,ccra_row_guard,1,1,16,0,16,2,0.003703703703703704
7,ccra_row_guard,2,1,16,0,16,2,0.003703703703703704
7,ccra_row_guard,3,1,16,0,16,2,0.003703703703703704
7,ccra_row_guard,4,1,16,0,16,2,0.003703703703703704
8,ccra_row_guard,0,1,17,1,17,3,0.005555555555555556
8,ccra_row_guard,1,1,16,0,16,3,0.005555555555555556
8,ccra_row_guard,2,1,16,0,16,3,0.005555555555555556
8,ccra_row_guard,3,1,16,0,16,3,0.005555555555555556
8,ccra_row_guard,4,1,16,0,16,3,0.005555555555555556
9,ccra_row_guard,0,1,17,1,17,1,0.001851851851851852
9,ccra_row_guard,1,1,16,0,16,1,0.001851851851851852
9,ccra_row_guard,2,1,16,0,16,1,0.001851851851851852
9,ccra_row_guard,3,1,16,0,16,1,0.001851851851851852
9,ccra_row_guard,4,1,16,0,16,1,0.001851851851851852
10,ccra_row_guard,0,1,17,1,17,2,0.003703703703703704
10,ccra_row_guard,1,1,16,0,16,2,0.003703703703703704
10,ccra_row_guard,2,1,16,0,16,2,0.003703703703703704
10,ccra_row_guard,3,1,16,0,16,2,0.003703703703703704
10,ccra_row_guard,4,1,16,0,16,2,0.003703703703703704
11,ccra_row_guard,0,1,17,1,17,3,0.005555555555555556
11,ccra_row_guard,1,1,16,0,16,3,0.005555555555555556
11,ccra_row_guard,2,1,16,0,16,3,0.005555555555555556
11,ccra_row_guard,3,1,16,0,16,3,0.005555555555555556
11,ccra_row_guard,4,1,16,0,16,3,0.005555555555555556
12,ccra_row_guard,0,1,17,1,17,1,0.001851851851851852
12,ccra_row_guard,1,1,16,0,16,1,0.001851851851851852
12,ccra_row_guard,2,1,16,0,16,1,0.001851851851851852
12,ccra_row_guard,3,1,16,0,16,1,0.001851851851851852
12,ccra_row_guard,4,1,16,0,16,1,0.001851851851851852
13,ccra_row_guard,0,1,17,1,17,2,0.003703703703703704
13,ccra_row_guard,1,1,16,0,16,2,0.003703703703703704
13,ccra_row_guard,2,1,16,0,16,2,0.003703703703703704
13,ccra_row_guard,3,1,16,0,16,2,0.003703703703703704
13,ccra_row_guard,4,1,16,0,16,2,0.003703703703703704
14,ccra_row_guard,0,1,17,1,17,3,0.005555555555555556
14,ccra_row_guard,1,1,16,0,16,3,0.005555555555555556
14,ccra_row_guard,2,1,16,0,16,3,0.005555555555555556
14,ccra_row_guard,3,1,16,0,16,3,0.005555555555555556
14,ccra_row_guard,4,1,16,0,16,3,0.005555555555555556
15,ccra_row_guard,0,1,17,1,17,1,0.001851851851851852
15,ccra_row_guard,1,1,16,0,16,1,0.001851851851851852
15,ccra_row_guard,2,1,16,0,16,1,0.001851851851851852
15,ccra_row_guard,3,1,16,0,16,1,0.001851851851851852
15,ccra_row_guard,4,1,16,0,16,1,0.001851851851851852
16,ccra_row_guard,0,1,17,1,17,2,0.003703703703703704
16,ccra_row_guard,1,1,16,0,16,2,0.003703703703703704
16,ccra_row_guard,2,1,16,0,16,2,0.003703703703703704
16,ccra_row_guard,3,1,16,0,16,2,0.003703703703703704
16,ccra_row_guard,4,1,16,0,16,2,0.003703703703703704
17,ccra_row_guard,0,1,17,1,17,3,0.005555555555555556
17,ccra_row_guard,1,1,16,0,16,3,0.005555555555555556
17,ccra_row_guard,2,1,16,0,16,3,0.005555555555555556
17,ccra_row_guard,3,1,16,0,16,3,0.005555555555555556
17,ccra_row_guard,4,1,16,0,16,3,0.005555555555555556
18,ccra_row_guard,0,1,17,1,17,1,0.001851851851851852
18,ccra_row_guard,1,1,16,0,16,1,0.001851851851851852
18,ccra_row_guard,2,1,16,0,16,1,0.001851851851851852
18,ccra_row_guard,3,1,16,0,16,1,0.001851851851851852
18,ccra_row_guard,4,1,16,0,16,1,0.001851851851851852
19,ccra_row_guard,0,1,17,1,17,2,0.003703703703703704
19,ccra_row_guard,1,1,16,0,16,2,0.003703703703703704
19,ccra_row_guard,2,1,16,0,16,2,0.003703703703703704
19,ccra_row_guard,3,1,16,0,16,2,0.003703703703703704
19,ccra_row_guard,4,1,16,0,16,2,0.003703703703703704
20,ccra_row_guard,0,1,17,1,17,3,0.005555555555555556
20,ccra_row_guard,1,1,16,0,16,3,0.005555555555555556
20,ccra_row_guard,2,1,16,0,16,3,0.005555555555555556
20,ccra_row_guard,3,1,16,0,16,3,0.005555555555555556
20,ccra_row_guard,4,1,16,0,16,3,0.005555555555555556
21,ccra_row_guard,0,1,17,1,17,1,0.001851851851851852
21,ccra_row_guard,1,1,16,0,16,1,0.001851851851851852
21,ccra_row_guard,2,1,16,0,16,1,0.001851851851851852
21,ccra_row_guard,3,1,16,0,16,1,0.001851851851851852
21,ccra_row_guard,4,1,16,0,16,1,0.001851851851851852
22,ccra_row_guard,0,1,17,1,17,2,0.003703703703703704
22,ccra_row_guard,1,1,16,0,16,2,0.003703703703703704
22,ccra_row_guard,2,1,16,0,16,2,0.003703703703703704
22,ccra_row_guard,3,1,16,0,16,2,0.003703703703703704
22,ccra_row_guard,4,1,16,0,16,2,0.003703703703703704
23,ccra_row_guard,0,1,17,1,17,3,0.005555555555555556
23,ccra_row_guard,1,1,16,0,16,3,0.005555555555555556
23,ccra_row_guard,2,1,16,0,16,3,0.005555555555555556
23,ccra_row_guard,3,1,16,0,16,3,0.005555555555555556
23,ccra_row_guard,4,1,16,0,16,3,0.005555555555555556
24,ccra_row_guard,0,1,17,1,17,1,0.001851851851851852
24,ccra_row_guard,1,1,16,0,16,1,0.001851851851851852
24,ccra_row_guard,2,1,16,0,16,1,0.001851851851851852
24,ccra_row_guard,3,1,16,0,16,1,0.001851851851851852
24,ccra_row_guard,4,1,16,0,16,1,0.001851851851851852
25,ccra_row_guard,0,1,17,1,17,2,0.003703703703703704
25,ccra_row_guard,1,1,16,0,16,2,0.003703703703703704
25,ccra_row_guard,2,1,16,0,16,2,0.003703703703703704
25,ccra_row_guard,3,1,16,0,16,2,0.003703703703703704
25,ccra_row_guard,4,1,16,0,16,2,0.003703703703703704
26,ccra_row_guard,0,1,17,1,17,3,0.005555555555555556
26,ccra_row_guard,1,1,16,0,16,3,0.005555555555555556
26,ccra_row_guard,2,1,16,0,16,3,0.005555555555555556
26,ccra_row_guard,3,1,16,0,16,3,0.005555555555555556
26,ccra_row_guard,4,1,16,0,16,3,0.005555555555555556
27,ccra_row_guard,0,1,17,1,17,1,0.001851851851851852
27,ccra_row_guard,1,1,16,0,16,1,0.001851851851851852
27,ccra_row_guard,2,1,16,0,16,1,0.001851851851851852
27,ccra_row_guard,3,1,16,0,16,1,0.001851851851851852
27,ccra_row_guard,4,1,16,0,16,1,0.001851851851851852
28,ccra_row_guard,0,1,17,1,17,2,0.003703703703703704
28,ccra_row_guard,1,1,16,0,16,2,0.003703703703703704
28,ccra_row_guard,2,1,16,0,16,2,0.003703703703703704
28,ccra_row_guard,3,1,16,0,16,2,0.003703703703703704
28,ccra_row_guard,4,1,16,0,16,2,0.003703703703703704
29,ccra_row_guard,0,1,17,1,17,3,0.005555555555555556
29,ccra_row_guard,1,1,16,0,16,3,0.005555555555555556
29,ccra_row_guard,2,1,16,0,16,3,0.005555555555555556
29,ccra_row_guard,3,1,16,0,16,3,0.005555555555555556
29,ccra_row_guard,4,1,16,0,16,3,0.005555555555555556
30,ccra_row_guard,0,1,17,1,17,1,0.001851851851851852
30,ccra_row_guard,1,1,16,0,16,1,0.001851851851851852
30,ccra_row_guard,2,1,16,0,16,1,0.001851851851851852
30,ccra_row_guard,3,1,16,0,16,1,0.001851851851851852
30,ccra_row_guard,4,1,16,0,16,1,0.001851851851851852
31,ccra_row_guard,0,1,17,1,17,2,0.003703703703703704
31,ccra_row_guard,1,1,16,0,16,2,0.003703703703703704
31,ccra_row_guard,2,1,16,0,16,2,0.003703703703703704
31,ccra_row_guard,3,1,16,0,16,2,0.003703703703703704
31,ccra_row_guard,4,1,16,0,16,2,0.003703703703703704
32,ccra_row_guard,0,1,17,1,17,3,0.005555555555555556
32,ccra_row_guard,1,1,16,0,16,3,0.005555555555555556
32,ccra_row_guard,2,1,16,0,16,3,0.005555555555555556
32,ccra_row_guard,3,1,16,0,16,3,0.005555555555555556
32,ccra_row_guard,4,1,16,0,16,3,0.005555555555555556
33,ccra_row_guard,0,1,17,1,17,1,0.001851851851851852
33,ccra_row_guard,1,1,16,0,16,1,0.001851851851851852
33,ccra_row_guard,2,1,16,0,16,1,0.001851851851851852
33,ccra_row_guard,3,1,16,0,16,1,0.001851851851851852
33,ccra_row_guard,4,1,16,0,16,1,0.001851851851851852
34,ccra_row_guard,0,1,17,1,17,2,0.003703703703703704
34,ccra_row_guard,1,1,16,0,16,2,0.003703703703703704
34,ccra_row_guard,2,1,16,0,16,2,0.003703703703703704
34,ccra_row_guard,3,1,16,0,16,2,0.003703703703703704
34,ccra_row_guard,4,1,16,0,16,2,0.003703703703703704
35,ccra_row_guard,0,1,17,1,17,3,0.005555555555555556
35,ccra_row_guard,1,1,16,0,16,3,0.005555555555555556
35,ccra_row_guard,2,1,16,0,16,3,0.005555555555555556
35,ccra_row_guard,3,1,16,0,16,3,0.005555555555555556
35,ccra_row_guard,4,1,16,0,16,3,0.005555555555555556
36,ccra_row_guard,0,1,17,1,17,1,0.001851851851851852
36,ccra_row_guard,1,1,16,0,16,1,0.001851851851851852
36,ccra_row_guard,2,1,16,0,16,1,0.001851851851851852
36,ccra_row_guard,3,1,16,0,16,1,0.001851851851851852
36,ccra_row_guard,4,1,16,0,16,1,0.001851851851851852
37,ccra_row_guard,0,1,17,1,17,2,0.003703703703703704
37,ccra_row_guard,1,1,16,0,16,2,0.003703703703703704
37,ccra_row_guard,2,1,16,0,16,2,0.003703703703703704
37,ccra_row_guard,3,1,16,0,16,2,0.003703703703703704
37,ccra_row_guard,4,1,16,0,16,2,0.003703703703703704
38,ccra_row_guard,0,1,17,1,17,3,0.005555555555555556
38,ccra_row_guard,1,1,16,0,16,3,0.005555555555555556
38,ccra_row_guard,2,1,16,0,16,3,0.005555555555555556
38,ccra_row_guard,3,1,16,0,16,3,0.005555555555555556
38,ccra_row_guard,4,1,16,0,16,3,0.005555555555555556
39,ccra_row_guard,0,1,17,1,17,1,0.001851851851851852
39,ccra_row_guard,1,1,16,0,16,1,0.001851851851851852
39,ccra_row_guard,2,1,16,0,16,1,0.001851851851851852
39,ccra_row_guard,3,1,16,0,16,1,0.001851851851851852
39,ccra_row_guard,4,1,16,0,16,1,0.001851851851851852
40,ccra_row_guard,0,1,17,1,17,2,0.003703703703703704
40,ccra_row_guard,1,1,16,0,16,2,0.003703703703703704
40,ccra_row_guard,2,1,16,0,16,2,0.003703703703703704
40,ccra_row_guard,3,1,16,0,16,2,0.003703703703703704
40,ccra_row_guard,4,1,16,0,16,2,0.003703703703703704
41,ccra_row_guard,0,1,17,1,17,3,0.005555555555555556
41,ccra_row_guard,1,1,16,0,16,3,0.005555555555555556
41,ccra_row_guard,2,1,16,0,16,3,0.005555555555555556
41,ccra_row_guard,3,1,16,0,16,3,0.005555555555555556
41,ccra_row_guard,4,1,16,0,16,3,0.005555555555555556
42,ccra_row_guard,0,1,17,1,17,1,0.001851851851851852
42,ccra_row_guard,1,1,16,0,16,1,0.001851851851851852
42,ccra_row_guard,2,1,16,0,16,1,0.001851851851851852
42,ccra_row_guard,3,1,16,0,16,1,0.001851851851851852
42,ccra_row_guard,4,1,16,0,16,1,0.001851851851851852
43,ccra_row_guard,0,1,17,1,17,2,0.003703703703703704
43,ccra_row_guard,1,1,16,0,16,2,0.003703703703703704
43,ccra_row_guard,2,1,16,0,16,2,0.003703703703703704
43,ccra_row_guard,3,1,16,0,16,2,0.003703703703703704
43,ccra_row_guard,4,1,16,0,16,2,0.003703703703703704
44,ccra_row_guard,0,1,17,1,17,3,0.005555555555555556
44,ccra_row_guard,1,1,16,0,16,3,0.005555555555555556
44,ccra_row_guard,2,1,16,0,16,3,0.005555555555555556
44,ccra_row_guard,3,1,16,0,16,3,0.005555555555555556
44,ccra_row_guard,4,1,16,0,16,3,0.005555555555555556
45,ccra_row_guard,0,1,17,1,17,1,0.001851851851851852
45,ccra_row_guard,1,1,16,0,16,1,0.001851851851851852
45,ccra_row_guard,2,1,16,0,16,1,0.001851851851851852
45,ccra_row_guard,3,1,16,0,16,1,0.001851851851851852
45,ccra_row_guard,4,1,16,0,16,1,0.001851851851851852
46,ccra_row_guard,0,1,17,1,17,2,0.003703703703703704
46,ccra_row_guard,1,1,16,0,16,2,0.003703703703703704
46,ccra_row_guard,2,1,16,0,16,2,0.003703703703703704
46,ccra_row_guard,3,1,16,0,16,2,0.003703703703703704
46,ccra_row_guard,4,1,16,0,16,2,0.003703703703703704
47,ccra_row_guard,0,1,17,1,17,3,0.005555555555555556
47,ccra_row_guard,1,1,16,0,16,3,0.005555555555555556
47,ccra_row_guard,2,1,16,0,16,3,0.005555555555555556
47,ccra_row_guard,3,1,16,0,16,3,0.005555555555555556
47,ccra_row_guard,4,1,16,0,16,3,0.005555555555555556
48,ccra_row_guard,0,1,17,1,17,1,0.001851851851851852
48,ccra_row_guard,1,1,16,0,16,1,0.001851851851851852
48,ccra_row_guard,2,1,16,0,16,1,0.001851851851851852
48,ccra_row_guard,3,1,16,0,16,1,0.001851851851851852
48,ccra_row_guard,4,1,16,0,16,1,0.001851851851851852
49,ccra_row_guard,0,1,17,1,17,2,0.003703703703703704
49,ccra_row_guard,1,1,16,0,16,2,0.003703703703703704
49,ccra_row_guard,2,1,16,0,16,2,0.003703703703703704
49,ccra_row_guard,3,1,16,0,16,2,0.003703703703703704
49,ccra_row_guard,4,1,16,0,16,2,0.003703703703703704
50,ccra_row_guard,0,1,17,1,17,3,0.005555555555555556
50,ccra_row_guard,1,1,16,0,16,3,0.005555555555555556
50,ccra_row_guard,2,1,16,0,16,3,0.005555555555555556
50,ccra_row_guard,3,1,16,0,16,3,0.005555555555555556
50,ccra_row_guard,4,1,16,0,16,3,0.005555555555555556
51,ccra_row_guard,0,1,17,1,17,1,0.001851851851851852
51,ccra_row_guard,1,1,16,0,16,1,0.001851851851851852
51,ccra_row_guard,2,1,16,0,16,1,0.001851851851851852
51,ccra_row_guard,3,1,16,0,16,1,0.001851851851851852
51,ccra_row_guard,4,1,16,0,16,1,0.001851851851851852
52,ccra_row_guard,0,1,17,1,17,2,0.003703703703703704
52,ccra_row_guard,1,1,16,0,16,2,0.003703703703703704
52,ccra_row_guard,2,1,16,0,16,2,0.003703703703703704
52,ccra_row_guard,3,1,16,0,16,2,0.003703703703703704
52,ccra_row_guard,4,1,16,0,16,2,0.003703703703703704
53,ccra_row_guard,0,1,17,1,17,3,0.005555555555555556
53,ccra_row_guard,1,1,16,0,16,3,0.005555555555555556
53,ccra_row_guard,2,1,16,0,16,3,0.005555555555555556
53,ccra_row_guard,3,1,16,0,16,3,0.005555555555555556
53,ccra_row_guard,4,1,16,0,16,3,0.005555555555555556
54,ccra_row_guard,0,1,17,1,17,1,0.001851851851851852
54,ccra_row_guard,1,1,16,0,16,1,0.001851851851851852
54,ccra_row_guard,2,1,16,0,16,1,0.001851851851851852
54,ccra_row_guard,3,1,16,0,16,1,0.001851851851851852
54,ccra_row_guard,4,1,16,0,16,1,0.001851851851851852
55,ccra_row_guard,0,1,17,1,17,2,0.003703703703703704
55,ccra_row_guard,1,1,16,0,16,2,0.003703703703703704
55,ccra_row_guard,2,1,16,0,16,2,0.003703703703703704
55,ccra_row_guard,3,1,16,0,16,2,0.003703703703703704
55,ccra_row_guard,4,1,16,0,16,2,0.003703703703703704
56,ccra_row_guard,0,1,17,1,17,3,0.005555555555555556
56,ccra_row_guard,1,1,16,0,16,3,0.005555555555555556
56,ccra_row_guard,2,1,16,0,16,3,0.005555555555555556
56,ccra_row_guard,3,1,16,0,16,3,0.005555555555555556
56,ccra_row_guard,4,1,16,0,16,3,0.005555555555555556
57,ccra_row_guard,0,1,17,1,17,1,0.001851851851851852
57,ccra_row_guard,1,1,16,0,16,1,0.001851851851851852
57,ccra_row_guard,2,1,16,0,16,1,0.001851851851851852
57,ccra_row_guard,3,1,16,0,16,1,0.001851851851851852
57,ccra_row_guard,4,1,16,0,16,1,0.001851851851851852
58,ccra_row_guard,0,1,17,1,17,2,0.003703703703703704
58,ccra_row_guard,1,1,16,0,16,2,0.003703703703703704
58,ccra_row_guard,2,1,16,0,16,2,0.003703703703703704
58,ccra_row_guard,3,1,16,0,16,2,0.003703703703703704
58,ccra_row_guard,4,1,16,0,16,2,0.003703703703703704
59,ccra_row_guard,0,1,17,1,17,3,0.005555555555555556
59,ccra_row_guard,1,1,16,0,16,3,0.005555555555555556
59,ccra_row_guard,2,1,16,0,16,3,0.005555555555555556
59,ccra_row_guard,3,1,16,0,16,3,0.005555555555555556
59,ccra_row_guard,4,1,16,0,16,3,0.005555555555555556
60,ccra_row_guard,0,1,17,1,17,1,0.001851851851851852
60,ccra_row_guard,1,1,16,0,16,1,0.001851851851851852
60,ccra_row_guard,2,1,16,0,16,1,0.001851851851851852
60,ccra_row_guard,3,1,16,0,16,1,0.001851851851851852
60,ccra_row_guard,4,1,16,0,16,1,0.001851851851851852
61,ccra_row_guard,0,1,17,1,17,2,0.003703703703703704
61,ccra_row_guard,1,1,16,0,16,2,0.003703703703703704
61,ccra_row_guard,2,1,16,0,16,2,0.003703703703703704
61,ccra_row_guard,3,1,16,0,16,2,0.003703703703703704
61,ccra_row_guard,4,1,16,0,16,2,0.003703703703703704
62,ccra_row_guard,0,1,17,1,17,3,0.005555555555555556
62,ccra_row_guard,1,1,16,0,16,3,0.005555555555555556
62,ccra_row_guard,2,1,16,0,16,3,0.005555555555555556
62,ccra_row_guard,3,1,16,0,16,3,0.005555555555555556
62,ccra_row_guard,4,1,16,0,16,3,0.005555555555555556
63,ccra_row_guard,0,1,17,1,17,1,0.001851851851851852
63,ccra_row_guard,1,1,16,0,16,1,0.001851851851851852
63,ccra_row_guard,2,1,16,0,16,1,0.001851851851851852
63,ccra_row_guard,3,1,16,0,16,1,0.001851851851851852
63,ccra_row_guard,4,1,16,0,16,1,0.001851851851851852
64,ccra_row_guard,0,1,17,1,17,2,0.003703703703703704
64,ccra_row_guard,1,1,16,0,16,2,0.003703703703703704
64,ccra_row_guard,2,1,16,0,16,2,0.003703703703703704
64,ccra_row_guard,3,1,16,0,16,2,0.003703703703703704
64,ccra_row_guard,4,1,16,0,16,2,0.003703703703703704
65,ccra_row_guard,0,1,17,1,17,3,0.005555555555555556
65,ccra_row_guard,1,1,16,0,16,3,0.005555555555555556
65,ccra_row_guard,2,1,16,0,16,3,0.005555555555555556
65,ccra_row_guard,3,1,16,0,16,3,0.005555555555555556
65,ccra_row_guard,4,1,16,0,16,3,0.005555555555555556
66,ccra_row_guard,0,1,17,1,17,1,0.001851851851851852
66,ccra_row_guard,1,1,16,0,16,1,0.001851851851851852
66,ccra_row_guard,2,1,16,0,16,1,0.001851851851851852
66,ccra_row_guard,3,1,16,0,16,1,0.001851851851851852
66,ccra_row_guard,4,1,16,0,16,1,0.001851851851851852
67,ccra_row_guard,0,1,17,1,17,2,0.003703703703703704
67,ccra_row_guard,1,1,16,0,16,2,0.003703703703703704
67,ccra_row_guard,2,1,16,0,16,2,0.003703703703703704
67,ccra_row_guard,3,1,16,0,16,2,0.003703703703703704
67,ccra_row_guard,4,1,16,0,16,2,0.003703703703703704
68,ccra_row_guard,0,1,17,1,17,3,0.005555555555555556
68,ccra_row_guard,1,1,16,0,16,3,0.005555555555555556
68,ccra_row_guard,2,1,16,0,16,3,0.005555555555555556
68,ccra_row_guard,3,1,16,0,16,3,0.005555555555555556
68,ccra_row_guard,4,1,16,0,16,3,0.005555555555555556
69,ccra_row_guard,0,1,17,1,17,1,0.001851851851851852
69,ccra_row_guard,1,1,16,0,16,1,0.001851851851851852
69,ccra_row_guard,2,1,16,0,16,1,0.001851851851851852
69,ccra_row_guard,3,1,16,0,16,1,0.001851851851851852
69,ccra_row_guard,4,1,16,0,16,1,0.001851851851851852
70,ccra_row_guard,0,1,17,1,17,2,0.003703703703703704
70,ccra_row_guard,1,1,16,0,16,2,0.003703703703703704
70,ccra_row_guard,2,1,16,0,16,2,0.003703703703703704
70,ccra_row_guard,3,1,16,0,16,2,0.003703703703703704
70,ccra_row_guard,4,1,16,0,16,2,0.003703703703703704
71,ccra_row_guard,0,1,17,1,17,3,0.005555555555555556
71,ccra_row_guard,1,1,16,0,16,3,0.005555555555555556
71,ccra_row_guard,2,1,16,0,16,3,0.005555555555555556
71,ccra_row_guard,3,1,16,0,16,3,0.005555555555555556
71,ccra_row_guard,4,1,16,0,16,3,0.005555555555555556
72,ccra_row_guard,0,1,17,1,17,1,0.001851851851851852
72,ccra_row_guard,1,1,16,0,16,1,0.001851851851851852
72,ccra_row_guard,2,1,16,0,16,1,0.001851851851851852
72,ccra_row_guard,3,1,16,0,16,1,0.001851851851851852
72,ccra_row_guard,4,1,16,0,16,1,0.001851851851851852
73,ccra_row_guard,0,1,17,1,17,2,0.003703703703703704
73,ccra_row_guard,1,1,16,0,16,2,0.003703703703703704
73,ccra_row_guard,2,1,16,0,16,2,0.003703703703703704
73,ccra_row_guard,3,1,16,0,16,2,0.003703703703703704
73,ccra_row_guard,4,1,16,0,16,2,0.003703703703703704
74,ccra_row_guard,0,1,17,1,17,3,0.005555555555555556
74,ccra_row_guard,1,1,16,0,16,3,0.005555555555555556
74,ccra_row_guard,2,1,16,0,16,3,0.005555555555555556
74,ccra_row_guard,3,1,16,0,16,3,0.005555555555555556
74,ccra_row_guard,4,1,16,0,16,3,0.005555555555555556
75,ccra_row_guard,0,1,17,1,17,1,0.001851851851851852
75,ccra_row_guard,1,1,16,0,16,1,0.001851851851851852
75,ccra_row_guard,2,1,16,0,16,1,0.001851851851851852
75,ccra_row_guard,3,1,16,0,16,1,0.001851851851851852
75,ccra_row_guard,4,1,16,0,16,1,0.001851851851851852
76,ccra_row_guard,0,1,17,1,17,2,0.003703703703703704
76,ccra_row_guard,1,1,16,0,16,2,0.003703703703703704
76,ccra_row_guard,2,1,16,0,16,2,0.003703703703703704
76,ccra_row_guard,3,1,16,0,16,2,0.003703703703703704
76,ccra_row_guard,4,1,16,0,16,2,0.003703703703703704
77,ccra_row_guard,0,1,17,1,17,3,0.005555555555555556
77,ccra_row_guard,1,1,16,0,16,3,0.005555555555555556
77,ccra_row_guard,2,1,16,0,16,3,0.005555555555555556
77,ccra_row_guard,3,1,16,0,16,3,0.005555555555555556
77,ccra_row_guard,4,1,16,0,16,3,0.005555555555555556
78,ccra_row_guard,0,1,17,1,17,1,0.001851851851851852
78,ccra_row_guard,1,1,16,0,16,1,0.001851851851851852
78,ccra_row_guard,2,1,16,0,16,1,0.001851851851851852
78,ccra_row_guard,3,1,16,0,16,1,0.001851851851851852
78,ccra_row_guard,4,1,16,0,16,1,0.001851851851851852
79,ccra_row_guard,0,1,17,1,17,2,0.003703703703703704
79,ccra_row_guard,1,1,16,0,16,2,0.003703703703703704
79,ccra_row_guard,2,1,16,0,16,2,0.003703703703703704
79,ccra_row_guard,3,1,16,0,16,2,0.003703703703703704
79,ccra_row_guard,4,1,16,0,16,2,0.003703703703703704
0,oracle_fault_model,0,1,16,0,16,1,0.0
0,oracle_fault_model,1,1,16,0,16,1,0.0
0,oracle_fault_model,2,1,16,0,16,1,0.0
0,oracle_fault_model,3,1,16,0,16,1,0.0
0,oracle_fault_model,4,1,16,0,16,1,0.0
1,oracle_fault_model,0,1,16,0,16,2,0.0
1,oracle_fault_model,1,1,16,0,16,2,0.0
1,oracle_fault_model,2,1,16,0,16,2,0.0
1,oracle_fault_model,3,1,16,0,16,2,0.0
1,oracle_fault_model,4,1,16,0,16,2,0.0
2,oracle_fault_model,0,1,16,0,16,3,0.0
2,oracle_fault_model,1,1,16,0,16,3,0.0
2,oracle_fault_model,2,1,16,0,16,3,0.0
2,oracle_fault_model,3,1,16,0,16,3,0.0
2,oracle_fault_model,4,1,16,0,16,3,0.0
3,oracle_fault_model,0,1,16,0,16,1,0.0
3,oracle_fault_model,1,1,16,0,16,1,0.0
3,oracle_fault_model,2,1,16,0,16,1,0.0
3,oracle_fault_model,3,1,16,0,16,1,0.0
3,oracle_fault_model,4,1,16,0,16,1,0.0
4,oracle_fault_model,0,1,16,0,16,2,0.0
4,oracle_fault_model,1,1,16,0,16,2,0.0
4,oracle_fault_model,2,1,16,0,16,2,0.0
4,oracle_fault_model,3,1,16,0,16,2,0.0
4,oracle_fault_model,4,1,16,0,16,2,0.0
5,oracle_fault_model,0,1,16,0,16,3,0.0
5,oracle_fault_model,1,1,16,0,16,3,0.0
5,oracle_fault_model,2,1,16,0,16,3,0.0
5,oracle_fault_model,3,1,16,0,16,3,0.0
5,oracle_fault_model,4,1,16,0,16,3,0.0
6,oracle_fault_model,0,1,16,0,16,1,0.0
6,oracle_fault_model,1,1,16,0,16,1,0.0
6,oracle_fault_model,2,1,16,0,16,1,0.0
6,oracle_fault_model,3,1,16,0,16,1,0.0
6,oracle_fault_model,4,1,16,0,16,1,0.0
7,oracle_fault_model,0,1,16,0,16,2,0.0
7,oracle_fault_model,1,1,16,0,16,2,0.0
7,oracle_fault_model,2,1,16,0,16,2,0.0
7,oracle_fault_model,3,1,16,0,16,2,0.0
7,oracle_fault_model,4,1,16,0,16,2,0.0
8,oracle_fault_model,0,1,16,0,16,3,0.0
8,oracle_fault_model,1,1,16,0,16,3,0.0
8,oracle_fault_model,2,1,16,0,16,3,0.0
8,oracle_fault_model,3,1,16,0,16,3,0.0
8,oracle_fault_model,4,1,16,0,16,3,0.0
9,oracle_fault_model,0,1,16,0,16,1,0.0
9,oracle_fault_model,1,1,16,0,16,1,0.0
9,oracle_fault_model,2,1,16,0,16,1,0.0
9,oracle_fault_model,3,1,16,0,16,1,0.0
9,oracle_fault_model,4,1,16,0,16,1,0.0
10,oracle_fault_model,0,1,16,0,16,2,0.0
10,oracle_fault_model,1,1,16,0,16,2,0.0
10,oracle_fault_model,2,1,16,0,16,2,0.0
10,oracle_fault_model,3,1,16,0,16,2,0.0
10,oracle_fault_model,4,1,16,0,16,2,0.0
11,oracle_fault_model,0,1,16,0,16,3,0.0
11,oracle_fault_model,1,1,16,0,16,3,0.0
11,oracle_fault_model,2,1,16,0,16,3,0.0
11,oracle_fault_model,3,1,16,0,16,3,0.0
11,oracle_fault_model,4,1,16,0,16,3,0.0
12,oracle_fault_model,0,1,16,0,16,1,0.0
12,oracle_fault_model,1,1,16,0,16,1,0.0
12,oracle_fault_model,2,1,16,0,16,1,0.0
12,oracle_fault_model,3,1,16,0,16,1,0.0
12,oracle_fault_model,4,1,16,0,16,1,0.0
13,oracle_fault_model,0,1,16,0,16,2,0.0
13,oracle_fault_model,1,1,16,0,16,2,0.0
13,oracle_fault_model,2,1,16,0,16,2,0.0
13,oracle_fault_model,3,1,16,0,16,2,0.0
13,oracle_fault_model,4,1,16,0,16,2,0.0
14,oracle_fault_model,0,1,16,0,16,3,0.0
14,oracle_fault_model,1,1,16,0,16,3,0.0
14,oracle_fault_model,2,1,16,0,16,3,0.0
14,oracle_fault_model,3,1,16,0,16,3,0.0
14,oracle_fault_model,4,1,16,0,16,3,0.0
15,oracle_fault_model,0,1,16,0,16,1,0.0
15,oracle_fault_model,1,1,16,0,16,1,0.0
15,oracle_fault_model,2,1,16,0,16,1,0.0
15,oracle_fault_model,3,1,16,0,16,1,0.0
15,oracle_fault_model,4,1,16,0,16,1,0.0
16,oracle_fault_model,0,1,16,0,16,2,0.0
16,oracle_fault_model,1,1,16,0,16,2,0.0
16,oracle_fault_model,2,1,16,0,16,2,0.0
16,oracle_fault_model,3,1,16,0,16,2,0.0
16,oracle_fault_model,4,1,16,0,16,2,0.0
17,oracle_fault_model,0,1,16,0,16,3,0.0
17,oracle_fault_model,1,1,16,0,16,3,0.0
17,oracle_fault_model,2,1,16,0,16,3,0.0
17,oracle_fault_model,3,1,16,0,16,3,0.0
17,oracle_fault_model,4,1,16,0,16,3,0.0
18,oracle_fault_model,0,1,16,0,16,1,0.0
18,oracle_fault_model,1,1,16,0,16,1,0.0
18,oracle_fault_model,2,1,16,0,16,1,0.0
18,oracle_fault_model,3,1,16,0,16,1,0.0
18,oracle_fault_model,4,1,16,0,16,1,0.0
19,oracle_fault_model,0,1,16,0,16,2,0.0
19,oracle_fault_model,1,1,16,0,16,2,0.0
19,oracle_fault_model,2,1,16,0,16,2,0.0
19,oracle_fault_model,3,1,16,0,16,2,0.0
19,oracle_fault_model,4,1,16,0,16,2,0.0
20,oracle_fault_model,0,1,16,0,16,3,0.0
20,oracle_fault_model,1,1,16,0,16,3,0.0
20,oracle_fault_model,2,1,16,0,16,3,0.0
20,oracle_fault_model,3,1,16,0,16,3,0.0
20,oracle_fault_model,4,1,16,0,16,3,0.0
21,oracle_fault_model,0,1,16,0,16,1,0.0
21,oracle_fault_model,1,1,16,0,16,1,0.0
21,oracle_fault_model,2,1,16,0,16,1,0.0
21,oracle_fault_model,3,1,16,0,16,1,0.0
21,oracle_fault_model,4,1,16,0,16,1,0.0
22,oracle_fault_model,0,1,16,0,16,2,0.0
22,oracle_fault_model,1,1,16,0,16,2,0.0
22,oracle_fault_model,2,1,16,0,16,2,0.0
22,oracle_fault_model,3,1,16,0,16,2,0.0
22,oracle_fault_model,4,1,16,0,16,2,0.0
23,oracle_fault_model,0,1,16,0,16,3,0.0
23,oracle_fault_model,1,1,16,0,16,3,0.0
23,oracle_fault_model,2,1,16,0,16,3,0.0
23,oracle_fault_model,3,1,16,0,16,3,0.0
23,oracle_fault_model,4,1,16,0,16,3,0.0
24,oracle_fault_model,0,1,16,0,16,1,0.0
24,oracle_fault_model,1,1,16,0,16,1,0.0
24,oracle_fault_model,2,1,16,0,16,1,0.0
24,oracle_fault_model,3,1,16,0,16,1,0.0
24,oracle_fault_model,4,1,16,0,16,1,0.0
25,oracle_fault_model,0,1,16,0,16,2,0.0
25,oracle_fault_model,1,1,16,0,16,2,0.0
25,oracle_fault_model,2,1,16,0,16,2,0.0
25,oracle_fault_model,3,1,16,0,16,2,0.0
25,oracle_fault_model,4,1,16,0,16,2,0.0
26,oracle_fault_model,0,1,16,0,16,3,0.0
26,oracle_fault_model,1,1,16,0,16,3,0.0
26,oracle_fault_model,2,1,16,0,16,3,0.0
26,oracle_fault_model,3,1,16,0,16,3,0.0
26,oracle_fault_model,4,1,16,0,16,3,0.0
27,oracle_fault_model,0,1,16,0,16,1,0.0
27,oracle_fault_model,1,1,16,0,16,1,0.0
27,oracle_fault_model,2,1,16,0,16,1,0.0
27,oracle_fault_model,3,1,16,0,16,1,0.0
27,oracle_fault_model,4,1,16,0,16,1,0.0
28,oracle_fault_model,0,1,16,0,16,2,0.0
28,oracle_fault_model,1,1,16,0,16,2,0.0
28,oracle_fault_model,2,1,16,0,16,2,0.0
28,oracle_fault_model,3,1,16,0,16,2,0.0
28,oracle_fault_model,4,1,16,0,16,2,0.0
29,oracle_fault_model,0,1,16,0,16,3,0.0
29,oracle_fault_model,1,1,16,0,16,3,0.0
29,oracle_fault_model,2,1,16,0,16,3,0.0
29,oracle_fault_model,3,1,16,0,16,3,0.0
29,oracle_fault_model,4,1,16,0,16,3,0.0
30,oracle_fault_model,0,1,16,0,16,1,0.0
30,oracle_fault_model,1,1,16,0,16,1,0.0
30,oracle_fault_model,2,1,16,0,16,1,0.0
30,oracle_fault_model,3,1,16,0,16,1,0.0
30,oracle_fault_model,4,1,16,0,16,1,0.0
31,oracle_fault_model,0,1,16,0,16,2,0.0
31,oracle_fault_model,1,1,16,0,16,2,0.0
31,oracle_fault_model,2,1,16,0,16,2,0.0
31,oracle_fault_model,3,1,16,0,16,2,0.0
31,oracle_fault_model,4,1,16,0,16,2,0.0
32,oracle_fault_model,0,1,16,0,16,3,0.0
32,oracle_fault_model,1,1,16,0,16,3,0.0
32,oracle_fault_model,2,1,16,0,16,3,0.0
32,oracle_fault_model,3,1,16,0,16,3,0.0
32,oracle_fault_model,4,1,16,0,16,3,0.0
33,oracle_fault_model,0,1,16,0,16,1,0.0
33,oracle_fault_model,1,1,16,0,16,1,0.0
33,oracle_fault_model,2,1,16,0,16,1,0.0
33,oracle_fault_model,3,1,16,0,16,1,0.0
33,oracle_fault_model,4,1,16,0,16,1,0.0
34,oracle_fault_model,0,1,16,0,16,2,0.0
34,oracle_fault_model,1,1,16,0,16,2,0.0
34,oracle_fault_model,2,1,16,0,16,2,0.0
34,oracle_fault_model,3,1,16,0,16,2,0.0
34,oracle_fault_model,4,1,16,0,16,2,0.0
35,oracle_fault_model,0,1,16,0,16,3,0.0
35,oracle_fault_model,1,1,16,0,16,3,0.0
35,oracle_fault_model,2,1,16,0,16,3,0.0
35,oracle_fault_model,3,1,16,0,16,3,0.0
35,oracle_fault_model,4,1,16,0,16,3,0.0
36,oracle_fault_model,0,1,16,0,16,1,0.0
36,oracle_fault_model,1,1,16,0,16,1,0.0
36,oracle_fault_model,2,1,16,0,16,1,0.0
36,oracle_fault_model,3,1,16,0,16,1,0.0
36,oracle_fault_model,4,1,16,0,16,1,0.0
37,oracle_fault_model,0,1,16,0,16,2,0.0
37,oracle_fault_model,1,1,16,0,16,2,0.0
37,oracle_fault_model,2,1,16,0,16,2,0.0
37,oracle_fault_model,3,1,16,0,16,2,0.0
37,oracle_fault_model,4,1,16,0,16,2,0.0
38,oracle_fault_model,0,1,16,0,16,3,0.0
38,oracle_fault_model,1,1,16,0,16,3,0.0
38,oracle_fault_model,2,1,16,0,16,3,0.0
38,oracle_fault_model,3,1,16,0,16,3,0.0
38,oracle_fault_model,4,1,16,0,16,3,0.0
39,oracle_fault_model,0,1,16,0,16,1,0.0
39,oracle_fault_model,1,1,16,0,16,1,0.0
39,oracle_fault_model,2,1,16,0,16,1,0.0
39,oracle_fault_model,3,1,16,0,16,1,0.0
39,oracle_fault_model,4,1,16,0,16,1,0.0
40,oracle_fault_model,0,1,16,0,16,2,0.0
40,oracle_fault_model,1,1,16,0,16,2,0.0
40,oracle_fault_model,2,1,16,0,16,2,0.0
40,oracle_fault_model,3,1,16,0,16,2,0.0
40,oracle_fault_model,4,1,16,0,16,2,0.0
41,oracle_fault_model,0,1,16,0,16,3,0.0
41,oracle_fault_model,1,1,16,0,16,3,0.0
41,oracle_fault_model,2,1,16,0,16,3,0.0
41,oracle_fault_model,3,1,16,0,16,3,0.0
41,oracle_fault_model,4,1,16,0,16,3,0.0
42,oracle_fault_model,0,1,16,0,16,1,0.0
42,oracle_fault_model,1,1,16,0,16,1,0.0
42,oracle_fault_model,2,1,16,0,16,1,0.0
42,oracle_fault_model,3,1,16,0,16,1,0.0
42,oracle_fault_model,4,1,16,0,16,1,0.0
43,oracle_fault_model,0,1,16,0,16,2,0.0
43,oracle_fault_model,1,1,16,0,16,2,0.0
43,oracle_fault_model,2,1,16,0,16,2,0.0
43,oracle_fault_model,3,1,16,0,16,2,0.0
43,oracle_fault_model,4,1,16,0,16,2,0.0
44,oracle_fault_model,0,1,16,0,16,3,0.0
44,oracle_fault_model,1,1,16,0,16,3,0.0
44,oracle_fault_model,2,1,16,0,16,3,0.0
44,oracle_fault_model,3,1,16,0,16,3,0.0
44,oracle_fault_model,4,1,16,0,16,3,0.0
45,oracle_fault_model,0,1,16,0,16,1,0.0
45,oracle_fault_model,1,1,16,0,16,1,0.0
45,oracle_fault_model,2,1,16,0,16,1,0.0
45,oracle_fault_model,3,1,16,0,16,1,0.0
45,oracle_fault_model,4,1,16,0,16,1,0.0
46,oracle_fault_model,0,1,16,0,16,2,0.0
46,oracle_fault_model,1,1,16,0,16,2,0.0
46,oracle_fault_model,2,1,16,0,16,2,0.0
46,oracle_fault_model,3,1,16,0,16,2,0.0
46,oracle_fault_model,4,1,16,0,16,2,0.0
47,oracle_fault_model,0,1,16,0,16,3,0.0
47,oracle_fault_model,1,1,16,0,16,3,0.0
47,oracle_fault_model,2,1,16,0,16,3,0.0
47,oracle_fault_model,3,1,16,0,16,3,0.0
47,oracle_fault_model,4,1,16,0,16,3,0.0
48,oracle_fault_model,0,1,16,0,16,1,0.0
48,oracle_fault_model,1,1,16,0,16,1,0.0
48,oracle_fault_model,2,1,16,0,16,1,0.0
48,oracle_fault_model,3,1,16,0,16,1,0.0
48,oracle_fault_model,4,1,16,0,16,1,0.0
49,oracle_fault_model,0,1,16,0,16,2,0.0
49,oracle_fault_model,1,1,16,0,16,2,0.0
49,oracle_fault_model,2,1,16,0,16,2,0.0
49,oracle_fault_model,3,1,16,0,16,2,0.0
49,oracle_fault_model,4,1,16,0,16,2,0.0
50,oracle_fault_model,0,1,16,0,16,3,0.0
50,oracle_fault_model,1,1,16,0,16,3,0.0
50,oracle_fault_model,2,1,16,0,16,3,0.0
50,oracle_fault_model,3,1,16,0,16,3,0.0
50,oracle_fault_model,4,1,16,0,16,3,0.0
51,oracle_fault_model,0,1,16,0,16,1,0.0
51,oracle_fault_model,1,1,16,0,16,1,0.0
51,oracle_fault_model,2,1,16,0,16,1,0.0
51,oracle_fault_model,3,1,16,0,16,1,0.0
51,oracle_fault_model,4,1,16,0,16,1,0.0
52,oracle_fault_model,0,1,16,0,16,2,0.0
52,oracle_fault_model,1,1,16,0,16,2,0.0
52,oracle_fault_model,2,1,16,0,16,2,0.0
52,oracle_fault_model,3,1,16,0,16,2,0.0
52,oracle_fault_model,4,1,16,0,16,2,0.0
53,oracle_fault_model,0,1,16,0,16,3,0.0
53,oracle_fault_model,1,1,16,0,16,3,0.0
53,oracle_fault_model,2,1,16,0,16,3,0.0
53,oracle_fault_model,3,1,16,0,16,3,0.0
53,oracle_fault_model,4,1,16,0,16,3,0.0
54,oracle_fault_model,0,1,16,0,16,1,0.0
54,oracle_fault_model,1,1,16,0,16,1,0.0
54,oracle_fault_model,2,1,16,0,16,1,0.0
54,oracle_fault_model,3,1,16,0,16,1,0.0
54,oracle_fault_model,4,1,16,0,16,1,0.0
55,oracle_fault_model,0,1,16,0,16,2,0.0
55,oracle_fault_model,1,1,16,0,16,2,0.0
55,oracle_fault_model,2,1,16,0,16,2,0.0
55,oracle_fault_model,3,1,16,0,16,2,0.0
55,oracle_fault_model,4,1,16,0,16,2,0.0
56,oracle_fault_model,0,1,16,0,16,3,0.0
56,oracle_fault_model,1,1,16,0,16,3,0.0
56,oracle_fault_model,2,1,16,0,16,3,0.0
56,oracle_fault_model,3,1,16,0,16,3,0.0
56,oracle_fault_model,4,1,16,0,16,3,0.0
57,oracle_fault_model,0,1,16,0,16,1,0.0
57,oracle_fault_model,1,1,16,0,16,1,0.0
57,oracle_fault_model,2,1,16,0,16,1,0.0
57,oracle_fault_model,3,1,16,0,16,1,0.0
57,oracle_fault_model,4,1,16,0,16,1,0.0
58,oracle_fault_model,0,1,16,0,16,2,0.0
58,oracle_fault_model,1,1,16,0,16,2,0.0
58,oracle_fault_model,2,1,16,0,16,2,0.0
58,oracle_fault_model,3,1,16,0,16,2,0.0
58,oracle_fault_model,4,1,16,0,16,2,0.0
59,oracle_fault_model,0,1,16,0,16,3,0.0
59,oracle_fault_model,1,1,16,0,16,3,0.0
59,oracle_fault_model,2,1,16,0,16,3,0.0
59,oracle_fault_model,3,1,16,0,16,3,0.0
59,oracle_fault_model,4,1,16,0,16,3,0.0
60,oracle_fault_model,0,1,16,0,16,1,0.0
60,oracle_fault_model,1,1,16,0,16,1,0.0
60,oracle_fault_model,2,1,16,0,16,1,0.0
60,oracle_fault_model,3,1,16,0,16,1,0.0
60,oracle_fault_model,4,1,16,0,16,1,0.0
61,oracle_fault_model,0,1,16,0,16,2,0.0
61,oracle_fault_model,1,1,16,0,16,2,0.0
61,oracle_fault_model,2,1,16,0,16,2,0.0
61,oracle_fault_model,3,1,16,0,16,2,0.0
61,oracle_fault_model,4,1,16,0,16,2,0.0
62,oracle_fault_model,0,1,16,0,16,3,0.0
62,oracle_fault_model,1,1,16,0,16,3,0.0
62,oracle_fault_model,2,1,16,0,16,3,0.0
62,oracle_fault_model,3,1,16,0,16,3,0.0
62,oracle_fault_model,4,1,16,0,16,3,0.0
63,oracle_fault_model,0,1,16,0,16,1,0.0
63,oracle_fault_model,1,1,16,0,16,1,0.0
63,oracle_fault_model,2,1,16,0,16,1,0.0
63,oracle_fault_model,3,1,16,0,16,1,0.0
63,oracle_fault_model,4,1,16,0,16,1,0.0
64,oracle_fault_model,0,1,16,0,16,2,0.0
64,oracle_fault_model,1,1,16,0,16,2,0.0
64,oracle_fault_model,2,1,16,0,16,2,0.0
64,oracle_fault_model,3,1,16,0,16,2,0.0
64,oracle_fault_model,4,1,16,0,16,2,0.0
65,oracle_fault_model,0,1,16,0,16,3,0.0
65,oracle_fault_model,1,1,16,0,16,3,0.0
65,oracle_fault_model,2,1,16,0,16,3,0.0
65,oracle_fault_model,3,1,16,0,16,3,0.0
65,oracle_fault_model,4,1,16,0,16,3,0.0
66,oracle_fault_model,0,1,16,0,16,1,0.0
66,oracle_fault_model,1,1,16,0,16,1,0.0
66,oracle_fault_model,2,1,16,0,16,1,0.0
66,oracle_fault_model,3,1,16,0,16,1,0.0
66,oracle_fault_model,4,1,16,0,16,1,0.0
67,oracle_fault_model,0,1,16,0,16,2,0.0
67,oracle_fault_model,1,1,16,0,16,2,0.0
67,oracle_fault_model,2,1,16,0,16,2,0.0
67,oracle_fault_model,3,1,16,0,16,2,0.0
67,oracle_fault_model,4,1,16,0,16,2,0.0
68,oracle_fault_model,0,1,16,0,16,3,0.0
68,oracle_fault_model,1,1,16,0,16,3,0.0
68,oracle_fault_model,2,1,16,0,16,3,0.0
68,oracle_fault_model,3,1,16,0,16,3,0.0
68,oracle_fault_model,4,1,16,0,16,3,0.0
69,oracle_fault_model,0,1,16,0,16,1,0.0
69,oracle_fault_model,1,1,16,0,16,1,0.0
69,oracle_fault_model,2,1,16,0,16,1,0.0
69,oracle_fault_model,3,1,16,0,16,1,0.0
69,oracle_fault_model,4,1,16,0,16,1,0.0
70,oracle_fault_model,0,1,16,0,16,2,0.0
70,oracle_fault_model,1,1,16,0,16,2,0.0
70,oracle_fault_model,2,1,16,0,16,2,0.0
70,oracle_fault_model,3,1,16,0,16,2,0.0
70,oracle_fault_model,4,1,16,0,16,2,0.0
71,oracle_fault_model,0,1,16,0,16,3,0.0
71,oracle_fault_model,1,1,16,0,16,3,0.0
71,oracle_fault_model,2,1,16,0,16,3,0.0
71,oracle_fault_model,3,1,16,0,16,3,0.0
71,oracle_fault_model,4,1,16,0,16,3,0.0
72,oracle_fault_model,0,1,16,0,16,1,0.0
72,oracle_fault_model,1,1,16,0,16,1,0.0
72,oracle_fault_model,2,1,16,0,16,1,0.0
72,oracle_fault_model,3,1,16,0,16,1,0.0
72,oracle_fault_model,4,1,16,0,16,1,0.0
73,oracle_fault_model,0,1,16,0,16,2,0.0
73,oracle_fault_model,1,1,16,0,16,2,0.0
73,oracle_fault_model,2,1,16,0,16,2,0.0
73,oracle_fault_model,3,1,16,0,16,2,0.0
73,oracle_fault_model,4,1,16,0,16,2,0.0
74,oracle_fault_model,0,1,16,0,16,3,0.0
74,oracle_fault_model,1,1,16,0,16,3,0.0
74,oracle_fault_model,2,1,16,0,16,3,0.0
74,oracle_fault_model,3,1,16,0,16,3,0.0
74,oracle_fault_model,4,1,16,0,16,3,0.0
75,oracle_fault_model,0,1,16,0,16,1,0.0
75,oracle_fault_model,1,1,16,0,16,1,0.0
75,oracle_fault_model,2,1,16,0,16,1,0.0
75,oracle_fault_model,3,1,16,0,16,1,0.0
75,oracle_fault_model,4,1,16,0,16,1,0.0
76,oracle_fault_model,0,1,16,0,16,2,0.0
76,oracle_fault_model,1,1,16,0,16,2,0.0
76,oracle_fault_model,2,1,16,0,16,2,0.0
76,oracle_fault_model,3,1,16,0,16,2,0.0
76,oracle_fault_model,4,1,16,0,16,2,0.0
77,oracle_fault_model,0,1,16,0,16,3,0.0
77,oracle_fault_model,1,1,16,0,16,3,0.0
77,oracle_fault_model,2,1,16,0,16,3,0.0
77,oracle_fault_model,3,1,16,0,16,3,0.0
77,oracle_fault_model,4,1,16,0,16,3,0.0
78,oracle_fault_model,0,1,16,0,16,1,0.0
78,oracle_fault_model,1,1,16,0,16,1,0.0
78,oracle_fault_model,2,1,16,0,16,1,0.0
78,oracle_fault_model,3,1,16,0,16,1,0.0
78,oracle_fault_model,4,1,16,0,16,1,0.0
79,oracle_fault_model,0,1,16,0,16,2,0.0
79,oracle_fault_model,1,1,16,0,16,2,0.0
79,oracle_fault_model,2,1,16,0,16,2,0.0
79,oracle_fault_model,3,1,16,0,16,2,0.0
79,oracle_fault_model,4,1,16,0,16,2,0.0
